stamp,vx,vy,vz,wx,wy,wz
1789087727.537219,0.0,0.0,0.0,0.0,0.0,0.0
1789087727.5873537,0.0,0.0,0.0,0.0,0.0,0.0
1789087727.6375825,0.0,0.0,0.0,0.0,0.0,0.0
1789087727.687633,0.0,0.0,0.0,0.0,0.0,0.0
1789087727.7374246,0.0,0.0,0.0,0.0,0.0,0.0
1789087727.7876785,0.0,0.0,0.0,0.0,0.0,0.0
1789087727.8375041,0.0,0.0,0.0,0.0,0.0,0.0
1789087727.8875318,0.0,0.0,0.0,0.0,0.0,0.0
1789087727.9375014,0.0,0.0,0.0,0.0,0.0,0.0
1789087727.9876301,0.0,0.0,0.0,0.0,0.0,0.0
1789087728.0373769,0.0,0.0,0.0,0.0,0.0,0.0
1789087728.0873358,0.0,0.0,0.0,0.0,0.0,0.0
1789087728.1375089,0.0,0.0,0.0,0.0,0.0,0.0
1789087728.1876554,0.0,0.0,0.0,0.0,0.0,0.0
1789087728.2373576,0.0,0.0,0.0,0.0,0.0,0.0
1789087728.2878234,0.0,0.0,0.0,0.0,0.0,0.0
1789087728.337578,0.0,0.0,0.0,0.0,0.0,0.0
1789087728.3873703,0.0,0.0,0.0,0.0,0.0,0.0
1789087728.4376223,0.0,0.0,0.0,0.0,0.0,0.0
1789087728.487508,0.0,0.0,0.0,0.0,0.0,0.0
1789087728.537562,0.0,0.0,0.0,0.0,0.0,0.0
1789087728.5874639,0.0,0.0,0.0,0.0,0.0,0.0
1789087728.6373706,0.0,0.0,0.0,0.0,0.0,0.0
1789087728.6875486,0.0,0.0,0.0,0.0,0.0,0.0
1789087728.7374804,0.0,0.0,0.0,0.0,0.0,0.0
1789087728.7873812,0.0,0.0,0.0,0.0,0.0,0.0
1789087728.8377686,0.0,0.0,0.0,0.0,0.0,0.0
1789087728.887576,0.0,0.0,0.0,0.0,0.0,0.0
1789087728.9378042,0.0,0.0,0.0,0.0,0.0,0.0
1789087728.9876645,0.0,0.0,0.0,0.0,0.0,0.0
1789087729.037487,0.0,0.0,0.0,0.0,0.0,0.0
1789087729.0873156,0.0,0.0,0.0,0.0,0.0,0.0
1789087729.1373715,0.0,0.0,0.0,0.0,0.0,0.0
1789087729.1874928,0.0,0.0,0.0,0.0,0.0,0.0
1789087729.2372744,0.0,0.0,0.0,0.0,0.0,0.0
1789087729.2876477,0.0,0.0,0.0,0.0,0.0,0.0
1789087729.3374152,0.0,0.0,0.0,0.0,0.0,0.0
1789087729.387545,0.0,0.0,0.0,0.0,0.0,0.0
1789087729.4377155,0.0,0.0,0.0,0.0,0.0,0.0
1789087729.487391,0.0,0.0,0.0,0.0,0.0,0.0
1789087729.537434,0.0,0.0,0.0,0.0,0.0,0.0
1789087729.5875194,0.0,0.0,0.0,0.0,0.0,0.0
1789087729.6373987,0.0,0.0,0.0,0.0,0.0,0.0
1789087729.6875744,0.0,0.0,0.0,0.0,0.0,0.0
1789087729.7374434,0.0,0.0,0.0,0.0,0.0,0.0
1789087729.787631,0.0,0.0,0.0,0.0,0.0,0.0
1789087729.8375428,0.0,0.0,0.0,0.0,0.0,0.0
1789087729.8876579,0.0,0.0,0.0,0.0,0.0,0.0
1789087729.9375196,0.0,0.0,0.0,0.0,0.0,0.0
1789087729.9873312,0.0,0.0,0.0,0.0,0.0,0.0
1789087730.0374727,0.0,0.0,0.0,0.0,0.0,0.0
1789087730.087294,0.0,0.0,0.0,0.0,0.0,0.0
1789087730.1375275,0.0,0.0,0.0,0.0,0.0,0.0
1789087730.1872337,0.0,0.0,0.0,0.0,0.0,0.0
1789087730.2372725,0.0,0.0,0.0,0.0,0.0,0.0
1789087730.2871437,0.0,0.0,0.0,0.0,0.0,0.0
1789087730.337302,0.0,0.0,0.0,0.0,0.0,0.0
1789087730.3874836,0.0,0.0,0.0,0.0,0.0,0.0
1789087730.4372976,0.0,0.0,0.0,0.0,0.0,0.0
1789087730.4871364,0.0,0.0,0.0,0.0,0.0,0.0
1789087730.5375078,0.0,0.0,0.0,0.0,0.0,0.0
1789087730.5873444,0.0,0.0,0.0,0.0,0.0,0.0
1789087730.6375427,0.0,0.0,0.0,0.0,0.0,0.0
1789087730.687347,0.0,0.0,0.0,0.0,0.0,0.0
1789087730.7375329,0.0,0.0,0.0,0.0,0.0,0.0
1789087730.7874818,0.0,0.0,0.0,0.0,0.0,0.0
1789087730.8375187,0.0,0.0,0.0,0.0,0.0,0.0
1789087730.8874004,0.0,0.0,0.0,0.0,0.0,0.0
1789087730.9374182,0.0,0.0,0.0,0.0,0.0,0.0
1789087730.9873703,0.0,0.0,0.0,0.0,0.0,0.0
1789087731.037447,0.0,0.0,0.0,0.0,0.0,0.0
1789087731.087301,0.0,0.0,0.0,0.0,0.0,0.0
1789087731.137275,0.0,0.0,0.0,0.0,0.0,0.0
1789087731.1877348,0.0,0.0,0.0,0.0,0.0,0.0
1789087731.2372382,0.0,0.0,0.0,0.0,0.0,0.0
1789087731.2875648,0.0,0.0,0.0,0.0,0.0,0.0
1789087731.3373995,0.0,0.0,0.0,0.0,0.0,0.0
1789087731.3872662,0.0,0.0,0.0,0.0,0.0,0.0
1789087731.437219,0.0,0.0,0.0,0.0,0.0,0.0
1789087731.4874537,0.0,0.0,0.0,0.0,0.0,0.0
1789087731.537441,0.0,0.0,0.0,0.0,0.0,0.0
1789087731.5873287,0.0,0.0,0.0,0.0,0.0,0.0
1789087731.637434,0.0,0.0,0.0,0.0,0.0,0.0
1789087731.68738,0.0,0.0,0.0,0.0,0.0,0.0
1789087731.7374754,0.0,0.0,0.0,0.0,0.0,0.0
1789087731.7872627,0.0,0.0,0.0,0.0,0.0,0.0
1789087731.8373542,0.0,0.0,0.0,0.0,0.0,0.0
1789087731.8873825,0.0,0.0,0.0,0.0,0.0,0.0
1789087731.9374087,0.0,0.0,0.0,0.0,0.0,0.0
1789087731.9874253,0.0,0.0,0.0,0.0,0.0,0.0
1789087732.0373816,0.0,0.0,0.0,0.0,0.0,0.0
1789087732.0873892,0.0,0.0,0.0,0.0,0.0,0.0
1789087732.137453,0.0,0.0,0.0,0.0,0.0,0.0
1789087732.187482,0.0,0.0,0.0,0.0,0.0,0.0
1789087732.237521,0.0,0.0,0.0,0.0,0.0,0.0
1789087732.2873516,0.0,0.0,0.0,0.0,0.0,0.0
1789087732.3376231,0.0,0.0,0.0,0.0,0.0,0.0
1789087732.3875654,0.0,0.0,0.0,0.0,0.0,0.0
1789087732.437615,0.0,0.0,0.0,0.0,0.0,0.0
1789087732.48712,0.0,0.0,0.0,0.0,0.0,0.0
1789087732.5375576,0.0,0.0,0.0,0.0,0.0,0.0
1789087732.5874457,0.0,0.0,0.0,0.0,0.0,0.0
1789087732.6375873,0.0,0.0,0.0,0.0,0.0,0.0
1789087732.6875272,0.0,0.0,0.0,0.0,0.0,0.0
1789087732.7374163,0.0,0.0,0.0,0.0,0.0,0.0
1789087732.7873716,0.0,0.0,0.0,0.0,0.0,0.0
1789087732.837507,0.0,0.0,0.0,0.0,0.0,0.0
1789087732.8874104,0.0,0.0,0.0,0.0,0.0,0.0
1789087732.9375129,0.0,0.0,0.0,0.0,0.0,0.0
1789087732.987644,0.0,0.0,0.0,0.0,0.0,0.0
1789087733.0375893,0.0,0.0,0.0,0.0,0.0,0.0
1789087733.0873942,0.0,0.0,0.0,0.0,0.0,0.0
1789087733.1374218,0.0,0.0,0.0,0.0,0.0,0.0
1789087733.1874282,0.0,0.0,0.0,0.0,0.0,0.0
1789087733.2375777,0.0,0.0,0.0,0.0,0.0,0.0
1789087733.2874298,0.0,0.0,0.0,0.0,0.0,0.0
1789087733.337437,0.0,0.0,0.0,0.0,0.0,0.0
1789087733.3873045,0.0,0.0,0.0,0.0,0.0,0.0
1789087733.437398,0.0,0.0,0.0,0.0,0.0,0.0
1789087733.4885147,0.0,0.0,0.0,0.0,0.0,0.0
1789087733.53732,0.0,0.0,0.0,0.0,0.0,0.0
1789087733.5879903,0.0,0.0,0.0,0.0,0.0,0.0
1789087733.6374187,0.0,0.0,0.0,0.0,0.0,0.0
1789087733.6873121,0.0,0.0,0.0,0.0,0.0,0.0
1789087733.7372649,0.0,0.0,0.0,0.0,0.0,0.0
1789087733.7874498,0.0,0.0,0.0,0.0,0.0,0.0
1789087733.8372586,0.0,0.0,0.0,0.0,0.0,0.0
1789087733.887461,0.0,0.0,0.0,0.0,0.0,0.0
1789087733.9372592,0.0,0.0,0.0,0.0,0.0,0.0
1789087733.9871125,0.0,0.0,0.0,0.0,0.0,0.0
1789087734.0375087,0.0,0.0,0.0,0.0,0.0,0.0
1789087734.0872507,0.0,0.0,0.0,0.0,0.0,0.0
1789087734.1373327,0.0,0.0,0.0,0.0,0.0,0.0
1789087734.187317,0.0,0.0,0.0,0.0,0.0,0.0
1789087734.2375402,0.0,0.0,0.0,0.0,0.0,0.0
1789087734.2872715,0.0,0.0,0.0,0.0,0.0,0.0
1789087734.337451,0.0,0.0,0.0,0.0,0.0,0.0
1789087734.387197,0.0,0.0,0.0,0.0,0.0,0.0
1789087734.4374564,0.0,0.0,0.0,0.0,0.0,0.0
1789087734.4875927,0.0,0.0,0.0,0.0,0.0,0.0
1789087734.5376036,0.0,0.0,0.0,0.0,0.0,0.0
1789087734.5872264,0.0,0.0,0.0,0.0,0.0,0.0
1789087734.6373396,0.0,0.0,0.0,0.0,0.0,0.0
1789087734.6874237,0.0,0.0,0.0,0.0,0.0,0.0
1789087734.7374103,0.0,0.0,0.0,0.0,0.0,0.0
1789087734.7873728,0.0,0.0,0.0,0.0,0.0,0.0
1789087734.8373747,0.0,0.0,0.0,0.0,0.0,0.0
1789087734.887238,0.0,0.0,0.0,0.0,0.0,0.0
1789087734.9373417,0.0,0.0,0.0,0.0,0.0,0.0
1789087734.9872618,0.0,0.0,0.0,0.0,0.0,0.0
1789087735.0373898,0.0,0.0,0.0,0.0,0.0,0.0
1789087735.087113,0.0,0.0,0.0,0.0,0.0,0.0
1789087735.1374407,0.0,0.0,0.0,0.0,0.0,0.0
1789087735.1875074,0.0,0.0,0.0,0.0,0.0,0.0
1789087735.2373207,0.0,0.0,0.0,0.0,0.0,0.0
1789087735.2873728,0.0,0.0,0.0,0.0,0.0,0.0
1789087735.337347,0.0,0.0,0.0,0.0,0.0,0.0
1789087735.387347,0.0,0.0,0.0,0.0,0.0,0.0
1789087735.4373543,0.0,0.0,0.0,0.0,0.0,0.0
1789087735.4872847,0.0,0.0,0.0,0.0,0.0,0.0
1789087735.53733,0.0,0.0,0.0,0.0,0.0,0.0
1789087735.587415,0.0,0.0,0.0,0.0,0.0,0.0
1789087735.637402,0.0,0.0,0.0,0.0,0.0,0.0
1789087735.687907,0.0,0.0,0.0,0.0,0.0,0.0
1789087735.7373579,0.0,0.0,0.0,0.0,0.0,0.0
1789087735.787397,0.0,0.0,0.0,0.0,0.0,0.0
1789087735.8374329,0.0,0.0,0.0,0.0,0.0,0.0
1789087735.8873918,0.0,0.0,0.0,0.0,0.0,0.0
1789087735.9373612,0.0,0.0,0.0,0.0,0.0,0.0
1789087735.9876068,0.0,0.0,0.0,0.0,0.0,0.0
1789087736.037343,0.0,0.0,0.0,0.0,0.0,0.0
1789087736.0874484,0.0,0.0,0.0,0.0,0.0,0.0
1789087736.13731,0.0,0.0,0.0,0.0,0.0,0.0
1789087736.1873157,0.0,0.0,0.0,0.0,0.0,0.0
1789087736.237508,0.0,0.0,0.0,0.0,0.0,0.0
1789087736.2874076,0.0,0.0,0.0,0.0,0.0,0.0
1789087736.3373842,0.0,0.0,0.0,0.0,0.0,0.0
1789087736.3874736,0.0,0.0,0.0,0.0,0.0,0.0
1789087736.4373922,0.0,0.0,0.0,0.0,0.0,0.0
1789087736.487308,0.0,0.0,0.0,0.0,0.0,0.0
1789087736.537348,0.0,0.0,0.0,0.0,0.0,0.0
1789087736.5874672,0.0,0.0,0.0,0.0,0.0,0.0
1789087736.6373177,0.0,0.0,0.0,0.0,0.0,0.0
1789087736.6874464,0.0,0.0,0.0,0.0,0.0,0.0
1789087736.7373435,0.0,0.0,0.0,0.0,0.0,0.0
1789087736.7873967,0.0,0.0,0.0,0.0,0.0,0.0
1789087736.8373766,0.0,0.0,0.0,0.0,0.0,0.0
1789087736.8873343,0.0,0.0,0.0,0.0,0.0,0.0
1789087736.9373913,0.0,0.0,0.0,0.0,0.0,0.0
1789087736.987288,0.0,0.0,0.0,0.0,0.0,0.0
1789087737.0373843,0.0,0.0,0.0,0.0,0.0,0.0
1789087737.087239,0.0,0.0,0.0,0.0,0.0,0.0
1789087737.137319,0.0,0.0,0.0,0.0,0.0,0.0
1789087737.1873882,0.0,0.0,0.0,0.0,0.0,0.0
1789087737.2374785,0.0,0.0,0.0,0.0,0.0,0.0
1789087737.2877424,0.0,0.0,0.0,0.0,0.0,0.0
1789087737.3376558,0.0,0.0,0.0,0.0,0.0,0.0
1789087737.3874478,0.0,0.0,0.0,0.0,0.0,0.0
1789087737.4374912,0.0,0.0,0.0,0.0,0.0,0.0
1789087737.4887626,0.0,0.0,0.0,0.0,0.0,0.0
1789087737.5373392,0.0,0.0,0.0,0.0,0.0,0.0
1789087737.5872467,0.0,0.0,0.0,0.0,0.0,0.0
1789087737.6374424,0.0,0.0,0.0,0.0,0.0,0.0
1789087737.687335,0.0,0.0,0.0,0.0,0.0,0.0
1789087737.73743,0.0,0.0,0.0,0.0,0.0,0.0
1789087737.7874,0.0,0.0,0.0,0.0,0.0,0.0
1789087737.8372905,0.0,0.0,0.0,0.0,0.0,0.0
1789087737.8884127,0.0,0.0,0.0,0.0,0.0,0.0
1789087737.9373515,0.0,0.0,0.0,0.0,0.0,0.0
1789087737.988189,0.0,0.0,0.0,0.0,0.0,0.0
1789087738.037591,0.0,0.0,0.0,0.0,0.0,0.0
1789087738.0888302,0.0,0.0,0.0,0.0,0.0,0.0
1789087738.1374753,0.0,0.0,0.0,0.0,0.0,0.0
1789087738.1876063,0.0,0.0,0.0,0.0,0.0,0.0
1789087738.2377388,0.0,0.0,0.0,0.0,0.0,0.0
1789087738.2873282,0.0,0.0,0.0,0.0,0.0,0.0
1789087738.3375447,0.0,0.0,0.0,0.0,0.0,0.0
1789087738.3908188,0.0,0.0,0.0,0.0,0.0,0.0
1789087738.4375687,0.0,0.0,0.0,0.0,0.0,0.0
1789087738.4874012,0.0,0.0,0.0,0.0,0.0,0.0
1789087738.5373774,0.0,0.0,0.0,0.0,0.0,0.0
1789087738.587449,0.0,0.0,0.0,0.0,0.0,0.0
1789087738.6372776,0.0,0.0,0.0,0.0,0.0,0.0
1789087738.6875343,0.0,0.0,0.0,0.0,0.0,0.0
1789087738.737378,0.0,0.0,0.0,0.0,0.0,0.0
1789087738.7873502,0.0,0.0,0.0,0.0,0.0,0.0
1789087738.8375971,0.0,0.0,0.0,0.0,0.0,0.0
1789087738.887364,0.0,0.0,0.0,0.0,0.0,0.0
1789087738.9377227,0.0,0.0,0.0,0.0,0.0,0.0
1789087738.9875424,0.0,0.0,0.0,0.0,0.0,0.0
1789087739.0373335,0.0,0.0,0.0,0.0,0.0,0.0
1789087739.087387,0.0,0.0,0.0,0.0,0.0,0.0
1789087739.1373556,0.0,0.0,0.0,0.0,0.0,0.0
1789087739.18734,0.0,0.0,0.0,0.0,0.0,0.0
1789087739.2373464,0.0,0.0,0.0,0.0,0.0,0.0
1789087739.2873085,0.0,0.0,0.0,0.0,0.0,0.0
1789087739.3373582,0.0,0.0,0.0,0.0,0.0,0.0
1789087739.3874207,0.0,0.0,0.0,0.0,0.0,0.0
1789087739.4373715,0.0,0.0,0.0,0.0,0.0,0.0
1789087739.487236,0.0,0.0,0.0,0.0,0.0,0.0
1789087739.5375285,0.0,0.0,0.0,0.0,0.0,0.0
1789087739.5874002,0.0,0.0,0.0,0.0,0.0,0.0
1789087739.6375742,0.0,0.0,0.0,0.0,0.0,0.0
1789087739.6874797,0.0,0.0,0.0,0.0,0.0,0.0
1789087739.7372727,0.0,0.0,0.0,0.0,0.0,0.0
1789087739.7892084,0.0,0.0,0.0,0.0,0.0,0.0
1789087739.8373973,0.0,0.0,0.0,0.0,0.0,0.0
1789087739.8893542,0.0,0.0,0.0,0.0,0.0,0.0
1789087739.9374206,0.0,0.0,0.0,0.0,0.0,0.0
1789087739.9874427,0.0,0.0,0.0,0.0,0.0,0.0
1789087740.0372171,0.0,0.0,0.0,0.0,0.0,0.0
1789087740.0872788,0.0,0.0,0.0,0.0,0.0,0.0
1789087740.1371722,0.0,0.0,0.0,0.0,0.0,0.0
1789087740.1872804,0.0,0.0,0.0,0.0,0.0,0.0
1789087740.237333,0.0,0.0,0.0,0.0,0.0,0.0
1789087740.2875674,0.0,0.0,0.0,0.0,0.0,0.0
1789087740.3375444,0.0,0.0,0.0,0.0,0.0,0.0
1789087740.3873549,0.0,0.0,0.0,0.0,0.0,0.0
1789087740.437542,0.0,0.0,0.0,0.0,0.0,0.0
1789087740.489783,0.0,0.0,0.0,0.0,0.0,0.0
1789087740.5371444,0.0,0.0,0.0,0.0,0.0,0.0
1789087740.5872495,0.0,0.0,0.0,0.0,0.0,0.0
1789087740.6373353,0.0,0.0,0.0,0.0,0.0,0.0
1789087740.6877284,0.0,0.0,0.0,0.0,0.0,0.0
1789087740.7375493,0.0,0.0,0.0,0.0,0.0,0.0
1789087740.795464,0.0,0.0,0.0,0.0,0.0,0.0
1789087740.8376172,0.0,0.0,0.0,0.0,0.0,0.0
1789087740.8882396,0.0,0.0,0.0,0.0,0.0,0.0
1789087740.9376297,0.0,0.0,0.0,0.0,0.0,0.0
1789087740.987451,0.0,0.0,0.0,0.0,0.0,0.0
1789087741.0374162,0.0,0.0,0.0,0.0,0.0,0.0
1789087741.0882897,0.0,0.0,0.0,0.0,0.0,0.0
1789087741.1375902,0.0,0.0,0.0,0.0,0.0,0.0
1789087741.1898205,0.0,0.0,0.0,0.0,0.0,0.0
1789087741.237552,0.0,0.0,0.0,0.0,0.0,0.0
1789087741.2886467,0.0,0.0,0.0,0.0,0.0,0.0
1789087741.3374283,0.0,0.0,0.0,0.0,0.0,0.0
1789087741.3873653,0.0,0.0,0.0,0.0,0.0,0.0
1789087741.437629,0.0,0.0,0.0,0.0,0.0,0.0
1789087741.4919078,0.0,0.0,0.0,0.0,0.0,0.0
1789087741.5375438,0.0,0.0,0.0,0.0,0.0,0.0
1789087741.5871606,0.0,0.0,0.0,0.0,0.0,0.0
1789087741.6372867,0.0,0.0,0.0,0.0,0.0,0.0
1789087741.6896749,0.0,0.0,0.0,0.0,0.0,0.0
1789087741.7372684,0.0,0.0,0.0,0.0,0.0,0.0
1789087741.787954,0.0,0.0,0.0,0.0,0.0,0.0
1789087741.837456,0.0,0.0,0.0,0.0,0.0,0.0
1789087741.8880503,0.0,0.0,0.0,0.0,0.0,0.0
1789087741.9373407,0.0,0.0,0.0,0.0,0.0,0.0
1789087741.9904323,0.0,0.0,0.0,0.0,0.0,0.0
1789087742.0374053,0.0,0.0,0.0,0.0,0.0,0.0
1789087742.088188,0.0,0.0,0.0,0.0,0.0,0.0
1789087742.137467,0.0,0.0,0.0,0.0,0.0,0.0
1789087742.188636,0.0,0.0,0.0,0.0,0.0,0.0
1789087742.2373438,0.0,0.0,0.0,0.0,0.0,0.0
1789087742.2886453,0.0,0.0,0.0,0.0,0.0,0.0
1789087742.3374043,0.0,0.0,0.0,0.0,0.0,0.0
1789087742.3892145,0.0,0.0,0.0,0.0,0.0,0.0
1789087742.437382,0.0,0.0,0.0,0.0,0.0,0.0
1789087742.4873776,0.0,0.0,0.0,0.0,0.0,0.0
1789087742.5374477,0.0,0.0,0.0,0.0,0.0,0.0
1789087742.5906785,0.0,0.0,0.0,0.0,0.0,0.0
1789087742.6375406,0.0,0.0,0.0,0.0,0.0,0.0
1789087742.687494,0.0,0.0,0.0,0.0,0.0,0.0
1789087742.7379305,0.0,0.0,0.0,0.0,0.0,0.0
1789087742.7874908,0.0,0.0,0.0,0.0,0.0,0.0
1789087742.837419,0.0,0.0,0.0,0.0,0.0,0.0
1789087742.8899512,0.0,0.0,0.0,0.0,0.0,0.0
1789087742.937599,0.0,0.0,0.0,0.0,0.0,0.0
1789087742.9895442,0.0,0.0,0.0,0.0,0.0,0.0
1789087743.0376117,0.0,0.0,0.0,0.0,0.0,0.0
1789087743.0921693,0.0,0.0,0.0,0.0,0.0,0.0
1789087743.1372626,0.0,0.0,0.0,0.0,0.0,0.0
1789087743.1894782,0.0,0.0,0.0,0.0,0.0,0.0
1789087743.2374532,0.0,0.0,0.0,0.0,0.0,0.0
1789087743.288994,0.0,0.0,0.0,0.0,0.0,0.0
1789087743.3373916,0.0,0.0,0.0,0.0,0.0,0.0
1789087743.3882034,0.0,0.0,0.0,0.0,0.0,0.0
1789087743.4374135,0.0,0.0,0.0,0.0,0.0,0.0
1789087743.4915473,0.0,0.0,0.0,0.0,0.0,0.0
1789087743.5372806,0.0,0.0,0.0,0.0,0.0,0.0
1789087743.5889647,0.0,0.0,0.0,0.0,0.0,0.0
1789087743.6372669,0.0,0.0,0.0,0.0,0.0,0.0
1789087743.6887934,0.0,0.0,0.0,0.0,0.0,0.0
1789087743.7372124,0.0,0.0,0.0,0.0,0.0,0.0
1789087743.7915385,0.0,0.0,0.0,0.0,0.0,0.0
1789087743.8373182,0.0,0.0,0.0,0.0,0.0,0.0
1789087743.890546,0.0,0.0,0.0,0.0,0.0,0.0
1789087743.9374444,0.0,0.0,0.0,0.0,0.0,0.0
1789087743.9895432,0.0,0.0,0.0,0.0,0.0,0.0
1789087744.0374107,0.0,0.0,0.0,0.0,0.0,0.0
1789087744.0878716,0.0,0.0,0.0,0.0,0.0,0.0
1789087744.1371992,0.0,0.0,0.0,0.0,0.0,0.0
1789087744.189622,0.0,0.0,0.0,0.0,0.0,0.0
1789087744.2374842,0.0,0.0,0.0,0.0,0.0,0.0
1789087744.2901893,0.0,0.0,0.0,0.0,0.0,0.0
1789087744.3374567,0.0,0.0,0.0,0.0,0.0,0.0
1789087744.3873463,0.0,0.0,0.0,0.0,0.0,0.0
1789087744.4375393,0.0,0.0,0.0,0.0,0.0,0.0
1789087744.4908266,0.0,0.0,0.0,0.0,0.0,0.0
1789087744.5374477,0.0,0.0,0.0,0.0,0.0,0.0
1789087744.5894122,0.0,0.0,0.0,0.0,0.0,0.0
1789087744.6372411,0.0,0.0,0.0,0.0,0.0,0.0
1789087744.688932,0.0,0.0,0.0,0.0,0.0,0.0
1789087744.737411,0.0,0.0,0.0,0.0,0.0,0.0
1789087744.7874331,0.0,0.0,0.0,0.0,0.0,0.0
1789087744.83753,0.0,0.0,0.0,0.0,0.0,0.0
1789087744.88726,0.0,0.0,0.0,0.0,0.0,0.0
1789087744.937289,0.0,0.0,0.0,0.0,0.0,0.0
1789087744.9892442,0.0,0.0,0.0,0.0,0.0,0.0
1789087745.0372174,0.0,0.0,0.0,0.0,0.0,0.0
1789087745.0943532,0.0,0.0,0.0,0.0,0.0,0.0
1789087745.1375582,0.0,0.0,0.0,0.0,0.0,0.0
1789087745.189795,0.0,0.0,0.0,0.0,0.0,0.0
1789087745.2373848,0.0,0.0,0.0,0.0,0.0,0.0
1789087745.2909644,0.0,0.0,0.0,0.0,0.0,0.0
1789087745.3375564,0.0,0.0,0.0,0.0,0.0,0.0
1789087745.3892226,0.0,0.0,0.0,0.0,0.0,0.0
1789087745.437252,0.0,0.0,0.0,0.0,0.0,0.0
1789087745.4876215,0.0,0.0,0.0,0.0,0.0,0.0
1789087745.537332,0.0,0.0,0.0,0.0,0.0,0.0
1789087745.5897791,0.0,0.0,0.0,0.0,0.0,0.0
1789087745.6374657,0.0,0.0,0.0,0.0,0.0,0.0
1789087745.6929088,0.0,0.0,0.0,0.0,0.0,0.0
1789087745.7374616,0.0,0.0,0.0,0.0,0.0,0.0
1789087745.7875102,0.0,0.0,0.0,0.0,0.0,0.0
1789087745.8374057,0.0,0.0,0.0,0.0,0.0,0.0
1789087745.8875446,0.0,0.0,0.0,0.0,0.0,0.0
1789087745.9375784,0.0,0.0,0.0,0.0,0.0,0.0
1789087745.9925194,0.0,0.0,0.0,0.0,0.0,0.0
1789087746.0375137,0.0,0.0,0.0,0.0,0.0,0.0
1789087746.0912626,0.0,0.0,0.0,0.0,0.0,0.0
1789087746.1374536,0.0,0.0,0.0,0.0,0.0,0.0
1789087746.190438,0.0,0.0,0.0,0.0,0.0,0.0
1789087746.2375872,0.0,0.0,0.0,0.0,0.0,0.0
1789087746.2898726,0.0,0.0,0.0,0.0,0.0,0.0
1789087746.3374612,0.0,0.0,0.0,0.0,0.0,0.0
1789087746.3874414,0.0,0.0,0.0,0.0,0.0,0.0
1789087746.437548,0.0,0.0,0.0,0.0,0.0,0.0
1789087746.4874773,0.0,0.0,0.0,0.0,0.0,0.0
1789087746.5375698,0.0,0.0,0.0,0.0,0.0,0.0
1789087746.587616,0.0,0.0,0.0,0.0,0.0,0.0
1789087746.637331,0.0,0.0,0.0,0.0,0.0,0.0
1789087746.6876097,0.0,0.0,0.0,0.0,0.0,0.0
1789087746.7371871,0.0,0.0,0.0,0.0,0.0,0.0
1789087746.7876117,0.0,0.0,0.0,0.0,0.0,0.0
1789087746.83723,0.0,0.0,0.0,0.0,0.0,0.0
1789087746.8876386,0.0,0.0,0.0,0.0,0.0,0.0
1789087746.9375474,0.0,0.0,0.0,0.0,0.0,0.0
1789087746.9876385,0.0,0.0,0.0,0.0,0.0,0.0
1789087747.0373476,0.0,0.0,0.0,0.0,0.0,0.0
1789087747.0873587,0.0,0.0,0.0,0.0,0.0,0.0
1789087747.1371593,0.0,0.0,0.0,0.0,0.0,0.0
1789087747.187601,0.0,0.0,0.0,0.0,0.0,0.0
1789087747.2372162,0.0,0.0,0.0,0.0,0.0,0.0
1789087747.2874138,0.0,0.0,0.0,0.0,0.0,0.0
1789087747.3372433,0.0,0.0,0.0,0.0,0.0,0.0
1789087747.3873703,0.0,0.0,0.0,0.0,0.0,0.0
1789087747.4372609,0.0,0.0,0.0,0.0,0.0,0.0
1789087747.4873412,0.0,0.0,0.0,0.0,0.0,0.0
1789087747.5374005,0.0,0.0,0.0,0.0,0.0,0.0
1789087747.5875614,0.0,0.0,0.0,0.0,0.0,0.0
1789087747.6374474,0.0,0.0,0.0,0.0,0.0,0.0
1789087747.6876464,0.0,0.0,0.0,0.0,0.0,0.0
1789087747.7374856,0.0,0.0,0.0,0.0,0.0,0.0
1789087747.7876766,0.0,0.0,0.0,0.0,0.0,0.0
1789087747.8374126,0.0,0.0,0.0,0.0,0.0,0.0
1789087747.8876238,0.0,0.0,0.0,0.0,0.0,0.0
1789087747.9373803,0.0,0.0,0.0,0.0,0.0,0.0
1789087747.9875667,0.0,0.0,0.0,0.0,0.0,0.0
1789087748.0374925,0.0,0.0,0.0,0.0,0.0,0.0
1789087748.087479,0.0,0.0,0.0,0.0,0.0,0.0
1789087748.1373932,0.0,0.0,0.0,0.0,0.0,0.0
1789087748.1873648,0.0,0.0,0.0,0.0,0.0,0.0
1789087748.2374268,0.0,0.0,0.0,0.0,0.0,0.0
1789087748.2873473,0.0,0.0,0.0,0.0,0.0,0.0
1789087748.3373327,0.0,0.0,0.0,0.0,0.0,0.0
1789087748.3872683,0.0,0.0,0.0,0.0,0.0,0.0
1789087748.4373474,0.0,0.0,0.0,0.0,0.0,0.0
1789087748.487711,0.0,0.0,0.0,0.0,0.0,0.0
1789087748.5375974,0.0,0.0,0.0,0.0,0.0,0.0
1789087748.587824,0.0,0.0,0.0,0.0,0.0,0.0
1789087748.6376445,0.0,0.0,0.0,0.0,0.0,0.0
1789087748.6875532,0.0,0.0,0.0,0.0,0.0,0.0
1789087748.737184,0.0,0.0,0.0,0.0,0.0,0.0
1789087748.78746,0.0,0.0,0.0,0.0,0.0,0.0
1789087748.8376071,0.0,0.0,0.0,0.0,0.0,0.0
1789087748.8872561,0.0,0.0,0.0,0.0,0.0,0.0
1789087748.9373307,0.0,0.0,0.0,0.0,0.0,0.0
1789087748.987509,0.0,0.0,0.0,0.0,0.0,0.0
1789087749.0371947,0.0,0.0,0.0,0.0,0.0,0.0
1789087749.0872226,0.0,0.0,0.0,0.0,0.0,0.0
1789087749.137526,0.0,0.0,0.0,0.0,0.0,0.0
1789087749.1876895,0.0,0.0,0.0,0.0,0.0,0.0
1789087749.2372656,0.0,0.0,0.0,0.0,0.0,0.0
1789087749.287469,0.0,0.0,0.0,0.0,0.0,0.0
1789087749.3372471,0.0,0.0,0.0,0.0,0.0,0.0
1789087749.3875742,0.0,0.0,0.0,0.0,0.0,0.0
1789087749.4373708,0.0,0.0,0.0,0.0,0.0,0.0
1789087749.4873762,0.0,0.0,0.0,0.0,0.0,0.0
1789087749.5376225,0.0,0.0,0.0,0.0,0.0,0.0
1789087749.5875032,0.0,0.0,0.0,0.0,0.0,0.0
1789087749.6375215,0.0,0.0,0.0,0.0,0.0,0.0
1789087749.6873622,0.0,0.0,0.0,0.0,0.0,0.0
1789087749.7372375,0.0,0.0,0.0,0.0,0.0,0.0
1789087749.7874517,0.0,0.0,0.0,0.0,0.0,0.0
1789087749.8373919,0.0,0.0,0.0,0.0,0.0,0.0
1789087749.8875525,0.0,0.0,0.0,0.0,0.0,0.0
1789087749.937372,0.0,0.0,0.0,0.0,0.0,0.0
1789087749.9874866,0.0,0.0,0.0,0.0,0.0,0.0
1789087750.0376174,0.0,0.0,0.0,0.0,0.0,0.0
1789087750.0874312,0.0,0.0,0.0,0.0,0.0,0.0
1789087750.1374595,0.0,0.0,0.0,0.0,0.0,0.0
1789087750.1875732,0.0,0.0,0.0,0.0,0.0,0.0
1789087750.2372916,0.0,0.0,0.0,0.0,0.0,0.0
1789087750.2876544,0.0,0.0,0.0,0.0,0.0,0.0
1789087750.3374481,0.0,0.0,0.0,0.0,0.0,0.0
1789087750.3874104,0.0,0.0,0.0,0.0,0.0,0.0
1789087750.4375222,0.0,0.0,0.0,0.0,0.0,0.0
1789087750.4873736,0.0,0.0,0.0,0.0,0.0,0.0
1789087750.5371864,0.0,0.0,0.0,0.0,0.0,0.0
1789087750.587446,0.0,0.0,0.0,0.0,0.0,0.0
1789087750.637149,0.0,0.0,0.0,0.0,0.0,0.0
1789087750.687361,0.0,0.0,0.0,0.0,0.0,0.0
1789087750.7372613,0.0,0.0,0.0,0.0,0.0,0.0
1789087750.7872853,0.0,0.0,0.0,0.0,0.0,0.0
1789087750.8374462,0.0,0.0,0.0,0.0,0.0,0.0
1789087750.8872461,0.0,0.0,0.0,0.0,0.0,0.0
1789087750.937381,0.0,0.0,0.0,0.0,0.0,0.0
1789087750.9876037,0.0,0.0,0.0,0.0,0.0,0.0
1789087751.0376005,0.0,0.0,0.0,0.0,0.0,0.0
1789087751.087505,0.0,0.0,0.0,0.0,0.0,0.0
1789087751.1375184,0.0,0.0,0.0,0.0,0.0,0.0
1789087751.1875687,0.0,0.0,0.0,0.0,0.0,0.0
1789087751.2374594,0.0,0.0,0.0,0.0,0.0,0.0
1789087751.2875185,0.0,0.0,0.0,0.0,0.0,0.0
1789087751.3374972,0.0,0.0,0.0,0.0,0.0,0.0
1789087751.3874092,0.0,0.0,0.0,0.0,0.0,0.0
1789087751.4375532,0.0,0.0,0.0,0.0,0.0,0.0
1789087751.487489,0.0,0.0,0.0,0.0,0.0,0.0
1789087751.5374293,0.0,0.0,0.0,0.0,0.0,0.0
1789087751.587465,0.0,0.0,0.0,0.0,0.0,0.0
1789087751.6375985,0.0,0.0,0.0,0.0,0.0,0.0
1789087751.6875677,0.0,0.0,0.0,0.0,0.0,0.0
1789087751.7376394,0.0,0.0,0.0,0.0,0.0,0.0
1789087751.787546,0.0,0.0,0.0,0.0,0.0,0.0
1789087751.8372808,0.0,0.0,0.0,0.0,0.0,0.0
1789087751.8875563,0.0,0.0,0.0,0.0,0.0,0.0
1789087751.937508,0.0,0.0,0.0,0.0,0.0,0.0
1789087751.987807,0.0,0.0,0.0,0.0,0.0,0.0
1789087752.0375981,0.0,0.0,0.0,0.0,0.0,0.0
1789087752.087656,0.0,0.0,0.0,0.0,0.0,0.0
1789087752.1375866,0.0,0.0,0.0,0.0,0.0,0.0
1789087752.1873975,0.0,0.0,0.0,0.0,0.0,0.0
1789087752.2372243,0.0,0.0,0.0,0.0,0.0,0.0
1789087752.2875595,0.0,0.0,0.0,0.0,0.0,0.0
1789087752.337246,0.0,0.0,0.0,0.0,0.0,0.0
1789087752.3875642,0.0,0.0,0.0,0.0,0.0,0.0
1789087752.4370515,0.0,0.0,0.0,0.0,0.0,0.0
1789087752.487618,0.0,0.0,0.0,0.0,0.0,0.0
1789087752.5372562,0.0,0.0,0.0,0.0,0.0,0.0
1789087752.5876465,0.0,0.0,0.0,0.0,0.0,0.0
1789087752.6373389,0.0,0.0,0.0,0.0,0.0,0.0
1789087752.687533,0.0,0.0,0.0,0.0,0.0,0.0
1789087752.7373972,0.0,0.0,0.0,0.0,0.0,0.0
1789087752.7876134,0.0,0.0,0.0,0.0,0.0,0.0
1789087752.8373332,0.0,0.0,0.0,0.0,0.0,0.0
1789087752.887552,0.0,0.0,0.0,0.0,0.0,0.0
1789087752.9371357,0.0,0.0,0.0,0.0,0.0,0.0
1789087752.9873774,0.0,0.0,0.0,0.0,0.0,0.0
1789087753.0376012,0.0,0.0,0.0,0.0,0.0,0.0
1789087753.0874283,0.0,0.0,0.0,0.0,0.0,0.0
1789087753.1372938,0.0,0.0,0.0,0.0,0.0,0.0
1789087753.1872988,0.0,0.0,0.0,0.0,0.0,0.0
1789087753.237304,0.0,0.0,0.0,0.0,0.0,0.0
1789087753.2873485,0.0,0.0,0.0,0.0,0.0,0.0
1789087753.3373153,0.0,0.0,0.0,0.0,0.0,0.0
1789087753.3874695,0.0,0.0,0.0,0.0,0.0,0.0
1789087753.4374795,0.0,0.0,0.0,0.0,0.0,0.0
1789087753.4875777,0.0,0.0,0.0,0.0,0.0,0.0
1789087753.5374815,0.0,0.0,0.0,0.0,0.0,0.0
1789087753.5875223,0.0,0.0,0.0,0.0,0.0,0.0
1789087753.6374595,0.0,0.0,0.0,0.0,0.0,0.0
1789087753.6873214,0.0,0.0,0.0,0.0,0.0,0.0
1789087753.7374947,0.0,0.0,0.0,0.0,0.0,0.0
1789087753.7875314,0.0,0.0,0.0,0.0,0.0,0.0
1789087753.8374248,0.0,0.0,0.0,0.0,0.0,0.0
1789087753.887455,0.0,0.0,0.0,0.0,0.0,0.0
1789087753.937404,0.0,0.0,0.0,0.0,0.0,0.0
1789087753.9873824,0.0,0.0,0.0,0.0,0.0,0.0
1789087754.0373445,0.0,0.0,0.0,0.0,0.0,0.0
1789087754.0871584,0.0,0.0,0.0,0.0,0.0,0.0
1789087754.1371896,0.0,0.0,0.0,0.0,0.0,0.0
1789087754.1873395,0.0,0.0,0.0,0.0,0.0,0.0
1789087754.2374117,0.0,0.0,0.0,0.0,0.0,0.0
1789087754.2874053,0.0,0.0,0.0,0.0,0.0,0.0
1789087754.337477,0.0,0.0,0.0,0.0,0.0,0.0
1789087754.3874912,0.0,0.0,0.0,0.0,0.0,0.0
1789087754.4375248,0.0,0.0,0.0,0.0,0.0,0.0
1789087754.4874969,0.0,0.0,0.0,0.0,0.0,0.0
1789087754.5374198,0.0,0.0,0.0,0.0,0.0,0.0
1789087754.5876145,0.0,0.0,0.0,0.0,0.0,0.0
1789087754.6373181,0.0,0.0,0.0,0.0,0.0,0.0
1789087754.687406,0.0,0.0,0.0,0.0,0.0,0.0
1789087754.7373283,0.0,0.0,0.0,0.0,0.0,0.0
1789087754.7874053,0.0,0.0,0.0,0.0,0.0,0.0
1789087754.8374271,0.0,0.0,0.0,0.0,0.0,0.0
1789087754.8873837,0.0,0.0,0.0,0.0,0.0,0.0
1789087754.9374113,0.0,0.0,0.0,0.0,0.0,0.0
1789087754.9873724,0.0,0.0,0.0,0.0,0.0,0.0
1789087755.0373633,0.0,0.0,0.0,0.0,0.0,0.0
1789087755.087149,0.0,0.0,0.0,0.0,0.0,0.0
1789087755.1375,0.0,0.0,0.0,0.0,0.0,0.0
1789087755.187306,0.0,0.0,0.0,0.0,0.0,0.0
1789087755.2375576,0.0,0.0,0.0,0.0,0.0,0.0
1789087755.2873485,0.0,0.0,0.0,0.0,0.0,0.0
1789087755.337398,0.0,0.0,0.0,0.0,0.0,0.0
1789087755.3875108,0.0,0.0,0.0,0.0,0.0,0.0
1789087755.4374619,0.0,0.0,0.0,0.0,0.0,0.0
1789087755.487534,0.0,0.0,0.0,0.0,0.0,0.0
1789087755.5370402,0.0,0.0,0.0,0.0,0.0,0.0
1789087755.5874195,0.0,0.0,0.0,0.0,0.0,0.0
1789087755.6373487,0.0,0.0,0.0,0.0,0.0,0.0
1789087755.6874852,0.0,0.0,0.0,0.0,0.0,0.0
1789087755.7373667,0.0,0.0,0.0,0.0,0.0,0.0
1789087755.7874606,0.0,0.0,0.0,0.0,0.0,0.0
1789087755.837355,0.0,0.0,0.0,0.0,0.0,0.0
1789087755.8874295,0.0,0.0,0.0,0.0,0.0,0.0
1789087755.937446,0.0,0.0,0.0,0.0,0.0,0.0
1789087755.987372,0.0,0.0,0.0,0.0,0.0,0.0
1789087756.0373976,0.0,0.0,0.0,0.0,0.0,0.0
1789087756.0873265,0.0,0.0,0.0,0.0,0.0,0.0
1789087756.137267,0.0,0.0,0.0,0.0,0.0,0.0
1789087756.1873443,0.0,0.0,0.0,0.0,0.0,0.0
1789087756.237354,0.0,0.0,0.0,0.0,0.0,0.0
1789087756.2873867,0.0,0.0,0.0,0.0,0.0,0.0
1789087756.3371701,0.0,0.0,0.0,0.0,0.0,0.0
1789087756.387379,0.0,0.0,0.0,0.0,0.0,0.0
1789087756.4373786,0.0,0.0,0.0,0.0,0.0,0.0
1789087756.4873922,0.0,0.0,0.0,0.0,0.0,0.0
1789087756.5372775,0.0,0.0,0.0,0.0,0.0,0.0
1789087756.587393,0.0,0.0,0.0,0.0,0.0,0.0
1789087756.6372013,0.0,0.0,0.0,0.0,0.0,0.0
1789087756.6873317,0.0,0.0,0.0,0.0,0.0,0.0
1789087756.7371233,0.0,0.0,0.0,0.0,0.0,0.0
1789087756.7872865,0.0,0.0,0.0,0.0,0.0,0.0
1789087756.8372405,0.0,0.0,0.0,0.0,0.0,0.0
1789087756.8874342,0.0,0.0,0.0,0.0,0.0,0.0
1789087756.937066,0.0,0.0,0.0,0.0,0.0,0.0
1789087756.987345,0.0,0.0,0.0,0.0,0.0,0.0
1789087757.0372806,0.0,0.0,0.0,0.0,0.0,0.0
1789087757.087495,0.0,0.0,0.0,0.0,0.0,0.0
1789087757.1373737,0.0,0.0,0.0,0.0,0.0,0.0
1789087757.187377,0.0,0.0,0.0,0.0,0.0,0.0
1789087757.237263,0.0,0.0,0.0,0.0,0.0,0.0
1789087757.2874908,0.0,0.0,0.0,0.0,0.0,0.0
1789087757.3373642,0.0,0.0,0.0,0.0,0.0,0.0
1789087757.3873737,0.0,0.0,0.0,0.0,0.0,0.0
1789087757.4374537,0.0,0.0,0.0,0.0,0.0,0.0
1789087757.4872549,0.0,0.0,0.0,0.0,0.0,0.0
1789087757.5374272,0.0,0.0,0.0,0.0,0.0,0.0
1789087757.5875423,0.0,0.0,0.0,0.0,0.0,0.0
1789087757.6373951,0.0,0.0,0.0,0.0,0.0,0.0
1789087757.6873922,0.0,0.0,0.0,0.0,0.0,0.0
1789087757.7373617,0.0,0.0,0.0,0.0,0.0,0.0
1789087757.7874446,0.0,0.0,0.0,0.0,0.0,0.0
1789087757.8374243,0.0,0.0,0.0,0.0,0.0,0.0
1789087757.887221,0.0,0.0,0.0,0.0,0.0,0.0
1789087757.9373467,0.0,0.0,0.0,0.0,0.0,0.0
1789087757.9872353,0.0,0.0,0.0,0.0,0.0,0.0
1789087758.0372753,0.0,0.0,0.0,0.0,0.0,0.0
1789087758.0872524,0.0,0.0,0.0,0.0,0.0,0.0
1789087758.1373553,0.0,0.0,0.0,0.0,0.0,0.0
1789087758.1872685,0.0,0.0,0.0,0.0,0.0,0.0
1789087758.2372706,0.0,0.0,0.0,0.0,0.0,0.0
1789087758.2873743,0.0,0.0,0.0,0.0,0.0,0.0
1789087758.3374403,0.0,0.0,0.0,0.0,0.0,0.0
1789087758.3874397,0.0,0.0,0.0,0.0,0.0,0.0
1789087758.4373083,0.0,0.0,0.0,0.0,0.0,0.0
1789087758.4874294,0.0,0.0,0.0,0.0,0.0,0.0
1789087758.5373683,0.0,0.0,0.0,0.0,0.0,0.0
1789087758.5875375,0.0,0.0,0.0,0.0,0.0,0.0
1789087758.6372747,0.0,0.0,0.0,0.0,0.0,0.0
1789087758.6873338,0.0,0.0,0.0,0.0,0.0,0.0
1789087758.7374854,0.0,0.0,0.0,0.0,0.0,0.0
1789087758.7875965,0.0,0.0,0.0,0.0,0.0,0.0
1789087758.837444,0.0,0.0,0.0,0.0,0.0,0.0
1789087758.8872225,0.0,0.0,0.0,0.0,0.0,0.0
1789087758.937265,0.0,0.0,0.0,0.0,0.0,0.0
1789087758.9872978,0.0,0.0,0.0,0.0,0.0,0.0
1789087759.0373588,0.0,0.0,0.0,0.0,0.0,0.0
1789087759.0875711,0.0,0.0,0.0,0.0,0.0,0.0
1789087759.137315,0.0,0.0,0.0,0.0,0.0,0.0
1789087759.1873758,0.0,0.0,0.0,0.0,0.0,0.0
1789087759.2374337,0.0,0.0,0.0,0.0,0.0,0.0
1789087759.2873318,0.0,0.0,0.0,0.0,0.0,0.0
1789087759.3371446,0.0,0.0,0.0,0.0,0.0,0.0
1789087759.3872998,0.0,0.0,0.0,0.0,0.0,0.0
1789087759.4370573,0.0,0.0,0.0,0.0,0.0,0.0
1789087759.4872613,0.0,0.0,0.0,0.0,0.0,0.0
1789087759.537204,0.0,0.0,0.0,0.0,0.0,0.0
1789087759.587503,0.0,0.0,0.0,0.0,0.0,0.0
1789087759.6382487,0.0,0.0,0.0,0.0,0.0,0.0
1789087759.6872406,0.0,0.0,0.0,0.0,0.0,0.0
1789087759.7375627,0.0,0.0,0.0,0.0,0.0,0.0
1789087759.7876134,0.0,0.0,0.0,0.0,0.0,0.0
1789087759.837982,0.0,0.0,0.0,0.0,0.0,0.0
1789087759.8875468,0.0,0.0,0.0,0.0,0.0,0.0
1789087759.937825,0.0,0.0,0.0,0.0,0.0,0.0
1789087759.987627,0.0,0.0,0.0,0.0,0.0,0.0
1789087760.0373576,0.0,0.0,0.0,0.0,0.0,0.0
1789087760.0872436,0.0,0.0,0.0,0.0,0.0,0.0
1789087760.1410203,0.0,0.0,0.0,0.0,0.0,0.0
1789087760.1876085,0.0,0.0,0.0,0.0,0.0,0.0
1789087760.2372332,0.0,0.0,0.0,0.0,0.0,0.0
1789087760.2875552,0.0,0.0,0.0,0.0,0.0,0.0
1789087760.3374674,0.0,0.0,0.0,0.0,0.0,0.0
1789087760.3876626,0.0,0.0,0.0,0.0,0.0,0.0
1789087760.4385397,0.0,0.0,0.0,0.0,0.0,0.0
1789087760.4875963,0.0,0.0,0.0,0.0,0.0,0.0
1789087760.53716,0.0,0.0,0.0,0.0,0.0,0.0
1789087760.5875607,0.0,0.0,0.0,0.0,0.0,0.0
1789087760.6374547,0.0,0.0,0.0,0.0,0.0,0.0
1789087760.6876516,0.0,0.0,0.0,0.0,0.0,0.0
1789087760.7372613,0.0,0.0,0.0,0.0,0.0,0.0
1789087760.7873414,0.0,0.0,0.0,0.0,0.0,0.0
1789087760.8374925,0.0,0.0,0.0,0.0,0.0,0.0
1789087760.8871405,0.0,0.0,0.0,0.0,0.0,0.0
1789087760.9390194,0.0,0.0,0.0,0.0,0.0,0.0
1789087760.987598,0.0,0.0,0.0,0.0,0.0,0.0
1789087761.0376563,0.0,0.0,0.0,0.0,0.0,0.0
1789087761.087396,0.0,0.0,0.0,0.0,0.0,0.0
1789087761.1388192,0.0,0.0,0.0,0.0,0.0,0.0
1789087761.187277,0.0,0.0,0.0,0.0,0.0,0.0
1789087761.2394094,0.0,0.0,0.0,0.0,0.0,0.0
1789087761.2874951,0.0,0.0,0.0,0.0,0.0,0.0
1789087761.3372672,0.0,0.0,0.0,0.0,0.0,0.0
1789087761.3875268,0.0,0.0,0.0,0.0,0.0,0.0
1789087761.4382057,0.0,0.0,0.0,0.0,0.0,0.0
1789087761.4874809,0.0,0.0,0.0,0.0,0.0,0.0
1789087761.5373595,0.0,0.0,0.0,0.0,0.0,0.0
1789087761.587601,0.0,0.0,0.0,0.0,0.0,0.0
1789087761.6401358,0.0,0.0,0.0,0.0,0.0,0.0
1789087761.6874132,0.0,0.0,0.0,0.0,0.0,0.0
1789087761.7372952,0.0,0.0,0.0,0.0,0.0,0.0
1789087761.7875443,0.0,0.0,0.0,0.0,0.0,0.0
1789087761.8379889,0.0,0.0,0.0,0.0,0.0,0.0
1789087761.8874643,0.0,0.0,0.0,0.0,0.0,0.0
1789087761.9381516,0.0,0.0,0.0,0.0,0.0,0.0
1789087761.9876635,0.0,0.0,0.0,0.0,0.0,0.0
1789087762.037718,0.0,0.0,0.0,0.0,0.0,0.0
1789087762.0874305,0.0,0.0,0.0,0.0,0.0,0.0
1789087762.1387763,0.0,0.0,0.0,0.0,0.0,0.0
1789087762.1873393,0.0,0.0,0.0,0.0,0.0,0.0
1789087762.2402918,0.0,0.0,0.0,0.0,0.0,0.0
1789087762.2874632,0.0,0.0,0.0,0.0,0.0,0.0
1789087762.3397255,0.0,0.0,0.0,0.0,0.0,0.0
1789087762.3872578,0.0,0.0,0.0,0.0,0.0,0.0
1789087762.437752,0.0,0.0,0.0,0.0,0.0,0.0
1789087762.4872015,0.0,0.0,0.0,0.0,0.0,0.0
1789087762.5378108,0.0,0.0,0.0,0.0,0.0,0.0
1789087762.5873415,0.0,0.0,0.0,0.0,0.0,0.0
1789087762.6374857,0.0,0.0,0.0,0.0,0.0,0.0
1789087762.6878293,0.0,0.0,0.0,0.0,0.0,0.0
1789087762.7421093,0.0,0.0,0.0,0.0,0.0,0.0
1789087762.787367,0.0,0.0,0.0,0.0,0.0,0.0
1789087762.842411,0.0,0.0,0.0,0.0,0.0,0.0
1789087762.887338,0.0,0.0,0.0,0.0,0.0,0.0
1789087762.9373415,0.0,0.0,0.0,0.0,0.0,0.0
1789087762.987403,0.0,0.0,0.0,0.0,0.0,0.0
1789087763.039023,0.0,0.0,0.0,0.0,0.0,0.0
1789087763.087377,0.0,0.0,0.0,0.0,0.0,0.0
1789087763.1377604,0.0,0.0,0.0,0.0,0.0,0.0
1789087763.1876702,0.0,0.0,0.0,0.0,0.0,0.0
1789087763.2389288,0.0,0.0,0.0,0.0,0.0,0.0
1789087763.2873192,0.0,0.0,0.0,0.0,0.0,0.0
1789087763.3383904,0.0,0.0,0.0,0.0,0.0,0.0
1789087763.3872592,0.0,0.0,0.0,0.0,0.0,0.0
1789087763.4373653,0.0,0.0,0.0,0.0,0.0,0.0
1789087763.487355,0.0,0.0,0.0,0.0,0.0,0.0
1789087763.538094,0.0,0.0,0.0,0.0,0.0,0.0
1789087763.5876524,0.0,0.0,0.0,0.0,0.0,0.0
1789087763.6383595,0.0,0.0,0.0,0.0,0.0,0.0
1789087763.6874201,0.0,0.0,0.0,0.0,0.0,0.0
1789087763.7404296,0.0,0.0,0.0,0.0,0.0,0.0
1789087763.787548,0.0,0.0,0.0,0.0,0.0,0.0
1789087763.837057,0.0,0.0,0.0,0.0,0.0,0.0
1789087763.8873923,0.0,0.0,0.0,0.0,0.0,0.0
1789087763.9422462,0.0,0.0,0.0,0.0,0.0,0.0
1789087763.9876297,0.0,0.0,0.0,0.0,0.0,0.0
1789087764.038721,0.0,0.0,0.0,0.0,0.0,0.0
1789087764.0873773,0.0,0.0,0.0,0.0,0.0,0.0
1789087764.1380413,0.0,0.0,0.0,0.0,0.0,0.0
1789087764.1874046,0.0,0.0,0.0,0.0,0.0,0.0
1789087764.2407267,0.0,0.0,0.0,0.0,0.0,0.0
1789087764.2873068,0.0,0.0,0.0,0.0,0.0,0.0
1789087764.3425715,0.0,0.0,0.0,0.0,0.0,0.0
1789087764.3875844,0.0,0.0,0.0,0.0,0.0,0.0
1789087764.4394267,0.0,0.0,0.0,0.0,0.0,0.0
1789087764.487362,0.0,0.0,0.0,0.0,0.0,0.0
1789087764.5396807,0.0,0.0,0.0,0.0,0.0,0.0
1789087764.58758,0.0,0.0,0.0,0.0,0.0,0.0
1789087764.639801,0.0,0.0,0.0,0.0,0.0,0.0
1789087764.6876404,0.0,0.0,0.0,0.0,0.0,0.0
1789087764.7381856,0.0,0.0,0.0,0.0,0.0,0.0
1789087764.787492,0.0,0.0,0.0,0.0,0.0,0.0
1789087764.8407638,0.0,0.0,0.0,0.0,0.0,0.0
1789087764.8875492,0.0,0.0,0.0,0.0,0.0,0.0
1789087764.9396195,0.0,0.0,0.0,0.0,0.0,0.0
1789087764.9871907,0.0,0.0,0.0,0.0,0.0,0.0
1789087765.0407686,0.0,0.0,0.0,0.0,0.0,0.0
1789087765.0872474,0.0,0.0,0.0,0.0,0.0,0.0
1789087765.1405575,0.0,0.0,0.0,0.0,0.0,0.0
1789087765.1871936,0.0,0.0,0.0,0.0,0.0,0.0
1789087765.240579,0.0,0.0,0.0,0.0,0.0,0.0
1789087765.2873626,0.0,0.0,0.0,0.0,0.0,0.0
1789087765.341674,0.0,0.0,0.0,0.0,0.0,0.0
1789087765.3873785,0.0,0.0,0.0,0.0,0.0,0.0
1789087765.437591,0.0,0.0,0.0,0.0,0.0,0.0
1789087765.4871895,0.0,0.0,0.0,0.0,0.0,0.0
1789087765.5425377,0.0,0.0,0.0,0.0,0.0,0.0
1789087765.5871634,0.0,0.0,0.0,0.0,0.0,0.0
1789087765.6403127,0.0,0.0,0.0,0.0,0.0,0.0
1789087765.687509,0.0,0.0,0.0,0.0,0.0,0.0
1789087765.7391798,0.0,0.0,0.0,0.0,0.0,0.0
1789087765.788243,0.0,0.0,0.0,0.0,0.0,0.0
1789087765.8402848,0.0,0.0,0.0,0.0,0.0,0.0
1789087765.8873537,0.0,0.0,0.0,0.0,0.0,0.0
1789087765.9381125,0.0,0.0,0.0,0.0,0.0,0.0
1789087765.987322,0.0,0.0,0.0,0.0,0.0,0.0
1789087766.0372741,0.0,0.0,0.0,0.0,0.0,0.0
1789087766.0873544,0.0,0.0,0.0,0.0,0.0,0.0
1789087766.1399915,0.0,0.0,0.0,0.0,0.0,0.0
1789087766.1873922,0.0,0.0,0.0,0.0,0.0,0.0
1789087766.2374299,0.0,0.0,0.0,0.0,0.0,0.0
1789087766.287603,0.0,0.0,0.0,0.0,0.0,0.0
1789087766.342539,0.0,0.0,0.0,0.0,0.0,0.0
1789087766.3875427,0.0,0.0,0.0,0.0,0.0,0.0
1789087766.439587,0.0,0.0,0.0,0.0,0.0,0.0
1789087766.4874108,0.0,0.0,0.0,0.0,0.0,0.0
1789087766.5382917,0.0,0.0,0.0,0.0,0.0,0.0
1789087766.5876813,0.0,0.0,0.0,0.0,0.0,0.0
1789087766.6420264,0.0,0.0,0.0,0.0,0.0,0.0
1789087766.6872265,0.0,0.0,0.0,0.0,0.0,0.0
1789087766.739236,0.0,0.0,0.0,0.0,0.0,0.0
1789087766.7872288,0.0,0.0,0.0,0.0,0.0,0.0
1789087766.8401945,0.0,0.0,0.0,0.0,0.0,0.0
1789087766.8870609,0.0,0.0,0.0,0.0,0.0,0.0
1789087766.939574,0.0,0.0,0.0,0.0,0.0,0.0
1789087766.9873285,0.0,0.0,0.0,0.0,0.0,0.0
1789087767.0389085,0.0,0.0,0.0,0.0,0.0,0.0
1789087767.0875084,0.0,0.0,0.0,0.0,0.0,0.0
1789087767.1435897,0.0,0.0,0.0,0.0,0.0,0.0
1789087767.1872616,0.0,0.0,0.0,0.0,0.0,0.0
1789087767.2426212,0.0,0.0,0.0,0.0,0.0,0.0
1789087767.2872856,0.0,0.0,0.0,0.0,0.0,0.0
1789087767.340414,0.0,0.0,0.0,0.0,0.0,0.0
1789087767.3872743,0.0,0.0,0.0,0.0,0.0,0.0
1789087767.441618,0.0,0.0,0.0,0.0,0.0,0.0
1789087767.487297,0.0,0.0,0.0,0.0,0.0,0.0
1789087767.5405285,0.0,0.0,0.0,0.0,0.0,0.0
1789087767.5874107,0.0,0.0,0.0,0.0,0.0,0.0
1789087767.641734,0.0,0.0,0.0,0.0,0.0,0.0
1789087767.6874683,0.0,0.0,0.0,0.0,0.0,0.0
1789087767.737453,0.0,0.0,0.0,0.0,0.0,0.0
1789087767.7875955,0.0,0.0,0.0,0.0,0.0,0.0
1789087767.8415868,0.0,0.0,0.0,0.0,0.0,0.0
1789087767.8875706,0.0,0.0,0.0,0.0,0.0,0.0
1789087767.9395697,0.0,0.0,0.0,0.0,0.0,0.0
1789087767.9875882,0.0,0.0,0.0,0.0,0.0,0.0
1789087768.0429258,0.0,0.0,0.0,0.0,0.0,0.0
1789087768.087672,0.0,0.0,0.0,0.0,0.0,0.0
1789087768.1430912,0.0,0.0,0.0,0.0,0.0,0.0
1789087768.1876233,0.0,0.0,0.0,0.0,0.0,0.0
1789087768.2375834,0.0,0.0,0.0,0.0,0.0,0.0
1789087768.287668,0.0,0.0,0.0,0.0,0.0,0.0
1789087768.341714,0.0,0.0,0.0,0.0,0.0,0.0
1789087768.387653,0.0,0.0,0.0,0.0,0.0,0.0
1789087768.4439416,0.0,0.0,0.0,0.0,0.0,0.0
1789087768.4873328,0.0,0.0,0.0,0.0,0.0,0.0
1789087768.5403705,0.0,0.0,0.0,0.0,0.0,0.0
1789087768.5876021,0.0,0.0,0.0,0.0,0.0,0.0
1789087768.643737,0.0,0.0,0.0,0.0,0.0,0.0
1789087768.6876175,0.0,0.0,0.0,0.0,0.0,0.0
1789087768.7374477,0.0,0.0,0.0,0.0,0.0,0.0
1789087768.7874155,0.0,0.0,0.0,0.0,0.0,0.0
1789087768.8425906,0.0,0.0,0.0,0.0,0.0,0.0
1789087768.8876212,0.0,0.0,0.0,0.0,0.0,0.0
1789087768.9373546,0.0,0.0,0.0,0.0,0.0,0.0
1789087768.9876904,0.0,0.0,0.0,0.0,0.0,0.0
1789087769.0376377,0.0,0.0,0.0,0.0,0.0,0.0
1789087769.0875301,0.0,0.0,0.0,0.0,0.0,0.0
1789087769.1375499,0.0,0.0,0.0,0.0,0.0,0.0
1789087769.1876376,0.0,0.0,0.0,0.0,0.0,0.0
1789087769.2376716,0.0,0.0,0.0,0.0,0.0,0.0
1789087769.2876706,0.0,0.0,0.0,0.0,0.0,0.0
1789087769.3376071,0.0,0.0,0.0,0.0,0.0,0.0
1789087769.387444,0.0,0.0,0.0,0.0,0.0,0.0
1789087769.4371655,0.0,0.0,0.0,0.0,0.0,0.0
1789087769.4874709,0.0,0.0,0.0,0.0,0.0,0.0
1789087769.5372565,0.0,0.0,0.0,0.0,0.0,0.0
1789087769.5873473,0.0,0.0,0.0,0.0,0.0,0.0
1789087769.6371512,0.0,0.0,0.0,0.0,0.0,0.0
1789087769.6872022,0.0,0.0,0.0,0.0,0.0,0.0
1789087769.7372293,0.0,0.0,0.0,0.0,0.0,0.0
1789087769.7870488,0.0,0.0,0.0,0.0,0.0,0.0
1789087769.8372214,0.0,0.0,0.0,0.0,0.0,0.0
1789087769.8873541,0.0,0.0,0.0,0.0,0.0,0.0
1789087769.9373803,0.0,0.0,0.0,0.0,0.0,0.0
1789087769.9872613,0.0,0.0,0.0,0.0,0.0,0.0
1789087770.0373602,0.0,0.0,0.0,0.0,0.0,0.0
1789087770.0873544,0.0,0.0,0.0,0.0,0.0,0.0
1789087770.1373715,0.0,0.0,0.0,0.0,0.0,0.0
1789087770.1874845,0.0,0.0,0.0,0.0,0.0,0.0
1789087770.2373998,0.0,0.0,0.0,0.0,0.0,0.0
1789087770.287336,0.0,0.0,0.0,0.0,0.0,0.0
1789087770.3374074,0.0,0.0,0.0,0.0,0.0,0.0
1789087770.3875723,0.0,0.0,0.0,0.0,0.0,0.0
1789087770.4376771,0.0,0.0,0.0,0.0,0.0,0.0
1789087770.4875524,0.0,0.0,0.0,0.0,0.0,0.0
1789087770.537639,0.0,0.0,0.0,0.0,0.0,0.0
1789087770.5875545,0.0,0.0,0.0,0.0,0.0,0.0
1789087770.637666,0.0,0.0,0.0,0.0,0.0,0.0
1789087770.6875372,0.0,0.0,0.0,0.0,0.0,0.0
1789087770.7376997,0.0,0.0,0.0,0.0,0.0,0.0
1789087770.787561,0.0,0.0,0.0,0.0,0.0,0.0
1789087770.837544,0.0,0.0,0.0,0.0,0.0,0.0
1789087770.8876896,0.0,0.0,0.0,0.0,0.0,0.0
1789087770.9375718,0.0,0.0,0.0,0.0,0.0,0.0
1789087770.9875453,0.0,0.0,0.0,0.0,0.0,0.0
1789087771.0374925,0.0,0.0,0.0,0.0,0.0,0.0
1789087771.087396,0.0,0.0,0.0,0.0,0.0,0.0
1789087771.1375403,0.0,0.0,0.0,0.0,0.0,0.0
1789087771.1876533,0.0,0.0,0.0,0.0,0.0,0.0
1789087771.2376475,0.0,0.0,0.0,0.0,0.0,0.0
1789087771.287612,0.0,0.0,0.0,0.0,0.0,0.0
1789087771.337644,0.0,0.0,0.0,0.0,0.0,0.0
1789087771.3876362,0.0,0.0,0.0,0.0,0.0,0.0
1789087771.4374251,0.0,0.0,0.0,0.0,0.0,0.0
1789087771.4873161,0.0,0.0,0.0,0.0,0.0,0.0
1789087771.53737,0.0,0.0,0.0,0.0,0.0,0.0
1789087771.587384,0.0,0.0,0.0,0.0,0.0,0.0
1789087771.637441,0.0,0.0,0.0,0.0,0.0,0.0
1789087771.6874623,0.0,0.0,0.0,0.0,0.0,0.0
1789087771.7372813,0.0,0.0,0.0,0.0,0.0,0.0
1789087771.78747,0.0,0.0,0.0,0.0,0.0,0.0
1789087771.8374069,0.0,0.0,0.0,0.0,0.0,0.0
1789087771.8874612,0.0,0.0,0.0,0.0,0.0,0.0
1789087771.9374247,0.0,0.0,0.0,0.0,0.0,0.0
1789087771.9872446,0.0,0.0,0.0,0.0,0.0,0.0
1789087772.037287,0.0,0.0,0.0,0.0,0.0,0.0
1789087772.0874047,0.0,0.0,0.0,0.0,0.0,0.0
1789087772.13749,0.0,0.0,0.0,0.0,0.0,0.0
1789087772.187478,0.0,0.0,0.0,0.0,0.0,0.0
1789087772.2372897,0.0,0.0,0.0,0.0,0.0,0.0
1789087772.287449,0.0,0.0,0.0,0.0,0.0,0.0
1789087772.3374677,0.0,0.0,0.0,0.0,0.0,0.0
1789087772.3875113,0.0,0.0,0.0,0.0,0.0,0.0
1789087772.4373648,0.0,0.0,0.0,0.0,0.0,0.0
1789087772.487415,0.0,0.0,0.0,0.0,0.0,0.0
1789087772.5372763,0.0,0.0,0.0,0.0,0.0,0.0
1789087772.5872967,0.0,0.0,0.0,0.0,0.0,0.0
1789087772.6372688,0.0,0.0,0.0,0.0,0.0,0.0
1789087772.6876187,0.0,0.0,0.0,0.0,0.0,0.0
1789087772.7375207,0.0,0.0,0.0,0.0,0.0,0.0
1789087772.7876537,0.0,0.0,0.0,0.0,0.0,0.0
1789087772.8374338,0.0,0.0,0.0,0.0,0.0,0.0
1789087772.8875113,0.0,0.0,0.0,0.0,0.0,0.0
1789087772.9374871,0.0,0.0,0.0,0.0,0.0,0.0
1789087772.9877155,0.0,0.0,0.0,0.0,0.0,0.0
1789087773.037353,0.0,0.0,0.0,0.0,0.0,0.0
1789087773.0873587,0.0,0.0,0.0,0.0,0.0,0.0
1789087773.137447,0.0,0.0,0.0,0.0,0.0,0.0
1789087773.1873376,0.0,0.0,0.0,0.0,0.0,0.0
1789087773.237286,0.0,0.0,0.0,0.0,0.0,0.0
1789087773.2874496,0.0,0.0,0.0,0.0,0.0,0.0
1789087773.3374326,0.0,0.0,0.0,0.0,0.0,0.0
1789087773.3873942,0.0,0.0,0.0,0.0,0.0,0.0
1789087773.437645,0.0,0.0,0.0,0.0,0.0,0.0
1789087773.4874773,0.0,0.0,0.0,0.0,0.0,0.0
1789087773.537413,0.0,0.0,0.0,0.0,0.0,0.0
1789087773.587227,0.0,0.0,0.0,0.0,0.0,0.0
1789087773.637395,0.0,0.0,0.0,0.0,0.0,0.0
1789087773.6876798,0.0,0.0,0.0,0.0,0.0,0.0
1789087773.7372806,0.0,0.0,0.0,0.0,0.0,0.0
1789087773.787548,0.0,0.0,0.0,0.0,0.0,0.0
1789087773.8373814,0.0,0.0,0.0,0.0,0.0,0.0
1789087773.8873649,0.0,0.0,0.0,0.0,0.0,0.0
1789087773.937532,0.0,0.0,0.0,0.0,0.0,0.0
1789087773.9873872,0.0,0.0,0.0,0.0,0.0,0.0
1789087774.0373678,0.0,0.0,0.0,0.0,0.0,0.0
1789087774.0873213,0.0,0.0,0.0,0.0,0.0,0.0
1789087774.1373112,0.0,0.0,0.0,0.0,0.0,0.0
1789087774.1875513,0.0,0.0,0.0,0.0,0.0,0.0
1789087774.2374032,0.0,0.0,0.0,0.0,0.0,0.0
1789087774.2873905,0.0,0.0,0.0,0.0,0.0,0.0
1789087774.3373728,0.0,0.0,0.0,0.0,0.0,0.0
1789087774.3875697,0.0,0.0,0.0,0.0,0.0,0.0
1789087774.4373693,0.0,0.0,0.0,0.0,0.0,0.0
1789087774.487446,0.0,0.0,0.0,0.0,0.0,0.0
1789087774.5374522,0.0,0.0,0.0,0.0,0.0,0.0
1789087774.5874202,0.0,0.0,0.0,0.0,0.0,0.0
1789087774.6375656,0.0,0.0,0.0,0.0,0.0,0.0
1789087774.6874897,0.0,0.0,0.0,0.0,0.0,0.0
1789087774.7374825,0.0,0.0,0.0,0.0,0.0,0.0
1789087774.787456,0.0,0.0,0.0,0.0,0.0,0.0
1789087774.8373845,0.0,0.0,0.0,0.0,0.0,0.0
1789087774.8873866,0.0,0.0,0.0,0.0,0.0,0.0
1789087774.9374511,0.0,0.0,0.0,0.0,0.0,0.0
1789087774.9875593,0.0,0.0,0.0,0.0,0.0,0.0
1789087775.0375898,0.0,0.0,0.0,0.0,0.0,0.0
1789087775.087546,0.0,0.0,0.0,0.0,0.0,0.0
1789087775.1374938,0.0,0.0,0.0,0.0,0.0,0.0
1789087775.187557,0.0,0.0,0.0,0.0,0.0,0.0
1789087775.2375655,0.0,0.0,0.0,0.0,0.0,0.0
1789087775.2875376,0.0,0.0,0.0,0.0,0.0,0.0
1789087775.3375905,0.0,0.0,0.0,0.0,0.0,0.0
1789087775.3874757,0.0,0.0,0.0,0.0,0.0,0.0
1789087775.437471,0.0,0.0,0.0,0.0,0.0,0.0
1789087775.4877028,0.0,0.0,0.0,0.0,0.0,0.0
1789087775.5375347,0.0,0.0,0.0,0.0,0.0,0.0
1789087775.5874178,0.0,0.0,0.0,0.0,0.0,0.0
1789087775.6377063,0.0,0.0,0.0,0.0,0.0,0.0
1789087775.6874788,0.0,0.0,0.0,0.0,0.0,0.0
1789087775.7375734,0.0,0.0,0.0,0.0,0.0,0.0
1789087775.7873876,0.0,0.0,0.0,0.0,0.0,0.0
1789087775.8375082,0.0,0.0,0.0,0.0,0.0,0.0
1789087775.8874133,0.0,0.0,0.0,0.0,0.0,0.0
1789087775.9374273,0.0,0.0,0.0,0.0,0.0,0.0
1789087775.9874213,0.0,0.0,0.0,0.0,0.0,0.0
1789087776.0373583,0.0,0.0,0.0,0.0,0.0,0.0
1789087776.0873675,0.0,0.0,0.0,0.0,0.0,0.0
1789087776.1375015,0.0,0.0,0.0,0.0,0.0,0.0
1789087776.1874278,0.0,0.0,0.0,0.0,0.0,0.0
1789087776.2374628,0.0,0.0,0.0,0.0,0.0,0.0
1789087776.2873948,0.0,0.0,0.0,0.0,0.0,0.0
1789087776.3373663,0.0,0.0,0.0,0.0,0.0,0.0
1789087776.3874798,0.0,0.0,0.0,0.0,0.0,0.0
1789087776.4374897,0.0,0.0,0.0,0.0,0.0,0.0
1789087776.4874885,0.0,0.0,0.0,0.0,0.0,0.0
1789087776.5373857,0.0,0.0,0.0,0.0,0.0,0.0
1789087776.5874262,0.0,0.0,0.0,0.0,0.0,0.0
1789087776.6373641,0.0,0.0,0.0,0.0,0.0,0.0
1789087776.6875226,0.0,0.0,0.0,0.0,0.0,0.0
1789087776.7374249,0.0,0.0,0.0,0.0,0.0,0.0
1789087776.7876244,0.0,0.0,0.0,0.0,0.0,0.0
1789087776.8374927,0.0,0.0,0.0,0.0,0.0,0.0
1789087776.8874872,0.0,0.0,0.0,0.0,0.0,0.0
1789087776.9375005,0.0,0.0,0.0,0.0,0.0,0.0
1789087776.9872866,0.0,0.0,0.0,0.0,0.0,0.0
1789087777.0373607,0.0,0.0,0.0,0.0,0.0,0.0
1789087777.0874445,0.0,0.0,0.0,0.0,0.0,0.0
1789087777.1372967,0.0,0.0,0.0,0.0,0.0,0.0
1789087777.187363,0.0,0.0,0.0,0.0,0.0,0.0
1789087777.2375216,0.0,0.0,0.0,0.0,0.0,0.0
1789087777.2873118,0.0,0.0,0.0,0.0,0.0,0.0
1789087777.337537,0.0,0.0,0.0,0.0,0.0,0.0
1789087777.387269,0.0,0.0,0.0,0.0,0.0,0.0
1789087777.4374044,0.0,0.0,0.0,0.0,0.0,0.0
1789087777.4875238,0.0,0.0,0.0,0.0,0.0,0.0
1789087777.537375,0.0,0.0,0.0,0.0,0.0,0.0
1789087777.5875232,0.0,0.0,0.0,0.0,0.0,0.0
1789087777.6374488,0.0,0.0,0.0,0.0,0.0,0.0
1789087777.6874092,0.0,0.0,0.0,0.0,0.0,0.0
1789087777.737576,0.0,0.0,0.0,0.0,0.0,0.0
1789087777.7875092,0.0,0.0,0.0,0.0,0.0,0.0
1789087777.837474,0.0,0.0,0.0,0.0,0.0,0.0
1789087777.8874652,0.0,0.0,0.0,0.0,0.0,0.0
1789087777.937353,0.0,0.0,0.0,0.0,0.0,0.0
1789087777.9875486,0.0,0.0,0.0,0.0,0.0,0.0
1789087778.0375552,0.0,0.0,0.0,0.0,0.0,0.0
1789087778.0874352,0.0,0.0,0.0,0.0,0.0,0.0
1789087778.1375096,0.0,0.0,0.0,0.0,0.0,0.0
1789087778.1875548,0.0,0.0,0.0,0.0,0.0,0.0
1789087778.2376208,0.0,0.0,0.0,0.0,0.0,0.0
1789087778.287491,0.0,0.0,0.0,0.0,0.0,0.0
1789087778.337513,0.0,0.0,0.0,0.0,0.0,0.0
1789087778.3874397,0.0,0.0,0.0,0.0,0.0,0.0
1789087778.4372873,0.0,0.0,0.0,0.0,0.0,0.0
1789087778.4876564,0.0,0.0,0.0,0.0,0.0,0.0
1789087778.5374873,0.0,0.0,0.0,0.0,0.0,0.0
1789087778.5873995,0.0,0.0,0.0,0.0,0.0,0.0
1789087778.637422,0.0,0.0,0.0,0.0,0.0,0.0
1789087778.6873977,0.0,0.0,0.0,0.0,0.0,0.0
1789087778.7374794,0.0,0.0,0.0,0.0,0.0,0.0
1789087778.7874117,0.0,0.0,0.0,0.0,0.0,0.0
1789087778.8373473,0.0,0.0,0.0,0.0,0.0,0.0
1789087778.887647,0.0,0.0,0.0,0.0,0.0,0.0
1789087778.9376056,0.0,0.0,0.0,0.0,0.0,0.0
1789087778.9874516,0.0,0.0,0.0,0.0,0.0,0.0
1789087779.0375311,0.0,0.0,0.0,0.0,0.0,0.0
1789087779.087386,0.0,0.0,0.0,0.0,0.0,0.0
1789087779.1375897,0.0,0.0,0.0,0.0,0.0,0.0
1789087779.1873567,0.0,0.0,0.0,0.0,0.0,0.0
1789087779.2374263,0.0,0.0,0.0,0.0,0.0,0.0
1789087779.2874036,0.0,0.0,0.0,0.0,0.0,0.0
1789087779.3376591,0.0,0.0,0.0,0.0,0.0,0.0
1789087779.3873637,0.0,0.0,0.0,0.0,0.0,0.0
1789087779.4375486,0.0,0.0,0.0,0.0,0.0,0.0
1789087779.4875698,0.0,0.0,0.0,0.0,0.0,0.0
1789087779.5373566,0.0,0.0,0.0,0.0,0.0,0.0
1789087779.587429,0.0,0.0,0.0,0.0,0.0,0.0
1789087779.6375413,0.0,0.0,0.0,0.0,0.0,0.0
1789087779.6872778,0.0,0.0,0.0,0.0,0.0,0.0
1789087779.737564,0.0,0.0,0.0,0.0,0.0,0.0
1789087779.7874193,0.0,0.0,0.0,0.0,0.0,0.0
1789087779.8374429,0.0,0.0,0.0,0.0,0.0,0.0
1789087779.8875666,0.0,0.0,0.0,0.0,0.0,0.0
1789087779.9374704,0.0,0.0,0.0,0.0,0.0,0.0
1789087779.9875557,0.0,0.0,0.0,0.0,0.0,0.0
1789087780.037448,0.0,0.0,0.0,0.0,0.0,0.0
1789087780.0872567,0.0,0.0,0.0,0.0,0.0,0.0
1789087780.1373858,0.0,0.0,0.0,0.0,0.0,0.0
1789087780.1874237,0.0,0.0,0.0,0.0,0.0,0.0
1789087780.2374136,0.0,0.0,0.0,0.0,0.0,0.0
1789087780.2873213,0.0,0.0,0.0,0.0,0.0,0.0
1789087780.3374217,0.0,0.0,0.0,0.0,0.0,0.0
1789087780.3872778,0.0,0.0,0.0,0.0,0.0,0.0
1789087780.4374132,0.0,0.0,0.0,0.0,0.0,0.0
1789087780.4874928,0.0,0.0,0.0,0.0,0.0,0.0
1789087780.5374417,0.0,0.0,0.0,0.0,0.0,0.0
1789087780.587393,0.0,0.0,0.0,0.0,0.0,0.0
1789087780.637531,0.0,0.0,0.0,0.0,0.0,0.0
1789087780.687512,0.0,0.0,0.0,0.0,0.0,0.0
1789087780.737384,0.0,0.0,0.0,0.0,0.0,0.0
1789087780.7876058,0.0,0.0,0.0,0.0,0.0,0.0
1789087780.837591,0.0,0.0,0.0,0.0,0.0,0.0
1789087780.8873324,0.0,0.0,0.0,0.0,0.0,0.0
1789087780.937575,0.0,0.0,0.0,0.0,0.0,0.0
1789087780.9873655,0.0,0.0,0.0,0.0,0.0,0.0
1789087781.0373569,0.0,0.0,0.0,0.0,0.0,0.0
1789087781.0873668,0.0,0.0,0.0,0.0,0.0,0.0
1789087781.1376066,0.0,0.0,0.0,0.0,0.0,0.0
1789087781.1874595,0.0,0.0,0.0,0.0,0.0,0.0
1789087781.2376068,0.0,0.0,0.0,0.0,0.0,0.0
1789087781.2874746,0.0,0.0,0.0,0.0,0.0,0.0
1789087781.3374407,0.0,0.0,0.0,0.0,0.0,0.0
1789087781.3875535,0.0,0.0,0.0,0.0,0.0,0.0
1789087781.4374552,0.0,0.0,0.0,0.0,0.0,0.0
1789087781.4875078,0.0,0.0,0.0,0.0,0.0,0.0
1789087781.5373187,0.0,0.0,0.0,0.0,0.0,0.0
1789087781.5873804,0.0,0.0,0.0,0.0,0.0,0.0
1789087781.6374035,0.0,0.0,0.0,0.0,0.0,0.0
1789087781.687479,0.0,0.0,0.0,0.0,0.0,0.0
1789087781.7373846,0.0,0.0,0.0,0.0,0.0,0.0
1789087781.7874815,0.0,0.0,0.0,0.0,0.0,0.0
1789087781.8374808,0.0,0.0,0.0,0.0,0.0,0.0
1789087781.8877354,0.0,0.0,0.0,0.0,0.0,0.0
1789087781.9374652,0.0,0.0,0.0,0.0,0.0,0.0
1789087781.9874914,0.0,0.0,0.0,0.0,0.0,0.0
1789087782.0374918,0.0,0.0,0.0,0.0,0.0,0.0
1789087782.087543,0.0,0.0,0.0,0.0,0.0,0.0
1789087782.1375554,0.0,0.0,0.0,0.0,0.0,0.0
1789087782.1873462,0.0,0.0,0.0,0.0,0.0,0.0
1789087782.2374434,0.0,0.0,0.0,0.0,0.0,0.0
1789087782.2873874,0.0,0.0,0.0,0.0,0.0,0.0
1789087782.3374658,0.0,0.0,0.0,0.0,0.0,0.0
1789087782.3909664,0.0,0.0,0.0,0.0,0.0,0.0
1789087782.437309,0.0,0.0,0.0,0.0,0.0,0.0
1789087782.4875681,0.0,0.0,0.0,0.0,0.0,0.0
1789087782.5374804,0.0,0.0,0.0,0.0,0.0,0.0
1789087782.587518,0.0,0.0,0.0,0.0,0.0,0.0
1789087782.6374762,0.0,0.0,0.0,0.0,0.0,0.0
1789087782.687526,0.0,0.0,0.0,0.0,0.0,0.0
1789087782.737442,0.0,0.0,0.0,0.0,0.0,0.0
1789087782.7874556,0.0,0.0,0.0,0.0,0.0,0.0
1789087782.8372505,0.0,0.0,0.0,0.0,0.0,0.0
1789087782.8874092,0.0,0.0,0.0,0.0,0.0,0.0
1789087782.9373064,0.0,0.0,0.0,0.0,0.0,0.0
1789087782.987401,0.0,0.0,0.0,0.0,0.0,0.0
1789087783.0374725,0.0,0.0,0.0,0.0,0.0,0.0
1789087783.0874493,0.0,0.0,0.0,0.0,0.0,0.0
1789087783.1374257,0.0,0.0,0.0,0.0,0.0,0.0
1789087783.1874363,0.0,0.0,0.0,0.0,0.0,0.0
1789087783.2374558,0.0,0.0,0.0,0.0,0.0,0.0
1789087783.2871845,0.0,0.0,0.0,0.0,0.0,0.0
1789087783.3373919,0.0,0.0,0.0,0.0,0.0,0.0
1789087783.3874686,0.0,0.0,0.0,0.0,0.0,0.0
1789087783.4374082,0.0,0.0,0.0,0.0,0.0,0.0
1789087783.4873981,0.0,0.0,0.0,0.0,0.0,0.0
1789087783.537392,0.0,0.0,0.0,0.0,0.0,0.0
1789087783.5875509,0.0,0.0,0.0,0.0,0.0,0.0
1789087783.6374686,0.0,0.0,0.0,0.0,0.0,0.0
1789087783.6875682,0.0,0.0,0.0,0.0,0.0,0.0
1789087783.7373917,0.0,0.0,0.0,0.0,0.0,0.0
1789087783.7875733,0.0,0.0,0.0,0.0,0.0,0.0
1789087783.837612,0.0,0.0,0.0,0.0,0.0,0.0
1789087783.8883862,0.0,0.0,0.0,0.0,0.0,0.0
1789087783.9375277,0.0,0.0,0.0,0.0,0.0,0.0
1789087783.9883044,0.0,0.0,0.0,0.0,0.0,0.0
1789087784.037687,0.0,0.0,0.0,0.0,0.0,0.0
1789087784.087328,0.0,0.0,0.0,0.0,0.0,0.0
1789087784.1374283,0.0,0.0,0.0,0.0,0.0,0.0
1789087784.187316,0.0,0.0,0.0,0.0,0.0,0.0
1789087784.237481,0.0,0.0,0.0,0.0,0.0,0.0
1789087784.287496,0.0,0.0,0.0,0.0,0.0,0.0
1789087784.3374598,0.0,0.0,0.0,0.0,0.0,0.0
1789087784.387476,0.0,0.0,0.0,0.0,0.0,0.0
1789087784.4373472,0.0,0.0,0.0,0.0,0.0,0.0
1789087784.4873385,0.0,0.0,0.0,0.0,0.0,0.0
1789087784.5373118,0.0,0.0,0.0,0.0,0.0,0.0
1789087784.588549,0.0,0.0,0.0,0.0,0.0,0.0
1789087784.637467,0.0,0.0,0.0,0.0,0.0,0.0
1789087784.6874588,0.0,0.0,0.0,0.0,0.0,0.0
1789087784.7375104,0.0,0.0,0.0,0.0,0.0,0.0
1789087784.787599,0.0,0.0,0.0,0.0,0.0,0.0
1789087784.8375564,0.0,0.0,0.0,0.0,0.0,0.0
1789087784.887582,0.0,0.0,0.0,0.0,0.0,0.0
1789087784.9374433,0.0,0.0,0.0,0.0,0.0,0.0
1789087784.9874873,0.0,0.0,0.0,0.0,0.0,0.0
1789087785.0375261,0.0,0.0,0.0,0.0,0.0,0.0
1789087785.0878727,0.0,0.0,0.0,0.0,0.0,0.0
1789087785.137663,0.0,0.0,0.0,0.0,0.0,0.0
1789087785.1882215,0.0,0.0,0.0,0.0,0.0,0.0
1789087785.2375863,0.0,0.0,0.0,0.0,0.0,0.0
1789087785.2887304,0.0,0.0,0.0,0.0,0.0,0.0
1789087785.3376522,0.0,0.0,0.0,0.0,0.0,0.0
1789087785.3875377,0.0,0.0,0.0,0.0,0.0,0.0
1789087785.437344,0.0,0.0,0.0,0.0,0.0,0.0
1789087785.4875157,0.0,0.0,0.0,0.0,0.0,0.0
1789087785.5374613,0.0,0.0,0.0,0.0,0.0,0.0
1789087785.5892286,0.0,0.0,0.0,0.0,0.0,0.0
1789087785.6374905,0.0,0.0,0.0,0.0,0.0,0.0
1789087785.687393,0.0,0.0,0.0,0.0,0.0,0.0
1789087785.7373714,0.0,0.0,0.0,0.0,0.0,0.0
1789087785.78741,0.0,0.0,0.0,0.0,0.0,0.0
1789087785.837426,0.0,0.0,0.0,0.0,0.0,0.0
1789087785.888945,0.0,0.0,0.0,0.0,0.0,0.0
1789087785.937369,0.0,0.0,0.0,0.0,0.0,0.0
1789087785.9873354,0.0,0.0,0.0,0.0,0.0,0.0
1789087786.0374467,0.0,0.0,0.0,0.0,0.0,0.0
1789087786.0873883,0.0,0.0,0.0,0.0,0.0,0.0
1789087786.1376169,0.0,0.0,0.0,0.0,0.0,0.0
1789087786.1873848,0.0,0.0,0.0,0.0,0.0,0.0
1789087786.237537,0.0,0.0,0.0,0.0,0.0,0.0
1789087786.2884753,0.0,0.0,0.0,0.0,0.0,0.0
1789087786.3375373,0.0,0.0,0.0,0.0,0.0,0.0
1789087786.388341,0.0,0.0,0.0,0.0,0.0,0.0
1789087786.4374971,0.0,0.0,0.0,0.0,0.0,0.0
1789087786.4911213,0.0,0.0,0.0,0.0,0.0,0.0
1789087786.5373635,0.0,0.0,0.0,0.0,0.0,0.0
1789087786.5877717,0.0,0.0,0.0,0.0,0.0,0.0
1789087786.6373727,0.0,0.0,0.0,0.0,0.0,0.0
1789087786.6891594,0.0,0.0,0.0,0.0,0.0,0.0
1789087786.737549,0.0,0.0,0.0,0.0,0.0,0.0
1789087786.788969,0.0,0.0,0.0,0.0,0.0,0.0
1789087786.8372567,0.0,0.0,0.0,0.0,0.0,0.0
1789087786.8873599,0.0,0.0,0.0,0.0,0.0,0.0
1789087786.9373899,0.0,0.0,0.0,0.0,0.0,0.0
1789087786.9920745,0.0,0.0,0.0,0.0,0.0,0.0
1789087787.0375881,0.0,0.0,0.0,0.0,0.0,0.0
1789087787.0891042,0.0,0.0,0.0,0.0,0.0,0.0
1789087787.1372309,0.0,0.0,0.0,0.0,0.0,0.0
1789087787.1873064,0.0,0.0,0.0,0.0,0.0,0.0
1789087787.237138,0.0,0.0,0.0,0.0,0.0,0.0
1789087787.288546,0.0,0.0,0.0,0.0,0.0,0.0
1789087787.3375924,0.0,0.0,0.0,0.0,0.0,0.0
1789087787.3887825,0.0,0.0,0.0,0.0,0.0,0.0
1789087787.4374049,0.0,0.0,0.0,0.0,0.0,0.0
1789087787.4873576,0.0,0.0,0.0,0.0,0.0,0.0
1789087787.5373232,0.0,0.0,0.0,0.0,0.0,0.0
1789087787.5890086,0.0,0.0,0.0,0.0,0.0,0.0
1789087787.6371996,0.0,0.0,0.0,0.0,0.0,0.0
1789087787.68726,0.0,0.0,0.0,0.0,0.0,0.0
1789087787.7371888,0.0,0.0,0.0,0.0,0.0,0.0
1789087787.7875655,0.0,0.0,0.0,0.0,0.0,0.0
1789087787.8373115,0.0,0.0,0.0,0.0,0.0,0.0
1789087787.8895013,0.0,0.0,0.0,0.0,0.0,0.0
1789087787.937486,0.0,0.0,0.0,0.0,0.0,0.0
1789087787.9874349,0.0,0.0,0.0,0.0,0.0,0.0
1789087788.037284,0.0,0.0,0.0,0.0,0.0,0.0
1789087788.0874581,0.0,0.0,0.0,0.0,0.0,0.0
1789087788.1373577,0.0,0.0,0.0,0.0,0.0,0.0
1789087788.1894472,0.0,0.0,0.0,0.0,0.0,0.0
1789087788.2373567,0.0,0.0,0.0,0.0,0.0,0.0
1789087788.2909036,0.0,0.0,0.0,0.0,0.0,0.0
1789087788.3375237,0.0,0.0,0.0,0.0,0.0,0.0
1789087788.3875217,0.0,0.0,0.0,0.0,0.0,0.0
1789087788.4375975,0.0,0.0,0.0,0.0,0.0,0.0
1789087788.4895828,0.0,0.0,0.0,0.0,0.0,0.0
1789087788.5374033,0.0,0.0,0.0,0.0,0.0,0.0
1789087788.5889473,0.0,0.0,0.0,0.0,0.0,0.0
1789087788.6374376,0.0,0.0,0.0,0.0,0.0,0.0
1789087788.6876101,0.0,0.0,0.0,0.0,0.0,0.0
1789087788.7375839,0.0,0.0,0.0,0.0,0.0,0.0
1789087788.7912247,0.0,0.0,0.0,0.0,0.0,0.0
1789087788.8373034,0.0,0.0,0.0,0.0,0.0,0.0
1789087788.888042,0.0,0.0,0.0,0.0,0.0,0.0
1789087788.9374652,0.0,0.0,0.0,0.0,0.0,0.0
1789087788.9884863,0.0,0.0,0.0,0.0,0.0,0.0
1789087789.0374537,0.0,0.0,0.0,0.0,0.0,0.0
1789087789.0879107,0.0,0.0,0.0,0.0,0.0,0.0
1789087789.1374512,0.0,0.0,0.0,0.0,0.0,0.0
1789087789.1888437,0.0,0.0,0.0,0.0,0.0,0.0
1789087789.2375102,0.0,0.0,0.0,0.0,0.0,0.0
1789087789.2877274,0.0,0.0,0.0,0.0,0.0,0.0
1789087789.3373146,0.0,0.0,0.0,0.0,0.0,0.0
1789087789.3890407,0.0,0.0,0.0,0.0,0.0,0.0
1789087789.4372942,0.0,0.0,0.0,0.0,0.0,0.0
1789087789.4882965,0.0,0.0,0.0,0.0,0.0,0.0
1789087789.5374136,0.0,0.0,0.0,0.0,0.0,0.0
1789087789.5903559,0.0,0.0,0.0,0.0,0.0,0.0
1789087789.6372705,0.0,0.0,0.0,0.0,0.0,0.0
1789087789.690069,0.0,0.0,0.0,0.0,0.0,0.0
1789087789.7373004,0.0,0.0,0.0,0.0,0.0,0.0
1789087789.7903347,0.0,0.0,0.0,0.0,0.0,0.0
1789087789.837371,0.0,0.0,0.0,0.0,0.0,0.0
1789087789.8879795,0.0,0.0,0.0,0.0,0.0,0.0
1789087789.9375057,0.0,0.0,0.0,0.0,0.0,0.0
1789087789.9892323,0.0,0.0,0.0,0.0,0.0,0.0
1789087790.0373735,0.0,0.0,0.0,0.0,0.0,0.0
1789087790.094157,0.0,0.0,0.0,0.0,0.0,0.0
1789087790.1376042,0.0,0.0,0.0,0.0,0.0,0.0
1789087790.191128,0.0,0.0,0.0,0.0,0.0,0.0
1789087790.2375953,0.0,0.0,0.0,0.0,0.0,0.0
1789087790.2914004,0.0,0.0,0.0,0.0,0.0,0.0
1789087790.3375123,0.0,0.0,0.0,0.0,0.0,0.0
1789087790.3928075,0.0,0.0,0.0,0.0,0.0,0.0
1789087790.4373672,0.0,0.0,0.0,0.0,0.0,0.0
1789087790.4894385,0.0,0.0,0.0,0.0,0.0,0.0
1789087790.5376256,0.0,0.0,0.0,0.0,0.0,0.0
1789087790.5906117,0.0,0.0,0.0,0.0,0.0,0.0
1789087790.6376448,0.0,0.0,0.0,0.0,0.0,0.0
1789087790.690559,0.0,0.0,0.0,0.0,0.0,0.0
1789087790.737598,0.0,0.0,0.0,0.0,0.0,0.0
1789087790.789766,0.0,0.0,0.0,0.0,0.0,0.0
1789087790.8375962,0.0,0.0,0.0,0.0,0.0,0.0
1789087790.8898864,0.0,0.0,0.0,0.0,0.0,0.0
1789087790.9375608,0.0,0.0,0.0,0.0,0.0,0.0
1789087790.9900212,0.0,0.0,0.0,0.0,0.0,0.0
1789087791.0376635,0.0,0.0,0.0,0.0,0.0,0.0
1789087791.0937934,0.0,0.0,0.0,0.0,0.0,0.0
1789087791.137199,0.0,0.0,0.0,0.0,0.0,0.0
1789087791.193547,0.0,0.0,0.0,0.0,0.0,0.0
1789087791.2375722,0.0,0.0,0.0,0.0,0.0,0.0
1789087791.2904382,0.0,0.0,0.0,0.0,0.0,0.0
1789087791.3374717,0.0,0.0,0.0,0.0,0.0,0.0
1789087791.3900077,0.0,0.0,0.0,0.0,0.0,0.0
1789087791.4372685,0.0,0.0,0.0,0.0,0.0,0.0
1789087791.491335,0.0,0.0,0.0,0.0,0.0,0.0
1789087791.537634,0.0,0.0,0.0,0.0,0.0,0.0
1789087791.5871725,0.0,0.0,0.0,0.0,0.0,0.0
1789087791.637502,0.0,0.0,0.0,0.0,0.0,0.0
1789087791.6905308,0.0,0.0,0.0,0.0,0.0,0.0
1789087791.737644,0.0,0.0,0.0,0.0,0.0,0.0
1789087791.7899787,0.0,0.0,0.0,0.0,0.0,0.0
1789087791.83759,0.0,0.0,0.0,0.0,0.0,0.0
1789087791.8926663,0.0,0.0,0.0,0.0,0.0,0.0
1789087791.9375792,0.0,0.0,0.0,0.0,0.0,0.0
1789087791.991306,0.0,0.0,0.0,0.0,0.0,0.0
1789087792.037466,0.0,0.0,0.0,0.0,0.0,0.0
1789087792.0940592,0.0,0.0,0.0,0.0,0.0,0.0
1789087792.1374497,0.0,0.0,0.0,0.0,0.0,0.0
1789087792.1969361,0.0,0.0,0.0,0.0,0.0,0.0
1789087792.2372916,0.0,0.0,0.0,0.0,0.0,0.0
1789087792.2905188,0.0,0.0,0.0,0.0,0.0,0.0
1789087792.3375826,0.0,0.0,0.0,0.0,0.0,0.0
1789087792.3874934,0.0,0.0,0.0,0.0,0.0,0.0
1789087792.4373868,0.0,0.0,0.0,0.0,0.0,0.0
1789087792.487502,0.0,0.0,0.0,0.0,0.0,0.0
1789087792.5373058,0.0,0.0,0.0,0.0,0.0,0.0
1789087792.590009,0.0,0.0,0.0,0.0,0.0,0.0
1789087792.6373954,0.0,0.0,0.0,0.0,0.0,0.0
1789087792.68723,0.0,0.0,0.0,0.0,0.0,0.0
1789087792.7375398,0.0,0.0,0.0,0.0,0.0,0.0
1789087792.790267,0.0,0.0,0.0,0.0,0.0,0.0
1789087792.8374064,0.0,0.0,0.0,0.0,0.0,0.0
1789087792.8873947,0.0,0.0,0.0,0.0,0.0,0.0
1789087792.9372885,0.0,0.0,0.0,0.0,0.0,0.0
1789087792.9874828,0.0,0.0,0.0,0.0,0.0,0.0
1789087793.037214,0.0,0.0,0.0,0.0,0.0,0.0
1789087793.0874035,0.0,0.0,0.0,0.0,0.0,0.0
1789087793.137526,0.0,0.0,0.0,0.0,0.0,0.0
1789087793.1897526,0.0,0.0,0.0,0.0,0.0,0.0
1789087793.2375736,0.0,0.0,0.0,0.0,0.0,0.0
1789087793.2874682,0.0,0.0,0.0,0.0,0.0,0.0
1789087793.337415,0.0,0.0,0.0,0.0,0.0,0.0
1789087793.3875146,0.0,0.0,0.0,0.0,0.0,0.0
1789087793.4374611,0.0,0.0,0.0,0.0,0.0,0.0
1789087793.487651,0.0,0.0,0.0,0.0,0.0,0.0
1789087793.5373955,0.0,0.0,0.0,0.0,0.0,0.0
1789087793.5874233,0.0,0.0,0.0,0.0,0.0,0.0
1789087793.637356,0.0,0.0,0.0,0.0,0.0,0.0
1789087793.687487,0.0,0.0,0.0,0.0,0.0,0.0
1789087793.737354,0.0,0.0,0.0,0.0,0.0,0.0
1789087793.78734,0.0,0.0,0.0,0.0,0.0,0.0
1789087793.8373678,0.0,0.0,0.0,0.0,0.0,0.0
1789087793.8872855,0.0,0.0,0.0,0.0,0.0,0.0
1789087793.9374378,0.0,0.0,0.0,0.0,0.0,0.0
1789087793.9875052,0.0,0.0,0.0,0.0,0.0,0.0
1789087794.0373368,0.0,0.0,0.0,0.0,0.0,0.0
1789087794.087512,0.0,0.0,0.0,0.0,0.0,0.0
1789087794.1373212,0.0,0.0,0.0,0.0,0.0,0.0
1789087794.1875906,0.0,0.0,0.0,0.0,0.0,0.0
1789087794.2376988,0.0,0.0,0.0,0.0,0.0,0.0
1789087794.2874904,0.0,0.0,0.0,0.0,0.0,0.0
1789087794.337583,0.0,0.0,0.0,0.0,0.0,0.0
1789087794.3875225,0.0,0.0,0.0,0.0,0.0,0.0
1789087794.4373076,0.0,0.0,0.0,0.0,0.0,0.0
1789087794.4873173,0.0,0.0,0.0,0.0,0.0,0.0
1789087794.5372925,0.0,0.0,0.0,0.0,0.0,0.0
1789087794.5872614,0.0,0.0,0.0,0.0,0.0,0.0
1789087794.6373255,0.0,0.0,0.0,0.0,0.0,0.0
1789087794.6872528,0.0,0.0,0.0,0.0,0.0,0.0
1789087794.7374742,0.0,0.0,0.0,0.0,0.0,0.0
1789087794.7873175,0.0,0.0,0.0,0.0,0.0,0.0
1789087794.8374124,0.0,0.0,0.0,0.0,0.0,0.0
1789087794.8875463,0.0,0.0,0.0,0.0,0.0,0.0
1789087794.937538,0.0,0.0,0.0,0.0,0.0,0.0
1789087794.987477,0.0,0.0,0.0,0.0,0.0,0.0
1789087795.0374732,0.0,0.0,0.0,0.0,0.0,0.0
1789087795.087541,0.0,0.0,0.0,0.0,0.0,0.0
1789087795.1376057,0.0,0.0,0.0,0.0,0.0,0.0
1789087795.1874063,0.0,0.0,0.0,0.0,0.0,0.0
1789087795.2373717,0.0,0.0,0.0,0.0,0.0,0.0
1789087795.2873766,0.0,0.0,0.0,0.0,0.0,0.0
1789087795.3373463,0.0,0.0,0.0,0.0,0.0,0.0
1789087795.3874207,0.0,0.0,0.0,0.0,0.0,0.0
1789087795.43752,0.0,0.0,0.0,0.0,0.0,0.0
1789087795.4874814,0.0,0.0,0.0,0.0,0.0,0.0
1789087795.537358,0.0,0.0,0.0,0.0,0.0,0.0
1789087795.5876043,0.0,0.0,0.0,0.0,0.0,0.0
1789087795.6375632,0.0,0.0,0.0,0.0,0.0,0.0
1789087795.6872342,0.0,0.0,0.0,0.0,0.0,0.0
1789087795.7375364,0.0,0.0,0.0,0.0,0.0,0.0
1789087795.787341,0.0,0.0,0.0,0.0,0.0,0.0
1789087795.8375647,0.0,0.0,0.0,0.0,0.0,0.0
1789087795.8873844,0.0,0.0,0.0,0.0,0.0,0.0
1789087795.937478,0.0,0.0,0.0,0.0,0.0,0.0
1789087795.987429,0.0,0.0,0.0,0.0,0.0,0.0
1789087796.0374694,0.0,0.0,0.0,0.0,0.0,0.0
1789087796.08729,0.0,0.0,0.0,0.0,0.0,0.0
1789087796.137592,0.0,0.0,0.0,0.0,0.0,0.0
1789087796.1874232,0.0,0.0,0.0,0.0,0.0,0.0
1789087796.2375274,0.0,0.0,0.0,0.0,0.0,0.0
1789087796.2874362,0.0,0.0,0.0,0.0,0.0,0.0
1789087796.337367,0.0,0.0,0.0,0.0,0.0,0.0
1789087796.3873224,0.0,0.0,0.0,0.0,0.0,0.0
1789087796.4372716,0.0,0.0,0.0,0.0,0.0,0.0
1789087796.4875379,0.0,0.0,0.0,0.0,0.0,0.0
1789087796.5373006,0.0,0.0,0.0,0.0,0.0,0.0
1789087796.5873456,0.0,0.0,0.0,0.0,0.0,0.0
1789087796.63753,0.0,0.0,0.0,0.0,0.0,0.0
1789087796.6874657,0.0,0.0,0.0,0.0,0.0,0.0
1789087796.7374058,0.0,0.0,0.0,0.0,0.0,0.0
1789087796.787468,0.0,0.0,0.0,0.0,0.0,0.0
1789087796.8373594,0.0,0.0,0.0,0.0,0.0,0.0
1789087796.8872893,0.0,0.0,0.0,0.0,0.0,0.0
1789087796.937358,0.0,0.0,0.0,0.0,0.0,0.0
1789087796.9875817,0.0,0.0,0.0,0.0,0.0,0.0
1789087797.0373,0.0,0.0,0.0,0.0,0.0,0.0
1789087797.0874104,0.0,0.0,0.0,0.0,0.0,0.0
1789087797.1371217,0.0,0.0,0.0,0.0,0.0,0.0
1789087797.1871798,0.0,0.0,0.0,0.0,0.0,0.0
1789087797.237263,0.0,0.0,0.0,0.0,0.0,0.0
1789087797.287245,0.0,0.0,0.0,0.0,0.0,0.0
1789087797.33736,0.0,0.0,0.0,0.0,0.0,0.0
1789087797.3873763,0.0,0.0,0.0,0.0,0.0,0.0
1789087797.4373198,0.0,0.0,0.0,0.0,0.0,0.0
1789087797.4874275,0.0,0.0,0.0,0.0,0.0,0.0
1789087797.5373595,0.0,0.0,0.0,0.0,0.0,0.0
1789087797.5873365,0.0,0.0,0.0,0.0,0.0,0.0
1789087797.637346,0.0,0.0,0.0,0.0,0.0,0.0
1789087797.6872606,0.0,0.0,0.0,0.0,0.0,0.0
1789087797.7373629,0.0,0.0,0.0,0.0,0.0,0.0
1789087797.787413,0.0,0.0,0.0,0.0,0.0,0.0
1789087797.8374321,0.0,0.0,0.0,0.0,0.0,0.0
1789087797.887404,0.0,0.0,0.0,0.0,0.0,0.0
1789087797.9373467,0.0,0.0,0.0,0.0,0.0,0.0
1789087797.987358,0.0,0.0,0.0,0.0,0.0,0.0
1789087798.0375845,0.0,0.0,0.0,0.0,0.0,0.0
1789087798.0873623,0.0,0.0,0.0,0.0,0.0,0.0
1789087798.137613,0.0,0.0,0.0,0.0,0.0,0.0
1789087798.1876347,0.0,0.0,0.0,0.0,0.0,0.0
1789087798.237566,0.0,0.0,0.0,0.0,0.0,0.0
1789087798.287632,0.0,0.0,0.0,0.0,0.0,0.0
1789087798.337306,0.0,0.0,0.0,0.0,0.0,0.0
1789087798.3875258,0.0,0.0,0.0,0.0,0.0,0.0
1789087798.4375246,0.0,0.0,0.0,0.0,0.0,0.0
1789087798.4875743,0.0,0.0,0.0,0.0,0.0,0.0
1789087798.5375943,0.0,0.0,0.0,0.0,0.0,0.0
1789087798.5875783,0.0,0.0,0.0,0.0,0.0,0.0
1789087798.6375358,0.0,0.0,0.0,0.0,0.0,0.0
1789087798.6874952,0.0,0.0,0.0,0.0,0.0,0.0
1789087798.7373977,0.0,0.0,0.0,0.0,0.0,0.0
1789087798.787468,0.0,0.0,0.0,0.0,0.0,0.0
1789087798.837454,0.0,0.0,0.0,0.0,0.0,0.0
1789087798.887536,0.0,0.0,0.0,0.0,0.0,0.0
1789087798.9372694,0.0,0.0,0.0,0.0,0.0,0.0
1789087798.9874983,0.0,0.0,0.0,0.0,0.0,0.0
1789087799.0373607,0.0,0.0,0.0,0.0,0.0,0.0
1789087799.0872843,0.0,0.0,0.0,0.0,0.0,0.0
1789087799.1378562,0.0,0.0,0.0,0.0,0.0,0.0
1789087799.1875463,0.0,0.0,0.0,0.0,0.0,0.0
1789087799.2371824,0.0,0.0,0.0,0.0,0.0,0.0
1789087799.287521,0.0,0.0,0.0,0.0,0.0,0.0
1789087799.3376577,0.0,0.0,0.0,0.0,0.0,0.0
1789087799.38759,0.0,0.0,0.0,0.0,0.0,0.0
1789087799.437396,0.0,0.0,0.0,0.0,0.0,0.0
1789087799.4875414,0.0,0.0,0.0,0.0,0.0,0.0
1789087799.537607,0.0,0.0,0.0,0.0,0.0,0.0
1789087799.5874977,0.0,0.0,0.0,0.0,0.0,0.0
1789087799.6374357,0.0,0.0,0.0,0.0,0.0,0.0
1789087799.6876087,0.0,0.0,0.0,0.0,0.0,0.0
1789087799.7376192,0.0,0.0,0.0,0.0,0.0,0.0
1789087799.7878504,0.0,0.0,0.0,0.0,0.0,0.0
1789087799.8375845,0.0,0.0,0.0,0.0,0.0,0.0
1789087799.8876922,0.0,0.0,0.0,0.0,0.0,0.0
1789087799.9376178,0.0,0.0,0.0,0.0,0.0,0.0
1789087799.9876547,0.0,0.0,0.0,0.0,0.0,0.0
1789087800.0372276,0.0,0.0,0.0,0.0,0.0,0.0
1789087800.0876627,0.0,0.0,0.0,0.0,0.0,0.0
1789087800.1376116,0.0,0.0,0.0,0.0,0.0,0.0
1789087800.1875808,0.0,0.0,0.0,0.0,0.0,0.0
1789087800.2373486,0.0,0.0,0.0,0.0,0.0,0.0
1789087800.2876108,0.0,0.0,0.0,0.0,0.0,0.0
1789087800.3376052,0.0,0.0,0.0,0.0,0.0,0.0
1789087800.387545,0.0,0.0,0.0,0.0,0.0,0.0
1789087800.4374037,0.0,0.0,0.0,0.0,0.0,0.0
1789087800.4876401,0.0,0.0,0.0,0.0,0.0,0.0
1789087800.538251,0.0,0.0,0.0,0.0,0.0,0.0
1789087800.5877655,0.0,0.0,0.0,0.0,0.0,0.0
1789087800.6375926,0.0,0.0,0.0,0.0,0.0,0.0
1789087800.6876354,0.0,0.0,0.0,0.0,0.0,0.0
1789087800.7376666,0.0,0.0,0.0,0.0,0.0,0.0
1789087800.7876575,0.0,0.0,0.0,0.0,0.0,0.0
1789087800.8375707,0.0,0.0,0.0,0.0,0.0,0.0
1789087800.8876572,0.0,0.0,0.0,0.0,0.0,0.0
1789087800.937636,0.0,0.0,0.0,0.0,0.0,0.0
1789087800.987676,0.0,0.0,0.0,0.0,0.0,0.0
1789087801.037576,0.0,0.0,0.0,0.0,0.0,0.0
1789087801.08756,0.0,0.0,0.0,0.0,0.0,0.0
1789087801.1376173,0.0,0.0,0.0,0.0,0.0,0.0
1789087801.1877215,0.0,0.0,0.0,0.0,0.0,0.0
1789087801.2376034,0.0,0.0,0.0,0.0,0.0,0.0
1789087801.2877138,0.0,0.0,0.0,0.0,0.0,0.0
1789087801.3375442,0.0,0.0,0.0,0.0,0.0,0.0
1789087801.3876004,0.0,0.0,0.0,0.0,0.0,0.0
1789087801.4374416,0.0,0.0,0.0,0.0,0.0,0.0
1789087801.4874132,0.0,0.0,0.0,0.0,0.0,0.0
1789087801.5372698,0.0,0.0,0.0,0.0,0.0,0.0
1789087801.5873344,0.0,0.0,0.0,0.0,0.0,0.0
1789087801.6374013,0.0,0.0,0.0,0.0,0.0,0.0
1789087801.6876774,0.0,0.0,0.0,0.0,0.0,0.0
1789087801.7375247,0.0,0.0,0.0,0.0,0.0,0.0
1789087801.7872367,0.0,0.0,0.0,0.0,0.0,0.0
1789087801.837184,0.0,0.0,0.0,0.0,0.0,0.0
1789087801.887375,0.0,0.0,0.0,0.0,0.0,0.0
1789087801.9373887,0.0,0.0,0.0,0.0,0.0,0.0
1789087801.987724,0.0,0.0,0.0,0.0,0.0,0.0
1789087802.0374506,0.0,0.0,0.0,0.0,0.0,0.0
1789087802.087245,0.0,0.0,0.0,0.0,0.0,0.0
1789087802.1373181,0.0,0.0,0.0,0.0,0.0,0.0
1789087802.1870646,0.0,0.0,0.0,0.0,0.0,0.0
1789087802.2371814,0.0,0.0,0.0,0.0,0.0,0.0
1789087802.287387,0.0,0.0,0.0,0.0,0.0,0.0
1789087802.337221,0.0,0.0,0.0,0.0,0.0,0.0
1789087802.3873687,0.0,0.0,0.0,0.0,0.0,0.0
1789087802.4374082,0.0,0.0,0.0,0.0,0.0,0.0
1789087802.4873562,0.0,0.0,0.0,0.0,0.0,0.0
1789087802.53729,0.0,0.0,0.0,0.0,0.0,0.0
1789087802.587441,0.0,0.0,0.0,0.0,0.0,0.0
1789087802.6373677,0.0,0.0,0.0,0.0,0.0,0.0
1789087802.687508,0.0,0.0,0.0,0.0,0.0,0.0
1789087802.7373097,0.0,0.0,0.0,0.0,0.0,0.0
1789087802.787351,0.0,0.0,0.0,0.0,0.0,0.0
1789087802.8373945,0.0,0.0,0.0,0.0,0.0,0.0
1789087802.8875444,0.0,0.0,0.0,0.0,0.0,0.0
1789087802.937459,0.0,0.0,0.0,0.0,0.0,0.0
1789087802.9874508,0.0,0.0,0.0,0.0,0.0,0.0
1789087803.037215,0.0,0.0,0.0,0.0,0.0,0.0
1789087803.0873318,0.0,0.0,0.0,0.0,0.0,0.0
1789087803.1374335,0.0,0.0,0.0,0.0,0.0,0.0
1789087803.1874652,0.0,0.0,0.0,0.0,0.0,0.0
1789087803.2374284,0.0,0.0,0.0,0.0,0.0,0.0
1789087803.2873669,0.0,0.0,0.0,0.0,0.0,0.0
1789087803.3374536,0.0,0.0,0.0,0.0,0.0,0.0
1789087803.3875024,0.0,0.0,0.0,0.0,0.0,0.0
1789087803.4372838,0.0,0.0,0.0,0.0,0.0,0.0
1789087803.4874842,0.0,0.0,0.0,0.0,0.0,0.0
1789087803.5372064,0.0,0.0,0.0,0.0,0.0,0.0
1789087803.587449,0.0,0.0,0.0,0.0,0.0,0.0
1789087803.637261,0.0,0.0,0.0,0.0,0.0,0.0
1789087803.6874838,0.0,0.0,0.0,0.0,0.0,0.0
1789087803.7373848,0.0,0.0,0.0,0.0,0.0,0.0
1789087803.7875373,0.0,0.0,0.0,0.0,0.0,0.0
1789087803.837418,0.0,0.0,0.0,0.0,0.0,0.0
1789087803.887508,0.0,0.0,0.0,0.0,0.0,0.0
1789087803.9373844,0.0,0.0,0.0,0.0,0.0,0.0
1789087803.9874225,0.0,0.0,0.0,0.0,0.0,0.0
1789087804.0372772,0.0,0.0,0.0,0.0,0.0,0.0
1789087804.0873148,0.0,0.0,0.0,0.0,0.0,0.0
1789087804.1372972,0.0,0.0,0.0,0.0,0.0,0.0
1789087804.1874478,0.0,0.0,0.0,0.0,0.0,0.0
1789087804.2373345,0.0,0.0,0.0,0.0,0.0,0.0
1789087804.287287,0.0,0.0,0.0,0.0,0.0,0.0
1789087804.337273,0.0,0.0,0.0,0.0,0.0,0.0
1789087804.3874724,0.0,0.0,0.0,0.0,0.0,0.0
1789087804.4372518,0.0,0.0,0.0,0.0,0.0,0.0
1789087804.4874518,0.0,0.0,0.0,0.0,0.0,0.0
1789087804.5373328,0.0,0.0,0.0,0.0,0.0,0.0
1789087804.5874104,0.0,0.0,0.0,0.0,0.0,0.0
1789087804.6373484,0.0,0.0,0.0,0.0,0.0,0.0
1789087804.6876495,0.0,0.0,0.0,0.0,0.0,0.0
1789087804.7373335,0.0,0.0,0.0,0.0,0.0,0.0
1789087804.7875044,0.0,0.0,0.0,0.0,0.0,0.0
1789087804.8374436,0.0,0.0,0.0,0.0,0.0,0.0
1789087804.8875558,0.0,0.0,0.0,0.0,0.0,0.0
1789087804.9373775,0.0,0.0,0.0,0.0,0.0,0.0
1789087804.987399,0.0,0.0,0.0,0.0,0.0,0.0
1789087805.0373902,0.0,0.0,0.0,0.0,0.0,0.0
1789087805.0875695,0.0,0.0,0.0,0.0,0.0,0.0
1789087805.1372902,0.0,0.0,0.0,0.0,0.0,0.0
1789087805.1875684,0.0,0.0,0.0,0.0,0.0,0.0
1789087805.2376747,0.0,0.0,0.0,0.0,0.0,0.0
1789087805.2873614,0.0,0.0,0.0,0.0,0.0,0.0
1789087805.3373578,0.0,0.0,0.0,0.0,0.0,0.0
1789087805.3874178,0.0,0.0,0.0,0.0,0.0,0.0
1789087805.4378812,0.0,0.0,0.0,0.0,0.0,0.0
1789087805.4876158,0.0,0.0,0.0,0.0,0.0,0.0
1789087805.5373507,0.0,0.0,0.0,0.0,0.0,0.0
1789087805.5874805,0.0,0.0,0.0,0.0,0.0,0.0
1789087805.637273,0.0,0.0,0.0,0.0,0.0,0.0
1789087805.6876178,0.0,0.0,0.0,0.0,0.0,0.0
1789087805.7372518,0.0,0.0,0.0,0.0,0.0,0.0
1789087805.7873967,0.0,0.0,0.0,0.0,0.0,0.0
1789087805.8373337,0.0,0.0,0.0,0.0,0.0,0.0
1789087805.887292,0.0,0.0,0.0,0.0,0.0,0.0
1789087805.9374442,0.0,0.0,0.0,0.0,0.0,0.0
1789087805.9872448,0.0,0.0,0.0,0.0,0.0,0.0
1789087806.0378754,0.0,0.0,0.0,0.0,0.0,0.0
1789087806.0874257,0.0,0.0,0.0,0.0,0.0,0.0
1789087806.1371617,0.0,0.0,0.0,0.0,0.0,0.0
1789087806.1873512,0.0,0.0,0.0,0.0,0.0,0.0
1789087806.2374165,0.0,0.0,0.0,0.0,0.0,0.0
1789087806.2874055,0.0,0.0,0.0,0.0,0.0,0.0
1789087806.3374805,0.0,0.0,0.0,0.0,0.0,0.0
1789087806.387386,0.0,0.0,0.0,0.0,0.0,0.0
1789087806.4394717,0.0,0.0,0.0,0.0,0.0,0.0
1789087806.4875138,0.0,0.0,0.0,0.0,0.0,0.0
1789087806.5371854,0.0,0.0,0.0,0.0,0.0,0.0
1789087806.5873418,0.0,0.0,0.0,0.0,0.0,0.0
1789087806.6371655,0.0,0.0,0.0,0.0,0.0,0.0
1789087806.6874952,0.0,0.0,0.0,0.0,0.0,0.0
1789087806.7374895,0.0,0.0,0.0,0.0,0.0,0.0
1789087806.7875845,0.0,0.0,0.0,0.0,0.0,0.0
1789087806.8374941,0.0,0.0,0.0,0.0,0.0,0.0
1789087806.887521,0.0,0.0,0.0,0.0,0.0,0.0
1789087806.9374444,0.0,0.0,0.0,0.0,0.0,0.0
1789087806.9874668,0.0,0.0,0.0,0.0,0.0,0.0
1789087807.041408,0.0,0.0,0.0,0.0,0.0,0.0
1789087807.087348,0.0,0.0,0.0,0.0,0.0,0.0
1789087807.137513,0.0,0.0,0.0,0.0,0.0,0.0
1789087807.187228,0.0,0.0,0.0,0.0,0.0,0.0
1789087807.2373316,0.0,0.0,0.0,0.0,0.0,0.0
1789087807.2873595,0.0,0.0,0.0,0.0,0.0,0.0
1789087807.3385253,0.0,0.0,0.0,0.0,0.0,0.0
1789087807.3873816,0.0,0.0,0.0,0.0,0.0,0.0
1789087807.43734,0.0,0.0,0.0,0.0,0.0,0.0
1789087807.4873545,0.0,0.0,0.0,0.0,0.0,0.0
1789087807.5372107,0.0,0.0,0.0,0.0,0.0,0.0
1789087807.5875924,0.0,0.0,0.0,0.0,0.0,0.0
1789087807.639363,0.0,0.0,0.0,0.0,0.0,0.0
1789087807.687562,0.0,0.0,0.0,0.0,0.0,0.0
1789087807.74272,0.0,0.0,0.0,0.0,0.0,0.0
1789087807.7875316,0.0,0.0,0.0,0.0,0.0,0.0
1789087807.8397968,0.0,0.0,0.0,0.0,0.0,0.0
1789087807.8874948,0.0,0.0,0.0,0.0,0.0,0.0
1789087807.937537,0.0,0.0,0.0,0.0,0.0,0.0
1789087807.9874063,0.0,0.0,0.0,0.0,0.0,0.0
1789087808.0408762,0.0,0.0,0.0,0.0,0.0,0.0
1789087808.0873032,0.0,0.0,0.0,0.0,0.0,0.0
1789087808.1374354,0.0,0.0,0.0,0.0,0.0,0.0
1789087808.1873894,0.0,0.0,0.0,0.0,0.0,0.0
1789087808.2373395,0.0,0.0,0.0,0.0,0.0,0.0
1789087808.2873397,0.0,0.0,0.0,0.0,0.0,0.0
1789087808.3403776,0.0,0.0,0.0,0.0,0.0,0.0
1789087808.3875282,0.0,0.0,0.0,0.0,0.0,0.0
1789087808.4373336,0.0,0.0,0.0,0.0,0.0,0.0
1789087808.4873822,0.0,0.0,0.0,0.0,0.0,0.0
1789087808.5417113,0.0,0.0,0.0,0.0,0.0,0.0
1789087808.5874286,0.0,0.0,0.0,0.0,0.0,0.0
1789087808.6375704,0.0,0.0,0.0,0.0,0.0,0.0
1789087808.6875024,0.0,0.0,0.0,0.0,0.0,0.0
1789087808.7375538,0.0,0.0,0.0,0.0,0.0,0.0
1789087808.7872891,0.0,0.0,0.0,0.0,0.0,0.0
1789087808.837158,0.0,0.0,0.0,0.0,0.0,0.0
1789087808.8874764,0.0,0.0,0.0,0.0,0.0,0.0
1789087808.9372845,0.0,0.0,0.0,0.0,0.0,0.0
1789087808.9875162,0.0,0.0,0.0,0.0,0.0,0.0
1789087809.03738,0.0,0.0,0.0,0.0,0.0,0.0
1789087809.0874996,0.0,0.0,0.0,0.0,0.0,0.0
1789087809.137218,0.0,0.0,0.0,0.0,0.0,0.0
1789087809.1874974,0.0,0.0,0.0,0.0,0.0,0.0
1789087809.237524,0.0,0.0,0.0,0.0,0.0,0.0
1789087809.287443,0.0,0.0,0.0,0.0,0.0,0.0
1789087809.3373713,0.0,0.0,0.0,0.0,0.0,0.0
1789087809.3873749,0.0,0.0,0.0,0.0,0.0,0.0
1789087809.4388738,0.0,0.0,0.0,0.0,0.0,0.0
1789087809.487543,0.0,0.0,0.0,0.0,0.0,0.0
1789087809.5382955,0.0,0.0,0.0,0.0,0.0,0.0
1789087809.5874877,0.0,0.0,0.0,0.0,0.0,0.0
1789087809.637331,0.0,0.0,0.0,0.0,0.0,0.0
1789087809.687444,0.0,0.0,0.0,0.0,0.0,0.0
1789087809.7401924,0.0,0.0,0.0,0.0,0.0,0.0
1789087809.7876065,0.0,0.0,0.0,0.0,0.0,0.0
1789087809.8373404,0.0,0.0,0.0,0.0,0.0,0.0
1789087809.8873553,0.0,0.0,0.0,0.0,0.0,0.0
1789087809.9401717,0.0,0.0,0.0,0.0,0.0,0.0
1789087809.9873424,0.0,0.0,0.0,0.0,0.0,0.0
1789087810.0399952,0.0,0.0,0.0,0.0,0.0,0.0
1789087810.0873873,0.0,0.0,0.0,0.0,0.0,0.0
1789087810.1374025,0.0,0.0,0.0,0.0,0.0,0.0
1789087810.1873994,0.0,0.0,0.0,0.0,0.0,0.0
1789087810.2408361,0.0,0.0,0.0,0.0,0.0,0.0
1789087810.2873127,0.0,0.0,0.0,0.0,0.0,0.0
1789087810.341317,0.0,0.0,0.0,0.0,0.0,0.0
1789087810.3874512,0.0,0.0,0.0,0.0,0.0,0.0
1789087810.4394777,0.0,0.0,0.0,0.0,0.0,0.0
1789087810.4874907,0.0,0.0,0.0,0.0,0.0,0.0
1789087810.540457,0.0,0.0,0.0,0.0,0.0,0.0
1789087810.587349,0.0,0.0,0.0,0.0,0.0,0.0
1789087810.6406338,0.0,0.0,0.0,0.0,0.0,0.0
1789087810.687386,0.0,0.0,0.0,0.0,0.0,0.0
1789087810.738399,0.0,0.0,0.0,0.0,0.0,0.0
1789087810.787303,0.0,0.0,0.0,0.0,0.0,0.0
1789087810.8371553,0.0,0.0,0.0,0.0,0.0,0.0
1789087810.8873448,0.0,0.0,0.0,0.0,0.0,0.0
1789087810.9385922,0.0,0.0,0.0,0.0,0.0,0.0
1789087810.9873347,0.0,0.0,0.0,0.0,0.0,0.0
1789087811.039159,0.0,0.0,0.0,0.0,0.0,0.0
1789087811.0872068,0.0,0.0,0.0,0.0,0.0,0.0
1789087811.1410341,0.0,0.0,0.0,0.0,0.0,0.0
1789087811.187331,0.0,0.0,0.0,0.0,0.0,0.0
1789087811.2387152,0.0,0.0,0.0,0.0,0.0,0.0
1789087811.2873719,0.0,0.0,0.0,0.0,0.0,0.0
1789087811.33749,0.0,0.0,0.0,0.0,0.0,0.0
1789087811.3873851,0.0,0.0,0.0,0.0,0.0,0.0
1789087811.4374511,0.0,0.0,0.0,0.0,0.0,0.0
1789087811.4872556,0.0,0.0,0.0,0.0,0.0,0.0
1789087811.539097,0.0,0.0,0.0,0.0,0.0,0.0
1789087811.5873597,0.0,0.0,0.0,0.0,0.0,0.0
1789087811.6415296,0.0,0.0,0.0,0.0,0.0,0.0
1789087811.6876316,0.0,0.0,0.0,0.0,0.0,0.0
1789087811.7387545,0.0,0.0,0.0,0.0,0.0,0.0
1789087811.7875738,0.0,0.0,0.0,0.0,0.0,0.0
1789087811.8376534,0.0,0.0,0.0,0.0,0.0,0.0
1789087811.8876376,0.0,0.0,0.0,0.0,0.0,0.0
1789087811.9393957,0.0,0.0,0.0,0.0,0.0,0.0
1789087811.9873486,0.0,0.0,0.0,0.0,0.0,0.0
1789087812.0381575,0.0,0.0,0.0,0.0,0.0,0.0
1789087812.0873098,0.0,0.0,0.0,0.0,0.0,0.0
1789087812.1409416,0.0,0.0,0.0,0.0,0.0,0.0
1789087812.1872842,0.0,0.0,0.0,0.0,0.0,0.0
1789087812.2413507,0.0,0.0,0.0,0.0,0.0,0.0
1789087812.2873652,0.0,0.0,0.0,0.0,0.0,0.0
1789087812.3373315,0.0,0.0,0.0,0.0,0.0,0.0
1789087812.387544,0.0,0.0,0.0,0.0,0.0,0.0
1789087812.4438825,0.0,0.0,0.0,0.0,0.0,0.0
1789087812.48759,0.0,0.0,0.0,0.0,0.0,0.0
1789087812.54013,0.0,0.0,0.0,0.0,0.0,0.0
1789087812.5873997,0.0,0.0,0.0,0.0,0.0,0.0
1789087812.641434,0.0,0.0,0.0,0.0,0.0,0.0
1789087812.687455,0.0,0.0,0.0,0.0,0.0,0.0
1789087812.7391605,0.0,0.0,0.0,0.0,0.0,0.0
1789087812.7874677,0.0,0.0,0.0,0.0,0.0,0.0
1789087812.837601,0.0,0.0,0.0,0.0,0.0,0.0
1789087812.8875902,0.0,0.0,0.0,0.0,0.0,0.0
1789087812.9375963,0.0,0.0,0.0,0.0,0.0,0.0
1789087812.9875884,0.0,0.0,0.0,0.0,0.0,0.0
1789087813.0426111,0.0,0.0,0.0,0.0,0.0,0.0
1789087813.0876257,0.0,0.0,0.0,0.0,0.0,0.0
1789087813.1425865,0.0,0.0,0.0,0.0,0.0,0.0
1789087813.187541,0.0,0.0,0.0,0.0,0.0,0.0
1789087813.239267,0.0,0.0,0.0,0.0,0.0,0.0
1789087813.2874005,0.0,0.0,0.0,0.0,0.0,0.0
1789087813.3416543,0.0,0.0,0.0,0.0,0.0,0.0
1789087813.3873117,0.0,0.0,0.0,0.0,0.0,0.0
1789087813.4431717,0.0,0.0,0.0,0.0,0.0,0.0
1789087813.4874125,0.0,0.0,0.0,0.0,0.0,0.0
1789087813.5405083,0.0,0.0,0.0,0.0,0.0,0.0
1789087813.5875266,0.0,0.0,0.0,0.0,0.0,0.0
1789087813.6415088,0.0,0.0,0.0,0.0,0.0,0.0
1789087813.6871955,0.0,0.0,0.0,0.0,0.0,0.0
1789087813.7406952,0.0,0.0,0.0,0.0,0.0,0.0
1789087813.787344,0.0,0.0,0.0,0.0,0.0,0.0
1789087813.8402812,0.0,0.0,0.0,0.0,0.0,0.0
1789087813.8875167,0.0,0.0,0.0,0.0,0.0,0.0
1789087813.9452147,0.0,0.0,0.0,0.0,0.0,0.0
1789087813.987431,0.0,0.0,0.0,0.0,0.0,0.0
1789087814.0412,0.0,0.0,0.0,0.0,0.0,0.0
1789087814.0872421,0.0,0.0,0.0,0.0,0.0,0.0
1789087814.14228,0.0,0.0,0.0,0.0,0.0,0.0
1789087814.1874063,0.0,0.0,0.0,0.0,0.0,0.0
1789087814.240411,0.0,0.0,0.0,0.0,0.0,0.0
1789087814.2874558,0.0,0.0,0.0,0.0,0.0,0.0
1789087814.339456,0.0,0.0,0.0,0.0,0.0,0.0
1789087814.387479,0.0,0.0,0.0,0.0,0.0,0.0
1789087814.4397209,0.0,0.0,0.0,0.0,0.0,0.0
1789087814.4873135,0.0,0.0,0.0,0.0,0.0,0.0
1789087814.5397835,0.0,0.0,0.0,0.0,0.0,0.0
1789087814.5874865,0.0,0.0,0.0,0.0,0.0,0.0
1789087814.6433227,0.0,0.0,0.0,0.0,0.0,0.0
1789087814.687252,0.0,0.0,0.0,0.0,0.0,0.0
1789087814.737467,0.0,0.0,0.0,0.0,0.0,0.0
1789087814.787277,0.0,0.0,0.0,0.0,0.0,0.0
1789087814.843238,0.0,0.0,0.0,0.0,0.0,0.0
1789087814.8875406,0.0,0.0,0.0,0.0,0.0,0.0
1789087814.9373217,0.0,0.0,0.0,0.0,0.0,0.0
1789087814.9872015,0.0,0.0,0.0,0.0,0.0,0.0
1789087815.0444288,0.0,0.0,0.0,0.0,0.0,0.0
1789087815.0873513,0.0,0.0,0.0,0.0,0.0,0.0
1789087815.137755,0.0,0.0,0.0,0.0,0.0,0.0
1789087815.1876774,0.0,0.0,0.0,0.0,0.0,0.0
1789087815.24394,0.0,0.0,0.0,0.0,0.0,0.0
1789087815.2877572,0.0,0.0,0.0,0.0,0.0,0.0
1789087815.3374403,0.0,0.0,0.0,0.0,0.0,0.0
1789087815.3875082,0.0,0.0,0.0,0.0,0.0,0.0
1789087815.437529,0.0,0.0,0.0,0.0,0.0,0.0
1789087815.4874094,0.0,0.0,0.0,0.0,0.0,0.0
1789087815.5403135,0.0,0.0,0.0,0.0,0.0,0.0
1789087815.5875506,0.0,0.0,0.0,0.0,0.0,0.0
1789087815.6375303,0.0,0.0,0.0,0.0,0.0,0.0
1789087815.6874745,0.0,0.0,0.0,0.0,0.0,0.0
1789087815.7373147,0.0,0.0,0.0,0.0,0.0,0.0
1789087815.787497,0.0,0.0,0.0,0.0,0.0,0.0
1789087815.8374922,0.0,0.0,0.0,0.0,0.0,0.0
1789087815.8875446,0.0,0.0,0.0,0.0,0.0,0.0
1789087815.937359,0.0,0.0,0.0,0.0,0.0,0.0
1789087815.9873917,0.0,0.0,0.0,0.0,0.0,0.0
1789087816.037622,0.0,0.0,0.0,0.0,0.0,0.0
1789087816.0874135,0.0,0.0,0.0,0.0,0.0,0.0
1789087816.1377552,0.0,0.0,0.0,0.0,0.0,0.0
1789087816.1874664,0.0,0.0,0.0,0.0,0.0,0.0
1789087816.2373343,0.0,0.0,0.0,0.0,0.0,0.0
1789087816.2873778,0.0,0.0,0.0,0.0,0.0,0.0
1789087816.3376355,0.0,0.0,0.0,0.0,0.0,0.0
1789087816.3873005,0.0,0.0,0.0,0.0,0.0,0.0
1789087816.4375043,0.0,0.0,0.0,0.0,0.0,0.0
1789087816.4874856,0.0,0.0,0.0,0.0,0.0,0.0
1789087816.5374517,0.0,0.0,0.0,0.0,0.0,0.0
1789087816.5874443,0.0,0.0,0.0,0.0,0.0,0.0
1789087816.6374288,0.0,0.0,0.0,0.0,0.0,0.0
1789087816.6875405,0.0,0.0,0.0,0.0,0.0,0.0
1789087816.7373521,0.0,0.0,0.0,0.0,0.0,0.0
1789087816.7874253,0.0,0.0,0.0,0.0,0.0,0.0
1789087816.8372078,0.0,0.0,0.0,0.0,0.0,0.0
1789087816.887359,0.0,0.0,0.0,0.0,0.0,0.0
1789087816.9372277,0.0,0.0,0.0,0.0,0.0,0.0
1789087816.98731,0.0,0.0,0.0,0.0,0.0,0.0
1789087817.037284,0.0,0.0,0.0,0.0,0.0,0.0
1789087817.0872912,0.0,0.0,0.0,0.0,0.0,0.0
1789087817.1374831,0.0,0.0,0.0,0.0,0.0,0.0
1789087817.1872175,0.0,0.0,0.0,0.0,0.0,0.0
1789087817.2374666,0.0,0.0,0.0,0.0,0.0,0.0
1789087817.2873826,0.0,0.0,0.0,0.0,0.0,0.0
1789087817.3374789,0.0,0.0,0.0,0.0,0.0,0.0
1789087817.3874643,0.0,0.0,0.0,0.0,0.0,0.0
1789087817.4373143,0.0,0.0,0.0,0.0,0.0,0.0
1789087817.4877186,0.0,0.0,0.0,0.0,0.0,0.0
1789087817.53747,0.0,0.0,0.0,0.0,0.0,0.0
1789087817.5874166,0.0,0.0,0.0,0.0,0.0,0.0
1789087817.6374416,0.0,0.0,0.0,0.0,0.0,0.0
1789087817.687598,0.0,0.0,0.0,0.0,0.0,0.0
1789087817.7374308,0.0,0.0,0.0,0.0,0.0,0.0
1789087817.7872875,0.0,0.0,0.0,0.0,0.0,0.0
1789087817.8372903,0.0,0.0,0.0,0.0,0.0,0.0
1789087817.8875365,0.0,0.0,0.0,0.0,0.0,0.0
1789087817.9375775,0.0,0.0,0.0,0.0,0.0,0.0
1789087817.9874718,0.0,0.0,0.0,0.0,0.0,0.0
1789087818.0373902,0.0,0.0,0.0,0.0,0.0,0.0
1789087818.0876813,0.0,0.0,0.0,0.0,0.0,0.0
1789087818.137274,0.0,0.0,0.0,0.0,0.0,0.0
1789087818.1873643,0.0,0.0,0.0,0.0,0.0,0.0
1789087818.2371988,0.0,0.0,0.0,0.0,0.0,0.0
1789087818.287116,0.0,0.0,0.0,0.0,0.0,0.0
1789087818.33744,0.0,0.0,0.0,0.0,0.0,0.0
1789087818.3874965,0.0,0.0,0.0,0.0,0.0,0.0
1789087818.4373353,0.0,0.0,0.0,0.0,0.0,0.0
1789087818.4874945,0.0,0.0,0.0,0.0,0.0,0.0
1789087818.5373855,0.0,0.0,0.0,0.0,0.0,0.0
1789087818.587424,0.0,0.0,0.0,0.0,0.0,0.0
1789087818.6373987,0.0,0.0,0.0,0.0,0.0,0.0
1789087818.6872277,0.0,0.0,0.0,0.0,0.0,0.0
1789087818.7376156,0.0,0.0,0.0,0.0,0.0,0.0
1789087818.787576,0.0,0.0,0.0,0.0,0.0,0.0
1789087818.8374403,0.0,0.0,0.0,0.0,0.0,0.0
1789087818.8876326,0.0,0.0,0.0,0.0,0.0,0.0
1789087818.9376936,0.0,0.0,0.0,0.0,0.0,0.0
1789087818.987487,0.0,0.0,0.0,0.0,0.0,0.0
1789087819.0376194,0.0,0.0,0.0,0.0,0.0,0.0
1789087819.087231,0.0,0.0,0.0,0.0,0.0,0.0
1789087819.137519,0.0,0.0,0.0,0.0,0.0,0.0
1789087819.1874928,0.0,0.0,0.0,0.0,0.0,0.0
1789087819.237377,0.0,0.0,0.0,0.0,0.0,0.0
1789087819.287224,0.0,0.0,0.0,0.0,0.0,0.0
1789087819.3374872,0.0,0.0,0.0,0.0,0.0,0.0
1789087819.3874285,0.0,0.0,0.0,0.0,0.0,0.0
1789087819.4375236,0.0,0.0,0.0,0.0,0.0,0.0
1789087819.4875648,0.0,0.0,0.0,0.0,0.0,0.0
1789087819.5376403,0.0,0.0,0.0,0.0,0.0,0.0
1789087819.5873864,0.0,0.0,0.0,0.0,0.0,0.0
1789087819.6371953,0.0,0.0,0.0,0.0,0.0,0.0
1789087819.6873372,0.0,0.0,0.0,0.0,0.0,0.0
1789087819.737211,0.0,0.0,0.0,0.0,0.0,0.0
1789087819.7873182,0.0,0.0,0.0,0.0,0.0,0.0
1789087819.8375013,0.0,0.0,0.0,0.0,0.0,0.0
1789087819.887365,0.0,0.0,0.0,0.0,0.0,0.0
1789087819.937387,0.0,0.0,0.0,0.0,0.0,0.0
1789087819.9872339,0.0,0.0,0.0,0.0,0.0,0.0
1789087820.0373547,0.0,0.0,0.0,0.0,0.0,0.0
1789087820.0872374,0.0,0.0,0.0,0.0,0.0,0.0
1789087820.1372223,0.0,0.0,0.0,0.0,0.0,0.0
1789087820.1872923,0.0,0.0,0.0,0.0,0.0,0.0
1789087820.237575,0.0,0.0,0.0,0.0,0.0,0.0
1789087820.2874117,0.0,0.0,0.0,0.0,0.0,0.0
1789087820.3373878,0.0,0.0,0.0,0.0,0.0,0.0
1789087820.3874228,0.0,0.0,0.0,0.0,0.0,0.0
1789087820.4374998,0.0,0.0,0.0,0.0,0.0,0.0
1789087820.487338,0.0,0.0,0.0,0.0,0.0,0.0
1789087820.5373785,0.0,0.0,0.0,0.0,0.0,0.0
1789087820.587243,0.0,0.0,0.0,0.0,0.0,0.0
1789087820.637768,0.0,0.0,0.0,0.0,0.0,0.0
1789087820.6874623,0.0,0.0,0.0,0.0,0.0,0.0
1789087820.7373087,0.0,0.0,0.0,0.0,0.0,0.0
1789087820.7874572,0.0,0.0,0.0,0.0,0.0,0.0
1789087820.8374522,0.0,0.0,0.0,0.0,0.0,0.0
1789087820.8875256,0.0,0.0,0.0,0.0,0.0,0.0
1789087820.937386,0.0,0.0,0.0,0.0,0.0,0.0
1789087820.9875185,0.0,0.0,0.0,0.0,0.0,0.0
1789087821.0374331,0.0,0.0,0.0,0.0,0.0,0.0
1789087821.0874274,0.0,0.0,0.0,0.0,0.0,0.0
1789087821.1371865,0.0,0.0,0.0,0.0,0.0,0.0
1789087821.187545,0.0,0.0,0.0,0.0,0.0,0.0
1789087821.2372622,0.0,0.0,0.0,0.0,0.0,0.0
1789087821.2871869,0.0,0.0,0.0,0.0,0.0,0.0
1789087821.3374705,0.0,0.0,0.0,0.0,0.0,0.0
1789087821.3871841,0.0,0.0,0.0,0.0,0.0,0.0
1789087821.4374573,0.0,0.0,0.0,0.0,0.0,0.0
1789087821.487256,0.0,0.0,0.0,0.0,0.0,0.0
1789087821.537543,0.0,0.0,0.0,0.0,0.0,0.0
1789087821.5876446,0.0,0.0,0.0,0.0,0.0,0.0
1789087821.637654,0.0,0.0,0.0,0.0,0.0,0.0
1789087821.6873147,0.0,0.0,0.0,0.0,0.0,0.0
1789087821.7372613,0.0,0.0,0.0,0.0,0.0,0.0
1789087821.7872446,0.0,0.0,0.0,0.0,0.0,0.0
1789087821.8374493,0.0,0.0,0.0,0.0,0.0,0.0
1789087821.887178,0.0,0.0,0.0,0.0,0.0,0.0
1789087821.9373372,0.0,0.0,0.0,0.0,0.0,0.0
1789087821.987423,0.0,0.0,0.0,0.0,0.0,0.0
1789087822.0374026,0.0,0.0,0.0,0.0,0.0,0.0
1789087822.0873506,0.0,0.0,0.0,0.0,0.0,0.0
1789087822.1373117,0.0,0.0,0.0,0.0,0.0,0.0
1789087822.1871936,0.0,0.0,0.0,0.0,0.0,0.0
1789087822.2372482,0.0,0.0,0.0,0.0,0.0,0.0
1789087822.2872517,0.0,0.0,0.0,0.0,0.0,0.0
1789087822.3375382,0.0,0.0,0.0,0.0,0.0,0.0
1789087822.3874612,0.0,0.0,0.0,0.0,0.0,0.0
1789087822.437386,0.0,0.0,0.0,0.0,0.0,0.0
1789087822.4874327,0.0,0.0,0.0,0.0,0.0,0.0
1789087822.5375795,0.0,0.0,0.0,0.0,0.0,0.0
1789087822.5873122,0.0,0.0,0.0,0.0,0.0,0.0
1789087822.6376197,0.0,0.0,0.0,0.0,0.0,0.0
1789087822.687561,0.0,0.0,0.0,0.0,0.0,0.0
1789087822.7376554,0.0,0.0,0.0,0.0,0.0,0.0
1789087822.7875752,0.0,0.0,0.0,0.0,0.0,0.0
1789087822.8376296,0.0,0.0,0.0,0.0,0.0,0.0
1789087822.8873365,0.0,0.0,0.0,0.0,0.0,0.0
1789087822.93754,0.0,0.0,0.0,0.0,0.0,0.0
1789087822.9897134,0.0,0.0,0.0,0.0,0.0,0.0
1789087823.0374904,0.0,0.0,0.0,0.0,0.0,0.0
1789087823.0875814,0.0,0.0,0.0,0.0,0.0,0.0
1789087823.1373785,0.0,0.0,0.0,0.0,0.0,0.0
1789087823.1872082,0.0,0.0,0.0,0.0,0.0,0.0
1789087823.2372024,0.0,0.0,0.0,0.0,0.0,0.0
1789087823.2874272,0.0,0.0,0.0,0.0,0.0,0.0
1789087823.3374476,0.0,0.0,0.0,0.0,0.0,0.0
1789087823.3872666,0.0,0.0,0.0,0.0,0.0,0.0
1789087823.437241,0.0,0.0,0.0,0.0,0.0,0.0
1789087823.4873033,0.0,0.0,0.0,0.0,0.0,0.0
1789087823.537233,0.0,0.0,0.0,0.0,0.0,0.0
1789087823.5874012,0.0,0.0,0.0,0.0,0.0,0.0
1789087823.6374798,0.0,0.0,0.0,0.0,0.0,0.0
1789087823.6873188,0.0,0.0,0.0,0.0,0.0,0.0
1789087823.7374525,0.0,0.0,0.0,0.0,0.0,0.0
1789087823.787601,0.0,0.0,0.0,0.0,0.0,0.0
1789087823.8375995,0.0,0.0,0.0,0.0,0.0,0.0
1789087823.8873127,0.0,0.0,0.0,0.0,0.0,0.0
1789087823.937573,0.0,0.0,0.0,0.0,0.0,0.0
1789087823.9873967,0.0,0.0,0.0,0.0,0.0,0.0
1789087824.0375757,0.0,0.0,0.0,0.0,0.0,0.0
1789087824.0873473,0.0,0.0,0.0,0.0,0.0,0.0
1789087824.1372895,0.0,0.0,0.0,0.0,0.0,0.0
1789087824.1874702,0.0,0.0,0.0,0.0,0.0,0.0
1789087824.2374299,0.0,0.0,0.0,0.0,0.0,0.0
1789087824.2873902,0.0,0.0,0.0,0.0,0.0,0.0
1789087824.337429,0.0,0.0,0.0,0.0,0.0,0.0
1789087824.3873038,0.0,0.0,0.0,0.0,0.0,0.0
1789087824.4372385,0.0,0.0,0.0,0.0,0.0,0.0
1789087824.487413,0.0,0.0,0.0,0.0,0.0,0.0
1789087824.5373778,0.0,0.0,0.0,0.0,0.0,0.0
1789087824.5875356,0.0,0.0,0.0,0.0,0.0,0.0
1789087824.637472,0.0,0.0,0.0,0.0,0.0,0.0
1789087824.6873574,0.0,0.0,0.0,0.0,0.0,0.0
1789087824.7376018,0.0,0.0,0.0,0.0,0.0,0.0
1789087824.7876084,0.0,0.0,0.0,0.0,0.0,0.0
1789087824.8372936,0.0,0.0,0.0,0.0,0.0,0.0
1789087824.8870864,0.0,0.0,0.0,0.0,0.0,0.0
1789087824.9373128,0.0,0.0,0.0,0.0,0.0,0.0
1789087824.9873638,0.0,0.0,0.0,0.0,0.0,0.0
1789087825.0373647,0.0,0.0,0.0,0.0,0.0,0.0
1789087825.087126,0.0,0.0,0.0,0.0,0.0,0.0
1789087825.1373954,0.0,0.0,0.0,0.0,0.0,0.0
1789087825.1873767,0.0,0.0,0.0,0.0,0.0,0.0
1789087825.2375102,0.0,0.0,0.0,0.0,0.0,0.0
1789087825.2875576,0.0,0.0,0.0,0.0,0.0,0.0
1789087825.3373153,0.0,0.0,0.0,0.0,0.0,0.0
1789087825.387452,0.0,0.0,0.0,0.0,0.0,0.0
1789087825.4375281,0.0,0.0,0.0,0.0,0.0,0.0
1789087825.4873807,0.0,0.0,0.0,0.0,0.0,0.0
1789087825.5375648,0.0,0.0,0.0,0.0,0.0,0.0
1789087825.5874708,0.0,0.0,0.0,0.0,0.0,0.0
1789087825.6373196,0.0,0.0,0.0,0.0,0.0,0.0
1789087825.687317,0.0,0.0,0.0,0.0,0.0,0.0
1789087825.7373097,0.0,0.0,0.0,0.0,0.0,0.0
1789087825.7874045,0.0,0.0,0.0,0.0,0.0,0.0
1789087825.837457,0.0,0.0,0.0,0.0,0.0,0.0
1789087825.8874722,0.0,0.0,0.0,0.0,0.0,0.0
1789087825.9372602,0.0,0.0,0.0,0.0,0.0,0.0
1789087825.987461,0.0,0.0,0.0,0.0,0.0,0.0
1789087826.037494,0.0,0.0,0.0,0.0,0.0,0.0
1789087826.0871813,0.0,0.0,0.0,0.0,0.0,0.0
1789087826.1374454,0.0,0.0,0.0,0.0,0.0,0.0
1789087826.1876137,0.0,0.0,0.0,0.0,0.0,0.0
1789087826.2375546,0.0,0.0,0.0,0.0,0.0,0.0
1789087826.2873101,0.0,0.0,0.0,0.0,0.0,0.0
1789087826.337376,0.0,0.0,0.0,0.0,0.0,0.0
1789087826.3878534,0.0,0.0,0.0,0.0,0.0,0.0
1789087826.4372568,0.0,0.0,0.0,0.0,0.0,0.0
1789087826.4873142,0.0,0.0,0.0,0.0,0.0,0.0
1789087826.5373967,0.0,0.0,0.0,0.0,0.0,0.0
1789087826.587252,0.0,0.0,0.0,0.0,0.0,0.0
1789087826.6373332,0.0,0.0,0.0,0.0,0.0,0.0
1789087826.6872954,0.0,0.0,0.0,0.0,0.0,0.0
1789087826.7371275,0.0,0.0,0.0,0.0,0.0,0.0
1789087826.7873116,0.0,0.0,0.0,0.0,0.0,0.0
1789087826.837309,0.0,0.0,0.0,0.0,0.0,0.0
1789087826.8875046,0.0,0.0,0.0,0.0,0.0,0.0
1789087826.9374332,0.0,0.0,0.0,0.0,0.0,0.0
1789087826.987422,0.0,0.0,0.0,0.0,0.0,0.0
1789087827.0373626,0.0,0.0,0.0,0.0,0.0,0.0
1789087827.087281,0.0,0.0,0.0,0.0,0.0,0.0
1789087827.1372654,0.0,0.0,0.0,0.0,0.0,0.0
1789087827.1875727,0.0,0.0,0.0,0.0,0.0,0.0
1789087827.2372978,0.0,0.0,0.0,0.0,0.0,0.0
1789087827.2872186,0.0,0.0,0.0,0.0,0.0,0.0
1789087827.3373456,0.0,0.0,0.0,0.0,0.0,0.0
1789087827.3873813,0.0,0.0,0.0,0.0,0.0,0.0
1789087827.4373405,0.0,0.0,0.0,0.0,0.0,0.0
1789087827.4874837,0.0,0.0,0.0,0.0,0.0,0.0
1789087827.537624,0.0,0.0,0.0,0.0,0.0,0.0
1789087827.5874429,0.0,0.0,0.0,0.0,0.0,0.0
1789087827.6374733,0.0,0.0,0.0,0.0,0.0,0.0
1789087827.68741,0.0,0.0,0.0,0.0,0.0,0.0
1789087827.7374737,0.0,0.0,0.0,0.0,0.0,0.0
1789087827.7873027,0.0,0.0,0.0,0.0,0.0,0.0
1789087827.8375611,0.0,0.0,0.0,0.0,0.0,0.0
1789087827.887491,0.0,0.0,0.0,0.0,0.0,0.0
1789087827.9375534,0.0,0.0,0.0,0.0,0.0,0.0
1789087827.9873593,0.0,0.0,0.0,0.0,0.0,0.0
1789087828.0372977,0.0,0.0,0.0,0.0,0.0,0.0
1789087828.087464,0.0,0.0,0.0,0.0,0.0,0.0
1789087828.1373477,0.0,0.0,0.0,0.0,0.0,0.0
1789087828.187435,0.0,0.0,0.0,0.0,0.0,0.0
1789087828.2372422,0.0,0.0,0.0,0.0,0.0,0.0
1789087828.2874575,0.0,0.0,0.0,0.0,0.0,0.0
1789087828.3371732,0.0,0.0,0.0,0.0,0.0,0.0
1789087828.3872073,0.0,0.0,0.0,0.0,0.0,0.0
1789087828.4371214,0.0,0.0,0.0,0.0,0.0,0.0
1789087828.4871278,0.0,0.0,0.0,0.0,0.0,0.0
1789087828.537365,0.0,0.0,0.0,0.0,0.0,0.0
1789087828.5872324,0.0,0.0,0.0,0.0,0.0,0.0
1789087828.6372707,0.0,0.0,0.0,0.0,0.0,0.0
1789087828.6872385,0.0,0.0,0.0,0.0,0.0,0.0
1789087828.7373176,0.0,0.0,0.0,0.0,0.0,0.0
1789087828.7872727,0.0,0.0,0.0,0.0,0.0,0.0
1789087828.8371618,0.0,0.0,0.0,0.0,0.0,0.0
1789087828.887346,0.0,0.0,0.0,0.0,0.0,0.0
1789087828.9374332,0.0,0.0,0.0,0.0,0.0,0.0
1789087828.9879518,0.0,0.0,0.0,0.0,0.0,0.0
1789087829.037471,0.0,0.0,0.0,0.0,0.0,0.0
1789087829.0874023,0.0,0.0,0.0,0.0,0.0,0.0
1789087829.137385,0.0,0.0,0.0,0.0,0.0,0.0
1789087829.1874046,0.0,0.0,0.0,0.0,0.0,0.0
1789087829.2373018,0.0,0.0,0.0,0.0,0.0,0.0
1789087829.2879398,0.0,0.0,0.0,0.0,0.0,0.0
1789087829.337519,0.0,0.0,0.0,0.0,0.0,0.0
1789087829.3885436,0.0,0.0,0.0,0.0,0.0,0.0
1789087829.4372234,0.0,0.0,0.0,0.0,0.0,0.0
1789087829.4877677,0.0,0.0,0.0,0.0,0.0,0.0
1789087829.5375504,0.0,0.0,0.0,0.0,0.0,0.0
1789087829.5876012,0.0,0.0,0.0,0.0,0.0,0.0
1789087829.637612,0.0,0.0,0.0,0.0,0.0,0.0
1789087829.6872818,0.0,0.0,0.0,0.0,0.0,0.0
1789087829.7376611,0.0,0.0,0.0,0.0,0.0,0.0
1789087829.7882442,0.0,0.0,0.0,0.0,0.0,0.0
1789087829.837651,0.0,0.0,0.0,0.0,0.0,0.0
1789087829.8877594,0.0,0.0,0.0,0.0,0.0,0.0
1789087829.937449,0.0,0.0,0.0,0.0,0.0,0.0
1789087829.9874372,0.0,0.0,0.0,0.0,0.0,0.0
1789087830.037179,0.0,0.0,0.0,0.0,0.0,0.0
1789087830.0877914,0.0,0.0,0.0,0.0,0.0,0.0
1789087830.137439,0.0,0.0,0.0,0.0,0.0,0.0
1789087830.1875825,0.0,0.0,0.0,0.0,0.0,0.0
1789087830.2374625,0.0,0.0,0.0,0.0,0.0,0.0
1789087830.287433,0.0,0.0,0.0,0.0,0.0,0.0
1789087830.3374388,0.0,0.0,0.0,0.0,0.0,0.0
1789087830.387383,0.0,0.0,0.0,0.0,0.0,0.0
1789087830.4374173,0.0,0.0,0.0,0.0,0.0,0.0
1789087830.4872897,0.0,0.0,0.0,0.0,0.0,0.0
1789087830.5374856,0.0,0.0,0.0,0.0,0.0,0.0
1789087830.587477,0.0,0.0,0.0,0.0,0.0,0.0
1789087830.6372802,0.0,0.0,0.0,0.0,0.0,0.0
1789087830.6874328,0.0,0.0,0.0,0.0,0.0,0.0
1789087830.7372947,0.0,0.0,0.0,0.0,0.0,0.0
1789087830.7872984,0.0,0.0,0.0,0.0,0.0,0.0
1789087830.837511,0.0,0.0,0.0,0.0,0.0,0.0
1789087830.887379,0.0,0.0,0.0,0.0,0.0,0.0
1789087830.9373038,0.0,0.0,0.0,0.0,0.0,0.0
1789087830.987181,0.0,0.0,0.0,0.0,0.0,0.0
1789087831.0372145,0.0,0.0,0.0,0.0,0.0,0.0
1789087831.0895846,0.0,0.0,0.0,0.0,0.0,0.0
1789087831.1374266,0.0,0.0,0.0,0.0,0.0,0.0
1789087831.189506,0.0,0.0,0.0,0.0,0.0,0.0
1789087831.2373028,0.0,0.0,0.0,0.0,0.0,0.0
1789087831.2875123,0.0,0.0,0.0,0.0,0.0,0.0
1789087831.337273,0.0,0.0,0.0,0.0,0.0,0.0
1789087831.387376,0.0,0.0,0.0,0.0,0.0,0.0
1789087831.437442,0.0,0.0,0.0,0.0,0.0,0.0
1789087831.487764,0.0,0.0,0.0,0.0,0.0,0.0
1789087831.5372927,0.0,0.0,0.0,0.0,0.0,0.0
1789087831.587082,0.0,0.0,0.0,0.0,0.0,0.0
1789087831.6372907,0.0,0.0,0.0,0.0,0.0,0.0
1789087831.6874695,0.0,0.0,0.0,0.0,0.0,0.0
1789087831.737411,0.0,0.0,0.0,0.0,0.0,0.0
1789087831.7881515,0.0,0.0,0.0,0.0,0.0,0.0
1789087831.8373504,0.0,0.0,0.0,0.0,0.0,0.0
1789087831.8873289,0.0,0.0,0.0,0.0,0.0,0.0
1789087831.9373374,0.0,0.0,0.0,0.0,0.0,0.0
1789087831.9879324,0.0,0.0,0.0,0.0,0.0,0.0
1789087832.0373042,0.0,0.0,0.0,0.0,0.0,0.0
1789087832.087996,0.0,0.0,0.0,0.0,0.0,0.0
1789087832.137394,0.0,0.0,0.0,0.0,0.0,0.0
1789087832.1875796,0.0,0.0,0.0,0.0,0.0,0.0
1789087832.2374396,0.0,0.0,0.0,0.0,0.0,0.0
1789087832.287345,0.0,0.0,0.0,0.0,0.0,0.0
1789087832.3375647,0.0,0.0,0.0,0.0,0.0,0.0
1789087832.3899767,0.0,0.0,0.0,0.0,0.0,0.0
1789087832.4374542,0.0,0.0,0.0,0.0,0.0,0.0
1789087832.489306,0.0,0.0,0.0,0.0,0.0,0.0
1789087832.537449,0.0,0.0,0.0,0.0,0.0,0.0
1789087832.5891125,0.0,0.0,0.0,0.0,0.0,0.0
1789087832.6375527,0.0,0.0,0.0,0.0,0.0,0.0
1789087832.6872969,0.0,0.0,0.0,0.0,0.0,0.0
1789087832.7373457,0.0,0.0,0.0,0.0,0.0,0.0
1789087832.7874048,0.0,0.0,0.0,0.0,0.0,0.0
1789087832.8373861,0.0,0.0,0.0,0.0,0.0,0.0
1789087832.8890493,0.0,0.0,0.0,0.0,0.0,0.0
1789087832.937429,0.0,0.0,0.0,0.0,0.0,0.0
1789087832.9910765,0.0,0.0,0.0,0.0,0.0,0.0
1789087833.0374122,0.0,0.0,0.0,0.0,0.0,0.0
1789087833.0925071,0.0,0.0,0.0,0.0,0.0,0.0
1789087833.137208,0.0,0.0,0.0,0.0,0.0,0.0
1789087833.1881652,0.0,0.0,0.0,0.0,0.0,0.0
1789087833.2376068,0.0,0.0,0.0,0.0,0.0,0.0
1789087833.2905834,0.0,0.0,0.0,0.0,0.0,0.0
1789087833.3373175,0.0,0.0,0.0,0.0,0.0,0.0
1789087833.389087,0.0,0.0,0.0,0.0,0.0,0.0
1789087833.4372935,0.0,0.0,0.0,0.0,0.0,0.0
1789087833.488506,0.0,0.0,0.0,0.0,0.0,0.0
1789087833.5374122,0.0,0.0,0.0,0.0,0.0,0.0
1789087833.5900433,0.0,0.0,0.0,0.0,0.0,0.0
1789087833.6374156,0.0,0.0,0.0,0.0,0.0,0.0
1789087833.6894352,0.0,0.0,0.0,0.0,0.0,0.0
1789087833.7374556,0.0,0.0,0.0,0.0,0.0,0.0
1789087833.78908,0.0,0.0,0.0,0.0,0.0,0.0
1789087833.83745,0.0,0.0,0.0,0.0,0.0,0.0
1789087833.88905,0.0,0.0,0.0,0.0,0.0,0.0
1789087833.93741,0.0,0.0,0.0,0.0,0.0,0.0
1789087833.9880915,0.0,0.0,0.0,0.0,0.0,0.0
1789087834.0373607,0.0,0.0,0.0,0.0,0.0,0.0
1789087834.0879457,0.0,0.0,0.0,0.0,0.0,0.0
1789087834.1372669,0.0,0.0,0.0,0.0,0.0,0.0
1789087834.1875288,0.0,0.0,0.0,0.0,0.0,0.0
1789087834.2373958,0.0,0.0,0.0,0.0,0.0,0.0
1789087834.2879145,0.0,0.0,0.0,0.0,0.0,0.0
1789087834.3373682,0.0,0.0,0.0,0.0,0.0,0.0
1789087834.3890834,0.0,0.0,0.0,0.0,0.0,0.0
1789087834.43733,0.0,0.0,0.0,0.0,0.0,0.0
1789087834.490115,0.0,0.0,0.0,0.0,0.0,0.0
1789087834.537391,0.0,0.0,0.0,0.0,0.0,0.0
1789087834.5902643,0.0,0.0,0.0,0.0,0.0,0.0
1789087834.637395,0.0,0.0,0.0,0.0,0.0,0.0
1789087834.6930478,0.0,0.0,0.0,0.0,0.0,0.0
1789087834.737284,0.0,0.0,0.0,0.0,0.0,0.0
1789087834.790257,0.0,0.0,0.0,0.0,0.0,0.0
1789087834.8373427,0.0,0.0,0.0,0.0,0.0,0.0
1789087834.8885372,0.0,0.0,0.0,0.0,0.0,0.0
1789087834.9374456,0.0,0.0,0.0,0.0,0.0,0.0
1789087834.989658,0.0,0.0,0.0,0.0,0.0,0.0
1789087835.0373957,0.0,0.0,0.0,0.0,0.0,0.0
1789087835.0872426,0.0,0.0,0.0,0.0,0.0,0.0
1789087835.1373804,0.0,0.0,0.0,0.0,0.0,0.0
1789087835.1885424,0.0,0.0,0.0,0.0,0.0,0.0
1789087835.2374475,0.0,0.0,0.0,0.0,0.0,0.0
1789087835.2901251,0.0,0.0,0.0,0.0,0.0,0.0
1789087835.3373992,0.0,0.0,0.0,0.0,0.0,0.0
1789087835.3904333,0.0,0.0,0.0,0.0,0.0,0.0
1789087835.4372535,0.0,0.0,0.0,0.0,0.0,0.0
1789087835.4914207,0.0,0.0,0.0,0.0,0.0,0.0
1789087835.5373797,0.0,0.0,0.0,0.0,0.0,0.0
1789087835.5911486,0.0,0.0,0.0,0.0,0.0,0.0
1789087835.6374946,0.0,0.0,0.0,0.0,0.0,0.0
1789087835.6908972,0.0,0.0,0.0,0.0,0.0,0.0
1789087835.7374341,0.0,0.0,0.0,0.0,0.0,0.0
1789087835.7904248,0.0,0.0,0.0,0.0,0.0,0.0
1789087835.8374672,0.0,0.0,0.0,0.0,0.0,0.0
1789087835.8893445,0.0,0.0,0.0,0.0,0.0,0.0
1789087835.9373574,0.0,0.0,0.0,0.0,0.0,0.0
1789087835.9886487,0.0,0.0,0.0,0.0,0.0,0.0
1789087836.0373182,0.0,0.0,0.0,0.0,0.0,0.0
1789087836.0875006,0.0,0.0,0.0,0.0,0.0,0.0
1789087836.1377506,0.0,0.0,0.0,0.0,0.0,0.0
1789087836.189372,0.0,0.0,0.0,0.0,0.0,0.0
1789087836.2373147,0.0,0.0,0.0,0.0,0.0,0.0
1789087836.2895849,0.0,0.0,0.0,0.0,0.0,0.0
1789087836.3373396,0.0,0.0,0.0,0.0,0.0,0.0
1789087836.388861,0.0,0.0,0.0,0.0,0.0,0.0
1789087836.4372602,0.0,0.0,0.0,0.0,0.0,0.0
1789087836.4913535,0.0,0.0,0.0,0.0,0.0,0.0
1789087836.537389,0.0,0.0,0.0,0.0,0.0,0.0
1789087836.587666,0.0,0.0,0.0,0.0,0.0,0.0
1789087836.6373956,0.0,0.0,0.0,0.0,0.0,0.0
1789087836.6897721,0.0,0.0,0.0,0.0,0.0,0.0
1789087836.7375984,0.0,0.0,0.0,0.0,0.0,0.0
1789087836.7880034,0.0,0.0,0.0,0.0,0.0,0.0
1789087836.8375556,0.0,0.0,0.0,0.0,0.0,0.0
1789087836.89046,0.0,0.0,0.0,0.0,0.0,0.0
1789087836.937504,0.0,0.0,0.0,0.0,0.0,0.0
1789087836.9910893,0.0,0.0,0.0,0.0,0.0,0.0
1789087837.0376706,0.0,0.0,0.0,0.0,0.0,0.0
1789087837.08987,0.0,0.0,0.0,0.0,0.0,0.0
1789087837.1374285,0.0,0.0,0.0,0.0,0.0,0.0
1789087837.190829,0.0,0.0,0.0,0.0,0.0,0.0
1789087837.2372675,0.0,0.0,0.0,0.0,0.0,0.0
1789087837.2921069,0.0,0.0,0.0,0.0,0.0,0.0
1789087837.3373926,0.0,0.0,0.0,0.0,0.0,0.0
1789087837.3891091,0.0,0.0,0.0,0.0,0.0,0.0
1789087837.4373326,0.0,0.0,0.0,0.0,0.0,0.0
1789087837.487432,0.0,0.0,0.0,0.0,0.0,0.0
1789087837.5375562,0.0,0.0,0.0,0.0,0.0,0.0
1789087837.5893419,0.0,0.0,0.0,0.0,0.0,0.0
1789087837.6375625,0.0,0.0,0.0,0.0,0.0,0.0
1789087837.687459,0.0,0.0,0.0,0.0,0.0,0.0
1789087837.7374785,0.0,0.0,0.0,0.0,0.0,0.0
1789087837.7901678,0.0,0.0,0.0,0.0,0.0,0.0
1789087837.837302,0.0,0.0,0.0,0.0,0.0,0.0
1789087837.8874958,0.0,0.0,0.0,0.0,0.0,0.0
1789087837.9374325,0.0,0.0,0.0,0.0,0.0,0.0
1789087837.987456,0.0,0.0,0.0,0.0,0.0,0.0
1789087838.037567,0.0,0.0,0.0,0.0,0.0,0.0
1789087838.0919917,0.0,0.0,0.0,0.0,0.0,0.0
1789087838.1374016,0.0,0.0,0.0,0.0,0.0,0.0
1789087838.1910813,0.0,0.0,0.0,0.0,0.0,0.0
1789087838.237415,0.0,0.0,0.0,0.0,0.0,0.0
1789087838.2874284,0.0,0.0,0.0,0.0,0.0,0.0
1789087838.337454,0.0,0.0,0.0,0.0,0.0,0.0
1789087838.3874104,0.0,0.0,0.0,0.0,0.0,0.0
1789087838.437357,0.0,0.0,0.0,0.0,0.0,0.0
1789087838.4874356,0.0,0.0,0.0,0.0,0.0,0.0
1789087838.537487,0.0,0.0,0.0,0.0,0.0,0.0
1789087838.5913515,0.0,0.0,0.0,0.0,0.0,0.0
1789087838.6373744,0.0,0.0,0.0,0.0,0.0,0.0
1789087838.6913397,0.0,0.0,0.0,0.0,0.0,0.0
1789087838.737389,0.0,0.0,0.0,0.0,0.0,0.0
1789087838.790382,0.0,0.0,0.0,0.0,0.0,0.0
1789087838.837503,0.0,0.0,0.0,0.0,0.0,0.0
1789087838.8874514,0.0,0.0,0.0,0.0,0.0,0.0
1789087838.9374359,0.0,0.0,0.0,0.0,0.0,0.0
1789087838.9927347,0.0,0.0,0.0,0.0,0.0,0.0
1789087839.0372992,0.0,0.0,0.0,0.0,0.0,0.0
1789087839.0873032,0.0,0.0,0.0,0.0,0.0,0.0
1789087839.1374187,0.0,0.0,0.0,0.0,0.0,0.0
1789087839.1876056,0.0,0.0,0.0,0.0,0.0,0.0
1789087839.2374384,0.0,0.0,0.0,0.0,0.0,0.0
1789087839.2873564,0.0,0.0,0.0,0.0,0.0,0.0
1789087839.3375978,0.0,0.0,0.0,0.0,0.0,0.0
1789087839.3876486,0.0,0.0,0.0,0.0,0.0,0.0
1789087839.4374652,0.0,0.0,0.0,0.0,0.0,0.0
1789087839.4873755,0.0,0.0,0.0,0.0,0.0,0.0
1789087839.5373511,0.0,0.0,0.0,0.0,0.0,0.0
1789087839.587517,0.0,0.0,0.0,0.0,0.0,0.0
1789087839.6377552,0.0,0.0,0.0,0.0,0.0,0.0
1789087839.6875784,0.0,0.0,0.0,0.0,0.0,0.0
1789087839.7375548,0.0,0.0,0.0,0.0,0.0,0.0
1789087839.7874675,0.0,0.0,0.0,0.0,0.0,0.0
1789087839.8374527,0.0,0.0,0.0,0.0,0.0,0.0
1789087839.887532,0.0,0.0,0.0,0.0,0.0,0.0
1789087839.9374807,0.0,0.0,0.0,0.0,0.0,0.0
1789087839.9876516,0.0,0.0,0.0,0.0,0.0,0.0
1789087840.0374093,0.0,0.0,0.0,0.0,0.0,0.0
1789087840.0875738,0.0,0.0,0.0,0.0,0.0,0.0
1789087840.137686,0.0,0.0,0.0,0.0,0.0,0.0
1789087840.1875355,0.0,0.0,0.0,0.0,0.0,0.0
1789087840.2377195,0.0,0.0,0.0,0.0,0.0,0.0
1789087840.2874105,0.0,0.0,0.0,0.0,0.0,0.0
1789087840.3375213,0.0,0.0,0.0,0.0,0.0,0.0
1789087840.3877006,0.0,0.0,0.0,0.0,0.0,0.0
1789087840.437627,0.0,0.0,0.0,0.0,0.0,0.0
1789087840.487568,0.0,0.0,0.0,0.0,0.0,0.0
1789087840.5375266,0.0,0.0,0.0,0.0,0.0,0.0
1789087840.5873163,0.0,0.0,0.0,0.0,0.0,0.0
1789087840.6376662,0.0,0.0,0.0,0.0,0.0,0.0
1789087840.687721,0.0,0.0,0.0,0.0,0.0,0.0
1789087840.7372584,0.0,0.0,0.0,0.0,0.0,0.0
1789087840.7874703,0.0,0.0,0.0,0.0,0.0,0.0
1789087840.83752,0.0,0.0,0.0,0.0,0.0,0.0
1789087840.8873684,0.0,0.0,0.0,0.0,0.0,0.0
1789087840.9373443,0.0,0.0,0.0,0.0,0.0,0.0
1789087840.9875376,0.0,0.0,0.0,0.0,0.0,0.0
1789087841.037579,0.0,0.0,0.0,0.0,0.0,0.0
1789087841.0875673,0.0,0.0,0.0,0.0,0.0,0.0
1789087841.1376925,0.0,0.0,0.0,0.0,0.0,0.0
1789087841.1874113,0.0,0.0,0.0,0.0,0.0,0.0
1789087841.2372792,0.0,0.0,0.0,0.0,0.0,0.0
1789087841.2874064,0.0,0.0,0.0,0.0,0.0,0.0
1789087841.3374815,0.0,0.0,0.0,0.0,0.0,0.0
1789087841.387306,0.0,0.0,0.0,0.0,0.0,0.0
1789087841.4373553,0.0,0.0,0.0,0.0,0.0,0.0
1789087841.4875426,0.0,0.0,0.0,0.0,0.0,0.0
1789087841.537561,0.0,0.0,0.0,0.0,0.0,0.0
1789087841.5874796,0.0,0.0,0.0,0.0,0.0,0.0
1789087841.637407,0.0,0.0,0.0,0.0,0.0,0.0
1789087841.6875577,0.0,0.0,0.0,0.0,0.0,0.0
1789087841.7374835,0.0,0.0,0.0,0.0,0.0,0.0
1789087841.7874029,0.0,0.0,0.0,0.0,0.0,0.0
1789087841.8374512,0.0,0.0,0.0,0.0,0.0,0.0
1789087841.887435,0.0,0.0,0.0,0.0,0.0,0.0
1789087841.9372227,0.0,0.0,0.0,0.0,0.0,0.0
1789087841.9875762,0.0,0.0,0.0,0.0,0.0,0.0
1789087842.0375717,0.0,0.0,0.0,0.0,0.0,0.0
1789087842.0883298,0.0,0.0,0.0,0.0,0.0,0.0
1789087842.13762,0.0,0.0,0.0,0.0,0.0,0.0
1789087842.1876578,0.0,0.0,0.0,0.0,0.0,0.0
1789087842.2372925,0.0,0.0,0.0,0.0,0.0,0.0
1789087842.287642,0.0,0.0,0.0,0.0,0.0,0.0
1789087842.3374681,0.0,0.0,0.0,0.0,0.0,0.0
1789087842.3871841,0.0,0.0,0.0,0.0,0.0,0.0
1789087842.4373755,0.0,0.0,0.0,0.0,0.0,0.0
1789087842.4873815,0.0,0.0,0.0,0.0,0.0,0.0
1789087842.5373545,0.0,0.0,0.0,0.0,0.0,0.0
1789087842.5873754,0.0,0.0,0.0,0.0,0.0,0.0
1789087842.6373682,0.0,0.0,0.0,0.0,0.0,0.0
1789087842.6873648,0.0,0.0,0.0,0.0,0.0,0.0
1789087842.737272,0.0,0.0,0.0,0.0,0.0,0.0
1789087842.7875307,0.0,0.0,0.0,0.0,0.0,0.0
1789087842.837527,0.0,0.0,0.0,0.0,0.0,0.0
1789087842.8874872,0.0,0.0,0.0,0.0,0.0,0.0
1789087842.937426,0.0,0.0,0.0,0.0,0.0,0.0
1789087842.9873502,0.0,0.0,0.0,0.0,0.0,0.0
1789087843.0373456,0.0,0.0,0.0,0.0,0.0,0.0
1789087843.0873969,0.0,0.0,0.0,0.0,0.0,0.0
1789087843.137188,0.0,0.0,0.0,0.0,0.0,0.0
1789087843.1873565,0.0,0.0,0.0,0.0,0.0,0.0
1789087843.2371335,0.0,0.0,0.0,0.0,0.0,0.0
1789087843.2873964,0.0,0.0,0.0,0.0,0.0,0.0
1789087843.3373017,0.0,0.0,0.0,0.0,0.0,0.0
1789087843.3874004,0.0,0.0,0.0,0.0,0.0,0.0
1789087843.437166,0.0,0.0,0.0,0.0,0.0,0.0
1789087843.4873106,0.0,0.0,0.0,0.0,0.0,0.0
1789087843.5375216,0.0,0.0,0.0,0.0,0.0,0.0
1789087843.587363,0.0,0.0,0.0,0.0,0.0,0.0
1789087843.6373343,0.0,0.0,0.0,0.0,0.0,0.0
1789087843.6872568,0.0,0.0,0.0,0.0,0.0,0.0
1789087843.7373455,0.0,0.0,0.0,0.0,0.0,0.0
1789087843.7874217,0.0,0.0,0.0,0.0,0.0,0.0
1789087843.8375201,0.0,0.0,0.0,0.0,0.0,0.0
1789087843.887356,0.0,0.0,0.0,0.0,0.0,0.0
1789087843.9374151,0.0,0.0,0.0,0.0,0.0,0.0
1789087843.9874897,0.0,0.0,0.0,0.0,0.0,0.0
1789087844.0374198,0.0,0.0,0.0,0.0,0.0,0.0
1789087844.0875628,0.0,0.0,0.0,0.0,0.0,0.0
1789087844.1374753,0.0,0.0,0.0,0.0,0.0,0.0
1789087844.1874797,0.0,0.0,0.0,0.0,0.0,0.0
1789087844.2372956,0.0,0.0,0.0,0.0,0.0,0.0
1789087844.2872562,0.0,0.0,0.0,0.0,0.0,0.0
1789087844.3373356,0.0,0.0,0.0,0.0,0.0,0.0
1789087844.3872395,0.0,0.0,0.0,0.0,0.0,0.0
1789087844.437079,0.0,0.0,0.0,0.0,0.0,0.0
1789087844.4873736,0.0,0.0,0.0,0.0,0.0,0.0
1789087844.5371697,0.0,0.0,0.0,0.0,0.0,0.0
1789087844.5874658,0.0,0.0,0.0,0.0,0.0,0.0
1789087844.63726,0.0,0.0,0.0,0.0,0.0,0.0
1789087844.6875157,0.0,0.0,0.0,0.0,0.0,0.0
1789087844.7372684,0.0,0.0,0.0,0.0,0.0,0.0
1789087844.7874877,0.0,0.0,0.0,0.0,0.0,0.0
1789087844.8372989,0.0,0.0,0.0,0.0,0.0,0.0
1789087844.8873942,0.0,0.0,0.0,0.0,0.0,0.0
1789087844.9374814,0.0,0.0,0.0,0.0,0.0,0.0
1789087844.9874568,0.0,0.0,0.0,0.0,0.0,0.0
1789087845.0374274,0.0,0.0,0.0,0.0,0.0,0.0
1789087845.0874145,0.0,0.0,0.0,0.0,0.0,0.0
1789087845.1371834,0.0,0.0,0.0,0.0,0.0,0.0
1789087845.1874278,0.0,0.0,0.0,0.0,0.0,0.0
1789087845.2376535,0.0,0.0,0.0,0.0,0.0,0.0
1789087845.2877295,0.0,0.0,0.0,0.0,0.0,0.0
1789087845.3375332,0.0,0.0,0.0,0.0,0.0,0.0
1789087845.3876357,0.0,0.0,0.0,0.0,0.0,0.0
1789087845.4374135,0.0,0.0,0.0,0.0,0.0,0.0
1789087845.487628,0.0,0.0,0.0,0.0,0.0,0.0
1789087845.5374954,0.0,0.0,0.0,0.0,0.0,0.0
1789087845.5874562,0.0,0.0,0.0,0.0,0.0,0.0
1789087845.6376324,0.0,0.0,0.0,0.0,0.0,0.0
1789087845.6874108,0.0,0.0,0.0,0.0,0.0,0.0
1789087845.7372825,0.0,0.0,0.0,0.0,0.0,0.0
1789087845.787237,0.0,0.0,0.0,0.0,0.0,0.0
1789087845.8372939,0.0,0.0,0.0,0.0,0.0,0.0
1789087845.8874512,0.0,0.0,0.0,0.0,0.0,0.0
1789087845.9374123,0.0,0.0,0.0,0.0,0.0,0.0
1789087845.9870589,0.0,0.0,0.0,0.0,0.0,0.0
1789087846.0374389,0.0,0.0,0.0,0.0,0.0,0.0
1789087846.0873008,0.0,0.0,0.0,0.0,0.0,0.0
1789087846.1373901,0.0,0.0,0.0,0.0,0.0,0.0
1789087846.1875021,0.0,0.0,0.0,0.0,0.0,0.0
1789087846.2374914,0.0,0.0,0.0,0.0,0.0,0.0
1789087846.2874992,0.0,0.0,0.0,0.0,0.0,0.0
1789087846.337286,0.0,0.0,0.0,0.0,0.0,0.0
1789087846.3876057,0.0,0.0,0.0,0.0,0.0,0.0
1789087846.437529,0.0,0.0,0.0,0.0,0.0,0.0
1789087846.4876242,0.0,0.0,0.0,0.0,0.0,0.0
1789087846.5372322,0.0,0.0,0.0,0.0,0.0,0.0
1789087846.587634,0.0,0.0,0.0,0.0,0.0,0.0
1789087846.6374161,0.0,0.0,0.0,0.0,0.0,0.0
1789087846.687617,0.0,0.0,0.0,0.0,0.0,0.0
1789087846.7376485,0.0,0.0,0.0,0.0,0.0,0.0
1789087846.7876015,0.0,0.0,0.0,0.0,0.0,0.0
1789087846.837664,0.0,0.0,0.0,0.0,0.0,0.0
1789087846.887728,0.0,0.0,0.0,0.0,0.0,0.0
1789087846.9374657,0.0,0.0,0.0,0.0,0.0,0.0
1789087846.9873986,0.0,0.0,0.0,0.0,0.0,0.0
1789087847.0376484,0.0,0.0,0.0,0.0,0.0,0.0
1789087847.0874898,0.0,0.0,0.0,0.0,0.0,0.0
1789087847.1373744,0.0,0.0,0.0,0.0,0.0,0.0
1789087847.1876578,0.0,0.0,0.0,0.0,0.0,0.0
1789087847.2373612,0.0,0.0,0.0,0.0,0.0,0.0
1789087847.2876515,0.0,0.0,0.0,0.0,0.0,0.0
1789087847.3374019,0.0,0.0,0.0,0.0,0.0,0.0
1789087847.3874273,0.0,0.0,0.0,0.0,0.0,0.0
1789087847.4371643,0.0,0.0,0.0,0.0,0.0,0.0
1789087847.4874747,0.0,0.0,0.0,0.0,0.0,0.0
1789087847.5373855,0.0,0.0,0.0,0.0,0.0,0.0
1789087847.587396,0.0,0.0,0.0,0.0,0.0,0.0
1789087847.6373143,0.0,0.0,0.0,0.0,0.0,0.0
1789087847.6874835,0.0,0.0,0.0,0.0,0.0,0.0
1789087847.7374144,0.0,0.0,0.0,0.0,0.0,0.0
1789087847.7872205,0.0,0.0,0.0,0.0,0.0,0.0
1789087847.837135,0.0,0.0,0.0,0.0,0.0,0.0
1789087847.8872733,0.0,0.0,0.0,0.0,0.0,0.0
1789087847.9373298,0.0,0.0,0.0,0.0,0.0,0.0
1789087847.9874158,0.0,0.0,0.0,0.0,0.0,0.0
1789087848.0374925,0.0,0.0,0.0,0.0,0.0,0.0
1789087848.0874603,0.0,0.0,0.0,0.0,0.0,0.0
1789087848.1374493,0.0,0.0,0.0,0.0,0.0,0.0
1789087848.1871738,0.0,0.0,0.0,0.0,0.0,0.0
1789087848.2371542,0.0,0.0,0.0,0.0,0.0,0.0
1789087848.2875721,0.0,0.0,0.0,0.0,0.0,0.0
1789087848.337308,0.0,0.0,0.0,0.0,0.0,0.0
1789087848.387763,0.0,0.0,0.0,0.0,0.0,0.0
1789087848.4372683,0.0,0.0,0.0,0.0,0.0,0.0
1789087848.4873466,0.0,0.0,0.0,0.0,0.0,0.0
1789087848.5372484,0.0,0.0,0.0,0.0,0.0,0.0
1789087848.5873668,0.0,0.0,0.0,0.0,0.0,0.0
1789087848.6372075,0.0,0.0,0.0,0.0,0.0,0.0
1789087848.687395,0.0,0.0,0.0,0.0,0.0,0.0
1789087848.7372694,0.0,0.0,0.0,0.0,0.0,0.0
1789087848.7872608,0.0,0.0,0.0,0.0,0.0,0.0
1789087848.837355,0.0,0.0,0.0,0.0,0.0,0.0
1789087848.8872633,0.0,0.0,0.0,0.0,0.0,0.0
1789087848.937256,0.0,0.0,0.0,0.0,0.0,0.0
1789087848.9874396,0.0,0.0,0.0,0.0,0.0,0.0
1789087849.0374255,0.0,0.0,0.0,0.0,0.0,0.0
1789087849.0874503,0.0,0.0,0.0,0.0,0.0,0.0
1789087849.1372402,0.0,0.0,0.0,0.0,0.0,0.0
1789087849.1874287,0.0,0.0,0.0,0.0,0.0,0.0
1789087849.2373204,0.0,0.0,0.0,0.0,0.0,0.0
1789087849.287323,0.0,0.0,0.0,0.0,0.0,0.0
1789087849.3374357,0.0,0.0,0.0,0.0,0.0,0.0
1789087849.3875537,0.0,0.0,0.0,0.0,0.0,0.0
1789087849.4374976,0.0,0.0,0.0,0.0,0.0,0.0
1789087849.48739,0.0,0.0,0.0,0.0,0.0,0.0
1789087849.5372849,0.0,0.0,0.0,0.0,0.0,0.0
1789087849.5874617,0.0,0.0,0.0,0.0,0.0,0.0
1789087849.6373963,0.0,0.0,0.0,0.0,0.0,0.0
1789087849.6875749,0.0,0.0,0.0,0.0,0.0,0.0
1789087849.7374053,0.0,0.0,0.0,0.0,0.0,0.0
1789087849.7875755,0.0,0.0,0.0,0.0,0.0,0.0
1789087849.8376248,0.0,0.0,0.0,0.0,0.0,0.0
1789087849.8871977,0.0,0.0,0.0,0.0,0.0,0.0
1789087849.937362,0.0,0.0,0.0,0.0,0.0,0.0
1789087849.9876816,0.0,0.0,0.0,0.0,0.0,0.0
1789087850.0393953,0.0,0.0,0.0,0.0,0.0,0.0
1789087850.0875328,0.0,0.0,0.0,0.0,0.0,0.0
1789087850.1375542,0.0,0.0,0.0,0.0,0.0,0.0
1789087850.1873488,0.0,0.0,0.0,0.0,0.0,0.0
1789087850.2373028,0.0,0.0,0.0,0.0,0.0,0.0
1789087850.2873597,0.0,0.0,0.0,0.0,0.0,0.0
1789087850.3373437,0.0,0.0,0.0,0.0,0.0,0.0
1789087850.3872468,0.0,0.0,0.0,0.0,0.0,0.0
1789087850.4373612,0.0,0.0,0.0,0.0,0.0,0.0
1789087850.487423,0.0,0.0,0.0,0.0,0.0,0.0
1789087850.5374022,0.0,0.0,0.0,0.0,0.0,0.0
1789087850.5874488,0.0,0.0,0.0,0.0,0.0,0.0
1789087850.6371229,0.0,0.0,0.0,0.0,0.0,0.0
1789087850.687428,0.0,0.0,0.0,0.0,0.0,0.0
1789087850.7385347,0.0,0.0,0.0,0.0,0.0,0.0
1789087850.7875836,0.0,0.0,0.0,0.0,0.0,0.0
1789087850.8374329,0.0,0.0,0.0,0.0,0.0,0.0
1789087850.8871326,0.0,0.0,0.0,0.0,0.0,0.0
1789087850.937358,0.0,0.0,0.0,0.0,0.0,0.0
1789087850.9873486,0.0,0.0,0.0,0.0,0.0,0.0
1789087851.0385926,0.0,0.0,0.0,0.0,0.0,0.0
1789087851.0871968,0.0,0.0,0.0,0.0,0.0,0.0
1789087851.1373067,0.0,0.0,0.0,0.0,0.0,0.0
1789087851.187357,0.0,0.0,0.0,0.0,0.0,0.0
1789087851.23732,0.0,0.0,0.0,0.0,0.0,0.0
1789087851.2871556,0.0,0.0,0.0,0.0,0.0,0.0
1789087851.337372,0.0,0.0,0.0,0.0,0.0,0.0
1789087851.387373,0.0,0.0,0.0,0.0,0.0,0.0
1789087851.4374685,0.0,0.0,0.0,0.0,0.0,0.0
1789087851.487311,0.0,0.0,0.0,0.0,0.0,0.0
1789087851.5374498,0.0,0.0,0.0,0.0,0.0,0.0
1789087851.587384,0.0,0.0,0.0,0.0,0.0,0.0
1789087851.6407526,0.0,0.0,0.0,0.0,0.0,0.0
1789087851.6873274,0.0,0.0,0.0,0.0,0.0,0.0
1789087851.737454,0.0,0.0,0.0,0.0,0.0,0.0
1789087851.787298,0.0,0.0,0.0,0.0,0.0,0.0
1789087851.8402867,0.0,0.0,0.0,0.0,0.0,0.0
1789087851.8875859,0.0,0.0,0.0,0.0,0.0,0.0
1789087851.9419427,0.0,0.0,0.0,0.0,0.0,0.0
1789087851.9872184,0.0,0.0,0.0,0.0,0.0,0.0
1789087852.0373826,0.0,0.0,0.0,0.0,0.0,0.0
1789087852.087194,0.0,0.0,0.0,0.0,0.0,0.0
1789087852.1374438,0.0,0.0,0.0,0.0,0.0,0.0
1789087852.1873317,0.0,0.0,0.0,0.0,0.0,0.0
1789087852.2394764,0.0,0.0,0.0,0.0,0.0,0.0
1789087852.2876644,0.0,0.0,0.0,0.0,0.0,0.0
1789087852.3371894,0.0,0.0,0.0,0.0,0.0,0.0
1789087852.3875496,0.0,0.0,0.0,0.0,0.0,0.0
1789087852.4375858,0.0,0.0,0.0,0.0,0.0,0.0
1789087852.4874084,0.0,0.0,0.0,0.0,0.0,0.0
1789087852.5374465,0.0,0.0,0.0,0.0,0.0,0.0
1789087852.587394,0.0,0.0,0.0,0.0,0.0,0.0
1789087852.637286,0.0,0.0,0.0,0.0,0.0,0.0
1789087852.6874483,0.0,0.0,0.0,0.0,0.0,0.0
1789087852.7372723,0.0,0.0,0.0,0.0,0.0,0.0
1789087852.7875154,0.0,0.0,0.0,0.0,0.0,0.0
1789087852.8372202,0.0,0.0,0.0,0.0,0.0,0.0
1789087852.8874435,0.0,0.0,0.0,0.0,0.0,0.0
1789087852.9373047,0.0,0.0,0.0,0.0,0.0,0.0
1789087852.9873524,0.0,0.0,0.0,0.0,0.0,0.0
1789087853.0375333,0.0,0.0,0.0,0.0,0.0,0.0
1789087853.087405,0.0,0.0,0.0,0.0,0.0,0.0
1789087853.1381135,0.0,0.0,0.0,0.0,0.0,0.0
1789087853.1873407,0.0,0.0,0.0,0.0,0.0,0.0
1789087853.2372153,0.0,0.0,0.0,0.0,0.0,0.0
1789087853.287318,0.0,0.0,0.0,0.0,0.0,0.0
1789087853.3390825,0.0,0.0,0.0,0.0,0.0,0.0
1789087853.3873289,0.0,0.0,0.0,0.0,0.0,0.0
1789087853.4373581,0.0,0.0,0.0,0.0,0.0,0.0
1789087853.487033,0.0,0.0,0.0,0.0,0.0,0.0
1789087853.5373375,0.0,0.0,0.0,0.0,0.0,0.0
1789087853.5873504,0.0,0.0,0.0,0.0,0.0,0.0
1789087853.639797,0.0,0.0,0.0,0.0,0.0,0.0
1789087853.6871789,0.0,0.0,0.0,0.0,0.0,0.0
1789087853.7375367,0.0,0.0,0.0,0.0,0.0,0.0
1789087853.7872262,0.0,0.0,0.0,0.0,0.0,0.0
1789087853.8415887,0.0,0.0,0.0,0.0,0.0,0.0
1789087853.8872998,0.0,0.0,0.0,0.0,0.0,0.0
1789087853.9389346,0.0,0.0,0.0,0.0,0.0,0.0
1789087853.9873083,0.0,0.0,0.0,0.0,0.0,0.0
1789087854.0432994,0.0,0.0,0.0,0.0,0.0,0.0
1789087854.0875323,0.0,0.0,0.0,0.0,0.0,0.0
1789087854.1372838,0.0,0.0,0.0,0.0,0.0,0.0
1789087854.1874323,0.0,0.0,0.0,0.0,0.0,0.0
1789087854.237818,0.0,0.0,0.0,0.0,0.0,0.0
1789087854.2876644,0.0,0.0,0.0,0.0,0.0,0.0
1789087854.339199,0.0,0.0,0.0,0.0,0.0,0.0
1789087854.3875911,0.0,0.0,0.0,0.0,0.0,0.0
1789087854.4378545,0.0,0.0,0.0,0.0,0.0,0.0
1789087854.4872568,0.0,0.0,0.0,0.0,0.0,0.0
1789087854.5406716,0.0,0.0,0.0,0.0,0.0,0.0
1789087854.5871482,0.0,0.0,0.0,0.0,0.0,0.0
1789087854.6372015,0.0,0.0,0.0,0.0,0.0,0.0
1789087854.6880643,0.0,0.0,0.0,0.0,0.0,0.0
1789087854.7391129,0.0,0.0,0.0,0.0,0.0,0.0
1789087854.7872345,0.0,0.0,0.0,0.0,0.0,0.0
1789087854.8400836,0.0,0.0,0.0,0.0,0.0,0.0
1789087854.8874278,0.0,0.0,0.0,0.0,0.0,0.0
1789087854.9387202,0.0,0.0,0.0,0.0,0.0,0.0
1789087854.987579,0.0,0.0,0.0,0.0,0.0,0.0
1789087855.039115,0.0,0.0,0.0,0.0,0.0,0.0
1789087855.0874135,0.0,0.0,0.0,0.0,0.0,0.0
1789087855.137911,0.0,0.0,0.0,0.0,0.0,0.0
1789087855.1874237,0.0,0.0,0.0,0.0,0.0,0.0
1789087855.2385607,0.0,0.0,0.0,0.0,0.0,0.0
1789087855.2874599,0.0,0.0,0.0,0.0,0.0,0.0
1789087855.3393505,0.0,0.0,0.0,0.0,0.0,0.0
1789087855.387496,0.0,0.0,0.0,0.0,0.0,0.0
1789087855.441003,0.0,0.0,0.0,0.0,0.0,0.0
1789087855.487237,0.0,0.0,0.0,0.0,0.0,0.0
1789087855.5410893,0.0,0.0,0.0,0.0,0.0,0.0
1789087855.5875819,0.0,0.0,0.0,0.0,0.0,0.0
1789087855.6390898,0.0,0.0,0.0,0.0,0.0,0.0
1789087855.6872256,0.0,0.0,0.0,0.0,0.0,0.0
1789087855.7427053,0.0,0.0,0.0,0.0,0.0,0.0
1789087855.787387,0.0,0.0,0.0,0.0,0.0,0.0
1789087855.8402407,0.0,0.0,0.0,0.0,0.0,0.0
1789087855.8874338,0.0,0.0,0.0,0.0,0.0,0.0
1789087855.9416428,0.0,0.0,0.0,0.0,0.0,0.0
1789087855.9871733,0.0,0.0,0.0,0.0,0.0,0.0
1789087856.0399883,0.0,0.0,0.0,0.0,0.0,0.0
1789087856.08723,0.0,0.0,0.0,0.0,0.0,0.0
1789087856.1397872,0.0,0.0,0.0,0.0,0.0,0.0
1789087856.1873853,0.0,0.0,0.0,0.0,0.0,0.0
1789087856.2428403,0.0,0.0,0.0,0.0,0.0,0.0
1789087856.2873385,0.0,0.0,0.0,0.0,0.0,0.0
1789087856.3415172,0.0,0.0,0.0,0.0,0.0,0.0
1789087856.3874784,0.0,0.0,0.0,0.0,0.0,0.0
1789087856.4375095,0.0,0.0,0.0,0.0,0.0,0.0
1789087856.4874406,0.0,0.0,0.0,0.0,0.0,0.0
1789087856.5406492,0.0,0.0,0.0,0.0,0.0,0.0
1789087856.5871272,0.0,0.0,0.0,0.0,0.0,0.0
1789087856.6387556,0.0,0.0,0.0,0.0,0.0,0.0
1789087856.687261,0.0,0.0,0.0,0.0,0.0,0.0
1789087856.7412124,0.0,0.0,0.0,0.0,0.0,0.0
1789087856.787403,0.0,0.0,0.0,0.0,0.0,0.0
1789087856.8428493,0.0,0.0,0.0,0.0,0.0,0.0
1789087856.8874304,0.0,0.0,0.0,0.0,0.0,0.0
1789087856.9405086,0.0,0.0,0.0,0.0,0.0,0.0
1789087856.987485,0.0,0.0,0.0,0.0,0.0,0.0
1789087857.0403733,0.0,0.0,0.0,0.0,0.0,0.0
1789087857.0873024,0.0,0.0,0.0,0.0,0.0,0.0
1789087857.1391225,0.0,0.0,0.0,0.0,0.0,0.0
1789087857.1874692,0.0,0.0,0.0,0.0,0.0,0.0
1789087857.2405603,0.0,0.0,0.0,0.0,0.0,0.0
1789087857.2875478,0.0,0.0,0.0,0.0,0.0,0.0
1789087857.3408883,0.0,0.0,0.0,0.0,0.0,0.0
1789087857.3875573,0.0,0.0,0.0,0.0,0.0,0.0
1789087857.4402215,0.0,0.0,0.0,0.0,0.0,0.0
1789087857.487519,0.0,0.0,0.0,0.0,0.0,0.0
1789087857.5394077,0.0,0.0,0.0,0.0,0.0,0.0
1789087857.5875425,0.0,0.0,0.0,0.0,0.0,0.0
1789087857.64063,0.0,0.0,0.0,0.0,0.0,0.0
1789087857.6876156,0.0,0.0,0.0,0.0,0.0,0.0
1789087857.7423897,0.0,0.0,0.0,0.0,0.0,0.0
1789087857.7876382,0.0,0.0,0.0,0.0,0.0,0.0
1789087857.8423374,0.0,0.0,0.0,0.0,0.0,0.0
1789087857.887342,0.0,0.0,0.0,0.0,0.0,0.0
1789087857.9406862,0.0,0.0,0.0,0.0,0.0,0.0
1789087857.9872215,0.0,0.0,0.0,0.0,0.0,0.0
1789087858.0415616,0.0,0.0,0.0,0.0,0.0,0.0
1789087858.0871599,0.0,0.0,0.0,0.0,0.0,0.0
1789087858.1396203,0.0,0.0,0.0,0.0,0.0,0.0
1789087858.1873913,0.0,0.0,0.0,0.0,0.0,0.0
1789087858.2423346,0.0,0.0,0.0,0.0,0.0,0.0
1789087858.2876155,0.0,0.0,0.0,0.0,0.0,0.0
1789087858.3391485,0.0,0.0,0.0,0.0,0.0,0.0
1789087858.3876822,0.0,0.0,0.0,0.0,0.0,0.0
1789087858.4401827,0.0,0.0,0.0,0.0,0.0,0.0
1789087858.4873853,0.0,0.0,0.0,0.0,0.0,0.0
1789087858.5426466,0.0,0.0,0.0,0.0,0.0,0.0
1789087858.5874026,0.0,0.0,0.0,0.0,0.0,0.0
1789087858.6400063,0.0,0.0,0.0,0.0,0.0,0.0
1789087858.6874373,0.0,0.0,0.0,0.0,0.0,0.0
1789087858.7438383,0.0,0.0,0.0,0.0,0.0,0.0
1789087858.7876425,0.0,0.0,0.0,0.0,0.0,0.0
1789087858.8376393,0.0,0.0,0.0,0.0,0.0,0.0
1789087858.8876152,0.0,0.0,0.0,0.0,0.0,0.0
1789087858.9436445,0.0,0.0,0.0,0.0,0.0,0.0
1789087858.9875183,0.0,0.0,0.0,0.0,0.0,0.0
1789087859.0406563,0.0,0.0,0.0,0.0,0.0,0.0
1789087859.0875325,0.0,0.0,0.0,0.0,0.0,0.0
1789087859.1412961,0.0,0.0,0.0,0.0,0.0,0.0
1789087859.1873708,0.0,0.0,0.0,0.0,0.0,0.0
1789087859.2432358,0.0,0.0,0.0,0.0,0.0,0.0
1789087859.2876704,0.0,0.0,0.0,0.0,0.0,0.0
1789087859.3429606,0.0,0.0,0.0,0.0,0.0,0.0
1789087859.3875678,0.0,0.0,0.0,0.0,0.0,0.0
1789087859.4412076,0.0,0.0,0.0,0.0,0.0,0.0
1789087859.4883296,0.0,0.0,0.0,0.0,0.0,0.0
1789087859.5410411,0.0,0.0,0.0,0.0,0.0,0.0
1789087859.5873532,0.0,0.0,0.0,0.0,0.0,0.0
1789087859.6416953,0.0,0.0,0.0,0.0,0.0,0.0
1789087859.6875393,0.0,0.0,0.0,0.0,0.0,0.0
1789087859.742437,0.0,0.0,0.0,0.0,0.0,0.0
1789087859.7875602,0.0,0.0,0.0,0.0,0.0,0.0
1789087859.8429985,0.0,0.0,0.0,0.0,0.0,0.0
1789087859.887397,0.0,0.0,0.0,0.0,0.0,0.0
1789087859.9413285,0.0,0.0,0.0,0.0,0.0,0.0
1789087859.98741,0.0,0.0,0.0,0.0,0.0,0.0
1789087860.0423603,0.0,0.0,0.0,0.0,0.0,0.0
1789087860.0872476,0.0,0.0,0.0,0.0,0.0,0.0
1789087860.1425602,0.0,0.0,0.0,0.0,0.0,0.0
1789087860.1875348,0.0,0.0,0.0,0.0,0.0,0.0
1789087860.237266,0.0,0.0,0.0,0.0,0.0,0.0
1789087860.2875707,0.0,0.0,0.0,0.0,0.0,0.0
1789087860.34325,0.0,0.0,0.0,0.0,0.0,0.0
1789087860.3871984,0.0,0.0,0.0,0.0,0.0,0.0
1789087860.4420357,0.0,0.0,0.0,0.0,0.0,0.0
1789087860.4873192,0.0,0.0,0.0,0.0,0.0,0.0
1789087860.5390358,0.0,0.0,0.0,0.0,0.0,0.0
1789087860.5872357,0.0,0.0,0.0,0.0,0.0,0.0
1789087860.6371896,0.0,0.0,0.0,0.0,0.0,0.0
1789087860.687476,0.0,0.0,0.0,0.0,0.0,0.0
1789087860.7374613,0.0,0.0,0.0,0.0,0.0,0.0
1789087860.7873054,0.0,0.0,0.0,0.0,0.0,0.0
1789087860.8373578,0.0,0.0,0.0,0.0,0.0,0.0
1789087860.8874536,0.0,0.0,0.0,0.0,0.0,0.0
1789087860.9371846,0.0,0.0,0.0,0.0,0.0,0.0
1789087860.9871607,0.0,0.0,0.0,0.0,0.0,0.0
1789087861.0409937,0.0,0.0,0.0,0.0,0.0,0.0
1789087861.0873218,0.0,0.0,0.0,0.0,0.0,0.0
1789087861.1413598,0.0,0.0,0.0,0.0,0.0,0.0
1789087861.1871831,0.0,0.0,0.0,0.0,0.0,0.0
1789087861.2430983,0.0,0.0,0.0,0.0,0.0,0.0
1789087861.2872133,0.0,0.0,0.0,0.0,0.0,0.0
1789087861.3373945,0.0,0.0,0.0,0.0,0.0,0.0
1789087861.3873992,0.0,0.0,0.0,0.0,0.0,0.0
1789087861.4427295,0.0,0.0,0.0,0.0,0.0,0.0
1789087861.4873307,0.0,0.0,0.0,0.0,0.0,0.0
1789087861.5374267,0.0,0.0,0.0,0.0,0.0,0.0
1789087861.587585,0.0,0.0,0.0,0.0,0.0,0.0
1789087861.6374545,0.0,0.0,0.0,0.0,0.0,0.0
1789087861.68746,0.0,0.0,0.0,0.0,0.0,0.0
1789087861.7375562,0.0,0.0,0.0,0.0,0.0,0.0
1789087861.7874873,0.0,0.0,0.0,0.0,0.0,0.0
1789087861.8405008,0.0,0.0,0.0,0.0,0.0,0.0
1789087861.8873003,0.0,0.0,0.0,0.0,0.0,0.0
1789087861.9375584,0.0,0.0,0.0,0.0,0.0,0.0
1789087861.9873154,0.0,0.0,0.0,0.0,0.0,0.0
1789087862.037517,0.0,0.0,0.0,0.0,0.0,0.0
1789087862.0873864,0.0,0.0,0.0,0.0,0.0,0.0
1789087862.1375377,0.0,0.0,0.0,0.0,0.0,0.0
1789087862.187523,0.0,0.0,0.0,0.0,0.0,0.0
1789087862.2374008,0.0,0.0,0.0,0.0,0.0,0.0
1789087862.287627,0.0,0.0,0.0,0.0,0.0,0.0
1789087862.343653,0.0,0.0,0.0,0.0,0.0,0.0
1789087862.387513,0.0,0.0,0.0,0.0,0.0,0.0
1789087862.4371703,0.0,0.0,0.0,0.0,0.0,0.0
1789087862.4875517,0.0,0.0,0.0,0.0,0.0,0.0
1789087862.5373497,0.0,0.0,0.0,0.0,0.0,0.0
1789087862.587376,0.0,0.0,0.0,0.0,0.0,0.0
1789087862.6374881,0.0,0.0,0.0,0.0,0.0,0.0
1789087862.6873522,0.0,0.0,0.0,0.0,0.0,0.0
1789087862.737456,0.0,0.0,0.0,0.0,0.0,0.0
1789087862.7874286,0.0,0.0,0.0,0.0,0.0,0.0
1789087862.837395,0.0,0.0,0.0,0.0,0.0,0.0
1789087862.8874197,0.0,0.0,0.0,0.0,0.0,0.0
1789087862.9373217,0.0,0.0,0.0,0.0,0.0,0.0
1789087862.9874644,0.0,0.0,0.0,0.0,0.0,0.0
1789087863.0378354,0.0,0.0,0.0,0.0,0.0,0.0
1789087863.0871546,0.0,0.0,0.0,0.0,0.0,0.0
1789087863.1371694,0.0,0.0,0.0,0.0,0.0,0.0
1789087863.1874237,0.0,0.0,0.0,0.0,0.0,0.0
1789087863.2373204,0.0,0.0,0.0,0.0,0.0,0.0
1789087863.2876096,0.0,0.0,0.0,0.0,0.0,0.0
1789087863.337462,0.0,0.0,0.0,0.0,0.0,0.0
1789087863.3875625,0.0,0.0,0.0,0.0,0.0,0.0
1789087863.4375296,0.0,0.0,0.0,0.0,0.0,0.0
1789087863.4872496,0.0,0.0,0.0,0.0,0.0,0.0
1789087863.537351,0.0,0.0,0.0,0.0,0.0,0.0
1789087863.5878787,0.0,0.0,0.0,0.0,0.0,0.0
1789087863.6375606,0.0,0.0,0.0,0.0,0.0,0.0
1789087863.687474,0.0,0.0,0.0,0.0,0.0,0.0
1789087863.7374911,0.0,0.0,0.0,0.0,0.0,0.0
1789087863.7875228,0.0,0.0,0.0,0.0,0.0,0.0
1789087863.8374116,0.0,0.0,0.0,0.0,0.0,0.0
1789087863.8874314,0.0,0.0,0.0,0.0,0.0,0.0
1789087863.9373403,0.0,0.0,0.0,0.0,0.0,0.0
1789087863.9873426,0.0,0.0,0.0,0.0,0.0,0.0
1789087864.0373728,0.0,0.0,0.0,0.0,0.0,0.0
1789087864.0872703,0.0,0.0,0.0,0.0,0.0,0.0
1789087864.1374016,0.0,0.0,0.0,0.0,0.0,0.0
1789087864.1871421,0.0,0.0,0.0,0.0,0.0,0.0
1789087864.2372265,0.0,0.0,0.0,0.0,0.0,0.0
1789087864.2872572,0.0,0.0,0.0,0.0,0.0,0.0
1789087864.3373396,0.0,0.0,0.0,0.0,0.0,0.0
1789087864.3875768,0.0,0.0,0.0,0.0,0.0,0.0
1789087864.4375687,0.0,0.0,0.0,0.0,0.0,0.0
1789087864.487375,0.0,0.0,0.0,0.0,0.0,0.0
1789087864.5372124,0.0,0.0,0.0,0.0,0.0,0.0
1789087864.5873017,0.0,0.0,0.0,0.0,0.0,0.0
1789087864.6374004,0.0,0.0,0.0,0.0,0.0,0.0
1789087864.6874082,0.0,0.0,0.0,0.0,0.0,0.0
1789087864.7374234,0.0,0.0,0.0,0.0,0.0,0.0
1789087864.7874,0.0,0.0,0.0,0.0,0.0,0.0
1789087864.837433,0.0,0.0,0.0,0.0,0.0,0.0
1789087864.8876057,0.0,0.0,0.0,0.0,0.0,0.0
1789087864.9374194,0.0,0.0,0.0,0.0,0.0,0.0
1789087864.9876087,0.0,0.0,0.0,0.0,0.0,0.0
1789087865.0373228,0.0,0.0,0.0,0.0,0.0,0.0
1789087865.0874362,0.0,0.0,0.0,0.0,0.0,0.0
1789087865.137606,0.0,0.0,0.0,0.0,0.0,0.0
1789087865.1877065,0.0,0.0,0.0,0.0,0.0,0.0
1789087865.237686,0.0,0.0,0.0,0.0,0.0,0.0
1789087865.2875195,0.0,0.0,0.0,0.0,0.0,0.0
1789087865.3372397,0.0,0.0,0.0,0.0,0.0,0.0
1789087865.3874156,0.0,0.0,0.0,0.0,0.0,0.0
1789087865.437354,0.0,0.0,0.0,0.0,0.0,0.0
1789087865.4872167,0.0,0.0,0.0,0.0,0.0,0.0
1789087865.5376637,0.0,0.0,0.0,0.0,0.0,0.0
1789087865.5871327,0.0,0.0,0.0,0.0,0.0,0.0
1789087865.6375792,0.0,0.0,0.0,0.0,0.0,0.0
1789087865.6874282,0.0,0.0,0.0,0.0,0.0,0.0
1789087865.7373877,0.0,0.0,0.0,0.0,0.0,0.0
1789087865.787297,0.0,0.0,0.0,0.0,0.0,0.0
1789087865.837436,0.0,0.0,0.0,0.0,0.0,0.0
1789087865.8873525,0.0,0.0,0.0,0.0,0.0,0.0
1789087865.9373796,0.0,0.0,0.0,0.0,0.0,0.0
1789087865.987391,0.0,0.0,0.0,0.0,0.0,0.0
1789087866.0372987,0.0,0.0,0.0,0.0,0.0,0.0
1789087866.087226,0.0,0.0,0.0,0.0,0.0,0.0
1789087866.1374495,0.0,0.0,0.0,0.0,0.0,0.0
1789087866.1875188,0.0,0.0,0.0,0.0,0.0,0.0
1789087866.2373164,0.0,0.0,0.0,0.0,0.0,0.0
1789087866.2874677,0.0,0.0,0.0,0.0,0.0,0.0
1789087866.337441,0.0,0.0,0.0,0.0,0.0,0.0
1789087866.3873763,0.0,0.0,0.0,0.0,0.0,0.0
1789087866.4377084,0.0,0.0,0.0,0.0,0.0,0.0
1789087866.4874446,0.0,0.0,0.0,0.0,0.0,0.0
1789087866.537483,0.0,0.0,0.0,0.0,0.0,0.0
1789087866.5875187,0.0,0.0,0.0,0.0,0.0,0.0
1789087866.6372836,0.0,0.0,0.0,0.0,0.0,0.0
1789087866.6874464,0.0,0.0,0.0,0.0,0.0,0.0
1789087866.7372274,0.0,0.0,0.0,0.0,0.0,0.0
1789087866.787315,0.0,0.0,0.0,0.0,0.0,0.0
1789087866.8372903,0.0,0.0,0.0,0.0,0.0,0.0
1789087866.8874233,0.0,0.0,0.0,0.0,0.0,0.0
1789087866.9372458,0.0,0.0,0.0,0.0,0.0,0.0
1789087866.9873426,0.0,0.0,0.0,0.0,0.0,0.0
1789087867.0374663,0.0,0.0,0.0,0.0,0.0,0.0
1789087867.0875406,0.0,0.0,0.0,0.0,0.0,0.0
1789087867.1375763,0.0,0.0,0.0,0.0,0.0,0.0
1789087867.1875823,0.0,0.0,0.0,0.0,0.0,0.0
1789087867.2375002,0.0,0.0,0.0,0.0,0.0,0.0
1789087867.2875268,0.0,0.0,0.0,0.0,0.0,0.0
1789087867.3374255,0.0,0.0,0.0,0.0,0.0,0.0
1789087867.387494,0.0,0.0,0.0,0.0,0.0,0.0
1789087867.4373996,0.0,0.0,0.0,0.0,0.0,0.0
1789087867.4873185,0.0,0.0,0.0,0.0,0.0,0.0
1789087867.5373998,0.0,0.0,0.0,0.0,0.0,0.0
1789087867.5872204,0.0,0.0,0.0,0.0,0.0,0.0
1789087867.6374433,0.0,0.0,0.0,0.0,0.0,0.0
1789087867.6873708,0.0,0.0,0.0,0.0,0.0,0.0
1789087867.7374837,0.0,0.0,0.0,0.0,0.0,0.0
1789087867.787288,0.0,0.0,0.0,0.0,0.0,0.0
1789087867.8374534,0.0,0.0,0.0,0.0,0.0,0.0
1789087867.8873482,0.0,0.0,0.0,0.0,0.0,0.0
1789087867.9374352,0.0,0.0,0.0,0.0,0.0,0.0
1789087867.9874227,0.0,0.0,0.0,0.0,0.0,0.0
1789087868.0374718,0.0,0.0,0.0,0.0,0.0,0.0
1789087868.0872543,0.0,0.0,0.0,0.0,0.0,0.0
1789087868.1373127,0.0,0.0,0.0,0.0,0.0,0.0
1789087868.1872723,0.0,0.0,0.0,0.0,0.0,0.0
1789087868.2372932,0.0,0.0,0.0,0.0,0.0,0.0
1789087868.2870512,0.0,0.0,0.0,0.0,0.0,0.0
1789087868.3375123,0.0,0.0,0.0,0.0,0.0,0.0
1789087868.3873615,0.0,0.0,0.0,0.0,0.0,0.0
1789087868.4372015,0.0,0.0,0.0,0.0,0.0,0.0
1789087868.4872088,0.0,0.0,0.0,0.0,0.0,0.0
1789087868.5371919,0.0,0.0,0.0,0.0,0.0,0.0
1789087868.5873656,0.0,0.0,0.0,0.0,0.0,0.0
1789087868.637235,0.0,0.0,0.0,0.0,0.0,0.0
1789087868.6872056,0.0,0.0,0.0,0.0,0.0,0.0
1789087868.7372165,0.0,0.0,0.0,0.0,0.0,0.0
1789087868.7873788,0.0,0.0,0.0,0.0,0.0,0.0
1789087868.8372343,0.0,0.0,0.0,0.0,0.0,0.0
1789087868.8871264,0.0,0.0,0.0,0.0,0.0,0.0
1789087868.9375422,0.0,0.0,0.0,0.0,0.0,0.0
1789087868.9874537,0.0,0.0,0.0,0.0,0.0,0.0
1789087869.0374222,0.0,0.0,0.0,0.0,0.0,0.0
1789087869.0873513,0.0,0.0,0.0,0.0,0.0,0.0
1789087869.1373773,0.0,0.0,0.0,0.0,0.0,0.0
1789087869.1873188,0.0,0.0,0.0,0.0,0.0,0.0
1789087869.23759,0.0,0.0,0.0,0.0,0.0,0.0
1789087869.2872949,0.0,0.0,0.0,0.0,0.0,0.0
1789087869.337267,0.0,0.0,0.0,0.0,0.0,0.0
1789087869.387623,0.0,0.0,0.0,0.0,0.0,0.0
1789087869.4375286,0.0,0.0,0.0,0.0,0.0,0.0
1789087869.4873607,0.0,0.0,0.0,0.0,0.0,0.0
1789087869.53723,0.0,0.0,0.0,0.0,0.0,0.0
1789087869.587122,0.0,0.0,0.0,0.0,0.0,0.0
1789087869.6374183,0.0,0.0,0.0,0.0,0.0,0.0
1789087869.6874137,0.0,0.0,0.0,0.0,0.0,0.0
1789087869.7374241,0.0,0.0,0.0,0.0,0.0,0.0
1789087869.787392,0.0,0.0,0.0,0.0,0.0,0.0
1789087869.8374188,0.0,0.0,0.0,0.0,0.0,0.0
1789087869.8872678,0.0,0.0,0.0,0.0,0.0,0.0
1789087869.9372277,0.0,0.0,0.0,0.0,0.0,0.0
1789087869.9876482,0.0,0.0,0.0,0.0,0.0,0.0
1789087870.0372531,0.0,0.0,0.0,0.0,0.0,0.0
1789087870.0871518,0.0,0.0,0.0,0.0,0.0,0.0
1789087870.1374605,0.0,0.0,0.0,0.0,0.0,0.0
1789087870.1874728,0.0,0.0,0.0,0.0,0.0,0.0
1789087870.2374375,0.0,0.0,0.0,0.0,0.0,0.0
1789087870.2874396,0.0,0.0,0.0,0.0,0.0,0.0
1789087870.3377674,0.0,0.0,0.0,0.0,0.0,0.0
1789087870.3876514,0.0,0.0,0.0,0.0,0.0,0.0
1789087870.4375885,0.0,0.0,0.0,0.0,0.0,0.0
1789087870.4871747,0.0,0.0,0.0,0.0,0.0,0.0
1789087870.5375881,0.0,0.0,0.0,0.0,0.0,0.0
1789087870.5873737,0.0,0.0,0.0,0.0,0.0,0.0
1789087870.637305,0.0,0.0,0.0,0.0,0.0,0.0
1789087870.6872442,0.0,0.0,0.0,0.0,0.0,0.0
1789087870.7372415,0.0,0.0,0.0,0.0,0.0,0.0
1789087870.7874968,0.0,0.0,0.0,0.0,0.0,0.0
1789087870.8371758,0.0,0.0,0.0,0.0,0.0,0.0
1789087870.887375,0.0,0.0,0.0,0.0,0.0,0.0
1789087870.9376736,0.0,0.0,0.0,0.0,0.0,0.0
1789087870.987406,0.0,0.0,0.0,0.0,0.0,0.0
1789087871.0374246,0.0,0.0,0.0,0.0,0.0,0.0
1789087871.0873907,0.0,0.0,0.0,0.0,0.0,0.0
1789087871.1376626,0.0,0.0,0.0,0.0,0.0,0.0
1789087871.18768,0.0,0.0,0.0,0.0,0.0,0.0
1789087871.237344,0.0,0.0,0.0,0.0,0.0,0.0
1789087871.2875922,0.0,0.0,0.0,0.0,0.0,0.0
1789087871.3372884,0.0,0.0,0.0,0.0,0.0,0.0
1789087871.3873017,0.0,0.0,0.0,0.0,0.0,0.0
1789087871.4372532,0.0,0.0,0.0,0.0,0.0,0.0
1789087871.487211,0.0,0.0,0.0,0.0,0.0,0.0
1789087871.5374303,0.0,0.0,0.0,0.0,0.0,0.0
1789087871.58748,0.0,0.0,0.0,0.0,0.0,0.0
1789087871.637394,0.0,0.0,0.0,0.0,0.0,0.0
1789087871.6872056,0.0,0.0,0.0,0.0,0.0,0.0
1789087871.7374964,0.0,0.0,0.0,0.0,0.0,0.0
1789087871.7874265,0.0,0.0,0.0,0.0,0.0,0.0
1789087871.837588,0.0,0.0,0.0,0.0,0.0,0.0
1789087871.8874428,0.0,0.0,0.0,0.0,0.0,0.0
1789087871.9371827,0.0,0.0,0.0,0.0,0.0,0.0
1789087871.9872494,0.0,0.0,0.0,0.0,0.0,0.0
1789087872.0372918,0.0,0.0,0.0,0.0,0.0,0.0
1789087872.0872703,0.0,0.0,0.0,0.0,0.0,0.0
1789087872.1376235,0.0,0.0,0.0,0.0,0.0,0.0
1789087872.1874974,0.0,0.0,0.0,0.0,0.0,0.0
1789087872.2375998,0.0,0.0,0.0,0.0,0.0,0.0
1789087872.2874968,0.0,0.0,0.0,0.0,0.0,0.0
1789087872.3376365,0.0,0.0,0.0,0.0,0.0,0.0
1789087872.3876038,0.0,0.0,0.0,0.0,0.0,0.0
1789087872.4373178,0.0,0.0,0.0,0.0,0.0,0.0
1789087872.4937868,0.0,0.0,0.0,0.0,0.0,0.0
1789087872.5374367,0.0,0.0,0.0,0.0,0.0,0.0
1789087872.5874665,0.0,0.0,0.0,0.0,0.0,0.0
1789087872.637517,0.0,0.0,0.0,0.0,0.0,0.0
1789087872.6874824,0.0,0.0,0.0,0.0,0.0,0.0
1789087872.7374983,0.0,0.0,0.0,0.0,0.0,0.0
1789087872.7874916,0.0,0.0,0.0,0.0,0.0,0.0
1789087872.8373024,0.0,0.0,0.0,0.0,0.0,0.0
1789087872.887473,0.0,0.0,0.0,0.0,0.0,0.0
1789087872.937501,0.0,0.0,0.0,0.0,0.0,0.0
1789087872.9874473,0.0,0.0,0.0,0.0,0.0,0.0
1789087873.0375044,0.0,0.0,0.0,0.0,0.0,0.0
1789087873.0874176,0.0,0.0,0.0,0.0,0.0,0.0
1789087873.1374545,0.0,0.0,0.0,0.0,0.0,0.0
1789087873.1874712,0.0,0.0,0.0,0.0,0.0,0.0
1789087873.2373476,0.0,0.0,0.0,0.0,0.0,0.0
1789087873.2872064,0.0,0.0,0.0,0.0,0.0,0.0
1789087873.3371794,0.0,0.0,0.0,0.0,0.0,0.0
1789087873.3873754,0.0,0.0,0.0,0.0,0.0,0.0
1789087873.437587,0.0,0.0,0.0,0.0,0.0,0.0
1789087873.4875972,0.0,0.0,0.0,0.0,0.0,0.0
1789087873.5373154,0.0,0.0,0.0,0.0,0.0,0.0
1789087873.587415,0.0,0.0,0.0,0.0,0.0,0.0
1789087873.637312,0.0,0.0,0.0,0.0,0.0,0.0
1789087873.6874766,0.0,0.0,0.0,0.0,0.0,0.0
1789087873.737439,0.0,0.0,0.0,0.0,0.0,0.0
1789087873.7874253,0.0,0.0,0.0,0.0,0.0,0.0
1789087873.837311,0.0,0.0,0.0,0.0,0.0,0.0
1789087873.8872433,0.0,0.0,0.0,0.0,0.0,0.0
1789087873.9377563,0.0,0.0,0.0,0.0,0.0,0.0
1789087873.9875414,0.0,0.0,0.0,0.0,0.0,0.0
1789087874.0375872,0.0,0.0,0.0,0.0,0.0,0.0
1789087874.0874465,0.0,0.0,0.0,0.0,0.0,0.0
1789087874.1376748,0.0,0.0,0.0,0.0,0.0,0.0
1789087874.1874588,0.0,0.0,0.0,0.0,0.0,0.0
1789087874.237407,0.0,0.0,0.0,0.0,0.0,0.0
1789087874.2876842,0.0,0.0,0.0,0.0,0.0,0.0
1789087874.3375914,0.0,0.0,0.0,0.0,0.0,0.0
1789087874.3873842,0.0,0.0,0.0,0.0,0.0,0.0
1789087874.437354,0.0,0.0,0.0,0.0,0.0,0.0
1789087874.487058,0.0,0.0,0.0,0.0,0.0,0.0
1789087874.5372965,0.0,0.0,0.0,0.0,0.0,0.0
1789087874.5874512,0.0,0.0,0.0,0.0,0.0,0.0
1789087874.637656,0.0,0.0,0.0,0.0,0.0,0.0
1789087874.6871095,0.0,0.0,0.0,0.0,0.0,0.0
1789087874.7373862,0.0,0.0,0.0,0.0,0.0,0.0
1789087874.7870622,0.0,0.0,0.0,0.0,0.0,0.0
1789087874.837299,0.0,0.0,0.0,0.0,0.0,0.0
1789087874.887727,0.0,0.0,0.0,0.0,0.0,0.0
1789087874.9374118,0.0,0.0,0.0,0.0,0.0,0.0
1789087874.9875774,0.0,0.0,0.0,0.0,0.0,0.0
1789087875.0375826,0.0,0.0,0.0,0.0,0.0,0.0
1789087875.0873384,0.0,0.0,0.0,0.0,0.0,0.0
1789087875.137477,0.0,0.0,0.0,0.0,0.0,0.0
1789087875.187388,0.0,0.0,0.0,0.0,0.0,0.0
1789087875.237385,0.0,0.0,0.0,0.0,0.0,0.0
1789087875.2875807,0.0,0.0,0.0,0.0,0.0,0.0
1789087875.3372915,0.0,0.0,0.0,0.0,0.0,0.0
1789087875.3874514,0.0,0.0,0.0,0.0,0.0,0.0
1789087875.4372442,0.0,0.0,0.0,0.0,0.0,0.0
1789087875.48739,0.0,0.0,0.0,0.0,0.0,0.0
1789087875.537138,0.0,0.0,0.0,0.0,0.0,0.0
1789087875.587209,0.0,0.0,0.0,0.0,0.0,0.0
1789087875.637364,0.0,0.0,0.0,0.0,0.0,0.0
1789087875.68736,0.0,0.0,0.0,0.0,0.0,0.0
1789087875.737238,0.0,0.0,0.0,0.0,0.0,0.0
1789087875.7875345,0.0,0.0,0.0,0.0,0.0,0.0
1789087875.837495,0.0,0.0,0.0,0.0,0.0,0.0
1789087875.8874106,0.0,0.0,0.0,0.0,0.0,0.0
1789087875.9373834,0.0,0.0,0.0,0.0,0.0,0.0
1789087875.987367,0.0,0.0,0.0,0.0,0.0,0.0
1789087876.0374455,0.0,0.0,0.0,0.0,0.0,0.0
1789087876.0910938,0.0,0.0,0.0,0.0,0.0,0.0
1789087876.1372306,0.0,0.0,0.0,0.0,0.0,0.0
1789087876.1870914,0.0,0.0,0.0,0.0,0.0,0.0
1789087876.2372289,0.0,0.0,0.0,0.0,0.0,0.0
1789087876.287181,0.0,0.0,0.0,0.0,0.0,0.0
1789087876.3372452,0.0,0.0,0.0,0.0,0.0,0.0
1789087876.3878465,0.0,0.0,0.0,0.0,0.0,0.0
1789087876.4373224,0.0,0.0,0.0,0.0,0.0,0.0
1789087876.4874969,0.0,0.0,0.0,0.0,0.0,0.0
1789087876.537549,0.0,0.0,0.0,0.0,0.0,0.0
1789087876.5873532,0.0,0.0,0.0,0.0,0.0,0.0
1789087876.6375217,0.0,0.0,0.0,0.0,0.0,0.0
1789087876.6873505,0.0,0.0,0.0,0.0,0.0,0.0
1789087876.737466,0.0,0.0,0.0,0.0,0.0,0.0
1789087876.7875154,0.0,0.0,0.0,0.0,0.0,0.0
1789087876.837515,0.0,0.0,0.0,0.0,0.0,0.0
1789087876.8874369,0.0,0.0,0.0,0.0,0.0,0.0
1789087876.9374628,0.0,0.0,0.0,0.0,0.0,0.0
1789087876.989377,0.0,0.0,0.0,0.0,0.0,0.0
1789087877.0373876,0.0,0.0,0.0,0.0,0.0,0.0
1789087877.0873332,0.0,0.0,0.0,0.0,0.0,0.0
1789087877.1373065,0.0,0.0,0.0,0.0,0.0,0.0
1789087877.187943,0.0,0.0,0.0,0.0,0.0,0.0
1789087877.2372844,0.0,0.0,0.0,0.0,0.0,0.0
1789087877.287571,0.0,0.0,0.0,0.0,0.0,0.0
1789087877.3372056,0.0,0.0,0.0,0.0,0.0,0.0
1789087877.388636,0.0,0.0,0.0,0.0,0.0,0.0
1789087877.4374096,0.0,0.0,0.0,0.0,0.0,0.0
1789087877.4872196,0.0,0.0,0.0,0.0,0.0,0.0
1789087877.5373304,0.0,0.0,0.0,0.0,0.0,0.0
1789087877.588056,0.0,0.0,0.0,0.0,0.0,0.0
1789087877.637347,0.0,0.0,0.0,0.0,0.0,0.0
1789087877.6870282,0.0,0.0,0.0,0.0,0.0,0.0
1789087877.7371902,0.0,0.0,0.0,0.0,0.0,0.0
1789087877.7872174,0.0,0.0,0.0,0.0,0.0,0.0
1789087877.837379,0.0,0.0,0.0,0.0,0.0,0.0
1789087877.8873398,0.0,0.0,0.0,0.0,0.0,0.0
1789087877.9373126,0.0,0.0,0.0,0.0,0.0,0.0
1789087877.9881697,0.0,0.0,0.0,0.0,0.0,0.0
1789087878.037273,0.0,0.0,0.0,0.0,0.0,0.0
1789087878.087802,0.0,0.0,0.0,0.0,0.0,0.0
1789087878.1373477,0.0,0.0,0.0,0.0,0.0,0.0
1789087878.1898997,0.0,0.0,0.0,0.0,0.0,0.0
1789087878.2374814,0.0,0.0,0.0,0.0,0.0,0.0
1789087878.2874272,0.0,0.0,0.0,0.0,0.0,0.0
1789087878.3373053,0.0,0.0,0.0,0.0,0.0,0.0
1789087878.3885007,0.0,0.0,0.0,0.0,0.0,0.0
1789087878.4374866,0.0,0.0,0.0,0.0,0.0,0.0
1789087878.4872098,0.0,0.0,0.0,0.0,0.0,0.0
1789087878.5374353,0.0,0.0,0.0,0.0,0.0,0.0
1789087878.5874753,0.0,0.0,0.0,0.0,0.0,0.0
1789087878.637562,0.0,0.0,0.0,0.0,0.0,0.0
1789087878.687183,0.0,0.0,0.0,0.0,0.0,0.0
1789087878.7375276,0.0,0.0,0.0,0.0,0.0,0.0
1789087878.7882388,0.0,0.0,0.0,0.0,0.0,0.0
1789087878.8376753,0.0,0.0,0.0,0.0,0.0,0.0
1789087878.8920174,0.0,0.0,0.0,0.0,0.0,0.0
1789087878.937539,0.0,0.0,0.0,0.0,0.0,0.0
1789087878.9890995,0.0,0.0,0.0,0.0,0.0,0.0
1789087879.037346,0.0,0.0,0.0,0.0,0.0,0.0
1789087879.0887694,0.0,0.0,0.0,0.0,0.0,0.0
1789087879.137387,0.0,0.0,0.0,0.0,0.0,0.0
1789087879.1879911,0.0,0.0,0.0,0.0,0.0,0.0
1789087879.2372494,0.0,0.0,0.0,0.0,0.0,0.0
1789087879.2906911,0.0,0.0,0.0,0.0,0.0,0.0
1789087879.33725,0.0,0.0,0.0,0.0,0.0,0.0
1789087879.3882635,0.0,0.0,0.0,0.0,0.0,0.0
1789087879.4372768,0.0,0.0,0.0,0.0,0.0,0.0
1789087879.4872673,0.0,0.0,0.0,0.0,0.0,0.0
1789087879.5373197,0.0,0.0,0.0,0.0,0.0,0.0
1789087879.5873783,0.0,0.0,0.0,0.0,0.0,0.0
1789087879.6373181,0.0,0.0,0.0,0.0,0.0,0.0
1789087879.6871905,0.0,0.0,0.0,0.0,0.0,0.0
1789087879.7374735,0.0,0.0,0.0,0.0,0.0,0.0
1789087879.7873845,0.0,0.0,0.0,0.0,0.0,0.0
1789087879.8374045,0.0,0.0,0.0,0.0,0.0,0.0
1789087879.8870583,0.0,0.0,0.0,0.0,0.0,0.0
1789087879.937286,0.0,0.0,0.0,0.0,0.0,0.0
1789087879.987433,0.0,0.0,0.0,0.0,0.0,0.0
1789087880.0373461,0.0,0.0,0.0,0.0,0.0,0.0
1789087880.0871885,0.0,0.0,0.0,0.0,0.0,0.0
1789087880.1372354,0.0,0.0,0.0,0.0,0.0,0.0
1789087880.1908195,0.0,0.0,0.0,0.0,0.0,0.0
1789087880.237262,0.0,0.0,0.0,0.0,0.0,0.0
1789087880.2872183,0.0,0.0,0.0,0.0,0.0,0.0
1789087880.337263,0.0,0.0,0.0,0.0,0.0,0.0
1789087880.3898277,0.0,0.0,0.0,0.0,0.0,0.0
1789087880.4372032,0.0,0.0,0.0,0.0,0.0,0.0
1789087880.4875374,0.0,0.0,0.0,0.0,0.0,0.0
1789087880.5373614,0.0,0.0,0.0,0.0,0.0,0.0
1789087880.593265,0.0,0.0,0.0,0.0,0.0,0.0
1789087880.6375093,0.0,0.0,0.0,0.0,0.0,0.0
1789087880.6872532,0.0,0.0,0.0,0.0,0.0,0.0
1789087880.737363,0.0,0.0,0.0,0.0,0.0,0.0
1789087880.7902277,0.0,0.0,0.0,0.0,0.0,0.0
1789087880.8371403,0.0,0.0,0.0,0.0,0.0,0.0
1789087880.8877652,0.0,0.0,0.0,0.0,0.0,0.0
1789087880.9373827,0.0,0.0,0.0,0.0,0.0,0.0
1789087880.992398,0.0,0.0,0.0,0.0,0.0,0.0
1789087881.0372615,0.0,0.0,0.0,0.0,0.0,0.0
1789087881.0871773,0.0,0.0,0.0,0.0,0.0,0.0
1789087881.137379,0.0,0.0,0.0,0.0,0.0,0.0
1789087881.1920447,0.0,0.0,0.0,0.0,0.0,0.0
1789087881.237536,0.0,0.0,0.0,0.0,0.0,0.0
1789087881.288189,0.0,0.0,0.0,0.0,0.0,0.0
1789087881.3375108,0.0,0.0,0.0,0.0,0.0,0.0
1789087881.3904107,0.0,0.0,0.0,0.0,0.0,0.0
1789087881.4374678,0.0,0.0,0.0,0.0,0.0,0.0
1789087881.488687,0.0,0.0,0.0,0.0,0.0,0.0
1789087881.5372121,0.0,0.0,0.0,0.0,0.0,0.0
1789087881.5900004,0.0,0.0,0.0,0.0,0.0,0.0
1789087881.6372132,0.0,0.0,0.0,0.0,0.0,0.0
1789087881.6871002,0.0,0.0,0.0,0.0,0.0,0.0
1789087881.737338,0.0,0.0,0.0,0.0,0.0,0.0
1789087881.793458,0.0,0.0,0.0,0.0,0.0,0.0
1789087881.837295,0.0,0.0,0.0,0.0,0.0,0.0
1789087881.8885431,0.0,0.0,0.0,0.0,0.0,0.0
1789087881.93762,0.0,0.0,0.0,0.0,0.0,0.0
1789087881.9932582,0.0,0.0,0.0,0.0,0.0,0.0
1789087882.0373888,0.0,0.0,0.0,0.0,0.0,0.0
1789087882.0879867,0.0,0.0,0.0,0.0,0.0,0.0
1789087882.1373835,0.0,0.0,0.0,0.0,0.0,0.0
1789087882.1888251,0.0,0.0,0.0,0.0,0.0,0.0
1789087882.2374372,0.0,0.0,0.0,0.0,0.0,0.0
1789087882.288469,0.0,0.0,0.0,0.0,0.0,0.0
1789087882.3374898,0.0,0.0,0.0,0.0,0.0,0.0
1789087882.3919928,0.0,0.0,0.0,0.0,0.0,0.0
1789087882.4373941,0.0,0.0,0.0,0.0,0.0,0.0
1789087882.4882016,0.0,0.0,0.0,0.0,0.0,0.0
1789087882.537307,0.0,0.0,0.0,0.0,0.0,0.0
1789087882.5891452,0.0,0.0,0.0,0.0,0.0,0.0
1789087882.6374848,0.0,0.0,0.0,0.0,0.0,0.0
1789087882.687167,0.0,0.0,0.0,0.0,0.0,0.0
1789087882.737481,0.0,0.0,0.0,0.0,0.0,0.0
1789087882.790099,0.0,0.0,0.0,0.0,0.0,0.0
1789087882.8374243,0.0,0.0,0.0,0.0,0.0,0.0
1789087882.8908772,0.0,0.0,0.0,0.0,0.0,0.0
1789087882.9372501,0.0,0.0,0.0,0.0,0.0,0.0
1789087882.9930995,0.0,0.0,0.0,0.0,0.0,0.0
1789087883.037455,0.0,0.0,0.0,0.0,0.0,0.0
1789087883.0889251,0.0,0.0,0.0,0.0,0.0,0.0
1789087883.1372082,0.0,0.0,0.0,0.0,0.0,0.0
1789087883.1900883,0.0,0.0,0.0,0.0,0.0,0.0
1789087883.2373967,0.0,0.0,0.0,0.0,0.0,0.0
1789087883.2889745,0.0,0.0,0.0,0.0,0.0,0.0
1789087883.3372948,0.0,0.0,0.0,0.0,0.0,0.0
1789087883.3902786,0.0,0.0,0.0,0.0,0.0,0.0
1789087883.4372332,0.0,0.0,0.0,0.0,0.0,0.0
1789087883.4898486,0.0,0.0,0.0,0.0,0.0,0.0
1789087883.5371976,0.0,0.0,0.0,0.0,0.0,0.0
1789087883.5922456,0.0,0.0,0.0,0.0,0.0,0.0
1789087883.6374738,0.0,0.0,0.0,0.0,0.0,0.0
1789087883.690718,0.0,0.0,0.0,0.0,0.0,0.0
1789087883.737208,0.0,0.0,0.0,0.0,0.0,0.0
1789087883.7897155,0.0,0.0,0.0,0.0,0.0,0.0
1789087883.8373477,0.0,0.0,0.0,0.0,0.0,0.0
1789087883.8892643,0.0,0.0,0.0,0.0,0.0,0.0
1789087883.9373426,0.0,0.0,0.0,0.0,0.0,0.0
1789087883.987318,0.0,0.0,0.0,0.0,0.0,0.0
1789087884.0372615,0.0,0.0,0.0,0.0,0.0,0.0
1789087884.0903451,0.0,0.0,0.0,0.0,0.0,0.0
1789087884.1371117,0.0,0.0,0.0,0.0,0.0,0.0
1789087884.189624,0.0,0.0,0.0,0.0,0.0,0.0
1789087884.2373064,0.0,0.0,0.0,0.0,0.0,0.0
1789087884.2897546,0.0,0.0,0.0,0.0,0.0,0.0
1789087884.3374045,0.0,0.0,0.0,0.0,0.0,0.0
1789087884.3919425,0.0,0.0,0.0,0.0,0.0,0.0
1789087884.4372175,0.0,0.0,0.0,0.0,0.0,0.0
1789087884.4897914,0.0,0.0,0.0,0.0,0.0,0.0
1789087884.537479,0.0,0.0,0.0,0.0,0.0,0.0
1789087884.5874798,0.0,0.0,0.0,0.0,0.0,0.0
1789087884.6376894,0.0,0.0,0.0,0.0,0.0,0.0
1789087884.6896644,0.0,0.0,0.0,0.0,0.0,0.0
1789087884.7373188,0.0,0.0,0.0,0.0,0.0,0.0
1789087884.7900748,0.0,0.0,0.0,0.0,0.0,0.0
1789087884.8374379,0.0,0.0,0.0,0.0,0.0,0.0
1789087884.8913999,0.0,0.0,0.0,0.0,0.0,0.0
1789087884.9373765,0.0,0.0,0.0,0.0,0.0,0.0
1789087884.9875393,0.0,0.0,0.0,0.0,0.0,0.0
1789087885.0374312,0.0,0.0,0.0,0.0,0.0,0.0
1789087885.0875013,0.0,0.0,0.0,0.0,0.0,0.0
1789087885.137355,0.0,0.0,0.0,0.0,0.0,0.0
1789087885.1874635,0.0,0.0,0.0,0.0,0.0,0.0
1789087885.2374,0.0,0.0,0.0,0.0,0.0,0.0
1789087885.290603,0.0,0.0,0.0,0.0,0.0,0.0
1789087885.3375154,0.0,0.0,0.0,0.0,0.0,0.0
1789087885.3872561,0.0,0.0,0.0,0.0,0.0,0.0
1789087885.4373615,0.0,0.0,0.0,0.0,0.0,0.0
1789087885.48731,0.0,0.0,0.0,0.0,0.0,0.0
1789087885.5375624,0.0,0.0,0.0,0.0,0.0,0.0
1789087885.5875218,0.0,0.0,0.0,0.0,0.0,0.0
1789087885.637436,0.0,0.0,0.0,0.0,0.0,0.0
1789087885.687521,0.0,0.0,0.0,0.0,0.0,0.0
1789087885.737392,0.0,0.0,0.0,0.0,0.0,0.0
1789087885.7872906,0.0,0.0,0.0,0.0,0.0,0.0
1789087885.837239,0.0,0.0,0.0,0.0,0.0,0.0
1789087885.8897383,0.0,0.0,0.0,0.0,0.0,0.0
1789087885.9372368,0.0,0.0,0.0,0.0,0.0,0.0
1789087885.9872568,0.0,0.0,0.0,0.0,0.0,0.0
1789087886.037136,0.0,0.0,0.0,0.0,0.0,0.0
1789087886.090338,0.0,0.0,0.0,0.0,0.0,0.0
1789087886.1374154,0.0,0.0,0.0,0.0,0.0,0.0
1789087886.1873794,0.0,0.0,0.0,0.0,0.0,0.0
1789087886.2371664,0.0,0.0,0.0,0.0,0.0,0.0
1789087886.287057,0.0,0.0,0.0,0.0,0.0,0.0
1789087886.3372428,0.0,0.0,0.0,0.0,0.0,0.0
1789087886.3873165,0.0,0.0,0.0,0.0,0.0,0.0
1789087886.4371781,0.0,0.0,0.0,0.0,0.0,0.0
1789087886.4872484,0.0,0.0,0.0,0.0,0.0,0.0
1789087886.5374255,0.0,0.0,0.0,0.0,0.0,0.0
1789087886.5873702,0.0,0.0,0.0,0.0,0.0,0.0
1789087886.6374962,0.0,0.0,0.0,0.0,0.0,0.0
1789087886.6873055,0.0,0.0,0.0,0.0,0.0,0.0
1789087886.7375126,0.0,0.0,0.0,0.0,0.0,0.0
1789087886.7873812,0.0,0.0,0.0,0.0,0.0,0.0
1789087886.837131,0.0,0.0,0.0,0.0,0.0,0.0
1789087886.8872244,0.0,0.0,0.0,0.0,0.0,0.0
1789087886.9373558,0.0,0.0,0.0,0.0,0.0,0.0
1789087886.9871278,0.0,0.0,0.0,0.0,0.0,0.0
1789087887.0375204,0.0,0.0,0.0,0.0,0.0,0.0
1789087887.0872405,0.0,0.0,0.0,0.0,0.0,0.0
1789087887.1373014,0.0,0.0,0.0,0.0,0.0,0.0
1789087887.187346,0.0,0.0,0.0,0.0,0.0,0.0
1789087887.237463,0.0,0.0,0.0,0.0,0.0,0.0
1789087887.2873688,0.0,0.0,0.0,0.0,0.0,0.0
1789087887.337346,0.0,0.0,0.0,0.0,0.0,0.0
1789087887.387285,0.0,0.0,0.0,0.0,0.0,0.0
1789087887.4374943,0.0,0.0,0.0,0.0,0.0,0.0
1789087887.4873605,0.0,0.0,0.0,0.0,0.0,0.0
1789087887.5374582,0.0,0.0,0.0,0.0,0.0,0.0
1789087887.5876133,0.0,0.0,0.0,0.0,0.0,0.0
1789087887.637423,0.0,0.0,0.0,0.0,0.0,0.0
1789087887.6874628,0.0,0.0,0.0,0.0,0.0,0.0
1789087887.7374163,0.0,0.0,0.0,0.0,0.0,0.0
1789087887.787259,0.0,0.0,0.0,0.0,0.0,0.0
1789087887.8372107,0.0,0.0,0.0,0.0,0.0,0.0
1789087887.8873448,0.0,0.0,0.0,0.0,0.0,0.0
1789087887.9371696,0.0,0.0,0.0,0.0,0.0,0.0
1789087887.987489,0.0,0.0,0.0,0.0,0.0,0.0
1789087888.0374134,0.0,0.0,0.0,0.0,0.0,0.0
1789087888.0873656,0.0,0.0,0.0,0.0,0.0,0.0
1789087888.137449,0.0,0.0,0.0,0.0,0.0,0.0
1789087888.1872177,0.0,0.0,0.0,0.0,0.0,0.0
1789087888.2373018,0.0,0.0,0.0,0.0,0.0,0.0
1789087888.287227,0.0,0.0,0.0,0.0,0.0,0.0
1789087888.3373332,0.0,0.0,0.0,0.0,0.0,0.0
1789087888.387381,0.0,0.0,0.0,0.0,0.0,0.0
1789087888.437509,0.0,0.0,0.0,0.0,0.0,0.0
1789087888.4873595,0.0,0.0,0.0,0.0,0.0,0.0
1789087888.5375385,0.0,0.0,0.0,0.0,0.0,0.0
1789087888.5875905,0.0,0.0,0.0,0.0,0.0,0.0
1789087888.6372302,0.0,0.0,0.0,0.0,0.0,0.0
1789087888.6873858,0.0,0.0,0.0,0.0,0.0,0.0
1789087888.7375083,0.0,0.0,0.0,0.0,0.0,0.0
1789087888.7875583,0.0,0.0,0.0,0.0,0.0,0.0
1789087888.837414,0.0,0.0,0.0,0.0,0.0,0.0
1789087888.8873518,0.0,0.0,0.0,0.0,0.0,0.0
1789087888.937379,0.0,0.0,0.0,0.0,0.0,0.0
1789087888.987557,0.0,0.0,0.0,0.0,0.0,0.0
1789087889.0375094,0.0,0.0,0.0,0.0,0.0,0.0
1789087889.087365,0.0,0.0,0.0,0.0,0.0,0.0
1789087889.1372,0.0,0.0,0.0,0.0,0.0,0.0
1789087889.187308,0.0,0.0,0.0,0.0,0.0,0.0
1789087889.23741,0.0,0.0,0.0,0.0,0.0,0.0
1789087889.2875316,0.0,0.0,0.0,0.0,0.0,0.0
1789087889.337463,0.0,0.0,0.0,0.0,0.0,0.0
1789087889.3874078,0.0,0.0,0.0,0.0,0.0,0.0
1789087889.4375422,0.0,0.0,0.0,0.0,0.0,0.0
1789087889.4872284,0.0,0.0,0.0,0.0,0.0,0.0
1789087889.5374541,0.0,0.0,0.0,0.0,0.0,0.0
1789087889.5875041,0.0,0.0,0.0,0.0,0.0,0.0
1789087889.637534,0.0,0.0,0.0,0.0,0.0,0.0
1789087889.6873324,0.0,0.0,0.0,0.0,0.0,0.0
1789087889.7375972,0.0,0.0,0.0,0.0,0.0,0.0
1789087889.7876213,0.0,0.0,0.0,0.0,0.0,0.0
1789087889.8376265,0.0,0.0,0.0,0.0,0.0,0.0
1789087889.8874576,0.0,0.0,0.0,0.0,0.0,0.0
1789087889.9375405,0.0,0.0,0.0,0.0,0.0,0.0
1789087889.9875166,0.0,0.0,0.0,0.0,0.0,0.0
1789087890.0374012,0.0,0.0,0.0,0.0,0.0,0.0
1789087890.0872698,0.0,0.0,0.0,0.0,0.0,0.0
1789087890.1374977,0.0,0.0,0.0,0.0,0.0,0.0
1789087890.1874201,0.0,0.0,0.0,0.0,0.0,0.0
1789087890.2373202,0.0,0.0,0.0,0.0,0.0,0.0
1789087890.2873335,0.0,0.0,0.0,0.0,0.0,0.0
1789087890.3374462,0.0,0.0,0.0,0.0,0.0,0.0
1789087890.3871844,0.0,0.0,0.0,0.0,0.0,0.0
1789087890.437418,0.0,0.0,0.0,0.0,0.0,0.0
1789087890.4875045,0.0,0.0,0.0,0.0,0.0,0.0
1789087890.537628,0.0,0.0,0.0,0.0,0.0,0.0
1789087890.5875912,0.0,0.0,0.0,0.0,0.0,0.0
1789087890.6374037,0.0,0.0,0.0,0.0,0.0,0.0
1789087890.6874447,0.0,0.0,0.0,0.0,0.0,0.0
1789087890.7377465,0.0,0.0,0.0,0.0,0.0,0.0
1789087890.787467,0.0,0.0,0.0,0.0,0.0,0.0
1789087890.8372645,0.0,0.0,0.0,0.0,0.0,0.0
1789087890.8872976,0.0,0.0,0.0,0.0,0.0,0.0
1789087890.9372354,0.0,0.0,0.0,0.0,0.0,0.0
1789087890.9872863,0.0,0.0,0.0,0.0,0.0,0.0
1789087891.0374508,0.0,0.0,0.0,0.0,0.0,0.0
1789087891.087044,0.0,0.0,0.0,0.0,0.0,0.0
1789087891.1371665,0.0,0.0,0.0,0.0,0.0,0.0
1789087891.1870902,0.0,0.0,0.0,0.0,0.0,0.0
1789087891.2372446,0.0,0.0,0.0,0.0,0.0,0.0
1789087891.2871637,0.0,0.0,0.0,0.0,0.0,0.0
1789087891.3374631,0.0,0.0,0.0,0.0,0.0,0.0
1789087891.3874774,0.0,0.0,0.0,0.0,0.0,0.0
1789087891.4373066,0.0,0.0,0.0,0.0,0.0,0.0
1789087891.4874802,0.0,0.0,0.0,0.0,0.0,0.0
1789087891.5374603,0.0,0.0,0.0,0.0,0.0,0.0
1789087891.5871968,0.0,0.0,0.0,0.0,0.0,0.0
1789087891.6373663,0.0,0.0,0.0,0.0,0.0,0.0
1789087891.6871607,0.0,0.0,0.0,0.0,0.0,0.0
1789087891.73723,0.0,0.0,0.0,0.0,0.0,0.0
1789087891.787506,0.0,0.0,0.0,0.0,0.0,0.0
1789087891.8373792,0.0,0.0,0.0,0.0,0.0,0.0
1789087891.8875558,0.0,0.0,0.0,0.0,0.0,0.0
1789087891.9373882,0.0,0.0,0.0,0.0,0.0,0.0
1789087891.9872274,0.0,0.0,0.0,0.0,0.0,0.0
1789087892.037277,0.0,0.0,0.0,0.0,0.0,0.0
1789087892.087206,0.0,0.0,0.0,0.0,0.0,0.0
1789087892.137368,0.0,0.0,0.0,0.0,0.0,0.0
1789087892.187482,0.0,0.0,0.0,0.0,0.0,0.0
1789087892.2371972,0.0,0.0,0.0,0.0,0.0,0.0
1789087892.2871664,0.0,0.0,0.0,0.0,0.0,0.0
1789087892.337247,0.0,0.0,0.0,0.0,0.0,0.0
1789087892.3872917,0.0,0.0,0.0,0.0,0.0,0.0
1789087892.4373486,0.0,0.0,0.0,0.0,0.0,0.0
1789087892.4874325,0.0,0.0,0.0,0.0,0.0,0.0
1789087892.5370681,0.0,0.0,0.0,0.0,0.0,0.0
1789087892.5878026,0.0,0.0,0.0,0.0,0.0,0.0
1789087892.6372883,0.0,0.0,0.0,0.0,0.0,0.0
1789087892.687533,0.0,0.0,0.0,0.0,0.0,0.0
1789087892.7373297,0.0,0.0,0.0,0.0,0.0,0.0
1789087892.7874503,0.0,0.0,0.0,0.0,0.0,0.0
1789087892.837179,0.0,0.0,0.0,0.0,0.0,0.0
1789087892.887329,0.0,0.0,0.0,0.0,0.0,0.0
1789087892.937047,0.0,0.0,0.0,0.0,0.0,0.0
1789087892.9875488,0.0,0.0,0.0,0.0,0.0,0.0
1789087893.0375931,0.0,0.0,0.0,0.0,0.0,0.0
1789087893.0875397,0.0,0.0,0.0,0.0,0.0,0.0
1789087893.137597,0.0,0.0,0.0,0.0,0.0,0.0
1789087893.1874633,0.0,0.0,0.0,0.0,0.0,0.0
1789087893.2374928,0.0,0.0,0.0,0.0,0.0,0.0
1789087893.2874002,0.0,0.0,0.0,0.0,0.0,0.0
1789087893.3374665,0.0,0.0,0.0,0.0,0.0,0.0
1789087893.3872807,0.0,0.0,0.0,0.0,0.0,0.0
1789087893.4372838,0.0,0.0,0.0,0.0,0.0,0.0
1789087893.4874437,0.0,0.0,0.0,0.0,0.0,0.0
1789087893.5372076,0.0,0.0,0.0,0.0,0.0,0.0
1789087893.5872579,0.0,0.0,0.0,0.0,0.0,0.0
1789087893.6373434,0.0,0.0,0.0,0.0,0.0,0.0
1789087893.6873357,0.0,0.0,0.0,0.0,0.0,0.0
1789087893.737383,0.0,0.0,0.0,0.0,0.0,0.0
1789087893.787336,0.0,0.0,0.0,0.0,0.0,0.0
1789087893.8371708,0.0,0.0,0.0,0.0,0.0,0.0
1789087893.8871715,0.0,0.0,0.0,0.0,0.0,0.0
1789087893.9376228,0.0,0.0,0.0,0.0,0.0,0.0
1789087893.9874618,0.0,0.0,0.0,0.0,0.0,0.0
1789087894.0373108,0.0,0.0,0.0,0.0,0.0,0.0
1789087894.0874434,0.0,0.0,0.0,0.0,0.0,0.0
1789087894.1372077,0.0,0.0,0.0,0.0,0.0,0.0
1789087894.1873994,0.0,0.0,0.0,0.0,0.0,0.0
1789087894.2374105,0.0,0.0,0.0,0.0,0.0,0.0
1789087894.2873366,0.0,0.0,0.0,0.0,0.0,0.0
1789087894.3374317,0.0,0.0,0.0,0.0,0.0,0.0
1789087894.3874495,0.0,0.0,0.0,0.0,0.0,0.0
1789087894.4374802,0.0,0.0,0.0,0.0,0.0,0.0
1789087894.487377,0.0,0.0,0.0,0.0,0.0,0.0
1789087894.5373447,0.0,0.0,0.0,0.0,0.0,0.0
1789087894.5874488,0.0,0.0,0.0,0.0,0.0,0.0
1789087894.6374555,0.0,0.0,0.0,0.0,0.0,0.0
1789087894.6875281,0.0,0.0,0.0,0.0,0.0,0.0
1789087894.7372613,0.0,0.0,0.0,0.0,0.0,0.0
1789087894.787515,0.0,0.0,0.0,0.0,0.0,0.0
1789087894.8374393,0.0,0.0,0.0,0.0,0.0,0.0
1789087894.8875947,0.0,0.0,0.0,0.0,0.0,0.0
1789087894.9374645,0.0,0.0,0.0,0.0,0.0,0.0
1789087894.9873197,0.0,0.0,0.0,0.0,0.0,0.0
1789087895.0373502,0.0,0.0,0.0,0.0,0.0,0.0
1789087895.0873394,0.0,0.0,0.0,0.0,0.0,0.0
1789087895.1374454,0.0,0.0,0.0,0.0,0.0,0.0
1789087895.18753,0.0,0.0,0.0,0.0,0.0,0.0
1789087895.2376716,0.0,0.0,0.0,0.0,0.0,0.0
1789087895.2874327,0.0,0.0,0.0,0.0,0.0,0.0
1789087895.337503,0.0,0.0,0.0,0.0,0.0,0.0
1789087895.3876088,0.0,0.0,0.0,0.0,0.0,0.0
1789087895.4371834,0.0,0.0,0.0,0.0,0.0,0.0
1789087895.4872584,0.0,0.0,0.0,0.0,0.0,0.0
1789087895.5374458,0.0,0.0,0.0,0.0,0.0,0.0
1789087895.587496,0.0,0.0,0.0,0.0,0.0,0.0
1789087895.637531,0.0,0.0,0.0,0.0,0.0,0.0
1789087895.68761,0.0,0.0,0.0,0.0,0.0,0.0
1789087895.7375164,0.0,0.0,0.0,0.0,0.0,0.0
1789087895.7875376,0.0,0.0,0.0,0.0,0.0,0.0
1789087895.8375251,0.0,0.0,0.0,0.0,0.0,0.0
1789087895.8873115,0.0,0.0,0.0,0.0,0.0,0.0
1789087895.937571,0.0,0.0,0.0,0.0,0.0,0.0
1789087895.9873843,0.0,0.0,0.0,0.0,0.0,0.0
1789087896.0371826,0.0,0.0,0.0,0.0,0.0,0.0
1789087896.087314,0.0,0.0,0.0,0.0,0.0,0.0
1789087896.137406,0.0,0.0,0.0,0.0,0.0,0.0
1789087896.18728,0.0,0.0,0.0,0.0,0.0,0.0
1789087896.2373123,0.0,0.0,0.0,0.0,0.0,0.0
1789087896.2870512,0.0,0.0,0.0,0.0,0.0,0.0
1789087896.3373954,0.0,0.0,0.0,0.0,0.0,0.0
1789087896.3874874,0.0,0.0,0.0,0.0,0.0,0.0
1789087896.4375875,0.0,0.0,0.0,0.0,0.0,0.0
1789087896.4875972,0.0,0.0,0.0,0.0,0.0,0.0
1789087896.5373898,0.0,0.0,0.0,0.0,0.0,0.0
1789087896.5874574,0.0,0.0,0.0,0.0,0.0,0.0
1789087896.637472,0.0,0.0,0.0,0.0,0.0,0.0
1789087896.6872175,0.0,0.0,0.0,0.0,0.0,0.0
1789087896.737422,0.0,0.0,0.0,0.0,0.0,0.0
1789087896.7873523,0.0,0.0,0.0,0.0,0.0,0.0
1789087896.8373296,0.0,0.0,0.0,0.0,0.0,0.0
1789087896.8873646,0.0,0.0,0.0,0.0,0.0,0.0
1789087896.9373777,0.0,0.0,0.0,0.0,0.0,0.0
1789087896.9874847,0.0,0.0,0.0,0.0,0.0,0.0
1789087897.0375283,0.0,0.0,0.0,0.0,0.0,0.0
1789087897.0872924,0.0,0.0,0.0,0.0,0.0,0.0
1789087897.1372414,0.0,0.0,0.0,0.0,0.0,0.0
1789087897.18732,0.0,0.0,0.0,0.0,0.0,0.0
1789087897.2378721,0.0,0.0,0.0,0.0,0.0,0.0
1789087897.2879274,0.0,0.0,0.0,0.0,0.0,0.0
1789087897.337459,0.0,0.0,0.0,0.0,0.0,0.0
1789087897.387578,0.0,0.0,0.0,0.0,0.0,0.0
1789087897.4374192,0.0,0.0,0.0,0.0,0.0,0.0
1789087897.4876277,0.0,0.0,0.0,0.0,0.0,0.0
1789087897.5373583,0.0,0.0,0.0,0.0,0.0,0.0
1789087897.5874538,0.0,0.0,0.0,0.0,0.0,0.0
1789087897.637208,0.0,0.0,0.0,0.0,0.0,0.0
1789087897.6875863,0.0,0.0,0.0,0.0,0.0,0.0
1789087897.7374647,0.0,0.0,0.0,0.0,0.0,0.0
1789087897.7874837,0.0,0.0,0.0,0.0,0.0,0.0
1789087897.8424742,0.0,0.0,0.0,0.0,0.0,0.0
1789087897.8874452,0.0,0.0,0.0,0.0,0.0,0.0
1789087897.9373171,0.0,0.0,0.0,0.0,0.0,0.0
1789087897.9876432,0.0,0.0,0.0,0.0,0.0,0.0
1789087898.0373795,0.0,0.0,0.0,0.0,0.0,0.0
1789087898.0873456,0.0,0.0,0.0,0.0,0.0,0.0
1789087898.1374211,0.0,0.0,0.0,0.0,0.0,0.0
1789087898.1875532,0.0,0.0,0.0,0.0,0.0,0.0
1789087898.237601,0.0,0.0,0.0,0.0,0.0,0.0
1789087898.2874103,0.0,0.0,0.0,0.0,0.0,0.0
1789087898.3373568,0.0,0.0,0.0,0.0,0.0,0.0
1789087898.3875735,0.0,0.0,0.0,0.0,0.0,0.0
1789087898.4374843,0.0,0.0,0.0,0.0,0.0,0.0
1789087898.4871821,0.0,0.0,0.0,0.0,0.0,0.0
1789087898.5372334,0.0,0.0,0.0,0.0,0.0,0.0
1789087898.5873346,0.0,0.0,0.0,0.0,0.0,0.0
1789087898.6375318,0.0,0.0,0.0,0.0,0.0,0.0
1789087898.687384,0.0,0.0,0.0,0.0,0.0,0.0
1789087898.7374134,0.0,0.0,0.0,0.0,0.0,0.0
1789087898.7875764,0.0,0.0,0.0,0.0,0.0,0.0
1789087898.8375256,0.0,0.0,0.0,0.0,0.0,0.0
1789087898.88771,0.0,0.0,0.0,0.0,0.0,0.0
1789087898.9376051,0.0,0.0,0.0,0.0,0.0,0.0
1789087898.9872787,0.0,0.0,0.0,0.0,0.0,0.0
1789087899.0372748,0.0,0.0,0.0,0.0,0.0,0.0
1789087899.08715,0.0,0.0,0.0,0.0,0.0,0.0
1789087899.1373127,0.0,0.0,0.0,0.0,0.0,0.0
1789087899.187179,0.0,0.0,0.0,0.0,0.0,0.0
1789087899.2372928,0.0,0.0,0.0,0.0,0.0,0.0
1789087899.2872036,0.0,0.0,0.0,0.0,0.0,0.0
1789087899.337339,0.0,0.0,0.0,0.0,0.0,0.0
1789087899.387323,0.0,0.0,0.0,0.0,0.0,0.0
1789087899.4398963,0.0,0.0,0.0,0.0,0.0,0.0
1789087899.4873612,0.0,0.0,0.0,0.0,0.0,0.0
1789087899.5376801,0.0,0.0,0.0,0.0,0.0,0.0
1789087899.5876005,0.0,0.0,0.0,0.0,0.0,0.0
1789087899.6399636,0.0,0.0,0.0,0.0,0.0,0.0
1789087899.6872852,0.0,0.0,0.0,0.0,0.0,0.0
1789087899.7372563,0.0,0.0,0.0,0.0,0.0,0.0
1789087899.787381,0.0,0.0,0.0,0.0,0.0,0.0
1789087899.837179,0.0,0.0,0.0,0.0,0.0,0.0
1789087899.8873193,0.0,0.0,0.0,0.0,0.0,0.0
1789087899.9400253,0.0,0.0,0.0,0.0,0.0,0.0
1789087899.987646,0.0,0.0,0.0,0.0,0.0,0.0
1789087900.0391972,0.0,0.0,0.0,0.0,0.0,0.0
1789087900.0871572,0.0,0.0,0.0,0.0,0.0,0.0
1789087900.1370556,0.0,0.0,0.0,0.0,0.0,0.0
1789087900.187417,0.0,0.0,0.0,0.0,0.0,0.0
1789087900.2374454,0.0,0.0,0.0,0.0,0.0,0.0
1789087900.2876756,0.0,0.0,0.0,0.0,0.0,0.0
1789087900.337409,0.0,0.0,0.0,0.0,0.0,0.0
1789087900.387418,0.0,0.0,0.0,0.0,0.0,0.0
1789087900.4374769,0.0,0.0,0.0,0.0,0.0,0.0
1789087900.4875185,0.0,0.0,0.0,0.0,0.0,0.0
1789087900.537976,0.0,0.0,0.0,0.0,0.0,0.0
1789087900.5875986,0.0,0.0,0.0,0.0,0.0,0.0
1789087900.6376514,0.0,0.0,0.0,0.0,0.0,0.0
1789087900.687199,0.0,0.0,0.0,0.0,0.0,0.0
1789087900.7376907,0.0,0.0,0.0,0.0,0.0,0.0
1789087900.787228,0.0,0.0,0.0,0.0,0.0,0.0
1789087900.8379295,0.0,0.0,0.0,0.0,0.0,0.0
1789087900.887503,0.0,0.0,0.0,0.0,0.0,0.0
1789087900.9394517,0.0,0.0,0.0,0.0,0.0,0.0
1789087900.9873786,0.0,0.0,0.0,0.0,0.0,0.0
1789087901.0395367,0.0,0.0,0.0,0.0,0.0,0.0
1789087901.0872579,0.0,0.0,0.0,0.0,0.0,0.0
1789087901.1380782,0.0,0.0,0.0,0.0,0.0,0.0
1789087901.1871405,0.0,0.0,0.0,0.0,0.0,0.0
1789087901.2372174,0.0,0.0,0.0,0.0,0.0,0.0
1789087901.287331,0.0,0.0,0.0,0.0,0.0,0.0
1789087901.3376973,0.0,0.0,0.0,0.0,0.0,0.0
1789087901.387284,0.0,0.0,0.0,0.0,0.0,0.0
1789087901.4390821,0.0,0.0,0.0,0.0,0.0,0.0
1789087901.4878345,0.0,0.0,0.0,0.0,0.0,0.0
1789087901.5372915,0.0,0.0,0.0,0.0,0.0,0.0
1789087901.587381,0.0,0.0,0.0,0.0,0.0,0.0
1789087901.638665,0.0,0.0,0.0,0.0,0.0,0.0
1789087901.687277,0.0,0.0,0.0,0.0,0.0,0.0
1789087901.742643,0.0,0.0,0.0,0.0,0.0,0.0
1789087901.7872787,0.0,0.0,0.0,0.0,0.0,0.0
1789087901.8373861,0.0,0.0,0.0,0.0,0.0,0.0
1789087901.8882973,0.0,0.0,0.0,0.0,0.0,0.0
1789087901.9393196,0.0,0.0,0.0,0.0,0.0,0.0
1789087901.987237,0.0,0.0,0.0,0.0,0.0,0.0
1789087902.0415714,0.0,0.0,0.0,0.0,0.0,0.0
1789087902.0874567,0.0,0.0,0.0,0.0,0.0,0.0
1789087902.1384387,0.0,0.0,0.0,0.0,0.0,0.0
1789087902.1874452,0.0,0.0,0.0,0.0,0.0,0.0
1789087902.2372317,0.0,0.0,0.0,0.0,0.0,0.0
1789087902.2884586,0.0,0.0,0.0,0.0,0.0,0.0
1789087902.3372333,0.0,0.0,0.0,0.0,0.0,0.0
1789087902.38751,0.0,0.0,0.0,0.0,0.0,0.0
1789087902.444059,0.0,0.0,0.0,0.0,0.0,0.0
1789087902.4877543,0.0,0.0,0.0,0.0,0.0,0.0
1789087902.5384195,0.0,0.0,0.0,0.0,0.0,0.0
1789087902.5876477,0.0,0.0,0.0,0.0,0.0,0.0
1789087902.6379802,0.0,0.0,0.0,0.0,0.0,0.0
1789087902.6879342,0.0,0.0,0.0,0.0,0.0,0.0
1789087902.737211,0.0,0.0,0.0,0.0,0.0,0.0
1789087902.787318,0.0,0.0,0.0,0.0,0.0,0.0
1789087902.8423755,0.0,0.0,0.0,0.0,0.0,0.0
1789087902.887722,0.0,0.0,0.0,0.0,0.0,0.0
1789087902.9441593,0.0,0.0,0.0,0.0,0.0,0.0
1789087902.9874094,0.0,0.0,0.0,0.0,0.0,0.0
1789087903.0444927,0.0,0.0,0.0,0.0,0.0,0.0
1789087903.0878623,0.0,0.0,0.0,0.0,0.0,0.0
1789087903.1375957,0.0,0.0,0.0,0.0,0.0,0.0
1789087903.1872933,0.0,0.0,0.0,0.0,0.0,0.0
1789087903.2380483,0.0,0.0,0.0,0.0,0.0,0.0
1789087903.287328,0.0,0.0,0.0,0.0,0.0,0.0
1789087903.3388715,0.0,0.0,0.0,0.0,0.0,0.0
1789087903.3873737,0.0,0.0,0.0,0.0,0.0,0.0
1789087903.4415789,0.0,0.0,0.0,0.0,0.0,0.0
1789087903.4873667,0.0,0.0,0.0,0.0,0.0,0.0
1789087903.5421553,0.0,0.0,0.0,0.0,0.0,0.0
1789087903.587355,0.0,0.0,0.0,0.0,0.0,0.0
1789087903.6390927,0.0,0.0,0.0,0.0,0.0,0.0
1789087903.6875613,0.0,0.0,0.0,0.0,0.0,0.0
1789087903.7434936,0.0,0.0,0.0,0.0,0.0,0.0
1789087903.7872932,0.0,0.0,0.0,0.0,0.0,0.0
1789087903.838895,0.0,0.0,0.0,0.0,0.0,0.0
1789087903.8874183,0.0,0.0,0.0,0.0,0.0,0.0
1789087903.9383137,0.0,0.0,0.0,0.0,0.0,0.0
1789087903.9876893,0.0,0.0,0.0,0.0,0.0,0.0
1789087904.0421083,0.0,0.0,0.0,0.0,0.0,0.0
1789087904.087406,0.0,0.0,0.0,0.0,0.0,0.0
1789087904.1383436,0.0,0.0,0.0,0.0,0.0,0.0
1789087904.1875281,0.0,0.0,0.0,0.0,0.0,0.0
1789087904.2432919,0.0,0.0,0.0,0.0,0.0,0.0
1789087904.287544,0.0,0.0,0.0,0.0,0.0,0.0
1789087904.3406718,0.0,0.0,0.0,0.0,0.0,0.0
1789087904.3873055,0.0,0.0,0.0,0.0,0.0,0.0
1789087904.4419575,0.0,0.0,0.0,0.0,0.0,0.0
1789087904.4872532,0.0,0.0,0.0,0.0,0.0,0.0
1789087904.539558,0.0,0.0,0.0,0.0,0.0,0.0
1789087904.5873933,0.0,0.0,0.0,0.0,0.0,0.0
1789087904.6390667,0.0,0.0,0.0,0.0,0.0,0.0
1789087904.6874418,0.0,0.0,0.0,0.0,0.0,0.0
1789087904.7397664,0.0,0.0,0.0,0.0,0.0,0.0
1789087904.7874858,0.0,0.0,0.0,0.0,0.0,0.0
1789087904.8402202,0.0,0.0,0.0,0.0,0.0,0.0
1789087904.8873482,0.0,0.0,0.0,0.0,0.0,0.0
1789087904.9400666,0.0,0.0,0.0,0.0,0.0,0.0
1789087904.98755,0.0,0.0,0.0,0.0,0.0,0.0
1789087905.0396838,0.0,0.0,0.0,0.0,0.0,0.0
1789087905.087466,0.0,0.0,0.0,0.0,0.0,0.0
1789087905.1422427,0.0,0.0,0.0,0.0,0.0,0.0
1789087905.1874504,0.0,0.0,0.0,0.0,0.0,0.0
1789087905.2428687,0.0,0.0,0.0,0.0,0.0,0.0
1789087905.2874951,0.0,0.0,0.0,0.0,0.0,0.0
1789087905.3443058,0.0,0.0,0.0,0.0,0.0,0.0
1789087905.387569,0.0,0.0,0.0,0.0,0.0,0.0
1789087905.4421117,0.0,0.0,0.0,0.0,0.0,0.0
1789087905.4874995,0.0,0.0,0.0,0.0,0.0,0.0
1789087905.5394921,0.0,0.0,0.0,0.0,0.0,0.0
1789087905.5874624,0.0,0.0,0.0,0.0,0.0,0.0
1789087905.641947,0.0,0.0,0.0,0.0,0.0,0.0
1789087905.6874301,0.0,0.0,0.0,0.0,0.0,0.0
1789087905.7393463,0.0,0.0,0.0,0.0,0.0,0.0
1789087905.7875297,0.0,0.0,0.0,0.0,0.0,0.0
1789087905.8399687,0.0,0.0,0.0,0.0,0.0,0.0
1789087905.8873818,0.0,0.0,0.0,0.0,0.0,0.0
1789087905.9373097,0.0,0.0,0.0,0.0,0.0,0.0
1789087905.9872637,0.0,0.0,0.0,0.0,0.0,0.0
1789087906.0376332,0.0,0.0,0.0,0.0,0.0,0.0
1789087906.0873945,0.0,0.0,0.0,0.0,0.0,0.0
1789087906.1418521,0.0,0.0,0.0,0.0,0.0,0.0
1789087906.1877112,0.0,0.0,0.0,0.0,0.0,0.0
1789087906.2440982,0.0,0.0,0.0,0.0,0.0,0.0
1789087906.2872636,0.0,0.0,0.0,0.0,0.0,0.0
1789087906.3401988,0.0,0.0,0.0,0.0,0.0,0.0
1789087906.387393,0.0,0.0,0.0,0.0,0.0,0.0
1789087906.437427,0.0,0.0,0.0,0.0,0.0,0.0
1789087906.487381,0.0,0.0,0.0,0.0,0.0,0.0
1789087906.5420852,0.0,0.0,0.0,0.0,0.0,0.0
1789087906.587759,0.0,0.0,0.0,0.0,0.0,0.0
1789087906.6457388,0.0,0.0,0.0,0.0,0.0,0.0
1789087906.687592,0.0,0.0,0.0,0.0,0.0,0.0
1789087906.7431343,0.0,0.0,0.0,0.0,0.0,0.0
1789087906.7874916,0.0,0.0,0.0,0.0,0.0,0.0
1789087906.8374135,0.0,0.0,0.0,0.0,0.0,0.0
1789087906.8872669,0.0,0.0,0.0,0.0,0.0,0.0
1789087906.9372954,0.0,0.0,0.0,0.0,0.0,0.0
1789087906.9873586,0.0,0.0,0.0,0.0,0.0,0.0
1789087907.0406637,0.0,0.0,0.0,0.0,0.0,0.0
1789087907.087187,0.0,0.0,0.0,0.0,0.0,0.0
1789087907.1404471,0.0,0.0,0.0,0.0,0.0,0.0
1789087907.18728,0.0,0.0,0.0,0.0,0.0,0.0
1789087907.2406137,0.0,0.0,0.0,0.0,0.0,0.0
1789087907.2873657,0.0,0.0,0.0,0.0,0.0,0.0
1789087907.337654,0.0,0.0,0.0,0.0,0.0,0.0
1789087907.3872204,0.0,0.0,0.0,0.0,0.0,0.0
1789087907.4412785,0.0,0.0,0.0,0.0,0.0,0.0
1789087907.4874654,0.0,0.0,0.0,0.0,0.0,0.0
1789087907.5372012,0.0,0.0,0.0,0.0,0.0,0.0
1789087907.5875063,0.0,0.0,0.0,0.0,0.0,0.0
1789087907.6373305,0.0,0.0,0.0,0.0,0.0,0.0
1789087907.6871989,0.0,0.0,0.0,0.0,0.0,0.0
1789087907.7372882,0.0,0.0,0.0,0.0,0.0,0.0
1789087907.7872794,0.0,0.0,0.0,0.0,0.0,0.0
1789087907.837788,0.0,0.0,0.0,0.0,0.0,0.0
1789087907.887474,0.0,0.0,0.0,0.0,0.0,0.0
1789087907.937377,0.0,0.0,0.0,0.0,0.0,0.0
1789087907.9872622,0.0,0.0,0.0,0.0,0.0,0.0
1789087908.0376234,0.0,0.0,0.0,0.0,0.0,0.0
1789087908.0875394,0.0,0.0,0.0,0.0,0.0,0.0
1789087908.1377203,0.0,0.0,0.0,0.0,0.0,0.0
1789087908.1873722,0.0,0.0,0.0,0.0,0.0,0.0
1789087908.2372763,0.0,0.0,0.0,0.0,0.0,0.0
1789087908.287463,0.0,0.0,0.0,0.0,0.0,0.0
1789087908.3374708,0.0,0.0,0.0,0.0,0.0,0.0
1789087908.3872654,0.0,0.0,0.0,0.0,0.0,0.0
1789087908.437376,0.0,0.0,0.0,0.0,0.0,0.0
1789087908.4873066,0.0,0.0,0.0,0.0,0.0,0.0
1789087908.5375168,0.0,0.0,0.0,0.0,0.0,0.0
1789087908.5878708,0.0,0.0,0.0,0.0,0.0,0.0
1789087908.6410563,0.0,0.0,0.0,0.0,0.0,0.0
1789087908.6870995,0.0,0.0,0.0,0.0,0.0,0.0
1789087908.7407281,0.0,0.0,0.0,0.0,0.0,0.0
1789087908.7874427,0.0,0.0,0.0,0.0,0.0,0.0
1789087908.8376584,0.0,0.0,0.0,0.0,0.0,0.0
1789087908.8874416,0.0,0.0,0.0,0.0,0.0,0.0
1789087908.9375906,0.0,0.0,0.0,0.0,0.0,0.0
1789087908.9872937,0.0,0.0,0.0,0.0,0.0,0.0
1789087909.037347,0.0,0.0,0.0,0.0,0.0,0.0
1789087909.087081,0.0,0.0,0.0,0.0,0.0,0.0
1789087909.1374073,0.0,0.0,0.0,0.0,0.0,0.0
1789087909.18744,0.0,0.0,0.0,0.0,0.0,0.0
1789087909.2373686,0.0,0.0,0.0,0.0,0.0,0.0
1789087909.2874637,0.0,0.0,0.0,0.0,0.0,0.0
1789087909.337562,0.0,0.0,0.0,0.0,0.0,0.0
1789087909.3874123,0.0,0.0,0.0,0.0,0.0,0.0
1789087909.4375808,0.0,0.0,0.0,0.0,0.0,0.0
1789087909.4873524,0.0,0.0,0.0,0.0,0.0,0.0
1789087909.537275,0.0,0.0,0.0,0.0,0.0,0.0
1789087909.5871897,0.0,0.0,0.0,0.0,0.0,0.0
1789087909.6373518,0.0,0.0,0.0,0.0,0.0,0.0
1789087909.6874504,0.0,0.0,0.0,0.0,0.0,0.0
1789087909.7372684,0.0,0.0,0.0,0.0,0.0,0.0
1789087909.7871695,0.0,0.0,0.0,0.0,0.0,0.0
1789087909.8373005,0.0,0.0,0.0,0.0,0.0,0.0
1789087909.8870687,0.0,0.0,0.0,0.0,0.0,0.0
1789087909.937622,0.0,0.0,0.0,0.0,0.0,0.0
1789087909.9873822,0.0,0.0,0.0,0.0,0.0,0.0
1789087910.037234,0.0,0.0,0.0,0.0,0.0,0.0
1789087910.0875256,0.0,0.0,0.0,0.0,0.0,0.0
1789087910.1377265,0.0,0.0,0.0,0.0,0.0,0.0
1789087910.187252,0.0,0.0,0.0,0.0,0.0,0.0
1789087910.2372465,0.0,0.0,0.0,0.0,0.0,0.0
1789087910.2873232,0.0,0.0,0.0,0.0,0.0,0.0
1789087910.3372936,0.0,0.0,0.0,0.0,0.0,0.0
1789087910.3871713,0.0,0.0,0.0,0.0,0.0,0.0
1789087910.4373486,0.0,0.0,0.0,0.0,0.0,0.0
1789087910.4872227,0.0,0.0,0.0,0.0,0.0,0.0
1789087910.5374553,0.0,0.0,0.0,0.0,0.0,0.0
1789087910.587329,0.0,0.0,0.0,0.0,0.0,0.0
1789087910.6374075,0.0,0.0,0.0,0.0,0.0,0.0
1789087910.6872146,0.0,0.0,0.0,0.0,0.0,0.0
1789087910.7373512,0.0,0.0,0.0,0.0,0.0,0.0
1789087910.7872758,0.0,0.0,0.0,0.0,0.0,0.0
1789087910.837306,0.0,0.0,0.0,0.0,0.0,0.0
1789087910.8877888,0.0,0.0,0.0,0.0,0.0,0.0
1789087910.9374292,0.0,0.0,0.0,0.0,0.0,0.0
1789087910.9876254,0.0,0.0,0.0,0.0,0.0,0.0
1789087911.037427,0.0,0.0,0.0,0.0,0.0,0.0
1789087911.0874672,0.0,0.0,0.0,0.0,0.0,0.0
1789087911.1374037,0.0,0.0,0.0,0.0,0.0,0.0
1789087911.1874073,0.0,0.0,0.0,0.0,0.0,0.0
1789087911.2373505,0.0,0.0,0.0,0.0,0.0,0.0
1789087911.2875707,0.0,0.0,0.0,0.0,0.0,0.0
1789087911.337424,0.0,0.0,0.0,0.0,0.0,0.0
1789087911.3873444,0.0,0.0,0.0,0.0,0.0,0.0
1789087911.4373944,0.0,0.0,0.0,0.0,0.0,0.0
1789087911.487426,0.0,0.0,0.0,0.0,0.0,0.0
1789087911.5374823,0.0,0.0,0.0,0.0,0.0,0.0
1789087911.5872614,0.0,0.0,0.0,0.0,0.0,0.0
1789087911.6374497,0.0,0.0,0.0,0.0,0.0,0.0
1789087911.687162,0.0,0.0,0.0,0.0,0.0,0.0
1789087911.7375393,0.0,0.0,0.0,0.0,0.0,0.0
1789087911.7874496,0.0,0.0,0.0,0.0,0.0,0.0
1789087911.8375723,0.0,0.0,0.0,0.0,0.0,0.0
1789087911.887463,0.0,0.0,0.0,0.0,0.0,0.0
1789087911.9374168,0.0,0.0,0.0,0.0,0.0,0.0
1789087911.987403,0.0,0.0,0.0,0.0,0.0,0.0
1789087912.0375144,0.0,0.0,0.0,0.0,0.0,0.0
1789087912.0874135,0.0,0.0,0.0,0.0,0.0,0.0
1789087912.13729,0.0,0.0,0.0,0.0,0.0,0.0
1789087912.1875422,0.0,0.0,0.0,0.0,0.0,0.0
1789087912.2370992,0.0,0.0,0.0,0.0,0.0,0.0
1789087912.2871485,0.0,0.0,0.0,0.0,0.0,0.0
1789087912.33733,0.0,0.0,0.0,0.0,0.0,0.0
1789087912.3872182,0.0,0.0,0.0,0.0,0.0,0.0
1789087912.437557,0.0,0.0,0.0,0.0,0.0,0.0
1789087912.487287,0.0,0.0,0.0,0.0,0.0,0.0
1789087912.5374334,0.0,0.0,0.0,0.0,0.0,0.0
1789087912.5872684,0.0,0.0,0.0,0.0,0.0,0.0
1789087912.6373796,0.0,0.0,0.0,0.0,0.0,0.0
1789087912.6875231,0.0,0.0,0.0,0.0,0.0,0.0
1789087912.7375138,0.0,0.0,0.0,0.0,0.0,0.0
1789087912.7875981,0.0,0.0,0.0,0.0,0.0,0.0
1789087912.837591,0.0,0.0,0.0,0.0,0.0,0.0
1789087912.887578,0.0,0.0,0.0,0.0,0.0,0.0
1789087912.9376533,0.0,0.0,0.0,0.0,0.0,0.0
1789087912.987592,0.0,0.0,0.0,0.0,0.0,0.0
1789087913.0372827,0.0,0.0,0.0,0.0,0.0,0.0
1789087913.0875366,0.0,0.0,0.0,0.0,0.0,0.0
1789087913.137405,0.0,0.0,0.0,0.0,0.0,0.0
1789087913.1875684,0.0,0.0,0.0,0.0,0.0,0.0
1789087913.23741,0.0,0.0,0.0,0.0,0.0,0.0
1789087913.2876272,0.0,0.0,0.0,0.0,0.0,0.0
1789087913.3373778,0.0,0.0,0.0,0.0,0.0,0.0
1789087913.3873575,0.0,0.0,0.0,0.0,0.0,0.0
1789087913.4373436,0.0,0.0,0.0,0.0,0.0,0.0
1789087913.48712,0.0,0.0,0.0,0.0,0.0,0.0
1789087913.5373015,0.0,0.0,0.0,0.0,0.0,0.0
1789087913.5873063,0.0,0.0,0.0,0.0,0.0,0.0
1789087913.6372075,0.0,0.0,0.0,0.0,0.0,0.0
1789087913.6872985,0.0,0.0,0.0,0.0,0.0,0.0
1789087913.7374115,0.0,0.0,0.0,0.0,0.0,0.0
1789087913.7873685,0.0,0.0,0.0,0.0,0.0,0.0
1789087913.8376057,0.0,0.0,0.0,0.0,0.0,0.0
1789087913.8877993,0.0,0.0,0.0,0.0,0.0,0.0
1789087913.937235,0.0,0.0,0.0,0.0,0.0,0.0
1789087913.9872077,0.0,0.0,0.0,0.0,0.0,0.0
1789087914.0373535,0.0,0.0,0.0,0.0,0.0,0.0
1789087914.0874827,0.0,0.0,0.0,0.0,0.0,0.0
1789087914.1372843,0.0,0.0,0.0,0.0,0.0,0.0
1789087914.1872432,0.0,0.0,0.0,0.0,0.0,0.0
1789087914.2376027,0.0,0.0,0.0,0.0,0.0,0.0
1789087914.287549,0.0,0.0,0.0,0.0,0.0,0.0
1789087914.337455,0.0,0.0,0.0,0.0,0.0,0.0
1789087914.3874445,0.0,0.0,0.0,0.0,0.0,0.0
1789087914.437363,0.0,0.0,0.0,0.0,0.0,0.0
1789087914.4874556,0.0,0.0,0.0,0.0,0.0,0.0
1789087914.537413,0.0,0.0,0.0,0.0,0.0,0.0
1789087914.5871665,0.0,0.0,0.0,0.0,0.0,0.0
1789087914.637276,0.0,0.0,0.0,0.0,0.0,0.0
1789087914.6871479,0.0,0.0,0.0,0.0,0.0,0.0
1789087914.73718,0.0,0.0,0.0,0.0,0.0,0.0
1789087914.7872648,0.0,0.0,0.0,0.0,0.0,0.0
1789087914.8373191,0.0,0.0,0.0,0.0,0.0,0.0
1789087914.8871732,0.0,0.0,0.0,0.0,0.0,0.0
1789087914.9374013,0.0,0.0,0.0,0.0,0.0,0.0
1789087914.9871585,0.0,0.0,0.0,0.0,0.0,0.0
1789087915.037409,0.0,0.0,0.0,0.0,0.0,0.0
1789087915.087536,0.0,0.0,0.0,0.0,0.0,0.0
1789087915.1373935,0.0,0.0,0.0,0.0,0.0,0.0
1789087915.1872623,0.0,0.0,0.0,0.0,0.0,0.0
1789087915.5390072,0.0,0.0,0.0,0.0,0.0,0.0
1789087915.5397148,0.0,0.0,0.0,0.0,0.0,0.0
1789087915.5873525,0.0,0.0,0.0,0.0,0.0,0.0
1789087915.6370509,0.0,0.0,0.0,0.0,0.0,0.0
1789087915.6874197,0.0,0.0,0.0,0.0,0.0,0.0
1789087915.7372606,0.0,0.0,0.0,0.0,0.0,0.0
1789087915.7870262,0.0,0.0,0.0,0.0,0.0,0.0
1789087915.83738,0.0,0.0,0.0,0.0,0.0,0.0
1789087915.887348,0.0,0.0,0.0,0.0,0.0,0.0
1789087915.9376323,0.0,0.0,0.0,0.0,0.0,0.0
1789087915.987378,0.0,0.0,0.0,0.0,0.0,0.0
1789087916.0374563,0.0,0.0,0.0,0.0,0.0,0.0
1789087916.0873754,0.0,0.0,0.0,0.0,0.0,0.0
1789087916.1373737,0.0,0.0,0.0,0.0,0.0,0.0
1789087916.1871011,0.0,0.0,0.0,0.0,0.0,0.0
1789087916.2371671,0.0,0.0,0.0,0.0,0.0,0.0
1789087916.2872682,0.0,0.0,0.0,0.0,0.0,0.0
1789087916.3372827,0.0,0.0,0.0,0.0,0.0,0.0
1789087916.387338,0.0,0.0,0.0,0.0,0.0,0.0
1789087916.437247,0.0,0.0,0.0,0.0,0.0,0.0
1789087916.4872475,0.0,0.0,0.0,0.0,0.0,0.0
1789087916.5375516,0.0,0.0,0.0,0.0,0.0,0.0
1789087916.5873468,0.0,0.0,0.0,0.0,0.0,0.0
1789087916.6373463,0.0,0.0,0.0,0.0,0.0,0.0
1789087916.6873891,0.0,0.0,0.0,0.0,0.0,0.0
1789087916.7372916,0.0,0.0,0.0,0.0,0.0,0.0
1789087916.787393,0.0,0.0,0.0,0.0,0.0,0.0
1789087916.8373492,0.0,0.0,0.0,0.0,0.0,0.0
1789087916.8872516,0.0,0.0,0.0,0.0,0.0,0.0
1789087916.9374976,0.0,0.0,0.0,0.0,0.0,0.0
1789087916.9875083,0.0,0.0,0.0,0.0,0.0,0.0
1789087917.0373092,0.0,0.0,0.0,0.0,0.0,0.0
1789087917.0870898,0.0,0.0,0.0,0.0,0.0,0.0
1789087917.1372945,0.0,0.0,0.0,0.0,0.0,0.0
1789087917.1874974,0.0,0.0,0.0,0.0,0.0,0.0
1789087917.237346,0.0,0.0,0.0,0.0,0.0,0.0
1789087917.2875872,0.0,0.0,0.0,0.0,0.0,0.0
1789087917.337552,0.0,0.0,0.0,0.0,0.0,0.0
1789087917.3872132,0.0,0.0,0.0,0.0,0.0,0.0
1789087917.4375877,0.0,0.0,0.0,0.0,0.0,0.0
1789087917.4872003,0.0,0.0,0.0,0.0,0.0,0.0
1789087917.5371819,0.0,0.0,0.0,0.0,0.0,0.0
1789087917.5873423,0.0,0.0,0.0,0.0,0.0,0.0
1789087917.637713,0.0,0.0,0.0,0.0,0.0,0.0
1789087917.6874297,0.0,0.0,0.0,0.0,0.0,0.0
1789087917.7372901,0.0,0.0,0.0,0.0,0.0,0.0
1789087917.7873697,0.0,0.0,0.0,0.0,0.0,0.0
1789087917.8375256,0.0,0.0,0.0,0.0,0.0,0.0
1789087917.8875425,0.0,0.0,0.0,0.0,0.0,0.0
1789087917.937421,0.0,0.0,0.0,0.0,0.0,0.0
1789087917.987291,0.0,0.0,0.0,0.0,0.0,0.0
1789087918.0375702,0.0,0.0,0.0,0.0,0.0,0.0
1789087918.087414,0.0,0.0,0.0,0.0,0.0,0.0
1789087918.1374078,0.0,0.0,0.0,0.0,0.0,0.0
1789087918.1874714,0.0,0.0,0.0,0.0,0.0,0.0
1789087918.2375317,0.0,0.0,0.0,0.0,0.0,0.0
1789087918.2874796,0.0,0.0,0.0,0.0,0.0,0.0
1789087918.33725,0.0,0.0,0.0,0.0,0.0,0.0
1789087918.3875053,0.0,0.0,0.0,0.0,0.0,0.0
1789087918.4373841,0.0,0.0,0.0,0.0,0.0,0.0
1789087918.4873629,0.0,0.0,0.0,0.0,0.0,0.0
1789087918.5377252,0.0,0.0,0.0,0.0,0.0,0.0
1789087918.5874765,0.0,0.0,0.0,0.0,0.0,0.0
1789087918.637657,0.0,0.0,0.0,0.0,0.0,0.0
1789087918.689175,0.0,0.0,0.0,0.0,0.0,0.0
1789087918.7375352,0.0,0.0,0.0,0.0,0.0,0.0
1789087918.7874203,0.0,0.0,0.0,0.0,0.0,0.0
1789087918.837474,0.0,0.0,0.0,0.0,0.0,0.0
1789087918.8872917,0.0,0.0,0.0,0.0,0.0,0.0
1789087918.93732,0.0,0.0,0.0,0.0,0.0,0.0
1789087918.9876869,0.0,0.0,0.0,0.0,0.0,0.0
1789087919.0376818,0.0,0.0,0.0,0.0,0.0,0.0
1789087919.0875187,0.0,0.0,0.0,0.0,0.0,0.0
1789087919.1372776,0.0,0.0,0.0,0.0,0.0,0.0
1789087919.1880527,0.0,0.0,0.0,0.0,0.0,0.0
1789087919.2373166,0.0,0.0,0.0,0.0,0.0,0.0
1789087919.2871635,0.0,0.0,0.0,0.0,0.0,0.0
1789087919.3374326,0.0,0.0,0.0,0.0,0.0,0.0
1789087919.3874521,0.0,0.0,0.0,0.0,0.0,0.0
1789087919.437283,0.0,0.0,0.0,0.0,0.0,0.0
1789087919.4873438,0.0,0.0,0.0,0.0,0.0,0.0
1789087919.5371852,0.0,0.0,0.0,0.0,0.0,0.0
1789087919.5873275,0.0,0.0,0.0,0.0,0.0,0.0
1789087919.6374402,0.0,0.0,0.0,0.0,0.0,0.0
1789087919.6872592,0.0,0.0,0.0,0.0,0.0,0.0
1789087919.7375174,0.0,0.0,0.0,0.0,0.0,0.0
1789087919.7873003,0.0,0.0,0.0,0.0,0.0,0.0
1789087919.837242,0.0,0.0,0.0,0.0,0.0,0.0
1789087919.8872583,0.0,0.0,0.0,0.0,0.0,0.0
1789087919.9373798,0.0,0.0,0.0,0.0,0.0,0.0
1789087919.987097,0.0,0.0,0.0,0.0,0.0,0.0
1789087920.0374966,0.0,0.0,0.0,0.0,0.0,0.0
1789087920.0873003,0.0,0.0,0.0,0.0,0.0,0.0
1789087920.1375985,0.0,0.0,0.0,0.0,0.0,0.0
1789087920.1874783,0.0,0.0,0.0,0.0,0.0,0.0
1789087920.2376733,0.0,0.0,0.0,0.0,0.0,0.0
1789087920.2874117,0.0,0.0,0.0,0.0,0.0,0.0
1789087920.3374238,0.0,0.0,0.0,0.0,0.0,0.0
1789087920.3875756,0.0,0.0,0.0,0.0,0.0,0.0
1789087920.4374864,0.0,0.0,0.0,0.0,0.0,0.0
1789087920.4880486,0.0,0.0,0.0,0.0,0.0,0.0
1789087920.5375104,0.0,0.0,0.0,0.0,0.0,0.0
1789087920.5876908,0.0,0.0,0.0,0.0,0.0,0.0
1789087920.6374736,0.0,0.0,0.0,0.0,0.0,0.0
1789087920.6875944,0.0,0.0,0.0,0.0,0.0,0.0
1789087920.7374024,0.0,0.0,0.0,0.0,0.0,0.0
1789087920.7897172,0.0,0.0,0.0,0.0,0.0,0.0
1789087920.8374715,0.0,0.0,0.0,0.0,0.0,0.0
1789087920.8872395,0.0,0.0,0.0,0.0,0.0,0.0
1789087920.937511,0.0,0.0,0.0,0.0,0.0,0.0
1789087920.9874403,0.0,0.0,0.0,0.0,0.0,0.0
1789087921.0375845,0.0,0.0,0.0,0.0,0.0,0.0
1789087921.0873644,0.0,0.0,0.0,0.0,0.0,0.0
1789087921.1374788,0.0,0.0,0.0,0.0,0.0,0.0
1789087921.1881285,0.0,0.0,0.0,0.0,0.0,0.0
1789087921.237548,0.0,0.0,0.0,0.0,0.0,0.0
1789087921.2873387,0.0,0.0,0.0,0.0,0.0,0.0
1789087921.3375938,0.0,0.0,0.0,0.0,0.0,0.0
1789087921.3885098,0.0,0.0,0.0,0.0,0.0,0.0
1789087921.437546,0.0,0.0,0.0,0.0,0.0,0.0
1789087921.4874165,0.0,0.0,0.0,0.0,0.0,0.0
1789087921.53743,0.0,0.0,0.0,0.0,0.0,0.0
1789087921.5872865,0.0,0.0,0.0,0.0,0.0,0.0
1789087921.6373186,0.0,0.0,0.0,0.0,0.0,0.0
1789087921.6874957,0.0,0.0,0.0,0.0,0.0,0.0
1789087921.737453,0.0,0.0,0.0,0.0,0.0,0.0
1789087921.7873917,0.0,0.0,0.0,0.0,0.0,0.0
1789087921.8374512,0.0,0.0,0.0,0.0,0.0,0.0
1789087921.8870828,0.0,0.0,0.0,0.0,0.0,0.0
1789087921.9371717,0.0,0.0,0.0,0.0,0.0,0.0
1789087921.9888935,0.0,0.0,0.0,0.0,0.0,0.0
1789087922.037282,0.0,0.0,0.0,0.0,0.0,0.0
1789087922.0874283,0.0,0.0,0.0,0.0,0.0,0.0
1789087922.1375053,0.0,0.0,0.0,0.0,0.0,0.0
1789087922.188208,0.0,0.0,0.0,0.0,0.0,0.0
1789087922.23753,0.0,0.0,0.0,0.0,0.0,0.0
1789087922.287281,0.0,0.0,0.0,0.0,0.0,0.0
1789087922.3373733,0.0,0.0,0.0,0.0,0.0,0.0
1789087922.3931131,0.0,0.0,0.0,0.0,0.0,0.0
1789087922.4372327,0.0,0.0,0.0,0.0,0.0,0.0
1789087922.4890592,0.0,0.0,0.0,0.0,0.0,0.0
1789087922.5372994,0.0,0.0,0.0,0.0,0.0,0.0
1789087922.5873277,0.0,0.0,0.0,0.0,0.0,0.0
1789087922.637379,0.0,0.0,0.0,0.0,0.0,0.0
1789087922.687422,0.0,0.0,0.0,0.0,0.0,0.0
1789087922.7373657,0.0,0.0,0.0,0.0,0.0,0.0
1789087922.78726,0.0,0.0,0.0,0.0,0.0,0.0
1789087922.8372743,0.0,0.0,0.0,0.0,0.0,0.0
1789087922.887764,0.0,0.0,0.0,0.0,0.0,0.0
1789087922.9372795,0.0,0.0,0.0,0.0,0.0,0.0
1789087922.9873755,0.0,0.0,0.0,0.0,0.0,0.0
1789087923.037375,0.0,0.0,0.0,0.0,0.0,0.0
1789087923.0873652,0.0,0.0,0.0,0.0,0.0,0.0
1789087923.137489,0.0,0.0,0.0,0.0,0.0,0.0
1789087923.1875486,0.0,0.0,0.0,0.0,0.0,0.0
1789087923.2376766,0.0,0.0,0.0,0.0,0.0,0.0
1789087923.287648,0.0,0.0,0.0,0.0,0.0,0.0
1789087923.3371372,0.0,0.0,0.0,0.0,0.0,0.0
1789087923.3878055,0.0,0.0,0.0,0.0,0.0,0.0
1789087923.4372745,0.0,0.0,0.0,0.0,0.0,0.0
1789087923.4875152,0.0,0.0,0.0,0.0,0.0,0.0
1789087923.5373206,0.0,0.0,0.0,0.0,0.0,0.0
1789087923.5881615,0.0,0.0,0.0,0.0,0.0,0.0
1789087923.637377,0.0,0.0,0.0,0.0,0.0,0.0
1789087923.6874018,0.0,0.0,0.0,0.0,0.0,0.0
1789087923.7373822,0.0,0.0,0.0,0.0,0.0,0.0
1789087923.7872868,0.0,0.0,0.0,0.0,0.0,0.0
1789087923.8373816,0.0,0.0,0.0,0.0,0.0,0.0
1789087923.8897188,0.0,0.0,0.0,0.0,0.0,0.0
1789087923.9372597,0.0,0.0,0.0,0.0,0.0,0.0
1789087923.9899569,0.0,0.0,0.0,0.0,0.0,0.0
1789087924.0371554,0.0,0.0,0.0,0.0,0.0,0.0
1789087924.0902479,0.0,0.0,0.0,0.0,0.0,0.0
1789087924.1376398,0.0,0.0,0.0,0.0,0.0,0.0
1789087924.1898348,0.0,0.0,0.0,0.0,0.0,0.0
1789087924.2374253,0.0,0.0,0.0,0.0,0.0,0.0
1789087924.290879,0.0,0.0,0.0,0.0,0.0,0.0
1789087924.3375092,0.0,0.0,0.0,0.0,0.0,0.0
1789087924.3877413,0.0,0.0,0.0,0.0,0.0,0.0
1789087924.4375644,0.0,0.0,0.0,0.0,0.0,0.0
1789087924.4944332,0.0,0.0,0.0,0.0,0.0,0.0
1789087924.5373933,0.0,0.0,0.0,0.0,0.0,0.0
1789087924.5873935,0.0,0.0,0.0,0.0,0.0,0.0
1789087924.6374567,0.0,0.0,0.0,0.0,0.0,0.0
1789087924.6872845,0.0,0.0,0.0,0.0,0.0,0.0
1789087924.737546,0.0,0.0,0.0,0.0,0.0,0.0
1789087924.792746,0.0,0.0,0.0,0.0,0.0,0.0
1789087924.837397,0.0,0.0,0.0,0.0,0.0,0.0
1789087924.8873682,0.0,0.0,0.0,0.0,0.0,0.0
1789087924.9374003,0.0,0.0,0.0,0.0,0.0,0.0
1789087924.9875324,0.0,0.0,0.0,0.0,0.0,0.0
1789087925.0372107,0.0,0.0,0.0,0.0,0.0,0.0
1789087925.0870786,0.0,0.0,0.0,0.0,0.0,0.0
1789087925.1372044,0.0,0.0,0.0,0.0,0.0,0.0
1789087925.1874669,0.0,0.0,0.0,0.0,0.0,0.0
1789087925.2374542,0.0,0.0,0.0,0.0,0.0,0.0
1789087925.2880301,0.0,0.0,0.0,0.0,0.0,0.0
1789087925.337511,0.0,0.0,0.0,0.0,0.0,0.0
1789087925.3875427,0.0,0.0,0.0,0.0,0.0,0.0
1789087925.437417,0.0,0.0,0.0,0.0,0.0,0.0
1789087925.4915452,0.0,0.0,0.0,0.0,0.0,0.0
1789087925.5374124,0.0,0.0,0.0,0.0,0.0,0.0
1789087925.5876303,0.0,0.0,0.0,0.0,0.0,0.0
1789087925.6373987,0.0,0.0,0.0,0.0,0.0,0.0
1789087925.6908,0.0,0.0,0.0,0.0,0.0,0.0
1789087925.7377193,0.0,0.0,0.0,0.0,0.0,0.0
1789087925.7908027,0.0,0.0,0.0,0.0,0.0,0.0
1789087925.8375802,0.0,0.0,0.0,0.0,0.0,0.0
1789087925.8876812,0.0,0.0,0.0,0.0,0.0,0.0
1789087925.9374313,0.0,0.0,0.0,0.0,0.0,0.0
1789087925.9885476,0.0,0.0,0.0,0.0,0.0,0.0
1789087926.0376623,0.0,0.0,0.0,0.0,0.0,0.0
1789087926.0878572,0.0,0.0,0.0,0.0,0.0,0.0
1789087926.1374946,0.0,0.0,0.0,0.0,0.0,0.0
1789087926.1872468,0.0,0.0,0.0,0.0,0.0,0.0
1789087926.237248,0.0,0.0,0.0,0.0,0.0,0.0
1789087926.2940025,0.0,0.0,0.0,0.0,0.0,0.0
1789087926.3376348,0.0,0.0,0.0,0.0,0.0,0.0
1789087926.3876972,0.0,0.0,0.0,0.0,0.0,0.0
1789087926.4375777,0.0,0.0,0.0,0.0,0.0,0.0
1789087926.4888077,0.0,0.0,0.0,0.0,0.0,0.0
1789087926.537375,0.0,0.0,0.0,0.0,0.0,0.0
1789087926.5883043,0.0,0.0,0.0,0.0,0.0,0.0
1789087926.6375723,0.0,0.0,0.0,0.0,0.0,0.0
1789087926.6877885,0.0,0.0,0.0,0.0,0.0,0.0
1789087926.7374177,0.0,0.0,0.0,0.0,0.0,0.0
1789087926.788989,0.0,0.0,0.0,0.0,0.0,0.0
1789087926.8374355,0.0,0.0,0.0,0.0,0.0,0.0
1789087926.8883169,0.0,0.0,0.0,0.0,0.0,0.0
1789087926.9371083,0.0,0.0,0.0,0.0,0.0,0.0
1789087926.9873338,0.0,0.0,0.0,0.0,0.0,0.0
1789087927.0373907,0.0,0.0,0.0,0.0,0.0,0.0
1789087927.08764,0.0,0.0,0.0,0.0,0.0,0.0
1789087927.1374323,0.0,0.0,0.0,0.0,0.0,0.0
1789087927.19104,0.0,0.0,0.0,0.0,0.0,0.0
1789087927.2371647,0.0,0.0,0.0,0.0,0.0,0.0
1789087927.2918105,0.0,0.0,0.0,0.0,0.0,0.0
1789087927.3372757,0.0,0.0,0.0,0.0,0.0,0.0
1789087927.3888118,0.0,0.0,0.0,0.0,0.0,0.0
1789087927.4375527,0.0,0.0,0.0,0.0,0.0,0.0
1789087927.489151,0.0,0.0,0.0,0.0,0.0,0.0
1789087927.5372255,0.0,0.0,0.0,0.0,0.0,0.0
1789087927.5888832,0.0,0.0,0.0,0.0,0.0,0.0
1789087927.6375837,0.0,0.0,0.0,0.0,0.0,0.0
1789087927.689108,0.0,0.0,0.0,0.0,0.0,0.0
1789087927.7375512,0.0,0.0,0.0,0.0,0.0,0.0
1789087927.7901561,0.0,0.0,0.0,0.0,0.0,0.0
1789087927.8373318,0.0,0.0,0.0,0.0,0.0,0.0
1789087927.8886278,0.0,0.0,0.0,0.0,0.0,0.0
1789087927.9372063,0.0,0.0,0.0,0.0,0.0,0.0
1789087927.988574,0.0,0.0,0.0,0.0,0.0,0.0
1789087928.037168,0.0,0.0,0.0,0.0,0.0,0.0
1789087928.0892673,0.0,0.0,0.0,0.0,0.0,0.0
1789087928.1371455,0.0,0.0,0.0,0.0,0.0,0.0
1789087928.1887798,0.0,0.0,0.0,0.0,0.0,0.0
1789087928.2375553,0.0,0.0,0.0,0.0,0.0,0.0
1789087928.2903752,0.0,0.0,0.0,0.0,0.0,0.0
1789087928.3374963,0.0,0.0,0.0,0.0,0.0,0.0
1789087928.392104,0.0,0.0,0.0,0.0,0.0,0.0
1789087928.4374292,0.0,0.0,0.0,0.0,0.0,0.0
1789087928.489341,0.0,0.0,0.0,0.0,0.0,0.0
1789087928.5372496,0.0,0.0,0.0,0.0,0.0,0.0
1789087928.5914369,0.0,0.0,0.0,0.0,0.0,0.0
1789087928.6372526,0.0,0.0,0.0,0.0,0.0,0.0
1789087928.6904662,0.0,0.0,0.0,0.0,0.0,0.0
1789087928.737289,0.0,0.0,0.0,0.0,0.0,0.0
1789087928.7916274,0.0,0.0,0.0,0.0,0.0,0.0
1789087928.8374507,0.0,0.0,0.0,0.0,0.0,0.0
1789087928.8874102,0.0,0.0,0.0,0.0,0.0,0.0
1789087928.9373415,0.0,0.0,0.0,0.0,0.0,0.0
1789087928.9932084,0.0,0.0,0.0,0.0,0.0,0.0
1789087929.037363,0.0,0.0,0.0,0.0,0.0,0.0
1789087929.0915303,0.0,0.0,0.0,0.0,0.0,0.0
1789087929.137196,0.0,0.0,0.0,0.0,0.0,0.0
1789087929.1935928,0.0,0.0,0.0,0.0,0.0,0.0
1789087929.237465,0.0,0.0,0.0,0.0,0.0,0.0
1789087929.2872345,0.0,0.0,0.0,0.0,0.0,0.0
1789087929.3372939,0.0,0.0,0.0,0.0,0.0,0.0
1789087929.3894432,0.0,0.0,0.0,0.0,0.0,0.0
1789087929.4372542,0.0,0.0,0.0,0.0,0.0,0.0
1789087929.4905045,0.0,0.0,0.0,0.0,0.0,0.0
1789087929.537645,0.0,0.0,0.0,0.0,0.0,0.0
1789087929.5965304,0.0,0.0,0.0,0.0,0.0,0.0
1789087929.6376126,0.0,0.0,0.0,0.0,0.0,0.0
1789087929.6898086,0.0,0.0,0.0,0.0,0.0,0.0
1789087929.7375116,0.0,0.0,0.0,0.0,0.0,0.0
1789087929.7902312,0.0,0.0,0.0,0.0,0.0,0.0
1789087929.8373213,0.0,0.0,0.0,0.0,0.0,0.0
1789087929.890166,0.0,0.0,0.0,0.0,0.0,0.0
1789087929.9373207,0.0,0.0,0.0,0.0,0.0,0.0
1789087929.9919832,0.0,0.0,0.0,0.0,0.0,0.0
1789087930.0374453,0.0,0.0,0.0,0.0,0.0,0.0
1789087930.0894883,0.0,0.0,0.0,0.0,0.0,0.0
1789087930.1375992,0.0,0.0,0.0,0.0,0.0,0.0
1789087930.1875226,0.0,0.0,0.0,0.0,0.0,0.0
1789087930.237321,0.0,0.0,0.0,0.0,0.0,0.0
1789087930.2897658,0.0,0.0,0.0,0.0,0.0,0.0
1789087930.3372376,0.0,0.0,0.0,0.0,0.0,0.0
1789087930.3874865,0.0,0.0,0.0,0.0,0.0,0.0
1789087930.4374137,0.0,0.0,0.0,0.0,0.0,0.0
1789087930.4897025,0.0,0.0,0.0,0.0,0.0,0.0
1789087930.5374424,0.0,0.0,0.0,0.0,0.0,0.0
1789087930.5900087,0.0,0.0,0.0,0.0,0.0,0.0
1789087930.6374073,0.0,0.0,0.0,0.0,0.0,0.0
1789087930.6902745,0.0,0.0,0.0,0.0,0.0,0.0
1789087930.7374084,0.0,0.0,0.0,0.0,0.0,0.0
1789087930.7873745,0.0,0.0,0.0,0.0,0.0,0.0
1789087930.8374648,0.0,0.0,0.0,0.0,0.0,0.0
1789087930.8872614,0.0,0.0,0.0,0.0,0.0,0.0
1789087930.9373586,0.0,0.0,0.0,0.0,0.0,0.0
1789087930.992176,0.0,0.0,0.0,0.0,0.0,0.0
1789087931.0375497,0.0,0.0,0.0,0.0,0.0,0.0
1789087931.08717,0.0,0.0,0.0,0.0,0.0,0.0
1789087931.1374846,0.0,0.0,0.0,0.0,0.0,0.0
1789087931.1905394,0.0,0.0,0.0,0.0,0.0,0.0
1789087931.2373352,0.0,0.0,0.0,0.0,0.0,0.0
1789087931.2874207,0.0,0.0,0.0,0.0,0.0,0.0
1789087931.3375094,0.0,0.0,0.0,0.0,0.0,0.0
1789087931.3874876,0.0,0.0,0.0,0.0,0.0,0.0
1789087931.4371552,0.0,0.0,0.0,0.0,0.0,0.0
1789087931.4919698,0.0,0.0,0.0,0.0,0.0,0.0
1789087931.537714,0.0,0.0,0.0,0.0,0.0,0.0
1789087931.587499,0.0,0.0,0.0,0.0,0.0,0.0
1789087931.6373763,0.0,0.0,0.0,0.0,0.0,0.0
1789087931.68728,0.0,0.0,0.0,0.0,0.0,0.0
1789087931.7372794,0.0,0.0,0.0,0.0,0.0,0.0
1789087931.7912116,0.0,0.0,0.0,0.0,0.0,0.0
1789087931.8373554,0.0,0.0,0.0,0.0,0.0,0.0
1789087931.887358,0.0,0.0,0.0,0.0,0.0,0.0
1789087931.9373963,0.0,0.0,0.0,0.0,0.0,0.0
1789087931.987226,0.0,0.0,0.0,0.0,0.0,0.0
1789087932.037017,0.0,0.0,0.0,0.0,0.0,0.0
1789087932.0901606,0.0,0.0,0.0,0.0,0.0,0.0
1789087932.137071,0.0,0.0,0.0,0.0,0.0,0.0
1789087932.1873758,0.0,0.0,0.0,0.0,0.0,0.0
1789087932.2372358,0.0,0.0,0.0,0.0,0.0,0.0
1789087932.2872272,0.0,0.0,0.0,0.0,0.0,0.0
1789087932.3372672,0.0,0.0,0.0,0.0,0.0,0.0
1789087932.390571,0.0,0.0,0.0,0.0,0.0,0.0
1789087932.4374433,0.0,0.0,0.0,0.0,0.0,0.0
1789087932.4873636,0.0,0.0,0.0,0.0,0.0,0.0
1789087932.5376346,0.0,0.0,0.0,0.0,0.0,0.0
1789087932.587363,0.0,0.0,0.0,0.0,0.0,0.0
1789087932.6375985,0.0,0.0,0.0,0.0,0.0,0.0
1789087932.68731,0.0,0.0,0.0,0.0,0.0,0.0
1789087932.7375305,0.0,0.0,0.0,0.0,0.0,0.0
1789087932.7874217,0.0,0.0,0.0,0.0,0.0,0.0
1789087932.837409,0.0,0.0,0.0,0.0,0.0,0.0
1789087932.8876455,0.0,0.0,0.0,0.0,0.0,0.0
1789087932.937446,0.0,0.0,0.0,0.0,0.0,0.0
1789087932.9873977,0.0,0.0,0.0,0.0,0.0,0.0
1789087933.037617,0.0,0.0,0.0,0.0,0.0,0.0
1789087933.0874202,0.0,0.0,0.0,0.0,0.0,0.0
1789087933.1374638,0.0,0.0,0.0,0.0,0.0,0.0
1789087933.1873715,0.0,0.0,0.0,0.0,0.0,0.0
1789087933.2373638,0.0,0.0,0.0,0.0,0.0,0.0
1789087933.2876606,0.0,0.0,0.0,0.0,0.0,0.0
1789087933.337384,0.0,0.0,0.0,0.0,0.0,0.0
1789087933.387453,0.0,0.0,0.0,0.0,0.0,0.0
1789087933.4375095,0.0,0.0,0.0,0.0,0.0,0.0
1789087933.487352,0.0,0.0,0.0,0.0,0.0,0.0
1789087933.537284,0.0,0.0,0.0,0.0,0.0,0.0
1789087933.587383,0.0,0.0,0.0,0.0,0.0,0.0
1789087933.6373224,0.0,0.0,0.0,0.0,0.0,0.0
1789087933.6877928,0.0,0.0,0.0,0.0,0.0,0.0
1789087933.7374856,0.0,0.0,0.0,0.0,0.0,0.0
1789087933.787599,0.0,0.0,0.0,0.0,0.0,0.0
1789087933.8372703,0.0,0.0,0.0,0.0,0.0,0.0
1789087933.8872886,0.0,0.0,0.0,0.0,0.0,0.0
1789087933.937487,0.0,0.0,0.0,0.0,0.0,0.0
1789087933.9890113,0.0,0.0,0.0,0.0,0.0,0.0
1789087934.0373492,0.0,0.0,0.0,0.0,0.0,0.0
1789087934.0874095,0.0,0.0,0.0,0.0,0.0,0.0
1789087934.1372128,0.0,0.0,0.0,0.0,0.0,0.0
1789087934.1874347,0.0,0.0,0.0,0.0,0.0,0.0
1789087934.2374322,0.0,0.0,0.0,0.0,0.0,0.0
1789087934.2874575,0.0,0.0,0.0,0.0,0.0,0.0
1789087934.3375592,0.0,0.0,0.0,0.0,0.0,0.0
1789087934.3871706,0.0,0.0,0.0,0.0,0.0,0.0
1789087934.437158,0.0,0.0,0.0,0.0,0.0,0.0
1789087934.4875846,0.0,0.0,0.0,0.0,0.0,0.0
1789087934.537473,0.0,0.0,0.0,0.0,0.0,0.0
1789087934.5873423,0.0,0.0,0.0,0.0,0.0,0.0
1789087934.637311,0.0,0.0,0.0,0.0,0.0,0.0
1789087934.6874208,0.0,0.0,0.0,0.0,0.0,0.0
1789087934.7375157,0.0,0.0,0.0,0.0,0.0,0.0
1789087934.787444,0.0,0.0,0.0,0.0,0.0,0.0
1789087934.8372338,0.0,0.0,0.0,0.0,0.0,0.0
1789087934.8873775,0.0,0.0,0.0,0.0,0.0,0.0
1789087934.9373767,0.0,0.0,0.0,0.0,0.0,0.0
1789087934.9873092,0.0,0.0,0.0,0.0,0.0,0.0
1789087935.03719,0.0,0.0,0.0,0.0,0.0,0.0
1789087935.0872133,0.0,0.0,0.0,0.0,0.0,0.0
1789087935.1373005,0.0,0.0,0.0,0.0,0.0,0.0
1789087935.1872349,0.0,0.0,0.0,0.0,0.0,0.0
1789087935.2375138,0.0,0.0,0.0,0.0,0.0,0.0
1789087935.2870305,0.0,0.0,0.0,0.0,0.0,0.0
1789087935.337138,0.0,0.0,0.0,0.0,0.0,0.0
1789087935.3873057,0.0,0.0,0.0,0.0,0.0,0.0
1789087935.4374335,0.0,0.0,0.0,0.0,0.0,0.0
1789087935.4872491,0.0,0.0,0.0,0.0,0.0,0.0
1789087935.5373387,0.0,0.0,0.0,0.0,0.0,0.0
1789087935.5871887,0.0,0.0,0.0,0.0,0.0,0.0
1789087935.6373556,0.0,0.0,0.0,0.0,0.0,0.0
1789087935.6872163,0.0,0.0,0.0,0.0,0.0,0.0
1789087935.7373002,0.0,0.0,0.0,0.0,0.0,0.0
1789087935.787349,0.0,0.0,0.0,0.0,0.0,0.0
1789087935.8373554,0.0,0.0,0.0,0.0,0.0,0.0
1789087935.8871026,0.0,0.0,0.0,0.0,0.0,0.0
1789087935.9370987,0.0,0.0,0.0,0.0,0.0,0.0
1789087935.9872174,0.0,0.0,0.0,0.0,0.0,0.0
1789087936.0372338,0.0,0.0,0.0,0.0,0.0,0.0
1789087936.087465,0.0,0.0,0.0,0.0,0.0,0.0
1789087936.1373122,0.0,0.0,0.0,0.0,0.0,0.0
1789087936.1873648,0.0,0.0,0.0,0.0,0.0,0.0
1789087936.237277,0.0,0.0,0.0,0.0,0.0,0.0
1789087936.2875345,0.0,0.0,0.0,0.0,0.0,0.0
1789087936.3376098,0.0,0.0,0.0,0.0,0.0,0.0
1789087936.3874435,0.0,0.0,0.0,0.0,0.0,0.0
1789087936.4374597,0.0,0.0,0.0,0.0,0.0,0.0
1789087936.4874392,0.0,0.0,0.0,0.0,0.0,0.0
1789087936.5370457,0.0,0.0,0.0,0.0,0.0,0.0
1789087936.5874686,0.0,0.0,0.0,0.0,0.0,0.0
1789087936.6373835,0.0,0.0,0.0,0.0,0.0,0.0
1789087936.687304,0.0,0.0,0.0,0.0,0.0,0.0
1789087936.7373002,0.0,0.0,0.0,0.0,0.0,0.0
1789087936.7873893,0.0,0.0,0.0,0.0,0.0,0.0
1789087936.837148,0.0,0.0,0.0,0.0,0.0,0.0
1789087936.8872213,0.0,0.0,0.0,0.0,0.0,0.0
1789087936.937116,0.0,0.0,0.0,0.0,0.0,0.0
1789087936.9873228,0.0,0.0,0.0,0.0,0.0,0.0
1789087937.0373049,0.0,0.0,0.0,0.0,0.0,0.0
1789087937.0871959,0.0,0.0,0.0,0.0,0.0,0.0
1789087937.1373725,0.0,0.0,0.0,0.0,0.0,0.0
1789087937.1872213,0.0,0.0,0.0,0.0,0.0,0.0
1789087937.2374349,0.0,0.0,0.0,0.0,0.0,0.0
1789087937.2875152,0.0,0.0,0.0,0.0,0.0,0.0
1789087937.3373456,0.0,0.0,0.0,0.0,0.0,0.0
1789087937.387407,0.0,0.0,0.0,0.0,0.0,0.0
1789087937.4374065,0.0,0.0,0.0,0.0,0.0,0.0
1789087937.4872007,0.0,0.0,0.0,0.0,0.0,0.0
1789087937.537418,0.0,0.0,0.0,0.0,0.0,0.0
1789087937.5873368,0.0,0.0,0.0,0.0,0.0,0.0
1789087937.6375778,0.0,0.0,0.0,0.0,0.0,0.0
1789087937.6873379,0.0,0.0,0.0,0.0,0.0,0.0
1789087937.737397,0.0,0.0,0.0,0.0,0.0,0.0
1789087937.7872586,0.0,0.0,0.0,0.0,0.0,0.0
1789087937.8371723,0.0,0.0,0.0,0.0,0.0,0.0
1789087937.8873134,0.0,0.0,0.0,0.0,0.0,0.0
1789087937.937435,0.0,0.0,0.0,0.0,0.0,0.0
1789087937.9875531,0.0,0.0,0.0,0.0,0.0,0.0
1789087938.0372345,0.0,0.0,0.0,0.0,0.0,0.0
1789087938.0874052,0.0,0.0,0.0,0.0,0.0,0.0
1789087938.1374261,0.0,0.0,0.0,0.0,0.0,0.0
1789087938.1874428,0.0,0.0,0.0,0.0,0.0,0.0
1789087938.2372117,0.0,0.0,0.0,0.0,0.0,0.0
1789087938.2874408,0.0,0.0,0.0,0.0,0.0,0.0
1789087938.33724,0.0,0.0,0.0,0.0,0.0,0.0
1789087938.3872366,0.0,0.0,0.0,0.0,0.0,0.0
1789087938.4373748,0.0,0.0,0.0,0.0,0.0,0.0
1789087938.487242,0.0,0.0,0.0,0.0,0.0,0.0
1789087938.5372467,0.0,0.0,0.0,0.0,0.0,0.0
1789087938.587412,0.0,0.0,0.0,0.0,0.0,0.0
1789087938.6372707,0.0,0.0,0.0,0.0,0.0,0.0
1789087938.687207,0.0,0.0,0.0,0.0,0.0,0.0
1789087938.7373085,0.0,0.0,0.0,0.0,0.0,0.0
1789087938.7874193,0.0,0.0,0.0,0.0,0.0,0.0
1789087938.837285,0.0,0.0,0.0,0.0,0.0,0.0
1789087938.8873003,0.0,0.0,0.0,0.0,0.0,0.0
1789087938.9372222,0.0,0.0,0.0,0.0,0.0,0.0
1789087938.9874086,0.0,0.0,0.0,0.0,0.0,0.0
1789087939.0374415,0.0,0.0,0.0,0.0,0.0,0.0
1789087939.0872703,0.0,0.0,0.0,0.0,0.0,0.0
1789087939.1373014,0.0,0.0,0.0,0.0,0.0,0.0
1789087939.187392,0.0,0.0,0.0,0.0,0.0,0.0
1789087939.2373962,0.0,0.0,0.0,0.0,0.0,0.0
1789087939.287411,0.0,0.0,0.0,0.0,0.0,0.0
1789087939.3374088,0.0,0.0,0.0,0.0,0.0,0.0
1789087939.3873048,0.0,0.0,0.0,0.0,0.0,0.0
1789087939.4376583,0.0,0.0,0.0,0.0,0.0,0.0
1789087939.4872005,0.0,0.0,0.0,0.0,0.0,0.0
1789087939.5372245,0.0,0.0,0.0,0.0,0.0,0.0
1789087939.5874157,0.0,0.0,0.0,0.0,0.0,0.0
1789087939.637267,0.0,0.0,0.0,0.0,0.0,0.0
1789087939.687368,0.0,0.0,0.0,0.0,0.0,0.0
1789087939.7374423,0.0,0.0,0.0,0.0,0.0,0.0
1789087939.7873483,0.0,0.0,0.0,0.0,0.0,0.0
1789087939.837503,0.0,0.0,0.0,0.0,0.0,0.0
1789087939.887414,0.0,0.0,0.0,0.0,0.0,0.0
1789087939.9371805,0.0,0.0,0.0,0.0,0.0,0.0
1789087939.9873838,0.0,0.0,0.0,0.0,0.0,0.0
1789087940.0382333,0.0,0.0,0.0,0.0,0.0,0.0
1789087940.0873172,0.0,0.0,0.0,0.0,0.0,0.0
1789087940.1372483,0.0,0.0,0.0,0.0,0.0,0.0
1789087940.1872466,0.0,0.0,0.0,0.0,0.0,0.0
1789087940.237389,0.0,0.0,0.0,0.0,0.0,0.0
1789087940.287251,0.0,0.0,0.0,0.0,0.0,0.0
1789087940.33719,0.0,0.0,0.0,0.0,0.0,0.0
1789087940.3874578,0.0,0.0,0.0,0.0,0.0,0.0
1789087940.4372234,0.0,0.0,0.0,0.0,0.0,0.0
1789087940.4877381,0.0,0.0,0.0,0.0,0.0,0.0
1789087940.5374076,0.0,0.0,0.0,0.0,0.0,0.0
1789087940.5872035,0.0,0.0,0.0,0.0,0.0,0.0
1789087940.6371617,0.0,0.0,0.0,0.0,0.0,0.0
1789087940.6872954,0.0,0.0,0.0,0.0,0.0,0.0
1789087940.7371383,0.0,0.0,0.0,0.0,0.0,0.0
1789087940.7870743,0.0,0.0,0.0,0.0,0.0,0.0
1789087940.837592,0.0,0.0,0.0,0.0,0.0,0.0
1789087940.8875115,0.0,0.0,0.0,0.0,0.0,0.0
1789087940.9375792,0.0,0.0,0.0,0.0,0.0,0.0
1789087940.9873734,0.0,0.0,0.0,0.0,0.0,0.0
1789087941.0372734,0.0,0.0,0.0,0.0,0.0,0.0
1789087941.0872855,0.0,0.0,0.0,0.0,0.0,0.0
1789087941.1373205,0.0,0.0,0.0,0.0,0.0,0.0
1789087941.1870685,0.0,0.0,0.0,0.0,0.0,0.0
1789087941.237425,0.0,0.0,0.0,0.0,0.0,0.0
1789087941.287218,0.0,0.0,0.0,0.0,0.0,0.0
1789087941.3370702,0.0,0.0,0.0,0.0,0.0,0.0
1789087941.387265,0.0,0.0,0.0,0.0,0.0,0.0
1789087941.4372053,0.0,0.0,0.0,0.0,0.0,0.0
1789087941.4874516,0.0,0.0,0.0,0.0,0.0,0.0
1789087941.5372107,0.0,0.0,0.0,0.0,0.0,0.0
1789087941.5873315,0.0,0.0,0.0,0.0,0.0,0.0
1789087941.6374664,0.0,0.0,0.0,0.0,0.0,0.0
1789087941.6871595,0.0,0.0,0.0,0.0,0.0,0.0
1789087941.7373607,0.0,0.0,0.0,0.0,0.0,0.0
1789087941.7875712,0.0,0.0,0.0,0.0,0.0,0.0
1789087941.8373513,0.0,0.0,0.0,0.0,0.0,0.0
1789087941.8873792,0.0,0.0,0.0,0.0,0.0,0.0
1789087941.9374099,0.0,0.0,0.0,0.0,0.0,0.0
1789087941.9874153,0.0,0.0,0.0,0.0,0.0,0.0
1789087942.0386114,0.0,0.0,0.0,0.0,0.0,0.0
1789087942.0875711,0.0,0.0,0.0,0.0,0.0,0.0
1789087942.1374235,0.0,0.0,0.0,0.0,0.0,0.0
1789087942.1873586,0.0,0.0,0.0,0.0,0.0,0.0
1789087942.23805,0.0,0.0,0.0,0.0,0.0,0.0
1789087942.287371,0.0,0.0,0.0,0.0,0.0,0.0
1789087942.3373456,0.0,0.0,0.0,0.0,0.0,0.0
1789087942.3874865,0.0,0.0,0.0,0.0,0.0,0.0
1789087942.4374216,0.0,0.0,0.0,0.0,0.0,0.0
1789087942.48759,0.0,0.0,0.0,0.0,0.0,0.0
1789087942.5375693,0.0,0.0,0.0,0.0,0.0,0.0
1789087942.5875769,0.0,0.0,0.0,0.0,0.0,0.0
1789087942.6375163,0.0,0.0,0.0,0.0,0.0,0.0
1789087942.687448,0.0,0.0,0.0,0.0,0.0,0.0
1789087942.737084,0.0,0.0,0.0,0.0,0.0,0.0
1789087942.7871766,0.0,0.0,0.0,0.0,0.0,0.0
1789087942.8375175,0.0,0.0,0.0,0.0,0.0,0.0
1789087942.8877454,0.0,0.0,0.0,0.0,0.0,0.0
1789087942.9373853,0.0,0.0,0.0,0.0,0.0,0.0
1789087942.9873302,0.0,0.0,0.0,0.0,0.0,0.0
1789087943.037331,0.0,0.0,0.0,0.0,0.0,0.0
1789087943.0874925,0.0,0.0,0.0,0.0,0.0,0.0
1789087943.1377451,0.0,0.0,0.0,0.0,0.0,0.0
1789087943.1875165,0.0,0.0,0.0,0.0,0.0,0.0
1789087943.2377045,0.0,0.0,0.0,0.0,0.0,0.0
1789087943.2875779,0.0,0.0,0.0,0.0,0.0,0.0
1789087943.3377447,0.0,0.0,0.0,0.0,0.0,0.0
1789087943.3875558,0.0,0.0,0.0,0.0,0.0,0.0
1789087943.437429,0.0,0.0,0.0,0.0,0.0,0.0
1789087943.4874697,0.0,0.0,0.0,0.0,0.0,0.0
1789087943.5373318,0.0,0.0,0.0,0.0,0.0,0.0
1789087943.587271,0.0,0.0,0.0,0.0,0.0,0.0
1789087943.6373014,0.0,0.0,0.0,0.0,0.0,0.0
1789087943.6874022,0.0,0.0,0.0,0.0,0.0,0.0
1789087943.7384279,0.0,0.0,0.0,0.0,0.0,0.0
1789087943.787196,0.0,0.0,0.0,0.0,0.0,0.0
1789087943.8372054,0.0,0.0,0.0,0.0,0.0,0.0
1789087943.8874586,0.0,0.0,0.0,0.0,0.0,0.0
1789087943.9372504,0.0,0.0,0.0,0.0,0.0,0.0
1789087943.9874036,0.0,0.0,0.0,0.0,0.0,0.0
1789087944.0375059,0.0,0.0,0.0,0.0,0.0,0.0
1789087944.0875702,0.0,0.0,0.0,0.0,0.0,0.0
1789087944.1373208,0.0,0.0,0.0,0.0,0.0,0.0
1789087944.1873655,0.0,0.0,0.0,0.0,0.0,0.0
1789087944.2399566,0.0,0.0,0.0,0.0,0.0,0.0
1789087944.2874599,0.0,0.0,0.0,0.0,0.0,0.0
1789087944.337203,0.0,0.0,0.0,0.0,0.0,0.0
1789087944.3874457,0.0,0.0,0.0,0.0,0.0,0.0
1789087944.4375165,0.0,0.0,0.0,0.0,0.0,0.0
1789087944.4872658,0.0,0.0,0.0,0.0,0.0,0.0
1789087944.5390725,0.0,0.0,0.0,0.0,0.0,0.0
1789087944.5875041,0.0,0.0,0.0,0.0,0.0,0.0
1789087944.637302,0.0,0.0,0.0,0.0,0.0,0.0
1789087944.6876912,0.0,0.0,0.0,0.0,0.0,0.0
1789087944.737276,0.0,0.0,0.0,0.0,0.0,0.0
1789087944.7870684,0.0,0.0,0.0,0.0,0.0,0.0
1789087944.837238,0.0,0.0,0.0,0.0,0.0,0.0
1789087944.887064,0.0,0.0,0.0,0.0,0.0,0.0
1789087944.9373696,0.0,0.0,0.0,0.0,0.0,0.0
1789087944.9872186,0.0,0.0,0.0,0.0,0.0,0.0
1789087945.0372894,0.0,0.0,0.0,0.0,0.0,0.0
1789087945.0874236,0.0,0.0,0.0,0.0,0.0,0.0
1789087945.1372054,0.0,0.0,0.0,0.0,0.0,0.0
1789087945.1872613,0.0,0.0,0.0,0.0,0.0,0.0
1789087945.237256,0.0,0.0,0.0,0.0,0.0,0.0
1789087945.28732,0.0,0.0,0.0,0.0,0.0,0.0
1789087945.3374054,0.0,0.0,0.0,0.0,0.0,0.0
1789087945.3877158,0.0,0.0,0.0,0.0,0.0,0.0
1789087945.4382038,0.0,0.0,0.0,0.0,0.0,0.0
1789087945.4873579,0.0,0.0,0.0,0.0,0.0,0.0
1789087945.537561,0.0,0.0,0.0,0.0,0.0,0.0
1789087945.5873463,0.0,0.0,0.0,0.0,0.0,0.0
1789087945.6395373,0.0,0.0,0.0,0.0,0.0,0.0
1789087945.6874382,0.0,0.0,0.0,0.0,0.0,0.0
1789087945.7394161,0.0,0.0,0.0,0.0,0.0,0.0
1789087945.7873883,0.0,0.0,0.0,0.0,0.0,0.0
1789087945.837525,0.0,0.0,0.0,0.0,0.0,0.0
1789087945.8875084,0.0,0.0,0.0,0.0,0.0,0.0
1789087945.9375107,0.0,0.0,0.0,0.0,0.0,0.0
1789087945.9873362,0.0,0.0,0.0,0.0,0.0,0.0
1789087946.0381305,0.0,0.0,0.0,0.0,0.0,0.0
1789087946.08733,0.0,0.0,0.0,0.0,0.0,0.0
1789087946.137381,0.0,0.0,0.0,0.0,0.0,0.0
1789087946.1874795,0.0,0.0,0.0,0.0,0.0,0.0
1789087946.237557,0.0,0.0,0.0,0.0,0.0,0.0
1789087946.2874038,0.0,0.0,0.0,0.0,0.0,0.0
1789087946.3374453,0.0,0.0,0.0,0.0,0.0,0.0
1789087946.3873656,0.0,0.0,0.0,0.0,0.0,0.0
1789087946.4374053,0.0,0.0,0.0,0.0,0.0,0.0
1789087946.4871507,0.0,0.0,0.0,0.0,0.0,0.0
1789087946.5384932,0.0,0.0,0.0,0.0,0.0,0.0
1789087946.5873768,0.0,0.0,0.0,0.0,0.0,0.0
1789087946.6385665,0.0,0.0,0.0,0.0,0.0,0.0
1789087946.6873035,0.0,0.0,0.0,0.0,0.0,0.0
1789087946.7374072,0.0,0.0,0.0,0.0,0.0,0.0
1789087946.7874093,0.0,0.0,0.0,0.0,0.0,0.0
1789087946.8373582,0.0,0.0,0.0,0.0,0.0,0.0
1789087946.8876657,0.0,0.0,0.0,0.0,0.0,0.0
1789087946.9377463,0.0,0.0,0.0,0.0,0.0,0.0
1789087946.9876883,0.0,0.0,0.0,0.0,0.0,0.0
1789087947.0391989,0.0,0.0,0.0,0.0,0.0,0.0
1789087947.0874825,0.0,0.0,0.0,0.0,0.0,0.0
1789087947.137166,0.0,0.0,0.0,0.0,0.0,0.0
1789087947.187139,0.0,0.0,0.0,0.0,0.0,0.0
1789087947.241976,0.0,0.0,0.0,0.0,0.0,0.0
1789087947.2873085,0.0,0.0,0.0,0.0,0.0,0.0
1789087947.3384426,0.0,0.0,0.0,0.0,0.0,0.0
1789087947.3874922,0.0,0.0,0.0,0.0,0.0,0.0
1789087947.4388525,0.0,0.0,0.0,0.0,0.0,0.0
1789087947.487544,0.0,0.0,0.0,0.0,0.0,0.0
1789087947.5373707,0.0,0.0,0.0,0.0,0.0,0.0
1789087947.5872045,0.0,0.0,0.0,0.0,0.0,0.0
1789087947.63971,0.0,0.0,0.0,0.0,0.0,0.0
1789087947.6872363,0.0,0.0,0.0,0.0,0.0,0.0
1789087947.7384732,0.0,0.0,0.0,0.0,0.0,0.0
1789087947.787334,0.0,0.0,0.0,0.0,0.0,0.0
1789087947.8397212,0.0,0.0,0.0,0.0,0.0,0.0
1789087947.887298,0.0,0.0,0.0,0.0,0.0,0.0
1789087947.937625,0.0,0.0,0.0,0.0,0.0,0.0
1789087947.9876046,0.0,0.0,0.0,0.0,0.0,0.0
1789087948.037391,0.0,0.0,0.0,0.0,0.0,0.0
1789087948.087176,0.0,0.0,0.0,0.0,0.0,0.0
1789087948.1378388,0.0,0.0,0.0,0.0,0.0,0.0
1789087948.1874595,0.0,0.0,0.0,0.0,0.0,0.0
1789087948.2419522,0.0,0.0,0.0,0.0,0.0,0.0
1789087948.2873893,0.0,0.0,0.0,0.0,0.0,0.0
1789087948.3417578,0.0,0.0,0.0,0.0,0.0,0.0
1789087948.3874874,0.0,0.0,0.0,0.0,0.0,0.0
1789087948.437212,0.0,0.0,0.0,0.0,0.0,0.0
1789087948.4874794,0.0,0.0,0.0,0.0,0.0,0.0
1789087948.537319,0.0,0.0,0.0,0.0,0.0,0.0
1789087948.5872583,0.0,0.0,0.0,0.0,0.0,0.0
1789087948.637359,0.0,0.0,0.0,0.0,0.0,0.0
1789087948.6871877,0.0,0.0,0.0,0.0,0.0,0.0
1789087948.7394924,0.0,0.0,0.0,0.0,0.0,0.0
1789087948.7873547,0.0,0.0,0.0,0.0,0.0,0.0
1789087948.8418908,0.0,0.0,0.0,0.0,0.0,0.0
1789087948.8874288,0.0,0.0,0.0,0.0,0.0,0.0
1789087948.9395509,0.0,0.0,0.0,0.0,0.0,0.0
1789087948.9874675,0.0,0.0,0.0,0.0,0.0,0.0
1789087949.0388217,0.0,0.0,0.0,0.0,0.0,0.0
1789087949.0874162,0.0,0.0,0.0,0.0,0.0,0.0
1789087949.13752,0.0,0.0,0.0,0.0,0.0,0.0
1789087949.1875381,0.0,0.0,0.0,0.0,0.0,0.0
1789087949.2430124,0.0,0.0,0.0,0.0,0.0,0.0
1789087949.287416,0.0,0.0,0.0,0.0,0.0,0.0
1789087949.3433537,0.0,0.0,0.0,0.0,0.0,0.0
1789087949.3875804,0.0,0.0,0.0,0.0,0.0,0.0
1789087949.4391942,0.0,0.0,0.0,0.0,0.0,0.0
1789087949.487204,0.0,0.0,0.0,0.0,0.0,0.0
1789087949.542809,0.0,0.0,0.0,0.0,0.0,0.0
1789087949.5870485,0.0,0.0,0.0,0.0,0.0,0.0
1789087949.6401725,0.0,0.0,0.0,0.0,0.0,0.0
1789087949.6874573,0.0,0.0,0.0,0.0,0.0,0.0
1789087949.7428043,0.0,0.0,0.0,0.0,0.0,0.0
1789087949.7873497,0.0,0.0,0.0,0.0,0.0,0.0
1789087949.8452916,0.0,0.0,0.0,0.0,0.0,0.0
1789087949.8872612,0.0,0.0,0.0,0.0,0.0,0.0
1789087949.9382582,0.0,0.0,0.0,0.0,0.0,0.0
1789087949.9872746,0.0,0.0,0.0,0.0,0.0,0.0
1789087950.037368,0.0,0.0,0.0,0.0,0.0,0.0
1789087950.0873635,0.0,0.0,0.0,0.0,0.0,0.0
1789087950.1374578,0.0,0.0,0.0,0.0,0.0,0.0
1789087950.1875472,0.0,0.0,0.0,0.0,0.0,0.0
1789087950.239983,0.0,0.0,0.0,0.0,0.0,0.0
1789087950.2875628,0.0,0.0,0.0,0.0,0.0,0.0
1789087950.3402214,0.0,0.0,0.0,0.0,0.0,0.0
1789087950.387538,0.0,0.0,0.0,0.0,0.0,0.0
1789087950.4375322,0.0,0.0,0.0,0.0,0.0,0.0
1789087950.4873357,0.0,0.0,0.0,0.0,0.0,0.0
1789087950.5398376,0.0,0.0,0.0,0.0,0.0,0.0
1789087950.5874574,0.0,0.0,0.0,0.0,0.0,0.0
1789087950.6393485,0.0,0.0,0.0,0.0,0.0,0.0
1789087950.6872854,0.0,0.0,0.0,0.0,0.0,0.0
1789087950.7372115,0.0,0.0,0.0,0.0,0.0,0.0
1789087950.787194,0.0,0.0,0.0,0.0,0.0,0.0
1789087950.837791,0.0,0.0,0.0,0.0,0.0,0.0
1789087950.88744,0.0,0.0,0.0,0.0,0.0,0.0
1789087950.9372966,0.0,0.0,0.0,0.0,0.0,0.0
1789087950.9873054,0.0,0.0,0.0,0.0,0.0,0.0
1789087951.0430653,0.0,0.0,0.0,0.0,0.0,0.0
1789087951.0874474,0.0,0.0,0.0,0.0,0.0,0.0
1789087951.1394155,0.0,0.0,0.0,0.0,0.0,0.0
1789087951.187635,0.0,0.0,0.0,0.0,0.0,0.0
1789087951.2427626,0.0,0.0,0.0,0.0,0.0,0.0
1789087951.287476,0.0,0.0,0.0,0.0,0.0,0.0
1789087951.3374271,0.0,0.0,0.0,0.0,0.0,0.0
1789087951.3874977,0.0,0.0,0.0,0.0,0.0,0.0
1789087951.4374955,0.0,0.0,0.0,0.0,0.0,0.0
1789087951.4874344,0.0,0.0,0.0,0.0,0.0,0.0
1789087951.5401478,0.0,0.0,0.0,0.0,0.0,0.0
1789087951.5876472,0.0,0.0,0.0,0.0,0.0,0.0
1789087951.643154,0.0,0.0,0.0,0.0,0.0,0.0
1789087951.687473,0.0,0.0,0.0,0.0,0.0,0.0
1789087951.737415,0.0,0.0,0.0,0.0,0.0,0.0
1789087951.7875602,0.0,0.0,0.0,0.0,0.0,0.0
1789087951.8403277,0.0,0.0,0.0,0.0,0.0,0.0
1789087951.8875613,0.0,0.0,0.0,0.0,0.0,0.0
1789087951.9463856,0.0,0.0,0.0,0.0,0.0,0.0
1789087951.9874504,0.0,0.0,0.0,0.0,0.0,0.0
1789087952.0405455,0.0,0.0,0.0,0.0,0.0,0.0
1789087952.0878558,0.0,0.0,0.0,0.0,0.0,0.0
1789087952.1375318,0.0,0.0,0.0,0.0,0.0,0.0
1789087952.187416,0.0,0.0,0.0,0.0,0.0,0.0
1789087952.2375672,0.0,0.0,0.0,0.0,0.0,0.0
1789087952.2873373,0.0,0.0,0.0,0.0,0.0,0.0
1789087952.3400974,0.0,0.0,0.0,0.0,0.0,0.0
1789087952.387216,0.0,0.0,0.0,0.0,0.0,0.0
1789087952.4406753,0.0,0.0,0.0,0.0,0.0,0.0
1789087952.4871495,0.0,0.0,0.0,0.0,0.0,0.0
1789087952.5403085,0.0,0.0,0.0,0.0,0.0,0.0
1789087952.5873373,0.0,0.0,0.0,0.0,0.0,0.0
1789087952.641222,0.0,0.0,0.0,0.0,0.0,0.0
1789087952.6873426,0.0,0.0,0.0,0.0,0.0,0.0
1789087952.743213,0.0,0.0,0.0,0.0,0.0,0.0
1789087952.7873409,0.0,0.0,0.0,0.0,0.0,0.0
1789087952.8401158,0.0,0.0,0.0,0.0,0.0,0.0
1789087952.8873434,0.0,0.0,0.0,0.0,0.0,0.0
1789087952.940763,0.0,0.0,0.0,0.0,0.0,0.0
1789087952.9873905,0.0,0.0,0.0,0.0,0.0,0.0
1789087953.0375092,0.0,0.0,0.0,0.0,0.0,0.0
1789087953.0874069,0.0,0.0,0.0,0.0,0.0,0.0
1789087953.1374419,0.0,0.0,0.0,0.0,0.0,0.0
1789087953.187319,0.0,0.0,0.0,0.0,0.0,0.0
1789087953.2397301,0.0,0.0,0.0,0.0,0.0,0.0
1789087953.2873023,0.0,0.0,0.0,0.0,0.0,0.0
1789087953.3373888,0.0,0.0,0.0,0.0,0.0,0.0
1789087953.3874068,0.0,0.0,0.0,0.0,0.0,0.0
1789087953.44123,0.0,0.0,0.0,0.0,0.0,0.0
1789087953.4870405,0.0,0.0,0.0,0.0,0.0,0.0
1789087953.5400095,0.0,0.0,0.0,0.0,0.0,0.0
1789087953.5874267,0.0,0.0,0.0,0.0,0.0,0.0
1789087953.640034,0.0,0.0,0.0,0.0,0.0,0.0
1789087953.6874073,0.0,0.0,0.0,0.0,0.0,0.0
1789087953.7413719,0.0,0.0,0.0,0.0,0.0,0.0
1789087953.7873807,0.0,0.0,0.0,0.0,0.0,0.0
1789087953.8374794,0.0,0.0,0.0,0.0,0.0,0.0
1789087953.8876605,0.0,0.0,0.0,0.0,0.0,0.0
1789087953.9376857,0.0,0.0,0.0,0.0,0.0,0.0
1789087953.9874544,0.0,0.0,0.0,0.0,0.0,0.0
1789087954.0394096,0.0,0.0,0.0,0.0,0.0,0.0
1789087954.0873952,0.0,0.0,0.0,0.0,0.0,0.0
1789087954.1374989,0.0,0.0,0.0,0.0,0.0,0.0
1789087954.1875026,0.0,0.0,0.0,0.0,0.0,0.0
1789087954.2373805,0.0,0.0,0.0,0.0,0.0,0.0
1789087954.287401,0.0,0.0,0.0,0.0,0.0,0.0
1789087954.340677,0.0,0.0,0.0,0.0,0.0,0.0
1789087954.3875453,0.0,0.0,0.0,0.0,0.0,0.0
1789087954.437571,0.0,0.0,0.0,0.0,0.0,0.0
1789087954.4875026,0.0,0.0,0.0,0.0,0.0,0.0
1789087954.5376554,0.0,0.0,0.0,0.0,0.0,0.0
1789087954.5874221,0.0,0.0,0.0,0.0,0.0,0.0
1789087954.6373785,0.0,0.0,0.0,0.0,0.0,0.0
1789087954.687195,0.0,0.0,0.0,0.0,0.0,0.0
1789087954.7377512,0.0,0.0,0.0,0.0,0.0,0.0
1789087954.7874029,0.0,0.0,0.0,0.0,0.0,0.0
1789087954.8373444,0.0,0.0,0.0,0.0,0.0,0.0
1789087954.8873544,0.0,0.0,0.0,0.0,0.0,0.0
1789087954.9373786,0.0,0.0,0.0,0.0,0.0,0.0
1789087954.9873517,0.0,0.0,0.0,0.0,0.0,0.0
1789087955.0373762,0.0,0.0,0.0,0.0,0.0,0.0
1789087955.0875196,0.0,0.0,0.0,0.0,0.0,0.0
1789087955.1374836,0.0,0.0,0.0,0.0,0.0,0.0
1789087955.1873999,0.0,0.0,0.0,0.0,0.0,0.0
1789087955.2374542,0.0,0.0,0.0,0.0,0.0,0.0
1789087955.2872956,0.0,0.0,0.0,0.0,0.0,0.0
1789087955.3373191,0.0,0.0,0.0,0.0,0.0,0.0
1789087955.3872898,0.0,0.0,0.0,0.0,0.0,0.0
1789087955.437233,0.0,0.0,0.0,0.0,0.0,0.0
1789087955.4876235,0.0,0.0,0.0,0.0,0.0,0.0
1789087955.5376046,0.0,0.0,0.0,0.0,0.0,0.0
1789087955.587438,0.0,0.0,0.0,0.0,0.0,0.0
1789087955.637495,0.0,0.0,0.0,0.0,0.0,0.0
1789087955.6872406,0.0,0.0,0.0,0.0,0.0,0.0
1789087955.7384448,0.0,0.0,0.0,0.0,0.0,0.0
1789087955.787244,0.0,0.0,0.0,0.0,0.0,0.0
1789087955.837321,0.0,0.0,0.0,0.0,0.0,0.0
1789087955.8873336,0.0,0.0,0.0,0.0,0.0,0.0
1789087955.937213,0.0,0.0,0.0,0.0,0.0,0.0
1789087955.9873621,0.0,0.0,0.0,0.0,0.0,0.0
1789087956.0374484,0.0,0.0,0.0,0.0,0.0,0.0
1789087956.0873818,0.0,0.0,0.0,0.0,0.0,0.0
1789087956.1374202,0.0,0.0,0.0,0.0,0.0,0.0
1789087956.1873353,0.0,0.0,0.0,0.0,0.0,0.0
1789087956.2372549,0.0,0.0,0.0,0.0,0.0,0.0
1789087956.287363,0.0,0.0,0.0,0.0,0.0,0.0
1789087956.3375697,0.0,0.0,0.0,0.0,0.0,0.0
1789087956.3874364,0.0,0.0,0.0,0.0,0.0,0.0
1789087956.4375544,0.0,0.0,0.0,0.0,0.0,0.0
1789087956.487321,0.0,0.0,0.0,0.0,0.0,0.0
1789087956.5373182,0.0,0.0,0.0,0.0,0.0,0.0
1789087956.5873508,0.0,0.0,0.0,0.0,0.0,0.0
1789087956.6375306,0.0,0.0,0.0,0.0,0.0,0.0
1789087956.687404,0.0,0.0,0.0,0.0,0.0,0.0
1789087956.7374544,0.0,0.0,0.0,0.0,0.0,0.0
1789087956.7872722,0.0,0.0,0.0,0.0,0.0,0.0
1789087956.8374822,0.0,0.0,0.0,0.0,0.0,0.0
1789087956.8873518,0.0,0.0,0.0,0.0,0.0,0.0
1789087956.9375129,0.0,0.0,0.0,0.0,0.0,0.0
1789087956.9872968,0.0,0.0,0.0,0.0,0.0,0.0
1789087957.037437,0.0,0.0,0.0,0.0,0.0,0.0
1789087957.0873437,0.0,0.0,0.0,0.0,0.0,0.0
1789087957.137331,0.0,0.0,0.0,0.0,0.0,0.0
1789087957.187568,0.0,0.0,0.0,0.0,0.0,0.0
1789087957.2374446,0.0,0.0,0.0,0.0,0.0,0.0
1789087957.287389,0.0,0.0,0.0,0.0,0.0,0.0
1789087957.3373694,0.0,0.0,0.0,0.0,0.0,0.0
1789087957.3872273,0.0,0.0,0.0,0.0,0.0,0.0
1789087957.437258,0.0,0.0,0.0,0.0,0.0,0.0
1789087957.4873013,0.0,0.0,0.0,0.0,0.0,0.0
1789087957.5371966,0.0,0.0,0.0,0.0,0.0,0.0
1789087957.587485,0.0,0.0,0.0,0.0,0.0,0.0
1789087957.6374834,0.0,0.0,0.0,0.0,0.0,0.0
1789087957.6873584,0.0,0.0,0.0,0.0,0.0,0.0
1789087957.73738,0.0,0.0,0.0,0.0,0.0,0.0
1789087957.787403,0.0,0.0,0.0,0.0,0.0,0.0
1789087957.8374345,0.0,0.0,0.0,0.0,0.0,0.0
1789087957.8873992,0.0,0.0,0.0,0.0,0.0,0.0
1789087957.9373856,0.0,0.0,0.0,0.0,0.0,0.0
1789087957.9873073,0.0,0.0,0.0,0.0,0.0,0.0
1789087958.037438,0.0,0.0,0.0,0.0,0.0,0.0
1789087958.0871384,0.0,0.0,0.0,0.0,0.0,0.0
1789087958.137388,0.0,0.0,0.0,0.0,0.0,0.0
1789087958.1876411,0.0,0.0,0.0,0.0,0.0,0.0
1789087958.2374845,0.0,0.0,0.0,0.0,0.0,0.0
1789087958.2872796,0.0,0.0,0.0,0.0,0.0,0.0
1789087958.3371134,0.0,0.0,0.0,0.0,0.0,0.0
1789087958.3872552,0.0,0.0,0.0,0.0,0.0,0.0
1789087958.4372175,0.0,0.0,0.0,0.0,0.0,0.0
1789087958.4874918,0.0,0.0,0.0,0.0,0.0,0.0
1789087958.5372975,0.0,0.0,0.0,0.0,0.0,0.0
1789087958.5875568,0.0,0.0,0.0,0.0,0.0,0.0
1789087958.637526,0.0,0.0,0.0,0.0,0.0,0.0
1789087958.6875494,0.0,0.0,0.0,0.0,0.0,0.0
1789087958.7374833,0.0,0.0,0.0,0.0,0.0,0.0
1789087958.787585,0.0,0.0,0.0,0.0,0.0,0.0
1789087958.837482,0.0,0.0,0.0,0.0,0.0,0.0
1789087958.8872194,0.0,0.0,0.0,0.0,0.0,0.0
1789087958.9373672,0.0,0.0,0.0,0.0,0.0,0.0
1789087958.9876199,0.0,0.0,0.0,0.0,0.0,0.0
1789087959.0373645,0.0,0.0,0.0,0.0,0.0,0.0
1789087959.0872936,0.0,0.0,0.0,0.0,0.0,0.0
1789087959.1373644,0.0,0.0,0.0,0.0,0.0,0.0
1789087959.18778,0.0,0.0,0.0,0.0,0.0,0.0
1789087959.2377121,0.0,0.0,0.0,0.0,0.0,0.0
1789087959.2874496,0.0,0.0,0.0,0.0,0.0,0.0
1789087959.3373191,0.0,0.0,0.0,0.0,0.0,0.0
1789087959.3872395,0.0,0.0,0.0,0.0,0.0,0.0
1789087959.4374075,0.0,0.0,0.0,0.0,0.0,0.0
1789087959.4872944,0.0,0.0,0.0,0.0,0.0,0.0
1789087959.537421,0.0,0.0,0.0,0.0,0.0,0.0
1789087959.5874581,0.0,0.0,0.0,0.0,0.0,0.0
1789087959.6374333,0.0,0.0,0.0,0.0,0.0,0.0
1789087959.687495,0.0,0.0,0.0,0.0,0.0,0.0
1789087959.737441,0.0,0.0,0.0,0.0,0.0,0.0
1789087959.7877734,0.0,0.0,0.0,0.0,0.0,0.0
1789087959.837344,0.0,0.0,0.0,0.0,0.0,0.0
1789087959.8874319,0.0,0.0,0.0,0.0,0.0,0.0
1789087959.9374678,0.0,0.0,0.0,0.0,0.0,0.0
1789087959.9873366,0.0,0.0,0.0,0.0,0.0,0.0
1789087960.037189,0.0,0.0,0.0,0.0,0.0,0.0
1789087960.087319,0.0,0.0,0.0,0.0,0.0,0.0
1789087960.137462,0.0,0.0,0.0,0.0,0.0,0.0
1789087960.1874554,0.0,0.0,0.0,0.0,0.0,0.0
1789087960.237576,0.0,0.0,0.0,0.0,0.0,0.0
1789087960.2875583,0.0,0.0,0.0,0.0,0.0,0.0
1789087960.3375325,0.0,0.0,0.0,0.0,0.0,0.0
1789087960.3875673,0.0,0.0,0.0,0.0,0.0,0.0
1789087960.4373567,0.0,0.0,0.0,0.0,0.0,0.0
1789087960.4874368,0.0,0.0,0.0,0.0,0.0,0.0
1789087960.5375478,0.0,0.0,0.0,0.0,0.0,0.0
1789087960.5872116,0.0,0.0,0.0,0.0,0.0,0.0
1789087960.6376424,0.0,0.0,0.0,0.0,0.0,0.0
1789087960.6873603,0.0,0.0,0.0,0.0,0.0,0.0
1789087960.7374291,0.0,0.0,0.0,0.0,0.0,0.0
1789087960.7875402,0.0,0.0,0.0,0.0,0.0,0.0
1789087960.8375835,0.0,0.0,0.0,0.0,0.0,0.0
1789087960.887504,0.0,0.0,0.0,0.0,0.0,0.0
1789087960.93727,0.0,0.0,0.0,0.0,0.0,0.0
1789087960.9872077,0.0,0.0,0.0,0.0,0.0,0.0
1789087961.0373907,0.0,0.0,0.0,0.0,0.0,0.0
1789087961.087299,0.0,0.0,0.0,0.0,0.0,0.0
1789087961.137311,0.0,0.0,0.0,0.0,0.0,0.0
1789087961.1873567,0.0,0.0,0.0,0.0,0.0,0.0
1789087961.237373,0.0,0.0,0.0,0.0,0.0,0.0
1789087961.287413,0.0,0.0,0.0,0.0,0.0,0.0
1789087961.3373764,0.0,0.0,0.0,0.0,0.0,0.0
1789087961.3874123,0.0,0.0,0.0,0.0,0.0,0.0
1789087961.4370139,0.0,0.0,0.0,0.0,0.0,0.0
1789087961.4872093,0.0,0.0,0.0,0.0,0.0,0.0
1789087961.537582,0.0,0.0,0.0,0.0,0.0,0.0
1789087961.5874412,0.0,0.0,0.0,0.0,0.0,0.0
1789087961.6375084,0.0,0.0,0.0,0.0,0.0,0.0
1789087961.6873543,0.0,0.0,0.0,0.0,0.0,0.0
1789087961.7372434,0.0,0.0,0.0,0.0,0.0,0.0
1789087961.7870383,0.0,0.0,0.0,0.0,0.0,0.0
1789087961.8370998,0.0,0.0,0.0,0.0,0.0,0.0
1789087961.8872778,0.0,0.0,0.0,0.0,0.0,0.0
1789087961.9371467,0.0,0.0,0.0,0.0,0.0,0.0
1789087961.9873297,0.0,0.0,0.0,0.0,0.0,0.0
1789087962.037372,0.0,0.0,0.0,0.0,0.0,0.0
1789087962.0872633,0.0,0.0,0.0,0.0,0.0,0.0
1789087962.1376343,0.0,0.0,0.0,0.0,0.0,0.0
1789087962.1873302,0.0,0.0,0.0,0.0,0.0,0.0
1789087962.2373815,0.0,0.0,0.0,0.0,0.0,0.0
1789087962.287471,0.0,0.0,0.0,0.0,0.0,0.0
1789087962.3373992,0.0,0.0,0.0,0.0,0.0,0.0
1789087962.3872998,0.0,0.0,0.0,0.0,0.0,0.0
1789087962.4373574,0.0,0.0,0.0,0.0,0.0,0.0
1789087962.4873345,0.0,0.0,0.0,0.0,0.0,0.0
1789087962.537354,0.0,0.0,0.0,0.0,0.0,0.0
1789087962.587492,0.0,0.0,0.0,0.0,0.0,0.0
1789087962.6374283,0.0,0.0,0.0,0.0,0.0,0.0
1789087962.6875825,0.0,0.0,0.0,0.0,0.0,0.0
1789087962.737431,0.0,0.0,0.0,0.0,0.0,0.0
1789087962.787145,0.0,0.0,0.0,0.0,0.0,0.0
1789087962.8375406,0.0,0.0,0.0,0.0,0.0,0.0
1789087962.887421,0.0,0.0,0.0,0.0,0.0,0.0
1789087962.9374435,0.0,0.0,0.0,0.0,0.0,0.0
1789087962.9873981,0.0,0.0,0.0,0.0,0.0,0.0
1789087963.0375872,0.0,0.0,0.0,0.0,0.0,0.0
1789087963.0873556,0.0,0.0,0.0,0.0,0.0,0.0
1789087963.1373951,0.0,0.0,0.0,0.0,0.0,0.0
1789087963.1874762,0.0,0.0,0.0,0.0,0.0,0.0
1789087963.2374873,0.0,0.0,0.0,0.0,0.0,0.0
1789087963.289742,0.0,0.0,0.0,0.0,0.0,0.0
1789087963.33741,0.0,0.0,0.0,0.0,0.0,0.0
1789087963.3875122,0.0,0.0,0.0,0.0,0.0,0.0
1789087963.4375408,0.0,0.0,0.0,0.0,0.0,0.0
1789087963.4871442,0.0,0.0,0.0,0.0,0.0,0.0
1789087963.537456,0.0,0.0,0.0,0.0,0.0,0.0
1789087963.5873764,0.0,0.0,0.0,0.0,0.0,0.0
1789087963.6374311,0.0,0.0,0.0,0.0,0.0,0.0
1789087963.6871936,0.0,0.0,0.0,0.0,0.0,0.0
1789087963.7373438,0.0,0.0,0.0,0.0,0.0,0.0
1789087963.7872818,0.0,0.0,0.0,0.0,0.0,0.0
1789087963.8372853,0.0,0.0,0.0,0.0,0.0,0.0
1789087963.8872545,0.0,0.0,0.0,0.0,0.0,0.0
1789087963.9373443,0.0,0.0,0.0,0.0,0.0,0.0
1789087963.9873655,0.0,0.0,0.0,0.0,0.0,0.0
1789087964.0372198,0.0,0.0,0.0,0.0,0.0,0.0
1789087964.0871365,0.0,0.0,0.0,0.0,0.0,0.0
1789087964.1372104,0.0,0.0,0.0,0.0,0.0,0.0
1789087964.1874697,0.0,0.0,0.0,0.0,0.0,0.0
1789087964.2374132,0.0,0.0,0.0,0.0,0.0,0.0
1789087964.2870755,0.0,0.0,0.0,0.0,0.0,0.0
1789087964.337128,0.0,0.0,0.0,0.0,0.0,0.0
1789087964.3873627,0.0,0.0,0.0,0.0,0.0,0.0
1789087964.4370496,0.0,0.0,0.0,0.0,0.0,0.0
1789087964.487335,0.0,0.0,0.0,0.0,0.0,0.0
1789087964.5372543,0.0,0.0,0.0,0.0,0.0,0.0
1789087964.5872803,0.0,0.0,0.0,0.0,0.0,0.0
1789087964.63732,0.0,0.0,0.0,0.0,0.0,0.0
1789087964.687295,0.0,0.0,0.0,0.0,0.0,0.0
1789087964.7375343,0.0,0.0,0.0,0.0,0.0,0.0
1789087964.7874393,0.0,0.0,0.0,0.0,0.0,0.0
1789087964.8375325,0.0,0.0,0.0,0.0,0.0,0.0
1789087964.8899016,0.0,0.0,0.0,0.0,0.0,0.0
1789087964.9373863,0.0,0.0,0.0,0.0,0.0,0.0
1789087964.9873524,0.0,0.0,0.0,0.0,0.0,0.0
1789087965.0374978,0.0,0.0,0.0,0.0,0.0,0.0
1789087965.0874913,0.0,0.0,0.0,0.0,0.0,0.0
1789087965.1375046,0.0,0.0,0.0,0.0,0.0,0.0
1789087965.187422,0.0,0.0,0.0,0.0,0.0,0.0
1789087965.2374024,0.0,0.0,0.0,0.0,0.0,0.0
1789087965.2878485,0.0,0.0,0.0,0.0,0.0,0.0
1789087965.3374972,0.0,0.0,0.0,0.0,0.0,0.0
1789087965.387586,0.0,0.0,0.0,0.0,0.0,0.0
1789087965.4375303,0.0,0.0,0.0,0.0,0.0,0.0
1789087965.4870605,0.0,0.0,0.0,0.0,0.0,0.0
1789087965.5371528,0.0,0.0,0.0,0.0,0.0,0.0
1789087965.5871596,0.0,0.0,0.0,0.0,0.0,0.0
1789087965.6375034,0.0,0.0,0.0,0.0,0.0,0.0
1789087965.6874745,0.0,0.0,0.0,0.0,0.0,0.0
1789087965.7375693,0.0,0.0,0.0,0.0,0.0,0.0
1789087965.7873948,0.0,0.0,0.0,0.0,0.0,0.0
1789087965.837484,0.0,0.0,0.0,0.0,0.0,0.0
1789087965.8893185,0.0,0.0,0.0,0.0,0.0,0.0
1789087965.9373834,0.0,0.0,0.0,0.0,0.0,0.0
1789087965.987316,0.0,0.0,0.0,0.0,0.0,0.0
1789087966.037189,0.0,0.0,0.0,0.0,0.0,0.0
1789087966.0901523,0.0,0.0,0.0,0.0,0.0,0.0
1789087966.13757,0.0,0.0,0.0,0.0,0.0,0.0
1789087966.1873415,0.0,0.0,0.0,0.0,0.0,0.0
1789087966.2374318,0.0,0.0,0.0,0.0,0.0,0.0
1789087966.287421,0.0,0.0,0.0,0.0,0.0,0.0
1789087966.3376062,0.0,0.0,0.0,0.0,0.0,0.0
1789087966.3871622,0.0,0.0,0.0,0.0,0.0,0.0
1789087966.4374576,0.0,0.0,0.0,0.0,0.0,0.0
1789087966.487361,0.0,0.0,0.0,0.0,0.0,0.0
1789087966.5372694,0.0,0.0,0.0,0.0,0.0,0.0
1789087966.5872614,0.0,0.0,0.0,0.0,0.0,0.0
1789087966.6375608,0.0,0.0,0.0,0.0,0.0,0.0
1789087966.6894147,0.0,0.0,0.0,0.0,0.0,0.0
1789087966.737371,0.0,0.0,0.0,0.0,0.0,0.0
1789087966.7873652,0.0,0.0,0.0,0.0,0.0,0.0
1789087966.8374186,0.0,0.0,0.0,0.0,0.0,0.0
1789087966.8873894,0.0,0.0,0.0,0.0,0.0,0.0
1789087966.9373968,0.0,0.0,0.0,0.0,0.0,0.0
1789087966.9889472,0.0,0.0,0.0,0.0,0.0,0.0
1789087967.0372295,0.0,0.0,0.0,0.0,0.0,0.0
1789087967.0872989,0.0,0.0,0.0,0.0,0.0,0.0
1789087967.137443,0.0,0.0,0.0,0.0,0.0,0.0
1789087967.1888254,0.0,0.0,0.0,0.0,0.0,0.0
1789087967.2373142,0.0,0.0,0.0,0.0,0.0,0.0
1789087967.2873092,0.0,0.0,0.0,0.0,0.0,0.0
1789087967.337423,0.0,0.0,0.0,0.0,0.0,0.0
1789087967.3874204,0.0,0.0,0.0,0.0,0.0,0.0
1789087967.437275,0.0,0.0,0.0,0.0,0.0,0.0
1789087967.4876177,0.0,0.0,0.0,0.0,0.0,0.0
1789087967.5374866,0.0,0.0,0.0,0.0,0.0,0.0
1789087967.588368,0.0,0.0,0.0,0.0,0.0,0.0
1789087967.6376173,0.0,0.0,0.0,0.0,0.0,0.0
1789087967.6872463,0.0,0.0,0.0,0.0,0.0,0.0
1789087967.7371266,0.0,0.0,0.0,0.0,0.0,0.0
1789087967.7870982,0.0,0.0,0.0,0.0,0.0,0.0
1789087967.8374352,0.0,0.0,0.0,0.0,0.0,0.0
1789087967.8873885,0.0,0.0,0.0,0.0,0.0,0.0
1789087967.9373517,0.0,0.0,0.0,0.0,0.0,0.0
1789087967.9875197,0.0,0.0,0.0,0.0,0.0,0.0
1789087968.037437,0.0,0.0,0.0,0.0,0.0,0.0
1789087968.0873046,0.0,0.0,0.0,0.0,0.0,0.0
1789087968.1371284,0.0,0.0,0.0,0.0,0.0,0.0
1789087968.1872485,0.0,0.0,0.0,0.0,0.0,0.0
1789087968.237299,0.0,0.0,0.0,0.0,0.0,0.0
1789087968.2870593,0.0,0.0,0.0,0.0,0.0,0.0
1789087968.3374236,0.0,0.0,0.0,0.0,0.0,0.0
1789087968.3871891,0.0,0.0,0.0,0.0,0.0,0.0
1789087968.4374237,0.0,0.0,0.0,0.0,0.0,0.0
1789087968.4874873,0.0,0.0,0.0,0.0,0.0,0.0
1789087968.5374436,0.0,0.0,0.0,0.0,0.0,0.0
1789087968.5894806,0.0,0.0,0.0,0.0,0.0,0.0
1789087968.6376083,0.0,0.0,0.0,0.0,0.0,0.0
1789087968.6873865,0.0,0.0,0.0,0.0,0.0,0.0
1789087968.7374637,0.0,0.0,0.0,0.0,0.0,0.0
1789087968.787389,0.0,0.0,0.0,0.0,0.0,0.0
1789087968.8375628,0.0,0.0,0.0,0.0,0.0,0.0
1789087968.8872259,0.0,0.0,0.0,0.0,0.0,0.0
1789087968.937625,0.0,0.0,0.0,0.0,0.0,0.0
1789087968.9874327,0.0,0.0,0.0,0.0,0.0,0.0
1789087969.0375938,0.0,0.0,0.0,0.0,0.0,0.0
1789087969.0873115,0.0,0.0,0.0,0.0,0.0,0.0
1789087969.1373985,0.0,0.0,0.0,0.0,0.0,0.0
1789087969.1916153,0.0,0.0,0.0,0.0,0.0,0.0
1789087969.2373786,0.0,0.0,0.0,0.0,0.0,0.0
1789087969.2872748,0.0,0.0,0.0,0.0,0.0,0.0
1789087969.3376396,0.0,0.0,0.0,0.0,0.0,0.0
1789087969.3890653,0.0,0.0,0.0,0.0,0.0,0.0
1789087969.4376152,0.0,0.0,0.0,0.0,0.0,0.0
1789087969.4876614,0.0,0.0,0.0,0.0,0.0,0.0
1789087969.5373785,0.0,0.0,0.0,0.0,0.0,0.0
1789087969.5874605,0.0,0.0,0.0,0.0,0.0,0.0
1789087969.637462,0.0,0.0,0.0,0.0,0.0,0.0
1789087969.6872118,0.0,0.0,0.0,0.0,0.0,0.0
1789087969.7374282,0.0,0.0,0.0,0.0,0.0,0.0
1789087969.7874017,0.0,0.0,0.0,0.0,0.0,0.0
1789087969.8374803,0.0,0.0,0.0,0.0,0.0,0.0
1789087969.8872888,0.0,0.0,0.0,0.0,0.0,0.0
1789087969.9374998,0.0,0.0,0.0,0.0,0.0,0.0
1789087969.9893188,0.0,0.0,0.0,0.0,0.0,0.0
1789087970.0376825,0.0,0.0,0.0,0.0,0.0,0.0
1789087970.089644,0.0,0.0,0.0,0.0,0.0,0.0
1789087970.1371946,0.0,0.0,0.0,0.0,0.0,0.0
1789087970.1872404,0.0,0.0,0.0,0.0,0.0,0.0
1789087970.2373717,0.0,0.0,0.0,0.0,0.0,0.0
1789087970.2876759,0.0,0.0,0.0,0.0,0.0,0.0
1789087970.3374183,0.0,0.0,0.0,0.0,0.0,0.0
1789087970.3873067,0.0,0.0,0.0,0.0,0.0,0.0
1789087970.4372222,0.0,0.0,0.0,0.0,0.0,0.0
1789087970.4874895,0.0,0.0,0.0,0.0,0.0,0.0
1789087970.5374064,0.0,0.0,0.0,0.0,0.0,0.0
1789087970.5872748,0.0,0.0,0.0,0.0,0.0,0.0
1789087970.637558,0.0,0.0,0.0,0.0,0.0,0.0
1789087970.6875196,0.0,0.0,0.0,0.0,0.0,0.0
1789087970.7373054,0.0,0.0,0.0,0.0,0.0,0.0
1789087970.7872713,0.0,0.0,0.0,0.0,0.0,0.0
1789087970.837346,0.0,0.0,0.0,0.0,0.0,0.0
1789087970.8881981,0.0,0.0,0.0,0.0,0.0,0.0
1789087970.9372814,0.0,0.0,0.0,0.0,0.0,0.0
1789087970.9879131,0.0,0.0,0.0,0.0,0.0,0.0
1789087971.0370793,0.0,0.0,0.0,0.0,0.0,0.0
1789087971.0871542,0.0,0.0,0.0,0.0,0.0,0.0
1789087971.1373699,0.0,0.0,0.0,0.0,0.0,0.0
1789087971.1899788,0.0,0.0,0.0,0.0,0.0,0.0
1789087971.237436,0.0,0.0,0.0,0.0,0.0,0.0
1789087971.2877686,0.0,0.0,0.0,0.0,0.0,0.0
1789087971.3373966,0.0,0.0,0.0,0.0,0.0,0.0
1789087971.3883748,0.0,0.0,0.0,0.0,0.0,0.0
1789087971.4376152,0.0,0.0,0.0,0.0,0.0,0.0
1789087971.4875698,0.0,0.0,0.0,0.0,0.0,0.0
1789087971.537437,0.0,0.0,0.0,0.0,0.0,0.0
1789087971.5888171,0.0,0.0,0.0,0.0,0.0,0.0
1789087971.6372135,0.0,0.0,0.0,0.0,0.0,0.0
1789087971.6887987,0.0,0.0,0.0,0.0,0.0,0.0
1789087971.7376635,0.0,0.0,0.0,0.0,0.0,0.0
1789087971.7887647,0.0,0.0,0.0,0.0,0.0,0.0
1789087971.837535,0.0,0.0,0.0,0.0,0.0,0.0
1789087971.888799,0.0,0.0,0.0,0.0,0.0,0.0
1789087971.9371808,0.0,0.0,0.0,0.0,0.0,0.0
1789087971.9882917,0.0,0.0,0.0,0.0,0.0,0.0
1789087972.0371935,0.0,0.0,0.0,0.0,0.0,0.0
1789087972.0922303,0.0,0.0,0.0,0.0,0.0,0.0
1789087972.1374133,0.0,0.0,0.0,0.0,0.0,0.0
1789087972.19204,0.0,0.0,0.0,0.0,0.0,0.0
1789087972.2373753,0.0,0.0,0.0,0.0,0.0,0.0
1789087972.2904205,0.0,0.0,0.0,0.0,0.0,0.0
1789087972.337287,0.0,0.0,0.0,0.0,0.0,0.0
1789087972.3889,0.0,0.0,0.0,0.0,0.0,0.0
1789087972.437223,0.0,0.0,0.0,0.0,0.0,0.0
1789087972.4917724,0.0,0.0,0.0,0.0,0.0,0.0
1789087972.537223,0.0,0.0,0.0,0.0,0.0,0.0
1789087972.5886416,0.0,0.0,0.0,0.0,0.0,0.0
1789087972.6375158,0.0,0.0,0.0,0.0,0.0,0.0
1789087972.6922626,0.0,0.0,0.0,0.0,0.0,0.0
1789087972.7371688,0.0,0.0,0.0,0.0,0.0,0.0
1789087972.7905574,0.0,0.0,0.0,0.0,0.0,0.0
1789087972.8373559,0.0,0.0,0.0,0.0,0.0,0.0
1789087972.8892143,0.0,0.0,0.0,0.0,0.0,0.0
1789087972.9374323,0.0,0.0,0.0,0.0,0.0,0.0
1789087972.9915974,0.0,0.0,0.0,0.0,0.0,0.0
1789087973.0372512,0.0,0.0,0.0,0.0,0.0,0.0
1789087973.0883095,0.0,0.0,0.0,0.0,0.0,0.0
1789087973.137651,0.0,0.0,0.0,0.0,0.0,0.0
1789087973.1909723,0.0,0.0,0.0,0.0,0.0,0.0
1789087973.2376626,0.0,0.0,0.0,0.0,0.0,0.0
1789087973.2937832,0.0,0.0,0.0,0.0,0.0,0.0
1789087973.3374233,0.0,0.0,0.0,0.0,0.0,0.0
1789087973.3891022,0.0,0.0,0.0,0.0,0.0,0.0
1789087973.437225,0.0,0.0,0.0,0.0,0.0,0.0
1789087973.4907317,0.0,0.0,0.0,0.0,0.0,0.0
1789087973.5375261,0.0,0.0,0.0,0.0,0.0,0.0
1789087973.5898855,0.0,0.0,0.0,0.0,0.0,0.0
1789087973.637409,0.0,0.0,0.0,0.0,0.0,0.0
1789087973.693411,0.0,0.0,0.0,0.0,0.0,0.0
1789087973.7375848,0.0,0.0,0.0,0.0,0.0,0.0
1789087973.790092,0.0,0.0,0.0,0.0,0.0,0.0
1789087973.8373408,0.0,0.0,0.0,0.0,0.0,0.0
1789087973.8892524,0.0,0.0,0.0,0.0,0.0,0.0
1789087973.9374523,0.0,0.0,0.0,0.0,0.0,0.0
1789087973.9896293,0.0,0.0,0.0,0.0,0.0,0.0
1789087974.037395,0.0,0.0,0.0,0.0,0.0,0.0
1789087974.0882585,0.0,0.0,0.0,0.0,0.0,0.0
1789087974.1372552,0.0,0.0,0.0,0.0,0.0,0.0
1789087974.1934752,0.0,0.0,0.0,0.0,0.0,0.0
1789087974.2373066,0.0,0.0,0.0,0.0,0.0,0.0
1789087974.2894979,0.0,0.0,0.0,0.0,0.0,0.0
1789087974.3371184,0.0,0.0,0.0,0.0,0.0,0.0
1789087974.3891952,0.0,0.0,0.0,0.0,0.0,0.0
1789087974.4373353,0.0,0.0,0.0,0.0,0.0,0.0
1789087974.489048,0.0,0.0,0.0,0.0,0.0,0.0
1789087974.5373473,0.0,0.0,0.0,0.0,0.0,0.0
1789087974.5885022,0.0,0.0,0.0,0.0,0.0,0.0
1789087974.6374977,0.0,0.0,0.0,0.0,0.0,0.0
1789087974.689059,0.0,0.0,0.0,0.0,0.0,0.0
1789087974.7373095,0.0,0.0,0.0,0.0,0.0,0.0
1789087974.7871988,0.0,0.0,0.0,0.0,0.0,0.0
1789087974.8373542,0.0,0.0,0.0,0.0,0.0,0.0
1789087974.8873594,0.0,0.0,0.0,0.0,0.0,0.0
1789087974.9371674,0.0,0.0,0.0,0.0,0.0,0.0
1789087974.9897742,0.0,0.0,0.0,0.0,0.0,0.0
1789087975.0374281,0.0,0.0,0.0,0.0,0.0,0.0
1789087975.087208,0.0,0.0,0.0,0.0,0.0,0.0
1789087975.1370213,0.0,0.0,0.0,0.0,0.0,0.0
1789087975.1897626,0.0,0.0,0.0,0.0,0.0,0.0
1789087975.237355,0.0,0.0,0.0,0.0,0.0,0.0
1789087975.2886405,0.0,0.0,0.0,0.0,0.0,0.0
1789087975.3373458,0.0,0.0,0.0,0.0,0.0,0.0
1789087975.3875692,0.0,0.0,0.0,0.0,0.0,0.0
1789087975.4375875,0.0,0.0,0.0,0.0,0.0,0.0
1789087975.4906027,0.0,0.0,0.0,0.0,0.0,0.0
1789087975.537329,0.0,0.0,0.0,0.0,0.0,0.0
1789087975.5894704,0.0,0.0,0.0,0.0,0.0,0.0
1789087975.6373146,0.0,0.0,0.0,0.0,0.0,0.0
1789087975.6904082,0.0,0.0,0.0,0.0,0.0,0.0
1789087975.737273,0.0,0.0,0.0,0.0,0.0,0.0
1789087975.787283,0.0,0.0,0.0,0.0,0.0,0.0
1789087975.8371108,0.0,0.0,0.0,0.0,0.0,0.0
1789087975.8872085,0.0,0.0,0.0,0.0,0.0,0.0
1789087975.937257,0.0,0.0,0.0,0.0,0.0,0.0
1789087975.9925222,0.0,0.0,0.0,0.0,0.0,0.0
1789087976.0375872,0.0,0.0,0.0,0.0,0.0,0.0
1789087976.090711,0.0,0.0,0.0,0.0,0.0,0.0
1789087976.137333,0.0,0.0,0.0,0.0,0.0,0.0
1789087976.1874592,0.0,0.0,0.0,0.0,0.0,0.0
1789087976.237286,0.0,0.0,0.0,0.0,0.0,0.0
1789087976.2872036,0.0,0.0,0.0,0.0,0.0,0.0
1789087976.3371902,0.0,0.0,0.0,0.0,0.0,0.0
1789087976.3900485,0.0,0.0,0.0,0.0,0.0,0.0
1789087976.437028,0.0,0.0,0.0,0.0,0.0,0.0
1789087976.4874048,0.0,0.0,0.0,0.0,0.0,0.0
1789087976.5373151,0.0,0.0,0.0,0.0,0.0,0.0
1789087976.590021,0.0,0.0,0.0,0.0,0.0,0.0
1789087976.637419,0.0,0.0,0.0,0.0,0.0,0.0
1789087976.6895473,0.0,0.0,0.0,0.0,0.0,0.0
1789087976.737212,0.0,0.0,0.0,0.0,0.0,0.0
1789087976.7903626,0.0,0.0,0.0,0.0,0.0,0.0
1789087976.8373494,0.0,0.0,0.0,0.0,0.0,0.0
1789087976.8948977,0.0,0.0,0.0,0.0,0.0,0.0
1789087976.9373055,0.0,0.0,0.0,0.0,0.0,0.0
1789087976.9901571,0.0,0.0,0.0,0.0,0.0,0.0
1789087977.0371256,0.0,0.0,0.0,0.0,0.0,0.0
1789087977.0911767,0.0,0.0,0.0,0.0,0.0,0.0
1789087977.1374896,0.0,0.0,0.0,0.0,0.0,0.0
1789087977.1873136,0.0,0.0,0.0,0.0,0.0,0.0
1789087977.2375062,0.0,0.0,0.0,0.0,0.0,0.0
1789087977.2910523,0.0,0.0,0.0,0.0,0.0,0.0
1789087977.3370085,0.0,0.0,0.0,0.0,0.0,0.0
1789087977.395436,0.0,0.0,0.0,0.0,0.0,0.0
1789087977.4373443,0.0,0.0,0.0,0.0,0.0,0.0
1789087977.492475,0.0,0.0,0.0,0.0,0.0,0.0
1789087977.5374522,0.0,0.0,0.0,0.0,0.0,0.0
1789087977.5904226,0.0,0.0,0.0,0.0,0.0,0.0
1789087977.6374822,0.0,0.0,0.0,0.0,0.0,0.0
1789087977.687495,0.0,0.0,0.0,0.0,0.0,0.0
1789087977.7373776,0.0,0.0,0.0,0.0,0.0,0.0
1789087977.7872827,0.0,0.0,0.0,0.0,0.0,0.0
1789087977.8374999,0.0,0.0,0.0,0.0,0.0,0.0
1789087977.887365,0.0,0.0,0.0,0.0,0.0,0.0
1789087977.9371812,0.0,0.0,0.0,0.0,0.0,0.0
1789087977.987461,0.0,0.0,0.0,0.0,0.0,0.0
1789087978.037375,0.0,0.0,0.0,0.0,0.0,0.0
1789087978.087245,0.0,0.0,0.0,0.0,0.0,0.0
1789087978.1372366,0.0,0.0,0.0,0.0,0.0,0.0
1789087978.1874032,0.0,0.0,0.0,0.0,0.0,0.0
1789087978.2372606,0.0,0.0,0.0,0.0,0.0,0.0
1789087978.2875357,0.0,0.0,0.0,0.0,0.0,0.0
1789087978.3374271,0.0,0.0,0.0,0.0,0.0,0.0
1789087978.3871365,0.0,0.0,0.0,0.0,0.0,0.0
1789087978.4376695,0.0,0.0,0.0,0.0,0.0,0.0
1789087978.4874613,0.0,0.0,0.0,0.0,0.0,0.0
1789087978.5373635,0.0,0.0,0.0,0.0,0.0,0.0
1789087978.5875275,0.0,0.0,0.0,0.0,0.0,0.0
1789087978.6372077,0.0,0.0,0.0,0.0,0.0,0.0
1789087978.6874824,0.0,0.0,0.0,0.0,0.0,0.0
1789087978.7375367,0.0,0.0,0.0,0.0,0.0,0.0
1789087978.7877011,0.0,0.0,0.0,0.0,0.0,0.0
1789087978.8374987,0.0,0.0,0.0,0.0,0.0,0.0
1789087978.8879995,0.0,0.0,0.0,0.0,0.0,0.0
1789087978.9374936,0.0,0.0,0.0,0.0,0.0,0.0
1789087978.987484,0.0,0.0,0.0,0.0,0.0,0.0
1789087979.037438,0.0,0.0,0.0,0.0,0.0,0.0
1789087979.0871239,0.0,0.0,0.0,0.0,0.0,0.0
1789087979.1373572,0.0,0.0,0.0,0.0,0.0,0.0
1789087979.1874862,0.0,0.0,0.0,0.0,0.0,0.0
1789087979.237321,0.0,0.0,0.0,0.0,0.0,0.0
1789087979.2874827,0.0,0.0,0.0,0.0,0.0,0.0
1789087979.3372638,0.0,0.0,0.0,0.0,0.0,0.0
1789087979.3873093,0.0,0.0,0.0,0.0,0.0,0.0
1789087979.4371264,0.0,0.0,0.0,0.0,0.0,0.0
1789087979.4874253,0.0,0.0,0.0,0.0,0.0,0.0
1789087979.5374434,0.0,0.0,0.0,0.0,0.0,0.0
1789087979.5874405,0.0,0.0,0.0,0.0,0.0,0.0
1789087979.637366,0.0,0.0,0.0,0.0,0.0,0.0
1789087979.687429,0.0,0.0,0.0,0.0,0.0,0.0
1789087979.7374785,0.0,0.0,0.0,0.0,0.0,0.0
1789087979.7876542,0.0,0.0,0.0,0.0,0.0,0.0
1789087979.8376358,0.0,0.0,0.0,0.0,0.0,0.0
1789087979.887404,0.0,0.0,0.0,0.0,0.0,0.0
1789087979.9373505,0.0,0.0,0.0,0.0,0.0,0.0
1789087979.987481,0.0,0.0,0.0,0.0,0.0,0.0
1789087980.0374792,0.0,0.0,0.0,0.0,0.0,0.0
1789087980.0872748,0.0,0.0,0.0,0.0,0.0,0.0
1789087980.137245,0.0,0.0,0.0,0.0,0.0,0.0
1789087980.1871498,0.0,0.0,0.0,0.0,0.0,0.0
1789087980.2372432,0.0,0.0,0.0,0.0,0.0,0.0
1789087980.2873468,0.0,0.0,0.0,0.0,0.0,0.0
1789087980.3372037,0.0,0.0,0.0,0.0,0.0,0.0
1789087980.3874183,0.0,0.0,0.0,0.0,0.0,0.0
1789087980.4371889,0.0,0.0,0.0,0.0,0.0,0.0
1789087980.4872582,0.0,0.0,0.0,0.0,0.0,0.0
1789087980.5372462,0.0,0.0,0.0,0.0,0.0,0.0
1789087980.5871782,0.0,0.0,0.0,0.0,0.0,0.0
1789087980.63726,0.0,0.0,0.0,0.0,0.0,0.0
1789087980.687422,0.0,0.0,0.0,0.0,0.0,0.0
1789087980.7375216,0.0,0.0,0.0,0.0,0.0,0.0
1789087980.7874007,0.0,0.0,0.0,0.0,0.0,0.0
1789087980.8374147,0.0,0.0,0.0,0.0,0.0,0.0
1789087980.8873427,0.0,0.0,0.0,0.0,0.0,0.0
1789087980.9374392,0.0,0.0,0.0,0.0,0.0,0.0
1789087980.9871929,0.0,0.0,0.0,0.0,0.0,0.0
1789087981.0374613,0.0,0.0,0.0,0.0,0.0,0.0
1789087981.0874085,0.0,0.0,0.0,0.0,0.0,0.0
1789087981.1374073,0.0,0.0,0.0,0.0,0.0,0.0
1789087981.187413,0.0,0.0,0.0,0.0,0.0,0.0
1789087981.2373097,0.0,0.0,0.0,0.0,0.0,0.0
1789087981.2874289,0.0,0.0,0.0,0.0,0.0,0.0
1789087981.337175,0.0,0.0,0.0,0.0,0.0,0.0
1789087981.3873858,0.0,0.0,0.0,0.0,0.0,0.0
1789087981.4373055,0.0,0.0,0.0,0.0,0.0,0.0
1789087981.4872448,0.0,0.0,0.0,0.0,0.0,0.0
1789087981.537364,0.0,0.0,0.0,0.0,0.0,0.0
1789087981.5875995,0.0,0.0,0.0,0.0,0.0,0.0
1789087981.6372502,0.0,0.0,0.0,0.0,0.0,0.0
1789087981.687421,0.0,0.0,0.0,0.0,0.0,0.0
1789087981.7371664,0.0,0.0,0.0,0.0,0.0,0.0
1789087981.7873223,0.0,0.0,0.0,0.0,0.0,0.0
1789087981.8374226,0.0,0.0,0.0,0.0,0.0,0.0
1789087981.887505,0.0,0.0,0.0,0.0,0.0,0.0
1789087981.9373357,0.0,0.0,0.0,0.0,0.0,0.0
1789087981.9873347,0.0,0.0,0.0,0.0,0.0,0.0
1789087982.0374749,0.0,0.0,0.0,0.0,0.0,0.0
1789087982.0870743,0.0,0.0,0.0,0.0,0.0,0.0
1789087982.1373696,0.0,0.0,0.0,0.0,0.0,0.0
1789087982.1875372,0.0,0.0,0.0,0.0,0.0,0.0
1789087982.2371526,0.0,0.0,0.0,0.0,0.0,0.0
1789087982.28723,0.0,0.0,0.0,0.0,0.0,0.0
1789087982.3370554,0.0,0.0,0.0,0.0,0.0,0.0
1789087982.3872414,0.0,0.0,0.0,0.0,0.0,0.0
1789087982.4372084,0.0,0.0,0.0,0.0,0.0,0.0
1789087982.4872172,0.0,0.0,0.0,0.0,0.0,0.0
1789087982.5371192,0.0,0.0,0.0,0.0,0.0,0.0
1789087982.587308,0.0,0.0,0.0,0.0,0.0,0.0
1789087982.6371632,0.0,0.0,0.0,0.0,0.0,0.0
1789087982.687348,0.0,0.0,0.0,0.0,0.0,0.0
1789087982.7375824,0.0,0.0,0.0,0.0,0.0,0.0
1789087982.7872953,0.0,0.0,0.0,0.0,0.0,0.0
1789087982.8374276,0.0,0.0,0.0,0.0,0.0,0.0
1789087982.8873153,0.0,0.0,0.0,0.0,0.0,0.0
1789087982.9373207,0.0,0.0,0.0,0.0,0.0,0.0
1789087982.9876728,0.0,0.0,0.0,0.0,0.0,0.0
1789087983.0374749,0.0,0.0,0.0,0.0,0.0,0.0
1789087983.087219,0.0,0.0,0.0,0.0,0.0,0.0
1789087983.137471,0.0,0.0,0.0,0.0,0.0,0.0
1789087983.1874247,0.0,0.0,0.0,0.0,0.0,0.0
1789087983.2371647,0.0,0.0,0.0,0.0,0.0,0.0
1789087983.287597,0.0,0.0,0.0,0.0,0.0,0.0
1789087983.337276,0.0,0.0,0.0,0.0,0.0,0.0
1789087983.38749,0.0,0.0,0.0,0.0,0.0,0.0
1789087983.437287,0.0,0.0,0.0,0.0,0.0,0.0
1789087983.4873955,0.0,0.0,0.0,0.0,0.0,0.0
1789087983.5372894,0.0,0.0,0.0,0.0,0.0,0.0
1789087983.587549,0.0,0.0,0.0,0.0,0.0,0.0
1789087983.6373758,0.0,0.0,0.0,0.0,0.0,0.0
1789087983.687636,0.0,0.0,0.0,0.0,0.0,0.0
1789087983.7372234,0.0,0.0,0.0,0.0,0.0,0.0
1789087983.7876875,0.0,0.0,0.0,0.0,0.0,0.0
1789087983.837594,0.0,0.0,0.0,0.0,0.0,0.0
1789087983.8875248,0.0,0.0,0.0,0.0,0.0,0.0
1789087983.937541,0.0,0.0,0.0,0.0,0.0,0.0
1789087983.9875438,0.0,0.0,0.0,0.0,0.0,0.0
1789087984.037201,0.0,0.0,0.0,0.0,0.0,0.0
1789087984.0872211,0.0,0.0,0.0,0.0,0.0,0.0
1789087984.1375613,0.0,0.0,0.0,0.0,0.0,0.0
1789087984.1875165,0.0,0.0,0.0,0.0,0.0,0.0
1789087984.2374604,0.0,0.0,0.0,0.0,0.0,0.0
1789087984.2872913,0.0,0.0,0.0,0.0,0.0,0.0
1789087984.3376133,0.0,0.0,0.0,0.0,0.0,0.0
1789087984.3871863,0.0,0.0,0.0,0.0,0.0,0.0
1789087984.4373834,0.0,0.0,0.0,0.0,0.0,0.0
1789087984.487245,0.0,0.0,0.0,0.0,0.0,0.0
1789087984.5374277,0.0,0.0,0.0,0.0,0.0,0.0
1789087984.5873997,0.0,0.0,0.0,0.0,0.0,0.0
1789087984.6376228,0.0,0.0,0.0,0.0,0.0,0.0
1789087984.687629,0.0,0.0,0.0,0.0,0.0,0.0
1789087984.7374172,0.0,0.0,0.0,0.0,0.0,0.0
1789087984.7874663,0.0,0.0,0.0,0.0,0.0,0.0
1789087984.8375041,0.0,0.0,0.0,0.0,0.0,0.0
1789087984.8872993,0.0,0.0,0.0,0.0,0.0,0.0
1789087984.9373136,0.0,0.0,0.0,0.0,0.0,0.0
1789087984.9876056,0.0,0.0,0.0,0.0,0.0,0.0
1789087985.0372798,0.0,0.0,0.0,0.0,0.0,0.0
1789087985.087353,0.0,0.0,0.0,0.0,0.0,0.0
1789087985.1373448,0.0,0.0,0.0,0.0,0.0,0.0
1789087985.1873581,0.0,0.0,0.0,0.0,0.0,0.0
1789087985.2375524,0.0,0.0,0.0,0.0,0.0,0.0
1789087985.2876275,0.0,0.0,0.0,0.0,0.0,0.0
1789087985.3376408,0.0,0.0,0.0,0.0,0.0,0.0
1789087985.3876393,0.0,0.0,0.0,0.0,0.0,0.0
1789087985.437931,0.0,0.0,0.0,0.0,0.0,0.0
1789087985.4875395,0.0,0.0,0.0,0.0,0.0,0.0
1789087985.5372813,0.0,0.0,0.0,0.0,0.0,0.0
1789087985.5874047,0.0,0.0,0.0,0.0,0.0,0.0
1789087985.6372118,0.0,0.0,0.0,0.0,0.0,0.0
1789087985.687171,0.0,0.0,0.0,0.0,0.0,0.0
1789087985.7374299,0.0,0.0,0.0,0.0,0.0,0.0
1789087985.7875426,0.0,0.0,0.0,0.0,0.0,0.0
1789087985.8374054,0.0,0.0,0.0,0.0,0.0,0.0
1789087985.8873475,0.0,0.0,0.0,0.0,0.0,0.0
1789087985.9375477,0.0,0.0,0.0,0.0,0.0,0.0
1789087985.9874961,0.0,0.0,0.0,0.0,0.0,0.0
1789087986.037391,0.0,0.0,0.0,0.0,0.0,0.0
1789087986.087192,0.0,0.0,0.0,0.0,0.0,0.0
1789087986.1373115,0.0,0.0,0.0,0.0,0.0,0.0
1789087986.1875331,0.0,0.0,0.0,0.0,0.0,0.0
1789087986.2375393,0.0,0.0,0.0,0.0,0.0,0.0
1789087986.287426,0.0,0.0,0.0,0.0,0.0,0.0
1789087986.3373053,0.0,0.0,0.0,0.0,0.0,0.0
1789087986.3875835,0.0,0.0,0.0,0.0,0.0,0.0
1789087986.4373384,0.0,0.0,0.0,0.0,0.0,0.0
1789087986.487481,0.0,0.0,0.0,0.0,0.0,0.0
1789087986.5372121,0.0,0.0,0.0,0.0,0.0,0.0
1789087986.587512,0.0,0.0,0.0,0.0,0.0,0.0
1789087986.6372447,0.0,0.0,0.0,0.0,0.0,0.0
1789087986.6872041,0.0,0.0,0.0,0.0,0.0,0.0
1789087986.7373145,0.0,0.0,0.0,0.0,0.0,0.0
1789087986.7873905,0.0,0.0,0.0,0.0,0.0,0.0
1789087986.837538,0.0,0.0,0.0,0.0,0.0,0.0
1789087986.887379,0.0,0.0,0.0,0.0,0.0,0.0
1789087986.9374588,0.0,0.0,0.0,0.0,0.0,0.0
1789087986.9878335,0.0,0.0,0.0,0.0,0.0,0.0
1789087987.0374448,0.0,0.0,0.0,0.0,0.0,0.0
1789087987.0875328,0.0,0.0,0.0,0.0,0.0,0.0
1789087987.1374016,0.0,0.0,0.0,0.0,0.0,0.0
1789087987.18728,0.0,0.0,0.0,0.0,0.0,0.0
1789087987.2373745,0.0,0.0,0.0,0.0,0.0,0.0
1789087987.2874699,0.0,0.0,0.0,0.0,0.0,0.0
1789087987.3376462,0.0,0.0,0.0,0.0,0.0,0.0
1789087987.3875415,0.0,0.0,0.0,0.0,0.0,0.0
1789087987.4372673,0.0,0.0,0.0,0.0,0.0,0.0
1789087987.4874098,0.0,0.0,0.0,0.0,0.0,0.0
1789087987.5373878,0.0,0.0,0.0,0.0,0.0,0.0
1789087987.5874348,0.0,0.0,0.0,0.0,0.0,0.0
1789087987.6375043,0.0,0.0,0.0,0.0,0.0,0.0
1789087987.6873438,0.0,0.0,0.0,0.0,0.0,0.0
1789087987.7373571,0.0,0.0,0.0,0.0,0.0,0.0
1789087987.7871761,0.0,0.0,0.0,0.0,0.0,0.0
1789087987.837246,0.0,0.0,0.0,0.0,0.0,0.0
1789087987.8875408,0.0,0.0,0.0,0.0,0.0,0.0
1789087987.9373486,0.0,0.0,0.0,0.0,0.0,0.0
1789087987.9873226,0.0,0.0,0.0,0.0,0.0,0.0
1789087988.0373359,0.0,0.0,0.0,0.0,0.0,0.0
1789087988.0872846,0.0,0.0,0.0,0.0,0.0,0.0
1789087988.137169,0.0,0.0,0.0,0.0,0.0,0.0
1789087988.1871488,0.0,0.0,0.0,0.0,0.0,0.0
1789087988.240614,0.0,0.0,0.0,0.0,0.0,0.0
1789087988.287504,0.0,0.0,0.0,0.0,0.0,0.0
1789087988.3374677,0.0,0.0,0.0,0.0,0.0,0.0
1789087988.387228,0.0,0.0,0.0,0.0,0.0,0.0
1789087988.437029,0.0,0.0,0.0,0.0,0.0,0.0
1789087988.4872441,0.0,0.0,0.0,0.0,0.0,0.0
1789087988.5372772,0.0,0.0,0.0,0.0,0.0,0.0
1789087988.5872974,0.0,0.0,0.0,0.0,0.0,0.0
1789087988.6370735,0.0,0.0,0.0,0.0,0.0,0.0
1789087988.687405,0.0,0.0,0.0,0.0,0.0,0.0
1789087988.7373855,0.0,0.0,0.0,0.0,0.0,0.0
1789087988.7871873,0.0,0.0,0.0,0.0,0.0,0.0
1789087988.8373895,0.0,0.0,0.0,0.0,0.0,0.0
1789087988.8872406,0.0,0.0,0.0,0.0,0.0,0.0
1789087988.9374604,0.0,0.0,0.0,0.0,0.0,0.0
1789087988.9871652,0.0,0.0,0.0,0.0,0.0,0.0
1789087989.037548,0.0,0.0,0.0,0.0,0.0,0.0
1789087989.0873418,0.0,0.0,0.0,0.0,0.0,0.0
1789087989.1375806,0.0,0.0,0.0,0.0,0.0,0.0
1789087989.1875818,0.0,0.0,0.0,0.0,0.0,0.0
1789087989.2371867,0.0,0.0,0.0,0.0,0.0,0.0
1789087989.2872598,0.0,0.0,0.0,0.0,0.0,0.0
1789087989.341284,0.0,0.0,0.0,0.0,0.0,0.0
1789087989.387301,0.0,0.0,0.0,0.0,0.0,0.0
1789087989.4381757,0.0,0.0,0.0,0.0,0.0,0.0
1789087989.487183,0.0,0.0,0.0,0.0,0.0,0.0
1789087989.5371597,0.0,0.0,0.0,0.0,0.0,0.0
1789087989.5872169,0.0,0.0,0.0,0.0,0.0,0.0
1789087989.6373322,0.0,0.0,0.0,0.0,0.0,0.0
1789087989.6874444,0.0,0.0,0.0,0.0,0.0,0.0
1789087989.7373672,0.0,0.0,0.0,0.0,0.0,0.0
1789087989.787342,0.0,0.0,0.0,0.0,0.0,0.0
1789087989.8395164,0.0,0.0,0.0,0.0,0.0,0.0
1789087989.887465,0.0,0.0,0.0,0.0,0.0,0.0
1789087989.9373043,0.0,0.0,0.0,0.0,0.0,0.0
1789087989.9876387,0.0,0.0,0.0,0.0,0.0,0.0
1789087990.039616,0.0,0.0,0.0,0.0,0.0,0.0
1789087990.0873206,0.0,0.0,0.0,0.0,0.0,0.0
1789087990.1373374,0.0,0.0,0.0,0.0,0.0,0.0
1789087990.187414,0.0,0.0,0.0,0.0,0.0,0.0
1789087990.2375991,0.0,0.0,0.0,0.0,0.0,0.0
1789087990.2871969,0.0,0.0,0.0,0.0,0.0,0.0
1789087990.3402653,0.0,0.0,0.0,0.0,0.0,0.0
1789087990.3873546,0.0,0.0,0.0,0.0,0.0,0.0
1789087990.4372492,0.0,0.0,0.0,0.0,0.0,0.0
1789087990.487312,0.0,0.0,0.0,0.0,0.0,0.0
1789087990.537385,0.0,0.0,0.0,0.0,0.0,0.0
1789087990.587555,0.0,0.0,0.0,0.0,0.0,0.0
1789087990.6372206,0.0,0.0,0.0,0.0,0.0,0.0
1789087990.6876113,0.0,0.0,0.0,0.0,0.0,0.0
1789087990.7376018,0.0,0.0,0.0,0.0,0.0,0.0
1789087990.7875376,0.0,0.0,0.0,0.0,0.0,0.0
1789087990.837592,0.0,0.0,0.0,0.0,0.0,0.0
1789087990.8875382,0.0,0.0,0.0,0.0,0.0,0.0
1789087990.93766,0.0,0.0,0.0,0.0,0.0,0.0
1789087990.9872594,0.0,0.0,0.0,0.0,0.0,0.0
1789087991.0402977,0.0,0.0,0.0,0.0,0.0,0.0
1789087991.0872288,0.0,0.0,0.0,0.0,0.0,0.0
1789087991.1375535,0.0,0.0,0.0,0.0,0.0,0.0
1789087991.187347,0.0,0.0,0.0,0.0,0.0,0.0
1789087991.2374678,0.0,0.0,0.0,0.0,0.0,0.0
1789087991.287198,0.0,0.0,0.0,0.0,0.0,0.0
1789087991.3402936,0.0,0.0,0.0,0.0,0.0,0.0
1789087991.3871365,0.0,0.0,0.0,0.0,0.0,0.0
1789087991.4375067,0.0,0.0,0.0,0.0,0.0,0.0
1789087991.4870358,0.0,0.0,0.0,0.0,0.0,0.0
1789087991.5371675,0.0,0.0,0.0,0.0,0.0,0.0
1789087991.587401,0.0,0.0,0.0,0.0,0.0,0.0
1789087991.6374936,0.0,0.0,0.0,0.0,0.0,0.0
1789087991.687317,0.0,0.0,0.0,0.0,0.0,0.0
1789087991.739033,0.0,0.0,0.0,0.0,0.0,0.0
1789087991.7872026,0.0,0.0,0.0,0.0,0.0,0.0
1789087991.8372645,0.0,0.0,0.0,0.0,0.0,0.0
1789087991.887511,0.0,0.0,0.0,0.0,0.0,0.0
1789087991.9371674,0.0,0.0,0.0,0.0,0.0,0.0
1789087991.987238,0.0,0.0,0.0,0.0,0.0,0.0
1789087992.037405,0.0,0.0,0.0,0.0,0.0,0.0
1789087992.0873563,0.0,0.0,0.0,0.0,0.0,0.0
1789087992.1379578,0.0,0.0,0.0,0.0,0.0,0.0
1789087992.1873288,0.0,0.0,0.0,0.0,0.0,0.0
1789087992.24131,0.0,0.0,0.0,0.0,0.0,0.0
1789087992.2875638,0.0,0.0,0.0,0.0,0.0,0.0
1789087992.3375926,0.0,0.0,0.0,0.0,0.0,0.0
1789087992.3873634,0.0,0.0,0.0,0.0,0.0,0.0
1789087992.437474,0.0,0.0,0.0,0.0,0.0,0.0
1789087992.4873037,0.0,0.0,0.0,0.0,0.0,0.0
1789087992.5373743,0.0,0.0,0.0,0.0,0.0,0.0
1789087992.587418,0.0,0.0,0.0,0.0,0.0,0.0
1789087992.637554,0.0,0.0,0.0,0.0,0.0,0.0
1789087992.687481,0.0,0.0,0.0,0.0,0.0,0.0
1789087992.7373703,0.0,0.0,0.0,0.0,0.0,0.0
1789087992.7872715,0.0,0.0,0.0,0.0,0.0,0.0
1789087992.842188,0.0,0.0,0.0,0.0,0.0,0.0
1789087992.8873506,0.0,0.0,0.0,0.0,0.0,0.0
1789087992.9398553,0.0,0.0,0.0,0.0,0.0,0.0
1789087992.9872172,0.0,0.0,0.0,0.0,0.0,0.0
1789087993.0398452,0.0,0.0,0.0,0.0,0.0,0.0
1789087993.0871613,0.0,0.0,0.0,0.0,0.0,0.0
1789087993.1386168,0.0,0.0,0.0,0.0,0.0,0.0
1789087993.1876907,0.0,0.0,0.0,0.0,0.0,0.0
1789087993.2374206,0.0,0.0,0.0,0.0,0.0,0.0
1789087993.2871695,0.0,0.0,0.0,0.0,0.0,0.0
1789087993.3385873,0.0,0.0,0.0,0.0,0.0,0.0
1789087993.3874793,0.0,0.0,0.0,0.0,0.0,0.0
1789087993.4384975,0.0,0.0,0.0,0.0,0.0,0.0
1789087993.4875207,0.0,0.0,0.0,0.0,0.0,0.0
1789087993.5374963,0.0,0.0,0.0,0.0,0.0,0.0
1789087993.587301,0.0,0.0,0.0,0.0,0.0,0.0
1789087993.6370313,0.0,0.0,0.0,0.0,0.0,0.0
1789087993.6874394,0.0,0.0,0.0,0.0,0.0,0.0
1789087993.7406483,0.0,0.0,0.0,0.0,0.0,0.0
1789087993.7873566,0.0,0.0,0.0,0.0,0.0,0.0
1789087993.83793,0.0,0.0,0.0,0.0,0.0,0.0
1789087993.8872364,0.0,0.0,0.0,0.0,0.0,0.0
1789087993.9375067,0.0,0.0,0.0,0.0,0.0,0.0
1789087993.9872673,0.0,0.0,0.0,0.0,0.0,0.0
1789087994.0373926,0.0,0.0,0.0,0.0,0.0,0.0
1789087994.0874412,0.0,0.0,0.0,0.0,0.0,0.0
1789087994.1420763,0.0,0.0,0.0,0.0,0.0,0.0
1789087994.1876867,0.0,0.0,0.0,0.0,0.0,0.0
1789087994.2379289,0.0,0.0,0.0,0.0,0.0,0.0
1789087994.287043,0.0,0.0,0.0,0.0,0.0,0.0
1789087994.337209,0.0,0.0,0.0,0.0,0.0,0.0
1789087994.387297,0.0,0.0,0.0,0.0,0.0,0.0
1789087994.438613,0.0,0.0,0.0,0.0,0.0,0.0
1789087994.4874585,0.0,0.0,0.0,0.0,0.0,0.0
1789087994.5401394,0.0,0.0,0.0,0.0,0.0,0.0
1789087994.587255,0.0,0.0,0.0,0.0,0.0,0.0
1789087994.6408658,0.0,0.0,0.0,0.0,0.0,0.0
1789087994.6874917,0.0,0.0,0.0,0.0,0.0,0.0
1789087994.741025,0.0,0.0,0.0,0.0,0.0,0.0
1789087994.787395,0.0,0.0,0.0,0.0,0.0,0.0
1789087994.837614,0.0,0.0,0.0,0.0,0.0,0.0
1789087994.8873181,0.0,0.0,0.0,0.0,0.0,0.0
1789087994.94305,0.0,0.0,0.0,0.0,0.0,0.0
1789087994.987453,0.0,0.0,0.0,0.0,0.0,0.0
1789087995.0418575,0.0,0.0,0.0,0.0,0.0,0.0
1789087995.087176,0.0,0.0,0.0,0.0,0.0,0.0
1789087995.1374223,0.0,0.0,0.0,0.0,0.0,0.0
1789087995.187392,0.0,0.0,0.0,0.0,0.0,0.0
1789087995.2372556,0.0,0.0,0.0,0.0,0.0,0.0
1789087995.2874613,0.0,0.0,0.0,0.0,0.0,0.0
1789087995.3375258,0.0,0.0,0.0,0.0,0.0,0.0
1789087995.3876357,0.0,0.0,0.0,0.0,0.0,0.0
1789087995.4373689,0.0,0.0,0.0,0.0,0.0,0.0
1789087995.4871864,0.0,0.0,0.0,0.0,0.0,0.0
1789087995.5371816,0.0,0.0,0.0,0.0,0.0,0.0
1789087995.5872476,0.0,0.0,0.0,0.0,0.0,0.0
1789087995.638631,0.0,0.0,0.0,0.0,0.0,0.0
1789087995.6874497,0.0,0.0,0.0,0.0,0.0,0.0
1789087995.7375238,0.0,0.0,0.0,0.0,0.0,0.0
1789087995.787501,0.0,0.0,0.0,0.0,0.0,0.0
1789087995.8398945,0.0,0.0,0.0,0.0,0.0,0.0
1789087995.8873608,0.0,0.0,0.0,0.0,0.0,0.0
1789087995.9407024,0.0,0.0,0.0,0.0,0.0,0.0
1789087995.9872131,0.0,0.0,0.0,0.0,0.0,0.0
1789087996.040208,0.0,0.0,0.0,0.0,0.0,0.0
1789087996.08741,0.0,0.0,0.0,0.0,0.0,0.0
1789087996.1381385,0.0,0.0,0.0,0.0,0.0,0.0
1789087996.187533,0.0,0.0,0.0,0.0,0.0,0.0
1789087996.241273,0.0,0.0,0.0,0.0,0.0,0.0
1789087996.2874277,0.0,0.0,0.0,0.0,0.0,0.0
1789087996.3413434,0.0,0.0,0.0,0.0,0.0,0.0
1789087996.3871424,0.0,0.0,0.0,0.0,0.0,0.0
1789087996.4409761,0.0,0.0,0.0,0.0,0.0,0.0
1789087996.4871795,0.0,0.0,0.0,0.0,0.0,0.0
1789087996.5406582,0.0,0.0,0.0,0.0,0.0,0.0
1789087996.5871003,0.0,0.0,0.0,0.0,0.0,0.0
1789087996.6423924,0.0,0.0,0.0,0.0,0.0,0.0
1789087996.6874526,0.0,0.0,0.0,0.0,0.0,0.0
1789087996.7425423,0.0,0.0,0.0,0.0,0.0,0.0
1789087996.787256,0.0,0.0,0.0,0.0,0.0,0.0
1789087996.8386295,0.0,0.0,0.0,0.0,0.0,0.0
1789087996.887302,0.0,0.0,0.0,0.0,0.0,0.0
1789087996.941174,0.0,0.0,0.0,0.0,0.0,0.0
1789087996.9876304,0.0,0.0,0.0,0.0,0.0,0.0
1789087997.0381224,0.0,0.0,0.0,0.0,0.0,0.0
1789087997.0873024,0.0,0.0,0.0,0.0,0.0,0.0
1789087997.1380923,0.0,0.0,0.0,0.0,0.0,0.0
1789087997.1875129,0.0,0.0,0.0,0.0,0.0,0.0
1789087997.2392557,0.0,0.0,0.0,0.0,0.0,0.0
1789087997.2871559,0.0,0.0,0.0,0.0,0.0,0.0
1789087997.33889,0.0,0.0,0.0,0.0,0.0,0.0
1789087997.3871524,0.0,0.0,0.0,0.0,0.0,0.0
1789087997.442974,0.0,0.0,0.0,0.0,0.0,0.0
1789087997.487423,0.0,0.0,0.0,0.0,0.0,0.0
1789087997.539658,0.0,0.0,0.0,0.0,0.0,0.0
1789087997.5872312,0.0,0.0,0.0,0.0,0.0,0.0
1789087997.640279,0.0,0.0,0.0,0.0,0.0,0.0
1789087997.687664,0.0,0.0,0.0,0.0,0.0,0.0
1789087997.7372987,0.0,0.0,0.0,0.0,0.0,0.0
1789087997.7871935,0.0,0.0,0.0,0.0,0.0,0.0
1789087997.8396022,0.0,0.0,0.0,0.0,0.0,0.0
1789087997.8872612,0.0,0.0,0.0,0.0,0.0,0.0
1789087997.9371812,0.0,0.0,0.0,0.0,0.0,0.0
1789087997.9871304,0.0,0.0,0.0,0.0,0.0,0.0
1789087998.04093,0.0,0.0,0.0,0.0,0.0,0.0
1789087998.0873573,0.0,0.0,0.0,0.0,0.0,0.0
1789087998.1372876,0.0,0.0,0.0,0.0,0.0,0.0
1789087998.187359,0.0,0.0,0.0,0.0,0.0,0.0
1789087998.2375154,0.0,0.0,0.0,0.0,0.0,0.0
1789087998.2872689,0.0,0.0,0.0,0.0,0.0,0.0
1789087998.3429322,0.0,0.0,0.0,0.0,0.0,0.0
1789087998.3874202,0.0,0.0,0.0,0.0,0.0,0.0
1789087998.4400182,0.0,0.0,0.0,0.0,0.0,0.0
1789087998.487409,0.0,0.0,0.0,0.0,0.0,0.0
1789087998.537451,0.0,0.0,0.0,0.0,0.0,0.0
1789087998.5872893,0.0,0.0,0.0,0.0,0.0,0.0
1789087998.6372015,0.0,0.0,0.0,0.0,0.0,0.0
1789087998.6879468,0.0,0.0,0.0,0.0,0.0,0.0
1789087998.7410471,0.0,0.0,0.0,0.0,0.0,0.0
1789087998.7871838,0.0,0.0,0.0,0.0,0.0,0.0
1789087998.8373888,0.0,0.0,0.0,0.0,0.0,0.0
1789087998.8874722,0.0,0.0,0.0,0.0,0.0,0.0
1789087998.9427378,0.0,0.0,0.0,0.0,0.0,0.0
1789087998.9871647,0.0,0.0,0.0,0.0,0.0,0.0
1789087999.0373163,0.0,0.0,0.0,0.0,0.0,0.0
1789087999.0871065,0.0,0.0,0.0,0.0,0.0,0.0
1789087999.139143,0.0,0.0,0.0,0.0,0.0,0.0
1789087999.187224,0.0,0.0,0.0,0.0,0.0,0.0
1789087999.2408657,0.0,0.0,0.0,0.0,0.0,0.0
1789087999.2872002,0.0,0.0,0.0,0.0,0.0,0.0
1789087999.3420691,0.0,0.0,0.0,0.0,0.0,0.0
1789087999.3873103,0.0,0.0,0.0,0.0,0.0,0.0
1789087999.4375634,0.0,0.0,0.0,0.0,0.0,0.0
1789087999.487423,0.0,0.0,0.0,0.0,0.0,0.0
1789087999.5373414,0.0,0.0,0.0,0.0,0.0,0.0
1789087999.5872803,0.0,0.0,0.0,0.0,0.0,0.0
1789087999.6421354,0.0,0.0,0.0,0.0,0.0,0.0
1789087999.6876836,0.0,0.0,0.0,0.0,0.0,0.0
1789087999.7426436,0.0,0.0,0.0,0.0,0.0,0.0
1789087999.7872515,0.0,0.0,0.0,0.0,0.0,0.0
1789087999.8371465,0.0,0.0,0.0,0.0,0.0,0.0
1789087999.8873656,0.0,0.0,0.0,0.0,0.0,0.0
1789087999.9374416,0.0,0.0,0.0,0.0,0.0,0.0
1789087999.9872682,0.0,0.0,0.0,0.0,0.0,0.0
1789088000.0373845,0.0,0.0,0.0,0.0,0.0,0.0
1789088000.0874653,0.0,0.0,0.0,0.0,0.0,0.0
1789088000.1463015,0.0,0.0,0.0,0.0,0.0,0.0
1789088000.1875124,0.0,0.0,0.0,0.0,0.0,0.0
1789088000.243466,0.0,0.0,0.0,0.0,0.0,0.0
1789088000.2874498,0.0,0.0,0.0,0.0,0.0,0.0
1789088000.3374743,0.0,0.0,0.0,0.0,0.0,0.0
1789088000.3874197,0.0,0.0,0.0,0.0,0.0,0.0
1789088000.43732,0.0,0.0,0.0,0.0,0.0,0.0
1789088000.4874132,0.0,0.0,0.0,0.0,0.0,0.0
1789088000.5373707,0.0,0.0,0.0,0.0,0.0,0.0
1789088000.5877447,0.0,0.0,0.0,0.0,0.0,0.0
1789088000.637267,0.0,0.0,0.0,0.0,0.0,0.0
1789088000.6875613,0.0,0.0,0.0,0.0,0.0,0.0
1789088000.7371292,0.0,0.0,0.0,0.0,0.0,0.0
1789088000.7872984,0.0,0.0,0.0,0.0,0.0,0.0
1789088000.8372045,0.0,0.0,0.0,0.0,0.0,0.0
1789088000.8874702,0.0,0.0,0.0,0.0,0.0,0.0
1789088000.937244,0.0,0.0,0.0,0.0,0.0,0.0
1789088000.987288,0.0,0.0,0.0,0.0,0.0,0.0
1789088001.0371711,0.0,0.0,0.0,0.0,0.0,0.0
1789088001.0871716,0.0,0.0,0.0,0.0,0.0,0.0
1789088001.1374896,0.0,0.0,0.0,0.0,0.0,0.0
1789088001.187239,0.0,0.0,0.0,0.0,0.0,0.0
1789088001.2372458,0.0,0.0,0.0,0.0,0.0,0.0
1789088001.2872434,0.0,0.0,0.0,0.0,0.0,0.0
1789088001.3373075,0.0,0.0,0.0,0.0,0.0,0.0
1789088001.3873334,0.0,0.0,0.0,0.0,0.0,0.0
1789088001.4372413,0.0,0.0,0.0,0.0,0.0,0.0
1789088001.4872677,0.0,0.0,0.0,0.0,0.0,0.0
1789088001.537274,0.0,0.0,0.0,0.0,0.0,0.0
1789088001.5875263,0.0,0.0,0.0,0.0,0.0,0.0
1789088001.6374893,0.0,0.0,0.0,0.0,0.0,0.0
1789088001.687055,0.0,0.0,0.0,0.0,0.0,0.0
1789088001.7373588,0.0,0.0,0.0,0.0,0.0,0.0
1789088001.7871406,0.0,0.0,0.0,0.0,0.0,0.0
1789088001.83782,0.0,0.0,0.0,0.0,0.0,0.0
1789088001.8871994,0.0,0.0,0.0,0.0,0.0,0.0
1789088001.9374077,0.0,0.0,0.0,0.0,0.0,0.0
1789088001.9873672,0.0,0.0,0.0,0.0,0.0,0.0
1789088002.03741,0.0,0.0,0.0,0.0,0.0,0.0
1789088002.0873177,0.0,0.0,0.0,0.0,0.0,0.0
1789088002.1373901,0.0,0.0,0.0,0.0,0.0,0.0
1789088002.1875284,0.0,0.0,0.0,0.0,0.0,0.0
1789088002.2373211,0.0,0.0,0.0,0.0,0.0,0.0
1789088002.28743,0.0,0.0,0.0,0.0,0.0,0.0
1789088002.3373191,0.0,0.0,0.0,0.0,0.0,0.0
1789088002.38731,0.0,0.0,0.0,0.0,0.0,0.0
1789088002.437312,0.0,0.0,0.0,0.0,0.0,0.0
1789088002.4872925,0.0,0.0,0.0,0.0,0.0,0.0
1789088002.53729,0.0,0.0,0.0,0.0,0.0,0.0
1789088002.5874634,0.0,0.0,0.0,0.0,0.0,0.0
1789088002.6373963,0.0,0.0,0.0,0.0,0.0,0.0
1789088002.6872542,0.0,0.0,0.0,0.0,0.0,0.0
1789088002.73732,0.0,0.0,0.0,0.0,0.0,0.0
1789088002.78723,0.0,0.0,0.0,0.0,0.0,0.0
1789088002.837254,0.0,0.0,0.0,0.0,0.0,0.0
1789088002.8874516,0.0,0.0,0.0,0.0,0.0,0.0
1789088002.9374576,0.0,0.0,0.0,0.0,0.0,0.0
1789088002.9873717,0.0,0.0,0.0,0.0,0.0,0.0
1789088003.0374482,0.0,0.0,0.0,0.0,0.0,0.0
1789088003.087162,0.0,0.0,0.0,0.0,0.0,0.0
1789088003.1372094,0.0,0.0,0.0,0.0,0.0,0.0
1789088003.1873825,0.0,0.0,0.0,0.0,0.0,0.0
1789088003.2373528,0.0,0.0,0.0,0.0,0.0,0.0
1789088003.2874417,0.0,0.0,0.0,0.0,0.0,0.0
1789088003.337639,0.0,0.0,0.0,0.0,0.0,0.0
1789088003.3873982,0.0,0.0,0.0,0.0,0.0,0.0
1789088003.4372077,0.0,0.0,0.0,0.0,0.0,0.0
1789088003.4873343,0.0,0.0,0.0,0.0,0.0,0.0
1789088003.5373201,0.0,0.0,0.0,0.0,0.0,0.0
1789088003.5872037,0.0,0.0,0.0,0.0,0.0,0.0
1789088003.6373637,0.0,0.0,0.0,0.0,0.0,0.0
1789088003.6872134,0.0,0.0,0.0,0.0,0.0,0.0
1789088003.7375185,0.0,0.0,0.0,0.0,0.0,0.0
1789088003.787279,0.0,0.0,0.0,0.0,0.0,0.0
1789088003.8373823,0.0,0.0,0.0,0.0,0.0,0.0
1789088003.8874607,0.0,0.0,0.0,0.0,0.0,0.0
1789088003.9374986,0.0,0.0,0.0,0.0,0.0,0.0
1789088003.9872882,0.0,0.0,0.0,0.0,0.0,0.0
1789088004.0372038,0.0,0.0,0.0,0.0,0.0,0.0
1789088004.0873356,0.0,0.0,0.0,0.0,0.0,0.0
1789088004.1375911,0.0,0.0,0.0,0.0,0.0,0.0
1789088004.1872518,0.0,0.0,0.0,0.0,0.0,0.0
1789088004.2374578,0.0,0.0,0.0,0.0,0.0,0.0
1789088004.2873976,0.0,0.0,0.0,0.0,0.0,0.0
1789088004.3374436,0.0,0.0,0.0,0.0,0.0,0.0
1789088004.3872364,0.0,0.0,0.0,0.0,0.0,0.0
1789088004.4374154,0.0,0.0,0.0,0.0,0.0,0.0
1789088004.4873774,0.0,0.0,0.0,0.0,0.0,0.0
1789088004.5373657,0.0,0.0,0.0,0.0,0.0,0.0
1789088004.587251,0.0,0.0,0.0,0.0,0.0,0.0
1789088004.637418,0.0,0.0,0.0,0.0,0.0,0.0
1789088004.6872036,0.0,0.0,0.0,0.0,0.0,0.0
1789088004.7374856,0.0,0.0,0.0,0.0,0.0,0.0
1789088004.7900233,0.0,0.0,0.0,0.0,0.0,0.0
1789088004.837649,0.0,0.0,0.0,0.0,0.0,0.0
1789088004.8872983,0.0,0.0,0.0,0.0,0.0,0.0
1789088004.9376092,0.0,0.0,0.0,0.0,0.0,0.0
1789088004.9874299,0.0,0.0,0.0,0.0,0.0,0.0
1789088005.037568,0.0,0.0,0.0,0.0,0.0,0.0
1789088005.087321,0.0,0.0,0.0,0.0,0.0,0.0
1789088005.1375687,0.0,0.0,0.0,0.0,0.0,0.0
1789088005.187287,0.0,0.0,0.0,0.0,0.0,0.0
1789088005.237233,0.0,0.0,0.0,0.0,0.0,0.0
1789088005.2874148,0.0,0.0,0.0,0.0,0.0,0.0
1789088005.3375957,0.0,0.0,0.0,0.0,0.0,0.0
1789088005.3873818,0.0,0.0,0.0,0.0,0.0,0.0
1789088005.437402,0.0,0.0,0.0,0.0,0.0,0.0
1789088005.4875119,0.0,0.0,0.0,0.0,0.0,0.0
1789088005.537292,0.0,0.0,0.0,0.0,0.0,0.0
1789088005.5871758,0.0,0.0,0.0,0.0,0.0,0.0
1789088005.637461,0.0,0.0,0.0,0.0,0.0,0.0
1789088005.6871748,0.0,0.0,0.0,0.0,0.0,0.0
1789088005.7372613,0.0,0.0,0.0,0.0,0.0,0.0
1789088005.7875345,0.0,0.0,0.0,0.0,0.0,0.0
1789088005.8374217,0.0,0.0,0.0,0.0,0.0,0.0
1789088005.887521,0.0,0.0,0.0,0.0,0.0,0.0
1789088005.9373791,0.0,0.0,0.0,0.0,0.0,0.0
1789088005.987418,0.0,0.0,0.0,0.0,0.0,0.0
1789088006.0371902,0.0,0.0,0.0,0.0,0.0,0.0
1789088006.0873644,0.0,0.0,0.0,0.0,0.0,0.0
1789088006.1373887,0.0,0.0,0.0,0.0,0.0,0.0
1789088006.1874115,0.0,0.0,0.0,0.0,0.0,0.0
1789088006.2373688,0.0,0.0,0.0,0.0,0.0,0.0
1789088006.2872717,0.0,0.0,0.0,0.0,0.0,0.0
1789088006.3374608,0.0,0.0,0.0,0.0,0.0,0.0
1789088006.387159,0.0,0.0,0.0,0.0,0.0,0.0
1789088006.437258,0.0,0.0,0.0,0.0,0.0,0.0
1789088006.4872377,0.0,0.0,0.0,0.0,0.0,0.0
1789088006.5374005,0.0,0.0,0.0,0.0,0.0,0.0
1789088006.5874388,0.0,0.0,0.0,0.0,0.0,0.0
1789088006.6374314,0.0,0.0,0.0,0.0,0.0,0.0
1789088006.687775,0.0,0.0,0.0,0.0,0.0,0.0
1789088006.7371964,0.0,0.0,0.0,0.0,0.0,0.0
1789088006.7871537,0.0,0.0,0.0,0.0,0.0,0.0
1789088006.837441,0.0,0.0,0.0,0.0,0.0,0.0
1789088006.88722,0.0,0.0,0.0,0.0,0.0,0.0
1789088006.937167,0.0,0.0,0.0,0.0,0.0,0.0
1789088006.9872758,0.0,0.0,0.0,0.0,0.0,0.0
1789088007.0371847,0.0,0.0,0.0,0.0,0.0,0.0
1789088007.0871558,0.0,0.0,0.0,0.0,0.0,0.0
1789088007.137475,0.0,0.0,0.0,0.0,0.0,0.0
1789088007.1873364,0.0,0.0,0.0,0.0,0.0,0.0
1789088007.237057,0.0,0.0,0.0,0.0,0.0,0.0
1789088007.2873535,0.0,0.0,0.0,0.0,0.0,0.0
1789088007.3373005,0.0,0.0,0.0,0.0,0.0,0.0
1789088007.3879378,0.0,0.0,0.0,0.0,0.0,0.0
1789088007.4375055,0.0,0.0,0.0,0.0,0.0,0.0
1789088007.4871454,0.0,0.0,0.0,0.0,0.0,0.0
1789088007.5374212,0.0,0.0,0.0,0.0,0.0,0.0
1789088007.5872393,0.0,0.0,0.0,0.0,0.0,0.0
1789088007.6375568,0.0,0.0,0.0,0.0,0.0,0.0
1789088007.687527,0.0,0.0,0.0,0.0,0.0,0.0
1789088007.737437,0.0,0.0,0.0,0.0,0.0,0.0
1789088007.7871907,0.0,0.0,0.0,0.0,0.0,0.0
1789088007.837045,0.0,0.0,0.0,0.0,0.0,0.0
1789088007.887121,0.0,0.0,0.0,0.0,0.0,0.0
1789088007.9372792,0.0,0.0,0.0,0.0,0.0,0.0
1789088007.9872751,0.0,0.0,0.0,0.0,0.0,0.0
1789088008.0373328,0.0,0.0,0.0,0.0,0.0,0.0
1789088008.0872543,0.0,0.0,0.0,0.0,0.0,0.0
1789088008.1372366,0.0,0.0,0.0,0.0,0.0,0.0
1789088008.1873522,0.0,0.0,0.0,0.0,0.0,0.0
1789088008.237359,0.0,0.0,0.0,0.0,0.0,0.0
1789088008.2872953,0.0,0.0,0.0,0.0,0.0,0.0
1789088008.3374207,0.0,0.0,0.0,0.0,0.0,0.0
1789088008.387201,0.0,0.0,0.0,0.0,0.0,0.0
1789088008.4371357,0.0,0.0,0.0,0.0,0.0,0.0
1789088008.4872305,0.0,0.0,0.0,0.0,0.0,0.0
1789088008.5374062,0.0,0.0,0.0,0.0,0.0,0.0
1789088008.5874145,0.0,0.0,0.0,0.0,0.0,0.0
1789088008.6374357,0.0,0.0,0.0,0.0,0.0,0.0
1789088008.6871405,0.0,0.0,0.0,0.0,0.0,0.0
1789088008.7374198,0.0,0.0,0.0,0.0,0.0,0.0
1789088008.78735,0.0,0.0,0.0,0.0,0.0,0.0
1789088008.8373878,0.0,0.0,0.0,0.0,0.0,0.0
1789088008.8873096,0.0,0.0,0.0,0.0,0.0,0.0
1789088008.937508,0.0,0.0,0.0,0.0,0.0,0.0
1789088008.9870672,0.0,0.0,0.0,0.0,0.0,0.0
1789088009.037124,0.0,0.0,0.0,0.0,0.0,0.0
1789088009.0871446,0.0,0.0,0.0,0.0,0.0,0.0
1789088009.1373925,0.0,0.0,0.0,0.0,0.0,0.0
1789088009.187344,0.0,0.0,0.0,0.0,0.0,0.0
1789088009.237447,0.0,0.0,0.0,0.0,0.0,0.0
1789088009.2874773,0.0,0.0,0.0,0.0,0.0,0.0
1789088009.337451,0.0,0.0,0.0,0.0,0.0,0.0
1789088009.38724,0.0,0.0,0.0,0.0,0.0,0.0
1789088009.4373548,0.0,0.0,0.0,0.0,0.0,0.0
1789088009.487389,0.0,0.0,0.0,0.0,0.0,0.0
1789088009.5372715,0.0,0.0,0.0,0.0,0.0,0.0
1789088009.5875242,0.0,0.0,0.0,0.0,0.0,0.0
1789088009.6373355,0.0,0.0,0.0,0.0,0.0,0.0
1789088009.6873345,0.0,0.0,0.0,0.0,0.0,0.0
1789088009.7374144,0.0,0.0,0.0,0.0,0.0,0.0
1789088009.7876263,0.0,0.0,0.0,0.0,0.0,0.0
1789088009.8375645,0.0,0.0,0.0,0.0,0.0,0.0
1789088009.8874452,0.0,0.0,0.0,0.0,0.0,0.0
1789088009.93755,0.0,0.0,0.0,0.0,0.0,0.0
1789088009.9877543,0.0,0.0,0.0,0.0,0.0,0.0
1789088010.0372858,0.0,0.0,0.0,0.0,0.0,0.0
1789088010.087246,0.0,0.0,0.0,0.0,0.0,0.0
1789088010.137269,0.0,0.0,0.0,0.0,0.0,0.0
1789088010.1872156,0.0,0.0,0.0,0.0,0.0,0.0
1789088010.237636,0.0,0.0,0.0,0.0,0.0,0.0
1789088010.287255,0.0,0.0,0.0,0.0,0.0,0.0
1789088010.337397,0.0,0.0,0.0,0.0,0.0,0.0
1789088010.387442,0.0,0.0,0.0,0.0,0.0,0.0
1789088010.4374132,0.0,0.0,0.0,0.0,0.0,0.0
1789088010.4873915,0.0,0.0,0.0,0.0,0.0,0.0
1789088010.5375137,0.0,0.0,0.0,0.0,0.0,0.0
1789088010.5874314,0.0,0.0,0.0,0.0,0.0,0.0
1789088010.6374109,0.0,0.0,0.0,0.0,0.0,0.0
1789088010.6871972,0.0,0.0,0.0,0.0,0.0,0.0
1789088010.737448,0.0,0.0,0.0,0.0,0.0,0.0
1789088010.787234,0.0,0.0,0.0,0.0,0.0,0.0
1789088010.8373625,0.0,0.0,0.0,0.0,0.0,0.0
1789088010.8872738,0.0,0.0,0.0,0.0,0.0,0.0
1789088010.9374745,0.0,0.0,0.0,0.0,0.0,0.0
1789088010.9874053,0.0,0.0,0.0,0.0,0.0,0.0
1789088011.037257,0.0,0.0,0.0,0.0,0.0,0.0
1789088011.088643,0.0,0.0,0.0,0.0,0.0,0.0
1789088011.137255,0.0,0.0,0.0,0.0,0.0,0.0
1789088011.1871493,0.0,0.0,0.0,0.0,0.0,0.0
1789088011.2371993,0.0,0.0,0.0,0.0,0.0,0.0
1789088011.287395,0.0,0.0,0.0,0.0,0.0,0.0
1789088011.3374653,0.0,0.0,0.0,0.0,0.0,0.0
1789088011.3873758,0.0,0.0,0.0,0.0,0.0,0.0
1789088011.4375224,0.0,0.0,0.0,0.0,0.0,0.0
1789088011.4874227,0.0,0.0,0.0,0.0,0.0,0.0
1789088011.537378,0.0,0.0,0.0,0.0,0.0,0.0
1789088011.5886357,0.0,0.0,0.0,0.0,0.0,0.0
1789088011.6376069,0.0,0.0,0.0,0.0,0.0,0.0
1789088011.6873713,0.0,0.0,0.0,0.0,0.0,0.0
1789088011.7375083,0.0,0.0,0.0,0.0,0.0,0.0
1789088011.7873635,0.0,0.0,0.0,0.0,0.0,0.0
1789088011.837416,0.0,0.0,0.0,0.0,0.0,0.0
1789088011.8875556,0.0,0.0,0.0,0.0,0.0,0.0
1789088011.9375918,0.0,0.0,0.0,0.0,0.0,0.0
1789088011.9874332,0.0,0.0,0.0,0.0,0.0,0.0
1789088012.0373473,0.0,0.0,0.0,0.0,0.0,0.0
1789088012.0877125,0.0,0.0,0.0,0.0,0.0,0.0
1789088012.1372194,0.0,0.0,0.0,0.0,0.0,0.0
1789088012.1873724,0.0,0.0,0.0,0.0,0.0,0.0
1789088012.2373195,0.0,0.0,0.0,0.0,0.0,0.0
1789088012.2872205,0.0,0.0,0.0,0.0,0.0,0.0
1789088012.33732,0.0,0.0,0.0,0.0,0.0,0.0
1789088012.387226,0.0,0.0,0.0,0.0,0.0,0.0
1789088012.4372728,0.0,0.0,0.0,0.0,0.0,0.0
1789088012.4872122,0.0,0.0,0.0,0.0,0.0,0.0
1789088012.537162,0.0,0.0,0.0,0.0,0.0,0.0
1789088012.5872912,0.0,0.0,0.0,0.0,0.0,0.0
1789088012.6372,0.0,0.0,0.0,0.0,0.0,0.0
1789088012.6873379,0.0,0.0,0.0,0.0,0.0,0.0
1789088012.7373226,0.0,0.0,0.0,0.0,0.0,0.0
1789088012.7874968,0.0,0.0,0.0,0.0,0.0,0.0
1789088012.8373892,0.0,0.0,0.0,0.0,0.0,0.0
1789088012.8878999,0.0,0.0,0.0,0.0,0.0,0.0
1789088012.937418,0.0,0.0,0.0,0.0,0.0,0.0
1789088012.9874198,0.0,0.0,0.0,0.0,0.0,0.0
1789088013.0373309,0.0,0.0,0.0,0.0,0.0,0.0
1789088013.0871964,0.0,0.0,0.0,0.0,0.0,0.0
1789088013.137027,0.0,0.0,0.0,0.0,0.0,0.0
1789088013.1870525,0.0,0.0,0.0,0.0,0.0,0.0
1789088013.2371416,0.0,0.0,0.0,0.0,0.0,0.0
1789088013.2871265,0.0,0.0,0.0,0.0,0.0,0.0
1789088013.3372455,0.0,0.0,0.0,0.0,0.0,0.0
1789088013.387139,0.0,0.0,0.0,0.0,0.0,0.0
1789088013.437312,0.0,0.0,0.0,0.0,0.0,0.0
1789088013.4872706,0.0,0.0,0.0,0.0,0.0,0.0
1789088013.5374274,0.0,0.0,0.0,0.0,0.0,0.0
1789088013.5880723,0.0,0.0,0.0,0.0,0.0,0.0
1789088013.6375341,0.0,0.0,0.0,0.0,0.0,0.0
1789088013.6893106,0.0,0.0,0.0,0.0,0.0,0.0
1789088013.7373989,0.0,0.0,0.0,0.0,0.0,0.0
1789088013.7895467,0.0,0.0,0.0,0.0,0.0,0.0
1789088013.8372288,0.0,0.0,0.0,0.0,0.0,0.0
1789088013.8872275,0.0,0.0,0.0,0.0,0.0,0.0
1789088013.9374452,0.0,0.0,0.0,0.0,0.0,0.0
1789088013.9872966,0.0,0.0,0.0,0.0,0.0,0.0
1789088014.0374231,0.0,0.0,0.0,0.0,0.0,0.0
1789088014.0873609,0.0,0.0,0.0,0.0,0.0,0.0
1789088014.1375928,0.0,0.0,0.0,0.0,0.0,0.0
1789088014.1872706,0.0,0.0,0.0,0.0,0.0,0.0
1789088014.2372901,0.0,0.0,0.0,0.0,0.0,0.0
1789088014.2873054,0.0,0.0,0.0,0.0,0.0,0.0
1789088014.337497,0.0,0.0,0.0,0.0,0.0,0.0
1789088014.3873992,0.0,0.0,0.0,0.0,0.0,0.0
1789088014.4374774,0.0,0.0,0.0,0.0,0.0,0.0
1789088014.4874654,0.0,0.0,0.0,0.0,0.0,0.0
1789088014.5372877,0.0,0.0,0.0,0.0,0.0,0.0
1789088014.5888007,0.0,0.0,0.0,0.0,0.0,0.0
1789088014.6374376,0.0,0.0,0.0,0.0,0.0,0.0
1789088014.6873543,0.0,0.0,0.0,0.0,0.0,0.0
1789088014.737346,0.0,0.0,0.0,0.0,0.0,0.0
1789088014.787707,0.0,0.0,0.0,0.0,0.0,0.0
1789088014.837346,0.0,0.0,0.0,0.0,0.0,0.0
1789088014.8881605,0.0,0.0,0.0,0.0,0.0,0.0
1789088014.9377375,0.0,0.0,0.0,0.0,0.0,0.0
1789088014.9871695,0.0,0.0,0.0,0.0,0.0,0.0
1789088015.037595,0.0,0.0,0.0,0.0,0.0,0.0
1789088015.0872686,0.0,0.0,0.0,0.0,0.0,0.0
1789088015.1372378,0.0,0.0,0.0,0.0,0.0,0.0
1789088015.1879628,0.0,0.0,0.0,0.0,0.0,0.0
1789088015.2374144,0.0,0.0,0.0,0.0,0.0,0.0
1789088015.2873955,0.0,0.0,0.0,0.0,0.0,0.0
1789088015.337387,0.0,0.0,0.0,0.0,0.0,0.0
1789088015.3880672,0.0,0.0,0.0,0.0,0.0,0.0
1789088015.4371994,0.0,0.0,0.0,0.0,0.0,0.0
1789088015.487707,0.0,0.0,0.0,0.0,0.0,0.0
1789088015.53739,0.0,0.0,0.0,0.0,0.0,0.0
1789088015.5875707,0.0,0.0,0.0,0.0,0.0,0.0
1789088015.6373458,0.0,0.0,0.0,0.0,0.0,0.0
1789088015.6874206,0.0,0.0,0.0,0.0,0.0,0.0
1789088015.737389,0.0,0.0,0.0,0.0,0.0,0.0
1789088015.7874851,0.0,0.0,0.0,0.0,0.0,0.0
1789088015.8374646,0.0,0.0,0.0,0.0,0.0,0.0
1789088015.8882196,0.0,0.0,0.0,0.0,0.0,0.0
1789088015.9375465,0.0,0.0,0.0,0.0,0.0,0.0
1789088015.9896336,0.0,0.0,0.0,0.0,0.0,0.0
1789088016.0373623,0.0,0.0,0.0,0.0,0.0,0.0
1789088016.0876284,0.0,0.0,0.0,0.0,0.0,0.0
1789088016.1374612,0.0,0.0,0.0,0.0,0.0,0.0
1789088016.1872072,0.0,0.0,0.0,0.0,0.0,0.0
1789088016.2371585,0.0,0.0,0.0,0.0,0.0,0.0
1789088016.2894404,0.0,0.0,0.0,0.0,0.0,0.0
1789088016.3371818,0.0,0.0,0.0,0.0,0.0,0.0
1789088016.3872626,0.0,0.0,0.0,0.0,0.0,0.0
1789088016.4371521,0.0,0.0,0.0,0.0,0.0,0.0
1789088016.487304,0.0,0.0,0.0,0.0,0.0,0.0
1789088016.5377102,0.0,0.0,0.0,0.0,0.0,0.0
1789088016.587332,0.0,0.0,0.0,0.0,0.0,0.0
1789088016.6375282,0.0,0.0,0.0,0.0,0.0,0.0
1789088016.689338,0.0,0.0,0.0,0.0,0.0,0.0
1789088016.73763,0.0,0.0,0.0,0.0,0.0,0.0
1789088016.7888787,0.0,0.0,0.0,0.0,0.0,0.0
1789088016.8374727,0.0,0.0,0.0,0.0,0.0,0.0
1789088016.8878827,0.0,0.0,0.0,0.0,0.0,0.0
1789088016.9374137,0.0,0.0,0.0,0.0,0.0,0.0
1789088016.9897637,0.0,0.0,0.0,0.0,0.0,0.0
1789088017.037389,0.0,0.0,0.0,0.0,0.0,0.0
1789088017.087211,0.0,0.0,0.0,0.0,0.0,0.0
1789088017.1373744,0.0,0.0,0.0,0.0,0.0,0.0
1789088017.192299,0.0,0.0,0.0,0.0,0.0,0.0
1789088017.237525,0.0,0.0,0.0,0.0,0.0,0.0
1789088017.2882648,0.0,0.0,0.0,0.0,0.0,0.0
1789088017.3374696,0.0,0.0,0.0,0.0,0.0,0.0
1789088017.3907301,0.0,0.0,0.0,0.0,0.0,0.0
1789088017.4372652,0.0,0.0,0.0,0.0,0.0,0.0
1789088017.4900477,0.0,0.0,0.0,0.0,0.0,0.0
1789088017.5375702,0.0,0.0,0.0,0.0,0.0,0.0
1789088017.5898347,0.0,0.0,0.0,0.0,0.0,0.0
1789088017.6374023,0.0,0.0,0.0,0.0,0.0,0.0
1789088017.6881282,0.0,0.0,0.0,0.0,0.0,0.0
1789088017.7374778,0.0,0.0,0.0,0.0,0.0,0.0
1789088017.787574,0.0,0.0,0.0,0.0,0.0,0.0
1789088017.8373356,0.0,0.0,0.0,0.0,0.0,0.0
1789088017.8874044,0.0,0.0,0.0,0.0,0.0,0.0
1789088017.9373653,0.0,0.0,0.0,0.0,0.0,0.0
1789088017.9888456,0.0,0.0,0.0,0.0,0.0,0.0
1789088018.0373714,0.0,0.0,0.0,0.0,0.0,0.0
1789088018.0872226,0.0,0.0,0.0,0.0,0.0,0.0
1789088018.1376717,0.0,0.0,0.0,0.0,0.0,0.0
1789088018.1904368,0.0,0.0,0.0,0.0,0.0,0.0
1789088018.2372582,0.0,0.0,0.0,0.0,0.0,0.0
1789088018.287682,0.0,0.0,0.0,0.0,0.0,0.0
1789088018.3373172,0.0,0.0,0.0,0.0,0.0,0.0
1789088018.389124,0.0,0.0,0.0,0.0,0.0,0.0
1789088018.4372382,0.0,0.0,0.0,0.0,0.0,0.0
1789088018.4885657,0.0,0.0,0.0,0.0,0.0,0.0
1789088018.537112,0.0,0.0,0.0,0.0,0.0,0.0
1789088018.5912497,0.0,0.0,0.0,0.0,0.0,0.0
1789088018.6372986,0.0,0.0,0.0,0.0,0.0,0.0
1789088018.6912258,0.0,0.0,0.0,0.0,0.0,0.0
1789088018.7374082,0.0,0.0,0.0,0.0,0.0,0.0
1789088018.7904856,0.0,0.0,0.0,0.0,0.0,0.0
1789088018.8374748,0.0,0.0,0.0,0.0,0.0,0.0
1789088018.8891265,0.0,0.0,0.0,0.0,0.0,0.0
1789088018.9374964,0.0,0.0,0.0,0.0,0.0,0.0
1789088018.9888484,0.0,0.0,0.0,0.0,0.0,0.0
1789088019.0374098,0.0,0.0,0.0,0.0,0.0,0.0
1789088019.0889902,0.0,0.0,0.0,0.0,0.0,0.0
1789088019.1371436,0.0,0.0,0.0,0.0,0.0,0.0
1789088019.1928916,0.0,0.0,0.0,0.0,0.0,0.0
1789088019.2372172,0.0,0.0,0.0,0.0,0.0,0.0
1789088019.2934124,0.0,0.0,0.0,0.0,0.0,0.0
1789088019.3374124,0.0,0.0,0.0,0.0,0.0,0.0
1789088019.3889706,0.0,0.0,0.0,0.0,0.0,0.0
1789088019.4372861,0.0,0.0,0.0,0.0,0.0,0.0
1789088019.4881327,0.0,0.0,0.0,0.0,0.0,0.0
1789088019.5372972,0.0,0.0,0.0,0.0,0.0,0.0
1789088019.5891457,0.0,0.0,0.0,0.0,0.0,0.0
1789088019.6373878,0.0,0.0,0.0,0.0,0.0,0.0
1789088019.6892533,0.0,0.0,0.0,0.0,0.0,0.0
1789088019.7372322,0.0,0.0,0.0,0.0,0.0,0.0
1789088019.7879503,0.0,0.0,0.0,0.0,0.0,0.0
1789088019.8372064,0.0,0.0,0.0,0.0,0.0,0.0
1789088019.888315,0.0,0.0,0.0,0.0,0.0,0.0
1789088019.9374142,0.0,0.0,0.0,0.0,0.0,0.0
1789088019.987957,0.0,0.0,0.0,0.0,0.0,0.0
1789088020.0374067,0.0,0.0,0.0,0.0,0.0,0.0
1789088020.0880208,0.0,0.0,0.0,0.0,0.0,0.0
1789088020.1372216,0.0,0.0,0.0,0.0,0.0,0.0
1789088020.1883073,0.0,0.0,0.0,0.0,0.0,0.0
1789088020.2373943,0.0,0.0,0.0,0.0,0.0,0.0
1789088020.2902415,0.0,0.0,0.0,0.0,0.0,0.0
1789088020.3375585,0.0,0.0,0.0,0.0,0.0,0.0
1789088020.3899744,0.0,0.0,0.0,0.0,0.0,0.0
1789088020.4375496,0.0,0.0,0.0,0.0,0.0,0.0
1789088020.4893513,0.0,0.0,0.0,0.0,0.0,0.0
1789088020.5374324,0.0,0.0,0.0,0.0,0.0,0.0
1789088020.5892959,0.0,0.0,0.0,0.0,0.0,0.0
1789088020.6373637,0.0,0.0,0.0,0.0,0.0,0.0
1789088020.6898587,0.0,0.0,0.0,0.0,0.0,0.0
1789088020.7376554,0.0,0.0,0.0,0.0,0.0,0.0
1789088020.787294,0.0,0.0,0.0,0.0,0.0,0.0
1789088020.8375964,0.0,0.0,0.0,0.0,0.0,0.0
1789088020.8884397,0.0,0.0,0.0,0.0,0.0,0.0
1789088020.9374154,0.0,0.0,0.0,0.0,0.0,0.0
1789088020.9909682,0.0,0.0,0.0,0.0,0.0,0.0
1789088021.0372322,0.0,0.0,0.0,0.0,0.0,0.0
1789088021.0873053,0.0,0.0,0.0,0.0,0.0,0.0
1789088021.137349,0.0,0.0,0.0,0.0,0.0,0.0
1789088021.1897175,0.0,0.0,0.0,0.0,0.0,0.0
1789088021.2372773,0.0,0.0,0.0,0.0,0.0,0.0
1789088021.290453,0.0,0.0,0.0,0.0,0.0,0.0
1789088021.3373592,0.0,0.0,0.0,0.0,0.0,0.0
1789088021.3873212,0.0,0.0,0.0,0.0,0.0,0.0
1789088021.4371855,0.0,0.0,0.0,0.0,0.0,0.0
1789088021.490676,0.0,0.0,0.0,0.0,0.0,0.0
1789088021.5371861,0.0,0.0,0.0,0.0,0.0,0.0
1789088021.5894687,0.0,0.0,0.0,0.0,0.0,0.0
1789088021.6373155,0.0,0.0,0.0,0.0,0.0,0.0
1789088021.6901433,0.0,0.0,0.0,0.0,0.0,0.0
1789088021.7376702,0.0,0.0,0.0,0.0,0.0,0.0
1789088021.79325,0.0,0.0,0.0,0.0,0.0,0.0
1789088021.8375187,0.0,0.0,0.0,0.0,0.0,0.0
1789088021.8952978,0.0,0.0,0.0,0.0,0.0,0.0
1789088021.9377673,0.0,0.0,0.0,0.0,0.0,0.0
1789088021.9877157,0.0,0.0,0.0,0.0,0.0,0.0
1789088022.0373018,0.0,0.0,0.0,0.0,0.0,0.0
1789088022.0874758,0.0,0.0,0.0,0.0,0.0,0.0
1789088022.1372163,0.0,0.0,0.0,0.0,0.0,0.0
1789088022.1903808,0.0,0.0,0.0,0.0,0.0,0.0
1789088022.2373626,0.0,0.0,0.0,0.0,0.0,0.0
1789088022.290684,0.0,0.0,0.0,0.0,0.0,0.0
1789088022.3371599,0.0,0.0,0.0,0.0,0.0,0.0
1789088022.3903332,0.0,0.0,0.0,0.0,0.0,0.0
1789088022.4375758,0.0,0.0,0.0,0.0,0.0,0.0
1789088022.4909625,0.0,0.0,0.0,0.0,0.0,0.0
1789088022.5372422,0.0,0.0,0.0,0.0,0.0,0.0
1789088022.5960102,0.0,0.0,0.0,0.0,0.0,0.0
1789088022.6376004,0.0,0.0,0.0,0.0,0.0,0.0
1789088022.693339,0.0,0.0,0.0,0.0,0.0,0.0
1789088022.737774,0.0,0.0,0.0,0.0,0.0,0.0
1789088022.7873785,0.0,0.0,0.0,0.0,0.0,0.0
1789088022.837354,0.0,0.0,0.0,0.0,0.0,0.0
1789088022.890985,0.0,0.0,0.0,0.0,0.0,0.0
1789088022.937368,0.0,0.0,0.0,0.0,0.0,0.0
1789088022.9875016,0.0,0.0,0.0,0.0,0.0,0.0
1789088023.037594,0.0,0.0,0.0,0.0,0.0,0.0
1789088023.0873353,0.0,0.0,0.0,0.0,0.0,0.0
1789088023.137236,0.0,0.0,0.0,0.0,0.0,0.0
1789088023.1875024,0.0,0.0,0.0,0.0,0.0,0.0
1789088023.2372653,0.0,0.0,0.0,0.0,0.0,0.0
1789088023.2909288,0.0,0.0,0.0,0.0,0.0,0.0
1789088023.337409,0.0,0.0,0.0,0.0,0.0,0.0
1789088023.39113,0.0,0.0,0.0,0.0,0.0,0.0
1789088023.4375432,0.0,0.0,0.0,0.0,0.0,0.0
1789088023.4874134,0.0,0.0,0.0,0.0,0.0,0.0
1789088023.5373158,0.0,0.0,0.0,0.0,0.0,0.0
1789088023.5874226,0.0,0.0,0.0,0.0,0.0,0.0
1789088023.6372747,0.0,0.0,0.0,0.0,0.0,0.0
1789088023.687334,0.0,0.0,0.0,0.0,0.0,0.0
1789088023.7372148,0.0,0.0,0.0,0.0,0.0,0.0
1789088023.7882164,0.0,0.0,0.0,0.0,0.0,0.0
1789088023.8373067,0.0,0.0,0.0,0.0,0.0,0.0
1789088023.887315,0.0,0.0,0.0,0.0,0.0,0.0
1789088023.9373178,0.0,0.0,0.0,0.0,0.0,0.0
1789088023.9896193,0.0,0.0,0.0,0.0,0.0,0.0
1789088024.037399,0.0,0.0,0.0,0.0,0.0,0.0
1789088024.0873876,0.0,0.0,0.0,0.0,0.0,0.0
1789088024.1373985,0.0,0.0,0.0,0.0,0.0,0.0
1789088024.1873016,0.0,0.0,0.0,0.0,0.0,0.0
1789088024.2373447,0.0,0.0,0.0,0.0,0.0,0.0
1789088024.2872658,0.0,0.0,0.0,0.0,0.0,0.0
1789088024.3375132,0.0,0.0,0.0,0.0,0.0,0.0
1789088024.3875222,0.0,0.0,0.0,0.0,0.0,0.0
1789088024.4372466,0.0,0.0,0.0,0.0,0.0,0.0
1789088024.4873362,0.0,0.0,0.0,0.0,0.0,0.0
1789088024.537308,0.0,0.0,0.0,0.0,0.0,0.0
1789088024.5874343,0.0,0.0,0.0,0.0,0.0,0.0
1789088024.6372635,0.0,0.0,0.0,0.0,0.0,0.0
1789088024.6873434,0.0,0.0,0.0,0.0,0.0,0.0
1789088024.737561,0.0,0.0,0.0,0.0,0.0,0.0
1789088024.7875094,0.0,0.0,0.0,0.0,0.0,0.0
1789088024.8375137,0.0,0.0,0.0,0.0,0.0,0.0
1789088024.8872914,0.0,0.0,0.0,0.0,0.0,0.0
1789088024.9372954,0.0,0.0,0.0,0.0,0.0,0.0
1789088024.9871542,0.0,0.0,0.0,0.0,0.0,0.0
1789088025.0373297,0.0,0.0,0.0,0.0,0.0,0.0
1789088025.0872378,0.0,0.0,0.0,0.0,0.0,0.0
1789088025.1375074,0.0,0.0,0.0,0.0,0.0,0.0
1789088025.1873317,0.0,0.0,0.0,0.0,0.0,0.0
1789088025.237303,0.0,0.0,0.0,0.0,0.0,0.0
1789088025.2871895,0.0,0.0,0.0,0.0,0.0,0.0
1789088025.3371606,0.0,0.0,0.0,0.0,0.0,0.0
1789088025.3874161,0.0,0.0,0.0,0.0,0.0,0.0
1789088025.437422,0.0,0.0,0.0,0.0,0.0,0.0
1789088025.487613,0.0,0.0,0.0,0.0,0.0,0.0
1789088025.5375054,0.0,0.0,0.0,0.0,0.0,0.0
1789088025.5875664,0.0,0.0,0.0,0.0,0.0,0.0
1789088025.6375284,0.0,0.0,0.0,0.0,0.0,0.0
1789088025.6875467,0.0,0.0,0.0,0.0,0.0,0.0
1789088025.7373092,0.0,0.0,0.0,0.0,0.0,0.0
1789088025.7876234,0.0,0.0,0.0,0.0,0.0,0.0
1789088025.8373764,0.0,0.0,0.0,0.0,0.0,0.0
1789088025.8874102,0.0,0.0,0.0,0.0,0.0,0.0
1789088025.937332,0.0,0.0,0.0,0.0,0.0,0.0
1789088025.9874396,0.0,0.0,0.0,0.0,0.0,0.0
1789088026.0374665,0.0,0.0,0.0,0.0,0.0,0.0
1789088026.0875263,0.0,0.0,0.0,0.0,0.0,0.0
1789088026.1373167,0.0,0.0,0.0,0.0,0.0,0.0
1789088026.1871939,0.0,0.0,0.0,0.0,0.0,0.0
1789088026.2373862,0.0,0.0,0.0,0.0,0.0,0.0
1789088026.2871704,0.0,0.0,0.0,0.0,0.0,0.0
1789088026.3374865,0.0,0.0,0.0,0.0,0.0,0.0
1789088026.3875458,0.0,0.0,0.0,0.0,0.0,0.0
1789088026.4377,0.0,0.0,0.0,0.0,0.0,0.0
1789088026.4873037,0.0,0.0,0.0,0.0,0.0,0.0
1789088026.5372353,0.0,0.0,0.0,0.0,0.0,0.0
1789088026.5873322,0.0,0.0,0.0,0.0,0.0,0.0
1789088026.6374023,0.0,0.0,0.0,0.0,0.0,0.0
1789088026.6875367,0.0,0.0,0.0,0.0,0.0,0.0
1789088026.7372417,0.0,0.0,0.0,0.0,0.0,0.0
1789088026.7873063,0.0,0.0,0.0,0.0,0.0,0.0
1789088026.837412,0.0,0.0,0.0,0.0,0.0,0.0
1789088026.8871968,0.0,0.0,0.0,0.0,0.0,0.0
1789088026.9372585,0.0,0.0,0.0,0.0,0.0,0.0
1789088026.9872844,0.0,0.0,0.0,0.0,0.0,0.0
1789088027.0372884,0.0,0.0,0.0,0.0,0.0,0.0
1789088027.0874295,0.0,0.0,0.0,0.0,0.0,0.0
1789088027.1372528,0.0,0.0,0.0,0.0,0.0,0.0
1789088027.187424,0.0,0.0,0.0,0.0,0.0,0.0
1789088027.2371757,0.0,0.0,0.0,0.0,0.0,0.0
1789088027.2873046,0.0,0.0,0.0,0.0,0.0,0.0
1789088027.3372653,0.0,0.0,0.0,0.0,0.0,0.0
1789088027.387273,0.0,0.0,0.0,0.0,0.0,0.0
1789088027.4371972,0.0,0.0,0.0,0.0,0.0,0.0
1789088027.487095,0.0,0.0,0.0,0.0,0.0,0.0
1789088027.5372777,0.0,0.0,0.0,0.0,0.0,0.0
1789088027.5872858,0.0,0.0,0.0,0.0,0.0,0.0
1789088027.6374376,0.0,0.0,0.0,0.0,0.0,0.0
1789088027.6873708,0.0,0.0,0.0,0.0,0.0,0.0
1789088027.7372415,0.0,0.0,0.0,0.0,0.0,0.0
1789088027.7874773,0.0,0.0,0.0,0.0,0.0,0.0
1789088027.8372831,0.0,0.0,0.0,0.0,0.0,0.0
1789088027.8873696,0.0,0.0,0.0,0.0,0.0,0.0
1789088027.9372165,0.0,0.0,0.0,0.0,0.0,0.0
1789088027.987465,0.0,0.0,0.0,0.0,0.0,0.0
1789088028.037654,0.0,0.0,0.0,0.0,0.0,0.0
1789088028.087182,0.0,0.0,0.0,0.0,0.0,0.0
1789088028.1373792,0.0,0.0,0.0,0.0,0.0,0.0
1789088028.1871665,0.0,0.0,0.0,0.0,0.0,0.0
1789088028.237138,0.0,0.0,0.0,0.0,0.0,0.0
1789088028.2873094,0.0,0.0,0.0,0.0,0.0,0.0
1789088028.3372936,0.0,0.0,0.0,0.0,0.0,0.0
1789088028.3871362,0.0,0.0,0.0,0.0,0.0,0.0
1789088028.4374294,0.0,0.0,0.0,0.0,0.0,0.0
1789088028.4873223,0.0,0.0,0.0,0.0,0.0,0.0
1789088028.5371792,0.0,0.0,0.0,0.0,0.0,0.0
1789088028.5873995,0.0,0.0,0.0,0.0,0.0,0.0
1789088028.6375437,0.0,0.0,0.0,0.0,0.0,0.0
1789088028.6873755,0.0,0.0,0.0,0.0,0.0,0.0
1789088028.737355,0.0,0.0,0.0,0.0,0.0,0.0
1789088028.787214,0.0,0.0,0.0,0.0,0.0,0.0
1789088028.8372085,0.0,0.0,0.0,0.0,0.0,0.0
1789088028.8871918,0.0,0.0,0.0,0.0,0.0,0.0
1789088028.9371889,0.0,0.0,0.0,0.0,0.0,0.0
1789088028.9872332,0.0,0.0,0.0,0.0,0.0,0.0
1789088029.0373547,0.0,0.0,0.0,0.0,0.0,0.0
1789088029.0873818,0.0,0.0,0.0,0.0,0.0,0.0
1789088029.1372783,0.0,0.0,0.0,0.0,0.0,0.0
1789088029.1873045,0.0,0.0,0.0,0.0,0.0,0.0
1789088029.2373095,0.0,0.0,0.0,0.0,0.0,0.0
1789088029.2872338,0.0,0.0,0.0,0.0,0.0,0.0
1789088029.3374023,0.0,0.0,0.0,0.0,0.0,0.0
1789088029.3872354,0.0,0.0,0.0,0.0,0.0,0.0
1789088029.4373357,0.0,0.0,0.0,0.0,0.0,0.0
1789088029.4874961,0.0,0.0,0.0,0.0,0.0,0.0
1789088029.537332,0.0,0.0,0.0,0.0,0.0,0.0
1789088029.5874772,0.0,0.0,0.0,0.0,0.0,0.0
1789088029.6375353,0.0,0.0,0.0,0.0,0.0,0.0
1789088029.687445,0.0,0.0,0.0,0.0,0.0,0.0
1789088029.737455,0.0,0.0,0.0,0.0,0.0,0.0
1789088029.7876537,0.0,0.0,0.0,0.0,0.0,0.0
1789088029.8375368,0.0,0.0,0.0,0.0,0.0,0.0
1789088029.8874526,0.0,0.0,0.0,0.0,0.0,0.0
1789088029.9373817,0.0,0.0,0.0,0.0,0.0,0.0
1789088029.9873176,0.0,0.0,0.0,0.0,0.0,0.0
1789088030.0373707,0.0,0.0,0.0,0.0,0.0,0.0
1789088030.0873456,0.0,0.0,0.0,0.0,0.0,0.0
1789088030.1372805,0.0,0.0,0.0,0.0,0.0,0.0
1789088030.1872349,0.0,0.0,0.0,0.0,0.0,0.0
1789088030.2374666,0.0,0.0,0.0,0.0,0.0,0.0
1789088030.2874818,0.0,0.0,0.0,0.0,0.0,0.0
1789088030.3375375,0.0,0.0,0.0,0.0,0.0,0.0
1789088030.3874729,0.0,0.0,0.0,0.0,0.0,0.0
1789088030.437345,0.0,0.0,0.0,0.0,0.0,0.0
1789088030.4873786,0.0,0.0,0.0,0.0,0.0,0.0
1789088030.5373847,0.0,0.0,0.0,0.0,0.0,0.0
1789088030.5873477,0.0,0.0,0.0,0.0,0.0,0.0
1789088030.6373832,0.0,0.0,0.0,0.0,0.0,0.0
1789088030.6873503,0.0,0.0,0.0,0.0,0.0,0.0
1789088030.737484,0.0,0.0,0.0,0.0,0.0,0.0
1789088030.7874079,0.0,0.0,0.0,0.0,0.0,0.0
1789088030.8372474,0.0,0.0,0.0,0.0,0.0,0.0
1789088030.887522,0.0,0.0,0.0,0.0,0.0,0.0
1789088030.937523,0.0,0.0,0.0,0.0,0.0,0.0
1789088030.987402,0.0,0.0,0.0,0.0,0.0,0.0
1789088031.037162,0.0,0.0,0.0,0.0,0.0,0.0
1789088031.0872374,0.0,0.0,0.0,0.0,0.0,0.0
1789088031.1374493,0.0,0.0,0.0,0.0,0.0,0.0
1789088031.1872277,0.0,0.0,0.0,0.0,0.0,0.0
1789088031.2373576,0.0,0.0,0.0,0.0,0.0,0.0
1789088031.2874594,0.0,0.0,0.0,0.0,0.0,0.0
1789088031.3375936,0.0,0.0,0.0,0.0,0.0,0.0
1789088031.387408,0.0,0.0,0.0,0.0,0.0,0.0
1789088031.437541,0.0,0.0,0.0,0.0,0.0,0.0
1789088031.4874468,0.0,0.0,0.0,0.0,0.0,0.0
1789088031.5377123,0.0,0.0,0.0,0.0,0.0,0.0
1789088031.5873952,0.0,0.0,0.0,0.0,0.0,0.0
1789088031.6375442,0.0,0.0,0.0,0.0,0.0,0.0
1789088031.6875758,0.0,0.0,0.0,0.0,0.0,0.0
1789088031.737469,0.0,0.0,0.0,0.0,0.0,0.0
1789088031.7873104,0.0,0.0,0.0,0.0,0.0,0.0
1789088031.8372073,0.0,0.0,0.0,0.0,0.0,0.0
1789088031.8874245,0.0,0.0,0.0,0.0,0.0,0.0
1789088031.9375336,0.0,0.0,0.0,0.0,0.0,0.0
1789088031.9873662,0.0,0.0,0.0,0.0,0.0,0.0
1789088032.0374644,0.0,0.0,0.0,0.0,0.0,0.0
1789088032.0872872,0.0,0.0,0.0,0.0,0.0,0.0
1789088032.1376455,0.0,0.0,0.0,0.0,0.0,0.0
1789088032.1875005,0.0,0.0,0.0,0.0,0.0,0.0
1789088032.2376423,0.0,0.0,0.0,0.0,0.0,0.0
1789088032.2876441,0.0,0.0,0.0,0.0,0.0,0.0
1789088032.337602,0.0,0.0,0.0,0.0,0.0,0.0
1789088032.3874273,0.0,0.0,0.0,0.0,0.0,0.0
1789088032.437722,0.0,0.0,0.0,0.0,0.0,0.0
1789088032.4875102,0.0,0.0,0.0,0.0,0.0,0.0
1789088032.537673,0.0,0.0,0.0,0.0,0.0,0.0
1789088032.5873346,0.0,0.0,0.0,0.0,0.0,0.0
1789088032.6372373,0.0,0.0,0.0,0.0,0.0,0.0
1789088032.6874516,0.0,0.0,0.0,0.0,0.0,0.0
1789088032.7373998,0.0,0.0,0.0,0.0,0.0,0.0
1789088032.7873306,0.0,0.0,0.0,0.0,0.0,0.0
1789088032.837301,0.0,0.0,0.0,0.0,0.0,0.0
1789088032.887322,0.0,0.0,0.0,0.0,0.0,0.0
1789088032.9374654,0.0,0.0,0.0,0.0,0.0,0.0
1789088032.987199,0.0,0.0,0.0,0.0,0.0,0.0
1789088033.0372396,0.0,0.0,0.0,0.0,0.0,0.0
1789088033.0873587,0.0,0.0,0.0,0.0,0.0,0.0
1789088033.137337,0.0,0.0,0.0,0.0,0.0,0.0
1789088033.1873205,0.0,0.0,0.0,0.0,0.0,0.0
1789088033.23751,0.0,0.0,0.0,0.0,0.0,0.0
1789088033.2873425,0.0,0.0,0.0,0.0,0.0,0.0
1789088033.3375776,0.0,0.0,0.0,0.0,0.0,0.0
1789088033.3875113,0.0,0.0,0.0,0.0,0.0,0.0
1789088033.4376233,0.0,0.0,0.0,0.0,0.0,0.0
1789088033.4873898,0.0,0.0,0.0,0.0,0.0,0.0
1789088033.5371284,0.0,0.0,0.0,0.0,0.0,0.0
1789088033.5875263,0.0,0.0,0.0,0.0,0.0,0.0
1789088033.6377668,0.0,0.0,0.0,0.0,0.0,0.0
1789088033.687349,0.0,0.0,0.0,0.0,0.0,0.0
1789088033.7392101,0.0,0.0,0.0,0.0,0.0,0.0
1789088033.787344,0.0,0.0,0.0,0.0,0.0,0.0
1789088033.8374841,0.0,0.0,0.0,0.0,0.0,0.0
1789088033.887295,0.0,0.0,0.0,0.0,0.0,0.0
1789088033.937373,0.0,0.0,0.0,0.0,0.0,0.0
1789088033.9874945,0.0,0.0,0.0,0.0,0.0,0.0
1789088034.0371656,0.0,0.0,0.0,0.0,0.0,0.0
1789088034.0873842,0.0,0.0,0.0,0.0,0.0,0.0
1789088034.1373675,0.0,0.0,0.0,0.0,0.0,0.0
1789088034.1876163,0.0,0.0,0.0,0.0,0.0,0.0
1789088034.2372637,0.0,0.0,0.0,0.0,0.0,0.0
1789088034.287396,0.0,0.0,0.0,0.0,0.0,0.0
1789088034.3373425,0.0,0.0,0.0,0.0,0.0,0.0
1789088034.3875241,0.0,0.0,0.0,0.0,0.0,0.0
1789088034.4386263,0.0,0.0,0.0,0.0,0.0,0.0
1789088034.4874637,0.0,0.0,0.0,0.0,0.0,0.0
1789088034.5373573,0.0,0.0,0.0,0.0,0.0,0.0
1789088034.5872827,0.0,0.0,0.0,0.0,0.0,0.0
1789088034.6373894,0.0,0.0,0.0,0.0,0.0,0.0
1789088034.6873128,0.0,0.0,0.0,0.0,0.0,0.0
1789088034.7373662,0.0,0.0,0.0,0.0,0.0,0.0
1789088034.787353,0.0,0.0,0.0,0.0,0.0,0.0
1789088034.837657,0.0,0.0,0.0,0.0,0.0,0.0
1789088034.8873396,0.0,0.0,0.0,0.0,0.0,0.0
1789088034.9373643,0.0,0.0,0.0,0.0,0.0,0.0
1789088034.9876895,0.0,0.0,0.0,0.0,0.0,0.0
1789088035.0375555,0.0,0.0,0.0,0.0,0.0,0.0
1789088035.0876877,0.0,0.0,0.0,0.0,0.0,0.0
1789088035.1374798,0.0,0.0,0.0,0.0,0.0,0.0
1789088035.1873126,0.0,0.0,0.0,0.0,0.0,0.0
1789088035.23755,0.0,0.0,0.0,0.0,0.0,0.0
1789088035.2874074,0.0,0.0,0.0,0.0,0.0,0.0
1789088035.3374577,0.0,0.0,0.0,0.0,0.0,0.0
1789088035.3873916,0.0,0.0,0.0,0.0,0.0,0.0
1789088035.4372349,0.0,0.0,0.0,0.0,0.0,0.0
1789088035.4873984,0.0,0.0,0.0,0.0,0.0,0.0
1789088035.5374038,0.0,0.0,0.0,0.0,0.0,0.0
1789088035.5873098,0.0,0.0,0.0,0.0,0.0,0.0
1789088035.6374118,0.0,0.0,0.0,0.0,0.0,0.0
1789088035.687331,0.0,0.0,0.0,0.0,0.0,0.0
1789088035.737267,0.0,0.0,0.0,0.0,0.0,0.0
1789088035.7875874,0.0,0.0,0.0,0.0,0.0,0.0
1789088035.8371894,0.0,0.0,0.0,0.0,0.0,0.0
1789088035.8873606,0.0,0.0,0.0,0.0,0.0,0.0
1789088035.9374204,0.0,0.0,0.0,0.0,0.0,0.0
1789088035.9873157,0.0,0.0,0.0,0.0,0.0,0.0
1789088036.0374572,0.0,0.0,0.0,0.0,0.0,0.0
1789088036.087368,0.0,0.0,0.0,0.0,0.0,0.0
1789088036.1372063,0.0,0.0,0.0,0.0,0.0,0.0
1789088036.187355,0.0,0.0,0.0,0.0,0.0,0.0
1789088036.2373674,0.0,0.0,0.0,0.0,0.0,0.0
1789088036.2875261,0.0,0.0,0.0,0.0,0.0,0.0
1789088036.3373802,0.0,0.0,0.0,0.0,0.0,0.0
1789088036.3874266,0.0,0.0,0.0,0.0,0.0,0.0
1789088036.4374273,0.0,0.0,0.0,0.0,0.0,0.0
1789088036.4873536,0.0,0.0,0.0,0.0,0.0,0.0
1789088036.5391407,0.0,0.0,0.0,0.0,0.0,0.0
1789088036.5876691,0.0,0.0,0.0,0.0,0.0,0.0
1789088036.637361,0.0,0.0,0.0,0.0,0.0,0.0
1789088036.6872182,0.0,0.0,0.0,0.0,0.0,0.0
1789088036.7373455,0.0,0.0,0.0,0.0,0.0,0.0
1789088036.7872314,0.0,0.0,0.0,0.0,0.0,0.0
1789088036.8381526,0.0,0.0,0.0,0.0,0.0,0.0
1789088036.8872638,0.0,0.0,0.0,0.0,0.0,0.0
1789088036.9373674,0.0,0.0,0.0,0.0,0.0,0.0
1789088036.987204,0.0,0.0,0.0,0.0,0.0,0.0
1789088037.0375001,0.0,0.0,0.0,0.0,0.0,0.0
1789088037.0874603,0.0,0.0,0.0,0.0,0.0,0.0
1789088037.1383493,0.0,0.0,0.0,0.0,0.0,0.0
1789088037.187267,0.0,0.0,0.0,0.0,0.0,0.0
1789088037.2372522,0.0,0.0,0.0,0.0,0.0,0.0
1789088037.2872958,0.0,0.0,0.0,0.0,0.0,0.0
1789088037.3433092,0.0,0.0,0.0,0.0,0.0,0.0
1789088037.3874521,0.0,0.0,0.0,0.0,0.0,0.0
1789088037.4374547,0.0,0.0,0.0,0.0,0.0,0.0
1789088037.487564,0.0,0.0,0.0,0.0,0.0,0.0
1789088037.5375144,0.0,0.0,0.0,0.0,0.0,0.0
1789088037.5874143,0.0,0.0,0.0,0.0,0.0,0.0
1789088037.637366,0.0,0.0,0.0,0.0,0.0,0.0
1789088037.6872761,0.0,0.0,0.0,0.0,0.0,0.0
1789088037.737434,0.0,0.0,0.0,0.0,0.0,0.0
1789088037.7874053,0.0,0.0,0.0,0.0,0.0,0.0
1789088037.8372645,0.0,0.0,0.0,0.0,0.0,0.0
1789088037.8874817,0.0,0.0,0.0,0.0,0.0,0.0
1789088037.9380288,0.0,0.0,0.0,0.0,0.0,0.0
1789088037.9872856,0.0,0.0,0.0,0.0,0.0,0.0
1789088038.0377245,0.0,0.0,0.0,0.0,0.0,0.0
1789088038.0871897,0.0,0.0,0.0,0.0,0.0,0.0
1789088038.1371691,0.0,0.0,0.0,0.0,0.0,0.0
1789088038.1872544,0.0,0.0,0.0,0.0,0.0,0.0
1789088038.237382,0.0,0.0,0.0,0.0,0.0,0.0
1789088038.2874367,0.0,0.0,0.0,0.0,0.0,0.0
1789088038.3389196,0.0,0.0,0.0,0.0,0.0,0.0
1789088038.3872766,0.0,0.0,0.0,0.0,0.0,0.0
1789088038.4373293,0.0,0.0,0.0,0.0,0.0,0.0
1789088038.4873118,0.0,0.0,0.0,0.0,0.0,0.0
1789088038.53733,0.0,0.0,0.0,0.0,0.0,0.0
1789088038.5875342,0.0,0.0,0.0,0.0,0.0,0.0
1789088038.641844,0.0,0.0,0.0,0.0,0.0,0.0
1789088038.6884272,0.0,0.0,0.0,0.0,0.0,0.0
1789088038.7378683,0.0,0.0,0.0,0.0,0.0,0.0
1789088038.7873828,0.0,0.0,0.0,0.0,0.0,0.0
1789088038.83914,0.0,0.0,0.0,0.0,0.0,0.0
1789088038.88752,0.0,0.0,0.0,0.0,0.0,0.0
1789088038.9381568,0.0,0.0,0.0,0.0,0.0,0.0
1789088038.9874573,0.0,0.0,0.0,0.0,0.0,0.0
1789088039.0381248,0.0,0.0,0.0,0.0,0.0,0.0
1789088039.0874166,0.0,0.0,0.0,0.0,0.0,0.0
1789088039.1390612,0.0,0.0,0.0,0.0,0.0,0.0
1789088039.1875682,0.0,0.0,0.0,0.0,0.0,0.0
1789088039.2374344,0.0,0.0,0.0,0.0,0.0,0.0
1789088039.287517,0.0,0.0,0.0,0.0,0.0,0.0
1789088039.3377016,0.0,0.0,0.0,0.0,0.0,0.0
1789088039.387279,0.0,0.0,0.0,0.0,0.0,0.0
1789088039.4374144,0.0,0.0,0.0,0.0,0.0,0.0
1789088039.4875193,0.0,0.0,0.0,0.0,0.0,0.0
1789088039.5394025,0.0,0.0,0.0,0.0,0.0,0.0
1789088039.5874844,0.0,0.0,0.0,0.0,0.0,0.0
1789088039.639745,0.0,0.0,0.0,0.0,0.0,0.0
1789088039.687607,0.0,0.0,0.0,0.0,0.0,0.0
1789088039.7372065,0.0,0.0,0.0,0.0,0.0,0.0
1789088039.7875419,0.0,0.0,0.0,0.0,0.0,0.0
1789088039.8377423,0.0,0.0,0.0,0.0,0.0,0.0
1789088039.8875794,0.0,0.0,0.0,0.0,0.0,0.0
1789088039.9376755,0.0,0.0,0.0,0.0,0.0,0.0
1789088039.9874837,0.0,0.0,0.0,0.0,0.0,0.0
1789088040.0373597,0.0,0.0,0.0,0.0,0.0,0.0
1789088040.087564,0.0,0.0,0.0,0.0,0.0,0.0
1789088040.1398978,0.0,0.0,0.0,0.0,0.0,0.0
1789088040.1874967,0.0,0.0,0.0,0.0,0.0,0.0
1789088040.237557,0.0,0.0,0.0,0.0,0.0,0.0
1789088040.2875264,0.0,0.0,0.0,0.0,0.0,0.0
1789088040.3380892,0.0,0.0,0.0,0.0,0.0,0.0
1789088040.3872058,0.0,0.0,0.0,0.0,0.0,0.0
1789088040.4396887,0.0,0.0,0.0,0.0,0.0,0.0
1789088040.487547,0.0,0.0,0.0,0.0,0.0,0.0
1789088040.5384815,0.0,0.0,0.0,0.0,0.0,0.0
1789088040.5872836,0.0,0.0,0.0,0.0,0.0,0.0
1789088040.6374612,0.0,0.0,0.0,0.0,0.0,0.0
1789088040.6873994,0.0,0.0,0.0,0.0,0.0,0.0
1789088040.740882,0.0,0.0,0.0,0.0,0.0,0.0
1789088040.7873406,0.0,0.0,0.0,0.0,0.0,0.0
1789088040.837656,0.0,0.0,0.0,0.0,0.0,0.0
1789088040.8875096,0.0,0.0,0.0,0.0,0.0,0.0
1789088040.942316,0.0,0.0,0.0,0.0,0.0,0.0
1789088040.9875124,0.0,0.0,0.0,0.0,0.0,0.0
1789088041.0396357,0.0,0.0,0.0,0.0,0.0,0.0
1789088041.0872536,0.0,0.0,0.0,0.0,0.0,0.0
1789088041.1378312,0.0,0.0,0.0,0.0,0.0,0.0
1789088041.1871607,0.0,0.0,0.0,0.0,0.0,0.0
1789088041.237247,0.0,0.0,0.0,0.0,0.0,0.0
1789088041.2874324,0.0,0.0,0.0,0.0,0.0,0.0
1789088041.3406672,0.0,0.0,0.0,0.0,0.0,0.0
1789088041.3872755,0.0,0.0,0.0,0.0,0.0,0.0
1789088041.4376078,0.0,0.0,0.0,0.0,0.0,0.0
1789088041.487377,0.0,0.0,0.0,0.0,0.0,0.0
1789088041.5372016,0.0,0.0,0.0,0.0,0.0,0.0
1789088041.5871263,0.0,0.0,0.0,0.0,0.0,0.0
1789088041.6385596,0.0,0.0,0.0,0.0,0.0,0.0
1789088041.68731,0.0,0.0,0.0,0.0,0.0,0.0
1789088041.740036,0.0,0.0,0.0,0.0,0.0,0.0
1789088041.7874596,0.0,0.0,0.0,0.0,0.0,0.0
1789088041.8395588,0.0,0.0,0.0,0.0,0.0,0.0
1789088041.8873463,0.0,0.0,0.0,0.0,0.0,0.0
1789088041.9401028,0.0,0.0,0.0,0.0,0.0,0.0
1789088041.9873545,0.0,0.0,0.0,0.0,0.0,0.0
1789088042.0386124,0.0,0.0,0.0,0.0,0.0,0.0
1789088042.0877106,0.0,0.0,0.0,0.0,0.0,0.0
1789088042.1438208,0.0,0.0,0.0,0.0,0.0,0.0
1789088042.1873205,0.0,0.0,0.0,0.0,0.0,0.0
1789088042.2414103,0.0,0.0,0.0,0.0,0.0,0.0
1789088042.287307,0.0,0.0,0.0,0.0,0.0,0.0
1789088042.339351,0.0,0.0,0.0,0.0,0.0,0.0
1789088042.3876371,0.0,0.0,0.0,0.0,0.0,0.0
1789088042.440917,0.0,0.0,0.0,0.0,0.0,0.0
1789088042.4872115,0.0,0.0,0.0,0.0,0.0,0.0
1789088042.5386424,0.0,0.0,0.0,0.0,0.0,0.0
1789088042.5873573,0.0,0.0,0.0,0.0,0.0,0.0
1789088042.6393483,0.0,0.0,0.0,0.0,0.0,0.0
1789088042.6873317,0.0,0.0,0.0,0.0,0.0,0.0
1789088042.7415178,0.0,0.0,0.0,0.0,0.0,0.0
1789088042.7874603,0.0,0.0,0.0,0.0,0.0,0.0
1789088042.8437972,0.0,0.0,0.0,0.0,0.0,0.0
1789088042.8872359,0.0,0.0,0.0,0.0,0.0,0.0
1789088042.9432385,0.0,0.0,0.0,0.0,0.0,0.0
1789088042.9873614,0.0,0.0,0.0,0.0,0.0,0.0
1789088043.039607,0.0,0.0,0.0,0.0,0.0,0.0
1789088043.0873933,0.0,0.0,0.0,0.0,0.0,0.0
1789088043.1425602,0.0,0.0,0.0,0.0,0.0,0.0
1789088043.1873558,0.0,0.0,0.0,0.0,0.0,0.0
1789088043.2393675,0.0,0.0,0.0,0.0,0.0,0.0
1789088043.2871957,0.0,0.0,0.0,0.0,0.0,0.0
1789088043.3409116,0.0,0.0,0.0,0.0,0.0,0.0
1789088043.3872607,0.0,0.0,0.0,0.0,0.0,0.0
1789088043.4402764,0.0,0.0,0.0,0.0,0.0,0.0
1789088043.4873521,0.0,0.0,0.0,0.0,0.0,0.0
1789088043.5400522,0.0,0.0,0.0,0.0,0.0,0.0
1789088043.587443,0.0,0.0,0.0,0.0,0.0,0.0
1789088043.6409109,0.0,0.0,0.0,0.0,0.0,0.0
1789088043.6871872,0.0,0.0,0.0,0.0,0.0,0.0
1789088043.7397,0.0,0.0,0.0,0.0,0.0,0.0
1789088043.787259,0.0,0.0,0.0,0.0,0.0,0.0
1789088043.8404856,0.0,0.0,0.0,0.0,0.0,0.0
1789088043.8874168,0.0,0.0,0.0,0.0,0.0,0.0
1789088043.9399056,0.0,0.0,0.0,0.0,0.0,0.0
1789088043.987321,0.0,0.0,0.0,0.0,0.0,0.0
1789088044.0405803,0.0,0.0,0.0,0.0,0.0,0.0
1789088044.087212,0.0,0.0,0.0,0.0,0.0,0.0
1789088044.1422212,0.0,0.0,0.0,0.0,0.0,0.0
1789088044.1874025,0.0,0.0,0.0,0.0,0.0,0.0
1789088044.2407029,0.0,0.0,0.0,0.0,0.0,0.0
1789088044.2871723,0.0,0.0,0.0,0.0,0.0,0.0
1789088044.3373463,0.0,0.0,0.0,0.0,0.0,0.0
1789088044.387246,0.0,0.0,0.0,0.0,0.0,0.0
1789088044.4395099,0.0,0.0,0.0,0.0,0.0,0.0
1789088044.4872453,0.0,0.0,0.0,0.0,0.0,0.0
1789088044.5447512,0.0,0.0,0.0,0.0,0.0,0.0
1789088044.587302,0.0,0.0,0.0,0.0,0.0,0.0
1789088044.637532,0.0,0.0,0.0,0.0,0.0,0.0
1789088044.687553,0.0,0.0,0.0,0.0,0.0,0.0
1789088044.7410784,0.0,0.0,0.0,0.0,0.0,0.0
1789088044.7872145,0.0,0.0,0.0,0.0,0.0,0.0
1789088044.840636,0.0,0.0,0.0,0.0,0.0,0.0
1789088044.887215,0.0,0.0,0.0,0.0,0.0,0.0
1789088044.9407299,0.0,0.0,0.0,0.0,0.0,0.0
1789088044.987472,0.0,0.0,0.0,0.0,0.0,0.0
1789088045.0376902,0.0,0.0,0.0,0.0,0.0,0.0
1789088045.0873559,0.0,0.0,0.0,0.0,0.0,0.0
1789088045.1416724,0.0,0.0,0.0,0.0,0.0,0.0
1789088045.1872396,0.0,0.0,0.0,0.0,0.0,0.0
1789088045.2373514,0.0,0.0,0.0,0.0,0.0,0.0
1789088045.28705,0.0,0.0,0.0,0.0,0.0,0.0
1789088045.3422372,0.0,0.0,0.0,0.0,0.0,0.0
1789088045.3875825,0.0,0.0,0.0,0.0,0.0,0.0
1789088045.4392173,0.0,0.0,0.0,0.0,0.0,0.0
1789088045.4875014,0.0,0.0,0.0,0.0,0.0,0.0
1789088045.5376866,0.0,0.0,0.0,0.0,0.0,0.0
1789088045.5873797,0.0,0.0,0.0,0.0,0.0,0.0
1789088045.6396098,0.0,0.0,0.0,0.0,0.0,0.0
1789088045.6873684,0.0,0.0,0.0,0.0,0.0,0.0
1789088045.7374792,0.0,0.0,0.0,0.0,0.0,0.0
1789088045.7874284,0.0,0.0,0.0,0.0,0.0,0.0
1789088045.8401084,0.0,0.0,0.0,0.0,0.0,0.0
1789088045.8873787,0.0,0.0,0.0,0.0,0.0,0.0
1789088045.9375153,0.0,0.0,0.0,0.0,0.0,0.0
1789088045.9872062,0.0,0.0,0.0,0.0,0.0,0.0
1789088046.037371,0.0,0.0,0.0,0.0,0.0,0.0
1789088046.0873113,0.0,0.0,0.0,0.0,0.0,0.0
1789088046.143545,0.0,0.0,0.0,0.0,0.0,0.0
1789088046.1872141,0.0,0.0,0.0,0.0,0.0,0.0
1789088046.2374103,0.0,0.0,0.0,0.0,0.0,0.0
1789088046.2872746,0.0,0.0,0.0,0.0,0.0,0.0
1789088046.337308,0.0,0.0,0.0,0.0,0.0,0.0
1789088046.3874426,0.0,0.0,0.0,0.0,0.0,0.0
1789088046.4371476,0.0,0.0,0.0,0.0,0.0,0.0
1789088046.4872162,0.0,0.0,0.0,0.0,0.0,0.0
1789088046.5371873,0.0,0.0,0.0,0.0,0.0,0.0
1789088046.5875146,0.0,0.0,0.0,0.0,0.0,0.0
1789088046.6373193,0.0,0.0,0.0,0.0,0.0,0.0
1789088046.687497,0.0,0.0,0.0,0.0,0.0,0.0
1789088046.7374177,0.0,0.0,0.0,0.0,0.0,0.0
1789088046.7875009,0.0,0.0,0.0,0.0,0.0,0.0
1789088046.83753,0.0,0.0,0.0,0.0,0.0,0.0
1789088046.8873305,0.0,0.0,0.0,0.0,0.0,0.0
1789088046.9372952,0.0,0.0,0.0,0.0,0.0,0.0
1789088046.9873946,0.0,0.0,0.0,0.0,0.0,0.0
1789088047.0376372,0.0,0.0,0.0,0.0,0.0,0.0
1789088047.0875077,0.0,0.0,0.0,0.0,0.0,0.0
1789088047.1376176,0.0,0.0,0.0,0.0,0.0,0.0
1789088047.187171,0.0,0.0,0.0,0.0,0.0,0.0
1789088047.2373197,0.0,0.0,0.0,0.0,0.0,0.0
1789088047.2872531,0.0,0.0,0.0,0.0,0.0,0.0
1789088047.3372471,0.0,0.0,0.0,0.0,0.0,0.0
1789088047.3871906,0.0,0.0,0.0,0.0,0.0,0.0
1789088047.437202,0.0,0.0,0.0,0.0,0.0,0.0
1789088047.4872224,0.0,0.0,0.0,0.0,0.0,0.0
1789088047.5374444,0.0,0.0,0.0,0.0,0.0,0.0
1789088047.5874653,0.0,0.0,0.0,0.0,0.0,0.0
1789088047.637423,0.0,0.0,0.0,0.0,0.0,0.0
1789088047.6872172,0.0,0.0,0.0,0.0,0.0,0.0
1789088047.7374666,0.0,0.0,0.0,0.0,0.0,0.0
1789088047.7874157,0.0,0.0,0.0,0.0,0.0,0.0
1789088047.8374631,0.0,0.0,0.0,0.0,0.0,0.0
1789088047.8873699,0.0,0.0,0.0,0.0,0.0,0.0
1789088047.937543,0.0,0.0,0.0,0.0,0.0,0.0
1789088047.9874666,0.0,0.0,0.0,0.0,0.0,0.0
1789088048.037486,0.0,0.0,0.0,0.0,0.0,0.0
1789088048.087675,0.0,0.0,0.0,0.0,0.0,0.0
1789088048.1377513,0.0,0.0,0.0,0.0,0.0,0.0
1789088048.1875381,0.0,0.0,0.0,0.0,0.0,0.0
1789088048.2375498,0.0,0.0,0.0,0.0,0.0,0.0
1789088048.2872887,0.0,0.0,0.0,0.0,0.0,0.0
1789088048.3374074,0.0,0.0,0.0,0.0,0.0,0.0
1789088048.3874142,0.0,0.0,0.0,0.0,0.0,0.0
1789088048.437387,0.0,0.0,0.0,0.0,0.0,0.0
1789088048.4874446,0.0,0.0,0.0,0.0,0.0,0.0
1789088048.5372195,0.0,0.0,0.0,0.0,0.0,0.0
1789088048.5873828,0.0,0.0,0.0,0.0,0.0,0.0
1789088048.6374218,0.0,0.0,0.0,0.0,0.0,0.0
1789088048.687237,0.0,0.0,0.0,0.0,0.0,0.0
1789088048.7372682,0.0,0.0,0.0,0.0,0.0,0.0
1789088048.7873976,0.0,0.0,0.0,0.0,0.0,0.0
1789088048.8374252,0.0,0.0,0.0,0.0,0.0,0.0
1789088048.887171,0.0,0.0,0.0,0.0,0.0,0.0
1789088048.9374897,0.0,0.0,0.0,0.0,0.0,0.0
1789088048.9872108,0.0,0.0,0.0,0.0,0.0,0.0
1789088049.0373213,0.0,0.0,0.0,0.0,0.0,0.0
1789088049.0872576,0.0,0.0,0.0,0.0,0.0,0.0
1789088049.137181,0.0,0.0,0.0,0.0,0.0,0.0
1789088049.1872175,0.0,0.0,0.0,0.0,0.0,0.0
1789088049.237259,0.0,0.0,0.0,0.0,0.0,0.0
1789088049.2872748,0.0,0.0,0.0,0.0,0.0,0.0
1789088049.3372881,0.0,0.0,0.0,0.0,0.0,0.0
1789088049.387249,0.0,0.0,0.0,0.0,0.0,0.0
1789088049.4374244,0.0,0.0,0.0,0.0,0.0,0.0
1789088049.4872944,0.0,0.0,0.0,0.0,0.0,0.0
1789088049.537226,0.0,0.0,0.0,0.0,0.0,0.0
1789088049.5873625,0.0,0.0,0.0,0.0,0.0,0.0
1789088049.6371753,0.0,0.0,0.0,0.0,0.0,0.0
1789088049.6873226,0.0,0.0,0.0,0.0,0.0,0.0
1789088049.737441,0.0,0.0,0.0,0.0,0.0,0.0
1789088049.7871814,0.0,0.0,0.0,0.0,0.0,0.0
1789088049.8372939,0.0,0.0,0.0,0.0,0.0,0.0
1789088049.8873084,0.0,0.0,0.0,0.0,0.0,0.0
1789088049.937638,0.0,0.0,0.0,0.0,0.0,0.0
1789088049.9873857,0.0,0.0,0.0,0.0,0.0,0.0
1789088050.0375836,0.0,0.0,0.0,0.0,0.0,0.0
1789088050.087375,0.0,0.0,0.0,0.0,0.0,0.0
1789088050.137298,0.0,0.0,0.0,0.0,0.0,0.0
1789088050.1873672,0.0,0.0,0.0,0.0,0.0,0.0
1789088050.2372684,0.0,0.0,0.0,0.0,0.0,0.0
1789088050.2872322,0.0,0.0,0.0,0.0,0.0,0.0
1789088050.337541,0.0,0.0,0.0,0.0,0.0,0.0
1789088050.3874183,0.0,0.0,0.0,0.0,0.0,0.0
1789088050.4375374,0.0,0.0,0.0,0.0,0.0,0.0
1789088050.4873726,0.0,0.0,0.0,0.0,0.0,0.0
1789088050.5373337,0.0,0.0,0.0,0.0,0.0,0.0
1789088050.587337,0.0,0.0,0.0,0.0,0.0,0.0
1789088050.6376882,0.0,0.0,0.0,0.0,0.0,0.0
1789088050.6872146,0.0,0.0,0.0,0.0,0.0,0.0
1789088050.7375288,0.0,0.0,0.0,0.0,0.0,0.0
1789088050.7871542,0.0,0.0,0.0,0.0,0.0,0.0
1789088050.8374684,0.0,0.0,0.0,0.0,0.0,0.0
1789088050.8873074,0.0,0.0,0.0,0.0,0.0,0.0
1789088050.9375334,0.0,0.0,0.0,0.0,0.0,0.0
1789088050.9874573,0.0,0.0,0.0,0.0,0.0,0.0
1789088051.0373642,0.0,0.0,0.0,0.0,0.0,0.0
1789088051.0874014,0.0,0.0,0.0,0.0,0.0,0.0
1789088051.137319,0.0,0.0,0.0,0.0,0.0,0.0
1789088051.1874409,0.0,0.0,0.0,0.0,0.0,0.0
1789088051.2375293,0.0,0.0,0.0,0.0,0.0,0.0
1789088051.2873085,0.0,0.0,0.0,0.0,0.0,0.0
1789088051.3374712,0.0,0.0,0.0,0.0,0.0,0.0
1789088051.3873987,0.0,0.0,0.0,0.0,0.0,0.0
1789088051.4374743,0.0,0.0,0.0,0.0,0.0,0.0
1789088051.4872627,0.0,0.0,0.0,0.0,0.0,0.0
1789088051.5372045,0.0,0.0,0.0,0.0,0.0,0.0
1789088051.587381,0.0,0.0,0.0,0.0,0.0,0.0
1789088051.6370363,0.0,0.0,0.0,0.0,0.0,0.0
1789088051.687409,0.0,0.0,0.0,0.0,0.0,0.0
1789088051.737445,0.0,0.0,0.0,0.0,0.0,0.0
1789088051.7874615,0.0,0.0,0.0,0.0,0.0,0.0
1789088051.8373208,0.0,0.0,0.0,0.0,0.0,0.0
1789088051.8873396,0.0,0.0,0.0,0.0,0.0,0.0
1789088051.9374883,0.0,0.0,0.0,0.0,0.0,0.0
1789088051.987507,0.0,0.0,0.0,0.0,0.0,0.0
1789088052.0374691,0.0,0.0,0.0,0.0,0.0,0.0
1789088052.087038,0.0,0.0,0.0,0.0,0.0,0.0
1789088052.1374247,0.0,0.0,0.0,0.0,0.0,0.0
1789088052.1873617,0.0,0.0,0.0,0.0,0.0,0.0
1789088052.2373679,0.0,0.0,0.0,0.0,0.0,0.0
1789088052.2874465,0.0,0.0,0.0,0.0,0.0,0.0
1789088052.3373325,0.0,0.0,0.0,0.0,0.0,0.0
1789088052.387446,0.0,0.0,0.0,0.0,0.0,0.0
1789088052.4373574,0.0,0.0,0.0,0.0,0.0,0.0
1789088052.4870858,0.0,0.0,0.0,0.0,0.0,0.0
1789088052.537235,0.0,0.0,0.0,0.0,0.0,0.0
1789088052.5875053,0.0,0.0,0.0,0.0,0.0,0.0
1789088052.6373868,0.0,0.0,0.0,0.0,0.0,0.0
1789088052.6874733,0.0,0.0,0.0,0.0,0.0,0.0
1789088052.737474,0.0,0.0,0.0,0.0,0.0,0.0
1789088052.7874389,0.0,0.0,0.0,0.0,0.0,0.0
1789088052.8373144,0.0,0.0,0.0,0.0,0.0,0.0
1789088052.887359,0.0,0.0,0.0,0.0,0.0,0.0
1789088052.9372442,0.0,0.0,0.0,0.0,0.0,0.0
1789088052.987424,0.0,0.0,0.0,0.0,0.0,0.0
1789088053.0375447,0.0,0.0,0.0,0.0,0.0,0.0
1789088053.0874043,0.0,0.0,0.0,0.0,0.0,0.0
1789088053.1372962,0.0,0.0,0.0,0.0,0.0,0.0
1789088053.1873481,0.0,0.0,0.0,0.0,0.0,0.0
1789088053.2373514,0.0,0.0,0.0,0.0,0.0,0.0
1789088053.2872229,0.0,0.0,0.0,0.0,0.0,0.0
1789088053.3373747,0.0,0.0,0.0,0.0,0.0,0.0
1789088053.387504,0.0,0.0,0.0,0.0,0.0,0.0
1789088053.4374764,0.0,0.0,0.0,0.0,0.0,0.0
1789088053.4875302,0.0,0.0,0.0,0.0,0.0,0.0
1789088053.5373738,0.0,0.0,0.0,0.0,0.0,0.0
1789088053.5874872,0.0,0.0,0.0,0.0,0.0,0.0
1789088053.637451,0.0,0.0,0.0,0.0,0.0,0.0
1789088053.6874788,0.0,0.0,0.0,0.0,0.0,0.0
1789088053.7373824,0.0,0.0,0.0,0.0,0.0,0.0
1789088053.7873294,0.0,0.0,0.0,0.0,0.0,0.0
1789088053.8374913,0.0,0.0,0.0,0.0,0.0,0.0
1789088053.8871517,0.0,0.0,0.0,0.0,0.0,0.0
1789088053.9374833,0.0,0.0,0.0,0.0,0.0,0.0
1789088053.9871635,0.0,0.0,0.0,0.0,0.0,0.0
1789088054.0375395,0.0,0.0,0.0,0.0,0.0,0.0
1789088054.087337,0.0,0.0,0.0,0.0,0.0,0.0
1789088054.137668,0.0,0.0,0.0,0.0,0.0,0.0
1789088054.1872838,0.0,0.0,0.0,0.0,0.0,0.0
1789088054.2373557,0.0,0.0,0.0,0.0,0.0,0.0
1789088054.2873015,0.0,0.0,0.0,0.0,0.0,0.0
1789088054.3376327,0.0,0.0,0.0,0.0,0.0,0.0
1789088054.3873768,0.0,0.0,0.0,0.0,0.0,0.0
1789088054.437379,0.0,0.0,0.0,0.0,0.0,0.0
1789088054.4873319,0.0,0.0,0.0,0.0,0.0,0.0
1789088054.5374708,0.0,0.0,0.0,0.0,0.0,0.0
1789088054.587319,0.0,0.0,0.0,0.0,0.0,0.0
1789088054.6376297,0.0,0.0,0.0,0.0,0.0,0.0
1789088054.6875794,0.0,0.0,0.0,0.0,0.0,0.0
1789088054.7375453,0.0,0.0,0.0,0.0,0.0,0.0
1789088054.7874844,0.0,0.0,0.0,0.0,0.0,0.0
1789088054.8373291,0.0,0.0,0.0,0.0,0.0,0.0
1789088054.8873334,0.0,0.0,0.0,0.0,0.0,0.0
1789088054.937356,0.0,0.0,0.0,0.0,0.0,0.0
1789088054.9873557,0.0,0.0,0.0,0.0,0.0,0.0
1789088055.0373394,0.0,0.0,0.0,0.0,0.0,0.0
1789088055.0871089,0.0,0.0,0.0,0.0,0.0,0.0
1789088055.1374094,0.0,0.0,0.0,0.0,0.0,0.0
1789088055.1872873,0.0,0.0,0.0,0.0,0.0,0.0
1789088055.237619,0.0,0.0,0.0,0.0,0.0,0.0
1789088055.2872498,0.0,0.0,0.0,0.0,0.0,0.0
1789088055.337218,0.0,0.0,0.0,0.0,0.0,0.0
1789088055.387198,0.0,0.0,0.0,0.0,0.0,0.0
1789088055.4374807,0.0,0.0,0.0,0.0,0.0,0.0
1789088055.4873838,0.0,0.0,0.0,0.0,0.0,0.0
1789088055.537649,0.0,0.0,0.0,0.0,0.0,0.0
1789088055.5872967,0.0,0.0,0.0,0.0,0.0,0.0
1789088055.6373727,0.0,0.0,0.0,0.0,0.0,0.0
1789088055.6873474,0.0,0.0,0.0,0.0,0.0,0.0
1789088055.7373989,0.0,0.0,0.0,0.0,0.0,0.0
1789088055.7873688,0.0,0.0,0.0,0.0,0.0,0.0
1789088055.8375072,0.0,0.0,0.0,0.0,0.0,0.0
1789088055.887478,0.0,0.0,0.0,0.0,0.0,0.0
1789088055.937596,0.0,0.0,0.0,0.0,0.0,0.0
1789088055.9872165,0.0,0.0,0.0,0.0,0.0,0.0
1789088056.037284,0.0,0.0,0.0,0.0,0.0,0.0
1789088056.0916991,0.0,0.0,0.0,0.0,0.0,0.0
1789088056.137455,0.0,0.0,0.0,0.0,0.0,0.0
1789088056.187148,0.0,0.0,0.0,0.0,0.0,0.0
1789088056.237401,0.0,0.0,0.0,0.0,0.0,0.0
1789088056.287457,0.0,0.0,0.0,0.0,0.0,0.0
1789088056.3377504,0.0,0.0,0.0,0.0,0.0,0.0
1789088056.3873436,0.0,0.0,0.0,0.0,0.0,0.0
1789088056.437181,0.0,0.0,0.0,0.0,0.0,0.0
1789088056.4872825,0.0,0.0,0.0,0.0,0.0,0.0
1789088056.537313,0.0,0.0,0.0,0.0,0.0,0.0
1789088056.587309,0.0,0.0,0.0,0.0,0.0,0.0
1789088056.637581,0.0,0.0,0.0,0.0,0.0,0.0
1789088056.6871965,0.0,0.0,0.0,0.0,0.0,0.0
1789088056.737618,0.0,0.0,0.0,0.0,0.0,0.0
1789088056.7886996,0.0,0.0,0.0,0.0,0.0,0.0
1789088056.8372655,0.0,0.0,0.0,0.0,0.0,0.0
1789088056.8873732,0.0,0.0,0.0,0.0,0.0,0.0
1789088056.9374506,0.0,0.0,0.0,0.0,0.0,0.0
1789088056.9871905,0.0,0.0,0.0,0.0,0.0,0.0
1789088057.0376687,0.0,0.0,0.0,0.0,0.0,0.0
1789088057.0876613,0.0,0.0,0.0,0.0,0.0,0.0
1789088057.1375852,0.0,0.0,0.0,0.0,0.0,0.0
1789088057.187306,0.0,0.0,0.0,0.0,0.0,0.0
1789088057.2373888,0.0,0.0,0.0,0.0,0.0,0.0
1789088057.2870443,0.0,0.0,0.0,0.0,0.0,0.0
1789088057.3371084,0.0,0.0,0.0,0.0,0.0,0.0
1789088057.3872159,0.0,0.0,0.0,0.0,0.0,0.0
1789088057.437411,0.0,0.0,0.0,0.0,0.0,0.0
1789088057.4875107,0.0,0.0,0.0,0.0,0.0,0.0
1789088057.5375116,0.0,0.0,0.0,0.0,0.0,0.0
1789088057.5873938,0.0,0.0,0.0,0.0,0.0,0.0
1789088057.6374907,0.0,0.0,0.0,0.0,0.0,0.0
1789088057.687357,0.0,0.0,0.0,0.0,0.0,0.0
1789088057.7373857,0.0,0.0,0.0,0.0,0.0,0.0
1789088057.7872787,0.0,0.0,0.0,0.0,0.0,0.0
1789088057.837408,0.0,0.0,0.0,0.0,0.0,0.0
1789088057.8875268,0.0,0.0,0.0,0.0,0.0,0.0
1789088057.9375181,0.0,0.0,0.0,0.0,0.0,0.0
1789088057.987205,0.0,0.0,0.0,0.0,0.0,0.0
1789088058.0374677,0.0,0.0,0.0,0.0,0.0,0.0
1789088058.0874612,0.0,0.0,0.0,0.0,0.0,0.0
1789088058.137082,0.0,0.0,0.0,0.0,0.0,0.0
1789088058.1870992,0.0,0.0,0.0,0.0,0.0,0.0
1789088058.237234,0.0,0.0,0.0,0.0,0.0,0.0
1789088058.2873616,0.0,0.0,0.0,0.0,0.0,0.0
1789088058.3372936,0.0,0.0,0.0,0.0,0.0,0.0
1789088058.3874435,0.0,0.0,0.0,0.0,0.0,0.0
1789088058.4374425,0.0,0.0,0.0,0.0,0.0,0.0
1789088058.487344,0.0,0.0,0.0,0.0,0.0,0.0
1789088058.5372534,0.0,0.0,0.0,0.0,0.0,0.0
1789088058.5873964,0.0,0.0,0.0,0.0,0.0,0.0
1789088058.6373887,0.0,0.0,0.0,0.0,0.0,0.0
1789088058.6873295,0.0,0.0,0.0,0.0,0.0,0.0
1789088058.737189,0.0,0.0,0.0,0.0,0.0,0.0
1789088058.7883093,0.0,0.0,0.0,0.0,0.0,0.0
1789088058.8371613,0.0,0.0,0.0,0.0,0.0,0.0
1789088058.8874493,0.0,0.0,0.0,0.0,0.0,0.0
1789088058.9374206,0.0,0.0,0.0,0.0,0.0,0.0
1789088058.9884222,0.0,0.0,0.0,0.0,0.0,0.0
1789088059.037433,0.0,0.0,0.0,0.0,0.0,0.0
1789088059.0882416,0.0,0.0,0.0,0.0,0.0,0.0
1789088059.1373112,0.0,0.0,0.0,0.0,0.0,0.0
1789088059.1873934,0.0,0.0,0.0,0.0,0.0,0.0
1789088059.23728,0.0,0.0,0.0,0.0,0.0,0.0
1789088059.28836,0.0,0.0,0.0,0.0,0.0,0.0
1789088059.3374522,0.0,0.0,0.0,0.0,0.0,0.0
1789088059.3873754,0.0,0.0,0.0,0.0,0.0,0.0
1789088059.4373565,0.0,0.0,0.0,0.0,0.0,0.0
1789088059.48735,0.0,0.0,0.0,0.0,0.0,0.0
1789088059.5374043,0.0,0.0,0.0,0.0,0.0,0.0
1789088059.587175,0.0,0.0,0.0,0.0,0.0,0.0
1789088059.63731,0.0,0.0,0.0,0.0,0.0,0.0
1789088059.6873333,0.0,0.0,0.0,0.0,0.0,0.0
1789088059.7374039,0.0,0.0,0.0,0.0,0.0,0.0
1789088059.7875152,0.0,0.0,0.0,0.0,0.0,0.0
1789088059.8374412,0.0,0.0,0.0,0.0,0.0,0.0
1789088059.887458,0.0,0.0,0.0,0.0,0.0,0.0
1789088059.9375312,0.0,0.0,0.0,0.0,0.0,0.0
1789088059.9892628,0.0,0.0,0.0,0.0,0.0,0.0
1789088060.03749,0.0,0.0,0.0,0.0,0.0,0.0
1789088060.0920825,0.0,0.0,0.0,0.0,0.0,0.0
1789088060.1375477,0.0,0.0,0.0,0.0,0.0,0.0
1789088060.1881046,0.0,0.0,0.0,0.0,0.0,0.0
1789088060.2376359,0.0,0.0,0.0,0.0,0.0,0.0
1789088060.2880876,0.0,0.0,0.0,0.0,0.0,0.0
1789088060.3373494,0.0,0.0,0.0,0.0,0.0,0.0
1789088060.387271,0.0,0.0,0.0,0.0,0.0,0.0
1789088060.4375055,0.0,0.0,0.0,0.0,0.0,0.0
1789088060.4878488,0.0,0.0,0.0,0.0,0.0,0.0
1789088060.5373726,0.0,0.0,0.0,0.0,0.0,0.0
1789088060.5878446,0.0,0.0,0.0,0.0,0.0,0.0
1789088060.6373038,0.0,0.0,0.0,0.0,0.0,0.0
1789088060.687233,0.0,0.0,0.0,0.0,0.0,0.0
1789088060.7374876,0.0,0.0,0.0,0.0,0.0,0.0
1789088060.7879808,0.0,0.0,0.0,0.0,0.0,0.0
1789088060.8374305,0.0,0.0,0.0,0.0,0.0,0.0
1789088060.8886888,0.0,0.0,0.0,0.0,0.0,0.0
1789088060.9376235,0.0,0.0,0.0,0.0,0.0,0.0
1789088060.9908414,0.0,0.0,0.0,0.0,0.0,0.0
1789088061.0376348,0.0,0.0,0.0,0.0,0.0,0.0
1789088061.0873718,0.0,0.0,0.0,0.0,0.0,0.0
1789088061.137571,0.0,0.0,0.0,0.0,0.0,0.0
1789088061.1874602,0.0,0.0,0.0,0.0,0.0,0.0
1789088061.2374637,0.0,0.0,0.0,0.0,0.0,0.0
1789088061.2877135,0.0,0.0,0.0,0.0,0.0,0.0
1789088061.3376217,0.0,0.0,0.0,0.0,0.0,0.0
1789088061.3900776,0.0,0.0,0.0,0.0,0.0,0.0
1789088061.4375122,0.0,0.0,0.0,0.0,0.0,0.0
1789088061.4887125,0.0,0.0,0.0,0.0,0.0,0.0
1789088061.5373626,0.0,0.0,0.0,0.0,0.0,0.0
1789088061.587103,0.0,0.0,0.0,0.0,0.0,0.0
1789088061.6372604,0.0,0.0,0.0,0.0,0.0,0.0
1789088061.6907752,0.0,0.0,0.0,0.0,0.0,0.0
1789088061.7371655,0.0,0.0,0.0,0.0,0.0,0.0
1789088061.7874022,0.0,0.0,0.0,0.0,0.0,0.0
1789088061.8373,0.0,0.0,0.0,0.0,0.0,0.0
1789088061.8879614,0.0,0.0,0.0,0.0,0.0,0.0
1789088061.937504,0.0,0.0,0.0,0.0,0.0,0.0
1789088061.9872558,0.0,0.0,0.0,0.0,0.0,0.0
1789088062.0373962,0.0,0.0,0.0,0.0,0.0,0.0
1789088062.087271,0.0,0.0,0.0,0.0,0.0,0.0
1789088062.1373096,0.0,0.0,0.0,0.0,0.0,0.0
1789088062.18721,0.0,0.0,0.0,0.0,0.0,0.0
1789088062.2373097,0.0,0.0,0.0,0.0,0.0,0.0
1789088062.2873833,0.0,0.0,0.0,0.0,0.0,0.0
1789088062.3375654,0.0,0.0,0.0,0.0,0.0,0.0
1789088062.3879757,0.0,0.0,0.0,0.0,0.0,0.0
1789088062.437656,0.0,0.0,0.0,0.0,0.0,0.0
1789088062.4875863,0.0,0.0,0.0,0.0,0.0,0.0
1789088062.53739,0.0,0.0,0.0,0.0,0.0,0.0
1789088062.5872915,0.0,0.0,0.0,0.0,0.0,0.0
1789088062.6373506,0.0,0.0,0.0,0.0,0.0,0.0
1789088062.6891072,0.0,0.0,0.0,0.0,0.0,0.0
1789088062.7379684,0.0,0.0,0.0,0.0,0.0,0.0
1789088062.787633,0.0,0.0,0.0,0.0,0.0,0.0
1789088062.8376272,0.0,0.0,0.0,0.0,0.0,0.0
1789088062.8907936,0.0,0.0,0.0,0.0,0.0,0.0
1789088062.937315,0.0,0.0,0.0,0.0,0.0,0.0
1789088062.9905026,0.0,0.0,0.0,0.0,0.0,0.0
1789088063.0374384,0.0,0.0,0.0,0.0,0.0,0.0
1789088063.0893397,0.0,0.0,0.0,0.0,0.0,0.0
1789088063.1373382,0.0,0.0,0.0,0.0,0.0,0.0
1789088063.1886415,0.0,0.0,0.0,0.0,0.0,0.0
1789088063.2375834,0.0,0.0,0.0,0.0,0.0,0.0
1789088063.2878838,0.0,0.0,0.0,0.0,0.0,0.0
1789088063.3373806,0.0,0.0,0.0,0.0,0.0,0.0
1789088063.3875291,0.0,0.0,0.0,0.0,0.0,0.0
1789088063.4372485,0.0,0.0,0.0,0.0,0.0,0.0
1789088063.4886084,0.0,0.0,0.0,0.0,0.0,0.0
1789088063.5375593,0.0,0.0,0.0,0.0,0.0,0.0
1789088063.5911481,0.0,0.0,0.0,0.0,0.0,0.0
1789088063.6375694,0.0,0.0,0.0,0.0,0.0,0.0
1789088063.689663,0.0,0.0,0.0,0.0,0.0,0.0
1789088063.7374952,0.0,0.0,0.0,0.0,0.0,0.0
1789088063.787753,0.0,0.0,0.0,0.0,0.0,0.0
1789088063.837462,0.0,0.0,0.0,0.0,0.0,0.0
1789088063.889186,0.0,0.0,0.0,0.0,0.0,0.0
1789088063.937308,0.0,0.0,0.0,0.0,0.0,0.0
1789088063.988017,0.0,0.0,0.0,0.0,0.0,0.0
1789088064.0376039,0.0,0.0,0.0,0.0,0.0,0.0
1789088064.0882533,0.0,0.0,0.0,0.0,0.0,0.0
1789088064.1375391,0.0,0.0,0.0,0.0,0.0,0.0
1789088064.1873505,0.0,0.0,0.0,0.0,0.0,0.0
1789088064.2373338,0.0,0.0,0.0,0.0,0.0,0.0
1789088064.2878036,0.0,0.0,0.0,0.0,0.0,0.0
1789088064.337444,0.0,0.0,0.0,0.0,0.0,0.0
1789088064.3882875,0.0,0.0,0.0,0.0,0.0,0.0
1789088064.4373868,0.0,0.0,0.0,0.0,0.0,0.0
1789088064.49193,0.0,0.0,0.0,0.0,0.0,0.0
1789088064.5373442,0.0,0.0,0.0,0.0,0.0,0.0
1789088064.5886636,0.0,0.0,0.0,0.0,0.0,0.0
1789088064.6376302,0.0,0.0,0.0,0.0,0.0,0.0
1789088064.6889656,0.0,0.0,0.0,0.0,0.0,0.0
1789088064.7373939,0.0,0.0,0.0,0.0,0.0,0.0
1789088064.7890904,0.0,0.0,0.0,0.0,0.0,0.0
1789088064.8375885,0.0,0.0,0.0,0.0,0.0,0.0
1789088064.8875473,0.0,0.0,0.0,0.0,0.0,0.0
1789088064.937627,0.0,0.0,0.0,0.0,0.0,0.0
1789088064.9898121,0.0,0.0,0.0,0.0,0.0,0.0
1789088065.0374727,0.0,0.0,0.0,0.0,0.0,0.0
1789088065.0906694,0.0,0.0,0.0,0.0,0.0,0.0
1789088065.1374779,0.0,0.0,0.0,0.0,0.0,0.0
1789088065.1883907,0.0,0.0,0.0,0.0,0.0,0.0
1789088065.2374506,0.0,0.0,0.0,0.0,0.0,0.0
1789088065.2903955,0.0,0.0,0.0,0.0,0.0,0.0
1789088065.3374066,0.0,0.0,0.0,0.0,0.0,0.0
1789088065.3891819,0.0,0.0,0.0,0.0,0.0,0.0
1789088065.4372942,0.0,0.0,0.0,0.0,0.0,0.0
1789088065.4914324,0.0,0.0,0.0,0.0,0.0,0.0
1789088065.537218,0.0,0.0,0.0,0.0,0.0,0.0
1789088065.5903385,0.0,0.0,0.0,0.0,0.0,0.0
1789088065.6371403,0.0,0.0,0.0,0.0,0.0,0.0
1789088065.691713,0.0,0.0,0.0,0.0,0.0,0.0
1789088065.7373867,0.0,0.0,0.0,0.0,0.0,0.0
1789088065.7952683,0.0,0.0,0.0,0.0,0.0,0.0
1789088065.8374567,0.0,0.0,0.0,0.0,0.0,0.0
1789088065.888884,0.0,0.0,0.0,0.0,0.0,0.0
1789088065.9373896,0.0,0.0,0.0,0.0,0.0,0.0
1789088065.987354,0.0,0.0,0.0,0.0,0.0,0.0
1789088066.0374992,0.0,0.0,0.0,0.0,0.0,0.0
1789088066.0897517,0.0,0.0,0.0,0.0,0.0,0.0
1789088066.1374302,0.0,0.0,0.0,0.0,0.0,0.0
1789088066.1907668,0.0,0.0,0.0,0.0,0.0,0.0
1789088066.2373195,0.0,0.0,0.0,0.0,0.0,0.0
1789088066.2876782,0.0,0.0,0.0,0.0,0.0,0.0
1789088066.3373764,0.0,0.0,0.0,0.0,0.0,0.0
1789088066.3911328,0.0,0.0,0.0,0.0,0.0,0.0
1789088066.437466,0.0,0.0,0.0,0.0,0.0,0.0
1789088066.4877033,0.0,0.0,0.0,0.0,0.0,0.0
1789088066.5373528,0.0,0.0,0.0,0.0,0.0,0.0
1789088066.589921,0.0,0.0,0.0,0.0,0.0,0.0
1789088066.6375039,0.0,0.0,0.0,0.0,0.0,0.0
1789088066.6884625,0.0,0.0,0.0,0.0,0.0,0.0
1789088066.7373075,0.0,0.0,0.0,0.0,0.0,0.0
1789088066.789549,0.0,0.0,0.0,0.0,0.0,0.0
1789088066.8372452,0.0,0.0,0.0,0.0,0.0,0.0
1789088066.8907232,0.0,0.0,0.0,0.0,0.0,0.0
1789088066.9370613,0.0,0.0,0.0,0.0,0.0,0.0
1789088066.9884923,0.0,0.0,0.0,0.0,0.0,0.0
1789088067.0370667,0.0,0.0,0.0,0.0,0.0,0.0
1789088067.0932405,0.0,0.0,0.0,0.0,0.0,0.0
1789088067.1373632,0.0,0.0,0.0,0.0,0.0,0.0
1789088067.1891623,0.0,0.0,0.0,0.0,0.0,0.0
1789088067.2373796,0.0,0.0,0.0,0.0,0.0,0.0
1789088067.2898026,0.0,0.0,0.0,0.0,0.0,0.0
1789088067.3374584,0.0,0.0,0.0,0.0,0.0,0.0
1789088067.3893123,0.0,0.0,0.0,0.0,0.0,0.0
1789088067.4372537,0.0,0.0,0.0,0.0,0.0,0.0
1789088067.4896474,0.0,0.0,0.0,0.0,0.0,0.0
1789088067.537429,0.0,0.0,0.0,0.0,0.0,0.0
1789088067.5885966,0.0,0.0,0.0,0.0,0.0,0.0
1789088067.637148,0.0,0.0,0.0,0.0,0.0,0.0
1789088067.6875792,0.0,0.0,0.0,0.0,0.0,0.0
1789088067.7374575,0.0,0.0,0.0,0.0,0.0,0.0
1789088067.7883918,0.0,0.0,0.0,0.0,0.0,0.0
1789088067.8372107,0.0,0.0,0.0,0.0,0.0,0.0
1789088067.8873649,0.0,0.0,0.0,0.0,0.0,0.0
1789088067.9374754,0.0,0.0,0.0,0.0,0.0,0.0
1789088067.9921856,0.0,0.0,0.0,0.0,0.0,0.0
1789088068.0374417,0.0,0.0,0.0,0.0,0.0,0.0
1789088068.089422,0.0,0.0,0.0,0.0,0.0,0.0
1789088068.1373172,0.0,0.0,0.0,0.0,0.0,0.0
1789088068.1900933,0.0,0.0,0.0,0.0,0.0,0.0
1789088068.2374759,0.0,0.0,0.0,0.0,0.0,0.0
1789088068.2901635,0.0,0.0,0.0,0.0,0.0,0.0
1789088068.3375242,0.0,0.0,0.0,0.0,0.0,0.0
1789088068.3909385,0.0,0.0,0.0,0.0,0.0,0.0
1789088068.4375844,0.0,0.0,0.0,0.0,0.0,0.0
1789088068.4911048,0.0,0.0,0.0,0.0,0.0,0.0
1789088068.5375357,0.0,0.0,0.0,0.0,0.0,0.0
1789088068.587608,0.0,0.0,0.0,0.0,0.0,0.0
1789088068.6376104,0.0,0.0,0.0,0.0,0.0,0.0
1789088068.6876779,0.0,0.0,0.0,0.0,0.0,0.0
1789088068.7375631,0.0,0.0,0.0,0.0,0.0,0.0
1789088068.7874532,0.0,0.0,0.0,0.0,0.0,0.0
1789088068.8373382,0.0,0.0,0.0,0.0,0.0,0.0
1789088068.8918567,0.0,0.0,0.0,0.0,0.0,0.0
1789088068.9377065,0.0,0.0,0.0,0.0,0.0,0.0
1789088068.987527,0.0,0.0,0.0,0.0,0.0,0.0
1789088069.037448,0.0,0.0,0.0,0.0,0.0,0.0
1789088069.087274,0.0,0.0,0.0,0.0,0.0,0.0
1789088069.1371615,0.0,0.0,0.0,0.0,0.0,0.0
1789088069.1875446,0.0,0.0,0.0,0.0,0.0,0.0
1789088069.2372925,0.0,0.0,0.0,0.0,0.0,0.0
1789088069.290697,0.0,0.0,0.0,0.0,0.0,0.0
1789088069.337468,0.0,0.0,0.0,0.0,0.0,0.0
1789088069.3874018,0.0,0.0,0.0,0.0,0.0,0.0
1789088069.437539,0.0,0.0,0.0,0.0,0.0,0.0
1789088069.4873755,0.0,0.0,0.0,0.0,0.0,0.0
1789088069.5373118,0.0,0.0,0.0,0.0,0.0,0.0
1789088069.5930023,0.0,0.0,0.0,0.0,0.0,0.0
1789088069.637417,0.0,0.0,0.0,0.0,0.0,0.0
1789088069.6907606,0.0,0.0,0.0,0.0,0.0,0.0
1789088069.7374525,0.0,0.0,0.0,0.0,0.0,0.0
1789088069.7950118,0.0,0.0,0.0,0.0,0.0,0.0
1789088069.8374953,0.0,0.0,0.0,0.0,0.0,0.0
1789088069.8876045,0.0,0.0,0.0,0.0,0.0,0.0
1789088069.9376464,0.0,0.0,0.0,0.0,0.0,0.0
1789088069.9873073,0.0,0.0,0.0,0.0,0.0,0.0
1789088070.0375059,0.0,0.0,0.0,0.0,0.0,0.0
1789088070.0873613,0.0,0.0,0.0,0.0,0.0,0.0
1789088070.1377058,0.0,0.0,0.0,0.0,0.0,0.0
1789088070.1874418,0.0,0.0,0.0,0.0,0.0,0.0
1789088070.2374506,0.0,0.0,0.0,0.0,0.0,0.0
1789088070.287573,0.0,0.0,0.0,0.0,0.0,0.0
1789088070.337432,0.0,0.0,0.0,0.0,0.0,0.0
1789088070.3874347,0.0,0.0,0.0,0.0,0.0,0.0
1789088070.4375691,0.0,0.0,0.0,0.0,0.0,0.0
1789088070.487371,0.0,0.0,0.0,0.0,0.0,0.0
1789088070.5373545,0.0,0.0,0.0,0.0,0.0,0.0
1789088070.5875118,0.0,0.0,0.0,0.0,0.0,0.0
1789088070.6372833,0.0,0.0,0.0,0.0,0.0,0.0
1789088070.6874626,0.0,0.0,0.0,0.0,0.0,0.0
1789088070.7372723,0.0,0.0,0.0,0.0,0.0,0.0
1789088070.7872822,0.0,0.0,0.0,0.0,0.0,0.0
1789088070.837483,0.0,0.0,0.0,0.0,0.0,0.0
1789088070.8873014,0.0,0.0,0.0,0.0,0.0,0.0
1789088070.9372785,0.0,0.0,0.0,0.0,0.0,0.0
1789088070.9878516,0.0,0.0,0.0,0.0,0.0,0.0
1789088071.0373755,0.0,0.0,0.0,0.0,0.0,0.0
1789088071.0872061,0.0,0.0,0.0,0.0,0.0,0.0
1789088071.1371443,0.0,0.0,0.0,0.0,0.0,0.0
1789088071.1872387,0.0,0.0,0.0,0.0,0.0,0.0
1789088071.2371871,0.0,0.0,0.0,0.0,0.0,0.0
1789088071.2875924,0.0,0.0,0.0,0.0,0.0,0.0
1789088071.3376043,0.0,0.0,0.0,0.0,0.0,0.0
1789088071.3876004,0.0,0.0,0.0,0.0,0.0,0.0
1789088071.437473,0.0,0.0,0.0,0.0,0.0,0.0
1789088071.4874492,0.0,0.0,0.0,0.0,0.0,0.0
1789088071.5372598,0.0,0.0,0.0,0.0,0.0,0.0
1789088071.5876575,0.0,0.0,0.0,0.0,0.0,0.0
1789088071.6373055,0.0,0.0,0.0,0.0,0.0,0.0
1789088071.6871822,0.0,0.0,0.0,0.0,0.0,0.0
1789088071.7374408,0.0,0.0,0.0,0.0,0.0,0.0
1789088071.7873757,0.0,0.0,0.0,0.0,0.0,0.0
1789088071.8373754,0.0,0.0,0.0,0.0,0.0,0.0
1789088071.8871608,0.0,0.0,0.0,0.0,0.0,0.0
1789088071.9370298,0.0,0.0,0.0,0.0,0.0,0.0
1789088071.987279,0.0,0.0,0.0,0.0,0.0,0.0
1789088072.0375707,0.0,0.0,0.0,0.0,0.0,0.0
1789088072.087288,0.0,0.0,0.0,0.0,0.0,0.0
1789088072.1373558,0.0,0.0,0.0,0.0,0.0,0.0
1789088072.1874473,0.0,0.0,0.0,0.0,0.0,0.0
1789088072.2375298,0.0,0.0,0.0,0.0,0.0,0.0
1789088072.2874415,0.0,0.0,0.0,0.0,0.0,0.0
1789088072.337387,0.0,0.0,0.0,0.0,0.0,0.0
1789088072.3874078,0.0,0.0,0.0,0.0,0.0,0.0
1789088072.4375014,0.0,0.0,0.0,0.0,0.0,0.0
1789088072.4872897,0.0,0.0,0.0,0.0,0.0,0.0
1789088072.5371501,0.0,0.0,0.0,0.0,0.0,0.0
1789088072.5871933,0.0,0.0,0.0,0.0,0.0,0.0
1789088072.6373072,0.0,0.0,0.0,0.0,0.0,0.0
1789088072.6872957,0.0,0.0,0.0,0.0,0.0,0.0
1789088072.7372684,0.0,0.0,0.0,0.0,0.0,0.0
1789088072.787341,0.0,0.0,0.0,0.0,0.0,0.0
1789088072.8372362,0.0,0.0,0.0,0.0,0.0,0.0
1789088072.887278,0.0,0.0,0.0,0.0,0.0,0.0
1789088072.9370909,0.0,0.0,0.0,0.0,0.0,0.0
1789088072.987444,0.0,0.0,0.0,0.0,0.0,0.0
1789088073.0371845,0.0,0.0,0.0,0.0,0.0,0.0
1789088073.0873652,0.0,0.0,0.0,0.0,0.0,0.0
1789088073.1373959,0.0,0.0,0.0,0.0,0.0,0.0
1789088073.1875331,0.0,0.0,0.0,0.0,0.0,0.0
1789088073.2373152,0.0,0.0,0.0,0.0,0.0,0.0
1789088073.2875447,0.0,0.0,0.0,0.0,0.0,0.0
1789088073.3373365,0.0,0.0,0.0,0.0,0.0,0.0
1789088073.387336,0.0,0.0,0.0,0.0,0.0,0.0
1789088073.4375067,0.0,0.0,0.0,0.0,0.0,0.0
1789088073.487368,0.0,0.0,0.0,0.0,0.0,0.0
1789088073.5373504,0.0,0.0,0.0,0.0,0.0,0.0
1789088073.5873172,0.0,0.0,0.0,0.0,0.0,0.0
1789088073.6374536,0.0,0.0,0.0,0.0,0.0,0.0
1789088073.687596,0.0,0.0,0.0,0.0,0.0,0.0
1789088073.7373517,0.0,0.0,0.0,0.0,0.0,0.0
1789088073.787481,0.0,0.0,0.0,0.0,0.0,0.0
1789088073.8374858,0.0,0.0,0.0,0.0,0.0,0.0
1789088073.8875659,0.0,0.0,0.0,0.0,0.0,0.0
1789088073.9375236,0.0,0.0,0.0,0.0,0.0,0.0
1789088073.9875245,0.0,0.0,0.0,0.0,0.0,0.0
1789088074.0375001,0.0,0.0,0.0,0.0,0.0,0.0
1789088074.087127,0.0,0.0,0.0,0.0,0.0,0.0
1789088074.1372929,0.0,0.0,0.0,0.0,0.0,0.0
1789088074.1876287,0.0,0.0,0.0,0.0,0.0,0.0
1789088074.2374558,0.0,0.0,0.0,0.0,0.0,0.0
1789088074.2875402,0.0,0.0,0.0,0.0,0.0,0.0
1789088074.3373842,0.0,0.0,0.0,0.0,0.0,0.0
1789088074.3875117,0.0,0.0,0.0,0.0,0.0,0.0
1789088074.4373662,0.0,0.0,0.0,0.0,0.0,0.0
1789088074.4873908,0.0,0.0,0.0,0.0,0.0,0.0
1789088074.5374398,0.0,0.0,0.0,0.0,0.0,0.0
1789088074.58745,0.0,0.0,0.0,0.0,0.0,0.0
1789088074.6375413,0.0,0.0,0.0,0.0,0.0,0.0
1789088074.6875033,0.0,0.0,0.0,0.0,0.0,0.0
1789088074.7376125,0.0,0.0,0.0,0.0,0.0,0.0
1789088074.787647,0.0,0.0,0.0,0.0,0.0,0.0
1789088074.8373988,0.0,0.0,0.0,0.0,0.0,0.0
1789088074.8875685,0.0,0.0,0.0,0.0,0.0,0.0
1789088074.9372976,0.0,0.0,0.0,0.0,0.0,0.0
1789088074.9872355,0.0,0.0,0.0,0.0,0.0,0.0
1789088075.0373473,0.0,0.0,0.0,0.0,0.0,0.0
1789088075.0871098,0.0,0.0,0.0,0.0,0.0,0.0
1789088075.1370776,0.0,0.0,0.0,0.0,0.0,0.0
1789088075.1872604,0.0,0.0,0.0,0.0,0.0,0.0
1789088075.2371783,0.0,0.0,0.0,0.0,0.0,0.0
1789088075.2874222,0.0,0.0,0.0,0.0,0.0,0.0
1789088075.3373678,0.0,0.0,0.0,0.0,0.0,0.0
1789088075.387419,0.0,0.0,0.0,0.0,0.0,0.0
1789088075.4375262,0.0,0.0,0.0,0.0,0.0,0.0
1789088075.4872875,0.0,0.0,0.0,0.0,0.0,0.0
1789088075.53745,0.0,0.0,0.0,0.0,0.0,0.0
1789088075.5871758,0.0,0.0,0.0,0.0,0.0,0.0
1789088075.6370742,0.0,0.0,0.0,0.0,0.0,0.0
1789088075.6871948,0.0,0.0,0.0,0.0,0.0,0.0
1789088075.737155,0.0,0.0,0.0,0.0,0.0,0.0
1789088075.7873845,0.0,0.0,0.0,0.0,0.0,0.0
1789088075.8373015,0.0,0.0,0.0,0.0,0.0,0.0
1789088075.8872273,0.0,0.0,0.0,0.0,0.0,0.0
1789088075.937434,0.0,0.0,0.0,0.0,0.0,0.0
1789088075.9871578,0.0,0.0,0.0,0.0,0.0,0.0
1789088076.0374377,0.0,0.0,0.0,0.0,0.0,0.0
1789088076.0872283,0.0,0.0,0.0,0.0,0.0,0.0
1789088076.1374545,0.0,0.0,0.0,0.0,0.0,0.0
1789088076.1872156,0.0,0.0,0.0,0.0,0.0,0.0
1789088076.2371907,0.0,0.0,0.0,0.0,0.0,0.0
1789088076.2871604,0.0,0.0,0.0,0.0,0.0,0.0
1789088076.3375294,0.0,0.0,0.0,0.0,0.0,0.0
1789088076.3871412,0.0,0.0,0.0,0.0,0.0,0.0
1789088076.437249,0.0,0.0,0.0,0.0,0.0,0.0
1789088076.4871736,0.0,0.0,0.0,0.0,0.0,0.0
1789088076.53733,0.0,0.0,0.0,0.0,0.0,0.0
1789088076.5871654,0.0,0.0,0.0,0.0,0.0,0.0
1789088076.6374834,0.0,0.0,0.0,0.0,0.0,0.0
1789088076.6874585,0.0,0.0,0.0,0.0,0.0,0.0
1789088076.7371707,0.0,0.0,0.0,0.0,0.0,0.0
1789088076.78735,0.0,0.0,0.0,0.0,0.0,0.0
1789088076.8373039,0.0,0.0,0.0,0.0,0.0,0.0
1789088076.8875606,0.0,0.0,0.0,0.0,0.0,0.0
1789088076.9373574,0.0,0.0,0.0,0.0,0.0,0.0
1789088076.987564,0.0,0.0,0.0,0.0,0.0,0.0
1789088077.0374472,0.0,0.0,0.0,0.0,0.0,0.0
1789088077.0873866,0.0,0.0,0.0,0.0,0.0,0.0
1789088077.137279,0.0,0.0,0.0,0.0,0.0,0.0
1789088077.187349,0.0,0.0,0.0,0.0,0.0,0.0
1789088077.2372787,0.0,0.0,0.0,0.0,0.0,0.0
1789088077.287359,0.0,0.0,0.0,0.0,0.0,0.0
1789088077.3373823,0.0,0.0,0.0,0.0,0.0,0.0
1789088077.3874211,0.0,0.0,0.0,0.0,0.0,0.0
1789088077.4372804,0.0,0.0,0.0,0.0,0.0,0.0
1789088077.4874506,0.0,0.0,0.0,0.0,0.0,0.0
1789088077.5372736,0.0,0.0,0.0,0.0,0.0,0.0
1789088077.587503,0.0,0.0,0.0,0.0,0.0,0.0
1789088077.6373308,0.0,0.0,0.0,0.0,0.0,0.0
1789088077.6875772,0.0,0.0,0.0,0.0,0.0,0.0
1789088077.737382,0.0,0.0,0.0,0.0,0.0,0.0
1789088077.7874253,0.0,0.0,0.0,0.0,0.0,0.0
1789088077.8373315,0.0,0.0,0.0,0.0,0.0,0.0
1789088077.887477,0.0,0.0,0.0,0.0,0.0,0.0
1789088077.9373603,0.0,0.0,0.0,0.0,0.0,0.0
1789088077.98729,0.0,0.0,0.0,0.0,0.0,0.0
1789088078.0373256,0.0,0.0,0.0,0.0,0.0,0.0
1789088078.0872867,0.0,0.0,0.0,0.0,0.0,0.0
1789088078.1372664,0.0,0.0,0.0,0.0,0.0,0.0
1789088078.1873438,0.0,0.0,0.0,0.0,0.0,0.0
1789088078.2374454,0.0,0.0,0.0,0.0,0.0,0.0
1789088078.287298,0.0,0.0,0.0,0.0,0.0,0.0
1789088078.337185,0.0,0.0,0.0,0.0,0.0,0.0
1789088078.3873634,0.0,0.0,0.0,0.0,0.0,0.0
1789088078.4373841,0.0,0.0,0.0,0.0,0.0,0.0
1789088078.487287,0.0,0.0,0.0,0.0,0.0,0.0
1789088078.5372784,0.0,0.0,0.0,0.0,0.0,0.0
1789088078.587339,0.0,0.0,0.0,0.0,0.0,0.0
1789088078.6373308,0.0,0.0,0.0,0.0,0.0,0.0
1789088078.687474,0.0,0.0,0.0,0.0,0.0,0.0
1789088078.7373612,0.0,0.0,0.0,0.0,0.0,0.0
1789088078.7872875,0.0,0.0,0.0,0.0,0.0,0.0
1789088078.837625,0.0,0.0,0.0,0.0,0.0,0.0
1789088078.887432,0.0,0.0,0.0,0.0,0.0,0.0
1789088078.9374795,0.0,0.0,0.0,0.0,0.0,0.0
1789088078.9873056,0.0,0.0,0.0,0.0,0.0,0.0
1789088079.0374556,0.0,0.0,0.0,0.0,0.0,0.0
1789088079.087118,0.0,0.0,0.0,0.0,0.0,0.0
1789088079.137422,0.0,0.0,0.0,0.0,0.0,0.0
1789088079.1872993,0.0,0.0,0.0,0.0,0.0,0.0
1789088079.2371578,0.0,0.0,0.0,0.0,0.0,0.0
1789088079.2871761,0.0,0.0,0.0,0.0,0.0,0.0
1789088079.3372076,0.0,0.0,0.0,0.0,0.0,0.0
1789088079.3873746,0.0,0.0,0.0,0.0,0.0,0.0
1789088079.4371588,0.0,0.0,0.0,0.0,0.0,0.0
1789088079.4874134,0.0,0.0,0.0,0.0,0.0,0.0
1789088079.5372658,0.0,0.0,0.0,0.0,0.0,0.0
1789088079.5876565,0.0,0.0,0.0,0.0,0.0,0.0
1789088079.637445,0.0,0.0,0.0,0.0,0.0,0.0
1789088079.6871083,0.0,0.0,0.0,0.0,0.0,0.0
1789088079.737545,0.0,0.0,0.0,0.0,0.0,0.0
1789088079.7875102,0.0,0.0,0.0,0.0,0.0,0.0
1789088079.837344,0.0,0.0,0.0,0.0,0.0,0.0
1789088079.8871496,0.0,0.0,0.0,0.0,0.0,0.0
1789088079.9371557,0.0,0.0,0.0,0.0,0.0,0.0
1789088079.9872658,0.0,0.0,0.0,0.0,0.0,0.0
1789088080.0373414,0.0,0.0,0.0,0.0,0.0,0.0
1789088080.08728,0.0,0.0,0.0,0.0,0.0,0.0
1789088080.13751,0.0,0.0,0.0,0.0,0.0,0.0
1789088080.1873407,0.0,0.0,0.0,0.0,0.0,0.0
1789088080.23744,0.0,0.0,0.0,0.0,0.0,0.0
1789088080.2873144,0.0,0.0,0.0,0.0,0.0,0.0
1789088080.3372667,0.0,0.0,0.0,0.0,0.0,0.0
1789088080.3874629,0.0,0.0,0.0,0.0,0.0,0.0
1789088080.4373837,0.0,0.0,0.0,0.0,0.0,0.0
1789088080.4873083,0.0,0.0,0.0,0.0,0.0,0.0
1789088080.537282,0.0,0.0,0.0,0.0,0.0,0.0
1789088080.587471,0.0,0.0,0.0,0.0,0.0,0.0
1789088080.6374285,0.0,0.0,0.0,0.0,0.0,0.0
1789088080.6873314,0.0,0.0,0.0,0.0,0.0,0.0
1789088080.7375536,0.0,0.0,0.0,0.0,0.0,0.0
1789088080.78748,0.0,0.0,0.0,0.0,0.0,0.0
1789088080.8375177,0.0,0.0,0.0,0.0,0.0,0.0
1789088080.8875508,0.0,0.0,0.0,0.0,0.0,0.0
1789088080.9374583,0.0,0.0,0.0,0.0,0.0,0.0
1789088080.98722,0.0,0.0,0.0,0.0,0.0,0.0
1789088081.037347,0.0,0.0,0.0,0.0,0.0,0.0
1789088081.0874214,0.0,0.0,0.0,0.0,0.0,0.0
1789088081.1374838,0.0,0.0,0.0,0.0,0.0,0.0
1789088081.187242,0.0,0.0,0.0,0.0,0.0,0.0
1789088081.237293,0.0,0.0,0.0,0.0,0.0,0.0
1789088081.2876692,0.0,0.0,0.0,0.0,0.0,0.0
1789088081.3374639,0.0,0.0,0.0,0.0,0.0,0.0
1789088081.3872952,0.0,0.0,0.0,0.0,0.0,0.0
1789088081.4372609,0.0,0.0,0.0,0.0,0.0,0.0
1789088081.4872596,0.0,0.0,0.0,0.0,0.0,0.0
1789088081.5370395,0.0,0.0,0.0,0.0,0.0,0.0
1789088081.5872338,0.0,0.0,0.0,0.0,0.0,0.0
1789088081.6372857,0.0,0.0,0.0,0.0,0.0,0.0
1789088081.687305,0.0,0.0,0.0,0.0,0.0,0.0
1789088081.7370825,0.0,0.0,0.0,0.0,0.0,0.0
1789088081.7874067,0.0,0.0,0.0,0.0,0.0,0.0
1789088081.8374503,0.0,0.0,0.0,0.0,0.0,0.0
1789088081.8876143,0.0,0.0,0.0,0.0,0.0,0.0
1789088081.9378903,0.0,0.0,0.0,0.0,0.0,0.0
1789088081.987355,0.0,0.0,0.0,0.0,0.0,0.0
1789088082.0371833,0.0,0.0,0.0,0.0,0.0,0.0
1789088082.0871267,0.0,0.0,0.0,0.0,0.0,0.0
1789088082.1374757,0.0,0.0,0.0,0.0,0.0,0.0
1789088082.187238,0.0,0.0,0.0,0.0,0.0,0.0
1789088082.2373104,0.0,0.0,0.0,0.0,0.0,0.0
1789088082.2872767,0.0,0.0,0.0,0.0,0.0,0.0
1789088082.3372478,0.0,0.0,0.0,0.0,0.0,0.0
1789088082.3873029,0.0,0.0,0.0,0.0,0.0,0.0
1789088082.4373012,0.0,0.0,0.0,0.0,0.0,0.0
1789088082.4871888,0.0,0.0,0.0,0.0,0.0,0.0
1789088082.5380867,0.0,0.0,0.0,0.0,0.0,0.0
1789088082.5871599,0.0,0.0,0.0,0.0,0.0,0.0
1789088082.6384504,0.0,0.0,0.0,0.0,0.0,0.0
1789088082.6872253,0.0,0.0,0.0,0.0,0.0,0.0
1789088082.7389586,0.0,0.0,0.0,0.0,0.0,0.0
1789088082.7870357,0.0,0.0,0.0,0.0,0.0,0.0
1789088082.8423917,0.0,0.0,0.0,0.0,0.0,0.0
1789088082.8872807,0.0,0.0,0.0,0.0,0.0,0.0
1789088082.9393513,0.0,0.0,0.0,0.0,0.0,0.0
1789088082.9874904,0.0,0.0,0.0,0.0,0.0,0.0
1789088083.0414834,0.0,0.0,0.0,0.0,0.0,0.0
1789088083.0872288,0.0,0.0,0.0,0.0,0.0,0.0
1789088083.140502,0.0,0.0,0.0,0.0,0.0,0.0
1789088083.1872752,0.0,0.0,0.0,0.0,0.0,0.0
1789088083.2372346,0.0,0.0,0.0,0.0,0.0,0.0
1789088083.2873359,0.0,0.0,0.0,0.0,0.0,0.0
1789088083.3371668,0.0,0.0,0.0,0.0,0.0,0.0
1789088083.3872433,0.0,0.0,0.0,0.0,0.0,0.0
1789088083.4372885,0.0,0.0,0.0,0.0,0.0,0.0
1789088083.4874575,0.0,0.0,0.0,0.0,0.0,0.0
1789088083.5378923,0.0,0.0,0.0,0.0,0.0,0.0
1789088083.587312,0.0,0.0,0.0,0.0,0.0,0.0
1789088083.6371436,0.0,0.0,0.0,0.0,0.0,0.0
1789088083.68737,0.0,0.0,0.0,0.0,0.0,0.0
1789088083.738288,0.0,0.0,0.0,0.0,0.0,0.0
1789088083.7874436,0.0,0.0,0.0,0.0,0.0,0.0
1789088083.8396976,0.0,0.0,0.0,0.0,0.0,0.0
1789088083.8871894,0.0,0.0,0.0,0.0,0.0,0.0
1789088083.937269,0.0,0.0,0.0,0.0,0.0,0.0
1789088083.9872918,0.0,0.0,0.0,0.0,0.0,0.0
1789088084.0371976,0.0,0.0,0.0,0.0,0.0,0.0
1789088084.0873852,0.0,0.0,0.0,0.0,0.0,0.0
1789088084.1390688,0.0,0.0,0.0,0.0,0.0,0.0
1789088084.187565,0.0,0.0,0.0,0.0,0.0,0.0
1789088084.2382252,0.0,0.0,0.0,0.0,0.0,0.0
1789088084.2872782,0.0,0.0,0.0,0.0,0.0,0.0
1789088084.3390336,0.0,0.0,0.0,0.0,0.0,0.0
1789088084.3871853,0.0,0.0,0.0,0.0,0.0,0.0
1789088084.4409206,0.0,0.0,0.0,0.0,0.0,0.0
1789088084.4874046,0.0,0.0,0.0,0.0,0.0,0.0
1789088084.537323,0.0,0.0,0.0,0.0,0.0,0.0
1789088084.587299,0.0,0.0,0.0,0.0,0.0,0.0
1789088084.638209,0.0,0.0,0.0,0.0,0.0,0.0
1789088084.6872008,0.0,0.0,0.0,0.0,0.0,0.0
1789088084.7372909,0.0,0.0,0.0,0.0,0.0,0.0
1789088084.7877102,0.0,0.0,0.0,0.0,0.0,0.0
1789088084.8379188,0.0,0.0,0.0,0.0,0.0,0.0
1789088084.887363,0.0,0.0,0.0,0.0,0.0,0.0
1789088084.9380004,0.0,0.0,0.0,0.0,0.0,0.0
1789088084.9874098,0.0,0.0,0.0,0.0,0.0,0.0
1789088085.0373034,0.0,0.0,0.0,0.0,0.0,0.0
1789088085.0874789,0.0,0.0,0.0,0.0,0.0,0.0
1789088085.1373699,0.0,0.0,0.0,0.0,0.0,0.0
1789088085.1873133,0.0,0.0,0.0,0.0,0.0,0.0
1789088085.237581,0.0,0.0,0.0,0.0,0.0,0.0
1789088085.2876718,0.0,0.0,0.0,0.0,0.0,0.0
1789088085.3379922,0.0,0.0,0.0,0.0,0.0,0.0
1789088085.3874757,0.0,0.0,0.0,0.0,0.0,0.0
1789088085.4373384,0.0,0.0,0.0,0.0,0.0,0.0
1789088085.487389,0.0,0.0,0.0,0.0,0.0,0.0
1789088085.5374012,0.0,0.0,0.0,0.0,0.0,0.0
1789088085.5874956,0.0,0.0,0.0,0.0,0.0,0.0
1789088085.6373608,0.0,0.0,0.0,0.0,0.0,0.0
1789088085.6874685,0.0,0.0,0.0,0.0,0.0,0.0
1789088085.7374487,0.0,0.0,0.0,0.0,0.0,0.0
1789088085.7878308,0.0,0.0,0.0,0.0,0.0,0.0
1789088085.840724,0.0,0.0,0.0,0.0,0.0,0.0
1789088085.8871808,0.0,0.0,0.0,0.0,0.0,0.0
1789088085.9381666,0.0,0.0,0.0,0.0,0.0,0.0
1789088085.9872684,0.0,0.0,0.0,0.0,0.0,0.0
1789088086.0373092,0.0,0.0,0.0,0.0,0.0,0.0
1789088086.0872703,0.0,0.0,0.0,0.0,0.0,0.0
1789088086.1399877,0.0,0.0,0.0,0.0,0.0,0.0
1789088086.1872118,0.0,0.0,0.0,0.0,0.0,0.0
1789088086.2399,0.0,0.0,0.0,0.0,0.0,0.0
1789088086.2874668,0.0,0.0,0.0,0.0,0.0,0.0
1789088086.3380244,0.0,0.0,0.0,0.0,0.0,0.0
1789088086.3875916,0.0,0.0,0.0,0.0,0.0,0.0
1789088086.4401195,0.0,0.0,0.0,0.0,0.0,0.0
1789088086.4873226,0.0,0.0,0.0,0.0,0.0,0.0
1789088086.5425382,0.0,0.0,0.0,0.0,0.0,0.0
1789088086.5872653,0.0,0.0,0.0,0.0,0.0,0.0
1789088086.6378067,0.0,0.0,0.0,0.0,0.0,0.0
1789088086.687409,0.0,0.0,0.0,0.0,0.0,0.0
1789088086.7413664,0.0,0.0,0.0,0.0,0.0,0.0
1789088086.787303,0.0,0.0,0.0,0.0,0.0,0.0
1789088086.8402834,0.0,0.0,0.0,0.0,0.0,0.0
1789088086.8872793,0.0,0.0,0.0,0.0,0.0,0.0
1789088086.9385276,0.0,0.0,0.0,0.0,0.0,0.0
1789088086.987385,0.0,0.0,0.0,0.0,0.0,0.0
1789088087.0422983,0.0,0.0,0.0,0.0,0.0,0.0
1789088087.0873713,0.0,0.0,0.0,0.0,0.0,0.0
1789088087.142565,0.0,0.0,0.0,0.0,0.0,0.0
1789088087.1870947,0.0,0.0,0.0,0.0,0.0,0.0
1789088087.2400885,0.0,0.0,0.0,0.0,0.0,0.0
1789088087.2872393,0.0,0.0,0.0,0.0,0.0,0.0
1789088087.3431058,0.0,0.0,0.0,0.0,0.0,0.0
1789088087.3874917,0.0,0.0,0.0,0.0,0.0,0.0
1789088087.4396024,0.0,0.0,0.0,0.0,0.0,0.0
1789088087.4871914,0.0,0.0,0.0,0.0,0.0,0.0
1789088087.537266,0.0,0.0,0.0,0.0,0.0,0.0
1789088087.5870697,0.0,0.0,0.0,0.0,0.0,0.0
1789088087.6384346,0.0,0.0,0.0,0.0,0.0,0.0
1789088087.6872504,0.0,0.0,0.0,0.0,0.0,0.0
1789088087.7407928,0.0,0.0,0.0,0.0,0.0,0.0
1789088087.7871587,0.0,0.0,0.0,0.0,0.0,0.0
1789088087.840513,0.0,0.0,0.0,0.0,0.0,0.0
1789088087.8872771,0.0,0.0,0.0,0.0,0.0,0.0
1789088087.9417949,0.0,0.0,0.0,0.0,0.0,0.0
1789088087.9872353,0.0,0.0,0.0,0.0,0.0,0.0
1789088088.0405135,0.0,0.0,0.0,0.0,0.0,0.0
1789088088.0872335,0.0,0.0,0.0,0.0,0.0,0.0
1789088088.139553,0.0,0.0,0.0,0.0,0.0,0.0
1789088088.187148,0.0,0.0,0.0,0.0,0.0,0.0
1789088088.2414327,0.0,0.0,0.0,0.0,0.0,0.0
1789088088.2873476,0.0,0.0,0.0,0.0,0.0,0.0
1789088088.3393366,0.0,0.0,0.0,0.0,0.0,0.0
1789088088.3872557,0.0,0.0,0.0,0.0,0.0,0.0
1789088088.4390364,0.0,0.0,0.0,0.0,0.0,0.0
1789088088.4873924,0.0,0.0,0.0,0.0,0.0,0.0
1789088088.5382023,0.0,0.0,0.0,0.0,0.0,0.0
1789088088.5871909,0.0,0.0,0.0,0.0,0.0,0.0
1789088088.6439729,0.0,0.0,0.0,0.0,0.0,0.0
1789088088.6871896,0.0,0.0,0.0,0.0,0.0,0.0
1789088088.7432153,0.0,0.0,0.0,0.0,0.0,0.0
1789088088.7876732,0.0,0.0,0.0,0.0,0.0,0.0
1789088088.8377352,0.0,0.0,0.0,0.0,0.0,0.0
1789088088.8871775,0.0,0.0,0.0,0.0,0.0,0.0
1789088088.9379807,0.0,0.0,0.0,0.0,0.0,0.0
1789088088.9872148,0.0,0.0,0.0,0.0,0.0,0.0
1789088089.043439,0.0,0.0,0.0,0.0,0.0,0.0
1789088089.0871644,0.0,0.0,0.0,0.0,0.0,0.0
1789088089.1394777,0.0,0.0,0.0,0.0,0.0,0.0
1789088089.1873736,0.0,0.0,0.0,0.0,0.0,0.0
1789088089.238754,0.0,0.0,0.0,0.0,0.0,0.0
1789088089.2875433,0.0,0.0,0.0,0.0,0.0,0.0
1789088089.3396363,0.0,0.0,0.0,0.0,0.0,0.0
1789088089.387306,0.0,0.0,0.0,0.0,0.0,0.0
1789088089.4396405,0.0,0.0,0.0,0.0,0.0,0.0
1789088089.4874775,0.0,0.0,0.0,0.0,0.0,0.0
1789088089.5397992,0.0,0.0,0.0,0.0,0.0,0.0
1789088089.5874534,0.0,0.0,0.0,0.0,0.0,0.0
1789088089.6422732,0.0,0.0,0.0,0.0,0.0,0.0
1789088089.6875007,0.0,0.0,0.0,0.0,0.0,0.0
1789088089.7399719,0.0,0.0,0.0,0.0,0.0,0.0
1789088089.7873266,0.0,0.0,0.0,0.0,0.0,0.0
1789088089.8394825,0.0,0.0,0.0,0.0,0.0,0.0
1789088089.8874393,0.0,0.0,0.0,0.0,0.0,0.0
1789088089.9407344,0.0,0.0,0.0,0.0,0.0,0.0
1789088089.9872627,0.0,0.0,0.0,0.0,0.0,0.0
1789088090.039213,0.0,0.0,0.0,0.0,0.0,0.0
1789088090.0870962,0.0,0.0,0.0,0.0,0.0,0.0
1789088090.1393063,0.0,0.0,0.0,0.0,0.0,0.0
1789088090.1870587,0.0,0.0,0.0,0.0,0.0,0.0
1789088090.2395246,0.0,0.0,0.0,0.0,0.0,0.0
1789088090.2871456,0.0,0.0,0.0,0.0,0.0,0.0
1789088090.3402061,0.0,0.0,0.0,0.0,0.0,0.0
1789088090.387162,0.0,0.0,0.0,0.0,0.0,0.0
1789088090.4399073,0.0,0.0,0.0,0.0,0.0,0.0
1789088090.487274,0.0,0.0,0.0,0.0,0.0,0.0
1789088090.5409784,0.0,0.0,0.0,0.0,0.0,0.0
1789088090.587208,0.0,0.0,0.0,0.0,0.0,0.0
1789088090.639058,0.0,0.0,0.0,0.0,0.0,0.0
1789088090.6870587,0.0,0.0,0.0,0.0,0.0,0.0
1789088090.7398388,0.0,0.0,0.0,0.0,0.0,0.0
1789088090.787047,0.0,0.0,0.0,0.0,0.0,0.0
1789088090.8372147,0.0,0.0,0.0,0.0,0.0,0.0
1789088090.8872304,0.0,0.0,0.0,0.0,0.0,0.0
1789088090.9411108,0.0,0.0,0.0,0.0,0.0,0.0
1789088090.9874647,0.0,0.0,0.0,0.0,0.0,0.0
1789088091.041653,0.0,0.0,0.0,0.0,0.0,0.0
1789088091.08726,0.0,0.0,0.0,0.0,0.0,0.0
1789088091.1412516,0.0,0.0,0.0,0.0,0.0,0.0
1789088091.1873097,0.0,0.0,0.0,0.0,0.0,0.0
1789088091.2405958,0.0,0.0,0.0,0.0,0.0,0.0
1789088091.2874224,0.0,0.0,0.0,0.0,0.0,0.0
1789088091.3374705,0.0,0.0,0.0,0.0,0.0,0.0
1789088091.387399,0.0,0.0,0.0,0.0,0.0,0.0
1789088091.4407115,0.0,0.0,0.0,0.0,0.0,0.0
1789088091.487224,0.0,0.0,0.0,0.0,0.0,0.0
1789088091.5376225,0.0,0.0,0.0,0.0,0.0,0.0
1789088091.5872848,0.0,0.0,0.0,0.0,0.0,0.0
1789088091.6372797,0.0,0.0,0.0,0.0,0.0,0.0
1789088091.6874328,0.0,0.0,0.0,0.0,0.0,0.0
1789088091.7406507,0.0,0.0,0.0,0.0,0.0,0.0
1789088091.787405,0.0,0.0,0.0,0.0,0.0,0.0
1789088091.8373911,0.0,0.0,0.0,0.0,0.0,0.0
1789088091.8873477,0.0,0.0,0.0,0.0,0.0,0.0
1789088091.9374866,0.0,0.0,0.0,0.0,0.0,0.0
1789088091.987545,0.0,0.0,0.0,0.0,0.0,0.0
1789088092.0400424,0.0,0.0,0.0,0.0,0.0,0.0
1789088092.0874987,0.0,0.0,0.0,0.0,0.0,0.0
1789088092.142009,0.0,0.0,0.0,0.0,0.0,0.0
1789088092.1873035,0.0,0.0,0.0,0.0,0.0,0.0
1789088092.2443013,0.0,0.0,0.0,0.0,0.0,0.0
1789088092.2872198,0.0,0.0,0.0,0.0,0.0,0.0
1789088092.3423753,0.0,0.0,0.0,0.0,0.0,0.0
1789088092.3874242,0.0,0.0,0.0,0.0,0.0,0.0
1789088092.445054,0.0,0.0,0.0,0.0,0.0,0.0
1789088092.4873674,0.0,0.0,0.0,0.0,0.0,0.0
1789088092.5445597,0.0,0.0,0.0,0.0,0.0,0.0
1789088092.5872996,0.0,0.0,0.0,0.0,0.0,0.0
1789088092.643622,0.0,0.0,0.0,0.0,0.0,0.0
1789088092.6872427,0.0,0.0,0.0,0.0,0.0,0.0
1789088092.7372832,0.0,0.0,0.0,0.0,0.0,0.0
1789088092.7873895,0.0,0.0,0.0,0.0,0.0,0.0
1789088092.8374035,0.0,0.0,0.0,0.0,0.0,0.0
1789088092.8871622,0.0,0.0,0.0,0.0,0.0,0.0
1789088092.9372945,0.0,0.0,0.0,0.0,0.0,0.0
1789088092.9873347,0.0,0.0,0.0,0.0,0.0,0.0
1789088093.0373526,0.0,0.0,0.0,0.0,0.0,0.0
1789088093.087273,0.0,0.0,0.0,0.0,0.0,0.0
1789088093.1374187,0.0,0.0,0.0,0.0,0.0,0.0
1789088093.187225,0.0,0.0,0.0,0.0,0.0,0.0
1789088093.237372,0.0,0.0,0.0,0.0,0.0,0.0
1789088093.287308,0.0,0.0,0.0,0.0,0.0,0.0
1789088093.337493,0.0,0.0,0.0,0.0,0.0,0.0
1789088093.3872826,0.0,0.0,0.0,0.0,0.0,0.0
1789088093.437199,0.0,0.0,0.0,0.0,0.0,0.0
1789088093.4873319,0.0,0.0,0.0,0.0,0.0,0.0
1789088093.5372963,0.0,0.0,0.0,0.0,0.0,0.0
1789088093.5872393,0.0,0.0,0.0,0.0,0.0,0.0
1789088093.6370718,0.0,0.0,0.0,0.0,0.0,0.0
1789088093.6874316,0.0,0.0,0.0,0.0,0.0,0.0
1789088093.737246,0.0,0.0,0.0,0.0,0.0,0.0
1789088093.7872138,0.0,0.0,0.0,0.0,0.0,0.0
1789088093.837377,0.0,0.0,0.0,0.0,0.0,0.0
1789088093.8871856,0.0,0.0,0.0,0.0,0.0,0.0
1789088093.937367,0.0,0.0,0.0,0.0,0.0,0.0
1789088093.987361,0.0,0.0,0.0,0.0,0.0,0.0
1789088094.0374007,0.0,0.0,0.0,0.0,0.0,0.0
1789088094.087535,0.0,0.0,0.0,0.0,0.0,0.0
1789088094.137392,0.0,0.0,0.0,0.0,0.0,0.0
1789088094.1872914,0.0,0.0,0.0,0.0,0.0,0.0
1789088094.2372105,0.0,0.0,0.0,0.0,0.0,0.0
1789088094.2874308,0.0,0.0,0.0,0.0,0.0,0.0
1789088094.3373733,0.0,0.0,0.0,0.0,0.0,0.0
1789088094.3872037,0.0,0.0,0.0,0.0,0.0,0.0
1789088094.4373524,0.0,0.0,0.0,0.0,0.0,0.0
1789088094.487547,0.0,0.0,0.0,0.0,0.0,0.0
1789088094.5375314,0.0,0.0,0.0,0.0,0.0,0.0
1789088094.587292,0.0,0.0,0.0,0.0,0.0,0.0
1789088094.6372976,0.0,0.0,0.0,0.0,0.0,0.0
1789088094.6873493,0.0,0.0,0.0,0.0,0.0,0.0
1789088094.737357,0.0,0.0,0.0,0.0,0.0,0.0
1789088094.7874198,0.0,0.0,0.0,0.0,0.0,0.0
1789088094.8374612,0.0,0.0,0.0,0.0,0.0,0.0
1789088094.8873103,0.0,0.0,0.0,0.0,0.0,0.0
1789088094.9375849,0.0,0.0,0.0,0.0,0.0,0.0
1789088094.9875708,0.0,0.0,0.0,0.0,0.0,0.0
1789088095.037278,0.0,0.0,0.0,0.0,0.0,0.0
1789088095.0874329,0.0,0.0,0.0,0.0,0.0,0.0
1789088095.1373975,0.0,0.0,0.0,0.0,0.0,0.0
1789088095.18708,0.0,0.0,0.0,0.0,0.0,0.0
1789088095.2372646,0.0,0.0,0.0,0.0,0.0,0.0
1789088095.2873116,0.0,0.0,0.0,0.0,0.0,0.0
1789088095.3372219,0.0,0.0,0.0,0.0,0.0,0.0
1789088095.387249,0.0,0.0,0.0,0.0,0.0,0.0
1789088095.437348,0.0,0.0,0.0,0.0,0.0,0.0
1789088095.487174,0.0,0.0,0.0,0.0,0.0,0.0
1789088095.537359,0.0,0.0,0.0,0.0,0.0,0.0
1789088095.5870697,0.0,0.0,0.0,0.0,0.0,0.0
1789088095.6373558,0.0,0.0,0.0,0.0,0.0,0.0
1789088095.6871476,0.0,0.0,0.0,0.0,0.0,0.0
1789088095.7375531,0.0,0.0,0.0,0.0,0.0,0.0
1789088095.7874084,0.0,0.0,0.0,0.0,0.0,0.0
1789088095.8373353,0.0,0.0,0.0,0.0,0.0,0.0
1789088095.8872478,0.0,0.0,0.0,0.0,0.0,0.0
1789088095.9373634,0.0,0.0,0.0,0.0,0.0,0.0
1789088095.9872737,0.0,0.0,0.0,0.0,0.0,0.0
1789088096.0373416,0.0,0.0,0.0,0.0,0.0,0.0
1789088096.0874414,0.0,0.0,0.0,0.0,0.0,0.0
1789088096.1373098,0.0,0.0,0.0,0.0,0.0,0.0
1789088096.187547,0.0,0.0,0.0,0.0,0.0,0.0
1789088096.2375062,0.0,0.0,0.0,0.0,0.0,0.0
1789088096.2872348,0.0,0.0,0.0,0.0,0.0,0.0
1789088096.3374255,0.0,0.0,0.0,0.0,0.0,0.0
1789088096.3871713,0.0,0.0,0.0,0.0,0.0,0.0
1789088096.4374456,0.0,0.0,0.0,0.0,0.0,0.0
1789088096.4871805,0.0,0.0,0.0,0.0,0.0,0.0
1789088096.53728,0.0,0.0,0.0,0.0,0.0,0.0
1789088096.5872312,0.0,0.0,0.0,0.0,0.0,0.0
1789088096.6372273,0.0,0.0,0.0,0.0,0.0,0.0
1789088096.687222,0.0,0.0,0.0,0.0,0.0,0.0
1789088096.7374,0.0,0.0,0.0,0.0,0.0,0.0
1789088096.78727,0.0,0.0,0.0,0.0,0.0,0.0
1789088096.8372183,0.0,0.0,0.0,0.0,0.0,0.0
1789088096.887329,0.0,0.0,0.0,0.0,0.0,0.0
1789088096.93731,0.0,0.0,0.0,0.0,0.0,0.0
1789088096.9873133,0.0,0.0,0.0,0.0,0.0,0.0
1789088097.0373957,0.0,0.0,0.0,0.0,0.0,0.0
1789088097.0873897,0.0,0.0,0.0,0.0,0.0,0.0
1789088097.137247,0.0,0.0,0.0,0.0,0.0,0.0
1789088097.187329,0.0,0.0,0.0,0.0,0.0,0.0
1789088097.2373083,0.0,0.0,0.0,0.0,0.0,0.0
1789088097.287054,0.0,0.0,0.0,0.0,0.0,0.0
1789088097.3373868,0.0,0.0,0.0,0.0,0.0,0.0
1789088097.387438,0.0,0.0,0.0,0.0,0.0,0.0
1789088097.4375226,0.0,0.0,0.0,0.0,0.0,0.0
1789088097.4872024,0.0,0.0,0.0,0.0,0.0,0.0
1789088097.5372615,0.0,0.0,0.0,0.0,0.0,0.0
1789088097.5873754,0.0,0.0,0.0,0.0,0.0,0.0
1789088097.6373644,0.0,0.0,0.0,0.0,0.0,0.0
1789088097.6872568,0.0,0.0,0.0,0.0,0.0,0.0
1789088097.7373767,0.0,0.0,0.0,0.0,0.0,0.0
1789088097.7874577,0.0,0.0,0.0,0.0,0.0,0.0
1789088097.8375087,0.0,0.0,0.0,0.0,0.0,0.0
1789088097.8872223,0.0,0.0,0.0,0.0,0.0,0.0
1789088097.9375706,0.0,0.0,0.0,0.0,0.0,0.0
1789088097.9874265,0.0,0.0,0.0,0.0,0.0,0.0
1789088098.0375657,0.0,0.0,0.0,0.0,0.0,0.0
1789088098.0872447,0.0,0.0,0.0,0.0,0.0,0.0
1789088098.1373272,0.0,0.0,0.0,0.0,0.0,0.0
1789088098.187117,0.0,0.0,0.0,0.0,0.0,0.0
1789088098.2372677,0.0,0.0,0.0,0.0,0.0,0.0
1789088098.2872574,0.0,0.0,0.0,0.0,0.0,0.0
1789088098.3372555,0.0,0.0,0.0,0.0,0.0,0.0
1789088098.387308,0.0,0.0,0.0,0.0,0.0,0.0
1789088098.4374218,0.0,0.0,0.0,0.0,0.0,0.0
1789088098.48748,0.0,0.0,0.0,0.0,0.0,0.0
1789088098.5372941,0.0,0.0,0.0,0.0,0.0,0.0
1789088098.5870411,0.0,0.0,0.0,0.0,0.0,0.0
1789088098.6371307,0.0,0.0,0.0,0.0,0.0,0.0
1789088098.6872764,0.0,0.0,0.0,0.0,0.0,0.0
1789088098.737361,0.0,0.0,0.0,0.0,0.0,0.0
1789088098.7873387,0.0,0.0,0.0,0.0,0.0,0.0
1789088098.8373327,0.0,0.0,0.0,0.0,0.0,0.0
1789088098.8874087,0.0,0.0,0.0,0.0,0.0,0.0
1789088098.9372013,0.0,0.0,0.0,0.0,0.0,0.0
1789088098.9872637,0.0,0.0,0.0,0.0,0.0,0.0
1789088099.037368,0.0,0.0,0.0,0.0,0.0,0.0
1789088099.087109,0.0,0.0,0.0,0.0,0.0,0.0
1789088099.1374962,0.0,0.0,0.0,0.0,0.0,0.0
1789088099.1873908,0.0,0.0,0.0,0.0,0.0,0.0
1789088099.2372172,0.0,0.0,0.0,0.0,0.0,0.0
1789088099.2874427,0.0,0.0,0.0,0.0,0.0,0.0
1789088099.3372467,0.0,0.0,0.0,0.0,0.0,0.0
1789088099.387293,0.0,0.0,0.0,0.0,0.0,0.0
1789088099.4373214,0.0,0.0,0.0,0.0,0.0,0.0
1789088099.4872453,0.0,0.0,0.0,0.0,0.0,0.0
1789088099.537174,0.0,0.0,0.0,0.0,0.0,0.0
1789088099.5871875,0.0,0.0,0.0,0.0,0.0,0.0
1789088099.637119,0.0,0.0,0.0,0.0,0.0,0.0
1789088099.6873353,0.0,0.0,0.0,0.0,0.0,0.0
1789088099.7372997,0.0,0.0,0.0,0.0,0.0,0.0
1789088099.7874534,0.0,0.0,0.0,0.0,0.0,0.0
1789088099.8375776,0.0,0.0,0.0,0.0,0.0,0.0
1789088099.8874874,0.0,0.0,0.0,0.0,0.0,0.0
1789088099.9372787,0.0,0.0,0.0,0.0,0.0,0.0
1789088099.9872048,0.0,0.0,0.0,0.0,0.0,0.0
1789088100.0372894,0.0,0.0,0.0,0.0,0.0,0.0
1789088100.0871632,0.0,0.0,0.0,0.0,0.0,0.0
1789088100.13704,0.0,0.0,0.0,0.0,0.0,0.0
1789088100.187455,0.0,0.0,0.0,0.0,0.0,0.0
1789088100.2372708,0.0,0.0,0.0,0.0,0.0,0.0
1789088100.2872372,0.0,0.0,0.0,0.0,0.0,0.0
1789088100.337388,0.0,0.0,0.0,0.0,0.0,0.0
1789088100.3870337,0.0,0.0,0.0,0.0,0.0,0.0
1789088100.4372938,0.0,0.0,0.0,0.0,0.0,0.0
1789088100.4872286,0.0,0.0,0.0,0.0,0.0,0.0
1789088100.5372531,0.0,0.0,0.0,0.0,0.0,0.0
1789088100.5872447,0.0,0.0,0.0,0.0,0.0,0.0
1789088100.637397,0.0,0.0,0.0,0.0,0.0,0.0
1789088100.6873317,0.0,0.0,0.0,0.0,0.0,0.0
1789088100.7372823,0.0,0.0,0.0,0.0,0.0,0.0
1789088100.7873578,0.0,0.0,0.0,0.0,0.0,0.0
1789088100.8372588,0.0,0.0,0.0,0.0,0.0,0.0
1789088100.8873036,0.0,0.0,0.0,0.0,0.0,0.0
1789088100.937483,0.0,0.0,0.0,0.0,0.0,0.0
1789088100.9877918,0.0,0.0,0.0,0.0,0.0,0.0
1789088101.037293,0.0,0.0,0.0,0.0,0.0,0.0
1789088101.0872884,0.0,0.0,0.0,0.0,0.0,0.0
1789088101.13713,0.0,0.0,0.0,0.0,0.0,0.0
1789088101.1873279,0.0,0.0,0.0,0.0,0.0,0.0
1789088101.237113,0.0,0.0,0.0,0.0,0.0,0.0
1789088101.287143,0.0,0.0,0.0,0.0,0.0,0.0
1789088101.3371356,0.0,0.0,0.0,0.0,0.0,0.0
1789088101.3872309,0.0,0.0,0.0,0.0,0.0,0.0
1789088101.4374096,0.0,0.0,0.0,0.0,0.0,0.0
1789088101.4874456,0.0,0.0,0.0,0.0,0.0,0.0
1789088101.5373218,0.0,0.0,0.0,0.0,0.0,0.0
1789088101.5872211,0.0,0.0,0.0,0.0,0.0,0.0
1789088101.637281,0.0,0.0,0.0,0.0,0.0,0.0
1789088101.6872659,0.0,0.0,0.0,0.0,0.0,0.0
1789088101.7373302,0.0,0.0,0.0,0.0,0.0,0.0
1789088101.7872741,0.0,0.0,0.0,0.0,0.0,0.0
1789088101.837371,0.0,0.0,0.0,0.0,0.0,0.0
1789088101.887314,0.0,0.0,0.0,0.0,0.0,0.0
1789088101.9373484,0.0,0.0,0.0,0.0,0.0,0.0
1789088101.9870746,0.0,0.0,0.0,0.0,0.0,0.0
1789088102.037266,0.0,0.0,0.0,0.0,0.0,0.0
1789088102.0871687,0.0,0.0,0.0,0.0,0.0,0.0
1789088102.1373086,0.0,0.0,0.0,0.0,0.0,0.0
1789088102.187442,0.0,0.0,0.0,0.0,0.0,0.0
1789088102.2371943,0.0,0.0,0.0,0.0,0.0,0.0
1789088102.2873516,0.0,0.0,0.0,0.0,0.0,0.0
1789088102.337068,0.0,0.0,0.0,0.0,0.0,0.0
1789088102.3875482,0.0,0.0,0.0,0.0,0.0,0.0
1789088102.4374044,0.0,0.0,0.0,0.0,0.0,0.0
1789088102.4874039,0.0,0.0,0.0,0.0,0.0,0.0
1789088102.5373273,0.0,0.0,0.0,0.0,0.0,0.0
1789088102.5874043,0.0,0.0,0.0,0.0,0.0,0.0
1789088102.6372135,0.0,0.0,0.0,0.0,0.0,0.0
1789088102.6874015,0.0,0.0,0.0,0.0,0.0,0.0
1789088102.7375188,0.0,0.0,0.0,0.0,0.0,0.0
1789088102.7872057,0.0,0.0,0.0,0.0,0.0,0.0
1789088102.837348,0.0,0.0,0.0,0.0,0.0,0.0
1789088102.8874424,0.0,0.0,0.0,0.0,0.0,0.0
1789088102.9373047,0.0,0.0,0.0,0.0,0.0,0.0
1789088102.987438,0.0,0.0,0.0,0.0,0.0,0.0
1789088103.037308,0.0,0.0,0.0,0.0,0.0,0.0
1789088103.0872774,0.0,0.0,0.0,0.0,0.0,0.0
1789088103.1371942,0.0,0.0,0.0,0.0,0.0,0.0
1789088103.1873431,0.0,0.0,0.0,0.0,0.0,0.0
1789088103.2372606,0.0,0.0,0.0,0.0,0.0,0.0
1789088103.2871878,0.0,0.0,0.0,0.0,0.0,0.0
1789088103.3373837,0.0,0.0,0.0,0.0,0.0,0.0
1789088103.3874176,0.0,0.0,0.0,0.0,0.0,0.0
1789088103.4373994,0.0,0.0,0.0,0.0,0.0,0.0
1789088103.4873223,0.0,0.0,0.0,0.0,0.0,0.0
1789088103.537444,0.0,0.0,0.0,0.0,0.0,0.0
1789088103.5873423,0.0,0.0,0.0,0.0,0.0,0.0
1789088103.6372814,0.0,0.0,0.0,0.0,0.0,0.0
1789088103.6874716,0.0,0.0,0.0,0.0,0.0,0.0
1789088103.7372532,0.0,0.0,0.0,0.0,0.0,0.0
1789088103.7873688,0.0,0.0,0.0,0.0,0.0,0.0
1789088103.837429,0.0,0.0,0.0,0.0,0.0,0.0
1789088103.8876157,0.0,0.0,0.0,0.0,0.0,0.0
1789088103.9373543,0.0,0.0,0.0,0.0,0.0,0.0
1789088103.9873676,0.0,0.0,0.0,0.0,0.0,0.0
1789088104.037529,0.0,0.0,0.0,0.0,0.0,0.0
1789088104.088423,0.0,0.0,0.0,0.0,0.0,0.0
1789088104.1371703,0.0,0.0,0.0,0.0,0.0,0.0
1789088104.190656,0.0,0.0,0.0,0.0,0.0,0.0
1789088104.2370944,0.0,0.0,0.0,0.0,0.0,0.0
1789088104.2874334,0.0,0.0,0.0,0.0,0.0,0.0
1789088104.3372567,0.0,0.0,0.0,0.0,0.0,0.0
1789088104.387526,0.0,0.0,0.0,0.0,0.0,0.0
1789088104.4375594,0.0,0.0,0.0,0.0,0.0,0.0
1789088104.4873095,0.0,0.0,0.0,0.0,0.0,0.0
1789088104.5373945,0.0,0.0,0.0,0.0,0.0,0.0
1789088104.5899305,0.0,0.0,0.0,0.0,0.0,0.0
1789088104.6373947,0.0,0.0,0.0,0.0,0.0,0.0
1789088104.687468,0.0,0.0,0.0,0.0,0.0,0.0
1789088104.7374039,0.0,0.0,0.0,0.0,0.0,0.0
1789088104.7875426,0.0,0.0,0.0,0.0,0.0,0.0
1789088104.837419,0.0,0.0,0.0,0.0,0.0,0.0
1789088104.8874278,0.0,0.0,0.0,0.0,0.0,0.0
1789088104.9372919,0.0,0.0,0.0,0.0,0.0,0.0
1789088104.98783,0.0,0.0,0.0,0.0,0.0,0.0
1789088105.0373158,0.0,0.0,0.0,0.0,0.0,0.0
1789088105.0872612,0.0,0.0,0.0,0.0,0.0,0.0
1789088105.1376064,0.0,0.0,0.0,0.0,0.0,0.0
1789088105.1873782,0.0,0.0,0.0,0.0,0.0,0.0
1789088105.2376087,0.0,0.0,0.0,0.0,0.0,0.0
1789088105.2873063,0.0,0.0,0.0,0.0,0.0,0.0
1789088105.337303,0.0,0.0,0.0,0.0,0.0,0.0
1789088105.3872268,0.0,0.0,0.0,0.0,0.0,0.0
1789088105.4372275,0.0,0.0,0.0,0.0,0.0,0.0
1789088105.4872994,0.0,0.0,0.0,0.0,0.0,0.0
1789088105.5372348,0.0,0.0,0.0,0.0,0.0,0.0
1789088105.5872002,0.0,0.0,0.0,0.0,0.0,0.0
1789088105.6373062,0.0,0.0,0.0,0.0,0.0,0.0
1789088105.6873908,0.0,0.0,0.0,0.0,0.0,0.0
1789088105.7372618,0.0,0.0,0.0,0.0,0.0,0.0
1789088105.7872176,0.0,0.0,0.0,0.0,0.0,0.0
1789088105.8373518,0.0,0.0,0.0,0.0,0.0,0.0
1789088105.887292,0.0,0.0,0.0,0.0,0.0,0.0
1789088105.9376092,0.0,0.0,0.0,0.0,0.0,0.0
1789088105.988599,0.0,0.0,0.0,0.0,0.0,0.0
1789088106.0375109,0.0,0.0,0.0,0.0,0.0,0.0
1789088106.0871727,0.0,0.0,0.0,0.0,0.0,0.0
1789088106.1373084,0.0,0.0,0.0,0.0,0.0,0.0
1789088106.1873288,0.0,0.0,0.0,0.0,0.0,0.0
1789088106.237449,0.0,0.0,0.0,0.0,0.0,0.0
1789088106.287491,0.0,0.0,0.0,0.0,0.0,0.0
1789088106.3375087,0.0,0.0,0.0,0.0,0.0,0.0
1789088106.387178,0.0,0.0,0.0,0.0,0.0,0.0
1789088106.4374099,0.0,0.0,0.0,0.0,0.0,0.0
1789088106.4874969,0.0,0.0,0.0,0.0,0.0,0.0
1789088106.5376,0.0,0.0,0.0,0.0,0.0,0.0
1789088106.5897477,0.0,0.0,0.0,0.0,0.0,0.0
1789088106.6372163,0.0,0.0,0.0,0.0,0.0,0.0
1789088106.687074,0.0,0.0,0.0,0.0,0.0,0.0
1789088106.7373364,0.0,0.0,0.0,0.0,0.0,0.0
1789088106.7874224,0.0,0.0,0.0,0.0,0.0,0.0
1789088106.837634,0.0,0.0,0.0,0.0,0.0,0.0
1789088106.8909268,0.0,0.0,0.0,0.0,0.0,0.0
1789088106.93752,0.0,0.0,0.0,0.0,0.0,0.0
1789088106.9876587,0.0,0.0,0.0,0.0,0.0,0.0
1789088107.0375738,0.0,0.0,0.0,0.0,0.0,0.0
1789088107.0871413,0.0,0.0,0.0,0.0,0.0,0.0
1789088107.1374395,0.0,0.0,0.0,0.0,0.0,0.0
1789088107.1873765,0.0,0.0,0.0,0.0,0.0,0.0
1789088107.2375631,0.0,0.0,0.0,0.0,0.0,0.0
1789088107.2895072,0.0,0.0,0.0,0.0,0.0,0.0
1789088107.3376265,0.0,0.0,0.0,0.0,0.0,0.0
1789088107.387611,0.0,0.0,0.0,0.0,0.0,0.0
1789088107.4375222,0.0,0.0,0.0,0.0,0.0,0.0
1789088107.487234,0.0,0.0,0.0,0.0,0.0,0.0
1789088107.5373902,0.0,0.0,0.0,0.0,0.0,0.0
1789088107.590508,0.0,0.0,0.0,0.0,0.0,0.0
1789088107.6375449,0.0,0.0,0.0,0.0,0.0,0.0
1789088107.6910658,0.0,0.0,0.0,0.0,0.0,0.0
1789088107.737482,0.0,0.0,0.0,0.0,0.0,0.0
1789088107.7873654,0.0,0.0,0.0,0.0,0.0,0.0
1789088107.8373425,0.0,0.0,0.0,0.0,0.0,0.0
1789088107.8873842,0.0,0.0,0.0,0.0,0.0,0.0
1789088107.9372263,0.0,0.0,0.0,0.0,0.0,0.0
1789088107.9878368,0.0,0.0,0.0,0.0,0.0,0.0
1789088108.0371397,0.0,0.0,0.0,0.0,0.0,0.0
1789088108.0871933,0.0,0.0,0.0,0.0,0.0,0.0
1789088108.1374161,0.0,0.0,0.0,0.0,0.0,0.0
1789088108.1903195,0.0,0.0,0.0,0.0,0.0,0.0
1789088108.2374377,0.0,0.0,0.0,0.0,0.0,0.0
1789088108.2874484,0.0,0.0,0.0,0.0,0.0,0.0
1789088108.337389,0.0,0.0,0.0,0.0,0.0,0.0
1789088108.3920784,0.0,0.0,0.0,0.0,0.0,0.0
1789088108.437429,0.0,0.0,0.0,0.0,0.0,0.0
1789088108.4902081,0.0,0.0,0.0,0.0,0.0,0.0
1789088108.5375514,0.0,0.0,0.0,0.0,0.0,0.0
1789088108.5873976,0.0,0.0,0.0,0.0,0.0,0.0
1789088108.6371486,0.0,0.0,0.0,0.0,0.0,0.0
1789088108.687485,0.0,0.0,0.0,0.0,0.0,0.0
1789088108.7375226,0.0,0.0,0.0,0.0,0.0,0.0
1789088108.7881958,0.0,0.0,0.0,0.0,0.0,0.0
1789088108.8374734,0.0,0.0,0.0,0.0,0.0,0.0
1789088108.8872993,0.0,0.0,0.0,0.0,0.0,0.0
1789088108.9373047,0.0,0.0,0.0,0.0,0.0,0.0
1789088108.9873552,0.0,0.0,0.0,0.0,0.0,0.0
1789088109.0374732,0.0,0.0,0.0,0.0,0.0,0.0
1789088109.0872338,0.0,0.0,0.0,0.0,0.0,0.0
1789088109.1372461,0.0,0.0,0.0,0.0,0.0,0.0
1789088109.1910043,0.0,0.0,0.0,0.0,0.0,0.0
1789088109.237318,0.0,0.0,0.0,0.0,0.0,0.0
1789088109.2873747,0.0,0.0,0.0,0.0,0.0,0.0
1789088109.3373082,0.0,0.0,0.0,0.0,0.0,0.0
1789088109.3872857,0.0,0.0,0.0,0.0,0.0,0.0
1789088109.4378495,0.0,0.0,0.0,0.0,0.0,0.0
1789088109.489703,0.0,0.0,0.0,0.0,0.0,0.0
1789088109.537529,0.0,0.0,0.0,0.0,0.0,0.0
1789088109.5877328,0.0,0.0,0.0,0.0,0.0,0.0
1789088109.6376889,0.0,0.0,0.0,0.0,0.0,0.0
1789088109.6913345,0.0,0.0,0.0,0.0,0.0,0.0
1789088109.737434,0.0,0.0,0.0,0.0,0.0,0.0
1789088109.7876399,0.0,0.0,0.0,0.0,0.0,0.0
1789088109.8373144,0.0,0.0,0.0,0.0,0.0,0.0
1789088109.8918412,0.0,0.0,0.0,0.0,0.0,0.0
1789088109.9372563,0.0,0.0,0.0,0.0,0.0,0.0
1789088109.987238,0.0,0.0,0.0,0.0,0.0,0.0
1789088110.0374846,0.0,0.0,0.0,0.0,0.0,0.0
1789088110.087238,0.0,0.0,0.0,0.0,0.0,0.0
1789088110.1372569,0.0,0.0,0.0,0.0,0.0,0.0
1789088110.1874413,0.0,0.0,0.0,0.0,0.0,0.0
1789088110.2372785,0.0,0.0,0.0,0.0,0.0,0.0
1789088110.2872858,0.0,0.0,0.0,0.0,0.0,0.0
1789088110.33703,0.0,0.0,0.0,0.0,0.0,0.0
1789088110.3932629,0.0,0.0,0.0,0.0,0.0,0.0
1789088110.437285,0.0,0.0,0.0,0.0,0.0,0.0
1789088110.4882002,0.0,0.0,0.0,0.0,0.0,0.0
1789088110.537132,0.0,0.0,0.0,0.0,0.0,0.0
1789088110.5896835,0.0,0.0,0.0,0.0,0.0,0.0
1789088110.6374333,0.0,0.0,0.0,0.0,0.0,0.0
1789088110.6914032,0.0,0.0,0.0,0.0,0.0,0.0
1789088110.7373164,0.0,0.0,0.0,0.0,0.0,0.0
1789088110.7873313,0.0,0.0,0.0,0.0,0.0,0.0
1789088110.8372145,0.0,0.0,0.0,0.0,0.0,0.0
1789088110.8899312,0.0,0.0,0.0,0.0,0.0,0.0
1789088110.9375277,0.0,0.0,0.0,0.0,0.0,0.0
1789088110.9921832,0.0,0.0,0.0,0.0,0.0,0.0
1789088111.0374131,0.0,0.0,0.0,0.0,0.0,0.0
1789088111.0875788,0.0,0.0,0.0,0.0,0.0,0.0
1789088111.1374264,0.0,0.0,0.0,0.0,0.0,0.0
1789088111.189294,0.0,0.0,0.0,0.0,0.0,0.0
1789088111.2373667,0.0,0.0,0.0,0.0,0.0,0.0
1789088111.290071,0.0,0.0,0.0,0.0,0.0,0.0
1789088111.337564,0.0,0.0,0.0,0.0,0.0,0.0
1789088111.388455,0.0,0.0,0.0,0.0,0.0,0.0
1789088111.4374669,0.0,0.0,0.0,0.0,0.0,0.0
1789088111.4873197,0.0,0.0,0.0,0.0,0.0,0.0
1789088111.5373857,0.0,0.0,0.0,0.0,0.0,0.0
1789088111.5900362,0.0,0.0,0.0,0.0,0.0,0.0
1789088111.637256,0.0,0.0,0.0,0.0,0.0,0.0
1789088111.6875625,0.0,0.0,0.0,0.0,0.0,0.0
1789088111.7372816,0.0,0.0,0.0,0.0,0.0,0.0
1789088111.790223,0.0,0.0,0.0,0.0,0.0,0.0
1789088111.8375537,0.0,0.0,0.0,0.0,0.0,0.0
1789088111.8887115,0.0,0.0,0.0,0.0,0.0,0.0
1789088111.9372852,0.0,0.0,0.0,0.0,0.0,0.0
1789088111.990119,0.0,0.0,0.0,0.0,0.0,0.0
1789088112.037404,0.0,0.0,0.0,0.0,0.0,0.0
1789088112.0887482,0.0,0.0,0.0,0.0,0.0,0.0
1789088112.1371412,0.0,0.0,0.0,0.0,0.0,0.0
1789088112.1895602,0.0,0.0,0.0,0.0,0.0,0.0
1789088112.2373831,0.0,0.0,0.0,0.0,0.0,0.0
1789088112.2880995,0.0,0.0,0.0,0.0,0.0,0.0
1789088112.3373303,0.0,0.0,0.0,0.0,0.0,0.0
1789088112.3909326,0.0,0.0,0.0,0.0,0.0,0.0
1789088112.437359,0.0,0.0,0.0,0.0,0.0,0.0
1789088112.4890873,0.0,0.0,0.0,0.0,0.0,0.0
1789088112.5375404,0.0,0.0,0.0,0.0,0.0,0.0
1789088112.5903647,0.0,0.0,0.0,0.0,0.0,0.0
1789088112.6373434,0.0,0.0,0.0,0.0,0.0,0.0
1789088112.6884296,0.0,0.0,0.0,0.0,0.0,0.0
1789088112.7373555,0.0,0.0,0.0,0.0,0.0,0.0
1789088112.7898486,0.0,0.0,0.0,0.0,0.0,0.0
1789088112.837419,0.0,0.0,0.0,0.0,0.0,0.0
1789088112.8873317,0.0,0.0,0.0,0.0,0.0,0.0
1789088112.9374201,0.0,0.0,0.0,0.0,0.0,0.0
1789088112.9904602,0.0,0.0,0.0,0.0,0.0,0.0
1789088113.0372112,0.0,0.0,0.0,0.0,0.0,0.0
1789088113.087581,0.0,0.0,0.0,0.0,0.0,0.0
1789088113.1372411,0.0,0.0,0.0,0.0,0.0,0.0
1789088113.1874523,0.0,0.0,0.0,0.0,0.0,0.0
1789088113.23718,0.0,0.0,0.0,0.0,0.0,0.0
1789088113.2913442,0.0,0.0,0.0,0.0,0.0,0.0
1789088113.3372457,0.0,0.0,0.0,0.0,0.0,0.0
1789088113.3900487,0.0,0.0,0.0,0.0,0.0,0.0
1789088113.4372694,0.0,0.0,0.0,0.0,0.0,0.0
1789088113.48921,0.0,0.0,0.0,0.0,0.0,0.0
1789088113.5372956,0.0,0.0,0.0,0.0,0.0,0.0
1789088113.5889654,0.0,0.0,0.0,0.0,0.0,0.0
1789088113.637187,0.0,0.0,0.0,0.0,0.0,0.0
1789088113.6893873,0.0,0.0,0.0,0.0,0.0,0.0
1789088113.7373328,0.0,0.0,0.0,0.0,0.0,0.0
1789088113.7896125,0.0,0.0,0.0,0.0,0.0,0.0
1789088113.8374403,0.0,0.0,0.0,0.0,0.0,0.0
1789088113.8896143,0.0,0.0,0.0,0.0,0.0,0.0
1789088113.9373136,0.0,0.0,0.0,0.0,0.0,0.0
1789088113.989947,0.0,0.0,0.0,0.0,0.0,0.0
1789088114.0372694,0.0,0.0,0.0,0.0,0.0,0.0
1789088114.090368,0.0,0.0,0.0,0.0,0.0,0.0
1789088114.1373944,0.0,0.0,0.0,0.0,0.0,0.0
1789088114.1926656,0.0,0.0,0.0,0.0,0.0,0.0
1789088114.2370956,0.0,0.0,0.0,0.0,0.0,0.0
1789088114.291379,0.0,0.0,0.0,0.0,0.0,0.0
1789088114.3373802,0.0,0.0,0.0,0.0,0.0,0.0
1789088114.3890877,0.0,0.0,0.0,0.0,0.0,0.0
1789088114.437459,0.0,0.0,0.0,0.0,0.0,0.0
1789088114.4923804,0.0,0.0,0.0,0.0,0.0,0.0
1789088114.5372722,0.0,0.0,0.0,0.0,0.0,0.0
1789088114.5871542,0.0,0.0,0.0,0.0,0.0,0.0
1789088114.6371012,0.0,0.0,0.0,0.0,0.0,0.0
1789088114.6907856,0.0,0.0,0.0,0.0,0.0,0.0
1789088114.7374442,0.0,0.0,0.0,0.0,0.0,0.0
1789088114.7911959,0.0,0.0,0.0,0.0,0.0,0.0
1789088114.83746,0.0,0.0,0.0,0.0,0.0,0.0
1789088114.8872957,0.0,0.0,0.0,0.0,0.0,0.0
1789088114.9373431,0.0,0.0,0.0,0.0,0.0,0.0
1789088114.9872243,0.0,0.0,0.0,0.0,0.0,0.0
1789088115.0374513,0.0,0.0,0.0,0.0,0.0,0.0
1789088115.0898468,0.0,0.0,0.0,0.0,0.0,0.0
1789088115.1373727,0.0,0.0,0.0,0.0,0.0,0.0
1789088115.187371,0.0,0.0,0.0,0.0,0.0,0.0
1789088115.2373457,0.0,0.0,0.0,0.0,0.0,0.0
1789088115.2904963,0.0,0.0,0.0,0.0,0.0,0.0
1789088115.3372304,0.0,0.0,0.0,0.0,0.0,0.0
1789088115.3942232,0.0,0.0,0.0,0.0,0.0,0.0
1789088115.4374502,0.0,0.0,0.0,0.0,0.0,0.0
1789088115.4874215,0.0,0.0,0.0,0.0,0.0,0.0
1789088115.5373807,0.0,0.0,0.0,0.0,0.0,0.0
1789088115.5875003,0.0,0.0,0.0,0.0,0.0,0.0
1789088115.6374226,0.0,0.0,0.0,0.0,0.0,0.0
1789088115.6910505,0.0,0.0,0.0,0.0,0.0,0.0
1789088115.7374713,0.0,0.0,0.0,0.0,0.0,0.0
1789088115.7900465,0.0,0.0,0.0,0.0,0.0,0.0
1789088115.8374653,0.0,0.0,0.0,0.0,0.0,0.0
1789088115.887303,0.0,0.0,0.0,0.0,0.0,0.0
1789088115.9373593,0.0,0.0,0.0,0.0,0.0,0.0
1789088115.9875107,0.0,0.0,0.0,0.0,0.0,0.0
1789088116.0372636,0.0,0.0,0.0,0.0,0.0,0.0
1789088116.090496,0.0,0.0,0.0,0.0,0.0,0.0
1789088116.137204,0.0,0.0,0.0,0.0,0.0,0.0
1789088116.1873906,0.0,0.0,0.0,0.0,0.0,0.0
1789088116.23745,0.0,0.0,0.0,0.0,0.0,0.0
1789088116.2872863,0.0,0.0,0.0,0.0,0.0,0.0
1789088116.3374646,0.0,0.0,0.0,0.0,0.0,0.0
1789088116.3908567,0.0,0.0,0.0,0.0,0.0,0.0
1789088116.4373116,0.0,0.0,0.0,0.0,0.0,0.0
1789088116.4874475,0.0,0.0,0.0,0.0,0.0,0.0
1789088116.5373461,0.0,0.0,0.0,0.0,0.0,0.0
1789088116.593234,0.0,0.0,0.0,0.0,0.0,0.0
1789088116.6373987,0.0,0.0,0.0,0.0,0.0,0.0
1789088116.6908002,0.0,0.0,0.0,0.0,0.0,0.0
1789088116.737468,0.0,0.0,0.0,0.0,0.0,0.0
1789088116.7912567,0.0,0.0,0.0,0.0,0.0,0.0
1789088116.8374588,0.0,0.0,0.0,0.0,0.0,0.0
1789088116.8874629,0.0,0.0,0.0,0.0,0.0,0.0
1789088116.9375532,0.0,0.0,0.0,0.0,0.0,0.0
1789088116.987385,0.0,0.0,0.0,0.0,0.0,0.0
1789088117.0372665,0.0,0.0,0.0,0.0,0.0,0.0
1789088117.0872009,0.0,0.0,0.0,0.0,0.0,0.0
1789088117.1373916,0.0,0.0,0.0,0.0,0.0,0.0
1789088117.1873918,0.0,0.0,0.0,0.0,0.0,0.0
1789088117.2373798,0.0,0.0,0.0,0.0,0.0,0.0
1789088117.2872493,0.0,0.0,0.0,0.0,0.0,0.0
1789088117.3375258,0.0,0.0,0.0,0.0,0.0,0.0
1789088117.387456,0.0,0.0,0.0,0.0,0.0,0.0
1789088117.437316,0.0,0.0,0.0,0.0,0.0,0.0
1789088117.4874923,0.0,0.0,0.0,0.0,0.0,0.0
1789088117.5371108,0.0,0.0,0.0,0.0,0.0,0.0
1789088117.58723,0.0,0.0,0.0,0.0,0.0,0.0
1789088117.637045,0.0,0.0,0.0,0.0,0.0,0.0
1789088117.6872244,0.0,0.0,0.0,0.0,0.0,0.0
1789088117.7375438,0.0,0.0,0.0,0.0,0.0,0.0
1789088117.7877445,0.0,0.0,0.0,0.0,0.0,0.0
1789088117.8374696,0.0,0.0,0.0,0.0,0.0,0.0
1789088117.8874764,0.0,0.0,0.0,0.0,0.0,0.0
1789088117.94252,0.0,0.0,0.0,0.0,0.0,0.0
1789088117.9874258,0.0,0.0,0.0,0.0,0.0,0.0
1789088118.0372255,0.0,0.0,0.0,0.0,0.0,0.0
1789088118.0871181,0.0,0.0,0.0,0.0,0.0,0.0
1789088118.137295,0.0,0.0,0.0,0.0,0.0,0.0
1789088118.187358,0.0,0.0,0.0,0.0,0.0,0.0
1789088118.2372742,0.0,0.0,0.0,0.0,0.0,0.0
1789088118.2872381,0.0,0.0,0.0,0.0,0.0,0.0
1789088118.3373883,0.0,0.0,0.0,0.0,0.0,0.0
1789088118.3872874,0.0,0.0,0.0,0.0,0.0,0.0
1789088118.4373093,0.0,0.0,0.0,0.0,0.0,0.0
1789088118.4873693,0.0,0.0,0.0,0.0,0.0,0.0
1789088118.537252,0.0,0.0,0.0,0.0,0.0,0.0
1789088118.587437,0.0,0.0,0.0,0.0,0.0,0.0
1789088118.637434,0.0,0.0,0.0,0.0,0.0,0.0
1789088118.687316,0.0,0.0,0.0,0.0,0.0,0.0
1789088118.7374196,0.0,0.0,0.0,0.0,0.0,0.0
1789088118.7875018,0.0,0.0,0.0,0.0,0.0,0.0
1789088118.83746,0.0,0.0,0.0,0.0,0.0,0.0
1789088118.887595,0.0,0.0,0.0,0.0,0.0,0.0
1789088118.937337,0.0,0.0,0.0,0.0,0.0,0.0
1789088118.9876084,0.0,0.0,0.0,0.0,0.0,0.0
1789088119.0374014,0.0,0.0,0.0,0.0,0.0,0.0
1789088119.0874214,0.0,0.0,0.0,0.0,0.0,0.0
1789088119.1373508,0.0,0.0,0.0,0.0,0.0,0.0
1789088119.1873071,0.0,0.0,0.0,0.0,0.0,0.0
1789088119.2373097,0.0,0.0,0.0,0.0,0.0,0.0
1789088119.2871277,0.0,0.0,0.0,0.0,0.0,0.0
1789088119.337389,0.0,0.0,0.0,0.0,0.0,0.0
1789088119.3873055,0.0,0.0,0.0,0.0,0.0,0.0
1789088119.4372191,0.0,0.0,0.0,0.0,0.0,0.0
1789088119.487181,0.0,0.0,0.0,0.0,0.0,0.0
1789088119.537189,0.0,0.0,0.0,0.0,0.0,0.0
1789088119.5873156,0.0,0.0,0.0,0.0,0.0,0.0
1789088119.637447,0.0,0.0,0.0,0.0,0.0,0.0
1789088119.6875656,0.0,0.0,0.0,0.0,0.0,0.0
1789088119.7374706,0.0,0.0,0.0,0.0,0.0,0.0
1789088119.7874272,0.0,0.0,0.0,0.0,0.0,0.0
1789088119.837424,0.0,0.0,0.0,0.0,0.0,0.0
1789088119.8874335,0.0,0.0,0.0,0.0,0.0,0.0
1789088119.9375126,0.0,0.0,0.0,0.0,0.0,0.0
1789088119.9875429,0.0,0.0,0.0,0.0,0.0,0.0
1789088120.037338,0.0,0.0,0.0,0.0,0.0,0.0
1789088120.0873225,0.0,0.0,0.0,0.0,0.0,0.0
1789088120.1374514,0.0,0.0,0.0,0.0,0.0,0.0
1789088120.1874118,0.0,0.0,0.0,0.0,0.0,0.0
1789088120.237593,0.0,0.0,0.0,0.0,0.0,0.0
1789088120.2874634,0.0,0.0,0.0,0.0,0.0,0.0
1789088120.3372185,0.0,0.0,0.0,0.0,0.0,0.0
1789088120.387517,0.0,0.0,0.0,0.0,0.0,0.0
1789088120.4373336,0.0,0.0,0.0,0.0,0.0,0.0
1789088120.487355,0.0,0.0,0.0,0.0,0.0,0.0
1789088120.5373044,0.0,0.0,0.0,0.0,0.0,0.0
1789088120.5875173,0.0,0.0,0.0,0.0,0.0,0.0
1789088120.6373827,0.0,0.0,0.0,0.0,0.0,0.0
1789088120.6872644,0.0,0.0,0.0,0.0,0.0,0.0
1789088120.7372658,0.0,0.0,0.0,0.0,0.0,0.0
1789088120.7874556,0.0,0.0,0.0,0.0,0.0,0.0
1789088120.837636,0.0,0.0,0.0,0.0,0.0,0.0
1789088120.8874898,0.0,0.0,0.0,0.0,0.0,0.0
1789088120.9372656,0.0,0.0,0.0,0.0,0.0,0.0
1789088120.9874945,0.0,0.0,0.0,0.0,0.0,0.0
1789088121.0373514,0.0,0.0,0.0,0.0,0.0,0.0
1789088121.0875416,0.0,0.0,0.0,0.0,0.0,0.0
1789088121.1373103,0.0,0.0,0.0,0.0,0.0,0.0
1789088121.1874526,0.0,0.0,0.0,0.0,0.0,0.0
1789088121.2372067,0.0,0.0,0.0,0.0,0.0,0.0
1789088121.2873375,0.0,0.0,0.0,0.0,0.0,0.0
1789088121.337281,0.0,0.0,0.0,0.0,0.0,0.0
1789088121.3875465,0.0,0.0,0.0,0.0,0.0,0.0
1789088121.4372196,0.0,0.0,0.0,0.0,0.0,0.0
1789088121.487317,0.0,0.0,0.0,0.0,0.0,0.0
1789088121.5372748,0.0,0.0,0.0,0.0,0.0,0.0
1789088121.58726,0.0,0.0,0.0,0.0,0.0,0.0
1789088121.6375287,0.0,0.0,0.0,0.0,0.0,0.0
1789088121.6875362,0.0,0.0,0.0,0.0,0.0,0.0
1789088121.7376428,0.0,0.0,0.0,0.0,0.0,0.0
1789088121.787218,0.0,0.0,0.0,0.0,0.0,0.0
1789088121.837297,0.0,0.0,0.0,0.0,0.0,0.0
1789088121.8871853,0.0,0.0,0.0,0.0,0.0,0.0
1789088121.9370363,0.0,0.0,0.0,0.0,0.0,0.0
1789088121.9872532,0.0,0.0,0.0,0.0,0.0,0.0
1789088122.0372784,0.0,0.0,0.0,0.0,0.0,0.0
1789088122.0870986,0.0,0.0,0.0,0.0,0.0,0.0
1789088122.1374261,0.0,0.0,0.0,0.0,0.0,0.0
1789088122.187495,0.0,0.0,0.0,0.0,0.0,0.0
1789088122.237338,0.0,0.0,0.0,0.0,0.0,0.0
1789088122.287213,0.0,0.0,0.0,0.0,0.0,0.0
1789088122.337603,0.0,0.0,0.0,0.0,0.0,0.0
1789088122.3874795,0.0,0.0,0.0,0.0,0.0,0.0
1789088122.437094,0.0,0.0,0.0,0.0,0.0,0.0
1789088122.4872043,0.0,0.0,0.0,0.0,0.0,0.0
1789088122.5373998,0.0,0.0,0.0,0.0,0.0,0.0
1789088122.5872297,0.0,0.0,0.0,0.0,0.0,0.0
1789088122.6371934,0.0,0.0,0.0,0.0,0.0,0.0
1789088122.6875875,0.0,0.0,0.0,0.0,0.0,0.0
1789088122.7373748,0.0,0.0,0.0,0.0,0.0,0.0
1789088122.7874484,0.0,0.0,0.0,0.0,0.0,0.0
1789088122.8374095,0.0,0.0,0.0,0.0,0.0,0.0
1789088122.8872802,0.0,0.0,0.0,0.0,0.0,0.0
1789088122.9374943,0.0,0.0,0.0,0.0,0.0,0.0
1789088122.9873443,0.0,0.0,0.0,0.0,0.0,0.0
1789088123.0373983,0.0,0.0,0.0,0.0,0.0,0.0
1789088123.0872035,0.0,0.0,0.0,0.0,0.0,0.0
1789088123.1375372,0.0,0.0,0.0,0.0,0.0,0.0
1789088123.187538,0.0,0.0,0.0,0.0,0.0,0.0
1789088123.2375395,0.0,0.0,0.0,0.0,0.0,0.0
1789088123.2876532,0.0,0.0,0.0,0.0,0.0,0.0
1789088123.3373458,0.0,0.0,0.0,0.0,0.0,0.0
1789088123.3872302,0.0,0.0,0.0,0.0,0.0,0.0
1789088123.4373727,0.0,0.0,0.0,0.0,0.0,0.0
1789088123.4873567,0.0,0.0,0.0,0.0,0.0,0.0
1789088123.5371258,0.0,0.0,0.0,0.0,0.0,0.0
1789088123.5873532,0.0,0.0,0.0,0.0,0.0,0.0
1789088123.6373954,0.0,0.0,0.0,0.0,0.0,0.0
1789088123.6873412,0.0,0.0,0.0,0.0,0.0,0.0
1789088123.737389,0.0,0.0,0.0,0.0,0.0,0.0
1789088123.7874303,0.0,0.0,0.0,0.0,0.0,0.0
1789088123.8373942,0.0,0.0,0.0,0.0,0.0,0.0
1789088123.8874063,0.0,0.0,0.0,0.0,0.0,0.0
1789088123.937523,0.0,0.0,0.0,0.0,0.0,0.0
1789088123.9873302,0.0,0.0,0.0,0.0,0.0,0.0
1789088124.0374212,0.0,0.0,0.0,0.0,0.0,0.0
1789088124.087358,0.0,0.0,0.0,0.0,0.0,0.0
1789088124.1375716,0.0,0.0,0.0,0.0,0.0,0.0
1789088124.1876237,0.0,0.0,0.0,0.0,0.0,0.0
1789088124.2377563,0.0,0.0,0.0,0.0,0.0,0.0
1789088124.2874985,0.0,0.0,0.0,0.0,0.0,0.0
1789088124.3373916,0.0,0.0,0.0,0.0,0.0,0.0
1789088124.3874176,0.0,0.0,0.0,0.0,0.0,0.0
1789088124.437302,0.0,0.0,0.0,0.0,0.0,0.0
1789088124.4874825,0.0,0.0,0.0,0.0,0.0,0.0
1789088124.5376246,0.0,0.0,0.0,0.0,0.0,0.0
1789088124.5873406,0.0,0.0,0.0,0.0,0.0,0.0
1789088124.6373,0.0,0.0,0.0,0.0,0.0,0.0
1789088124.687156,0.0,0.0,0.0,0.0,0.0,0.0
1789088124.737355,0.0,0.0,0.0,0.0,0.0,0.0
1789088124.787392,0.0,0.0,0.0,0.0,0.0,0.0
1789088124.837323,0.0,0.0,0.0,0.0,0.0,0.0
1789088124.8875632,0.0,0.0,0.0,0.0,0.0,0.0
1789088124.9375618,0.0,0.0,0.0,0.0,0.0,0.0
1789088124.9874785,0.0,0.0,0.0,0.0,0.0,0.0
1789088125.0386071,0.0,0.0,0.0,0.0,0.0,0.0
1789088125.0874481,0.0,0.0,0.0,0.0,0.0,0.0
1789088125.1371238,0.0,0.0,0.0,0.0,0.0,0.0
1789088125.1871583,0.0,0.0,0.0,0.0,0.0,0.0
1789088125.2372248,0.0,0.0,0.0,0.0,0.0,0.0
1789088125.2873375,0.0,0.0,0.0,0.0,0.0,0.0
1789088125.3395662,0.0,0.0,0.0,0.0,0.0,0.0
1789088125.3875446,0.0,0.0,0.0,0.0,0.0,0.0
1789088125.437403,0.0,0.0,0.0,0.0,0.0,0.0
1789088125.4875185,0.0,0.0,0.0,0.0,0.0,0.0
1789088125.5372355,0.0,0.0,0.0,0.0,0.0,0.0
1789088125.5872066,0.0,0.0,0.0,0.0,0.0,0.0
1789088125.6372774,0.0,0.0,0.0,0.0,0.0,0.0
1789088125.687298,0.0,0.0,0.0,0.0,0.0,0.0
1789088125.737072,0.0,0.0,0.0,0.0,0.0,0.0
1789088125.7870781,0.0,0.0,0.0,0.0,0.0,0.0
1789088125.83755,0.0,0.0,0.0,0.0,0.0,0.0
1789088125.887453,0.0,0.0,0.0,0.0,0.0,0.0
1789088125.9375021,0.0,0.0,0.0,0.0,0.0,0.0
1789088125.9875715,0.0,0.0,0.0,0.0,0.0,0.0
1789088126.0370831,0.0,0.0,0.0,0.0,0.0,0.0
1789088126.0871255,0.0,0.0,0.0,0.0,0.0,0.0
1789088126.137281,0.0,0.0,0.0,0.0,0.0,0.0
1789088126.187371,0.0,0.0,0.0,0.0,0.0,0.0
1789088126.237398,0.0,0.0,0.0,0.0,0.0,0.0
1789088126.2873297,0.0,0.0,0.0,0.0,0.0,0.0
1789088126.3375,0.0,0.0,0.0,0.0,0.0,0.0
1789088126.3876474,0.0,0.0,0.0,0.0,0.0,0.0
1789088126.4376528,0.0,0.0,0.0,0.0,0.0,0.0
1789088126.4876885,0.0,0.0,0.0,0.0,0.0,0.0
1789088126.5375786,0.0,0.0,0.0,0.0,0.0,0.0
1789088126.5875506,0.0,0.0,0.0,0.0,0.0,0.0
1789088126.6374013,0.0,0.0,0.0,0.0,0.0,0.0
1789088126.6877737,0.0,0.0,0.0,0.0,0.0,0.0
1789088126.7372313,0.0,0.0,0.0,0.0,0.0,0.0
1789088126.7875102,0.0,0.0,0.0,0.0,0.0,0.0
1789088126.8374114,0.0,0.0,0.0,0.0,0.0,0.0
1789088126.8873174,0.0,0.0,0.0,0.0,0.0,0.0
1789088126.9386573,0.0,0.0,0.0,0.0,0.0,0.0
1789088126.987351,0.0,0.0,0.0,0.0,0.0,0.0
1789088127.0371032,0.0,0.0,0.0,0.0,0.0,0.0
1789088127.0872743,0.0,0.0,0.0,0.0,0.0,0.0
1789088127.1371832,0.0,0.0,0.0,0.0,0.0,0.0
1789088127.187209,0.0,0.0,0.0,0.0,0.0,0.0
1789088127.237227,0.0,0.0,0.0,0.0,0.0,0.0
1789088127.287691,0.0,0.0,0.0,0.0,0.0,0.0
1789088127.3372731,0.0,0.0,0.0,0.0,0.0,0.0
1789088127.3873136,0.0,0.0,0.0,0.0,0.0,0.0
1789088127.4416242,0.0,0.0,0.0,0.0,0.0,0.0
1789088127.487581,0.0,0.0,0.0,0.0,0.0,0.0
1789088127.537412,0.0,0.0,0.0,0.0,0.0,0.0
1789088127.5873616,0.0,0.0,0.0,0.0,0.0,0.0
1789088127.6377985,0.0,0.0,0.0,0.0,0.0,0.0
1789088127.6874359,0.0,0.0,0.0,0.0,0.0,0.0
1789088127.7394507,0.0,0.0,0.0,0.0,0.0,0.0
1789088127.787553,0.0,0.0,0.0,0.0,0.0,0.0
1789088127.837282,0.0,0.0,0.0,0.0,0.0,0.0
1789088127.8876595,0.0,0.0,0.0,0.0,0.0,0.0
1789088127.9376633,0.0,0.0,0.0,0.0,0.0,0.0
1789088127.98751,0.0,0.0,0.0,0.0,0.0,0.0
1789088128.0375724,0.0,0.0,0.0,0.0,0.0,0.0
1789088128.0872416,0.0,0.0,0.0,0.0,0.0,0.0
1789088128.1374195,0.0,0.0,0.0,0.0,0.0,0.0
1789088128.1877081,0.0,0.0,0.0,0.0,0.0,0.0
1789088128.2383695,0.0,0.0,0.0,0.0,0.0,0.0
1789088128.2875378,0.0,0.0,0.0,0.0,0.0,0.0
1789088128.337529,0.0,0.0,0.0,0.0,0.0,0.0
1789088128.3873432,0.0,0.0,0.0,0.0,0.0,0.0
1789088128.4373772,0.0,0.0,0.0,0.0,0.0,0.0
1789088128.487467,0.0,0.0,0.0,0.0,0.0,0.0
1789088128.5376043,0.0,0.0,0.0,0.0,0.0,0.0
1789088128.5872133,0.0,0.0,0.0,0.0,0.0,0.0
1789088128.6378853,0.0,0.0,0.0,0.0,0.0,0.0
1789088128.6871777,0.0,0.0,0.0,0.0,0.0,0.0
1789088128.737541,0.0,0.0,0.0,0.0,0.0,0.0
1789088128.7871194,0.0,0.0,0.0,0.0,0.0,0.0
1789088128.8372972,0.0,0.0,0.0,0.0,0.0,0.0
1789088128.8874764,0.0,0.0,0.0,0.0,0.0,0.0
1789088128.9373372,0.0,0.0,0.0,0.0,0.0,0.0
1789088128.987262,0.0,0.0,0.0,0.0,0.0,0.0
1789088129.0372326,0.0,0.0,0.0,0.0,0.0,0.0
1789088129.087311,0.0,0.0,0.0,0.0,0.0,0.0
1789088129.1375299,0.0,0.0,0.0,0.0,0.0,0.0
1789088129.1872866,0.0,0.0,0.0,0.0,0.0,0.0
1789088129.2387407,0.0,0.0,0.0,0.0,0.0,0.0
1789088129.287237,0.0,0.0,0.0,0.0,0.0,0.0
1789088129.337253,0.0,0.0,0.0,0.0,0.0,0.0
1789088129.3874302,0.0,0.0,0.0,0.0,0.0,0.0
1789088129.4393845,0.0,0.0,0.0,0.0,0.0,0.0
1789088129.4872477,0.0,0.0,0.0,0.0,0.0,0.0
1789088129.5392041,0.0,0.0,0.0,0.0,0.0,0.0
1789088129.5875335,0.0,0.0,0.0,0.0,0.0,0.0
1789088129.6373384,0.0,0.0,0.0,0.0,0.0,0.0
1789088129.6871877,0.0,0.0,0.0,0.0,0.0,0.0
1789088129.738533,0.0,0.0,0.0,0.0,0.0,0.0
1789088129.7872608,0.0,0.0,0.0,0.0,0.0,0.0
1789088129.8372812,0.0,0.0,0.0,0.0,0.0,0.0
1789088129.8872175,0.0,0.0,0.0,0.0,0.0,0.0
1789088129.9372032,0.0,0.0,0.0,0.0,0.0,0.0
1789088129.9871354,0.0,0.0,0.0,0.0,0.0,0.0
1789088130.037222,0.0,0.0,0.0,0.0,0.0,0.0
1789088130.0873358,0.0,0.0,0.0,0.0,0.0,0.0
1789088130.1374428,0.0,0.0,0.0,0.0,0.0,0.0
1789088130.1872466,0.0,0.0,0.0,0.0,0.0,0.0
1789088130.2385745,0.0,0.0,0.0,0.0,0.0,0.0
1789088130.287525,0.0,0.0,0.0,0.0,0.0,0.0
1789088130.3405714,0.0,0.0,0.0,0.0,0.0,0.0
1789088130.3874938,0.0,0.0,0.0,0.0,0.0,0.0
1789088130.4392016,0.0,0.0,0.0,0.0,0.0,0.0
1789088130.4872603,0.0,0.0,0.0,0.0,0.0,0.0
1789088130.537589,0.0,0.0,0.0,0.0,0.0,0.0
1789088130.5870574,0.0,0.0,0.0,0.0,0.0,0.0
1789088130.6371171,0.0,0.0,0.0,0.0,0.0,0.0
1789088130.687199,0.0,0.0,0.0,0.0,0.0,0.0
1789088130.7374167,0.0,0.0,0.0,0.0,0.0,0.0
1789088130.7873213,0.0,0.0,0.0,0.0,0.0,0.0
1789088130.8373373,0.0,0.0,0.0,0.0,0.0,0.0
1789088130.8873482,0.0,0.0,0.0,0.0,0.0,0.0
1789088130.9384565,0.0,0.0,0.0,0.0,0.0,0.0
1789088130.9873219,0.0,0.0,0.0,0.0,0.0,0.0
1789088131.0400722,0.0,0.0,0.0,0.0,0.0,0.0
1789088131.087439,0.0,0.0,0.0,0.0,0.0,0.0
1789088131.1371865,0.0,0.0,0.0,0.0,0.0,0.0
1789088131.1872234,0.0,0.0,0.0,0.0,0.0,0.0
1789088131.2374377,0.0,0.0,0.0,0.0,0.0,0.0
1789088131.2874212,0.0,0.0,0.0,0.0,0.0,0.0
1789088131.3400266,0.0,0.0,0.0,0.0,0.0,0.0
1789088131.387385,0.0,0.0,0.0,0.0,0.0,0.0
1789088131.43797,0.0,0.0,0.0,0.0,0.0,0.0
1789088131.487277,0.0,0.0,0.0,0.0,0.0,0.0
1789088131.5400887,0.0,0.0,0.0,0.0,0.0,0.0
1789088131.5871828,0.0,0.0,0.0,0.0,0.0,0.0
1789088131.6441507,0.0,0.0,0.0,0.0,0.0,0.0
1789088131.6875713,0.0,0.0,0.0,0.0,0.0,0.0
1789088131.7403626,0.0,0.0,0.0,0.0,0.0,0.0
1789088131.7874377,0.0,0.0,0.0,0.0,0.0,0.0
1789088131.83719,0.0,0.0,0.0,0.0,0.0,0.0
1789088131.8872898,0.0,0.0,0.0,0.0,0.0,0.0
1789088131.9379096,0.0,0.0,0.0,0.0,0.0,0.0
1789088131.9873219,0.0,0.0,0.0,0.0,0.0,0.0
1789088132.037476,0.0,0.0,0.0,0.0,0.0,0.0
1789088132.0872216,0.0,0.0,0.0,0.0,0.0,0.0
1789088132.137263,0.0,0.0,0.0,0.0,0.0,0.0
1789088132.1874225,0.0,0.0,0.0,0.0,0.0,0.0
1789088132.2386403,0.0,0.0,0.0,0.0,0.0,0.0
1789088132.28705,0.0,0.0,0.0,0.0,0.0,0.0
1789088132.3395221,0.0,0.0,0.0,0.0,0.0,0.0
1789088132.3874137,0.0,0.0,0.0,0.0,0.0,0.0
1789088132.4394207,0.0,0.0,0.0,0.0,0.0,0.0
1789088132.4873397,0.0,0.0,0.0,0.0,0.0,0.0
1789088132.5388913,0.0,0.0,0.0,0.0,0.0,0.0
1789088132.5872908,0.0,0.0,0.0,0.0,0.0,0.0
1789088132.6423533,0.0,0.0,0.0,0.0,0.0,0.0
1789088132.6871877,0.0,0.0,0.0,0.0,0.0,0.0
1789088132.7416158,0.0,0.0,0.0,0.0,0.0,0.0
1789088132.7871926,0.0,0.0,0.0,0.0,0.0,0.0
1789088132.8381507,0.0,0.0,0.0,0.0,0.0,0.0
1789088132.887507,0.0,0.0,0.0,0.0,0.0,0.0
1789088132.940577,0.0,0.0,0.0,0.0,0.0,0.0
1789088132.9874227,0.0,0.0,0.0,0.0,0.0,0.0
1789088133.0383172,0.0,0.0,0.0,0.0,0.0,0.0
1789088133.0874293,0.0,0.0,0.0,0.0,0.0,0.0
1789088133.1384077,0.0,0.0,0.0,0.0,0.0,0.0
1789088133.1873698,0.0,0.0,0.0,0.0,0.0,0.0
1789088133.2377937,0.0,0.0,0.0,0.0,0.0,0.0
1789088133.2872066,0.0,0.0,0.0,0.0,0.0,0.0
1789088133.3386903,0.0,0.0,0.0,0.0,0.0,0.0
1789088133.3874617,0.0,0.0,0.0,0.0,0.0,0.0
1789088133.4399812,0.0,0.0,0.0,0.0,0.0,0.0
1789088133.4872074,0.0,0.0,0.0,0.0,0.0,0.0
1789088133.5393803,0.0,0.0,0.0,0.0,0.0,0.0
1789088133.5875106,0.0,0.0,0.0,0.0,0.0,0.0
1789088133.6387389,0.0,0.0,0.0,0.0,0.0,0.0
1789088133.6870914,0.0,0.0,0.0,0.0,0.0,0.0
1789088133.739236,0.0,0.0,0.0,0.0,0.0,0.0
1789088133.7871895,0.0,0.0,0.0,0.0,0.0,0.0
1789088133.8372061,0.0,0.0,0.0,0.0,0.0,0.0
1789088133.8873417,0.0,0.0,0.0,0.0,0.0,0.0
1789088133.9425528,0.0,0.0,0.0,0.0,0.0,0.0
1789088133.9873393,0.0,0.0,0.0,0.0,0.0,0.0
1789088134.0410855,0.0,0.0,0.0,0.0,0.0,0.0
1789088134.0874484,0.0,0.0,0.0,0.0,0.0,0.0
1789088134.1392324,0.0,0.0,0.0,0.0,0.0,0.0
1789088134.1873877,0.0,0.0,0.0,0.0,0.0,0.0
1789088134.239282,0.0,0.0,0.0,0.0,0.0,0.0
1789088134.2872512,0.0,0.0,0.0,0.0,0.0,0.0
1789088134.3380585,0.0,0.0,0.0,0.0,0.0,0.0
1789088134.3874063,0.0,0.0,0.0,0.0,0.0,0.0
1789088134.4374535,0.0,0.0,0.0,0.0,0.0,0.0
1789088134.4873164,0.0,0.0,0.0,0.0,0.0,0.0
1789088134.5388334,0.0,0.0,0.0,0.0,0.0,0.0
1789088134.587192,0.0,0.0,0.0,0.0,0.0,0.0
1789088134.6375034,0.0,0.0,0.0,0.0,0.0,0.0
1789088134.6874063,0.0,0.0,0.0,0.0,0.0,0.0
1789088134.7444987,0.0,0.0,0.0,0.0,0.0,0.0
1789088134.7871823,0.0,0.0,0.0,0.0,0.0,0.0
1789088134.8384635,0.0,0.0,0.0,0.0,0.0,0.0
1789088134.8873312,0.0,0.0,0.0,0.0,0.0,0.0
1789088134.9379537,0.0,0.0,0.0,0.0,0.0,0.0
1789088134.9872658,0.0,0.0,0.0,0.0,0.0,0.0
1789088135.0379212,0.0,0.0,0.0,0.0,0.0,0.0
1789088135.0873199,0.0,0.0,0.0,0.0,0.0,0.0
1789088135.1414855,0.0,0.0,0.0,0.0,0.0,0.0
1789088135.1872857,0.0,0.0,0.0,0.0,0.0,0.0
1789088135.241074,0.0,0.0,0.0,0.0,0.0,0.0
1789088135.2873523,0.0,0.0,0.0,0.0,0.0,0.0
1789088135.3397455,0.0,0.0,0.0,0.0,0.0,0.0
1789088135.3873055,0.0,0.0,0.0,0.0,0.0,0.0
1789088135.440703,0.0,0.0,0.0,0.0,0.0,0.0
1789088135.487169,0.0,0.0,0.0,0.0,0.0,0.0
1789088135.5389323,0.0,0.0,0.0,0.0,0.0,0.0
1789088135.5873404,0.0,0.0,0.0,0.0,0.0,0.0
1789088135.6415813,0.0,0.0,0.0,0.0,0.0,0.0
1789088135.6875017,0.0,0.0,0.0,0.0,0.0,0.0
1789088135.74215,0.0,0.0,0.0,0.0,0.0,0.0
1789088135.787476,0.0,0.0,0.0,0.0,0.0,0.0
1789088135.8393362,0.0,0.0,0.0,0.0,0.0,0.0
1789088135.8874385,0.0,0.0,0.0,0.0,0.0,0.0
1789088135.9396784,0.0,0.0,0.0,0.0,0.0,0.0
1789088135.987429,0.0,0.0,0.0,0.0,0.0,0.0
1789088136.0401652,0.0,0.0,0.0,0.0,0.0,0.0
1789088136.087199,0.0,0.0,0.0,0.0,0.0,0.0
1789088136.1420164,0.0,0.0,0.0,0.0,0.0,0.0
1789088136.187426,0.0,0.0,0.0,0.0,0.0,0.0
1789088136.2391047,0.0,0.0,0.0,0.0,0.0,0.0
1789088136.2874403,0.0,0.0,0.0,0.0,0.0,0.0
1789088136.338911,0.0,0.0,0.0,0.0,0.0,0.0
1789088136.387756,0.0,0.0,0.0,0.0,0.0,0.0
1789088136.4426563,0.0,0.0,0.0,0.0,0.0,0.0
1789088136.4872034,0.0,0.0,0.0,0.0,0.0,0.0
1789088136.543564,0.0,0.0,0.0,0.0,0.0,0.0
1789088136.5873437,0.0,0.0,0.0,0.0,0.0,0.0
1789088136.6413882,0.0,0.0,0.0,0.0,0.0,0.0
1789088136.6871948,0.0,0.0,0.0,0.0,0.0,0.0
1789088136.7417364,0.0,0.0,0.0,0.0,0.0,0.0
1789088136.7874744,0.0,0.0,0.0,0.0,0.0,0.0
1789088136.845146,0.0,0.0,0.0,0.0,0.0,0.0
1789088136.8874316,0.0,0.0,0.0,0.0,0.0,0.0
1789088136.9373212,0.0,0.0,0.0,0.0,0.0,0.0
1789088136.9875169,0.0,0.0,0.0,0.0,0.0,0.0
1789088137.0407722,0.0,0.0,0.0,0.0,0.0,0.0
1789088137.0872784,0.0,0.0,0.0,0.0,0.0,0.0
1789088137.1429882,0.0,0.0,0.0,0.0,0.0,0.0
1789088137.1874332,0.0,0.0,0.0,0.0,0.0,0.0
1789088137.2400665,0.0,0.0,0.0,0.0,0.0,0.0
1789088137.2873068,0.0,0.0,0.0,0.0,0.0,0.0
1789088137.3410184,0.0,0.0,0.0,0.0,0.0,0.0
1789088137.3872979,0.0,0.0,0.0,0.0,0.0,0.0
1789088137.4414763,0.0,0.0,0.0,0.0,0.0,0.0
1789088137.487409,0.0,0.0,0.0,0.0,0.0,0.0
1789088137.5371954,0.0,0.0,0.0,0.0,0.0,0.0
1789088137.5871737,0.0,0.0,0.0,0.0,0.0,0.0
1789088137.6439905,0.0,0.0,0.0,0.0,0.0,0.0
1789088137.687384,0.0,0.0,0.0,0.0,0.0,0.0
1789088137.7375906,0.0,0.0,0.0,0.0,0.0,0.0
1789088137.7874494,0.0,0.0,0.0,0.0,0.0,0.0
1789088137.8376331,0.0,0.0,0.0,0.0,0.0,0.0
1789088137.8874376,0.0,0.0,0.0,0.0,0.0,0.0
1789088137.937631,0.0,0.0,0.0,0.0,0.0,0.0
1789088137.9872239,0.0,0.0,0.0,0.0,0.0,0.0
1789088138.0374014,0.0,0.0,0.0,0.0,0.0,0.0
1789088138.0872717,0.0,0.0,0.0,0.0,0.0,0.0
1789088138.1412315,0.0,0.0,0.0,0.0,0.0,0.0
1789088138.1874504,0.0,0.0,0.0,0.0,0.0,0.0
1789088138.2414193,0.0,0.0,0.0,0.0,0.0,0.0
1789088138.2875066,0.0,0.0,0.0,0.0,0.0,0.0
1789088138.337575,0.0,0.0,0.0,0.0,0.0,0.0
1789088138.3876867,0.0,0.0,0.0,0.0,0.0,0.0
1789088138.4373333,0.0,0.0,0.0,0.0,0.0,0.0
1789088138.4872568,0.0,0.0,0.0,0.0,0.0,0.0
1789088138.5371873,0.0,0.0,0.0,0.0,0.0,0.0
1789088138.5872662,0.0,0.0,0.0,0.0,0.0,0.0
1789088138.6425908,0.0,0.0,0.0,0.0,0.0,0.0
1789088138.6872451,0.0,0.0,0.0,0.0,0.0,0.0
1789088138.7374866,0.0,0.0,0.0,0.0,0.0,0.0
1789088138.7874484,0.0,0.0,0.0,0.0,0.0,0.0
1789088138.8377187,0.0,0.0,0.0,0.0,0.0,0.0
1789088138.8874009,0.0,0.0,0.0,0.0,0.0,0.0
1789088138.9373353,0.0,0.0,0.0,0.0,0.0,0.0
1789088138.9875317,0.0,0.0,0.0,0.0,0.0,0.0
1789088139.037371,0.0,0.0,0.0,0.0,0.0,0.0
1789088139.0871713,0.0,0.0,0.0,0.0,0.0,0.0
1789088139.1413987,0.0,0.0,0.0,0.0,0.0,0.0
1789088139.1871374,0.0,0.0,0.0,0.0,0.0,0.0
1789088139.2372115,0.0,0.0,0.0,0.0,0.0,0.0
1789088139.2870271,0.0,0.0,0.0,0.0,0.0,0.0
1789088139.3373024,0.0,0.0,0.0,0.0,0.0,0.0
1789088139.3872967,0.0,0.0,0.0,0.0,0.0,0.0
1789088139.4374485,0.0,0.0,0.0,0.0,0.0,0.0
1789088139.4874692,0.0,0.0,0.0,0.0,0.0,0.0
1789088139.5374277,0.0,0.0,0.0,0.0,0.0,0.0
1789088139.5873141,0.0,0.0,0.0,0.0,0.0,0.0
1789088139.637557,0.0,0.0,0.0,0.0,0.0,0.0
1789088139.6873984,0.0,0.0,0.0,0.0,0.0,0.0
1789088139.7375562,0.0,0.0,0.0,0.0,0.0,0.0
1789088139.7873976,0.0,0.0,0.0,0.0,0.0,0.0
1789088139.837357,0.0,0.0,0.0,0.0,0.0,0.0
1789088139.887081,0.0,0.0,0.0,0.0,0.0,0.0
1789088139.937339,0.0,0.0,0.0,0.0,0.0,0.0
1789088139.9872131,0.0,0.0,0.0,0.0,0.0,0.0
1789088140.040393,0.0,0.0,0.0,0.0,0.0,0.0
1789088140.0871005,0.0,0.0,0.0,0.0,0.0,0.0
1789088140.1378472,0.0,0.0,0.0,0.0,0.0,0.0
1789088140.1872208,0.0,0.0,0.0,0.0,0.0,0.0
1789088140.2413409,0.0,0.0,0.0,0.0,0.0,0.0
1789088140.287335,0.0,0.0,0.0,0.0,0.0,0.0
1789088140.337232,0.0,0.0,0.0,0.0,0.0,0.0
1789088140.3872967,0.0,0.0,0.0,0.0,0.0,0.0
1789088140.4375992,0.0,0.0,0.0,0.0,0.0,0.0
1789088140.487206,0.0,0.0,0.0,0.0,0.0,0.0
1789088140.5373764,0.0,0.0,0.0,0.0,0.0,0.0
1789088140.5872207,0.0,0.0,0.0,0.0,0.0,0.0
1789088140.63739,0.0,0.0,0.0,0.0,0.0,0.0
1789088140.687313,0.0,0.0,0.0,0.0,0.0,0.0
1789088140.7372916,0.0,0.0,0.0,0.0,0.0,0.0
1789088140.787242,0.0,0.0,0.0,0.0,0.0,0.0
1789088140.8371139,0.0,0.0,0.0,0.0,0.0,0.0
1789088140.8872344,0.0,0.0,0.0,0.0,0.0,0.0
1789088140.9374464,0.0,0.0,0.0,0.0,0.0,0.0
1789088140.987058,0.0,0.0,0.0,0.0,0.0,0.0
1789088141.0375638,0.0,0.0,0.0,0.0,0.0,0.0
1789088141.087228,0.0,0.0,0.0,0.0,0.0,0.0
1789088141.1374788,0.0,0.0,0.0,0.0,0.0,0.0
1789088141.1872427,0.0,0.0,0.0,0.0,0.0,0.0
1789088141.2371757,0.0,0.0,0.0,0.0,0.0,0.0
1789088141.2873003,0.0,0.0,0.0,0.0,0.0,0.0
1789088141.3373005,0.0,0.0,0.0,0.0,0.0,0.0
1789088141.3872921,0.0,0.0,0.0,0.0,0.0,0.0
1789088141.4374497,0.0,0.0,0.0,0.0,0.0,0.0
1789088141.4874055,0.0,0.0,0.0,0.0,0.0,0.0
1789088141.5374026,0.0,0.0,0.0,0.0,0.0,0.0
1789088141.5875566,0.0,0.0,0.0,0.0,0.0,0.0
1789088141.6374059,0.0,0.0,0.0,0.0,0.0,0.0
1789088141.6872952,0.0,0.0,0.0,0.0,0.0,0.0
1789088141.7375584,0.0,0.0,0.0,0.0,0.0,0.0
1789088141.7873662,0.0,0.0,0.0,0.0,0.0,0.0
1789088141.8374784,0.0,0.0,0.0,0.0,0.0,0.0
1789088141.8872418,0.0,0.0,0.0,0.0,0.0,0.0
1789088141.9378266,0.0,0.0,0.0,0.0,0.0,0.0
1789088141.987496,0.0,0.0,0.0,0.0,0.0,0.0
1789088142.0377166,0.0,0.0,0.0,0.0,0.0,0.0
1789088142.0874012,0.0,0.0,0.0,0.0,0.0,0.0
1789088142.1374714,0.0,0.0,0.0,0.0,0.0,0.0
1789088142.1875694,0.0,0.0,0.0,0.0,0.0,0.0
1789088142.2375026,0.0,0.0,0.0,0.0,0.0,0.0
1789088142.2875164,0.0,0.0,0.0,0.0,0.0,0.0
1789088142.3375187,0.0,0.0,0.0,0.0,0.0,0.0
1789088142.3871877,0.0,0.0,0.0,0.0,0.0,0.0
1789088142.4376295,0.0,0.0,0.0,0.0,0.0,0.0
1789088142.4875047,0.0,0.0,0.0,0.0,0.0,0.0
1789088142.5374675,0.0,0.0,0.0,0.0,0.0,0.0
1789088142.5874302,0.0,0.0,0.0,0.0,0.0,0.0
1789088142.6373322,0.0,0.0,0.0,0.0,0.0,0.0
1789088142.6871638,0.0,0.0,0.0,0.0,0.0,0.0
1789088142.7374165,0.0,0.0,0.0,0.0,0.0,0.0
1789088142.7872145,0.0,0.0,0.0,0.0,0.0,0.0
1789088142.8372793,0.0,0.0,0.0,0.0,0.0,0.0
1789088142.8874412,0.0,0.0,0.0,0.0,0.0,0.0
1789088142.9374087,0.0,0.0,0.0,0.0,0.0,0.0
1789088142.9874647,0.0,0.0,0.0,0.0,0.0,0.0
1789088143.0373957,0.0,0.0,0.0,0.0,0.0,0.0
1789088143.0873942,0.0,0.0,0.0,0.0,0.0,0.0
1789088143.137272,0.0,0.0,0.0,0.0,0.0,0.0
1789088143.1873634,0.0,0.0,0.0,0.0,0.0,0.0
1789088143.237339,0.0,0.0,0.0,0.0,0.0,0.0
1789088143.2872357,0.0,0.0,0.0,0.0,0.0,0.0
1789088143.3375623,0.0,0.0,0.0,0.0,0.0,0.0
1789088143.3873994,0.0,0.0,0.0,0.0,0.0,0.0
1789088143.4374223,0.0,0.0,0.0,0.0,0.0,0.0
1789088143.487346,0.0,0.0,0.0,0.0,0.0,0.0
1789088143.5374858,0.0,0.0,0.0,0.0,0.0,0.0
1789088143.5871778,0.0,0.0,0.0,0.0,0.0,0.0
1789088143.6375368,0.0,0.0,0.0,0.0,0.0,0.0
1789088143.6874156,0.0,0.0,0.0,0.0,0.0,0.0
1789088143.7373805,0.0,0.0,0.0,0.0,0.0,0.0
1789088143.7875865,0.0,0.0,0.0,0.0,0.0,0.0
1789088143.837334,0.0,0.0,0.0,0.0,0.0,0.0
1789088143.8874211,0.0,0.0,0.0,0.0,0.0,0.0
1789088143.9375374,0.0,0.0,0.0,0.0,0.0,0.0
1789088143.9874945,0.0,0.0,0.0,0.0,0.0,0.0
1789088144.0374875,0.0,0.0,0.0,0.0,0.0,0.0
1789088144.0871055,0.0,0.0,0.0,0.0,0.0,0.0
1789088144.1373377,0.0,0.0,0.0,0.0,0.0,0.0
1789088144.1875095,0.0,0.0,0.0,0.0,0.0,0.0
1789088144.2373672,0.0,0.0,0.0,0.0,0.0,0.0
1789088144.2871845,0.0,0.0,0.0,0.0,0.0,0.0
1789088144.3371246,0.0,0.0,0.0,0.0,0.0,0.0
1789088144.670429,0.0,0.0,0.0,0.0,0.0,0.0
1789088144.6711252,0.0,0.0,0.0,0.0,0.0,0.0
1789088144.6872213,0.0,0.0,0.0,0.0,0.0,0.0
1789088144.7372162,0.0,0.0,0.0,0.0,0.0,0.0
1789088144.7871783,0.0,0.0,0.0,0.0,0.0,0.0
1789088144.8372707,0.0,0.0,0.0,0.0,0.0,0.0
1789088144.8871968,0.0,0.0,0.0,0.0,0.0,0.0
1789088144.9374173,0.0,0.0,0.0,0.0,0.0,0.0
1789088144.9873993,0.0,0.0,0.0,0.0,0.0,0.0
1789088145.0373693,0.0,0.0,0.0,0.0,0.0,0.0
1789088145.087338,0.0,0.0,0.0,0.0,0.0,0.0
1789088145.1373591,0.0,0.0,0.0,0.0,0.0,0.0
1789088145.187142,0.0,0.0,0.0,0.0,0.0,0.0
1789088145.2372615,0.0,0.0,0.0,0.0,0.0,0.0
1789088145.287292,0.0,0.0,0.0,0.0,0.0,0.0
1789088145.337437,0.0,0.0,0.0,0.0,0.0,0.0
1789088145.3873773,0.0,0.0,0.0,0.0,0.0,0.0
1789088145.4375138,0.0,0.0,0.0,0.0,0.0,0.0
1789088145.4873545,0.0,0.0,0.0,0.0,0.0,0.0
1789088145.537323,0.0,0.0,0.0,0.0,0.0,0.0
1789088145.587341,0.0,0.0,0.0,0.0,0.0,0.0
1789088145.6375923,0.0,0.0,0.0,0.0,0.0,0.0
1789088145.6871536,0.0,0.0,0.0,0.0,0.0,0.0
1789088145.737248,0.0,0.0,0.0,0.0,0.0,0.0
1789088145.787091,0.0,0.0,0.0,0.0,0.0,0.0
1789088145.83741,0.0,0.0,0.0,0.0,0.0,0.0
1789088145.8875744,0.0,0.0,0.0,0.0,0.0,0.0
1789088145.9373546,0.0,0.0,0.0,0.0,0.0,0.0
1789088145.9873521,0.0,0.0,0.0,0.0,0.0,0.0
1789088146.037567,0.0,0.0,0.0,0.0,0.0,0.0
1789088146.0874016,0.0,0.0,0.0,0.0,0.0,0.0
1789088146.1373215,0.0,0.0,0.0,0.0,0.0,0.0
1789088146.187207,0.0,0.0,0.0,0.0,0.0,0.0
1789088146.2372704,0.0,0.0,0.0,0.0,0.0,0.0
1789088146.2876115,0.0,0.0,0.0,0.0,0.0,0.0
1789088146.3374734,0.0,0.0,0.0,0.0,0.0,0.0
1789088146.3872676,0.0,0.0,0.0,0.0,0.0,0.0
1789088146.4373367,0.0,0.0,0.0,0.0,0.0,0.0
1789088146.4872663,0.0,0.0,0.0,0.0,0.0,0.0
1789088146.5373077,0.0,0.0,0.0,0.0,0.0,0.0
1789088146.587302,0.0,0.0,0.0,0.0,0.0,0.0
1789088146.6373456,0.0,0.0,0.0,0.0,0.0,0.0
1789088146.68731,0.0,0.0,0.0,0.0,0.0,0.0
1789088146.7372634,0.0,0.0,0.0,0.0,0.0,0.0
1789088146.787341,0.0,0.0,0.0,0.0,0.0,0.0
1789088146.8372297,0.0,0.0,0.0,0.0,0.0,0.0
1789088146.8871667,0.0,0.0,0.0,0.0,0.0,0.0
1789088146.9374223,0.0,0.0,0.0,0.0,0.0,0.0
1789088146.987282,0.0,0.0,0.0,0.0,0.0,0.0
1789088147.0373955,0.0,0.0,0.0,0.0,0.0,0.0
1789088147.0873055,0.0,0.0,0.0,0.0,0.0,0.0
1789088147.1373425,0.0,0.0,0.0,0.0,0.0,0.0
1789088147.187364,0.0,0.0,0.0,0.0,0.0,0.0
1789088147.2373703,0.0,0.0,0.0,0.0,0.0,0.0
1789088147.2873886,0.0,0.0,0.0,0.0,0.0,0.0
1789088147.337676,0.0,0.0,0.0,0.0,0.0,0.0
1789088147.3872023,0.0,0.0,0.0,0.0,0.0,0.0
1789088147.4372606,0.0,0.0,0.0,0.0,0.0,0.0
1789088147.4872942,0.0,0.0,0.0,0.0,0.0,0.0
1789088147.537163,0.0,0.0,0.0,0.0,0.0,0.0
1789088147.58739,0.0,0.0,0.0,0.0,0.0,0.0
1789088147.6372252,0.0,0.0,0.0,0.0,0.0,0.0
1789088147.687198,0.0,0.0,0.0,0.0,0.0,0.0
1789088147.7374413,0.0,0.0,0.0,0.0,0.0,0.0
1789088147.7874036,0.0,0.0,0.0,0.0,0.0,0.0
1789088147.8372607,0.0,0.0,0.0,0.0,0.0,0.0
1789088147.8872845,0.0,0.0,0.0,0.0,0.0,0.0
1789088147.9373622,0.0,0.0,0.0,0.0,0.0,0.0
1789088147.9874551,0.0,0.0,0.0,0.0,0.0,0.0
1789088148.0373998,0.0,0.0,0.0,0.0,0.0,0.0
1789088148.0923924,0.0,0.0,0.0,0.0,0.0,0.0
1789088148.1374266,0.0,0.0,0.0,0.0,0.0,0.0
1789088148.1871653,0.0,0.0,0.0,0.0,0.0,0.0
1789088148.237216,0.0,0.0,0.0,0.0,0.0,0.0
1789088148.2873342,0.0,0.0,0.0,0.0,0.0,0.0
1789088148.337304,0.0,0.0,0.0,0.0,0.0,0.0
1789088148.38732,0.0,0.0,0.0,0.0,0.0,0.0
1789088148.437663,0.0,0.0,0.0,0.0,0.0,0.0
1789088148.4880843,0.0,0.0,0.0,0.0,0.0,0.0
1789088148.5374324,0.0,0.0,0.0,0.0,0.0,0.0
1789088148.587181,0.0,0.0,0.0,0.0,0.0,0.0
1789088148.6373355,0.0,0.0,0.0,0.0,0.0,0.0
1789088148.687287,0.0,0.0,0.0,0.0,0.0,0.0
1789088148.7373755,0.0,0.0,0.0,0.0,0.0,0.0
1789088148.787405,0.0,0.0,0.0,0.0,0.0,0.0
1789088148.8373945,0.0,0.0,0.0,0.0,0.0,0.0
1789088148.8873086,0.0,0.0,0.0,0.0,0.0,0.0
1789088148.9374425,0.0,0.0,0.0,0.0,0.0,0.0
1789088148.9873693,0.0,0.0,0.0,0.0,0.0,0.0
1789088149.0375338,0.0,0.0,0.0,0.0,0.0,0.0
1789088149.0886567,0.0,0.0,0.0,0.0,0.0,0.0
1789088149.1373434,0.0,0.0,0.0,0.0,0.0,0.0
1789088149.1872709,0.0,0.0,0.0,0.0,0.0,0.0
1789088149.2373881,0.0,0.0,0.0,0.0,0.0,0.0
1789088149.2874353,0.0,0.0,0.0,0.0,0.0,0.0
1789088149.3375168,0.0,0.0,0.0,0.0,0.0,0.0
1789088149.3873587,0.0,0.0,0.0,0.0,0.0,0.0
1789088149.4373415,0.0,0.0,0.0,0.0,0.0,0.0
1789088149.488825,0.0,0.0,0.0,0.0,0.0,0.0
1789088149.5371864,0.0,0.0,0.0,0.0,0.0,0.0
1789088149.5872548,0.0,0.0,0.0,0.0,0.0,0.0
1789088149.637283,0.0,0.0,0.0,0.0,0.0,0.0
1789088149.6870787,0.0,0.0,0.0,0.0,0.0,0.0
1789088149.7376678,0.0,0.0,0.0,0.0,0.0,0.0
1789088149.790157,0.0,0.0,0.0,0.0,0.0,0.0
1789088149.8374743,0.0,0.0,0.0,0.0,0.0,0.0
1789088149.890749,0.0,0.0,0.0,0.0,0.0,0.0
1789088149.9371908,0.0,0.0,0.0,0.0,0.0,0.0
1789088149.9871254,0.0,0.0,0.0,0.0,0.0,0.0
1789088150.03729,0.0,0.0,0.0,0.0,0.0,0.0
1789088150.0872865,0.0,0.0,0.0,0.0,0.0,0.0
1789088150.137145,0.0,0.0,0.0,0.0,0.0,0.0
1789088150.1872244,0.0,0.0,0.0,0.0,0.0,0.0
1789088150.237262,0.0,0.0,0.0,0.0,0.0,0.0
1789088150.2871792,0.0,0.0,0.0,0.0,0.0,0.0
1789088150.3373098,0.0,0.0,0.0,0.0,0.0,0.0
1789088150.3946273,0.0,0.0,0.0,0.0,0.0,0.0
1789088150.4372559,0.0,0.0,0.0,0.0,0.0,0.0
1789088150.488391,0.0,0.0,0.0,0.0,0.0,0.0
1789088150.537159,0.0,0.0,0.0,0.0,0.0,0.0
1789088150.5872676,0.0,0.0,0.0,0.0,0.0,0.0
1789088150.6375475,0.0,0.0,0.0,0.0,0.0,0.0
1789088150.687456,0.0,0.0,0.0,0.0,0.0,0.0
1789088150.73737,0.0,0.0,0.0,0.0,0.0,0.0
1789088150.7873595,0.0,0.0,0.0,0.0,0.0,0.0
1789088150.83723,0.0,0.0,0.0,0.0,0.0,0.0
1789088150.8872993,0.0,0.0,0.0,0.0,0.0,0.0
1789088150.9374673,0.0,0.0,0.0,0.0,0.0,0.0
1789088150.9876146,0.0,0.0,0.0,0.0,0.0,0.0
1789088151.037383,0.0,0.0,0.0,0.0,0.0,0.0
1789088151.0903575,0.0,0.0,0.0,0.0,0.0,0.0
1789088151.1374414,0.0,0.0,0.0,0.0,0.0,0.0
1789088151.187406,0.0,0.0,0.0,0.0,0.0,0.0
1789088151.2372885,0.0,0.0,0.0,0.0,0.0,0.0
1789088151.2871714,0.0,0.0,0.0,0.0,0.0,0.0
1789088151.3375068,0.0,0.0,0.0,0.0,0.0,0.0
1789088151.3880727,0.0,0.0,0.0,0.0,0.0,0.0
1789088151.4374356,0.0,0.0,0.0,0.0,0.0,0.0
1789088151.4874542,0.0,0.0,0.0,0.0,0.0,0.0
1789088151.5376747,0.0,0.0,0.0,0.0,0.0,0.0
1789088151.588672,0.0,0.0,0.0,0.0,0.0,0.0
1789088151.6375089,0.0,0.0,0.0,0.0,0.0,0.0
1789088151.6873026,0.0,0.0,0.0,0.0,0.0,0.0
1789088151.7374508,0.0,0.0,0.0,0.0,0.0,0.0
1789088151.7871687,0.0,0.0,0.0,0.0,0.0,0.0
1789088151.8375554,0.0,0.0,0.0,0.0,0.0,0.0
1789088151.8874278,0.0,0.0,0.0,0.0,0.0,0.0
1789088151.9375002,0.0,0.0,0.0,0.0,0.0,0.0
1789088151.9894373,0.0,0.0,0.0,0.0,0.0,0.0
1789088152.0375962,0.0,0.0,0.0,0.0,0.0,0.0
1789088152.0872467,0.0,0.0,0.0,0.0,0.0,0.0
1789088152.1372752,0.0,0.0,0.0,0.0,0.0,0.0
1789088152.1895661,0.0,0.0,0.0,0.0,0.0,0.0
1789088152.2373428,0.0,0.0,0.0,0.0,0.0,0.0
1789088152.2938185,0.0,0.0,0.0,0.0,0.0,0.0
1789088152.3374994,0.0,0.0,0.0,0.0,0.0,0.0
1789088152.3874755,0.0,0.0,0.0,0.0,0.0,0.0
1789088152.4376497,0.0,0.0,0.0,0.0,0.0,0.0
1789088152.4874995,0.0,0.0,0.0,0.0,0.0,0.0
1789088152.5375705,0.0,0.0,0.0,0.0,0.0,0.0
1789088152.587484,0.0,0.0,0.0,0.0,0.0,0.0
1789088152.6373703,0.0,0.0,0.0,0.0,0.0,0.0
1789088152.6874073,0.0,0.0,0.0,0.0,0.0,0.0
1789088152.7376869,0.0,0.0,0.0,0.0,0.0,0.0
1789088152.7874465,0.0,0.0,0.0,0.0,0.0,0.0
1789088152.8373985,0.0,0.0,0.0,0.0,0.0,0.0
1789088152.887088,0.0,0.0,0.0,0.0,0.0,0.0
1789088152.9373198,0.0,0.0,0.0,0.0,0.0,0.0
1789088152.9873068,0.0,0.0,0.0,0.0,0.0,0.0
1789088153.037032,0.0,0.0,0.0,0.0,0.0,0.0
1789088153.0870962,0.0,0.0,0.0,0.0,0.0,0.0
1789088153.1371777,0.0,0.0,0.0,0.0,0.0,0.0
1789088153.1873713,0.0,0.0,0.0,0.0,0.0,0.0
1789088153.237369,0.0,0.0,0.0,0.0,0.0,0.0
1789088153.2875597,0.0,0.0,0.0,0.0,0.0,0.0
1789088153.3372304,0.0,0.0,0.0,0.0,0.0,0.0
1789088153.3873317,0.0,0.0,0.0,0.0,0.0,0.0
1789088153.4375093,0.0,0.0,0.0,0.0,0.0,0.0
1789088153.4871488,0.0,0.0,0.0,0.0,0.0,0.0
1789088153.5373433,0.0,0.0,0.0,0.0,0.0,0.0
1789088153.5872416,0.0,0.0,0.0,0.0,0.0,0.0
1789088153.637434,0.0,0.0,0.0,0.0,0.0,0.0
1789088153.687427,0.0,0.0,0.0,0.0,0.0,0.0
1789088153.7372913,0.0,0.0,0.0,0.0,0.0,0.0
1789088153.7879486,0.0,0.0,0.0,0.0,0.0,0.0
1789088153.837415,0.0,0.0,0.0,0.0,0.0,0.0
1789088153.8872125,0.0,0.0,0.0,0.0,0.0,0.0
1789088153.937381,0.0,0.0,0.0,0.0,0.0,0.0
1789088153.9873855,0.0,0.0,0.0,0.0,0.0,0.0
1789088154.0372772,0.0,0.0,0.0,0.0,0.0,0.0
1789088154.087526,0.0,0.0,0.0,0.0,0.0,0.0
1789088154.1373837,0.0,0.0,0.0,0.0,0.0,0.0
1789088154.187407,0.0,0.0,0.0,0.0,0.0,0.0
1789088154.237286,0.0,0.0,0.0,0.0,0.0,0.0
1789088154.2874172,0.0,0.0,0.0,0.0,0.0,0.0
1789088154.3375065,0.0,0.0,0.0,0.0,0.0,0.0
1789088154.3907735,0.0,0.0,0.0,0.0,0.0,0.0
1789088154.4376276,0.0,0.0,0.0,0.0,0.0,0.0
1789088154.487869,0.0,0.0,0.0,0.0,0.0,0.0
1789088154.5375483,0.0,0.0,0.0,0.0,0.0,0.0
1789088154.5886815,0.0,0.0,0.0,0.0,0.0,0.0
1789088154.6374154,0.0,0.0,0.0,0.0,0.0,0.0
1789088154.688131,0.0,0.0,0.0,0.0,0.0,0.0
1789088154.737241,0.0,0.0,0.0,0.0,0.0,0.0
1789088154.7913451,0.0,0.0,0.0,0.0,0.0,0.0
1789088154.837528,0.0,0.0,0.0,0.0,0.0,0.0
1789088154.8931425,0.0,0.0,0.0,0.0,0.0,0.0
1789088154.9374688,0.0,0.0,0.0,0.0,0.0,0.0
1789088154.9874673,0.0,0.0,0.0,0.0,0.0,0.0
1789088155.0373726,0.0,0.0,0.0,0.0,0.0,0.0
1789088155.0874093,0.0,0.0,0.0,0.0,0.0,0.0
1789088155.1374085,0.0,0.0,0.0,0.0,0.0,0.0
1789088155.1876075,0.0,0.0,0.0,0.0,0.0,0.0
1789088155.2374744,0.0,0.0,0.0,0.0,0.0,0.0
1789088155.2875075,0.0,0.0,0.0,0.0,0.0,0.0
1789088155.3373573,0.0,0.0,0.0,0.0,0.0,0.0
1789088155.3877192,0.0,0.0,0.0,0.0,0.0,0.0
1789088155.4375117,0.0,0.0,0.0,0.0,0.0,0.0
1789088155.4878983,0.0,0.0,0.0,0.0,0.0,0.0
1789088155.537463,0.0,0.0,0.0,0.0,0.0,0.0
1789088155.5874515,0.0,0.0,0.0,0.0,0.0,0.0
1789088155.6373389,0.0,0.0,0.0,0.0,0.0,0.0
1789088155.6873899,0.0,0.0,0.0,0.0,0.0,0.0
1789088155.7372813,0.0,0.0,0.0,0.0,0.0,0.0
1789088155.7872589,0.0,0.0,0.0,0.0,0.0,0.0
1789088155.8374817,0.0,0.0,0.0,0.0,0.0,0.0
1789088155.887425,0.0,0.0,0.0,0.0,0.0,0.0
1789088155.9373305,0.0,0.0,0.0,0.0,0.0,0.0
1789088155.99173,0.0,0.0,0.0,0.0,0.0,0.0
1789088156.037488,0.0,0.0,0.0,0.0,0.0,0.0
1789088156.0875077,0.0,0.0,0.0,0.0,0.0,0.0
1789088156.137308,0.0,0.0,0.0,0.0,0.0,0.0
1789088156.1873357,0.0,0.0,0.0,0.0,0.0,0.0
1789088156.237399,0.0,0.0,0.0,0.0,0.0,0.0
1789088156.2886233,0.0,0.0,0.0,0.0,0.0,0.0
1789088156.3372931,0.0,0.0,0.0,0.0,0.0,0.0
1789088156.3891134,0.0,0.0,0.0,0.0,0.0,0.0
1789088156.4373,0.0,0.0,0.0,0.0,0.0,0.0
1789088156.490494,0.0,0.0,0.0,0.0,0.0,0.0
1789088156.5372028,0.0,0.0,0.0,0.0,0.0,0.0
1789088156.591014,0.0,0.0,0.0,0.0,0.0,0.0
1789088156.6375287,0.0,0.0,0.0,0.0,0.0,0.0
1789088156.6906815,0.0,0.0,0.0,0.0,0.0,0.0
1789088156.737335,0.0,0.0,0.0,0.0,0.0,0.0
1789088156.7882478,0.0,0.0,0.0,0.0,0.0,0.0
1789088156.8374577,0.0,0.0,0.0,0.0,0.0,0.0
1789088156.8884048,0.0,0.0,0.0,0.0,0.0,0.0
1789088156.937187,0.0,0.0,0.0,0.0,0.0,0.0
1789088156.987736,0.0,0.0,0.0,0.0,0.0,0.0
1789088157.0372837,0.0,0.0,0.0,0.0,0.0,0.0
1789088157.0892532,0.0,0.0,0.0,0.0,0.0,0.0
1789088157.137186,0.0,0.0,0.0,0.0,0.0,0.0
1789088157.1928332,0.0,0.0,0.0,0.0,0.0,0.0
1789088157.2374775,0.0,0.0,0.0,0.0,0.0,0.0
1789088157.289318,0.0,0.0,0.0,0.0,0.0,0.0
1789088157.3374057,0.0,0.0,0.0,0.0,0.0,0.0
1789088157.3900871,0.0,0.0,0.0,0.0,0.0,0.0
1789088157.437157,0.0,0.0,0.0,0.0,0.0,0.0
1789088157.4879549,0.0,0.0,0.0,0.0,0.0,0.0
1789088157.5373716,0.0,0.0,0.0,0.0,0.0,0.0
1789088157.588614,0.0,0.0,0.0,0.0,0.0,0.0
1789088157.6373906,0.0,0.0,0.0,0.0,0.0,0.0
1789088157.6953917,0.0,0.0,0.0,0.0,0.0,0.0
1789088157.737497,0.0,0.0,0.0,0.0,0.0,0.0
1789088157.789115,0.0,0.0,0.0,0.0,0.0,0.0
1789088157.8376138,0.0,0.0,0.0,0.0,0.0,0.0
1789088157.8917224,0.0,0.0,0.0,0.0,0.0,0.0
1789088157.9372282,0.0,0.0,0.0,0.0,0.0,0.0
1789088157.9922867,0.0,0.0,0.0,0.0,0.0,0.0
1789088158.0374186,0.0,0.0,0.0,0.0,0.0,0.0
1789088158.0874205,0.0,0.0,0.0,0.0,0.0,0.0
1789088158.137503,0.0,0.0,0.0,0.0,0.0,0.0
1789088158.1906831,0.0,0.0,0.0,0.0,0.0,0.0
1789088158.2373347,0.0,0.0,0.0,0.0,0.0,0.0
1789088158.287569,0.0,0.0,0.0,0.0,0.0,0.0
1789088158.3375049,0.0,0.0,0.0,0.0,0.0,0.0
1789088158.3907518,0.0,0.0,0.0,0.0,0.0,0.0
1789088158.4374473,0.0,0.0,0.0,0.0,0.0,0.0
1789088158.4874613,0.0,0.0,0.0,0.0,0.0,0.0
1789088158.5373502,0.0,0.0,0.0,0.0,0.0,0.0
1789088158.588432,0.0,0.0,0.0,0.0,0.0,0.0
1789088158.6374452,0.0,0.0,0.0,0.0,0.0,0.0
1789088158.6891663,0.0,0.0,0.0,0.0,0.0,0.0
1789088158.737482,0.0,0.0,0.0,0.0,0.0,0.0
1789088158.789994,0.0,0.0,0.0,0.0,0.0,0.0
1789088158.8375955,0.0,0.0,0.0,0.0,0.0,0.0
1789088158.890779,0.0,0.0,0.0,0.0,0.0,0.0
1789088158.9375176,0.0,0.0,0.0,0.0,0.0,0.0
1789088158.989421,0.0,0.0,0.0,0.0,0.0,0.0
1789088159.0376143,0.0,0.0,0.0,0.0,0.0,0.0
1789088159.0879376,0.0,0.0,0.0,0.0,0.0,0.0
1789088159.1373436,0.0,0.0,0.0,0.0,0.0,0.0
1789088159.1897836,0.0,0.0,0.0,0.0,0.0,0.0
1789088159.237382,0.0,0.0,0.0,0.0,0.0,0.0
1789088159.2900984,0.0,0.0,0.0,0.0,0.0,0.0
1789088159.3376377,0.0,0.0,0.0,0.0,0.0,0.0
1789088159.3902807,0.0,0.0,0.0,0.0,0.0,0.0
1789088159.437405,0.0,0.0,0.0,0.0,0.0,0.0
1789088159.4899335,0.0,0.0,0.0,0.0,0.0,0.0
1789088159.5372648,0.0,0.0,0.0,0.0,0.0,0.0
1789088159.590159,0.0,0.0,0.0,0.0,0.0,0.0
1789088159.6376178,0.0,0.0,0.0,0.0,0.0,0.0
1789088159.6927807,0.0,0.0,0.0,0.0,0.0,0.0
1789088159.7375398,0.0,0.0,0.0,0.0,0.0,0.0
1789088159.7875748,0.0,0.0,0.0,0.0,0.0,0.0
1789088159.8375382,0.0,0.0,0.0,0.0,0.0,0.0
1789088159.8901606,0.0,0.0,0.0,0.0,0.0,0.0
1789088159.9375484,0.0,0.0,0.0,0.0,0.0,0.0
1789088159.9940186,0.0,0.0,0.0,0.0,0.0,0.0
1789088160.0375326,0.0,0.0,0.0,0.0,0.0,0.0
1789088160.0902946,0.0,0.0,0.0,0.0,0.0,0.0
1789088160.1374683,0.0,0.0,0.0,0.0,0.0,0.0
1789088160.190389,0.0,0.0,0.0,0.0,0.0,0.0
1789088160.2370713,0.0,0.0,0.0,0.0,0.0,0.0
1789088160.2911234,0.0,0.0,0.0,0.0,0.0,0.0
1789088160.3374796,0.0,0.0,0.0,0.0,0.0,0.0
1789088160.3903944,0.0,0.0,0.0,0.0,0.0,0.0
1789088160.437254,0.0,0.0,0.0,0.0,0.0,0.0
1789088160.4908519,0.0,0.0,0.0,0.0,0.0,0.0
1789088160.537319,0.0,0.0,0.0,0.0,0.0,0.0
1789088160.5909956,0.0,0.0,0.0,0.0,0.0,0.0
1789088160.637234,0.0,0.0,0.0,0.0,0.0,0.0
1789088160.6916888,0.0,0.0,0.0,0.0,0.0,0.0
1789088160.7373664,0.0,0.0,0.0,0.0,0.0,0.0
1789088160.79416,0.0,0.0,0.0,0.0,0.0,0.0
1789088160.837364,0.0,0.0,0.0,0.0,0.0,0.0
1789088160.8918083,0.0,0.0,0.0,0.0,0.0,0.0
1789088160.9373448,0.0,0.0,0.0,0.0,0.0,0.0
1789088160.991462,0.0,0.0,0.0,0.0,0.0,0.0
1789088161.0372348,0.0,0.0,0.0,0.0,0.0,0.0
1789088161.0905278,0.0,0.0,0.0,0.0,0.0,0.0
1789088161.1374857,0.0,0.0,0.0,0.0,0.0,0.0
1789088161.1913586,0.0,0.0,0.0,0.0,0.0,0.0
1789088161.2374167,0.0,0.0,0.0,0.0,0.0,0.0
1789088161.2908163,0.0,0.0,0.0,0.0,0.0,0.0
1789088161.3371737,0.0,0.0,0.0,0.0,0.0,0.0
1789088161.3912244,0.0,0.0,0.0,0.0,0.0,0.0
1789088161.4373305,0.0,0.0,0.0,0.0,0.0,0.0
1789088161.4910214,0.0,0.0,0.0,0.0,0.0,0.0
1789088161.5371988,0.0,0.0,0.0,0.0,0.0,0.0
1789088161.5916276,0.0,0.0,0.0,0.0,0.0,0.0
1789088161.6373131,0.0,0.0,0.0,0.0,0.0,0.0
1789088161.690939,0.0,0.0,0.0,0.0,0.0,0.0
1789088161.7374084,0.0,0.0,0.0,0.0,0.0,0.0
1789088161.787584,0.0,0.0,0.0,0.0,0.0,0.0
1789088161.8372984,0.0,0.0,0.0,0.0,0.0,0.0
1789088161.8950477,0.0,0.0,0.0,0.0,0.0,0.0
1789088161.93727,0.0,0.0,0.0,0.0,0.0,0.0
1789088161.9933686,0.0,0.0,0.0,0.0,0.0,0.0
1789088162.0373433,0.0,0.0,0.0,0.0,0.0,0.0
1789088162.0910478,0.0,0.0,0.0,0.0,0.0,0.0
1789088162.1373324,0.0,0.0,0.0,0.0,0.0,0.0
1789088162.187304,0.0,0.0,0.0,0.0,0.0,0.0
1789088162.2372391,0.0,0.0,0.0,0.0,0.0,0.0
1789088162.287519,0.0,0.0,0.0,0.0,0.0,0.0
1789088162.3373578,0.0,0.0,0.0,0.0,0.0,0.0
1789088162.3875458,0.0,0.0,0.0,0.0,0.0,0.0
1789088162.4373474,0.0,0.0,0.0,0.0,0.0,0.0
1789088162.4874082,0.0,0.0,0.0,0.0,0.0,0.0
1789088162.5373065,0.0,0.0,0.0,0.0,0.0,0.0
1789088162.5872672,0.0,0.0,0.0,0.0,0.0,0.0
1789088162.6376038,0.0,0.0,0.0,0.0,0.0,0.0
1789088162.6875744,0.0,0.0,0.0,0.0,0.0,0.0
1789088162.737469,0.0,0.0,0.0,0.0,0.0,0.0
1789088162.7916834,0.0,0.0,0.0,0.0,0.0,0.0
1789088162.8375022,0.0,0.0,0.0,0.0,0.0,0.0
1789088162.8876107,0.0,0.0,0.0,0.0,0.0,0.0
1789088162.9374604,0.0,0.0,0.0,0.0,0.0,0.0
1789088162.9876592,0.0,0.0,0.0,0.0,0.0,0.0
1789088163.0373561,0.0,0.0,0.0,0.0,0.0,0.0
1789088163.0874424,0.0,0.0,0.0,0.0,0.0,0.0
1789088163.1372917,0.0,0.0,0.0,0.0,0.0,0.0
1789088163.187358,0.0,0.0,0.0,0.0,0.0,0.0
1789088163.237344,0.0,0.0,0.0,0.0,0.0,0.0
1789088163.2873533,0.0,0.0,0.0,0.0,0.0,0.0
1789088163.337229,0.0,0.0,0.0,0.0,0.0,0.0
1789088163.3874946,0.0,0.0,0.0,0.0,0.0,0.0
1789088163.4374604,0.0,0.0,0.0,0.0,0.0,0.0
1789088163.487382,0.0,0.0,0.0,0.0,0.0,0.0
1789088163.5373151,0.0,0.0,0.0,0.0,0.0,0.0
1789088163.587304,0.0,0.0,0.0,0.0,0.0,0.0
1789088163.6373715,0.0,0.0,0.0,0.0,0.0,0.0
1789088163.6876242,0.0,0.0,0.0,0.0,0.0,0.0
1789088163.7373354,0.0,0.0,0.0,0.0,0.0,0.0
1789088163.7875454,0.0,0.0,0.0,0.0,0.0,0.0
1789088163.837405,0.0,0.0,0.0,0.0,0.0,0.0
1789088163.8877153,0.0,0.0,0.0,0.0,0.0,0.0
1789088163.9374893,0.0,0.0,0.0,0.0,0.0,0.0
1789088163.9875758,0.0,0.0,0.0,0.0,0.0,0.0
1789088164.0373287,0.0,0.0,0.0,0.0,0.0,0.0
1789088164.0875137,0.0,0.0,0.0,0.0,0.0,0.0
1789088164.1373816,0.0,0.0,0.0,0.0,0.0,0.0
1789088164.1874778,0.0,0.0,0.0,0.0,0.0,0.0
1789088164.2374532,0.0,0.0,0.0,0.0,0.0,0.0
1789088164.2876546,0.0,0.0,0.0,0.0,0.0,0.0
1789088164.337662,0.0,0.0,0.0,0.0,0.0,0.0
1789088164.387416,0.0,0.0,0.0,0.0,0.0,0.0
1789088164.43724,0.0,0.0,0.0,0.0,0.0,0.0
1789088164.4875357,0.0,0.0,0.0,0.0,0.0,0.0
1789088164.5371902,0.0,0.0,0.0,0.0,0.0,0.0
1789088164.5874603,0.0,0.0,0.0,0.0,0.0,0.0
1789088164.637296,0.0,0.0,0.0,0.0,0.0,0.0
1789088164.68731,0.0,0.0,0.0,0.0,0.0,0.0
1789088164.7371767,0.0,0.0,0.0,0.0,0.0,0.0
1789088164.7873561,0.0,0.0,0.0,0.0,0.0,0.0
1789088164.8373752,0.0,0.0,0.0,0.0,0.0,0.0
1789088164.8875155,0.0,0.0,0.0,0.0,0.0,0.0
1789088164.9375155,0.0,0.0,0.0,0.0,0.0,0.0
1789088164.9875648,0.0,0.0,0.0,0.0,0.0,0.0
1789088165.037642,0.0,0.0,0.0,0.0,0.0,0.0
1789088165.0873775,0.0,0.0,0.0,0.0,0.0,0.0
1789088165.137206,0.0,0.0,0.0,0.0,0.0,0.0
1789088165.1873167,0.0,0.0,0.0,0.0,0.0,0.0
1789088165.2371716,0.0,0.0,0.0,0.0,0.0,0.0
1789088165.2872992,0.0,0.0,0.0,0.0,0.0,0.0
1789088165.337321,0.0,0.0,0.0,0.0,0.0,0.0
1789088165.387557,0.0,0.0,0.0,0.0,0.0,0.0
1789088165.4373326,0.0,0.0,0.0,0.0,0.0,0.0
1789088165.4872866,0.0,0.0,0.0,0.0,0.0,0.0
1789088165.5372345,0.0,0.0,0.0,0.0,0.0,0.0
1789088165.5874462,0.0,0.0,0.0,0.0,0.0,0.0
1789088165.6372206,0.0,0.0,0.0,0.0,0.0,0.0
1789088165.687136,0.0,0.0,0.0,0.0,0.0,0.0
1789088165.737398,0.0,0.0,0.0,0.0,0.0,0.0
1789088165.7875946,0.0,0.0,0.0,0.0,0.0,0.0
1789088165.8374135,0.0,0.0,0.0,0.0,0.0,0.0
1789088165.8873231,0.0,0.0,0.0,0.0,0.0,0.0
1789088165.9370944,0.0,0.0,0.0,0.0,0.0,0.0
1789088165.9876277,0.0,0.0,0.0,0.0,0.0,0.0
1789088166.037287,0.0,0.0,0.0,0.0,0.0,0.0
1789088166.087386,0.0,0.0,0.0,0.0,0.0,0.0
1789088166.1374588,0.0,0.0,0.0,0.0,0.0,0.0
1789088166.18738,0.0,0.0,0.0,0.0,0.0,0.0
1789088166.2372324,0.0,0.0,0.0,0.0,0.0,0.0
1789088166.2872093,0.0,0.0,0.0,0.0,0.0,0.0
1789088166.3371804,0.0,0.0,0.0,0.0,0.0,0.0
1789088166.3871882,0.0,0.0,0.0,0.0,0.0,0.0
1789088166.4373515,0.0,0.0,0.0,0.0,0.0,0.0
1789088166.487586,0.0,0.0,0.0,0.0,0.0,0.0
1789088166.537199,0.0,0.0,0.0,0.0,0.0,0.0
1789088166.5875,0.0,0.0,0.0,0.0,0.0,0.0
1789088166.637557,0.0,0.0,0.0,0.0,0.0,0.0
1789088166.6875525,0.0,0.0,0.0,0.0,0.0,0.0
1789088166.737193,0.0,0.0,0.0,0.0,0.0,0.0
1789088166.7872002,0.0,0.0,0.0,0.0,0.0,0.0
1789088166.8371534,0.0,0.0,0.0,0.0,0.0,0.0
1789088166.8874547,0.0,0.0,0.0,0.0,0.0,0.0
1789088166.9371908,0.0,0.0,0.0,0.0,0.0,0.0
1789088166.9874897,0.0,0.0,0.0,0.0,0.0,0.0
1789088167.0372994,0.0,0.0,0.0,0.0,0.0,0.0
1789088167.087436,0.0,0.0,0.0,0.0,0.0,0.0
1789088167.137395,0.0,0.0,0.0,0.0,0.0,0.0
1789088167.1874564,0.0,0.0,0.0,0.0,0.0,0.0
1789088167.2372842,0.0,0.0,0.0,0.0,0.0,0.0
1789088167.2875552,0.0,0.0,0.0,0.0,0.0,0.0
1789088167.33737,0.0,0.0,0.0,0.0,0.0,0.0
1789088167.3876827,0.0,0.0,0.0,0.0,0.0,0.0
1789088167.4372926,0.0,0.0,0.0,0.0,0.0,0.0
1789088167.487523,0.0,0.0,0.0,0.0,0.0,0.0
1789088167.5373998,0.0,0.0,0.0,0.0,0.0,0.0
1789088167.5876389,0.0,0.0,0.0,0.0,0.0,0.0
1789088167.6374567,0.0,0.0,0.0,0.0,0.0,0.0
1789088167.687421,0.0,0.0,0.0,0.0,0.0,0.0
1789088167.7373002,0.0,0.0,0.0,0.0,0.0,0.0
1789088167.7873857,0.0,0.0,0.0,0.0,0.0,0.0
1789088167.837264,0.0,0.0,0.0,0.0,0.0,0.0
1789088167.887253,0.0,0.0,0.0,0.0,0.0,0.0
1789088167.9373465,0.0,0.0,0.0,0.0,0.0,0.0
1789088167.9875298,0.0,0.0,0.0,0.0,0.0,0.0
1789088168.0370593,0.0,0.0,0.0,0.0,0.0,0.0
1789088168.0871897,0.0,0.0,0.0,0.0,0.0,0.0
1789088168.1371205,0.0,0.0,0.0,0.0,0.0,0.0
1789088168.1873856,0.0,0.0,0.0,0.0,0.0,0.0
1789088168.237487,0.0,0.0,0.0,0.0,0.0,0.0
1789088168.2874599,0.0,0.0,0.0,0.0,0.0,0.0
1789088168.337462,0.0,0.0,0.0,0.0,0.0,0.0
1789088168.387451,0.0,0.0,0.0,0.0,0.0,0.0
1789088168.437191,0.0,0.0,0.0,0.0,0.0,0.0
1789088168.4876351,0.0,0.0,0.0,0.0,0.0,0.0
1789088168.5374205,0.0,0.0,0.0,0.0,0.0,0.0
1789088168.5876539,0.0,0.0,0.0,0.0,0.0,0.0
1789088168.6372569,0.0,0.0,0.0,0.0,0.0,0.0
1789088168.6874497,0.0,0.0,0.0,0.0,0.0,0.0
1789088168.7375104,0.0,0.0,0.0,0.0,0.0,0.0
1789088168.7875059,0.0,0.0,0.0,0.0,0.0,0.0
1789088168.8373535,0.0,0.0,0.0,0.0,0.0,0.0
1789088168.8875775,0.0,0.0,0.0,0.0,0.0,0.0
1789088168.9372067,0.0,0.0,0.0,0.0,0.0,0.0
1789088168.9873087,0.0,0.0,0.0,0.0,0.0,0.0
1789088169.0371354,0.0,0.0,0.0,0.0,0.0,0.0
1789088169.0872822,0.0,0.0,0.0,0.0,0.0,0.0
1789088169.137077,0.0,0.0,0.0,0.0,0.0,0.0
1789088169.187243,0.0,0.0,0.0,0.0,0.0,0.0
1789088169.237036,0.0,0.0,0.0,0.0,0.0,0.0
1789088169.287348,0.0,0.0,0.0,0.0,0.0,0.0
1789088169.3371425,0.0,0.0,0.0,0.0,0.0,0.0
1789088169.3872163,0.0,0.0,0.0,0.0,0.0,0.0
1789088169.437176,0.0,0.0,0.0,0.0,0.0,0.0
1789088169.487362,0.0,0.0,0.0,0.0,0.0,0.0
1789088169.5372748,0.0,0.0,0.0,0.0,0.0,0.0
1789088169.5873947,0.0,0.0,0.0,0.0,0.0,0.0
1789088169.6373138,0.0,0.0,0.0,0.0,0.0,0.0
1789088169.6872866,0.0,0.0,0.0,0.0,0.0,0.0
1789088169.7374034,0.0,0.0,0.0,0.0,0.0,0.0
1789088169.7877886,0.0,0.0,0.0,0.0,0.0,0.0
1789088169.837539,0.0,0.0,0.0,0.0,0.0,0.0
1789088169.887829,0.0,0.0,0.0,0.0,0.0,0.0
1789088169.9375541,0.0,0.0,0.0,0.0,0.0,0.0
1789088169.987604,0.0,0.0,0.0,0.0,0.0,0.0
1789088170.0375483,0.0,0.0,0.0,0.0,0.0,0.0
1789088170.0876403,0.0,0.0,0.0,0.0,0.0,0.0
1789088170.1374593,0.0,0.0,0.0,0.0,0.0,0.0
1789088170.1874533,0.0,0.0,0.0,0.0,0.0,0.0
1789088170.2373881,0.0,0.0,0.0,0.0,0.0,0.0
1789088170.2874577,0.0,0.0,0.0,0.0,0.0,0.0
1789088170.3372269,0.0,0.0,0.0,0.0,0.0,0.0
1789088170.3875997,0.0,0.0,0.0,0.0,0.0,0.0
1789088170.437572,0.0,0.0,0.0,0.0,0.0,0.0
1789088170.487557,0.0,0.0,0.0,0.0,0.0,0.0
1789088170.5374935,0.0,0.0,0.0,0.0,0.0,0.0
1789088170.587797,0.0,0.0,0.0,0.0,0.0,0.0
1789088170.637581,0.0,0.0,0.0,0.0,0.0,0.0
1789088170.687428,0.0,0.0,0.0,0.0,0.0,0.0
1789088170.7373505,0.0,0.0,0.0,0.0,0.0,0.0
1789088170.7873876,0.0,0.0,0.0,0.0,0.0,0.0
1789088170.8376558,0.0,0.0,0.0,0.0,0.0,0.0
1789088170.8874497,0.0,0.0,0.0,0.0,0.0,0.0
1789088170.937473,0.0,0.0,0.0,0.0,0.0,0.0
1789088170.9875321,0.0,0.0,0.0,0.0,0.0,0.0
1789088171.0376303,0.0,0.0,0.0,0.0,0.0,0.0
1789088171.0874543,0.0,0.0,0.0,0.0,0.0,0.0
1789088171.137496,0.0,0.0,0.0,0.0,0.0,0.0
1789088171.1874201,0.0,0.0,0.0,0.0,0.0,0.0
1789088171.2373152,0.0,0.0,0.0,0.0,0.0,0.0
1789088171.2874596,0.0,0.0,0.0,0.0,0.0,0.0
1789088171.337241,0.0,0.0,0.0,0.0,0.0,0.0
1789088171.3875608,0.0,0.0,0.0,0.0,0.0,0.0
1789088171.437417,0.0,0.0,0.0,0.0,0.0,0.0
1789088171.4876008,0.0,0.0,0.0,0.0,0.0,0.0
1789088171.5376053,0.0,0.0,0.0,0.0,0.0,0.0
1789088171.5875995,0.0,0.0,0.0,0.0,0.0,0.0
1789088171.63765,0.0,0.0,0.0,0.0,0.0,0.0
1789088171.687387,0.0,0.0,0.0,0.0,0.0,0.0
1789088171.7371874,0.0,0.0,0.0,0.0,0.0,0.0
1789088171.7874482,0.0,0.0,0.0,0.0,0.0,0.0
1789088171.837296,0.0,0.0,0.0,0.0,0.0,0.0
1789088171.8875556,0.0,0.0,0.0,0.0,0.0,0.0
1789088171.9373376,0.0,0.0,0.0,0.0,0.0,0.0
1789088171.9874032,0.0,0.0,0.0,0.0,0.0,0.0
1789088172.0373883,0.0,0.0,0.0,0.0,0.0,0.0
1789088172.0876293,0.0,0.0,0.0,0.0,0.0,0.0
1789088172.1374,0.0,0.0,0.0,0.0,0.0,0.0
1789088172.1874878,0.0,0.0,0.0,0.0,0.0,0.0
1789088172.2374036,0.0,0.0,0.0,0.0,0.0,0.0
1789088172.2874577,0.0,0.0,0.0,0.0,0.0,0.0
1789088172.3373604,0.0,0.0,0.0,0.0,0.0,0.0
1789088172.3874192,0.0,0.0,0.0,0.0,0.0,0.0
1789088172.437285,0.0,0.0,0.0,0.0,0.0,0.0
1789088172.4874487,0.0,0.0,0.0,0.0,0.0,0.0
1789088172.5373738,0.0,0.0,0.0,0.0,0.0,0.0
1789088172.587667,0.0,0.0,0.0,0.0,0.0,0.0
1789088172.6372936,0.0,0.0,0.0,0.0,0.0,0.0
1789088172.6873748,0.0,0.0,0.0,0.0,0.0,0.0
1789088172.7372901,0.0,0.0,0.0,0.0,0.0,0.0
1789088172.7876296,0.0,0.0,0.0,0.0,0.0,0.0
1789088172.837733,0.0,0.0,0.0,0.0,0.0,0.0
1789088172.887242,0.0,0.0,0.0,0.0,0.0,0.0
1789088172.9376812,0.0,0.0,0.0,0.0,0.0,0.0
1789088172.987475,0.0,0.0,0.0,0.0,0.0,0.0
1789088173.037516,0.0,0.0,0.0,0.0,0.0,0.0
1789088173.0874882,0.0,0.0,0.0,0.0,0.0,0.0
1789088173.137414,0.0,0.0,0.0,0.0,0.0,0.0
1789088173.1877553,0.0,0.0,0.0,0.0,0.0,0.0
1789088173.2375765,0.0,0.0,0.0,0.0,0.0,0.0
1789088173.287516,0.0,0.0,0.0,0.0,0.0,0.0
1789088173.3373976,0.0,0.0,0.0,0.0,0.0,0.0
1789088173.3875659,0.0,0.0,0.0,0.0,0.0,0.0
1789088173.437146,0.0,0.0,0.0,0.0,0.0,0.0
1789088173.487333,0.0,0.0,0.0,0.0,0.0,0.0
1789088173.5376678,0.0,0.0,0.0,0.0,0.0,0.0
1789088173.5877016,0.0,0.0,0.0,0.0,0.0,0.0
1789088173.6375275,0.0,0.0,0.0,0.0,0.0,0.0
1789088173.6875615,0.0,0.0,0.0,0.0,0.0,0.0
1789088173.7373571,0.0,0.0,0.0,0.0,0.0,0.0
1789088173.7873762,0.0,0.0,0.0,0.0,0.0,0.0
1789088173.8373535,0.0,0.0,0.0,0.0,0.0,0.0
1789088173.8875134,0.0,0.0,0.0,0.0,0.0,0.0
1789088173.937301,0.0,0.0,0.0,0.0,0.0,0.0
1789088173.9874325,0.0,0.0,0.0,0.0,0.0,0.0
1789088174.0372288,0.0,0.0,0.0,0.0,0.0,0.0
1789088174.0873346,0.0,0.0,0.0,0.0,0.0,0.0
1789088174.1372457,0.0,0.0,0.0,0.0,0.0,0.0
1789088174.187556,0.0,0.0,0.0,0.0,0.0,0.0
1789088174.2375934,0.0,0.0,0.0,0.0,0.0,0.0
1789088174.2872546,0.0,0.0,0.0,0.0,0.0,0.0
1789088174.3373625,0.0,0.0,0.0,0.0,0.0,0.0
1789088174.3874037,0.0,0.0,0.0,0.0,0.0,0.0
1789088174.437336,0.0,0.0,0.0,0.0,0.0,0.0
1789088174.4872365,0.0,0.0,0.0,0.0,0.0,0.0
1789088174.5373335,0.0,0.0,0.0,0.0,0.0,0.0
1789088174.5874925,0.0,0.0,0.0,0.0,0.0,0.0
1789088174.6435719,0.0,0.0,0.0,0.0,0.0,0.0
1789088174.6871989,0.0,0.0,0.0,0.0,0.0,0.0
1789088174.7383344,0.0,0.0,0.0,0.0,0.0,0.0
1789088174.787356,0.0,0.0,0.0,0.0,0.0,0.0
1789088174.8371587,0.0,0.0,0.0,0.0,0.0,0.0
1789088174.887512,0.0,0.0,0.0,0.0,0.0,0.0
1789088174.937639,0.0,0.0,0.0,0.0,0.0,0.0
1789088174.9875622,0.0,0.0,0.0,0.0,0.0,0.0
1789088175.037867,0.0,0.0,0.0,0.0,0.0,0.0
1789088175.0873666,0.0,0.0,0.0,0.0,0.0,0.0
1789088175.137287,0.0,0.0,0.0,0.0,0.0,0.0
1789088175.1874714,0.0,0.0,0.0,0.0,0.0,0.0
1789088175.2379491,0.0,0.0,0.0,0.0,0.0,0.0
1789088175.2875967,0.0,0.0,0.0,0.0,0.0,0.0
1789088175.3404012,0.0,0.0,0.0,0.0,0.0,0.0
1789088175.3874815,0.0,0.0,0.0,0.0,0.0,0.0
1789088175.4375925,0.0,0.0,0.0,0.0,0.0,0.0
1789088175.4874866,0.0,0.0,0.0,0.0,0.0,0.0
1789088175.5380437,0.0,0.0,0.0,0.0,0.0,0.0
1789088175.587529,0.0,0.0,0.0,0.0,0.0,0.0
1789088175.6374893,0.0,0.0,0.0,0.0,0.0,0.0
1789088175.687424,0.0,0.0,0.0,0.0,0.0,0.0
1789088175.7419775,0.0,0.0,0.0,0.0,0.0,0.0
1789088175.7874925,0.0,0.0,0.0,0.0,0.0,0.0
1789088175.8374202,0.0,0.0,0.0,0.0,0.0,0.0
1789088175.8874323,0.0,0.0,0.0,0.0,0.0,0.0
1789088175.9376202,0.0,0.0,0.0,0.0,0.0,0.0
1789088175.9875636,0.0,0.0,0.0,0.0,0.0,0.0
1789088176.0396557,0.0,0.0,0.0,0.0,0.0,0.0
1789088176.0874949,0.0,0.0,0.0,0.0,0.0,0.0
1789088176.1372976,0.0,0.0,0.0,0.0,0.0,0.0
1789088176.1872945,0.0,0.0,0.0,0.0,0.0,0.0
1789088176.2387085,0.0,0.0,0.0,0.0,0.0,0.0
1789088176.2873192,0.0,0.0,0.0,0.0,0.0,0.0
1789088176.337853,0.0,0.0,0.0,0.0,0.0,0.0
1789088176.3874862,0.0,0.0,0.0,0.0,0.0,0.0
1789088176.4403732,0.0,0.0,0.0,0.0,0.0,0.0
1789088176.4874132,0.0,0.0,0.0,0.0,0.0,0.0
1789088176.5375266,0.0,0.0,0.0,0.0,0.0,0.0
1789088176.5874712,0.0,0.0,0.0,0.0,0.0,0.0
1789088176.638194,0.0,0.0,0.0,0.0,0.0,0.0
1789088176.6872418,0.0,0.0,0.0,0.0,0.0,0.0
1789088176.7389765,0.0,0.0,0.0,0.0,0.0,0.0
1789088176.787154,0.0,0.0,0.0,0.0,0.0,0.0
1789088176.8398242,0.0,0.0,0.0,0.0,0.0,0.0
1789088176.88753,0.0,0.0,0.0,0.0,0.0,0.0
1789088176.9373426,0.0,0.0,0.0,0.0,0.0,0.0
1789088176.9873462,0.0,0.0,0.0,0.0,0.0,0.0
1789088177.0390596,0.0,0.0,0.0,0.0,0.0,0.0
1789088177.0872695,0.0,0.0,0.0,0.0,0.0,0.0
1789088177.139528,0.0,0.0,0.0,0.0,0.0,0.0
1789088177.1875136,0.0,0.0,0.0,0.0,0.0,0.0
1789088177.23818,0.0,0.0,0.0,0.0,0.0,0.0
1789088177.2874575,0.0,0.0,0.0,0.0,0.0,0.0
1789088177.3382547,0.0,0.0,0.0,0.0,0.0,0.0
1789088177.3874075,0.0,0.0,0.0,0.0,0.0,0.0
1789088177.441969,0.0,0.0,0.0,0.0,0.0,0.0
1789088177.4874153,0.0,0.0,0.0,0.0,0.0,0.0
1789088177.5376654,0.0,0.0,0.0,0.0,0.0,0.0
1789088177.5878184,0.0,0.0,0.0,0.0,0.0,0.0
1789088177.6405566,0.0,0.0,0.0,0.0,0.0,0.0
1789088177.6875577,0.0,0.0,0.0,0.0,0.0,0.0
1789088177.7375956,0.0,0.0,0.0,0.0,0.0,0.0
1789088177.7874537,0.0,0.0,0.0,0.0,0.0,0.0
1789088177.8400881,0.0,0.0,0.0,0.0,0.0,0.0
1789088177.8875635,0.0,0.0,0.0,0.0,0.0,0.0
1789088177.9389198,0.0,0.0,0.0,0.0,0.0,0.0
1789088177.987659,0.0,0.0,0.0,0.0,0.0,0.0
1789088178.0394073,0.0,0.0,0.0,0.0,0.0,0.0
1789088178.08742,0.0,0.0,0.0,0.0,0.0,0.0
1789088178.1404717,0.0,0.0,0.0,0.0,0.0,0.0
1789088178.1877556,0.0,0.0,0.0,0.0,0.0,0.0
1789088178.2372024,0.0,0.0,0.0,0.0,0.0,0.0
1789088178.2874212,0.0,0.0,0.0,0.0,0.0,0.0
1789088178.3372433,0.0,0.0,0.0,0.0,0.0,0.0
1789088178.387298,0.0,0.0,0.0,0.0,0.0,0.0
1789088178.439331,0.0,0.0,0.0,0.0,0.0,0.0
1789088178.487462,0.0,0.0,0.0,0.0,0.0,0.0
1789088178.5390623,0.0,0.0,0.0,0.0,0.0,0.0
1789088178.5875275,0.0,0.0,0.0,0.0,0.0,0.0
1789088178.6402142,0.0,0.0,0.0,0.0,0.0,0.0
1789088178.687622,0.0,0.0,0.0,0.0,0.0,0.0
1789088178.737559,0.0,0.0,0.0,0.0,0.0,0.0
1789088178.7875314,0.0,0.0,0.0,0.0,0.0,0.0
1789088178.8390725,0.0,0.0,0.0,0.0,0.0,0.0
1789088178.8874545,0.0,0.0,0.0,0.0,0.0,0.0
1789088178.9395833,0.0,0.0,0.0,0.0,0.0,0.0
1789088178.9875052,0.0,0.0,0.0,0.0,0.0,0.0
1789088179.0433297,0.0,0.0,0.0,0.0,0.0,0.0
1789088179.0875719,0.0,0.0,0.0,0.0,0.0,0.0
1789088179.137337,0.0,0.0,0.0,0.0,0.0,0.0
1789088179.187302,0.0,0.0,0.0,0.0,0.0,0.0
1789088179.238012,0.0,0.0,0.0,0.0,0.0,0.0
1789088179.287237,0.0,0.0,0.0,0.0,0.0,0.0
1789088179.3409894,0.0,0.0,0.0,0.0,0.0,0.0
1789088179.387409,0.0,0.0,0.0,0.0,0.0,0.0
1789088179.4373543,0.0,0.0,0.0,0.0,0.0,0.0
1789088179.487295,0.0,0.0,0.0,0.0,0.0,0.0
1789088179.538429,0.0,0.0,0.0,0.0,0.0,0.0
1789088179.5873344,0.0,0.0,0.0,0.0,0.0,0.0
1789088179.6398485,0.0,0.0,0.0,0.0,0.0,0.0
1789088179.6875274,0.0,0.0,0.0,0.0,0.0,0.0
1789088179.7409585,0.0,0.0,0.0,0.0,0.0,0.0
1789088179.7874975,0.0,0.0,0.0,0.0,0.0,0.0
1789088179.8387518,0.0,0.0,0.0,0.0,0.0,0.0
1789088179.887371,0.0,0.0,0.0,0.0,0.0,0.0
1789088179.9374478,0.0,0.0,0.0,0.0,0.0,0.0
1789088179.9874284,0.0,0.0,0.0,0.0,0.0,0.0
1789088180.038647,0.0,0.0,0.0,0.0,0.0,0.0
1789088180.0875428,0.0,0.0,0.0,0.0,0.0,0.0
1789088180.1381721,0.0,0.0,0.0,0.0,0.0,0.0
1789088180.1872714,0.0,0.0,0.0,0.0,0.0,0.0
1789088180.239208,0.0,0.0,0.0,0.0,0.0,0.0
1789088180.2874312,0.0,0.0,0.0,0.0,0.0,0.0
1789088180.341917,0.0,0.0,0.0,0.0,0.0,0.0
1789088180.3879302,0.0,0.0,0.0,0.0,0.0,0.0
1789088180.4389424,0.0,0.0,0.0,0.0,0.0,0.0
1789088180.4877336,0.0,0.0,0.0,0.0,0.0,0.0
1789088180.5407813,0.0,0.0,0.0,0.0,0.0,0.0
1789088180.5874066,0.0,0.0,0.0,0.0,0.0,0.0
1789088180.6390789,0.0,0.0,0.0,0.0,0.0,0.0
1789088180.6872406,0.0,0.0,0.0,0.0,0.0,0.0
1789088180.7381136,0.0,0.0,0.0,0.0,0.0,0.0
1789088180.7871592,0.0,0.0,0.0,0.0,0.0,0.0
1789088180.8394692,0.0,0.0,0.0,0.0,0.0,0.0
1789088180.8874648,0.0,0.0,0.0,0.0,0.0,0.0
1789088180.9393435,0.0,0.0,0.0,0.0,0.0,0.0
1789088180.987479,0.0,0.0,0.0,0.0,0.0,0.0
1789088181.0398982,0.0,0.0,0.0,0.0,0.0,0.0
1789088181.08749,0.0,0.0,0.0,0.0,0.0,0.0
1789088181.1375775,0.0,0.0,0.0,0.0,0.0,0.0
1789088181.1876283,0.0,0.0,0.0,0.0,0.0,0.0
1789088181.239273,0.0,0.0,0.0,0.0,0.0,0.0
1789088181.2874632,0.0,0.0,0.0,0.0,0.0,0.0
1789088181.341053,0.0,0.0,0.0,0.0,0.0,0.0
1789088181.387196,0.0,0.0,0.0,0.0,0.0,0.0
1789088181.439887,0.0,0.0,0.0,0.0,0.0,0.0
1789088181.4881945,0.0,0.0,0.0,0.0,0.0,0.0
1789088181.5396423,0.0,0.0,0.0,0.0,0.0,0.0
1789088181.5873606,0.0,0.0,0.0,0.0,0.0,0.0
1789088181.6408195,0.0,0.0,0.0,0.0,0.0,0.0
1789088181.687298,0.0,0.0,0.0,0.0,0.0,0.0
1789088181.7373195,0.0,0.0,0.0,0.0,0.0,0.0
1789088181.7874947,0.0,0.0,0.0,0.0,0.0,0.0
1789088181.839245,0.0,0.0,0.0,0.0,0.0,0.0
1789088181.887346,0.0,0.0,0.0,0.0,0.0,0.0
1789088181.9390726,0.0,0.0,0.0,0.0,0.0,0.0
1789088181.9873507,0.0,0.0,0.0,0.0,0.0,0.0
1789088182.0402853,0.0,0.0,0.0,0.0,0.0,0.0
1789088182.0874486,0.0,0.0,0.0,0.0,0.0,0.0
1789088182.1392019,0.0,0.0,0.0,0.0,0.0,0.0
1789088182.1872697,0.0,0.0,0.0,0.0,0.0,0.0
1789088182.2373633,0.0,0.0,0.0,0.0,0.0,0.0
1789088182.2872045,0.0,0.0,0.0,0.0,0.0,0.0
1789088182.3402731,0.0,0.0,0.0,0.0,0.0,0.0
1789088182.387356,0.0,0.0,0.0,0.0,0.0,0.0
1789088182.4404929,0.0,0.0,0.0,0.0,0.0,0.0
1789088182.4875903,0.0,0.0,0.0,0.0,0.0,0.0
1789088182.5435855,0.0,0.0,0.0,0.0,0.0,0.0
1789088182.587418,0.0,0.0,0.0,0.0,0.0,0.0
1789088182.6379125,0.0,0.0,0.0,0.0,0.0,0.0
1789088182.6871548,0.0,0.0,0.0,0.0,0.0,0.0
1789088182.7415519,0.0,0.0,0.0,0.0,0.0,0.0
1789088182.7874324,0.0,0.0,0.0,0.0,0.0,0.0
1789088182.840767,0.0,0.0,0.0,0.0,0.0,0.0
1789088182.8876019,0.0,0.0,0.0,0.0,0.0,0.0
1789088182.9427516,0.0,0.0,0.0,0.0,0.0,0.0
1789088182.9876425,0.0,0.0,0.0,0.0,0.0,0.0
1789088183.0429974,0.0,0.0,0.0,0.0,0.0,0.0
1789088183.087559,0.0,0.0,0.0,0.0,0.0,0.0
1789088183.1405108,0.0,0.0,0.0,0.0,0.0,0.0
1789088183.1874027,0.0,0.0,0.0,0.0,0.0,0.0
1789088183.2400284,0.0,0.0,0.0,0.0,0.0,0.0
1789088183.2875957,0.0,0.0,0.0,0.0,0.0,0.0
1789088183.3417716,0.0,0.0,0.0,0.0,0.0,0.0
1789088183.387534,0.0,0.0,0.0,0.0,0.0,0.0
1789088183.4397671,0.0,0.0,0.0,0.0,0.0,0.0
1789088183.4875336,0.0,0.0,0.0,0.0,0.0,0.0
1789088183.5374415,0.0,0.0,0.0,0.0,0.0,0.0
1789088183.5874524,0.0,0.0,0.0,0.0,0.0,0.0
1789088183.6417058,0.0,0.0,0.0,0.0,0.0,0.0
1789088183.687333,0.0,0.0,0.0,0.0,0.0,0.0
1789088183.740945,0.0,0.0,0.0,0.0,0.0,0.0
1789088183.7873373,0.0,0.0,0.0,0.0,0.0,0.0
1789088183.837582,0.0,0.0,0.0,0.0,0.0,0.0
1789088183.8878312,0.0,0.0,0.0,0.0,0.0,0.0
1789088183.9373937,0.0,0.0,0.0,0.0,0.0,0.0
1789088183.9874532,0.0,0.0,0.0,0.0,0.0,0.0
1789088184.037317,0.0,0.0,0.0,0.0,0.0,0.0
1789088184.0875802,0.0,0.0,0.0,0.0,0.0,0.0
1789088184.1374485,0.0,0.0,0.0,0.0,0.0,0.0
1789088184.1875215,0.0,0.0,0.0,0.0,0.0,0.0
1789088184.2376144,0.0,0.0,0.0,0.0,0.0,0.0
1789088184.287396,0.0,0.0,0.0,0.0,0.0,0.0
1789088184.3374527,0.0,0.0,0.0,0.0,0.0,0.0
1789088184.3872237,0.0,0.0,0.0,0.0,0.0,0.0
1789088184.441734,0.0,0.0,0.0,0.0,0.0,0.0
1789088184.4873297,0.0,0.0,0.0,0.0,0.0,0.0
1789088184.5373695,0.0,0.0,0.0,0.0,0.0,0.0
1789088184.5876703,0.0,0.0,0.0,0.0,0.0,0.0
1789088184.644438,0.0,0.0,0.0,0.0,0.0,0.0
1789088184.687947,0.0,0.0,0.0,0.0,0.0,0.0
1789088184.7376223,0.0,0.0,0.0,0.0,0.0,0.0
1789088184.7873755,0.0,0.0,0.0,0.0,0.0,0.0
1789088184.841467,0.0,0.0,0.0,0.0,0.0,0.0
1789088184.887623,0.0,0.0,0.0,0.0,0.0,0.0
1789088184.9375138,0.0,0.0,0.0,0.0,0.0,0.0
1789088184.9876413,0.0,0.0,0.0,0.0,0.0,0.0
1789088185.045994,0.0,0.0,0.0,0.0,0.0,0.0
1789088185.0873225,0.0,0.0,0.0,0.0,0.0,0.0
1789088185.1376188,0.0,0.0,0.0,0.0,0.0,0.0
1789088185.1875505,0.0,0.0,0.0,0.0,0.0,0.0
1789088185.237553,0.0,0.0,0.0,0.0,0.0,0.0
1789088185.2873926,0.0,0.0,0.0,0.0,0.0,0.0
1789088185.337505,0.0,0.0,0.0,0.0,0.0,0.0
1789088185.3873553,0.0,0.0,0.0,0.0,0.0,0.0
1789088185.4373558,0.0,0.0,0.0,0.0,0.0,0.0
1789088185.4874055,0.0,0.0,0.0,0.0,0.0,0.0
1789088185.5374448,0.0,0.0,0.0,0.0,0.0,0.0
1789088185.5876057,0.0,0.0,0.0,0.0,0.0,0.0
1789088185.63744,0.0,0.0,0.0,0.0,0.0,0.0
1789088185.6875908,0.0,0.0,0.0,0.0,0.0,0.0
1789088185.7376697,0.0,0.0,0.0,0.0,0.0,0.0
1789088185.7874615,0.0,0.0,0.0,0.0,0.0,0.0
1789088185.8374355,0.0,0.0,0.0,0.0,0.0,0.0
1789088185.8874934,0.0,0.0,0.0,0.0,0.0,0.0
1789088185.93758,0.0,0.0,0.0,0.0,0.0,0.0
1789088185.9874642,0.0,0.0,0.0,0.0,0.0,0.0
1789088186.0373793,0.0,0.0,0.0,0.0,0.0,0.0
1789088186.0873814,0.0,0.0,0.0,0.0,0.0,0.0
1789088186.137157,0.0,0.0,0.0,0.0,0.0,0.0
1789088186.1877456,0.0,0.0,0.0,0.0,0.0,0.0
1789088186.2373679,0.0,0.0,0.0,0.0,0.0,0.0
1789088186.2874067,0.0,0.0,0.0,0.0,0.0,0.0
1789088186.337559,0.0,0.0,0.0,0.0,0.0,0.0
1789088186.3876398,0.0,0.0,0.0,0.0,0.0,0.0
1789088186.4373493,0.0,0.0,0.0,0.0,0.0,0.0
1789088186.4875278,0.0,0.0,0.0,0.0,0.0,0.0
1789088186.537529,0.0,0.0,0.0,0.0,0.0,0.0
1789088186.587378,0.0,0.0,0.0,0.0,0.0,0.0
1789088186.6373696,0.0,0.0,0.0,0.0,0.0,0.0
1789088186.6876886,0.0,0.0,0.0,0.0,0.0,0.0
1789088186.737508,0.0,0.0,0.0,0.0,0.0,0.0
1789088186.7873971,0.0,0.0,0.0,0.0,0.0,0.0
1789088186.8376231,0.0,0.0,0.0,0.0,0.0,0.0
1789088186.8877275,0.0,0.0,0.0,0.0,0.0,0.0
1789088186.9376693,0.0,0.0,0.0,0.0,0.0,0.0
1789088186.987441,0.0,0.0,0.0,0.0,0.0,0.0
1789088187.0373874,0.0,0.0,0.0,0.0,0.0,0.0
1789088187.0873337,0.0,0.0,0.0,0.0,0.0,0.0
1789088187.1373844,0.0,0.0,0.0,0.0,0.0,0.0
1789088187.187267,0.0,0.0,0.0,0.0,0.0,0.0
1789088187.2374022,0.0,0.0,0.0,0.0,0.0,0.0
1789088187.2874877,0.0,0.0,0.0,0.0,0.0,0.0
1789088187.337354,0.0,0.0,0.0,0.0,0.0,0.0
1789088187.3873873,0.0,0.0,0.0,0.0,0.0,0.0
1789088187.437488,0.0,0.0,0.0,0.0,0.0,0.0
1789088187.487428,0.0,0.0,0.0,0.0,0.0,0.0
1789088187.5372252,0.0,0.0,0.0,0.0,0.0,0.0
1789088187.587587,0.0,0.0,0.0,0.0,0.0,0.0
1789088187.6373537,0.0,0.0,0.0,0.0,0.0,0.0
1789088187.687554,0.0,0.0,0.0,0.0,0.0,0.0
1789088187.7373936,0.0,0.0,0.0,0.0,0.0,0.0
1789088187.787615,0.0,0.0,0.0,0.0,0.0,0.0
1789088187.8373175,0.0,0.0,0.0,0.0,0.0,0.0
1789088187.8874938,0.0,0.0,0.0,0.0,0.0,0.0
1789088187.9373093,0.0,0.0,0.0,0.0,0.0,0.0
1789088187.9873738,0.0,0.0,0.0,0.0,0.0,0.0
1789088188.0375063,0.0,0.0,0.0,0.0,0.0,0.0
1789088188.08732,0.0,0.0,0.0,0.0,0.0,0.0
1789088188.1377409,0.0,0.0,0.0,0.0,0.0,0.0
1789088188.1875644,0.0,0.0,0.0,0.0,0.0,0.0
1789088188.2373965,0.0,0.0,0.0,0.0,0.0,0.0
1789088188.2872405,0.0,0.0,0.0,0.0,0.0,0.0
1789088188.3372667,0.0,0.0,0.0,0.0,0.0,0.0
1789088188.3874347,0.0,0.0,0.0,0.0,0.0,0.0
1789088188.4372852,0.0,0.0,0.0,0.0,0.0,0.0
1789088188.4874492,0.0,0.0,0.0,0.0,0.0,0.0
1789088188.5374572,0.0,0.0,0.0,0.0,0.0,0.0
1789088188.5873072,0.0,0.0,0.0,0.0,0.0,0.0
1789088188.6372182,0.0,0.0,0.0,0.0,0.0,0.0
1789088188.6873274,0.0,0.0,0.0,0.0,0.0,0.0
1789088188.7372272,0.0,0.0,0.0,0.0,0.0,0.0
1789088188.787279,0.0,0.0,0.0,0.0,0.0,0.0
1789088188.837415,0.0,0.0,0.0,0.0,0.0,0.0
1789088188.8873506,0.0,0.0,0.0,0.0,0.0,0.0
1789088188.9375985,0.0,0.0,0.0,0.0,0.0,0.0
1789088188.9876153,0.0,0.0,0.0,0.0,0.0,0.0
1789088189.0374873,0.0,0.0,0.0,0.0,0.0,0.0
1789088189.0874848,0.0,0.0,0.0,0.0,0.0,0.0
1789088189.137287,0.0,0.0,0.0,0.0,0.0,0.0
1789088189.1873627,0.0,0.0,0.0,0.0,0.0,0.0
1789088189.2374485,0.0,0.0,0.0,0.0,0.0,0.0
1789088189.2874467,0.0,0.0,0.0,0.0,0.0,0.0
1789088189.3373566,0.0,0.0,0.0,0.0,0.0,0.0
1789088189.3875606,0.0,0.0,0.0,0.0,0.0,0.0
1789088189.4376016,0.0,0.0,0.0,0.0,0.0,0.0
1789088189.4871662,0.0,0.0,0.0,0.0,0.0,0.0
1789088189.53741,0.0,0.0,0.0,0.0,0.0,0.0
1789088189.5874612,0.0,0.0,0.0,0.0,0.0,0.0
1789088189.6372895,0.0,0.0,0.0,0.0,0.0,0.0
1789088189.6873393,0.0,0.0,0.0,0.0,0.0,0.0
1789088189.7373354,0.0,0.0,0.0,0.0,0.0,0.0
1789088189.7872367,0.0,0.0,0.0,0.0,0.0,0.0
1789088189.8373945,0.0,0.0,0.0,0.0,0.0,0.0
1789088189.8874173,0.0,0.0,0.0,0.0,0.0,0.0
1789088189.9374173,0.0,0.0,0.0,0.0,0.0,0.0
1789088189.9872513,0.0,0.0,0.0,0.0,0.0,0.0
1789088190.0373328,0.0,0.0,0.0,0.0,0.0,0.0
1789088190.0871909,0.0,0.0,0.0,0.0,0.0,0.0
1789088190.1374876,0.0,0.0,0.0,0.0,0.0,0.0
1789088190.1874976,0.0,0.0,0.0,0.0,0.0,0.0
1789088190.2374463,0.0,0.0,0.0,0.0,0.0,0.0
1789088190.2872486,0.0,0.0,0.0,0.0,0.0,0.0
1789088190.3371935,0.0,0.0,0.0,0.0,0.0,0.0
1789088190.3873923,0.0,0.0,0.0,0.0,0.0,0.0
1789088190.4373534,0.0,0.0,0.0,0.0,0.0,0.0
1789088190.4873874,0.0,0.0,0.0,0.0,0.0,0.0
1789088190.5375323,0.0,0.0,0.0,0.0,0.0,0.0
1789088190.5876644,0.0,0.0,0.0,0.0,0.0,0.0
1789088190.6375713,0.0,0.0,0.0,0.0,0.0,0.0
1789088190.6874664,0.0,0.0,0.0,0.0,0.0,0.0
1789088190.737188,0.0,0.0,0.0,0.0,0.0,0.0
1789088190.7874002,0.0,0.0,0.0,0.0,0.0,0.0
1789088190.8371727,0.0,0.0,0.0,0.0,0.0,0.0
1789088190.8874557,0.0,0.0,0.0,0.0,0.0,0.0
1789088190.9375045,0.0,0.0,0.0,0.0,0.0,0.0
1789088190.9873557,0.0,0.0,0.0,0.0,0.0,0.0
1789088191.0372765,0.0,0.0,0.0,0.0,0.0,0.0
1789088191.0873342,0.0,0.0,0.0,0.0,0.0,0.0
1789088191.1372004,0.0,0.0,0.0,0.0,0.0,0.0
1789088191.1875064,0.0,0.0,0.0,0.0,0.0,0.0
1789088191.2372193,0.0,0.0,0.0,0.0,0.0,0.0
1789088191.287419,0.0,0.0,0.0,0.0,0.0,0.0
1789088191.337588,0.0,0.0,0.0,0.0,0.0,0.0
1789088191.3873863,0.0,0.0,0.0,0.0,0.0,0.0
1789088191.437089,0.0,0.0,0.0,0.0,0.0,0.0
1789088191.487429,0.0,0.0,0.0,0.0,0.0,0.0
1789088191.5371876,0.0,0.0,0.0,0.0,0.0,0.0
1789088191.5872488,0.0,0.0,0.0,0.0,0.0,0.0
1789088191.6374264,0.0,0.0,0.0,0.0,0.0,0.0
1789088191.6874702,0.0,0.0,0.0,0.0,0.0,0.0
1789088191.7374136,0.0,0.0,0.0,0.0,0.0,0.0
1789088191.7874503,0.0,0.0,0.0,0.0,0.0,0.0
1789088191.8371317,0.0,0.0,0.0,0.0,0.0,0.0
1789088191.8873777,0.0,0.0,0.0,0.0,0.0,0.0
1789088191.9372551,0.0,0.0,0.0,0.0,0.0,0.0
1789088191.9884353,0.0,0.0,0.0,0.0,0.0,0.0
1789088192.0374463,0.0,0.0,0.0,0.0,0.0,0.0
1789088192.087479,0.0,0.0,0.0,0.0,0.0,0.0
1789088192.137433,0.0,0.0,0.0,0.0,0.0,0.0
1789088192.1873877,0.0,0.0,0.0,0.0,0.0,0.0
1789088192.237288,0.0,0.0,0.0,0.0,0.0,0.0
1789088192.2872574,0.0,0.0,0.0,0.0,0.0,0.0
1789088192.3372118,0.0,0.0,0.0,0.0,0.0,0.0
1789088192.3872654,0.0,0.0,0.0,0.0,0.0,0.0
1789088192.4373724,0.0,0.0,0.0,0.0,0.0,0.0
1789088192.4874203,0.0,0.0,0.0,0.0,0.0,0.0
1789088192.5374246,0.0,0.0,0.0,0.0,0.0,0.0
1789088192.5875063,0.0,0.0,0.0,0.0,0.0,0.0
1789088192.637562,0.0,0.0,0.0,0.0,0.0,0.0
1789088192.6875188,0.0,0.0,0.0,0.0,0.0,0.0
1789088192.7374392,0.0,0.0,0.0,0.0,0.0,0.0
1789088192.7877061,0.0,0.0,0.0,0.0,0.0,0.0
1789088192.8374228,0.0,0.0,0.0,0.0,0.0,0.0
1789088192.8875902,0.0,0.0,0.0,0.0,0.0,0.0
1789088192.93719,0.0,0.0,0.0,0.0,0.0,0.0
1789088192.9874773,0.0,0.0,0.0,0.0,0.0,0.0
1789088193.0376356,0.0,0.0,0.0,0.0,0.0,0.0
1789088193.0875049,0.0,0.0,0.0,0.0,0.0,0.0
1789088193.1375213,0.0,0.0,0.0,0.0,0.0,0.0
1789088193.1875806,0.0,0.0,0.0,0.0,0.0,0.0
1789088193.2374926,0.0,0.0,0.0,0.0,0.0,0.0
1789088193.287473,0.0,0.0,0.0,0.0,0.0,0.0
1789088193.3375685,0.0,0.0,0.0,0.0,0.0,0.0
1789088193.3877234,0.0,0.0,0.0,0.0,0.0,0.0
1789088193.4374213,0.0,0.0,0.0,0.0,0.0,0.0
1789088193.4874582,0.0,0.0,0.0,0.0,0.0,0.0
1789088193.5375047,0.0,0.0,0.0,0.0,0.0,0.0
1789088193.587595,0.0,0.0,0.0,0.0,0.0,0.0
1789088193.6373587,0.0,0.0,0.0,0.0,0.0,0.0
1789088193.687258,0.0,0.0,0.0,0.0,0.0,0.0
1789088193.7373297,0.0,0.0,0.0,0.0,0.0,0.0
1789088193.787506,0.0,0.0,0.0,0.0,0.0,0.0
1789088193.8375297,0.0,0.0,0.0,0.0,0.0,0.0
1789088193.887544,0.0,0.0,0.0,0.0,0.0,0.0
1789088193.9374092,0.0,0.0,0.0,0.0,0.0,0.0
1789088193.9875169,0.0,0.0,0.0,0.0,0.0,0.0
1789088194.0375402,0.0,0.0,0.0,0.0,0.0,0.0
1789088194.0871298,0.0,0.0,0.0,0.0,0.0,0.0
1789088194.1375754,0.0,0.0,0.0,0.0,0.0,0.0
1789088194.187441,0.0,0.0,0.0,0.0,0.0,0.0
1789088194.2373302,0.0,0.0,0.0,0.0,0.0,0.0
1789088194.2876856,0.0,0.0,0.0,0.0,0.0,0.0
1789088194.3374062,0.0,0.0,0.0,0.0,0.0,0.0
1789088194.3874645,0.0,0.0,0.0,0.0,0.0,0.0
1789088194.437463,0.0,0.0,0.0,0.0,0.0,0.0
1789088194.4872613,0.0,0.0,0.0,0.0,0.0,0.0
1789088194.5373795,0.0,0.0,0.0,0.0,0.0,0.0
1789088194.5874336,0.0,0.0,0.0,0.0,0.0,0.0
1789088194.6374218,0.0,0.0,0.0,0.0,0.0,0.0
1789088194.687316,0.0,0.0,0.0,0.0,0.0,0.0
1789088194.7373848,0.0,0.0,0.0,0.0,0.0,0.0
1789088194.7876294,0.0,0.0,0.0,0.0,0.0,0.0
1789088194.8375514,0.0,0.0,0.0,0.0,0.0,0.0
1789088194.887392,0.0,0.0,0.0,0.0,0.0,0.0
1789088194.9375808,0.0,0.0,0.0,0.0,0.0,0.0
1789088194.9874723,0.0,0.0,0.0,0.0,0.0,0.0
1789088195.0374649,0.0,0.0,0.0,0.0,0.0,0.0
1789088195.0873744,0.0,0.0,0.0,0.0,0.0,0.0
1789088195.1372848,0.0,0.0,0.0,0.0,0.0,0.0
1789088195.187245,0.0,0.0,0.0,0.0,0.0,0.0
1789088195.2371535,0.0,0.0,0.0,0.0,0.0,0.0
1789088195.2873302,0.0,0.0,0.0,0.0,0.0,0.0
1789088195.3372674,0.0,0.0,0.0,0.0,0.0,0.0
1789088195.3873382,0.0,0.0,0.0,0.0,0.0,0.0
1789088195.4374833,0.0,0.0,0.0,0.0,0.0,0.0
1789088195.4875417,0.0,0.0,0.0,0.0,0.0,0.0
1789088195.5374196,0.0,0.0,0.0,0.0,0.0,0.0
1789088195.5872421,0.0,0.0,0.0,0.0,0.0,0.0
1789088195.6376474,0.0,0.0,0.0,0.0,0.0,0.0
1789088195.6875606,0.0,0.0,0.0,0.0,0.0,0.0
1789088195.7373838,0.0,0.0,0.0,0.0,0.0,0.0
1789088195.787352,0.0,0.0,0.0,0.0,0.0,0.0
1789088195.837622,0.0,0.0,0.0,0.0,0.0,0.0
1789088195.8874338,0.0,0.0,0.0,0.0,0.0,0.0
1789088195.937344,0.0,0.0,0.0,0.0,0.0,0.0
1789088195.9874332,0.0,0.0,0.0,0.0,0.0,0.0
1789088196.037464,0.0,0.0,0.0,0.0,0.0,0.0
1789088196.087163,0.0,0.0,0.0,0.0,0.0,0.0
1789088196.137404,0.0,0.0,0.0,0.0,0.0,0.0
1789088196.1873593,0.0,0.0,0.0,0.0,0.0,0.0
1789088196.2372956,0.0,0.0,0.0,0.0,0.0,0.0
1789088196.2877424,0.0,0.0,0.0,0.0,0.0,0.0
1789088196.3372483,0.0,0.0,0.0,0.0,0.0,0.0
1789088196.387306,0.0,0.0,0.0,0.0,0.0,0.0
1789088196.4373019,0.0,0.0,0.0,0.0,0.0,0.0
1789088196.4873517,0.0,0.0,0.0,0.0,0.0,0.0
1789088196.5372853,0.0,0.0,0.0,0.0,0.0,0.0
1789088196.5873156,0.0,0.0,0.0,0.0,0.0,0.0
1789088196.6371536,0.0,0.0,0.0,0.0,0.0,0.0
1789088196.6871305,0.0,0.0,0.0,0.0,0.0,0.0
1789088196.737608,0.0,0.0,0.0,0.0,0.0,0.0
1789088196.787372,0.0,0.0,0.0,0.0,0.0,0.0
1789088196.8374944,0.0,0.0,0.0,0.0,0.0,0.0
1789088196.8874328,0.0,0.0,0.0,0.0,0.0,0.0
1789088196.9376833,0.0,0.0,0.0,0.0,0.0,0.0
1789088196.9875164,0.0,0.0,0.0,0.0,0.0,0.0
1789088197.037525,0.0,0.0,0.0,0.0,0.0,0.0
1789088197.0874405,0.0,0.0,0.0,0.0,0.0,0.0
1789088197.1376123,0.0,0.0,0.0,0.0,0.0,0.0
1789088197.1874664,0.0,0.0,0.0,0.0,0.0,0.0
1789088197.2372575,0.0,0.0,0.0,0.0,0.0,0.0
1789088197.2875032,0.0,0.0,0.0,0.0,0.0,0.0
1789088197.337359,0.0,0.0,0.0,0.0,0.0,0.0
1789088197.3874261,0.0,0.0,0.0,0.0,0.0,0.0
1789088197.437372,0.0,0.0,0.0,0.0,0.0,0.0
1789088197.4873886,0.0,0.0,0.0,0.0,0.0,0.0
1789088197.537604,0.0,0.0,0.0,0.0,0.0,0.0
1789088197.5874734,0.0,0.0,0.0,0.0,0.0,0.0
1789088197.6375258,0.0,0.0,0.0,0.0,0.0,0.0
1789088197.6876564,0.0,0.0,0.0,0.0,0.0,0.0
1789088197.7374728,0.0,0.0,0.0,0.0,0.0,0.0
1789088197.7874477,0.0,0.0,0.0,0.0,0.0,0.0
1789088197.8377466,0.0,0.0,0.0,0.0,0.0,0.0
1789088197.8915882,0.0,0.0,0.0,0.0,0.0,0.0
1789088197.9376135,0.0,0.0,0.0,0.0,0.0,0.0
1789088197.9878619,0.0,0.0,0.0,0.0,0.0,0.0
1789088198.0374553,0.0,0.0,0.0,0.0,0.0,0.0
1789088198.087367,0.0,0.0,0.0,0.0,0.0,0.0
1789088198.1376505,0.0,0.0,0.0,0.0,0.0,0.0
1789088198.1889892,0.0,0.0,0.0,0.0,0.0,0.0
1789088198.2373042,0.0,0.0,0.0,0.0,0.0,0.0
1789088198.2875643,0.0,0.0,0.0,0.0,0.0,0.0
1789088198.3372114,0.0,0.0,0.0,0.0,0.0,0.0
1789088198.3875728,0.0,0.0,0.0,0.0,0.0,0.0
1789088198.4374835,0.0,0.0,0.0,0.0,0.0,0.0
1789088198.4872763,0.0,0.0,0.0,0.0,0.0,0.0
1789088198.537346,0.0,0.0,0.0,0.0,0.0,0.0
1789088198.5880444,0.0,0.0,0.0,0.0,0.0,0.0
1789088198.6375773,0.0,0.0,0.0,0.0,0.0,0.0
1789088198.6873775,0.0,0.0,0.0,0.0,0.0,0.0
1789088198.737671,0.0,0.0,0.0,0.0,0.0,0.0
1789088198.7909234,0.0,0.0,0.0,0.0,0.0,0.0
1789088198.8373508,0.0,0.0,0.0,0.0,0.0,0.0
1789088198.8876383,0.0,0.0,0.0,0.0,0.0,0.0
1789088198.9374604,0.0,0.0,0.0,0.0,0.0,0.0
1789088198.9875128,0.0,0.0,0.0,0.0,0.0,0.0
1789088199.0375316,0.0,0.0,0.0,0.0,0.0,0.0
1789088199.087226,0.0,0.0,0.0,0.0,0.0,0.0
1789088199.137199,0.0,0.0,0.0,0.0,0.0,0.0
1789088199.1877682,0.0,0.0,0.0,0.0,0.0,0.0
1789088199.2372105,0.0,0.0,0.0,0.0,0.0,0.0
1789088199.2880404,0.0,0.0,0.0,0.0,0.0,0.0
1789088199.337413,0.0,0.0,0.0,0.0,0.0,0.0
1789088199.387117,0.0,0.0,0.0,0.0,0.0,0.0
1789088199.4374368,0.0,0.0,0.0,0.0,0.0,0.0
1789088199.49102,0.0,0.0,0.0,0.0,0.0,0.0
1789088199.5371838,0.0,0.0,0.0,0.0,0.0,0.0
1789088199.5873225,0.0,0.0,0.0,0.0,0.0,0.0
1789088199.6372883,0.0,0.0,0.0,0.0,0.0,0.0
1789088199.687119,0.0,0.0,0.0,0.0,0.0,0.0
1789088199.7375674,0.0,0.0,0.0,0.0,0.0,0.0
1789088199.7878199,0.0,0.0,0.0,0.0,0.0,0.0
1789088199.8374348,0.0,0.0,0.0,0.0,0.0,0.0
1789088199.8872614,0.0,0.0,0.0,0.0,0.0,0.0
1789088199.9374354,0.0,0.0,0.0,0.0,0.0,0.0
1789088199.9875798,0.0,0.0,0.0,0.0,0.0,0.0
1789088200.0370762,0.0,0.0,0.0,0.0,0.0,0.0
1789088200.0896716,0.0,0.0,0.0,0.0,0.0,0.0
1789088200.1371853,0.0,0.0,0.0,0.0,0.0,0.0
1789088200.1902657,0.0,0.0,0.0,0.0,0.0,0.0
1789088200.2373888,0.0,0.0,0.0,0.0,0.0,0.0
1789088200.288421,0.0,0.0,0.0,0.0,0.0,0.0
1789088200.3372135,0.0,0.0,0.0,0.0,0.0,0.0
1789088200.387375,0.0,0.0,0.0,0.0,0.0,0.0
1789088200.4373097,0.0,0.0,0.0,0.0,0.0,0.0
1789088200.4872417,0.0,0.0,0.0,0.0,0.0,0.0
1789088200.5372562,0.0,0.0,0.0,0.0,0.0,0.0
1789088200.5870945,0.0,0.0,0.0,0.0,0.0,0.0
1789088200.637274,0.0,0.0,0.0,0.0,0.0,0.0
1789088200.6886482,0.0,0.0,0.0,0.0,0.0,0.0
1789088200.7374358,0.0,0.0,0.0,0.0,0.0,0.0
1789088200.788756,0.0,0.0,0.0,0.0,0.0,0.0
1789088200.837195,0.0,0.0,0.0,0.0,0.0,0.0
1789088200.8882568,0.0,0.0,0.0,0.0,0.0,0.0
1789088200.937304,0.0,0.0,0.0,0.0,0.0,0.0
1789088200.989851,0.0,0.0,0.0,0.0,0.0,0.0
1789088201.0376272,0.0,0.0,0.0,0.0,0.0,0.0
1789088201.0889096,0.0,0.0,0.0,0.0,0.0,0.0
1789088201.1371891,0.0,0.0,0.0,0.0,0.0,0.0
1789088201.188099,0.0,0.0,0.0,0.0,0.0,0.0
1789088201.2373166,0.0,0.0,0.0,0.0,0.0,0.0
1789088201.2889326,0.0,0.0,0.0,0.0,0.0,0.0
1789088201.337462,0.0,0.0,0.0,0.0,0.0,0.0
1789088201.3903112,0.0,0.0,0.0,0.0,0.0,0.0
1789088201.4374356,0.0,0.0,0.0,0.0,0.0,0.0
1789088201.4884539,0.0,0.0,0.0,0.0,0.0,0.0
1789088201.5376372,0.0,0.0,0.0,0.0,0.0,0.0
1789088201.5885642,0.0,0.0,0.0,0.0,0.0,0.0
1789088201.6376112,0.0,0.0,0.0,0.0,0.0,0.0
1789088201.691103,0.0,0.0,0.0,0.0,0.0,0.0
1789088201.7373328,0.0,0.0,0.0,0.0,0.0,0.0
1789088201.7876954,0.0,0.0,0.0,0.0,0.0,0.0
1789088201.8377194,0.0,0.0,0.0,0.0,0.0,0.0
1789088201.8924465,0.0,0.0,0.0,0.0,0.0,0.0
1789088201.937525,0.0,0.0,0.0,0.0,0.0,0.0
1789088201.9896069,0.0,0.0,0.0,0.0,0.0,0.0
1789088202.0374916,0.0,0.0,0.0,0.0,0.0,0.0
1789088202.0873344,0.0,0.0,0.0,0.0,0.0,0.0
1789088202.137581,0.0,0.0,0.0,0.0,0.0,0.0
1789088202.1899598,0.0,0.0,0.0,0.0,0.0,0.0
1789088202.237322,0.0,0.0,0.0,0.0,0.0,0.0
1789088202.2873313,0.0,0.0,0.0,0.0,0.0,0.0
1789088202.3377557,0.0,0.0,0.0,0.0,0.0,0.0
1789088202.3887792,0.0,0.0,0.0,0.0,0.0,0.0
1789088202.4375212,0.0,0.0,0.0,0.0,0.0,0.0
1789088202.4905212,0.0,0.0,0.0,0.0,0.0,0.0
1789088202.537781,0.0,0.0,0.0,0.0,0.0,0.0
1789088202.5874689,0.0,0.0,0.0,0.0,0.0,0.0
1789088202.637453,0.0,0.0,0.0,0.0,0.0,0.0
1789088202.689095,0.0,0.0,0.0,0.0,0.0,0.0
1789088202.7376893,0.0,0.0,0.0,0.0,0.0,0.0
1789088202.7888918,0.0,0.0,0.0,0.0,0.0,0.0
1789088202.837655,0.0,0.0,0.0,0.0,0.0,0.0
1789088202.89168,0.0,0.0,0.0,0.0,0.0,0.0
1789088202.9371865,0.0,0.0,0.0,0.0,0.0,0.0
1789088202.9874837,0.0,0.0,0.0,0.0,0.0,0.0
1789088203.0371537,0.0,0.0,0.0,0.0,0.0,0.0
1789088203.087374,0.0,0.0,0.0,0.0,0.0,0.0
1789088203.1373968,0.0,0.0,0.0,0.0,0.0,0.0
1789088203.1890407,0.0,0.0,0.0,0.0,0.0,0.0
1789088203.237487,0.0,0.0,0.0,0.0,0.0,0.0
1789088203.2876897,0.0,0.0,0.0,0.0,0.0,0.0
1789088203.3371797,0.0,0.0,0.0,0.0,0.0,0.0
1789088203.3879926,0.0,0.0,0.0,0.0,0.0,0.0
1789088203.4372275,0.0,0.0,0.0,0.0,0.0,0.0
1789088203.489286,0.0,0.0,0.0,0.0,0.0,0.0
1789088203.5374873,0.0,0.0,0.0,0.0,0.0,0.0
1789088203.587335,0.0,0.0,0.0,0.0,0.0,0.0
1789088203.6373518,0.0,0.0,0.0,0.0,0.0,0.0
1789088203.6881626,0.0,0.0,0.0,0.0,0.0,0.0
1789088203.7373416,0.0,0.0,0.0,0.0,0.0,0.0
1789088203.7873774,0.0,0.0,0.0,0.0,0.0,0.0
1789088203.8372598,0.0,0.0,0.0,0.0,0.0,0.0
1789088203.887234,0.0,0.0,0.0,0.0,0.0,0.0
1789088203.9372118,0.0,0.0,0.0,0.0,0.0,0.0
1789088203.9875166,0.0,0.0,0.0,0.0,0.0,0.0
1789088204.0374618,0.0,0.0,0.0,0.0,0.0,0.0
1789088204.0887449,0.0,0.0,0.0,0.0,0.0,0.0
1789088204.1374435,0.0,0.0,0.0,0.0,0.0,0.0
1789088204.1888242,0.0,0.0,0.0,0.0,0.0,0.0
1789088204.2373145,0.0,0.0,0.0,0.0,0.0,0.0
1789088204.2900667,0.0,0.0,0.0,0.0,0.0,0.0
1789088204.3371847,0.0,0.0,0.0,0.0,0.0,0.0
1789088204.3885639,0.0,0.0,0.0,0.0,0.0,0.0
1789088204.4372072,0.0,0.0,0.0,0.0,0.0,0.0
1789088204.4892879,0.0,0.0,0.0,0.0,0.0,0.0
1789088204.5374546,0.0,0.0,0.0,0.0,0.0,0.0
1789088204.5875723,0.0,0.0,0.0,0.0,0.0,0.0
1789088204.6371582,0.0,0.0,0.0,0.0,0.0,0.0
1789088204.6875167,0.0,0.0,0.0,0.0,0.0,0.0
1789088204.7371712,0.0,0.0,0.0,0.0,0.0,0.0
1789088204.7874312,0.0,0.0,0.0,0.0,0.0,0.0
1789088204.8372989,0.0,0.0,0.0,0.0,0.0,0.0
1789088204.8891397,0.0,0.0,0.0,0.0,0.0,0.0
1789088204.9372668,0.0,0.0,0.0,0.0,0.0,0.0
1789088204.988561,0.0,0.0,0.0,0.0,0.0,0.0
1789088205.0371861,0.0,0.0,0.0,0.0,0.0,0.0
1789088205.089318,0.0,0.0,0.0,0.0,0.0,0.0
1789088205.1374424,0.0,0.0,0.0,0.0,0.0,0.0
1789088205.1893594,0.0,0.0,0.0,0.0,0.0,0.0
1789088205.237381,0.0,0.0,0.0,0.0,0.0,0.0
1789088205.291898,0.0,0.0,0.0,0.0,0.0,0.0
1789088205.3374279,0.0,0.0,0.0,0.0,0.0,0.0
1789088205.3920581,0.0,0.0,0.0,0.0,0.0,0.0
1789088205.437279,0.0,0.0,0.0,0.0,0.0,0.0
1789088205.489287,0.0,0.0,0.0,0.0,0.0,0.0
1789088205.5373979,0.0,0.0,0.0,0.0,0.0,0.0
1789088205.5876079,0.0,0.0,0.0,0.0,0.0,0.0
1789088205.637345,0.0,0.0,0.0,0.0,0.0,0.0
1789088205.6891534,0.0,0.0,0.0,0.0,0.0,0.0
1789088205.7374742,0.0,0.0,0.0,0.0,0.0,0.0
1789088205.7875724,0.0,0.0,0.0,0.0,0.0,0.0
1789088205.8373265,0.0,0.0,0.0,0.0,0.0,0.0
1789088205.894475,0.0,0.0,0.0,0.0,0.0,0.0
1789088205.9376066,0.0,0.0,0.0,0.0,0.0,0.0
1789088205.9901612,0.0,0.0,0.0,0.0,0.0,0.0
1789088206.0372937,0.0,0.0,0.0,0.0,0.0,0.0
1789088206.0901039,0.0,0.0,0.0,0.0,0.0,0.0
1789088206.137309,0.0,0.0,0.0,0.0,0.0,0.0
1789088206.1919754,0.0,0.0,0.0,0.0,0.0,0.0
1789088206.2375772,0.0,0.0,0.0,0.0,0.0,0.0
1789088206.2907064,0.0,0.0,0.0,0.0,0.0,0.0
1789088206.337326,0.0,0.0,0.0,0.0,0.0,0.0
1789088206.3923364,0.0,0.0,0.0,0.0,0.0,0.0
1789088206.43733,0.0,0.0,0.0,0.0,0.0,0.0
1789088206.4910033,0.0,0.0,0.0,0.0,0.0,0.0
1789088206.5374568,0.0,0.0,0.0,0.0,0.0,0.0
1789088206.5920737,0.0,0.0,0.0,0.0,0.0,0.0
1789088206.6373844,0.0,0.0,0.0,0.0,0.0,0.0
1789088206.692609,0.0,0.0,0.0,0.0,0.0,0.0
1789088206.7374206,0.0,0.0,0.0,0.0,0.0,0.0
1789088206.7908423,0.0,0.0,0.0,0.0,0.0,0.0
1789088206.8374295,0.0,0.0,0.0,0.0,0.0,0.0
1789088206.891423,0.0,0.0,0.0,0.0,0.0,0.0
1789088206.937521,0.0,0.0,0.0,0.0,0.0,0.0
1789088206.9874787,0.0,0.0,0.0,0.0,0.0,0.0
1789088207.037504,0.0,0.0,0.0,0.0,0.0,0.0
1789088207.09299,0.0,0.0,0.0,0.0,0.0,0.0
1789088207.137606,0.0,0.0,0.0,0.0,0.0,0.0
1789088207.1947546,0.0,0.0,0.0,0.0,0.0,0.0
1789088207.2375908,0.0,0.0,0.0,0.0,0.0,0.0
1789088207.2941358,0.0,0.0,0.0,0.0,0.0,0.0
1789088207.337659,0.0,0.0,0.0,0.0,0.0,0.0
1789088207.3874967,0.0,0.0,0.0,0.0,0.0,0.0
1789088207.437299,0.0,0.0,0.0,0.0,0.0,0.0
1789088207.487501,0.0,0.0,0.0,0.0,0.0,0.0
1789088207.537296,0.0,0.0,0.0,0.0,0.0,0.0
1789088207.5933926,0.0,0.0,0.0,0.0,0.0,0.0
1789088207.6373854,0.0,0.0,0.0,0.0,0.0,0.0
1789088207.6874435,0.0,0.0,0.0,0.0,0.0,0.0
1789088207.73752,0.0,0.0,0.0,0.0,0.0,0.0
1789088207.7874835,0.0,0.0,0.0,0.0,0.0,0.0
1789088207.837377,0.0,0.0,0.0,0.0,0.0,0.0
1789088207.8910615,0.0,0.0,0.0,0.0,0.0,0.0
1789088207.9373472,0.0,0.0,0.0,0.0,0.0,0.0
1789088207.9877036,0.0,0.0,0.0,0.0,0.0,0.0
1789088208.0374928,0.0,0.0,0.0,0.0,0.0,0.0
1789088208.0874474,0.0,0.0,0.0,0.0,0.0,0.0
1789088208.1375782,0.0,0.0,0.0,0.0,0.0,0.0
1789088208.1874986,0.0,0.0,0.0,0.0,0.0,0.0
1789088208.2375906,0.0,0.0,0.0,0.0,0.0,0.0
1789088208.2875113,0.0,0.0,0.0,0.0,0.0,0.0
1789088208.337227,0.0,0.0,0.0,0.0,0.0,0.0
1789088208.3942354,0.0,0.0,0.0,0.0,0.0,0.0
1789088208.4372957,0.0,0.0,0.0,0.0,0.0,0.0
1789088208.4873679,0.0,0.0,0.0,0.0,0.0,0.0
1789088208.5373988,0.0,0.0,0.0,0.0,0.0,0.0
1789088208.587584,0.0,0.0,0.0,0.0,0.0,0.0
1789088208.637311,0.0,0.0,0.0,0.0,0.0,0.0
1789088208.6873586,0.0,0.0,0.0,0.0,0.0,0.0
1789088208.7372699,0.0,0.0,0.0,0.0,0.0,0.0
1789088208.787794,0.0,0.0,0.0,0.0,0.0,0.0
1789088208.8402889,0.0,0.0,0.0,0.0,0.0,0.0
1789088208.892316,0.0,0.0,0.0,0.0,0.0,0.0
1789088208.9374833,0.0,0.0,0.0,0.0,0.0,0.0
1789088208.9920828,0.0,0.0,0.0,0.0,0.0,0.0
1789088209.0373325,0.0,0.0,0.0,0.0,0.0,0.0
1789088209.0928206,0.0,0.0,0.0,0.0,0.0,0.0
1789088209.137383,0.0,0.0,0.0,0.0,0.0,0.0
1789088209.1876311,0.0,0.0,0.0,0.0,0.0,0.0
1789088209.2375047,0.0,0.0,0.0,0.0,0.0,0.0
1789088209.2876017,0.0,0.0,0.0,0.0,0.0,0.0
1789088209.337252,0.0,0.0,0.0,0.0,0.0,0.0
1789088209.3876631,0.0,0.0,0.0,0.0,0.0,0.0
1789088209.4374568,0.0,0.0,0.0,0.0,0.0,0.0
1789088209.4876516,0.0,0.0,0.0,0.0,0.0,0.0
1789088209.5375214,0.0,0.0,0.0,0.0,0.0,0.0
1789088209.5876696,0.0,0.0,0.0,0.0,0.0,0.0
1789088209.637316,0.0,0.0,0.0,0.0,0.0,0.0
1789088209.6875231,0.0,0.0,0.0,0.0,0.0,0.0
1789088209.7372267,0.0,0.0,0.0,0.0,0.0,0.0
1789088209.7876453,0.0,0.0,0.0,0.0,0.0,0.0
1789088209.837308,0.0,0.0,0.0,0.0,0.0,0.0
1789088209.887638,0.0,0.0,0.0,0.0,0.0,0.0
1789088209.9374726,0.0,0.0,0.0,0.0,0.0,0.0
1789088209.9874396,0.0,0.0,0.0,0.0,0.0,0.0
1789088210.037291,0.0,0.0,0.0,0.0,0.0,0.0
1789088210.0876253,0.0,0.0,0.0,0.0,0.0,0.0
1789088210.1374888,0.0,0.0,0.0,0.0,0.0,0.0
1789088210.1876771,0.0,0.0,0.0,0.0,0.0,0.0
1789088210.2374065,0.0,0.0,0.0,0.0,0.0,0.0
1789088210.2874093,0.0,0.0,0.0,0.0,0.0,0.0
1789088210.3375475,0.0,0.0,0.0,0.0,0.0,0.0
1789088210.3877099,0.0,0.0,0.0,0.0,0.0,0.0
1789088210.4375737,0.0,0.0,0.0,0.0,0.0,0.0
1789088210.4877346,0.0,0.0,0.0,0.0,0.0,0.0
1789088210.5373383,0.0,0.0,0.0,0.0,0.0,0.0
1789088210.5875387,0.0,0.0,0.0,0.0,0.0,0.0
1789088210.6372793,0.0,0.0,0.0,0.0,0.0,0.0
1789088210.6875474,0.0,0.0,0.0,0.0,0.0,0.0
1789088210.7374015,0.0,0.0,0.0,0.0,0.0,0.0
1789088210.7875617,0.0,0.0,0.0,0.0,0.0,0.0
1789088210.837333,0.0,0.0,0.0,0.0,0.0,0.0
1789088210.8875842,0.0,0.0,0.0,0.0,0.0,0.0
1789088210.9374144,0.0,0.0,0.0,0.0,0.0,0.0
1789088210.9874928,0.0,0.0,0.0,0.0,0.0,0.0
1789088211.0375826,0.0,0.0,0.0,0.0,0.0,0.0
1789088211.0875924,0.0,0.0,0.0,0.0,0.0,0.0
1789088211.137623,0.0,0.0,0.0,0.0,0.0,0.0
1789088211.187436,0.0,0.0,0.0,0.0,0.0,0.0
1789088211.2375662,0.0,0.0,0.0,0.0,0.0,0.0
1789088211.2875574,0.0,0.0,0.0,0.0,0.0,0.0
1789088211.337558,0.0,0.0,0.0,0.0,0.0,0.0
1789088211.3876688,0.0,0.0,0.0,0.0,0.0,0.0
1789088211.4375114,0.0,0.0,0.0,0.0,0.0,0.0
1789088211.4873312,0.0,0.0,0.0,0.0,0.0,0.0
1789088211.5371885,0.0,0.0,0.0,0.0,0.0,0.0
1789088211.5874283,0.0,0.0,0.0,0.0,0.0,0.0
1789088211.6372523,0.0,0.0,0.0,0.0,0.0,0.0
1789088211.6878307,0.0,0.0,0.0,0.0,0.0,0.0
1789088211.7373214,0.0,0.0,0.0,0.0,0.0,0.0
1789088211.7877445,0.0,0.0,0.0,0.0,0.0,0.0
1789088211.8373313,0.0,0.0,0.0,0.0,0.0,0.0
1789088211.8875883,0.0,0.0,0.0,0.0,0.0,0.0
1789088211.9372997,0.0,0.0,0.0,0.0,0.0,0.0
1789088211.987479,0.0,0.0,0.0,0.0,0.0,0.0
1789088212.0373337,0.0,0.0,0.0,0.0,0.0,0.0
1789088212.087448,0.0,0.0,0.0,0.0,0.0,0.0
1789088212.137345,0.0,0.0,0.0,0.0,0.0,0.0
1789088212.1874068,0.0,0.0,0.0,0.0,0.0,0.0
1789088212.2374613,0.0,0.0,0.0,0.0,0.0,0.0
1789088212.2874901,0.0,0.0,0.0,0.0,0.0,0.0
1789088212.3373232,0.0,0.0,0.0,0.0,0.0,0.0
1789088212.3874552,0.0,0.0,0.0,0.0,0.0,0.0
1789088212.4373512,0.0,0.0,0.0,0.0,0.0,0.0
1789088212.4871902,0.0,0.0,0.0,0.0,0.0,0.0
1789088212.5373929,0.0,0.0,0.0,0.0,0.0,0.0
1789088212.587573,0.0,0.0,0.0,0.0,0.0,0.0
1789088212.637321,0.0,0.0,0.0,0.0,0.0,0.0
1789088212.6874049,0.0,0.0,0.0,0.0,0.0,0.0
1789088212.7373621,0.0,0.0,0.0,0.0,0.0,0.0
1789088212.7876935,0.0,0.0,0.0,0.0,0.0,0.0
1789088212.8373702,0.0,0.0,0.0,0.0,0.0,0.0
1789088212.887555,0.0,0.0,0.0,0.0,0.0,0.0
1789088212.9373806,0.0,0.0,0.0,0.0,0.0,0.0
1789088212.9875634,0.0,0.0,0.0,0.0,0.0,0.0
1789088213.0371978,0.0,0.0,0.0,0.0,0.0,0.0
1789088213.0874443,0.0,0.0,0.0,0.0,0.0,0.0
1789088213.1374955,0.0,0.0,0.0,0.0,0.0,0.0
1789088213.187828,0.0,0.0,0.0,0.0,0.0,0.0
1789088213.2374806,0.0,0.0,0.0,0.0,0.0,0.0
1789088213.2874982,0.0,0.0,0.0,0.0,0.0,0.0
1789088213.3374474,0.0,0.0,0.0,0.0,0.0,0.0
1789088213.387462,0.0,0.0,0.0,0.0,0.0,0.0
1789088213.4375584,0.0,0.0,0.0,0.0,0.0,0.0
1789088213.487405,0.0,0.0,0.0,0.0,0.0,0.0
1789088213.5374393,0.0,0.0,0.0,0.0,0.0,0.0
1789088213.5875075,0.0,0.0,0.0,0.0,0.0,0.0
1789088213.6372492,0.0,0.0,0.0,0.0,0.0,0.0
1789088213.6872435,0.0,0.0,0.0,0.0,0.0,0.0
1789088213.7374296,0.0,0.0,0.0,0.0,0.0,0.0
1789088213.7872636,0.0,0.0,0.0,0.0,0.0,0.0
1789088213.837523,0.0,0.0,0.0,0.0,0.0,0.0
1789088213.8872957,0.0,0.0,0.0,0.0,0.0,0.0
1789088213.937292,0.0,0.0,0.0,0.0,0.0,0.0
1789088213.9874876,0.0,0.0,0.0,0.0,0.0,0.0
1789088214.0374682,0.0,0.0,0.0,0.0,0.0,0.0
1789088214.0875955,0.0,0.0,0.0,0.0,0.0,0.0
1789088214.1373096,0.0,0.0,0.0,0.0,0.0,0.0
1789088214.1873715,0.0,0.0,0.0,0.0,0.0,0.0
1789088214.2371647,0.0,0.0,0.0,0.0,0.0,0.0
1789088214.2874944,0.0,0.0,0.0,0.0,0.0,0.0
1789088214.3373163,0.0,0.0,0.0,0.0,0.0,0.0
1789088214.387521,0.0,0.0,0.0,0.0,0.0,0.0
1789088214.437277,0.0,0.0,0.0,0.0,0.0,0.0
1789088214.4876494,0.0,0.0,0.0,0.0,0.0,0.0
1789088214.5371785,0.0,0.0,0.0,0.0,0.0,0.0
1789088214.5874095,0.0,0.0,0.0,0.0,0.0,0.0
1789088214.637504,0.0,0.0,0.0,0.0,0.0,0.0
1789088214.687665,0.0,0.0,0.0,0.0,0.0,0.0
1789088214.7375555,0.0,0.0,0.0,0.0,0.0,0.0
1789088214.7876775,0.0,0.0,0.0,0.0,0.0,0.0
1789088214.8374,0.0,0.0,0.0,0.0,0.0,0.0
1789088214.8876119,0.0,0.0,0.0,0.0,0.0,0.0
1789088214.9374254,0.0,0.0,0.0,0.0,0.0,0.0
1789088214.9874957,0.0,0.0,0.0,0.0,0.0,0.0
1789088215.0374198,0.0,0.0,0.0,0.0,0.0,0.0
1789088215.0874693,0.0,0.0,0.0,0.0,0.0,0.0
1789088215.137266,0.0,0.0,0.0,0.0,0.0,0.0
1789088215.1877933,0.0,0.0,0.0,0.0,0.0,0.0
1789088215.2373414,0.0,0.0,0.0,0.0,0.0,0.0
1789088215.2875452,0.0,0.0,0.0,0.0,0.0,0.0
1789088215.3371797,0.0,0.0,0.0,0.0,0.0,0.0
1789088215.3875,0.0,0.0,0.0,0.0,0.0,0.0
1789088215.4374883,0.0,0.0,0.0,0.0,0.0,0.0
1789088215.4874535,0.0,0.0,0.0,0.0,0.0,0.0
1789088215.537444,0.0,0.0,0.0,0.0,0.0,0.0
1789088215.5876455,0.0,0.0,0.0,0.0,0.0,0.0
1789088215.6374662,0.0,0.0,0.0,0.0,0.0,0.0
1789088215.6876063,0.0,0.0,0.0,0.0,0.0,0.0
1789088215.737425,0.0,0.0,0.0,0.0,0.0,0.0
1789088215.7875414,0.0,0.0,0.0,0.0,0.0,0.0
1789088215.8373356,0.0,0.0,0.0,0.0,0.0,0.0
1789088215.8877964,0.0,0.0,0.0,0.0,0.0,0.0
1789088215.937412,0.0,0.0,0.0,0.0,0.0,0.0
1789088215.987508,0.0,0.0,0.0,0.0,0.0,0.0
1789088216.0373433,0.0,0.0,0.0,0.0,0.0,0.0
1789088216.0873787,0.0,0.0,0.0,0.0,0.0,0.0
1789088216.1374328,0.0,0.0,0.0,0.0,0.0,0.0
1789088216.1874976,0.0,0.0,0.0,0.0,0.0,0.0
1789088216.2373474,0.0,0.0,0.0,0.0,0.0,0.0
1789088216.28748,0.0,0.0,0.0,0.0,0.0,0.0
1789088216.3373053,0.0,0.0,0.0,0.0,0.0,0.0
1789088216.387476,0.0,0.0,0.0,0.0,0.0,0.0
1789088216.4376104,0.0,0.0,0.0,0.0,0.0,0.0
1789088216.4874234,0.0,0.0,0.0,0.0,0.0,0.0
1789088216.5372427,0.0,0.0,0.0,0.0,0.0,0.0
1789088216.5873802,0.0,0.0,0.0,0.0,0.0,0.0
1789088216.6374028,0.0,0.0,0.0,0.0,0.0,0.0
1789088216.6874373,0.0,0.0,0.0,0.0,0.0,0.0
1789088216.7374835,0.0,0.0,0.0,0.0,0.0,0.0
1789088216.7874029,0.0,0.0,0.0,0.0,0.0,0.0
1789088216.8372507,0.0,0.0,0.0,0.0,0.0,0.0
1789088216.8872783,0.0,0.0,0.0,0.0,0.0,0.0
1789088216.9372268,0.0,0.0,0.0,0.0,0.0,0.0
1789088216.9872596,0.0,0.0,0.0,0.0,0.0,0.0
1789088217.0374007,0.0,0.0,0.0,0.0,0.0,0.0
1789088217.087305,0.0,0.0,0.0,0.0,0.0,0.0
1789088217.1373568,0.0,0.0,0.0,0.0,0.0,0.0
1789088217.1873841,0.0,0.0,0.0,0.0,0.0,0.0
1789088217.2375712,0.0,0.0,0.0,0.0,0.0,0.0
1789088217.28736,0.0,0.0,0.0,0.0,0.0,0.0
1789088217.3375459,0.0,0.0,0.0,0.0,0.0,0.0
1789088217.387403,0.0,0.0,0.0,0.0,0.0,0.0
1789088217.4373453,0.0,0.0,0.0,0.0,0.0,0.0
1789088217.487718,0.0,0.0,0.0,0.0,0.0,0.0
1789088217.5373302,0.0,0.0,0.0,0.0,0.0,0.0
1789088217.5875778,0.0,0.0,0.0,0.0,0.0,0.0
1789088217.6372237,0.0,0.0,0.0,0.0,0.0,0.0
1789088217.687358,0.0,0.0,0.0,0.0,0.0,0.0
1789088217.7372847,0.0,0.0,0.0,0.0,0.0,0.0
1789088217.7873962,0.0,0.0,0.0,0.0,0.0,0.0
1789088217.8371842,0.0,0.0,0.0,0.0,0.0,0.0
1789088217.8873951,0.0,0.0,0.0,0.0,0.0,0.0
1789088217.9372282,0.0,0.0,0.0,0.0,0.0,0.0
1789088217.987461,0.0,0.0,0.0,0.0,0.0,0.0
1789088218.0371554,0.0,0.0,0.0,0.0,0.0,0.0
1789088218.0873954,0.0,0.0,0.0,0.0,0.0,0.0
1789088218.1373026,0.0,0.0,0.0,0.0,0.0,0.0
1789088218.1873715,0.0,0.0,0.0,0.0,0.0,0.0
1789088218.2375112,0.0,0.0,0.0,0.0,0.0,0.0
1789088218.287275,0.0,0.0,0.0,0.0,0.0,0.0
1789088218.3372002,0.0,0.0,0.0,0.0,0.0,0.0
1789088218.3872323,0.0,0.0,0.0,0.0,0.0,0.0
1789088218.4405975,0.0,0.0,0.0,0.0,0.0,0.0
1789088218.487596,0.0,0.0,0.0,0.0,0.0,0.0
1789088218.53738,0.0,0.0,0.0,0.0,0.0,0.0
1789088218.587262,0.0,0.0,0.0,0.0,0.0,0.0
1789088218.6371977,0.0,0.0,0.0,0.0,0.0,0.0
1789088218.687574,0.0,0.0,0.0,0.0,0.0,0.0
1789088218.737278,0.0,0.0,0.0,0.0,0.0,0.0
1789088218.7875621,0.0,0.0,0.0,0.0,0.0,0.0
1789088218.8373878,0.0,0.0,0.0,0.0,0.0,0.0
1789088218.8876565,0.0,0.0,0.0,0.0,0.0,0.0
1789088218.9374154,0.0,0.0,0.0,0.0,0.0,0.0
1789088218.987436,0.0,0.0,0.0,0.0,0.0,0.0
1789088219.0372317,0.0,0.0,0.0,0.0,0.0,0.0
1789088219.0875347,0.0,0.0,0.0,0.0,0.0,0.0
1789088219.1373339,0.0,0.0,0.0,0.0,0.0,0.0
1789088219.1874025,0.0,0.0,0.0,0.0,0.0,0.0
1789088219.237454,0.0,0.0,0.0,0.0,0.0,0.0
1789088219.2875183,0.0,0.0,0.0,0.0,0.0,0.0
1789088219.3377185,0.0,0.0,0.0,0.0,0.0,0.0
1789088219.3875048,0.0,0.0,0.0,0.0,0.0,0.0
1789088219.4372804,0.0,0.0,0.0,0.0,0.0,0.0
1789088219.487581,0.0,0.0,0.0,0.0,0.0,0.0
1789088219.537429,0.0,0.0,0.0,0.0,0.0,0.0
1789088219.5875657,0.0,0.0,0.0,0.0,0.0,0.0
1789088219.6373072,0.0,0.0,0.0,0.0,0.0,0.0
1789088219.6875424,0.0,0.0,0.0,0.0,0.0,0.0
1789088219.7374976,0.0,0.0,0.0,0.0,0.0,0.0
1789088219.7876139,0.0,0.0,0.0,0.0,0.0,0.0
1789088219.8374953,0.0,0.0,0.0,0.0,0.0,0.0
1789088219.887475,0.0,0.0,0.0,0.0,0.0,0.0
1789088219.9373972,0.0,0.0,0.0,0.0,0.0,0.0
1789088219.987354,0.0,0.0,0.0,0.0,0.0,0.0
1789088220.0372977,0.0,0.0,0.0,0.0,0.0,0.0
1789088220.0876355,0.0,0.0,0.0,0.0,0.0,0.0
1789088220.1372151,0.0,0.0,0.0,0.0,0.0,0.0
1789088220.1873412,0.0,0.0,0.0,0.0,0.0,0.0
1789088220.2374916,0.0,0.0,0.0,0.0,0.0,0.0
1789088220.2875407,0.0,0.0,0.0,0.0,0.0,0.0
1789088220.3374064,0.0,0.0,0.0,0.0,0.0,0.0
1789088220.3875556,0.0,0.0,0.0,0.0,0.0,0.0
1789088220.4374092,0.0,0.0,0.0,0.0,0.0,0.0
1789088220.4875062,0.0,0.0,0.0,0.0,0.0,0.0
1789088220.539145,0.0,0.0,0.0,0.0,0.0,0.0
1789088220.5875967,0.0,0.0,0.0,0.0,0.0,0.0
1789088220.63764,0.0,0.0,0.0,0.0,0.0,0.0
1789088220.6874163,0.0,0.0,0.0,0.0,0.0,0.0
1789088220.7372787,0.0,0.0,0.0,0.0,0.0,0.0
1789088220.787532,0.0,0.0,0.0,0.0,0.0,0.0
1789088220.8375475,0.0,0.0,0.0,0.0,0.0,0.0
1789088220.8875103,0.0,0.0,0.0,0.0,0.0,0.0
1789088220.9375045,0.0,0.0,0.0,0.0,0.0,0.0
1789088220.9876726,0.0,0.0,0.0,0.0,0.0,0.0
1789088221.0397024,0.0,0.0,0.0,0.0,0.0,0.0
1789088221.087384,0.0,0.0,0.0,0.0,0.0,0.0
1789088221.137357,0.0,0.0,0.0,0.0,0.0,0.0
1789088221.1872914,0.0,0.0,0.0,0.0,0.0,0.0
1789088221.2382977,0.0,0.0,0.0,0.0,0.0,0.0
1789088221.2873075,0.0,0.0,0.0,0.0,0.0,0.0
1789088221.337438,0.0,0.0,0.0,0.0,0.0,0.0
1789088221.3873663,0.0,0.0,0.0,0.0,0.0,0.0
1789088221.4373517,0.0,0.0,0.0,0.0,0.0,0.0
1789088221.4875083,0.0,0.0,0.0,0.0,0.0,0.0
1789088221.5401719,0.0,0.0,0.0,0.0,0.0,0.0
1789088221.5874717,0.0,0.0,0.0,0.0,0.0,0.0
1789088221.6374836,0.0,0.0,0.0,0.0,0.0,0.0
1789088221.6874187,0.0,0.0,0.0,0.0,0.0,0.0
1789088221.7422335,0.0,0.0,0.0,0.0,0.0,0.0
1789088221.787475,0.0,0.0,0.0,0.0,0.0,0.0
1789088221.8392293,0.0,0.0,0.0,0.0,0.0,0.0
1789088221.8874452,0.0,0.0,0.0,0.0,0.0,0.0
1789088221.9372196,0.0,0.0,0.0,0.0,0.0,0.0
1789088221.987321,0.0,0.0,0.0,0.0,0.0,0.0
1789088222.0375962,0.0,0.0,0.0,0.0,0.0,0.0
1789088222.0875392,0.0,0.0,0.0,0.0,0.0,0.0
1789088222.1382892,0.0,0.0,0.0,0.0,0.0,0.0
1789088222.1875021,0.0,0.0,0.0,0.0,0.0,0.0
1789088222.238314,0.0,0.0,0.0,0.0,0.0,0.0
1789088222.2874901,0.0,0.0,0.0,0.0,0.0,0.0
1789088222.3410938,0.0,0.0,0.0,0.0,0.0,0.0
1789088222.3874075,0.0,0.0,0.0,0.0,0.0,0.0
1789088222.4372895,0.0,0.0,0.0,0.0,0.0,0.0
1789088222.4874177,0.0,0.0,0.0,0.0,0.0,0.0
1789088222.5385761,0.0,0.0,0.0,0.0,0.0,0.0
1789088222.587411,0.0,0.0,0.0,0.0,0.0,0.0
1789088222.6374424,0.0,0.0,0.0,0.0,0.0,0.0
1789088222.687509,0.0,0.0,0.0,0.0,0.0,0.0
1789088222.7387316,0.0,0.0,0.0,0.0,0.0,0.0
1789088222.7872446,0.0,0.0,0.0,0.0,0.0,0.0
1789088222.8379283,0.0,0.0,0.0,0.0,0.0,0.0
1789088222.887375,0.0,0.0,0.0,0.0,0.0,0.0
1789088222.941229,0.0,0.0,0.0,0.0,0.0,0.0
1789088222.987339,0.0,0.0,0.0,0.0,0.0,0.0
1789088223.0372837,0.0,0.0,0.0,0.0,0.0,0.0
1789088223.0873172,0.0,0.0,0.0,0.0,0.0,0.0
1789088223.1374013,0.0,0.0,0.0,0.0,0.0,0.0
1789088223.1873195,0.0,0.0,0.0,0.0,0.0,0.0
1789088223.238708,0.0,0.0,0.0,0.0,0.0,0.0
1789088223.2874072,0.0,0.0,0.0,0.0,0.0,0.0
1789088223.3389318,0.0,0.0,0.0,0.0,0.0,0.0
1789088223.3876662,0.0,0.0,0.0,0.0,0.0,0.0
1789088223.4389627,0.0,0.0,0.0,0.0,0.0,0.0
1789088223.487455,0.0,0.0,0.0,0.0,0.0,0.0
1789088223.5388324,0.0,0.0,0.0,0.0,0.0,0.0
1789088223.587588,0.0,0.0,0.0,0.0,0.0,0.0
1789088223.6400044,0.0,0.0,0.0,0.0,0.0,0.0
1789088223.6875522,0.0,0.0,0.0,0.0,0.0,0.0
1789088223.737451,0.0,0.0,0.0,0.0,0.0,0.0
1789088223.7873898,0.0,0.0,0.0,0.0,0.0,0.0
1789088223.840395,0.0,0.0,0.0,0.0,0.0,0.0
1789088223.88752,0.0,0.0,0.0,0.0,0.0,0.0
1789088223.9425411,0.0,0.0,0.0,0.0,0.0,0.0
1789088223.9874032,0.0,0.0,0.0,0.0,0.0,0.0
1789088224.0416985,0.0,0.0,0.0,0.0,0.0,0.0
1789088224.0874083,0.0,0.0,0.0,0.0,0.0,0.0
1789088224.1394868,0.0,0.0,0.0,0.0,0.0,0.0
1789088224.187365,0.0,0.0,0.0,0.0,0.0,0.0
1789088224.242572,0.0,0.0,0.0,0.0,0.0,0.0
1789088224.28764,0.0,0.0,0.0,0.0,0.0,0.0
1789088224.3389494,0.0,0.0,0.0,0.0,0.0,0.0
1789088224.3874476,0.0,0.0,0.0,0.0,0.0,0.0
1789088224.4399524,0.0,0.0,0.0,0.0,0.0,0.0
1789088224.487318,0.0,0.0,0.0,0.0,0.0,0.0
1789088224.5376155,0.0,0.0,0.0,0.0,0.0,0.0
1789088224.5872738,0.0,0.0,0.0,0.0,0.0,0.0
1789088224.6388497,0.0,0.0,0.0,0.0,0.0,0.0
1789088224.6875796,0.0,0.0,0.0,0.0,0.0,0.0
1789088224.742961,0.0,0.0,0.0,0.0,0.0,0.0
1789088224.7874417,0.0,0.0,0.0,0.0,0.0,0.0
1789088224.8389425,0.0,0.0,0.0,0.0,0.0,0.0
1789088224.887417,0.0,0.0,0.0,0.0,0.0,0.0
1789088224.9395063,0.0,0.0,0.0,0.0,0.0,0.0
1789088224.9874864,0.0,0.0,0.0,0.0,0.0,0.0
1789088225.037348,0.0,0.0,0.0,0.0,0.0,0.0
1789088225.0875523,0.0,0.0,0.0,0.0,0.0,0.0
1789088225.1402283,0.0,0.0,0.0,0.0,0.0,0.0
1789088225.187748,0.0,0.0,0.0,0.0,0.0,0.0
1789088225.2379887,0.0,0.0,0.0,0.0,0.0,0.0
1789088225.287708,0.0,0.0,0.0,0.0,0.0,0.0
1789088225.3376045,0.0,0.0,0.0,0.0,0.0,0.0
1789088225.3875415,0.0,0.0,0.0,0.0,0.0,0.0
1789088225.4372857,0.0,0.0,0.0,0.0,0.0,0.0
1789088225.4872499,0.0,0.0,0.0,0.0,0.0,0.0
1789088225.54115,0.0,0.0,0.0,0.0,0.0,0.0
1789088225.5873942,0.0,0.0,0.0,0.0,0.0,0.0
1789088225.6380634,0.0,0.0,0.0,0.0,0.0,0.0
1789088225.6874957,0.0,0.0,0.0,0.0,0.0,0.0
1789088225.737772,0.0,0.0,0.0,0.0,0.0,0.0
1789088225.78731,0.0,0.0,0.0,0.0,0.0,0.0
1789088225.8396344,0.0,0.0,0.0,0.0,0.0,0.0
1789088225.8873038,0.0,0.0,0.0,0.0,0.0,0.0
1789088225.9377232,0.0,0.0,0.0,0.0,0.0,0.0
1789088225.9873953,0.0,0.0,0.0,0.0,0.0,0.0
1789088226.0383842,0.0,0.0,0.0,0.0,0.0,0.0
1789088226.0875366,0.0,0.0,0.0,0.0,0.0,0.0
1789088226.1413352,0.0,0.0,0.0,0.0,0.0,0.0
1789088226.1873176,0.0,0.0,0.0,0.0,0.0,0.0
1789088226.2405844,0.0,0.0,0.0,0.0,0.0,0.0
1789088226.2874744,0.0,0.0,0.0,0.0,0.0,0.0
1789088226.339939,0.0,0.0,0.0,0.0,0.0,0.0
1789088226.3873866,0.0,0.0,0.0,0.0,0.0,0.0
1789088226.4392316,0.0,0.0,0.0,0.0,0.0,0.0
1789088226.4874706,0.0,0.0,0.0,0.0,0.0,0.0
1789088226.5400383,0.0,0.0,0.0,0.0,0.0,0.0
1789088226.5876231,0.0,0.0,0.0,0.0,0.0,0.0
1789088226.6411784,0.0,0.0,0.0,0.0,0.0,0.0
1789088226.687578,0.0,0.0,0.0,0.0,0.0,0.0
1789088226.7386615,0.0,0.0,0.0,0.0,0.0,0.0
1789088226.7873926,0.0,0.0,0.0,0.0,0.0,0.0
1789088226.840768,0.0,0.0,0.0,0.0,0.0,0.0
1789088226.8876956,0.0,0.0,0.0,0.0,0.0,0.0
1789088226.9416115,0.0,0.0,0.0,0.0,0.0,0.0
1789088226.987635,0.0,0.0,0.0,0.0,0.0,0.0
1789088227.043307,0.0,0.0,0.0,0.0,0.0,0.0
1789088227.0875967,0.0,0.0,0.0,0.0,0.0,0.0
1789088227.1417694,0.0,0.0,0.0,0.0,0.0,0.0
1789088227.1873493,0.0,0.0,0.0,0.0,0.0,0.0
1789088227.240043,0.0,0.0,0.0,0.0,0.0,0.0
1789088227.287501,0.0,0.0,0.0,0.0,0.0,0.0
1789088227.3414748,0.0,0.0,0.0,0.0,0.0,0.0
1789088227.3874242,0.0,0.0,0.0,0.0,0.0,0.0
1789088227.4385278,0.0,0.0,0.0,0.0,0.0,0.0
1789088227.4876356,0.0,0.0,0.0,0.0,0.0,0.0
1789088227.5389302,0.0,0.0,0.0,0.0,0.0,0.0
1789088227.5874462,0.0,0.0,0.0,0.0,0.0,0.0
1789088227.6397388,0.0,0.0,0.0,0.0,0.0,0.0
1789088227.687421,0.0,0.0,0.0,0.0,0.0,0.0
1789088227.7371564,0.0,0.0,0.0,0.0,0.0,0.0
1789088227.7875526,0.0,0.0,0.0,0.0,0.0,0.0
1789088227.839626,0.0,0.0,0.0,0.0,0.0,0.0
1789088227.8873916,0.0,0.0,0.0,0.0,0.0,0.0
1789088227.9396303,0.0,0.0,0.0,0.0,0.0,0.0
1789088227.987542,0.0,0.0,0.0,0.0,0.0,0.0
1789088228.0419319,0.0,0.0,0.0,0.0,0.0,0.0
1789088228.087481,0.0,0.0,0.0,0.0,0.0,0.0
1789088228.141405,0.0,0.0,0.0,0.0,0.0,0.0
1789088228.1873968,0.0,0.0,0.0,0.0,0.0,0.0
1789088228.2415867,0.0,0.0,0.0,0.0,0.0,0.0
1789088228.2875087,0.0,0.0,0.0,0.0,0.0,0.0
1789088228.3419042,0.0,0.0,0.0,0.0,0.0,0.0
1789088228.3873997,0.0,0.0,0.0,0.0,0.0,0.0
1789088228.4390903,0.0,0.0,0.0,0.0,0.0,0.0
1789088228.4875143,0.0,0.0,0.0,0.0,0.0,0.0
1789088228.5405214,0.0,0.0,0.0,0.0,0.0,0.0
1789088228.58745,0.0,0.0,0.0,0.0,0.0,0.0
1789088228.6449027,0.0,0.0,0.0,0.0,0.0,0.0
1789088228.6874924,0.0,0.0,0.0,0.0,0.0,0.0
1789088228.7406995,0.0,0.0,0.0,0.0,0.0,0.0
1789088228.787576,0.0,0.0,0.0,0.0,0.0,0.0
1789088228.8397317,0.0,0.0,0.0,0.0,0.0,0.0
1789088228.8871188,0.0,0.0,0.0,0.0,0.0,0.0
1789088228.9374092,0.0,0.0,0.0,0.0,0.0,0.0
1789088228.98748,0.0,0.0,0.0,0.0,0.0,0.0
1789088229.0417514,0.0,0.0,0.0,0.0,0.0,0.0
1789088229.0874536,0.0,0.0,0.0,0.0,0.0,0.0
1789088229.1422956,0.0,0.0,0.0,0.0,0.0,0.0
1789088229.1872008,0.0,0.0,0.0,0.0,0.0,0.0
1789088229.2428045,0.0,0.0,0.0,0.0,0.0,0.0
1789088229.2873058,0.0,0.0,0.0,0.0,0.0,0.0
1789088229.3446815,0.0,0.0,0.0,0.0,0.0,0.0
1789088229.387632,0.0,0.0,0.0,0.0,0.0,0.0
1789088229.4420903,0.0,0.0,0.0,0.0,0.0,0.0
1789088229.487455,0.0,0.0,0.0,0.0,0.0,0.0
1789088229.5404756,0.0,0.0,0.0,0.0,0.0,0.0
1789088229.587437,0.0,0.0,0.0,0.0,0.0,0.0
1789088229.6399918,0.0,0.0,0.0,0.0,0.0,0.0
1789088229.687348,0.0,0.0,0.0,0.0,0.0,0.0
1789088229.737659,0.0,0.0,0.0,0.0,0.0,0.0
1789088229.7874813,0.0,0.0,0.0,0.0,0.0,0.0
1789088229.83744,0.0,0.0,0.0,0.0,0.0,0.0
1789088229.8874867,0.0,0.0,0.0,0.0,0.0,0.0
1789088229.942551,0.0,0.0,0.0,0.0,0.0,0.0
1789088229.9873316,0.0,0.0,0.0,0.0,0.0,0.0
1789088230.0372698,0.0,0.0,0.0,0.0,0.0,0.0
1789088230.0874596,0.0,0.0,0.0,0.0,0.0,0.0
1789088230.142983,0.0,0.0,0.0,0.0,0.0,0.0
1789088230.187267,0.0,0.0,0.0,0.0,0.0,0.0
1789088230.2371132,0.0,0.0,0.0,0.0,0.0,0.0
1789088230.2874475,0.0,0.0,0.0,0.0,0.0,0.0
1789088230.3410408,0.0,0.0,0.0,0.0,0.0,0.0
1789088230.3871956,0.0,0.0,0.0,0.0,0.0,0.0
1789088230.4423988,0.0,0.0,0.0,0.0,0.0,0.0
1789088230.4872794,0.0,0.0,0.0,0.0,0.0,0.0
1789088230.541176,0.0,0.0,0.0,0.0,0.0,0.0
1789088230.5874622,0.0,0.0,0.0,0.0,0.0,0.0
1789088230.637378,0.0,0.0,0.0,0.0,0.0,0.0
1789088230.687453,0.0,0.0,0.0,0.0,0.0,0.0
1789088230.7376473,0.0,0.0,0.0,0.0,0.0,0.0
1789088230.7873726,0.0,0.0,0.0,0.0,0.0,0.0
1789088230.8375063,0.0,0.0,0.0,0.0,0.0,0.0
1789088230.88736,0.0,0.0,0.0,0.0,0.0,0.0
1789088230.937348,0.0,0.0,0.0,0.0,0.0,0.0
1789088230.987283,0.0,0.0,0.0,0.0,0.0,0.0
1789088231.0372317,0.0,0.0,0.0,0.0,0.0,0.0
1789088231.0876637,0.0,0.0,0.0,0.0,0.0,0.0
1789088231.1372552,0.0,0.0,0.0,0.0,0.0,0.0
1789088231.1873188,0.0,0.0,0.0,0.0,0.0,0.0
1789088231.2374852,0.0,0.0,0.0,0.0,0.0,0.0
1789088231.2874117,0.0,0.0,0.0,0.0,0.0,0.0
1789088231.3372865,0.0,0.0,0.0,0.0,0.0,0.0
1789088231.3874288,0.0,0.0,0.0,0.0,0.0,0.0
1789088231.4374607,0.0,0.0,0.0,0.0,0.0,0.0
1789088231.4876022,0.0,0.0,0.0,0.0,0.0,0.0
1789088231.5372949,0.0,0.0,0.0,0.0,0.0,0.0
1789088231.58768,0.0,0.0,0.0,0.0,0.0,0.0
1789088231.6375852,0.0,0.0,0.0,0.0,0.0,0.0
1789088231.6872733,0.0,0.0,0.0,0.0,0.0,0.0
1789088231.7372816,0.0,0.0,0.0,0.0,0.0,0.0
1789088231.7872894,0.0,0.0,0.0,0.0,0.0,0.0
1789088231.8372204,0.0,0.0,0.0,0.0,0.0,0.0
1789088231.887381,0.0,0.0,0.0,0.0,0.0,0.0
1789088231.9432607,0.0,0.0,0.0,0.0,0.0,0.0
1789088231.987482,0.0,0.0,0.0,0.0,0.0,0.0
1789088232.0373049,0.0,0.0,0.0,0.0,0.0,0.0
1789088232.0875297,0.0,0.0,0.0,0.0,0.0,0.0
1789088232.1376753,0.0,0.0,0.0,0.0,0.0,0.0
1789088232.1876395,0.0,0.0,0.0,0.0,0.0,0.0
1789088232.2377374,0.0,0.0,0.0,0.0,0.0,0.0
1789088232.2876296,0.0,0.0,0.0,0.0,0.0,0.0
1789088232.3375165,0.0,0.0,0.0,0.0,0.0,0.0
1789088232.387388,0.0,0.0,0.0,0.0,0.0,0.0
1789088232.437592,0.0,0.0,0.0,0.0,0.0,0.0
1789088232.4873996,0.0,0.0,0.0,0.0,0.0,0.0
1789088232.5424025,0.0,0.0,0.0,0.0,0.0,0.0
1789088232.587543,0.0,0.0,0.0,0.0,0.0,0.0
1789088232.637434,0.0,0.0,0.0,0.0,0.0,0.0
1789088232.6873543,0.0,0.0,0.0,0.0,0.0,0.0
1789088232.737399,0.0,0.0,0.0,0.0,0.0,0.0
1789088232.7874994,0.0,0.0,0.0,0.0,0.0,0.0
1789088232.837655,0.0,0.0,0.0,0.0,0.0,0.0
1789088232.8873122,0.0,0.0,0.0,0.0,0.0,0.0
1789088232.9375563,0.0,0.0,0.0,0.0,0.0,0.0
1789088232.9874814,0.0,0.0,0.0,0.0,0.0,0.0
1789088233.0376132,0.0,0.0,0.0,0.0,0.0,0.0
1789088233.0871959,0.0,0.0,0.0,0.0,0.0,0.0
1789088233.1374137,0.0,0.0,0.0,0.0,0.0,0.0
1789088233.1874626,0.0,0.0,0.0,0.0,0.0,0.0
1789088233.2374165,0.0,0.0,0.0,0.0,0.0,0.0
1789088233.2872677,0.0,0.0,0.0,0.0,0.0,0.0
1789088233.3373022,0.0,0.0,0.0,0.0,0.0,0.0
1789088233.3875802,0.0,0.0,0.0,0.0,0.0,0.0
1789088233.4373739,0.0,0.0,0.0,0.0,0.0,0.0
1789088233.4873676,0.0,0.0,0.0,0.0,0.0,0.0
1789088233.5371828,0.0,0.0,0.0,0.0,0.0,0.0
1789088233.587156,0.0,0.0,0.0,0.0,0.0,0.0
1789088233.637303,0.0,0.0,0.0,0.0,0.0,0.0
1789088233.687354,0.0,0.0,0.0,0.0,0.0,0.0
1789088233.7376146,0.0,0.0,0.0,0.0,0.0,0.0
1789088233.787569,0.0,0.0,0.0,0.0,0.0,0.0
1789088233.837617,0.0,0.0,0.0,0.0,0.0,0.0
1789088233.8877275,0.0,0.0,0.0,0.0,0.0,0.0
1789088233.9375849,0.0,0.0,0.0,0.0,0.0,0.0
1789088233.9876084,0.0,0.0,0.0,0.0,0.0,0.0
1789088234.0376244,0.0,0.0,0.0,0.0,0.0,0.0
1789088234.0876667,0.0,0.0,0.0,0.0,0.0,0.0
1789088234.137222,0.0,0.0,0.0,0.0,0.0,0.0
1789088234.1872942,0.0,0.0,0.0,0.0,0.0,0.0
1789088234.237334,0.0,0.0,0.0,0.0,0.0,0.0
1789088234.2875571,0.0,0.0,0.0,0.0,0.0,0.0
1789088234.3372905,0.0,0.0,0.0,0.0,0.0,0.0
1789088234.3872736,0.0,0.0,0.0,0.0,0.0,0.0
1789088234.4374325,0.0,0.0,0.0,0.0,0.0,0.0
1789088234.4873838,0.0,0.0,0.0,0.0,0.0,0.0
1789088234.5374403,0.0,0.0,0.0,0.0,0.0,0.0
1789088234.5874386,0.0,0.0,0.0,0.0,0.0,0.0
1789088234.6373913,0.0,0.0,0.0,0.0,0.0,0.0
1789088234.6875572,0.0,0.0,0.0,0.0,0.0,0.0
1789088234.7381263,0.0,0.0,0.0,0.0,0.0,0.0
1789088234.787339,0.0,0.0,0.0,0.0,0.0,0.0
1789088234.8375916,0.0,0.0,0.0,0.0,0.0,0.0
1789088234.8875833,0.0,0.0,0.0,0.0,0.0,0.0
1789088234.9375253,0.0,0.0,0.0,0.0,0.0,0.0
1789088234.9874306,0.0,0.0,0.0,0.0,0.0,0.0
1789088235.0372128,0.0,0.0,0.0,0.0,0.0,0.0
1789088235.0876486,0.0,0.0,0.0,0.0,0.0,0.0
1789088235.1375782,0.0,0.0,0.0,0.0,0.0,0.0
1789088235.1874678,0.0,0.0,0.0,0.0,0.0,0.0
1789088235.2375755,0.0,0.0,0.0,0.0,0.0,0.0
1789088235.28756,0.0,0.0,0.0,0.0,0.0,0.0
1789088235.3376133,0.0,0.0,0.0,0.0,0.0,0.0
1789088235.387297,0.0,0.0,0.0,0.0,0.0,0.0
1789088235.437455,0.0,0.0,0.0,0.0,0.0,0.0
1789088235.4872963,0.0,0.0,0.0,0.0,0.0,0.0
1789088235.5375028,0.0,0.0,0.0,0.0,0.0,0.0
1789088235.5873072,0.0,0.0,0.0,0.0,0.0,0.0
1789088235.6372902,0.0,0.0,0.0,0.0,0.0,0.0
1789088235.6874187,0.0,0.0,0.0,0.0,0.0,0.0
1789088235.7375832,0.0,0.0,0.0,0.0,0.0,0.0
1789088235.7875552,0.0,0.0,0.0,0.0,0.0,0.0
1789088235.8376496,0.0,0.0,0.0,0.0,0.0,0.0
1789088235.8873925,0.0,0.0,0.0,0.0,0.0,0.0
1789088235.9373102,0.0,0.0,0.0,0.0,0.0,0.0
1789088235.9873748,0.0,0.0,0.0,0.0,0.0,0.0
1789088236.0374846,0.0,0.0,0.0,0.0,0.0,0.0
1789088236.0873656,0.0,0.0,0.0,0.0,0.0,0.0
1789088236.1372292,0.0,0.0,0.0,0.0,0.0,0.0
1789088236.1874113,0.0,0.0,0.0,0.0,0.0,0.0
1789088236.237698,0.0,0.0,0.0,0.0,0.0,0.0
1789088236.2878175,0.0,0.0,0.0,0.0,0.0,0.0
1789088236.33727,0.0,0.0,0.0,0.0,0.0,0.0
1789088236.387358,0.0,0.0,0.0,0.0,0.0,0.0
1789088236.437421,0.0,0.0,0.0,0.0,0.0,0.0
1789088236.487412,0.0,0.0,0.0,0.0,0.0,0.0
1789088236.5373168,0.0,0.0,0.0,0.0,0.0,0.0
1789088236.5875773,0.0,0.0,0.0,0.0,0.0,0.0
1789088236.637243,0.0,0.0,0.0,0.0,0.0,0.0
1789088236.6875398,0.0,0.0,0.0,0.0,0.0,0.0
1789088236.7373805,0.0,0.0,0.0,0.0,0.0,0.0
1789088236.7872899,0.0,0.0,0.0,0.0,0.0,0.0
1789088236.837615,0.0,0.0,0.0,0.0,0.0,0.0
1789088236.8875976,0.0,0.0,0.0,0.0,0.0,0.0
1789088236.9374828,0.0,0.0,0.0,0.0,0.0,0.0
1789088236.987406,0.0,0.0,0.0,0.0,0.0,0.0
1789088237.03731,0.0,0.0,0.0,0.0,0.0,0.0
1789088237.0874503,0.0,0.0,0.0,0.0,0.0,0.0
1789088237.1373608,0.0,0.0,0.0,0.0,0.0,0.0
1789088237.1875792,0.0,0.0,0.0,0.0,0.0,0.0
1789088237.2372248,0.0,0.0,0.0,0.0,0.0,0.0
1789088237.2871828,0.0,0.0,0.0,0.0,0.0,0.0
1789088237.3374,0.0,0.0,0.0,0.0,0.0,0.0
1789088237.3873675,0.0,0.0,0.0,0.0,0.0,0.0
1789088237.4373467,0.0,0.0,0.0,0.0,0.0,0.0
1789088237.4875474,0.0,0.0,0.0,0.0,0.0,0.0
1789088237.5376031,0.0,0.0,0.0,0.0,0.0,0.0
1789088237.5874043,0.0,0.0,0.0,0.0,0.0,0.0
1789088237.6377208,0.0,0.0,0.0,0.0,0.0,0.0
1789088237.6874743,0.0,0.0,0.0,0.0,0.0,0.0
1789088237.7373793,0.0,0.0,0.0,0.0,0.0,0.0
1789088237.7873142,0.0,0.0,0.0,0.0,0.0,0.0
1789088237.8374777,0.0,0.0,0.0,0.0,0.0,0.0
1789088237.8872414,0.0,0.0,0.0,0.0,0.0,0.0
1789088237.9374888,0.0,0.0,0.0,0.0,0.0,0.0
1789088237.987441,0.0,0.0,0.0,0.0,0.0,0.0
1789088238.0376008,0.0,0.0,0.0,0.0,0.0,0.0
1789088238.087762,0.0,0.0,0.0,0.0,0.0,0.0
1789088238.1375425,0.0,0.0,0.0,0.0,0.0,0.0
1789088238.1874902,0.0,0.0,0.0,0.0,0.0,0.0
1789088238.2373672,0.0,0.0,0.0,0.0,0.0,0.0
1789088238.2875423,0.0,0.0,0.0,0.0,0.0,0.0
1789088238.3374186,0.0,0.0,0.0,0.0,0.0,0.0
1789088238.3871646,0.0,0.0,0.0,0.0,0.0,0.0
1789088238.4373918,0.0,0.0,0.0,0.0,0.0,0.0
1789088238.4874072,0.0,0.0,0.0,0.0,0.0,0.0
1789088238.5373902,0.0,0.0,0.0,0.0,0.0,0.0
1789088238.5875325,0.0,0.0,0.0,0.0,0.0,0.0
1789088238.6372595,0.0,0.0,0.0,0.0,0.0,0.0
1789088238.6875079,0.0,0.0,0.0,0.0,0.0,0.0
1789088238.7372527,0.0,0.0,0.0,0.0,0.0,0.0
1789088238.787373,0.0,0.0,0.0,0.0,0.0,0.0
1789088238.837304,0.0,0.0,0.0,0.0,0.0,0.0
1789088238.887315,0.0,0.0,0.0,0.0,0.0,0.0
1789088238.9371464,0.0,0.0,0.0,0.0,0.0,0.0
1789088238.9872737,0.0,0.0,0.0,0.0,0.0,0.0
1789088239.0376039,0.0,0.0,0.0,0.0,0.0,0.0
1789088239.0873287,0.0,0.0,0.0,0.0,0.0,0.0
1789088239.137446,0.0,0.0,0.0,0.0,0.0,0.0
1789088239.1875224,0.0,0.0,0.0,0.0,0.0,0.0
1789088239.2373753,0.0,0.0,0.0,0.0,0.0,0.0
1789088239.2875297,0.0,0.0,0.0,0.0,0.0,0.0
1789088239.3375022,0.0,0.0,0.0,0.0,0.0,0.0
1789088239.3874505,0.0,0.0,0.0,0.0,0.0,0.0
1789088239.4374902,0.0,0.0,0.0,0.0,0.0,0.0
1789088239.4873788,0.0,0.0,0.0,0.0,0.0,0.0
1789088239.537323,0.0,0.0,0.0,0.0,0.0,0.0
1789088239.587387,0.0,0.0,0.0,0.0,0.0,0.0
1789088239.6373386,0.0,0.0,0.0,0.0,0.0,0.0
1789088239.6873965,0.0,0.0,0.0,0.0,0.0,0.0
1789088239.737382,0.0,0.0,0.0,0.0,0.0,0.0
1789088239.7874422,0.0,0.0,0.0,0.0,0.0,0.0
1789088239.8372543,0.0,0.0,0.0,0.0,0.0,0.0
1789088239.8871362,0.0,0.0,0.0,0.0,0.0,0.0
1789088239.9371035,0.0,0.0,0.0,0.0,0.0,0.0
1789088239.9877176,0.0,0.0,0.0,0.0,0.0,0.0
1789088240.0374744,0.0,0.0,0.0,0.0,0.0,0.0
1789088240.0874276,0.0,0.0,0.0,0.0,0.0,0.0
1789088240.1374736,0.0,0.0,0.0,0.0,0.0,0.0
1789088240.1873736,0.0,0.0,0.0,0.0,0.0,0.0
1789088240.237479,0.0,0.0,0.0,0.0,0.0,0.0
1789088240.2876768,0.0,0.0,0.0,0.0,0.0,0.0
1789088240.3375745,0.0,0.0,0.0,0.0,0.0,0.0
1789088240.3873754,0.0,0.0,0.0,0.0,0.0,0.0
1789088240.4376316,0.0,0.0,0.0,0.0,0.0,0.0
1789088240.4874268,0.0,0.0,0.0,0.0,0.0,0.0
1789088240.5375977,0.0,0.0,0.0,0.0,0.0,0.0
1789088240.5875485,0.0,0.0,0.0,0.0,0.0,0.0
1789088240.6375916,0.0,0.0,0.0,0.0,0.0,0.0
1789088240.6872382,0.0,0.0,0.0,0.0,0.0,0.0
1789088240.7372065,0.0,0.0,0.0,0.0,0.0,0.0
1789088240.7873414,0.0,0.0,0.0,0.0,0.0,0.0
1789088240.8374584,0.0,0.0,0.0,0.0,0.0,0.0
1789088240.8873456,0.0,0.0,0.0,0.0,0.0,0.0
1789088240.937536,0.0,0.0,0.0,0.0,0.0,0.0
1789088240.9874063,0.0,0.0,0.0,0.0,0.0,0.0
1789088241.0373414,0.0,0.0,0.0,0.0,0.0,0.0
1789088241.0874097,0.0,0.0,0.0,0.0,0.0,0.0
1789088241.1377149,0.0,0.0,0.0,0.0,0.0,0.0
1789088241.187404,0.0,0.0,0.0,0.0,0.0,0.0
1789088241.2375865,0.0,0.0,0.0,0.0,0.0,0.0
1789088241.2873979,0.0,0.0,0.0,0.0,0.0,0.0
1789088241.337253,0.0,0.0,0.0,0.0,0.0,0.0
1789088241.3876529,0.0,0.0,0.0,0.0,0.0,0.0
1789088241.4373858,0.0,0.0,0.0,0.0,0.0,0.0
1789088241.4876382,0.0,0.0,0.0,0.0,0.0,0.0
1789088241.537537,0.0,0.0,0.0,0.0,0.0,0.0
1789088241.587519,0.0,0.0,0.0,0.0,0.0,0.0
1789088241.6372862,0.0,0.0,0.0,0.0,0.0,0.0
1789088241.6888688,0.0,0.0,0.0,0.0,0.0,0.0
1789088241.7375946,0.0,0.0,0.0,0.0,0.0,0.0
1789088241.7875488,0.0,0.0,0.0,0.0,0.0,0.0
1789088241.837545,0.0,0.0,0.0,0.0,0.0,0.0
1789088241.8875453,0.0,0.0,0.0,0.0,0.0,0.0
1789088241.9377036,0.0,0.0,0.0,0.0,0.0,0.0
1789088241.9874108,0.0,0.0,0.0,0.0,0.0,0.0
1789088242.0374684,0.0,0.0,0.0,0.0,0.0,0.0
1789088242.0874097,0.0,0.0,0.0,0.0,0.0,0.0
1789088242.137317,0.0,0.0,0.0,0.0,0.0,0.0
1789088242.187337,0.0,0.0,0.0,0.0,0.0,0.0
1789088242.2375634,0.0,0.0,0.0,0.0,0.0,0.0
1789088242.2875817,0.0,0.0,0.0,0.0,0.0,0.0
1789088242.3375342,0.0,0.0,0.0,0.0,0.0,0.0
1789088242.3876672,0.0,0.0,0.0,0.0,0.0,0.0
1789088242.4376354,0.0,0.0,0.0,0.0,0.0,0.0
1789088242.48744,0.0,0.0,0.0,0.0,0.0,0.0
1789088242.5372257,0.0,0.0,0.0,0.0,0.0,0.0
1789088242.5873263,0.0,0.0,0.0,0.0,0.0,0.0
1789088242.637419,0.0,0.0,0.0,0.0,0.0,0.0
1789088242.6872697,0.0,0.0,0.0,0.0,0.0,0.0
1789088242.7371063,0.0,0.0,0.0,0.0,0.0,0.0
1789088242.787516,0.0,0.0,0.0,0.0,0.0,0.0
1789088242.8374217,0.0,0.0,0.0,0.0,0.0,0.0
1789088242.887447,0.0,0.0,0.0,0.0,0.0,0.0
1789088242.937821,0.0,0.0,0.0,0.0,0.0,0.0
1789088242.987662,0.0,0.0,0.0,0.0,0.0,0.0
1789088243.0374897,0.0,0.0,0.0,0.0,0.0,0.0
1789088243.0875423,0.0,0.0,0.0,0.0,0.0,0.0
1789088243.1376522,0.0,0.0,0.0,0.0,0.0,0.0
1789088243.1874259,0.0,0.0,0.0,0.0,0.0,0.0
1789088243.2374215,0.0,0.0,0.0,0.0,0.0,0.0
1789088243.2875943,0.0,0.0,0.0,0.0,0.0,0.0
1789088243.337543,0.0,0.0,0.0,0.0,0.0,0.0
1789088243.3876002,0.0,0.0,0.0,0.0,0.0,0.0
1789088243.4374008,0.0,0.0,0.0,0.0,0.0,0.0
1789088243.4874322,0.0,0.0,0.0,0.0,0.0,0.0
1789088243.537366,0.0,0.0,0.0,0.0,0.0,0.0
1789088243.5874736,0.0,0.0,0.0,0.0,0.0,0.0
1789088243.6375477,0.0,0.0,0.0,0.0,0.0,0.0
1789088243.6876996,0.0,0.0,0.0,0.0,0.0,0.0
1789088243.737508,0.0,0.0,0.0,0.0,0.0,0.0
1789088243.7875967,0.0,0.0,0.0,0.0,0.0,0.0
1789088243.8376162,0.0,0.0,0.0,0.0,0.0,0.0
1789088243.8873985,0.0,0.0,0.0,0.0,0.0,0.0
1789088243.9376533,0.0,0.0,0.0,0.0,0.0,0.0
1789088243.9875655,0.0,0.0,0.0,0.0,0.0,0.0
1789088244.0373778,0.0,0.0,0.0,0.0,0.0,0.0
1789088244.0873888,0.0,0.0,0.0,0.0,0.0,0.0
1789088244.1374815,0.0,0.0,0.0,0.0,0.0,0.0
1789088244.187447,0.0,0.0,0.0,0.0,0.0,0.0
1789088244.2377048,0.0,0.0,0.0,0.0,0.0,0.0
1789088244.2873812,0.0,0.0,0.0,0.0,0.0,0.0
1789088244.3373687,0.0,0.0,0.0,0.0,0.0,0.0
1789088244.3874283,0.0,0.0,0.0,0.0,0.0,0.0
1789088244.4374182,0.0,0.0,0.0,0.0,0.0,0.0
1789088244.4877586,0.0,0.0,0.0,0.0,0.0,0.0
1789088244.5374978,0.0,0.0,0.0,0.0,0.0,0.0
1789088244.5875924,0.0,0.0,0.0,0.0,0.0,0.0
1789088244.6374333,0.0,0.0,0.0,0.0,0.0,0.0
1789088244.6878283,0.0,0.0,0.0,0.0,0.0,0.0
1789088244.737595,0.0,0.0,0.0,0.0,0.0,0.0
1789088244.7876096,0.0,0.0,0.0,0.0,0.0,0.0
1789088244.8376012,0.0,0.0,0.0,0.0,0.0,0.0
1789088244.8874445,0.0,0.0,0.0,0.0,0.0,0.0
1789088244.9374645,0.0,0.0,0.0,0.0,0.0,0.0
1789088244.987479,0.0,0.0,0.0,0.0,0.0,0.0
1789088245.0375278,0.0,0.0,0.0,0.0,0.0,0.0
1789088245.0874057,0.0,0.0,0.0,0.0,0.0,0.0
1789088245.1374495,0.0,0.0,0.0,0.0,0.0,0.0
1789088245.1874554,0.0,0.0,0.0,0.0,0.0,0.0
1789088245.2373414,0.0,0.0,0.0,0.0,0.0,0.0
1789088245.2872598,0.0,0.0,0.0,0.0,0.0,0.0
1789088245.3375237,0.0,0.0,0.0,0.0,0.0,0.0
1789088245.3872852,0.0,0.0,0.0,0.0,0.0,0.0
1789088245.4373422,0.0,0.0,0.0,0.0,0.0,0.0
1789088245.487557,0.0,0.0,0.0,0.0,0.0,0.0
1789088245.5374563,0.0,0.0,0.0,0.0,0.0,0.0
1789088245.587485,0.0,0.0,0.0,0.0,0.0,0.0
1789088245.6374474,0.0,0.0,0.0,0.0,0.0,0.0
1789088245.6873667,0.0,0.0,0.0,0.0,0.0,0.0
1789088245.7374656,0.0,0.0,0.0,0.0,0.0,0.0
1789088245.788588,0.0,0.0,0.0,0.0,0.0,0.0
1789088245.8373837,0.0,0.0,0.0,0.0,0.0,0.0
1789088245.8876517,0.0,0.0,0.0,0.0,0.0,0.0
1789088245.937526,0.0,0.0,0.0,0.0,0.0,0.0
1789088245.9876215,0.0,0.0,0.0,0.0,0.0,0.0
1789088246.037553,0.0,0.0,0.0,0.0,0.0,0.0
1789088246.0888152,0.0,0.0,0.0,0.0,0.0,0.0
1789088246.1373875,0.0,0.0,0.0,0.0,0.0,0.0
1789088246.1874971,0.0,0.0,0.0,0.0,0.0,0.0
1789088246.2374866,0.0,0.0,0.0,0.0,0.0,0.0
1789088246.2874587,0.0,0.0,0.0,0.0,0.0,0.0
1789088246.33728,0.0,0.0,0.0,0.0,0.0,0.0
1789088246.390106,0.0,0.0,0.0,0.0,0.0,0.0
1789088246.4374511,0.0,0.0,0.0,0.0,0.0,0.0
1789088246.4934385,0.0,0.0,0.0,0.0,0.0,0.0
1789088246.5371165,0.0,0.0,0.0,0.0,0.0,0.0
1789088246.5874782,0.0,0.0,0.0,0.0,0.0,0.0
1789088246.6370695,0.0,0.0,0.0,0.0,0.0,0.0
1789088246.6905763,0.0,0.0,0.0,0.0,0.0,0.0
1789088246.7371678,0.0,0.0,0.0,0.0,0.0,0.0
1789088246.7874312,0.0,0.0,0.0,0.0,0.0,0.0
1789088246.8375397,0.0,0.0,0.0,0.0,0.0,0.0
1789088246.891784,0.0,0.0,0.0,0.0,0.0,0.0
1789088246.9372754,0.0,0.0,0.0,0.0,0.0,0.0
1789088246.9873044,0.0,0.0,0.0,0.0,0.0,0.0
1789088247.0372102,0.0,0.0,0.0,0.0,0.0,0.0
1789088247.0904562,0.0,0.0,0.0,0.0,0.0,0.0
1789088247.1374667,0.0,0.0,0.0,0.0,0.0,0.0
1789088247.1887383,0.0,0.0,0.0,0.0,0.0,0.0
1789088247.237615,0.0,0.0,0.0,0.0,0.0,0.0
1789088247.2917042,0.0,0.0,0.0,0.0,0.0,0.0
1789088247.3374724,0.0,0.0,0.0,0.0,0.0,0.0
1789088247.3952022,0.0,0.0,0.0,0.0,0.0,0.0
1789088247.4376283,0.0,0.0,0.0,0.0,0.0,0.0
1789088247.4905703,0.0,0.0,0.0,0.0,0.0,0.0
1789088247.537586,0.0,0.0,0.0,0.0,0.0,0.0
1789088247.59176,0.0,0.0,0.0,0.0,0.0,0.0
1789088247.6376014,0.0,0.0,0.0,0.0,0.0,0.0
1789088247.6894896,0.0,0.0,0.0,0.0,0.0,0.0
1789088247.7375576,0.0,0.0,0.0,0.0,0.0,0.0
1789088247.7872577,0.0,0.0,0.0,0.0,0.0,0.0
1789088247.8375468,0.0,0.0,0.0,0.0,0.0,0.0
1789088247.8883483,0.0,0.0,0.0,0.0,0.0,0.0
1789088247.9376636,0.0,0.0,0.0,0.0,0.0,0.0
1789088247.9908638,0.0,0.0,0.0,0.0,0.0,0.0
1789088248.0376368,0.0,0.0,0.0,0.0,0.0,0.0
1789088248.08768,0.0,0.0,0.0,0.0,0.0,0.0
1789088248.1374512,0.0,0.0,0.0,0.0,0.0,0.0
1789088248.1877184,0.0,0.0,0.0,0.0,0.0,0.0
1789088248.2375782,0.0,0.0,0.0,0.0,0.0,0.0
1789088248.2874658,0.0,0.0,0.0,0.0,0.0,0.0
1789088248.3373616,0.0,0.0,0.0,0.0,0.0,0.0
1789088248.3874052,0.0,0.0,0.0,0.0,0.0,0.0
1789088248.437341,0.0,0.0,0.0,0.0,0.0,0.0
1789088248.4896367,0.0,0.0,0.0,0.0,0.0,0.0
1789088248.5372326,0.0,0.0,0.0,0.0,0.0,0.0
1789088248.5875845,0.0,0.0,0.0,0.0,0.0,0.0
1789088248.6373007,0.0,0.0,0.0,0.0,0.0,0.0
1789088248.6873422,0.0,0.0,0.0,0.0,0.0,0.0
1789088248.7376328,0.0,0.0,0.0,0.0,0.0,0.0
1789088248.7880087,0.0,0.0,0.0,0.0,0.0,0.0
1789088248.8373494,0.0,0.0,0.0,0.0,0.0,0.0
1789088248.8898425,0.0,0.0,0.0,0.0,0.0,0.0
1789088248.937302,0.0,0.0,0.0,0.0,0.0,0.0
1789088248.988886,0.0,0.0,0.0,0.0,0.0,0.0
1789088249.0375278,0.0,0.0,0.0,0.0,0.0,0.0
1789088249.0872614,0.0,0.0,0.0,0.0,0.0,0.0
1789088249.13748,0.0,0.0,0.0,0.0,0.0,0.0
1789088249.1896908,0.0,0.0,0.0,0.0,0.0,0.0
1789088249.2374394,0.0,0.0,0.0,0.0,0.0,0.0
1789088249.2888985,0.0,0.0,0.0,0.0,0.0,0.0
1789088249.337301,0.0,0.0,0.0,0.0,0.0,0.0
1789088249.3876913,0.0,0.0,0.0,0.0,0.0,0.0
1789088249.4373167,0.0,0.0,0.0,0.0,0.0,0.0
1789088249.4893463,0.0,0.0,0.0,0.0,0.0,0.0
1789088249.5374057,0.0,0.0,0.0,0.0,0.0,0.0
1789088249.587648,0.0,0.0,0.0,0.0,0.0,0.0
1789088249.6373453,0.0,0.0,0.0,0.0,0.0,0.0
1789088249.6874747,0.0,0.0,0.0,0.0,0.0,0.0
1789088249.7373106,0.0,0.0,0.0,0.0,0.0,0.0
1789088249.7894418,0.0,0.0,0.0,0.0,0.0,0.0
1789088249.8373387,0.0,0.0,0.0,0.0,0.0,0.0
1789088249.8926933,0.0,0.0,0.0,0.0,0.0,0.0
1789088249.9373221,0.0,0.0,0.0,0.0,0.0,0.0
1789088249.9910219,0.0,0.0,0.0,0.0,0.0,0.0
1789088250.0372498,0.0,0.0,0.0,0.0,0.0,0.0
1789088250.0877056,0.0,0.0,0.0,0.0,0.0,0.0
1789088250.1373794,0.0,0.0,0.0,0.0,0.0,0.0
1789088250.1877851,0.0,0.0,0.0,0.0,0.0,0.0
1789088250.2372925,0.0,0.0,0.0,0.0,0.0,0.0
1789088250.289264,0.0,0.0,0.0,0.0,0.0,0.0
1789088250.33733,0.0,0.0,0.0,0.0,0.0,0.0
1789088250.3887773,0.0,0.0,0.0,0.0,0.0,0.0
1789088250.4373598,0.0,0.0,0.0,0.0,0.0,0.0
1789088250.4876537,0.0,0.0,0.0,0.0,0.0,0.0
1789088250.537469,0.0,0.0,0.0,0.0,0.0,0.0
1789088250.5913074,0.0,0.0,0.0,0.0,0.0,0.0
1789088250.637465,0.0,0.0,0.0,0.0,0.0,0.0
1789088250.6881607,0.0,0.0,0.0,0.0,0.0,0.0
1789088250.737304,0.0,0.0,0.0,0.0,0.0,0.0
1789088250.792364,0.0,0.0,0.0,0.0,0.0,0.0
1789088250.8373349,0.0,0.0,0.0,0.0,0.0,0.0
1789088250.8876739,0.0,0.0,0.0,0.0,0.0,0.0
1789088250.9374886,0.0,0.0,0.0,0.0,0.0,0.0
1789088250.9901068,0.0,0.0,0.0,0.0,0.0,0.0
1789088251.037329,0.0,0.0,0.0,0.0,0.0,0.0
1789088251.0893855,0.0,0.0,0.0,0.0,0.0,0.0
1789088251.1374323,0.0,0.0,0.0,0.0,0.0,0.0
1789088251.1895833,0.0,0.0,0.0,0.0,0.0,0.0
1789088251.2374463,0.0,0.0,0.0,0.0,0.0,0.0
1789088251.2887912,0.0,0.0,0.0,0.0,0.0,0.0
1789088251.3374798,0.0,0.0,0.0,0.0,0.0,0.0
1789088251.3914242,0.0,0.0,0.0,0.0,0.0,0.0
1789088251.4373775,0.0,0.0,0.0,0.0,0.0,0.0
1789088251.491888,0.0,0.0,0.0,0.0,0.0,0.0
1789088251.537364,0.0,0.0,0.0,0.0,0.0,0.0
1789088251.5901523,0.0,0.0,0.0,0.0,0.0,0.0
1789088251.6374202,0.0,0.0,0.0,0.0,0.0,0.0
1789088251.6918297,0.0,0.0,0.0,0.0,0.0,0.0
1789088251.7375028,0.0,0.0,0.0,0.0,0.0,0.0
1789088251.7874959,0.0,0.0,0.0,0.0,0.0,0.0
1789088251.837489,0.0,0.0,0.0,0.0,0.0,0.0
1789088251.8918166,0.0,0.0,0.0,0.0,0.0,0.0
1789088251.9374375,0.0,0.0,0.0,0.0,0.0,0.0
1789088251.9910643,0.0,0.0,0.0,0.0,0.0,0.0
1789088252.0373847,0.0,0.0,0.0,0.0,0.0,0.0
1789088252.091353,0.0,0.0,0.0,0.0,0.0,0.0
1789088252.137183,0.0,0.0,0.0,0.0,0.0,0.0
1789088252.1915042,0.0,0.0,0.0,0.0,0.0,0.0
1789088252.2372353,0.0,0.0,0.0,0.0,0.0,0.0
1789088252.2876813,0.0,0.0,0.0,0.0,0.0,0.0
1789088252.3373294,0.0,0.0,0.0,0.0,0.0,0.0
1789088252.3916152,0.0,0.0,0.0,0.0,0.0,0.0
1789088252.4374452,0.0,0.0,0.0,0.0,0.0,0.0
1789088252.4902806,0.0,0.0,0.0,0.0,0.0,0.0
1789088252.537334,0.0,0.0,0.0,0.0,0.0,0.0
1789088252.5878682,0.0,0.0,0.0,0.0,0.0,0.0
1789088252.6376228,0.0,0.0,0.0,0.0,0.0,0.0
1789088252.6931612,0.0,0.0,0.0,0.0,0.0,0.0
1789088252.737565,0.0,0.0,0.0,0.0,0.0,0.0
1789088252.7899466,0.0,0.0,0.0,0.0,0.0,0.0
1789088252.837254,0.0,0.0,0.0,0.0,0.0,0.0
1789088252.8914783,0.0,0.0,0.0,0.0,0.0,0.0
1789088252.9373145,0.0,0.0,0.0,0.0,0.0,0.0
1789088252.9898517,0.0,0.0,0.0,0.0,0.0,0.0
1789088253.0376236,0.0,0.0,0.0,0.0,0.0,0.0
1789088253.0899894,0.0,0.0,0.0,0.0,0.0,0.0
1789088253.1374269,0.0,0.0,0.0,0.0,0.0,0.0
1789088253.19243,0.0,0.0,0.0,0.0,0.0,0.0
1789088253.2375755,0.0,0.0,0.0,0.0,0.0,0.0
1789088253.29048,0.0,0.0,0.0,0.0,0.0,0.0
1789088253.3374345,0.0,0.0,0.0,0.0,0.0,0.0
1789088253.3920987,0.0,0.0,0.0,0.0,0.0,0.0
1789088253.4376209,0.0,0.0,0.0,0.0,0.0,0.0
1789088253.4877174,0.0,0.0,0.0,0.0,0.0,0.0
1789088253.5374382,0.0,0.0,0.0,0.0,0.0,0.0
1789088253.5877879,0.0,0.0,0.0,0.0,0.0,0.0
1789088253.6375597,0.0,0.0,0.0,0.0,0.0,0.0
1789088253.6925304,0.0,0.0,0.0,0.0,0.0,0.0
1789088253.7373664,0.0,0.0,0.0,0.0,0.0,0.0
1789088253.787357,0.0,0.0,0.0,0.0,0.0,0.0
1789088253.8374214,0.0,0.0,0.0,0.0,0.0,0.0
1789088253.892108,0.0,0.0,0.0,0.0,0.0,0.0
1789088253.9374158,0.0,0.0,0.0,0.0,0.0,0.0
1789088253.9876227,0.0,0.0,0.0,0.0,0.0,0.0
1789088254.0375578,0.0,0.0,0.0,0.0,0.0,0.0
1789088254.0912054,0.0,0.0,0.0,0.0,0.0,0.0
1789088254.1371148,0.0,0.0,0.0,0.0,0.0,0.0
1789088254.1897135,0.0,0.0,0.0,0.0,0.0,0.0
1789088254.237585,0.0,0.0,0.0,0.0,0.0,0.0
1789088254.2873697,0.0,0.0,0.0,0.0,0.0,0.0
1789088254.3374255,0.0,0.0,0.0,0.0,0.0,0.0
1789088254.3874984,0.0,0.0,0.0,0.0,0.0,0.0
1789088254.4374669,0.0,0.0,0.0,0.0,0.0,0.0
1789088254.4918242,0.0,0.0,0.0,0.0,0.0,0.0
1789088254.5372846,0.0,0.0,0.0,0.0,0.0,0.0
1789088254.5875196,0.0,0.0,0.0,0.0,0.0,0.0
1789088254.6376417,0.0,0.0,0.0,0.0,0.0,0.0
1789088254.6876488,0.0,0.0,0.0,0.0,0.0,0.0
1789088254.7372954,0.0,0.0,0.0,0.0,0.0,0.0
1789088254.7907617,0.0,0.0,0.0,0.0,0.0,0.0
1789088254.8374348,0.0,0.0,0.0,0.0,0.0,0.0
1789088254.8874695,0.0,0.0,0.0,0.0,0.0,0.0
1789088254.9375148,0.0,0.0,0.0,0.0,0.0,0.0
1789088254.987612,0.0,0.0,0.0,0.0,0.0,0.0
1789088255.0374725,0.0,0.0,0.0,0.0,0.0,0.0
1789088255.087499,0.0,0.0,0.0,0.0,0.0,0.0
1789088255.1374478,0.0,0.0,0.0,0.0,0.0,0.0
1789088255.1874602,0.0,0.0,0.0,0.0,0.0,0.0
1789088255.2375495,0.0,0.0,0.0,0.0,0.0,0.0
1789088255.2878242,0.0,0.0,0.0,0.0,0.0,0.0
1789088255.3375509,0.0,0.0,0.0,0.0,0.0,0.0
1789088255.3878367,0.0,0.0,0.0,0.0,0.0,0.0
1789088255.4373813,0.0,0.0,0.0,0.0,0.0,0.0
1789088255.487256,0.0,0.0,0.0,0.0,0.0,0.0
1789088255.537329,0.0,0.0,0.0,0.0,0.0,0.0
1789088255.5877414,0.0,0.0,0.0,0.0,0.0,0.0
1789088255.6374493,0.0,0.0,0.0,0.0,0.0,0.0
1789088255.687453,0.0,0.0,0.0,0.0,0.0,0.0
1789088255.7373083,0.0,0.0,0.0,0.0,0.0,0.0
1789088255.7875676,0.0,0.0,0.0,0.0,0.0,0.0
1789088255.8374758,0.0,0.0,0.0,0.0,0.0,0.0
1789088255.8875432,0.0,0.0,0.0,0.0,0.0,0.0
1789088255.9374626,0.0,0.0,0.0,0.0,0.0,0.0
1789088255.9878194,0.0,0.0,0.0,0.0,0.0,0.0
1789088256.0374377,0.0,0.0,0.0,0.0,0.0,0.0
1789088256.0875776,0.0,0.0,0.0,0.0,0.0,0.0
1789088256.137515,0.0,0.0,0.0,0.0,0.0,0.0
1789088256.187365,0.0,0.0,0.0,0.0,0.0,0.0
1789088256.2372649,0.0,0.0,0.0,0.0,0.0,0.0
1789088256.287641,0.0,0.0,0.0,0.0,0.0,0.0
1789088256.3372784,0.0,0.0,0.0,0.0,0.0,0.0
1789088256.3873036,0.0,0.0,0.0,0.0,0.0,0.0
1789088256.437581,0.0,0.0,0.0,0.0,0.0,0.0
1789088256.4875133,0.0,0.0,0.0,0.0,0.0,0.0
1789088256.537514,0.0,0.0,0.0,0.0,0.0,0.0
1789088256.5874076,0.0,0.0,0.0,0.0,0.0,0.0
1789088256.6372495,0.0,0.0,0.0,0.0,0.0,0.0
1789088256.6875434,0.0,0.0,0.0,0.0,0.0,0.0
1789088256.7374313,0.0,0.0,0.0,0.0,0.0,0.0
1789088256.7874897,0.0,0.0,0.0,0.0,0.0,0.0
1789088256.8374507,0.0,0.0,0.0,0.0,0.0,0.0
1789088256.8875217,0.0,0.0,0.0,0.0,0.0,0.0
1789088256.937435,0.0,0.0,0.0,0.0,0.0,0.0
1789088256.9875927,0.0,0.0,0.0,0.0,0.0,0.0
1789088257.0371802,0.0,0.0,0.0,0.0,0.0,0.0
1789088257.0875819,0.0,0.0,0.0,0.0,0.0,0.0
1789088257.137422,0.0,0.0,0.0,0.0,0.0,0.0
1789088257.1877313,0.0,0.0,0.0,0.0,0.0,0.0
1789088257.2373757,0.0,0.0,0.0,0.0,0.0,0.0
1789088257.287418,0.0,0.0,0.0,0.0,0.0,0.0
1789088257.3373003,0.0,0.0,0.0,0.0,0.0,0.0
1789088257.3874822,0.0,0.0,0.0,0.0,0.0,0.0
1789088257.4372935,0.0,0.0,0.0,0.0,0.0,0.0
1789088257.4877303,0.0,0.0,0.0,0.0,0.0,0.0
1789088257.537358,0.0,0.0,0.0,0.0,0.0,0.0
1789088257.5875354,0.0,0.0,0.0,0.0,0.0,0.0
1789088257.6373312,0.0,0.0,0.0,0.0,0.0,0.0
1789088257.68766,0.0,0.0,0.0,0.0,0.0,0.0
1789088257.7372327,0.0,0.0,0.0,0.0,0.0,0.0
1789088257.7874985,0.0,0.0,0.0,0.0,0.0,0.0
1789088257.8372793,0.0,0.0,0.0,0.0,0.0,0.0
1789088257.8878806,0.0,0.0,0.0,0.0,0.0,0.0
1789088257.9375234,0.0,0.0,0.0,0.0,0.0,0.0
1789088257.9874601,0.0,0.0,0.0,0.0,0.0,0.0
1789088258.0374293,0.0,0.0,0.0,0.0,0.0,0.0
1789088258.0875916,0.0,0.0,0.0,0.0,0.0,0.0
1789088258.1371932,0.0,0.0,0.0,0.0,0.0,0.0
1789088258.1873019,0.0,0.0,0.0,0.0,0.0,0.0
1789088258.237375,0.0,0.0,0.0,0.0,0.0,0.0
1789088258.2873626,0.0,0.0,0.0,0.0,0.0,0.0
1789088258.337091,0.0,0.0,0.0,0.0,0.0,0.0
1789088258.3875408,0.0,0.0,0.0,0.0,0.0,0.0
1789088258.437198,0.0,0.0,0.0,0.0,0.0,0.0
1789088258.4873157,0.0,0.0,0.0,0.0,0.0,0.0
1789088258.5373497,0.0,0.0,0.0,0.0,0.0,0.0
1789088258.5873027,0.0,0.0,0.0,0.0,0.0,0.0
1789088258.6371663,0.0,0.0,0.0,0.0,0.0,0.0
1789088258.6873946,0.0,0.0,0.0,0.0,0.0,0.0
1789088258.737061,0.0,0.0,0.0,0.0,0.0,0.0
1789088258.7872784,0.0,0.0,0.0,0.0,0.0,0.0
1789088258.837366,0.0,0.0,0.0,0.0,0.0,0.0
1789088258.887522,0.0,0.0,0.0,0.0,0.0,0.0
1789088258.937183,0.0,0.0,0.0,0.0,0.0,0.0
1789088258.98738,0.0,0.0,0.0,0.0,0.0,0.0
1789088259.0372002,0.0,0.0,0.0,0.0,0.0,0.0
1789088259.087517,0.0,0.0,0.0,0.0,0.0,0.0
1789088259.137201,0.0,0.0,0.0,0.0,0.0,0.0
1789088259.187437,0.0,0.0,0.0,0.0,0.0,0.0
1789088259.2377,0.0,0.0,0.0,0.0,0.0,0.0
1789088259.2874649,0.0,0.0,0.0,0.0,0.0,0.0
1789088259.3375194,0.0,0.0,0.0,0.0,0.0,0.0
1789088259.3875809,0.0,0.0,0.0,0.0,0.0,0.0
1789088259.4374666,0.0,0.0,0.0,0.0,0.0,0.0
1789088259.487461,0.0,0.0,0.0,0.0,0.0,0.0
1789088259.5376382,0.0,0.0,0.0,0.0,0.0,0.0
1789088259.587502,0.0,0.0,0.0,0.0,0.0,0.0
1789088259.6373541,0.0,0.0,0.0,0.0,0.0,0.0
1789088259.6876929,0.0,0.0,0.0,0.0,0.0,0.0
1789088259.737311,0.0,0.0,0.0,0.0,0.0,0.0
1789088259.7876532,0.0,0.0,0.0,0.0,0.0,0.0
1789088259.8373141,0.0,0.0,0.0,0.0,0.0,0.0
1789088259.8874443,0.0,0.0,0.0,0.0,0.0,0.0
1789088259.9374888,0.0,0.0,0.0,0.0,0.0,0.0
1789088259.9878888,0.0,0.0,0.0,0.0,0.0,0.0
1789088260.0373094,0.0,0.0,0.0,0.0,0.0,0.0
1789088260.0874343,0.0,0.0,0.0,0.0,0.0,0.0
1789088260.13731,0.0,0.0,0.0,0.0,0.0,0.0
1789088260.1874368,0.0,0.0,0.0,0.0,0.0,0.0
1789088260.2374108,0.0,0.0,0.0,0.0,0.0,0.0
1789088260.2875183,0.0,0.0,0.0,0.0,0.0,0.0
1789088260.3373845,0.0,0.0,0.0,0.0,0.0,0.0
1789088260.387356,0.0,0.0,0.0,0.0,0.0,0.0
1789088260.4374862,0.0,0.0,0.0,0.0,0.0,0.0
1789088260.4874628,0.0,0.0,0.0,0.0,0.0,0.0
1789088260.5370674,0.0,0.0,0.0,0.0,0.0,0.0
1789088260.587356,0.0,0.0,0.0,0.0,0.0,0.0
1789088260.6370518,0.0,0.0,0.0,0.0,0.0,0.0
1789088260.6873713,0.0,0.0,0.0,0.0,0.0,0.0
1789088260.7372806,0.0,0.0,0.0,0.0,0.0,0.0
1789088260.787425,0.0,0.0,0.0,0.0,0.0,0.0
1789088260.8372517,0.0,0.0,0.0,0.0,0.0,0.0
1789088260.8872993,0.0,0.0,0.0,0.0,0.0,0.0
1789088260.9374065,0.0,0.0,0.0,0.0,0.0,0.0
1789088260.9875507,0.0,0.0,0.0,0.0,0.0,0.0
1789088261.0373852,0.0,0.0,0.0,0.0,0.0,0.0
1789088261.0874217,0.0,0.0,0.0,0.0,0.0,0.0
1789088261.1373703,0.0,0.0,0.0,0.0,0.0,0.0
1789088261.1874292,0.0,0.0,0.0,0.0,0.0,0.0
1789088261.2371151,0.0,0.0,0.0,0.0,0.0,0.0
1789088261.287414,0.0,0.0,0.0,0.0,0.0,0.0
1789088261.3371732,0.0,0.0,0.0,0.0,0.0,0.0
1789088261.38739,0.0,0.0,0.0,0.0,0.0,0.0
1789088261.4371748,0.0,0.0,0.0,0.0,0.0,0.0
1789088261.4874058,0.0,0.0,0.0,0.0,0.0,0.0
1789088261.5371535,0.0,0.0,0.0,0.0,0.0,0.0
1789088261.5875037,0.0,0.0,0.0,0.0,0.0,0.0
1789088261.637079,0.0,0.0,0.0,0.0,0.0,0.0
1789088261.6873617,0.0,0.0,0.0,0.0,0.0,0.0
1789088261.737454,0.0,0.0,0.0,0.0,0.0,0.0
1789088261.7875285,0.0,0.0,0.0,0.0,0.0,0.0
1789088261.8373368,0.0,0.0,0.0,0.0,0.0,0.0
1789088261.8874671,0.0,0.0,0.0,0.0,0.0,0.0
1789088261.9372494,0.0,0.0,0.0,0.0,0.0,0.0
1789088261.9873457,0.0,0.0,0.0,0.0,0.0,0.0
1789088262.0372767,0.0,0.0,0.0,0.0,0.0,0.0
1789088262.0875392,0.0,0.0,0.0,0.0,0.0,0.0
1789088262.13742,0.0,0.0,0.0,0.0,0.0,0.0
1789088262.1876278,0.0,0.0,0.0,0.0,0.0,0.0
1789088262.2372847,0.0,0.0,0.0,0.0,0.0,0.0
1789088262.287377,0.0,0.0,0.0,0.0,0.0,0.0
1789088262.3372972,0.0,0.0,0.0,0.0,0.0,0.0
1789088262.387549,0.0,0.0,0.0,0.0,0.0,0.0
1789088262.4373758,0.0,0.0,0.0,0.0,0.0,0.0
1789088262.4874847,0.0,0.0,0.0,0.0,0.0,0.0
1789088262.5370314,0.0,0.0,0.0,0.0,0.0,0.0
1789088262.5875049,0.0,0.0,0.0,0.0,0.0,0.0
1789088262.6373,0.0,0.0,0.0,0.0,0.0,0.0
1789088262.6874523,0.0,0.0,0.0,0.0,0.0,0.0
1789088262.737206,0.0,0.0,0.0,0.0,0.0,0.0
1789088262.787644,0.0,0.0,0.0,0.0,0.0,0.0
1789088262.837358,0.0,0.0,0.0,0.0,0.0,0.0
1789088262.8876314,0.0,0.0,0.0,0.0,0.0,0.0
1789088262.937499,0.0,0.0,0.0,0.0,0.0,0.0
1789088262.9875941,0.0,0.0,0.0,0.0,0.0,0.0
1789088263.0372956,0.0,0.0,0.0,0.0,0.0,0.0
1789088263.0877345,0.0,0.0,0.0,0.0,0.0,0.0
1789088263.1376293,0.0,0.0,0.0,0.0,0.0,0.0
1789088263.1876862,0.0,0.0,0.0,0.0,0.0,0.0
1789088263.2375236,0.0,0.0,0.0,0.0,0.0,0.0
1789088263.287779,0.0,0.0,0.0,0.0,0.0,0.0
1789088263.3375084,0.0,0.0,0.0,0.0,0.0,0.0
1789088263.38771,0.0,0.0,0.0,0.0,0.0,0.0
1789088263.4373727,0.0,0.0,0.0,0.0,0.0,0.0
1789088263.4877381,0.0,0.0,0.0,0.0,0.0,0.0
1789088263.5373497,0.0,0.0,0.0,0.0,0.0,0.0
1789088263.5873837,0.0,0.0,0.0,0.0,0.0,0.0
1789088263.6371725,0.0,0.0,0.0,0.0,0.0,0.0
1789088263.6876776,0.0,0.0,0.0,0.0,0.0,0.0
1789088263.7376027,0.0,0.0,0.0,0.0,0.0,0.0
1789088263.7875488,0.0,0.0,0.0,0.0,0.0,0.0
1789088263.8374145,0.0,0.0,0.0,0.0,0.0,0.0
1789088263.887659,0.0,0.0,0.0,0.0,0.0,0.0
1789088263.9382303,0.0,0.0,0.0,0.0,0.0,0.0
1789088263.9876344,0.0,0.0,0.0,0.0,0.0,0.0
1789088264.0400326,0.0,0.0,0.0,0.0,0.0,0.0
1789088264.087514,0.0,0.0,0.0,0.0,0.0,0.0
1789088264.1374717,0.0,0.0,0.0,0.0,0.0,0.0
1789088264.187691,0.0,0.0,0.0,0.0,0.0,0.0
1789088264.237258,0.0,0.0,0.0,0.0,0.0,0.0
1789088264.28756,0.0,0.0,0.0,0.0,0.0,0.0
1789088264.337552,0.0,0.0,0.0,0.0,0.0,0.0
1789088264.3876288,0.0,0.0,0.0,0.0,0.0,0.0
1789088264.4396007,0.0,0.0,0.0,0.0,0.0,0.0
1789088264.4875762,0.0,0.0,0.0,0.0,0.0,0.0
1789088264.5376031,0.0,0.0,0.0,0.0,0.0,0.0
1789088264.587314,0.0,0.0,0.0,0.0,0.0,0.0
1789088264.6371968,0.0,0.0,0.0,0.0,0.0,0.0
1789088264.687514,0.0,0.0,0.0,0.0,0.0,0.0
1789088264.7375033,0.0,0.0,0.0,0.0,0.0,0.0
1789088264.7874475,0.0,0.0,0.0,0.0,0.0,0.0
1789088264.837363,0.0,0.0,0.0,0.0,0.0,0.0
1789088264.887404,0.0,0.0,0.0,0.0,0.0,0.0
1789088264.9371855,0.0,0.0,0.0,0.0,0.0,0.0
1789088264.9874654,0.0,0.0,0.0,0.0,0.0,0.0
1789088265.037419,0.0,0.0,0.0,0.0,0.0,0.0
1789088265.0875828,0.0,0.0,0.0,0.0,0.0,0.0
1789088265.1372974,0.0,0.0,0.0,0.0,0.0,0.0
1789088265.1877162,0.0,0.0,0.0,0.0,0.0,0.0
1789088265.2373612,0.0,0.0,0.0,0.0,0.0,0.0
1789088265.2876117,0.0,0.0,0.0,0.0,0.0,0.0
1789088265.3371415,0.0,0.0,0.0,0.0,0.0,0.0
1789088265.3873436,0.0,0.0,0.0,0.0,0.0,0.0
1789088265.4371855,0.0,0.0,0.0,0.0,0.0,0.0
1789088265.487446,0.0,0.0,0.0,0.0,0.0,0.0
1789088265.5372179,0.0,0.0,0.0,0.0,0.0,0.0
1789088265.5874481,0.0,0.0,0.0,0.0,0.0,0.0
1789088265.637173,0.0,0.0,0.0,0.0,0.0,0.0
1789088265.6873317,0.0,0.0,0.0,0.0,0.0,0.0
1789088265.7374458,0.0,0.0,0.0,0.0,0.0,0.0
1789088265.787294,0.0,0.0,0.0,0.0,0.0,0.0
1789088265.8373678,0.0,0.0,0.0,0.0,0.0,0.0
1789088265.8872645,0.0,0.0,0.0,0.0,0.0,0.0
1789088265.939442,0.0,0.0,0.0,0.0,0.0,0.0
1789088265.987425,0.0,0.0,0.0,0.0,0.0,0.0
1789088266.0372963,0.0,0.0,0.0,0.0,0.0,0.0
1789088266.0874693,0.0,0.0,0.0,0.0,0.0,0.0
1789088266.137251,0.0,0.0,0.0,0.0,0.0,0.0
1789088266.1872158,0.0,0.0,0.0,0.0,0.0,0.0
1789088266.2372117,0.0,0.0,0.0,0.0,0.0,0.0
1789088266.2872567,0.0,0.0,0.0,0.0,0.0,0.0
1789088266.3370805,0.0,0.0,0.0,0.0,0.0,0.0
1789088266.3873777,0.0,0.0,0.0,0.0,0.0,0.0
1789088266.4373097,0.0,0.0,0.0,0.0,0.0,0.0
1789088266.4873145,0.0,0.0,0.0,0.0,0.0,0.0
1789088266.5371518,0.0,0.0,0.0,0.0,0.0,0.0
1789088266.5872536,0.0,0.0,0.0,0.0,0.0,0.0
1789088266.637295,0.0,0.0,0.0,0.0,0.0,0.0
1789088266.6872697,0.0,0.0,0.0,0.0,0.0,0.0
1789088266.7381744,0.0,0.0,0.0,0.0,0.0,0.0
1789088266.7876477,0.0,0.0,0.0,0.0,0.0,0.0
1789088266.8375752,0.0,0.0,0.0,0.0,0.0,0.0
1789088266.8875308,0.0,0.0,0.0,0.0,0.0,0.0
1789088266.9374459,0.0,0.0,0.0,0.0,0.0,0.0
1789088266.9873497,0.0,0.0,0.0,0.0,0.0,0.0
1789088267.037292,0.0,0.0,0.0,0.0,0.0,0.0
1789088267.0872726,0.0,0.0,0.0,0.0,0.0,0.0
1789088267.137874,0.0,0.0,0.0,0.0,0.0,0.0
1789088267.1872578,0.0,0.0,0.0,0.0,0.0,0.0
1789088267.240343,0.0,0.0,0.0,0.0,0.0,0.0
1789088267.287509,0.0,0.0,0.0,0.0,0.0,0.0
1789088267.3373222,0.0,0.0,0.0,0.0,0.0,0.0
1789088267.3875873,0.0,0.0,0.0,0.0,0.0,0.0
1789088267.4381096,0.0,0.0,0.0,0.0,0.0,0.0
1789088267.4874566,0.0,0.0,0.0,0.0,0.0,0.0
1789088267.5391695,0.0,0.0,0.0,0.0,0.0,0.0
1789088267.5873888,0.0,0.0,0.0,0.0,0.0,0.0
1789088267.6373491,0.0,0.0,0.0,0.0,0.0,0.0
1789088267.6876235,0.0,0.0,0.0,0.0,0.0,0.0
1789088267.737413,0.0,0.0,0.0,0.0,0.0,0.0
1789088267.7875202,0.0,0.0,0.0,0.0,0.0,0.0
1789088267.8373747,0.0,0.0,0.0,0.0,0.0,0.0
1789088267.8872406,0.0,0.0,0.0,0.0,0.0,0.0
1789088267.9402168,0.0,0.0,0.0,0.0,0.0,0.0
1789088267.9874482,0.0,0.0,0.0,0.0,0.0,0.0
1789088268.0425663,0.0,0.0,0.0,0.0,0.0,0.0
1789088268.087476,0.0,0.0,0.0,0.0,0.0,0.0
1789088268.1378908,0.0,0.0,0.0,0.0,0.0,0.0
1789088268.18732,0.0,0.0,0.0,0.0,0.0,0.0
1789088268.2372744,0.0,0.0,0.0,0.0,0.0,0.0
1789088268.2873602,0.0,0.0,0.0,0.0,0.0,0.0
1789088268.3373013,0.0,0.0,0.0,0.0,0.0,0.0
1789088268.387349,0.0,0.0,0.0,0.0,0.0,0.0
1789088268.4372575,0.0,0.0,0.0,0.0,0.0,0.0
1789088268.4871461,0.0,0.0,0.0,0.0,0.0,0.0
1789088268.537062,0.0,0.0,0.0,0.0,0.0,0.0
1789088268.587287,0.0,0.0,0.0,0.0,0.0,0.0
1789088268.6383944,0.0,0.0,0.0,0.0,0.0,0.0
1789088268.6876156,0.0,0.0,0.0,0.0,0.0,0.0
1789088268.7375228,0.0,0.0,0.0,0.0,0.0,0.0
1789088268.7874322,0.0,0.0,0.0,0.0,0.0,0.0
1789088268.839657,0.0,0.0,0.0,0.0,0.0,0.0
1789088268.8875477,0.0,0.0,0.0,0.0,0.0,0.0
1789088268.9400578,0.0,0.0,0.0,0.0,0.0,0.0
1789088268.9876647,0.0,0.0,0.0,0.0,0.0,0.0
1789088269.0375094,0.0,0.0,0.0,0.0,0.0,0.0
1789088269.0876675,0.0,0.0,0.0,0.0,0.0,0.0
1789088269.1381984,0.0,0.0,0.0,0.0,0.0,0.0
1789088269.1876352,0.0,0.0,0.0,0.0,0.0,0.0
1789088269.2384763,0.0,0.0,0.0,0.0,0.0,0.0
1789088269.2873416,0.0,0.0,0.0,0.0,0.0,0.0
1789088269.342608,0.0,0.0,0.0,0.0,0.0,0.0
1789088269.3874767,0.0,0.0,0.0,0.0,0.0,0.0
1789088269.4401183,0.0,0.0,0.0,0.0,0.0,0.0
1789088269.4878502,0.0,0.0,0.0,0.0,0.0,0.0
1789088269.5389307,0.0,0.0,0.0,0.0,0.0,0.0
1789088269.587414,0.0,0.0,0.0,0.0,0.0,0.0
1789088269.6374679,0.0,0.0,0.0,0.0,0.0,0.0
1789088269.6872501,0.0,0.0,0.0,0.0,0.0,0.0
1789088269.7377713,0.0,0.0,0.0,0.0,0.0,0.0
1789088269.787473,0.0,0.0,0.0,0.0,0.0,0.0
1789088269.8393526,0.0,0.0,0.0,0.0,0.0,0.0
1789088269.8874955,0.0,0.0,0.0,0.0,0.0,0.0
1789088269.939713,0.0,0.0,0.0,0.0,0.0,0.0
1789088269.9873607,0.0,0.0,0.0,0.0,0.0,0.0
1789088270.0389786,0.0,0.0,0.0,0.0,0.0,0.0
1789088270.0875134,0.0,0.0,0.0,0.0,0.0,0.0
1789088270.1425276,0.0,0.0,0.0,0.0,0.0,0.0
1789088270.1875558,0.0,0.0,0.0,0.0,0.0,0.0
1789088270.240537,0.0,0.0,0.0,0.0,0.0,0.0
1789088270.2875402,0.0,0.0,0.0,0.0,0.0,0.0
1789088270.3409832,0.0,0.0,0.0,0.0,0.0,0.0
1789088270.3874493,0.0,0.0,0.0,0.0,0.0,0.0
1789088270.4402854,0.0,0.0,0.0,0.0,0.0,0.0
1789088270.4874516,0.0,0.0,0.0,0.0,0.0,0.0
1789088270.5418313,0.0,0.0,0.0,0.0,0.0,0.0
1789088270.587304,0.0,0.0,0.0,0.0,0.0,0.0
1789088270.6371894,0.0,0.0,0.0,0.0,0.0,0.0
1789088270.6872473,0.0,0.0,0.0,0.0,0.0,0.0
1789088270.7374701,0.0,0.0,0.0,0.0,0.0,0.0
1789088270.7874422,0.0,0.0,0.0,0.0,0.0,0.0
1789088270.8398736,0.0,0.0,0.0,0.0,0.0,0.0
1789088270.8875446,0.0,0.0,0.0,0.0,0.0,0.0
1789088270.93832,0.0,0.0,0.0,0.0,0.0,0.0
1789088270.9875612,0.0,0.0,0.0,0.0,0.0,0.0
1789088271.0404632,0.0,0.0,0.0,0.0,0.0,0.0
1789088271.0872924,0.0,0.0,0.0,0.0,0.0,0.0
1789088271.1420352,0.0,0.0,0.0,0.0,0.0,0.0
1789088271.1872935,0.0,0.0,0.0,0.0,0.0,0.0
1789088271.2378151,0.0,0.0,0.0,0.0,0.0,0.0
1789088271.2875297,0.0,0.0,0.0,0.0,0.0,0.0
1789088271.3400211,0.0,0.0,0.0,0.0,0.0,0.0
1789088271.3873186,0.0,0.0,0.0,0.0,0.0,0.0
1789088271.438878,0.0,0.0,0.0,0.0,0.0,0.0
1789088271.4875054,0.0,0.0,0.0,0.0,0.0,0.0
1789088271.5410209,0.0,0.0,0.0,0.0,0.0,0.0
1789088271.587276,0.0,0.0,0.0,0.0,0.0,0.0
1789088271.6390872,0.0,0.0,0.0,0.0,0.0,0.0
1789088271.687583,0.0,0.0,0.0,0.0,0.0,0.0
1789088271.740831,0.0,0.0,0.0,0.0,0.0,0.0
1789088271.787578,0.0,0.0,0.0,0.0,0.0,0.0
1789088271.8396525,0.0,0.0,0.0,0.0,0.0,0.0
1789088271.8877435,0.0,0.0,0.0,0.0,0.0,0.0
1789088271.938858,0.0,0.0,0.0,0.0,0.0,0.0
1789088271.987554,0.0,0.0,0.0,0.0,0.0,0.0
1789088272.0406134,0.0,0.0,0.0,0.0,0.0,0.0
1789088272.087233,0.0,0.0,0.0,0.0,0.0,0.0
1789088272.138778,0.0,0.0,0.0,0.0,0.0,0.0
1789088272.1873822,0.0,0.0,0.0,0.0,0.0,0.0
1789088272.2427292,0.0,0.0,0.0,0.0,0.0,0.0
1789088272.2873003,0.0,0.0,0.0,0.0,0.0,0.0
1789088272.3399792,0.0,0.0,0.0,0.0,0.0,0.0
1789088272.3875897,0.0,0.0,0.0,0.0,0.0,0.0
1789088272.4395456,0.0,0.0,0.0,0.0,0.0,0.0
1789088272.4876482,0.0,0.0,0.0,0.0,0.0,0.0
1789088272.539749,0.0,0.0,0.0,0.0,0.0,0.0
1789088272.5872455,0.0,0.0,0.0,0.0,0.0,0.0
1789088272.6416736,0.0,0.0,0.0,0.0,0.0,0.0
1789088272.6874697,0.0,0.0,0.0,0.0,0.0,0.0
1789088272.7440856,0.0,0.0,0.0,0.0,0.0,0.0
1789088272.7873702,0.0,0.0,0.0,0.0,0.0,0.0
1789088272.8408136,0.0,0.0,0.0,0.0,0.0,0.0
1789088272.887417,0.0,0.0,0.0,0.0,0.0,0.0
1789088272.9400098,0.0,0.0,0.0,0.0,0.0,0.0
1789088272.9873178,0.0,0.0,0.0,0.0,0.0,0.0
1789088273.0404968,0.0,0.0,0.0,0.0,0.0,0.0
1789088273.0874722,0.0,0.0,0.0,0.0,0.0,0.0
1789088273.1399279,0.0,0.0,0.0,0.0,0.0,0.0
1789088273.187503,0.0,0.0,0.0,0.0,0.0,0.0
1789088273.242022,0.0,0.0,0.0,0.0,0.0,0.0
1789088273.2873695,0.0,0.0,0.0,0.0,0.0,0.0
1789088273.339451,0.0,0.0,0.0,0.0,0.0,0.0
1789088273.387468,0.0,0.0,0.0,0.0,0.0,0.0
1789088273.43896,0.0,0.0,0.0,0.0,0.0,0.0
1789088273.4875107,0.0,0.0,0.0,0.0,0.0,0.0
1789088273.5388505,0.0,0.0,0.0,0.0,0.0,0.0
1789088273.5877237,0.0,0.0,0.0,0.0,0.0,0.0
1789088273.6418169,0.0,0.0,0.0,0.0,0.0,0.0
1789088273.68748,0.0,0.0,0.0,0.0,0.0,0.0
1789088273.7405798,0.0,0.0,0.0,0.0,0.0,0.0
1789088273.7875361,0.0,0.0,0.0,0.0,0.0,0.0
1789088273.8390758,0.0,0.0,0.0,0.0,0.0,0.0
1789088273.8875341,0.0,0.0,0.0,0.0,0.0,0.0
1789088273.9412398,0.0,0.0,0.0,0.0,0.0,0.0
1789088273.9874685,0.0,0.0,0.0,0.0,0.0,0.0
1789088274.0382276,0.0,0.0,0.0,0.0,0.0,0.0
1789088274.0874617,0.0,0.0,0.0,0.0,0.0,0.0
1789088274.1413007,0.0,0.0,0.0,0.0,0.0,0.0
1789088274.187297,0.0,0.0,0.0,0.0,0.0,0.0
1789088274.240998,0.0,0.0,0.0,0.0,0.0,0.0
1789088274.2873378,0.0,0.0,0.0,0.0,0.0,0.0
1789088274.3375926,0.0,0.0,0.0,0.0,0.0,0.0
1789088274.3872957,0.0,0.0,0.0,0.0,0.0,0.0
1789088274.4377978,0.0,0.0,0.0,0.0,0.0,0.0
1789088274.4874609,0.0,0.0,0.0,0.0,0.0,0.0
1789088274.5428414,0.0,0.0,0.0,0.0,0.0,0.0
1789088274.5874302,0.0,0.0,0.0,0.0,0.0,0.0
1789088274.641808,0.0,0.0,0.0,0.0,0.0,0.0
1789088274.6875656,0.0,0.0,0.0,0.0,0.0,0.0
1789088274.7400699,0.0,0.0,0.0,0.0,0.0,0.0
1789088274.7873337,0.0,0.0,0.0,0.0,0.0,0.0
1789088274.8400204,0.0,0.0,0.0,0.0,0.0,0.0
1789088274.8873014,0.0,0.0,0.0,0.0,0.0,0.0
1789088274.9392357,0.0,0.0,0.0,0.0,0.0,0.0
1789088274.98745,0.0,0.0,0.0,0.0,0.0,0.0
1789088275.0406342,0.0,0.0,0.0,0.0,0.0,0.0
1789088275.0875106,0.0,0.0,0.0,0.0,0.0,0.0
1789088275.1387713,0.0,0.0,0.0,0.0,0.0,0.0
1789088275.1874278,0.0,0.0,0.0,0.0,0.0,0.0
1789088275.2405598,0.0,0.0,0.0,0.0,0.0,0.0
1789088275.28761,0.0,0.0,0.0,0.0,0.0,0.0
1789088275.345677,0.0,0.0,0.0,0.0,0.0,0.0
1789088275.3875425,0.0,0.0,0.0,0.0,0.0,0.0
1789088275.4406283,0.0,0.0,0.0,0.0,0.0,0.0
1789088275.4875412,0.0,0.0,0.0,0.0,0.0,0.0
1789088275.5419464,0.0,0.0,0.0,0.0,0.0,0.0
1789088275.5875363,0.0,0.0,0.0,0.0,0.0,0.0
1789088275.6417031,0.0,0.0,0.0,0.0,0.0,0.0
1789088275.6877804,0.0,0.0,0.0,0.0,0.0,0.0
1789088275.7408473,0.0,0.0,0.0,0.0,0.0,0.0
1789088275.7876093,0.0,0.0,0.0,0.0,0.0,0.0
1789088275.8457873,0.0,0.0,0.0,0.0,0.0,0.0
1789088275.8876944,0.0,0.0,0.0,0.0,0.0,0.0
1789088275.940046,0.0,0.0,0.0,0.0,0.0,0.0
1789088275.987613,0.0,0.0,0.0,0.0,0.0,0.0
1789088276.0405273,0.0,0.0,0.0,0.0,0.0,0.0
1789088276.0874555,0.0,0.0,0.0,0.0,0.0,0.0
1789088276.1427658,0.0,0.0,0.0,0.0,0.0,0.0
1789088276.1875138,0.0,0.0,0.0,0.0,0.0,0.0
1789088276.2373202,0.0,0.0,0.0,0.0,0.0,0.0
1789088276.2875404,0.0,0.0,0.0,0.0,0.0,0.0
1789088276.342549,0.0,0.0,0.0,0.0,0.0,0.0
1789088276.387482,0.0,0.0,0.0,0.0,0.0,0.0
1789088276.4428496,0.0,0.0,0.0,0.0,0.0,0.0
1789088276.4875262,0.0,0.0,0.0,0.0,0.0,0.0
1789088276.539721,0.0,0.0,0.0,0.0,0.0,0.0
1789088276.5874884,0.0,0.0,0.0,0.0,0.0,0.0
1789088276.6375046,0.0,0.0,0.0,0.0,0.0,0.0
1789088276.68752,0.0,0.0,0.0,0.0,0.0,0.0
1789088276.7372265,0.0,0.0,0.0,0.0,0.0,0.0
1789088276.787424,0.0,0.0,0.0,0.0,0.0,0.0
1789088276.8447058,0.0,0.0,0.0,0.0,0.0,0.0
1789088276.8876379,0.0,0.0,0.0,0.0,0.0,0.0
1789088276.93766,0.0,0.0,0.0,0.0,0.0,0.0
1789088276.9875975,0.0,0.0,0.0,0.0,0.0,0.0
1789088277.041134,0.0,0.0,0.0,0.0,0.0,0.0
1789088277.087533,0.0,0.0,0.0,0.0,0.0,0.0
1789088277.1402361,0.0,0.0,0.0,0.0,0.0,0.0
1789088277.1873398,0.0,0.0,0.0,0.0,0.0,0.0
1789088277.2378442,0.0,0.0,0.0,0.0,0.0,0.0
1789088277.2876542,0.0,0.0,0.0,0.0,0.0,0.0
1789088277.3373063,0.0,0.0,0.0,0.0,0.0,0.0
1789088277.387178,0.0,0.0,0.0,0.0,0.0,0.0
1789088277.4412959,0.0,0.0,0.0,0.0,0.0,0.0
1789088277.4875154,0.0,0.0,0.0,0.0,0.0,0.0
1789088277.5447686,0.0,0.0,0.0,0.0,0.0,0.0
1789088277.587646,0.0,0.0,0.0,0.0,0.0,0.0
1789088277.6375673,0.0,0.0,0.0,0.0,0.0,0.0
1789088277.687559,0.0,0.0,0.0,0.0,0.0,0.0
1789088277.7412271,0.0,0.0,0.0,0.0,0.0,0.0
1789088277.7874916,0.0,0.0,0.0,0.0,0.0,0.0
1789088277.8376827,0.0,0.0,0.0,0.0,0.0,0.0
1789088277.8875139,0.0,0.0,0.0,0.0,0.0,0.0
1789088277.9376564,0.0,0.0,0.0,0.0,0.0,0.0
1789088277.987489,0.0,0.0,0.0,0.0,0.0,0.0
1789088278.0374315,0.0,0.0,0.0,0.0,0.0,0.0
1789088278.0874858,0.0,0.0,0.0,0.0,0.0,0.0
1789088278.1371858,0.0,0.0,0.0,0.0,0.0,0.0
1789088278.1875193,0.0,0.0,0.0,0.0,0.0,0.0
1789088278.2374625,0.0,0.0,0.0,0.0,0.0,0.0
1789088278.2873425,0.0,0.0,0.0,0.0,0.0,0.0
1789088278.3377855,0.0,0.0,0.0,0.0,0.0,0.0
1789088278.3876371,0.0,0.0,0.0,0.0,0.0,0.0
1789088278.4377067,0.0,0.0,0.0,0.0,0.0,0.0
1789088278.4876068,0.0,0.0,0.0,0.0,0.0,0.0
1789088278.537619,0.0,0.0,0.0,0.0,0.0,0.0
1789088278.5876255,0.0,0.0,0.0,0.0,0.0,0.0
1789088278.637711,0.0,0.0,0.0,0.0,0.0,0.0
1789088278.687485,0.0,0.0,0.0,0.0,0.0,0.0
1789088278.7375638,0.0,0.0,0.0,0.0,0.0,0.0
1789088278.7874827,0.0,0.0,0.0,0.0,0.0,0.0
1789088278.837541,0.0,0.0,0.0,0.0,0.0,0.0
1789088278.8876054,0.0,0.0,0.0,0.0,0.0,0.0
1789088278.9376643,0.0,0.0,0.0,0.0,0.0,0.0
1789088278.9876223,0.0,0.0,0.0,0.0,0.0,0.0
1789088279.0375104,0.0,0.0,0.0,0.0,0.0,0.0
1789088279.0873945,0.0,0.0,0.0,0.0,0.0,0.0
1789088279.137576,0.0,0.0,0.0,0.0,0.0,0.0
1789088279.1875482,0.0,0.0,0.0,0.0,0.0,0.0
1789088279.2375298,0.0,0.0,0.0,0.0,0.0,0.0
1789088279.287286,0.0,0.0,0.0,0.0,0.0,0.0
1789088279.3376577,0.0,0.0,0.0,0.0,0.0,0.0
1789088279.3872895,0.0,0.0,0.0,0.0,0.0,0.0
1789088279.4375124,0.0,0.0,0.0,0.0,0.0,0.0
1789088279.4873176,0.0,0.0,0.0,0.0,0.0,0.0
1789088279.5376005,0.0,0.0,0.0,0.0,0.0,0.0
1789088279.5875309,0.0,0.0,0.0,0.0,0.0,0.0
1789088279.6376731,0.0,0.0,0.0,0.0,0.0,0.0
1789088279.6874683,0.0,0.0,0.0,0.0,0.0,0.0
1789088279.7376683,0.0,0.0,0.0,0.0,0.0,0.0
1789088279.7874076,0.0,0.0,0.0,0.0,0.0,0.0
1789088279.8373156,0.0,0.0,0.0,0.0,0.0,0.0
1789088279.8875246,0.0,0.0,0.0,0.0,0.0,0.0
1789088279.9375713,0.0,0.0,0.0,0.0,0.0,0.0
1789088279.987539,0.0,0.0,0.0,0.0,0.0,0.0
1789088280.0373352,0.0,0.0,0.0,0.0,0.0,0.0
1789088280.0872254,0.0,0.0,0.0,0.0,0.0,0.0
1789088280.1371555,0.0,0.0,0.0,0.0,0.0,0.0
1789088280.1873007,0.0,0.0,0.0,0.0,0.0,0.0
1789088280.2374287,0.0,0.0,0.0,0.0,0.0,0.0
1789088280.287247,0.0,0.0,0.0,0.0,0.0,0.0
1789088280.337184,0.0,0.0,0.0,0.0,0.0,0.0
1789088280.387215,0.0,0.0,0.0,0.0,0.0,0.0
1789088280.437393,0.0,0.0,0.0,0.0,0.0,0.0
1789088280.4874115,0.0,0.0,0.0,0.0,0.0,0.0
1789088280.537553,0.0,0.0,0.0,0.0,0.0,0.0
1789088280.5876117,0.0,0.0,0.0,0.0,0.0,0.0
1789088280.6376529,0.0,0.0,0.0,0.0,0.0,0.0
1789088280.6873908,0.0,0.0,0.0,0.0,0.0,0.0
1789088280.7372236,0.0,0.0,0.0,0.0,0.0,0.0
1789088280.787372,0.0,0.0,0.0,0.0,0.0,0.0
1789088280.837437,0.0,0.0,0.0,0.0,0.0,0.0
1789088280.8875525,0.0,0.0,0.0,0.0,0.0,0.0
1789088280.9375994,0.0,0.0,0.0,0.0,0.0,0.0
1789088280.987273,0.0,0.0,0.0,0.0,0.0,0.0
1789088281.037632,0.0,0.0,0.0,0.0,0.0,0.0
1789088281.0875187,0.0,0.0,0.0,0.0,0.0,0.0
1789088281.1374223,0.0,0.0,0.0,0.0,0.0,0.0
1789088281.187489,0.0,0.0,0.0,0.0,0.0,0.0
1789088281.2373137,0.0,0.0,0.0,0.0,0.0,0.0
1789088281.2872512,0.0,0.0,0.0,0.0,0.0,0.0
1789088281.3373528,0.0,0.0,0.0,0.0,0.0,0.0
1789088281.3875926,0.0,0.0,0.0,0.0,0.0,0.0
1789088281.4373949,0.0,0.0,0.0,0.0,0.0,0.0
1789088281.4876559,0.0,0.0,0.0,0.0,0.0,0.0
1789088281.5373101,0.0,0.0,0.0,0.0,0.0,0.0
1789088281.5873408,0.0,0.0,0.0,0.0,0.0,0.0
1789088281.6375442,0.0,0.0,0.0,0.0,0.0,0.0
1789088281.6873827,0.0,0.0,0.0,0.0,0.0,0.0
1789088281.7374809,0.0,0.0,0.0,0.0,0.0,0.0
1789088281.7875462,0.0,0.0,0.0,0.0,0.0,0.0
1789088281.83741,0.0,0.0,0.0,0.0,0.0,0.0
1789088281.8874905,0.0,0.0,0.0,0.0,0.0,0.0
1789088281.937427,0.0,0.0,0.0,0.0,0.0,0.0
1789088281.987222,0.0,0.0,0.0,0.0,0.0,0.0
1789088282.0374331,0.0,0.0,0.0,0.0,0.0,0.0
1789088282.0873156,0.0,0.0,0.0,0.0,0.0,0.0
1789088282.1373518,0.0,0.0,0.0,0.0,0.0,0.0
1789088282.1873815,0.0,0.0,0.0,0.0,0.0,0.0
1789088282.2374916,0.0,0.0,0.0,0.0,0.0,0.0
1789088282.287483,0.0,0.0,0.0,0.0,0.0,0.0
1789088282.3374648,0.0,0.0,0.0,0.0,0.0,0.0
1789088282.3876276,0.0,0.0,0.0,0.0,0.0,0.0
1789088282.4376366,0.0,0.0,0.0,0.0,0.0,0.0
1789088282.487462,0.0,0.0,0.0,0.0,0.0,0.0
1789088282.5373588,0.0,0.0,0.0,0.0,0.0,0.0
1789088282.5872347,0.0,0.0,0.0,0.0,0.0,0.0
1789088282.6372566,0.0,0.0,0.0,0.0,0.0,0.0
1789088282.6873968,0.0,0.0,0.0,0.0,0.0,0.0
1789088282.7375212,0.0,0.0,0.0,0.0,0.0,0.0
1789088282.7874691,0.0,0.0,0.0,0.0,0.0,0.0
1789088282.8372886,0.0,0.0,0.0,0.0,0.0,0.0
1789088282.8873193,0.0,0.0,0.0,0.0,0.0,0.0
1789088282.9373488,0.0,0.0,0.0,0.0,0.0,0.0
1789088282.9873848,0.0,0.0,0.0,0.0,0.0,0.0
1789088283.0371728,0.0,0.0,0.0,0.0,0.0,0.0
1789088283.0878177,0.0,0.0,0.0,0.0,0.0,0.0
1789088283.1373212,0.0,0.0,0.0,0.0,0.0,0.0
1789088283.1875596,0.0,0.0,0.0,0.0,0.0,0.0
1789088283.2375882,0.0,0.0,0.0,0.0,0.0,0.0
1789088283.287509,0.0,0.0,0.0,0.0,0.0,0.0
1789088283.3373842,0.0,0.0,0.0,0.0,0.0,0.0
1789088283.38736,0.0,0.0,0.0,0.0,0.0,0.0
1789088283.4375033,0.0,0.0,0.0,0.0,0.0,0.0
1789088283.487657,0.0,0.0,0.0,0.0,0.0,0.0
1789088283.5375576,0.0,0.0,0.0,0.0,0.0,0.0
1789088283.5874166,0.0,0.0,0.0,0.0,0.0,0.0
1789088283.6374164,0.0,0.0,0.0,0.0,0.0,0.0
1789088283.6876462,0.0,0.0,0.0,0.0,0.0,0.0
1789088283.7373633,0.0,0.0,0.0,0.0,0.0,0.0
1789088283.7873445,0.0,0.0,0.0,0.0,0.0,0.0
1789088283.837352,0.0,0.0,0.0,0.0,0.0,0.0
1789088283.8875747,0.0,0.0,0.0,0.0,0.0,0.0
1789088283.9375925,0.0,0.0,0.0,0.0,0.0,0.0
1789088283.9873762,0.0,0.0,0.0,0.0,0.0,0.0
1789088284.0374348,0.0,0.0,0.0,0.0,0.0,0.0
1789088284.087476,0.0,0.0,0.0,0.0,0.0,0.0
1789088284.137625,0.0,0.0,0.0,0.0,0.0,0.0
1789088284.1874564,0.0,0.0,0.0,0.0,0.0,0.0
1789088284.2375872,0.0,0.0,0.0,0.0,0.0,0.0
1789088284.287455,0.0,0.0,0.0,0.0,0.0,0.0
1789088284.337455,0.0,0.0,0.0,0.0,0.0,0.0
1789088284.3875914,0.0,0.0,0.0,0.0,0.0,0.0
1789088284.4374557,0.0,0.0,0.0,0.0,0.0,0.0
1789088284.4875185,0.0,0.0,0.0,0.0,0.0,0.0
1789088284.5372915,0.0,0.0,0.0,0.0,0.0,0.0
1789088284.587239,0.0,0.0,0.0,0.0,0.0,0.0
1789088284.637826,0.0,0.0,0.0,0.0,0.0,0.0
1789088284.687567,0.0,0.0,0.0,0.0,0.0,0.0
1789088284.737616,0.0,0.0,0.0,0.0,0.0,0.0
1789088284.7877443,0.0,0.0,0.0,0.0,0.0,0.0
1789088284.8371983,0.0,0.0,0.0,0.0,0.0,0.0
1789088284.8874125,0.0,0.0,0.0,0.0,0.0,0.0
1789088284.9374309,0.0,0.0,0.0,0.0,0.0,0.0
1789088284.9875555,0.0,0.0,0.0,0.0,0.0,0.0
1789088285.037426,0.0,0.0,0.0,0.0,0.0,0.0
1789088285.0874457,0.0,0.0,0.0,0.0,0.0,0.0
1789088285.137201,0.0,0.0,0.0,0.0,0.0,0.0
1789088285.1872578,0.0,0.0,0.0,0.0,0.0,0.0
1789088285.237256,0.0,0.0,0.0,0.0,0.0,0.0
1789088285.2873828,0.0,0.0,0.0,0.0,0.0,0.0
1789088285.3373563,0.0,0.0,0.0,0.0,0.0,0.0
1789088285.387431,0.0,0.0,0.0,0.0,0.0,0.0
1789088285.437644,0.0,0.0,0.0,0.0,0.0,0.0
1789088285.4873946,0.0,0.0,0.0,0.0,0.0,0.0
1789088285.5373368,0.0,0.0,0.0,0.0,0.0,0.0
1789088285.5873091,0.0,0.0,0.0,0.0,0.0,0.0
1789088285.6373534,0.0,0.0,0.0,0.0,0.0,0.0
1789088285.6873426,0.0,0.0,0.0,0.0,0.0,0.0
1789088285.7373152,0.0,0.0,0.0,0.0,0.0,0.0
1789088285.7891324,0.0,0.0,0.0,0.0,0.0,0.0
1789088285.8372087,0.0,0.0,0.0,0.0,0.0,0.0
1789088285.887354,0.0,0.0,0.0,0.0,0.0,0.0
1789088285.937288,0.0,0.0,0.0,0.0,0.0,0.0
1789088285.9875245,0.0,0.0,0.0,0.0,0.0,0.0
1789088286.0371802,0.0,0.0,0.0,0.0,0.0,0.0
1789088286.0872118,0.0,0.0,0.0,0.0,0.0,0.0
1789088286.1375062,0.0,0.0,0.0,0.0,0.0,0.0
1789088286.1874256,0.0,0.0,0.0,0.0,0.0,0.0
1789088286.237397,0.0,0.0,0.0,0.0,0.0,0.0
1789088286.287985,0.0,0.0,0.0,0.0,0.0,0.0
1789088286.3372765,0.0,0.0,0.0,0.0,0.0,0.0
1789088286.3874335,0.0,0.0,0.0,0.0,0.0,0.0
1789088286.4371939,0.0,0.0,0.0,0.0,0.0,0.0
1789088286.4874525,0.0,0.0,0.0,0.0,0.0,0.0
1789088286.5375702,0.0,0.0,0.0,0.0,0.0,0.0
1789088286.5875602,0.0,0.0,0.0,0.0,0.0,0.0
1789088286.6375365,0.0,0.0,0.0,0.0,0.0,0.0
1789088286.6872728,0.0,0.0,0.0,0.0,0.0,0.0
1789088286.7373922,0.0,0.0,0.0,0.0,0.0,0.0
1789088286.7874534,0.0,0.0,0.0,0.0,0.0,0.0
1789088286.8370745,0.0,0.0,0.0,0.0,0.0,0.0
1789088286.8873107,0.0,0.0,0.0,0.0,0.0,0.0
1789088286.9375436,0.0,0.0,0.0,0.0,0.0,0.0
1789088286.9874477,0.0,0.0,0.0,0.0,0.0,0.0
1789088287.0372906,0.0,0.0,0.0,0.0,0.0,0.0
1789088287.0875595,0.0,0.0,0.0,0.0,0.0,0.0
1789088287.1375103,0.0,0.0,0.0,0.0,0.0,0.0
1789088287.187394,0.0,0.0,0.0,0.0,0.0,0.0
1789088287.2372766,0.0,0.0,0.0,0.0,0.0,0.0
1789088287.2875428,0.0,0.0,0.0,0.0,0.0,0.0
1789088287.3375509,0.0,0.0,0.0,0.0,0.0,0.0
1789088287.3884108,0.0,0.0,0.0,0.0,0.0,0.0
1789088287.437262,0.0,0.0,0.0,0.0,0.0,0.0
1789088287.4873674,0.0,0.0,0.0,0.0,0.0,0.0
1789088287.5374746,0.0,0.0,0.0,0.0,0.0,0.0
1789088287.5874107,0.0,0.0,0.0,0.0,0.0,0.0
1789088287.6376238,0.0,0.0,0.0,0.0,0.0,0.0
1789088287.6875105,0.0,0.0,0.0,0.0,0.0,0.0
1789088287.737601,0.0,0.0,0.0,0.0,0.0,0.0
1789088287.787489,0.0,0.0,0.0,0.0,0.0,0.0
1789088287.83736,0.0,0.0,0.0,0.0,0.0,0.0
1789088287.887397,0.0,0.0,0.0,0.0,0.0,0.0
1789088287.9372642,0.0,0.0,0.0,0.0,0.0,0.0
1789088287.9875278,0.0,0.0,0.0,0.0,0.0,0.0
1789088288.0373638,0.0,0.0,0.0,0.0,0.0,0.0
1789088288.0875008,0.0,0.0,0.0,0.0,0.0,0.0
1789088288.137391,0.0,0.0,0.0,0.0,0.0,0.0
1789088288.1872628,0.0,0.0,0.0,0.0,0.0,0.0
1789088288.2370384,0.0,0.0,0.0,0.0,0.0,0.0
1789088288.2876709,0.0,0.0,0.0,0.0,0.0,0.0
1789088288.3373873,0.0,0.0,0.0,0.0,0.0,0.0
