map.x,map.y,map.yaw,stamp
2.6185707332066737,1.2932146187950577,0.6441151291215731,1788813840.3348246
2.618570733206673,1.2932146187950577,0.6441151291215731,1788813840.4348388
2.618570733206673,1.2932146187950577,0.6441151291215731,1788813840.534967
2.618570733206673,1.2932146187950577,0.6441151291215731,1788813840.6347685
2.618570733206673,1.2932146187950577,0.6441151291215731,1788813840.735127
2.6185707332066737,1.2932146187950577,0.6441151291215731,1788813840.834888
2.618570733206673,1.2932146187950577,0.6441151291215731,1788813840.9349213
2.6185707332066737,1.2932146187950577,0.6441151291215731,1788813841.0348082
2.6185707332066737,1.2932146187950577,0.6441151291215731,1788813841.134936
2.6185707332066737,1.2932146187950577,0.6441151291215731,1788813841.2349627
2.6185707332066737,1.2932146187950577,0.6441151291215731,1788813841.3349137
2.618570733206673,1.2932146187950577,0.6441151291215731,1788813841.4350073
2.618570733206673,1.2932146187950577,0.6441151291215731,1788813841.5347793
2.618570733206673,1.2932146187950577,0.6441151291215731,1788813841.634735
2.618570733206673,1.2932146187950577,0.6441151291215731,1788813841.7349029
2.6185707332066737,1.2932146187950577,0.6441151291215731,1788813841.8348212
2.618570733206673,1.2932146187950577,0.6441151291215731,1788813841.9348736
2.618570733206673,1.2932146187950577,0.6441151291215731,1788813842.0347168
2.618570733206673,1.2932146187950577,0.6441151291215731,1788813842.135114
2.618570733206673,1.2932146187950577,0.6441151291215731,1788813842.2346933
2.6185707332066737,1.2932146187950577,0.6441151291215731,1788813842.3347938
2.618570733206673,1.2932146187950577,0.6441151291215731,1788813842.434728
2.618570733206673,1.2932146187950577,0.6441151291215731,1788813842.5348809
2.6185707332066737,1.2932146187950577,0.6441151291215731,1788813842.6347122
2.618570733206673,1.2932146187950577,0.6441151291215731,1788813842.7348485
2.6185707332066737,1.2932146187950577,0.6441151291215731,1788813842.8350155
2.618570733206673,1.2932146187950577,0.6441151291215731,1788813842.9348521
2.618570733206673,1.2932146187950577,0.6441151291215731,1788813843.0347366
2.618570733206673,1.2932146187950577,0.6441151291215731,1788813843.1348696
2.6185707332066737,1.2932146187950577,0.6441151291215731,1788813843.2347515
2.618570733206673,1.2932146187950577,0.6441151291215731,1788813843.3348067
2.6185707332066737,1.2932146187950577,0.6441151291215731,1788813843.434884
2.6185707332066737,1.2932146187950577,0.6441151291215731,1788813843.534992
2.618570733206673,1.2932146187950577,0.6441151291215731,1788813843.6348503
2.618570733206673,1.2932146187950577,0.6441151291215731,1788813843.7349799
2.618570733206673,1.2932146187950577,0.6441151291215731,1788813843.834805
2.6185707332066737,1.2932146187950577,0.6441151291215731,1788813843.935155
2.618570733206673,1.2932146187950577,0.6441151291215731,1788813844.034829
2.6185707332066737,1.2932146187950577,0.6441151291215731,1788813844.1350582
2.618570733206673,1.2932146187950577,0.6441151291215731,1788813844.234838
2.618570733206673,1.2932146187950577,0.6441151291215731,1788813844.3349156
2.6185707332066737,1.2932146187950577,0.6441151291215731,1788813844.4348032
2.618570733206673,1.2932146187950577,0.6441151291215731,1788813844.5351312
2.618570733206673,1.2932146187950577,0.6441151291215731,1788813844.6348636
2.618570733206673,1.2932146187950577,0.6441151291215731,1788813844.7348583
2.618570733206673,1.2932146187950577,0.6441151291215731,1788813844.8347523
2.618570733206673,1.2932146187950577,0.6441151291215731,1788813844.9350615
2.6185707332066737,1.2932146187950577,0.6441151291215731,1788813845.0348394
2.6185707332066737,1.2932146187950577,0.6441151291215731,1788813845.1349757
2.618570733206673,1.2932146187950577,0.6441151291215731,1788813845.2347116
2.618570733206673,1.2932146187950577,0.6441151291215731,1788813845.3348668
2.618570733206673,1.2932146187950577,0.6441151291215731,1788813845.434739
2.6185707332066737,1.2932146187950577,0.6441151291215731,1788813845.5348637
2.618570733206673,1.2932146187950577,0.6441151291215731,1788813845.6347446
2.618570733206673,1.2932146187950577,0.6441151291215731,1788813845.734918
2.6185707332066737,1.2932146187950577,0.6441151291215731,1788813845.834795
2.618570733206673,1.2932146187950577,0.6441151291215731,1788813845.9348223
2.618570733206673,1.2932146187950577,0.6441151291215731,1788813846.0348752
2.618570733206673,1.2932146187950577,0.6441151291215731,1788813846.1349669
2.618570733206673,1.2932146187950577,0.6441151291215731,1788813846.2348528
2.618570733206673,1.2932146187950577,0.6441151291215731,1788813846.3348598
2.6185707332066737,1.2932146187950577,0.6441151291215731,1788813846.43473
2.618570733206673,1.2932146187950577,0.6441151291215731,1788813846.5348794
2.6185707332066737,1.2932146187950577,0.6441151291215731,1788813846.6349297
2.618570733206673,1.2932146187950577,0.6441151291215731,1788813846.7348878
2.618570733206673,1.2932146187950577,0.6441151291215731,1788813846.8348932
2.618570733206673,1.2932146187950577,0.6441151291215731,1788813846.93488
2.618570733206673,1.2932146187950577,0.6441151291215731,1788813847.0348027
2.618570733206673,1.2932146187950577,0.6441151291215731,1788813847.1347408
2.618570733206673,1.2932146187950577,0.6441151291215731,1788813847.234785
2.618570733206673,1.2932146187950577,0.6441151291215731,1788813847.3349724
2.618570733206673,1.2932146187950577,0.6441151291215731,1788813847.4348338
2.618570733206673,1.2932146187950577,0.6441151291215731,1788813847.534939
2.618570733206673,1.2932146187950577,0.6441151291215731,1788813847.6349413
2.618570733206673,1.2932146187950577,0.6441151291215731,1788813847.7347035
2.618570733206673,1.2932146187950577,0.6441151291215731,1788813847.8349502
2.618570733206673,1.2932146187950577,0.6441151291215731,1788813847.9389322
2.6185707332066737,1.2932146187950577,0.6441151291215731,1788813848.0348141
2.6185707332066737,1.2932146187950577,0.6441151291215731,1788813848.1356852
2.618570733206673,1.2932146187950577,0.6441151291215731,1788813848.2347834
2.618570733206673,1.2932146187950577,0.6441151291215731,1788813848.336518
2.618570733206673,1.2932146187950577,0.6441151291215731,1788813848.4348128
2.6185707332066737,1.2932146187950577,0.6441151291215731,1788813848.5349128
2.618570733206673,1.2932146187950577,0.6441151291215731,1788813848.6387596
2.618570733206673,1.2932146187950577,0.6441151291215731,1788813848.7353613
2.618570733206673,1.2932146187950577,0.6441151291215731,1788813848.8389168
2.618570733206673,1.2932146187950577,0.6441151291215731,1788813848.9370043
2.618570733206673,1.2932146187950577,0.6441151291215731,1788813849.042468
2.618570733206673,1.2932146187950577,0.6441151291215731,1788813849.136443
2.618570733206673,1.2932146187950577,0.6441151291215731,1788813849.2355535
2.618570733206673,1.2932146187950577,0.6441151291215731,1788813849.3372824
2.618570733206673,1.2932146187950577,0.6441151291215731,1788813849.4371924
2.618570733206673,1.2932146187950577,0.6441151291215731,1788813849.5398858
2.618570733206673,1.2932146187950577,0.6441151291215731,1788813849.6381316
2.618570733206673,1.2932146187950577,0.6441151291215731,1788813849.7374063
2.618570733206673,1.2932146187950577,0.6441151291215731,1788813849.83773
2.618570733206673,1.2932146187950577,0.6441151291215731,1788813849.9383626
2.618570733206673,1.2932146187950577,0.6441151291215731,1788813850.0374095
2.618570733206673,1.2932146187950577,0.6441151291215731,1788813850.1404324
2.6185707332066737,1.2932146187950577,0.6441151291215731,1788813850.2403154
2.618570733206673,1.2932146187950577,0.6441151291215731,1788813850.3377068
2.618570733206673,1.2932146187950577,0.6441151291215731,1788813850.4429293
2.618570733206673,1.2932146187950577,0.6441151291215731,1788813850.5392418
2.618570733206673,1.2932146187950577,0.6441151291215731,1788813850.634774
2.618570733206673,1.2932146187950577,0.6441151291215731,1788813850.734953
2.618570733206673,1.2932146187950577,0.6441151291215731,1788813850.835231
2.6185707332066737,1.2932146187950577,0.6441151291215731,1788813850.9350128
2.618570733206673,1.2932146187950577,0.6441151291215731,1788813851.0350163
2.618570733206673,1.2932146187950577,0.6441151291215731,1788813851.13502
2.618570733206673,1.2932146187950577,0.6441151291215731,1788813851.2348142
2.6185707332066737,1.2932146187950577,0.6441151291215731,1788813851.3347464
2.618570733206673,1.2932146187950577,0.6441151291215731,1788813851.4346957
2.618570733206673,1.2932146187950577,0.6441151291215731,1788813851.5348744
2.6185707332066737,1.2932146187950577,0.6441151291215731,1788813851.6349952
2.6185707332066737,1.2932146187950577,0.6441151291215731,1788813851.7346988
2.618570733206673,1.2932146187950577,0.6441151291215731,1788813851.8347487
2.618570733206673,1.2932146187950577,0.6441151291215731,1788813851.9351757
2.618570733206673,1.2932146187950577,0.6441151291215731,1788813852.034844
2.618570733206673,1.2932146187950577,0.6441151291215731,1788813852.134991
2.618570733206673,1.2932146187950577,0.6441151291215731,1788813852.2347574
2.618570733206673,1.2932146187950577,0.6441151291215731,1788813852.3347461
2.618570733206673,1.2932146187950577,0.6441151291215731,1788813852.4348674
2.6185707332066737,1.2932146187950577,0.6441151291215731,1788813852.5348399
2.6185707332066737,1.2932146187950577,0.6441151291215731,1788813852.6347244
2.618570733206673,1.2932146187950577,0.6441151291215731,1788813852.7351055
2.6185707332066737,1.2932146187950577,0.6441151291215731,1788813852.8348582
2.6185707332066737,1.2932146187950577,0.6441151291215731,1788813852.9347878
2.618570733206673,1.2932146187950577,0.6441151291215731,1788813853.0347881
2.618570733206673,1.2932146187950577,0.6441151291215731,1788813853.1349368
2.618570733206673,1.2932146187950577,0.6441151291215731,1788813853.234736
2.618570733206673,1.2932146187950577,0.6441151291215731,1788813853.3350413
2.618570733206673,1.2932146187950577,0.6441151291215731,1788813853.4347124
2.618570733206673,1.2932146187950577,0.6441151291215731,1788813853.5348551
2.618570733206673,1.2932146187950577,0.6441151291215731,1788813853.6348631
2.618570733206673,1.2932146187950577,0.6441151291215731,1788813853.7350047
2.618570733206673,1.2932146187950577,0.6441151291215731,1788813853.8348234
2.618570733206673,1.2932146187950577,0.6441151291215731,1788813853.9349205
2.618570733206673,1.2932146187950577,0.6441151291215731,1788813854.0349443
2.618570733206673,1.2932146187950577,0.6441151291215731,1788813854.135012
2.618570733206673,1.2932146187950577,0.6441151291215731,1788813854.2347534
2.6185707332066737,1.2932146187950577,0.6441151291215731,1788813854.335003
2.618570733206673,1.2932146187950577,0.6441151291215731,1788813854.43474
2.618570733206673,1.2932146187950577,0.6441151291215731,1788813854.535014
2.6185707332066737,1.2932146187950577,0.6441151291215731,1788813854.6348605
2.618570733206673,1.2932146187950577,0.6441151291215731,1788813854.7349858
2.618570733206673,1.2932146187950577,0.6441151291215731,1788813854.8348224
2.618570733206673,1.2932146187950577,0.6441151291215731,1788813854.934904
2.618570733206673,1.2932146187950577,0.6441151291215731,1788813855.034737
2.618570733206673,1.2932146187950577,0.6441151291215731,1788813855.134958
2.618570733206673,1.2932146187950577,0.6441151291215731,1788813855.2348552
2.618570733206673,1.2932146187950577,0.6441151291215731,1788813855.3351905
2.6185707332066737,1.2932146187950577,0.6441151291215731,1788813855.4346812
2.618570733206673,1.2932146187950577,0.6441151291215731,1788813855.5349255
2.618570733206673,1.2932146187950577,0.6441151291215731,1788813855.634815
2.6185707332066737,1.2932146187950577,0.6441151291215731,1788813855.7350523
2.618570733206673,1.2932146187950577,0.6441151291215731,1788813855.8350146
2.618570733206673,1.2932146187950577,0.6441151291215731,1788813855.934858
2.618570733206673,1.2932146187950577,0.6441151291215731,1788813856.0347457
2.618570733206673,1.2932146187950577,0.6441151291215731,1788813856.1349638
2.6185707332066737,1.2932146187950577,0.6441151291215731,1788813856.2347856
2.618570733206673,1.2932146187950577,0.6441151291215731,1788813856.3347807
2.618570733206673,1.2932146187950577,0.6441151291215731,1788813856.434741
2.6185707332066737,1.2932146187950577,0.6441151291215731,1788813856.5350153
2.618570733206673,1.2932146187950577,0.6441151291215731,1788813856.634783
2.6185707332066737,1.2932146187950577,0.6441151291215731,1788813856.734918
2.6185707332066737,1.2932146187950577,0.6441151291215731,1788813856.8349183
2.6185707332066737,1.2932146187950577,0.6441151291215731,1788813856.9347658
2.6185707332066737,1.2932146187950577,0.6441151291215731,1788813857.0347924
2.6185707332066737,1.2932146187950577,0.6441151291215731,1788813857.1350164
2.6185707332066737,1.2932146187950577,0.6441151291215731,1788813857.2347362
2.6185707332066737,1.2932146187950577,0.6441151291215731,1788813857.335041
2.6185707332066737,1.2932146187950577,0.6441151291215731,1788813857.434811
2.6185707332066737,1.2932146187950577,0.6441151291215731,1788813857.5347803
2.6185707332066737,1.2932146187950577,0.6441151291215731,1788813857.6347673
2.6185707332066737,1.2932146187950577,0.6441151291215731,1788813857.7348843
2.6185707332066737,1.2932146187950577,0.6441151291215731,1788813857.8348942
2.6185707332066737,1.2932146187950577,0.6441151291215731,1788813857.934963
2.6185707332066737,1.2932146187950577,0.6441151291215731,1788813858.034851
2.6185707332066737,1.2932146187950577,0.6441151291215731,1788813858.1349766
2.6185707332066737,1.2932146187950577,0.6441151291215731,1788813858.2347505
2.6185707332066737,1.2932146187950577,0.6441151291215731,1788813858.334886
2.6185707332066737,1.2932146187950577,0.6441151291215731,1788813858.434784
2.6185707332066737,1.2932146187950577,0.6441151291215731,1788813858.5349624
2.6185707332066737,1.2932146187950577,0.6441151291215731,1788813858.6347084
2.6185707332066737,1.2932146187950577,0.6441151291215731,1788813858.7348912
2.6185707332066737,1.2932146187950577,0.6441151291215731,1788813858.8347836
2.6185707332066737,1.2932146187950577,0.6441151291215731,1788813858.9348502
2.6185707332066737,1.2932146187950577,0.6441151291215731,1788813859.0353923
2.6185707332066737,1.2932146187950577,0.6441151291215731,1788813859.1348395
2.6185707332066737,1.2932146187950577,0.6441151291215731,1788813859.2347548
2.6185707332066737,1.2932146187950577,0.6441151291215731,1788813859.3348773
2.6185707332066737,1.2932146187950577,0.6441151291215731,1788813859.4347234
2.6185707332066737,1.2932146187950577,0.6441151291215731,1788813859.5348027
2.6185707332066737,1.2932146187950577,0.6441151291215731,1788813859.6347518
2.6185707332066737,1.2932146187950577,0.6441151291215731,1788813859.7347484
2.6185707332066737,1.2932146187950577,0.6441151291215731,1788813859.8347938
2.6185707332066737,1.2932146187950577,0.6441151291215731,1788813859.9347947
2.6185707332066737,1.2932146187950577,0.6441151291215731,1788813860.0347357
2.6185707332066737,1.2932146187950577,0.6441151291215731,1788813860.134869
2.6185707332066737,1.2932146187950577,0.6441151291215731,1788813860.2347565
2.6185707332066737,1.2932146187950577,0.6441151291215731,1788813860.3349447
2.6185707332066737,1.2932146187950577,0.6441151291215731,1788813860.4347897
2.6185707332066737,1.2932146187950577,0.6441151291215731,1788813860.534785
2.6185707332066737,1.2932146187950577,0.6441151291215731,1788813860.6349359
2.6185707332066737,1.2932146187950577,0.6441151291215731,1788813860.7348638
2.6185707332066737,1.2932146187950577,0.6441151291215731,1788813860.8347576
2.618570733206673,1.2932146187950577,0.6441151291215731,1788813860.9349282
2.618570733206673,1.2932146187950577,0.6441151291215731,1788813861.0347118
2.618570733206673,1.2932146187950577,0.6441151291215731,1788813861.1349185
2.618570733206673,1.2932146187950577,0.6441151291215731,1788813861.2347755
2.618570733206673,1.2932146187950577,0.6441151291215731,1788813861.3348832
2.618570733206673,1.2932146187950577,0.6441151291215731,1788813861.434743
2.618570733206673,1.2932146187950577,0.6441151291215731,1788813861.53511
2.618570733206673,1.2932146187950577,0.6441151291215731,1788813861.6349852
2.618570733206673,1.2932146187950577,0.6441151291215731,1788813861.734764
2.618570733206673,1.2932146187950577,0.6441151291215731,1788813861.8348083
2.618570733206673,1.2932146187950577,0.6441151291215731,1788813861.9349046
2.618570733206673,1.2932146187950577,0.6441151291215731,1788813862.0347583
2.618570733206673,1.2932146187950577,0.6441151291215731,1788813862.1349921
2.6185707332066737,1.2932146187950577,0.6441151291215731,1788813862.2349095
2.618570733206673,1.2932146187950577,0.6441151291215731,1788813862.3349576
2.618570733206673,1.2932146187950577,0.6441151291215731,1788813862.43472
2.6185707332066737,1.2932146187950577,0.6441151291215731,1788813862.5348797
2.618570733206673,1.2932146187950577,0.6441151291215731,1788813862.6352346
2.6185707332066737,1.2932146187950577,0.6441151291215731,1788813862.7350874
2.6185707332066737,1.2932146187950577,0.6441151291215731,1788813862.834692
2.6185707332066737,1.2932146187950577,0.6441151291215731,1788813862.9348261
2.6185707332066737,1.2932146187950577,0.6441151291215731,1788813863.034768
2.618570733206673,1.2932146187950577,0.6441151291215731,1788813863.1348898
2.618570733206673,1.2932146187950577,0.6441151291215731,1788813863.235118
2.618570733206673,1.2932146187950577,0.6441151291215731,1788813863.3350663
2.618570733206673,1.2932146187950577,0.6441151291215731,1788813863.4347534
2.618570733206673,1.2932146187950577,0.6441151291215731,1788813863.5347807
2.6185707332066737,1.2932146187950577,0.6441151291215731,1788813863.6347125
2.618570733206673,1.2932146187950577,0.6441151291215731,1788813863.7349129
2.618570733206673,1.2932146187950577,0.6441151291215731,1788813863.8347418
2.618570733206673,1.2932146187950577,0.6441151291215731,1788813863.9348083
2.618570733206673,1.2932146187950577,0.6441151291215731,1788813864.0348654
2.618570733206673,1.2932146187950577,0.6441151291215731,1788813864.1350882
2.6185707332066737,1.2932146187950577,0.6441151291215731,1788813864.234736
2.618570733206673,1.2932146187950577,0.6441151291215731,1788813864.3349366
2.618570733206673,1.2932146187950577,0.6441151291215731,1788813864.4346955
2.618570733206673,1.2932146187950577,0.6441151291215731,1788813864.534989
2.618570733206673,1.2932146187950577,0.6441151291215731,1788813864.6347418
2.618570733206673,1.2932146187950577,0.6441151291215731,1788813864.7346954
2.6185707332066737,1.2932146187950577,0.6441151291215731,1788813864.834783
2.618570733206673,1.2932146187950577,0.6441151291215731,1788813864.9348488
2.618570733206673,1.2932146187950577,0.6441151291215731,1788813865.034683
2.618570733206673,1.2932146187950577,0.6441151291215731,1788813865.134719
2.618570733206673,1.2932146187950577,0.6441151291215731,1788813865.2348256
2.618570733206673,1.2932146187950577,0.6441151291215731,1788813865.3349094
2.618570733206673,1.2932146187950577,0.6441151291215731,1788813865.4349391
2.6185707332066737,1.2932146187950577,0.6441151291215731,1788813865.5349765
2.618570733206673,1.2932146187950577,0.6441151291215731,1788813865.6347592
2.618570733206673,1.2932146187950577,0.6441151291215731,1788813865.7349946
2.618570733206673,1.2932146187950577,0.6441151291215731,1788813865.834678
2.6185707332066737,1.2932146187950577,0.6441151291215731,1788813865.9348066
2.618570733206673,1.2932146187950577,0.6441151291215731,1788813866.0347342
2.618570733206673,1.2932146187950577,0.6441151291215731,1788813866.1350203
2.618570733206673,1.2932146187950577,0.6441151291215731,1788813866.2348425
2.6185707332066737,1.2932146187950577,0.6441151291215731,1788813866.3348851
2.6185707332066737,1.2932146187950577,0.6441151291215731,1788813866.434702
2.6185707332066737,1.2932146187950577,0.6441151291215731,1788813866.5348957
2.6185707332066737,1.2932146187950577,0.6441151291215731,1788813866.6348436
2.618570733206673,1.2932146187950577,0.6441151291215731,1788813866.7347589
2.6185707332066737,1.2932146187950577,0.6441151291215731,1788813866.834669
2.618570733206673,1.2932146187950577,0.6441151291215731,1788813866.9348078
2.618570733206673,1.2932146187950577,0.6441151291215731,1788813867.034749
2.618570733206673,1.2932146187950577,0.6441151291215731,1788813867.1347828
2.618570733206673,1.2932146187950577,0.6441151291215731,1788813867.2347639
2.6185707332066737,1.2932146187950577,0.6441151291215731,1788813867.3349516
2.618570733206673,1.2932146187950577,0.6441151291215731,1788813867.4349136
2.618570733206673,1.2932146187950577,0.6441151291215731,1788813867.5348647
2.618570733206673,1.2932146187950577,0.6441151291215731,1788813867.634944
2.6185707332066737,1.2932146187950577,0.6441151291215731,1788813867.7347136
2.618570733206673,1.2932146187950577,0.6441151291215731,1788813867.8349988
2.6185707332066737,1.2932146187950577,0.6441151291215731,1788813867.9347122
2.618570733206673,1.2932146187950577,0.6441151291215731,1788813868.0346577
2.618570733206673,1.2932146187950577,0.6441151291215731,1788813868.1351116
2.6185707332066737,1.2932146187950577,0.6441151291215731,1788813868.2347803
2.618570733206673,1.2932146187950577,0.6441151291215731,1788813868.334928
2.618570733206673,1.2932146187950577,0.6441151291215731,1788813868.4347506
2.618570733206673,1.2932146187950577,0.6441151291215731,1788813868.5348716
2.618570733206673,1.2932146187950577,0.6441151291215731,1788813868.6347823
2.618570733206673,1.2932146187950577,0.6441151291215731,1788813868.7347472
2.618570733206673,1.2932146187950577,0.6441151291215731,1788813868.8347533
2.6185707332066737,1.2932146187950577,0.6441151291215731,1788813868.9348943
2.6185707332066737,1.2932146187950577,0.6441151291215731,1788813869.0347636
2.6185707332066737,1.2932146187950577,0.6441151291215731,1788813869.1348162
2.618570733206673,1.2932146187950577,0.6441151291215731,1788813869.2348156
2.618570733206673,1.2932146187950577,0.6441151291215731,1788813869.3347704
2.618570733206673,1.2932146187950577,0.6441151291215731,1788813869.4347475
2.6185707332066737,1.2932146187950577,0.6441151291215731,1788813869.5349
2.618570733206673,1.2932146187950577,0.6441151291215731,1788813869.6348531
2.618570733206673,1.2932146187950577,0.6441151291215731,1788813869.7347944
2.618570733206673,1.2932146187950577,0.6441151291215731,1788813869.8347714
2.618570733206673,1.2932146187950577,0.6441151291215731,1788813869.9347503
2.618570733206673,1.2932146187950577,0.6441151291215731,1788813870.03469
2.618570733206673,1.2932146187950577,0.6441151291215731,1788813870.1349583
2.618570733206673,1.2932146187950577,0.6441151291215731,1788813870.2348492
2.618570733206673,1.2932146187950577,0.6441151291215731,1788813870.3349535
2.6185707332066737,1.2932146187950577,0.6441151291215731,1788813870.4346962
2.6185707332066737,1.2932146187950577,0.6441151291215731,1788813870.535076
2.6185707332066737,1.2932146187950577,0.6441151291215731,1788813870.6347876
2.618570733206673,1.2932146187950577,0.6441151291215731,1788813870.7351596
2.618570733206673,1.2932146187950577,0.6441151291215731,1788813870.8347657
2.618570733206673,1.2932146187950577,0.6441151291215731,1788813870.9347281
2.618570733206673,1.2932146187950577,0.6441151291215731,1788813871.0347538
2.618570733206673,1.2932146187950577,0.6441151291215731,1788813871.1349266
2.618570733206673,1.2932146187950577,0.6441151291215731,1788813871.2346842
2.6185707332066737,1.2932146187950577,0.6441151291215731,1788813871.3347921
2.618570733206673,1.2932146187950577,0.6441151291215731,1788813871.4347186
2.618570733206673,1.2932146187950577,0.6441151291215731,1788813871.534888
2.618570733206673,1.2932146187950577,0.6441151291215731,1788813871.6347713
2.618570733206673,1.2932146187950577,0.6441151291215731,1788813871.7346976
2.618570733206673,1.2932146187950577,0.6441151291215731,1788813871.8349016
2.6185707332066737,1.2932146187950577,0.6441151291215731,1788813871.934974
2.618570733206673,1.2932146187950577,0.6441151291215731,1788813872.034727
2.618570733206673,1.2932146187950577,0.6441151291215731,1788813872.1347954
2.618570733206673,1.2932146187950577,0.6441151291215731,1788813872.2347322
2.6185707332066737,1.2932146187950577,0.6441151291215731,1788813872.3349044
2.6185707332066737,1.2932146187950577,0.6441151291215731,1788813872.4348416
2.6185707332066737,1.2932146187950577,0.6441151291215731,1788813872.5348024
2.6185707332066737,1.2932146187950577,0.6441151291215731,1788813872.6346583
2.618570733206673,1.2932146187950577,0.6441151291215731,1788813872.7347481
2.618570733206673,1.2932146187950577,0.6441151291215731,1788813872.8347483
2.6185707332066737,1.2932146187950577,0.6441151291215731,1788813872.9346936
2.618570733206673,1.2932146187950577,0.6441151291215731,1788813873.0347273
2.618570733206673,1.2932146187950577,0.6441151291215731,1788813873.1347814
2.618570733206673,1.2932146187950577,0.6441151291215731,1788813873.2348728
2.618570733206673,1.2932146187950577,0.6441151291215731,1788813873.3348317
2.618570733206673,1.2932146187950577,0.6441151291215731,1788813873.4348428
2.618570733206673,1.2932146187950577,0.6441151291215731,1788813873.535029
2.6185707332066737,1.2932146187950577,0.6441151291215731,1788813873.6347842
2.618570733206673,1.2932146187950577,0.6441151291215731,1788813873.7350547
2.6185707332066737,1.2932146187950577,0.6441151291215731,1788813873.8347921
2.618570733206673,1.2932146187950577,0.6441151291215731,1788813873.9347863
2.6185707332066737,1.2932146187950577,0.6441151291215731,1788813874.034664
2.618570733206673,1.2932146187950577,0.6441151291215731,1788813874.1351318
2.6185707332066737,1.2932146187950577,0.6441151291215731,1788813874.2347276
2.618570733206673,1.2932146187950577,0.6441151291215731,1788813874.3347304
2.618570733206673,1.2932146187950577,0.6441151291215731,1788813874.4347003
2.618570733206673,1.2932146187950577,0.6441151291215731,1788813874.5349352
2.618570733206673,1.2932146187950577,0.6441151291215731,1788813874.6346672
2.618570733206673,1.2932146187950577,0.6441151291215731,1788813874.7348633
2.6185707332066737,1.2932146187950577,0.6441151291215731,1788813874.834707
2.6185707332066737,1.2932146187950577,0.6441151291215731,1788813874.9349337
2.618570733206673,1.2932146187950577,0.6441151291215731,1788813875.0347078
2.618570733206673,1.2932146187950577,0.6441151291215731,1788813875.134903
2.6185707332066737,1.2932146187950577,0.6441151291215731,1788813875.2348943
2.618570733206673,1.2932146187950577,0.6441151291215731,1788813875.3348167
2.618570733206673,1.2932146187950577,0.6441151291215731,1788813875.434842
2.618570733206673,1.2932146187950577,0.6441151291215731,1788813875.5347686
2.618570733206673,1.2932146187950577,0.6441151291215731,1788813875.6347396
2.618570733206673,1.2932146187950577,0.6441151291215731,1788813875.735079
2.618570733206673,1.2932146187950577,0.6441151291215731,1788813875.835002
2.618570733206673,1.2932146187950577,0.6441151291215731,1788813875.9348083
2.618570733206673,1.2932146187950577,0.6441151291215731,1788813876.0348601
2.618570733206673,1.2932146187950577,0.6441151291215731,1788813876.1350536
2.618570733206673,1.2932146187950577,0.6441151291215731,1788813876.2347262
2.618570733206673,1.2932146187950577,0.6441151291215731,1788813876.3349938
2.618570733206673,1.2932146187950577,0.6441151291215731,1788813876.434734
2.618570733206673,1.2932146187950577,0.6441151291215731,1788813876.535032
2.618570733206673,1.2932146187950577,0.6441151291215731,1788813876.6347227
2.618570733206673,1.2932146187950577,0.6441151291215731,1788813876.7348514
2.618570733206673,1.2932146187950577,0.6441151291215731,1788813876.8347769
2.6185707332066737,1.2932146187950577,0.6441151291215731,1788813876.9347668
2.618570733206673,1.2932146187950577,0.6441151291215731,1788813877.034792
2.618570733206673,1.2932146187950577,0.6441151291215731,1788813877.1348405
2.618570733206673,1.2932146187950577,0.6441151291215731,1788813877.2347307
2.618570733206673,1.2932146187950577,0.6441151291215731,1788813877.3348234
2.6185707332066737,1.2932146187950577,0.6441151291215731,1788813877.4347236
2.6185707332066737,1.2932146187950577,0.6441151291215731,1788813877.5348358
2.6185707332066737,1.2932146187950577,0.6441151291215731,1788813877.6347375
2.618570733206673,1.2932146187950577,0.6441151291215731,1788813877.7350419
2.618570733206673,1.2932146187950577,0.6441151291215731,1788813877.8349788
2.618570733206673,1.2932146187950577,0.6441151291215731,1788813877.9347887
2.618570733206673,1.2932146187950577,0.6441151291215731,1788813878.0348377
2.6185707332066737,1.2932146187950577,0.6441151291215731,1788813878.135076
2.618570733206673,1.2932146187950577,0.6441151291215731,1788813878.2348008
2.618570733206673,1.2932146187950577,0.6441151291215731,1788813878.3348684
2.618570733206673,1.2932146187950577,0.6441151291215731,1788813878.4347134
2.618570733206673,1.2932146187950577,0.6441151291215731,1788813878.5348446
2.618570733206673,1.2932146187950577,0.6441151291215731,1788813878.6348734
2.618570733206673,1.2932146187950577,0.6441151291215731,1788813878.735016
2.618570733206673,1.2932146187950577,0.6441151291215731,1788813878.8347108
2.618570733206673,1.2932146187950577,0.6441151291215731,1788813878.934828
2.6185707332066737,1.2932146187950577,0.6441151291215731,1788813879.034709
2.618570733206673,1.2932146187950577,0.6441151291215731,1788813879.1348646
2.618570733206673,1.2932146187950577,0.6441151291215731,1788813879.2348876
2.618570733206673,1.2932146187950577,0.6441151291215731,1788813879.3352673
2.618570733206673,1.2932146187950577,0.6441151291215731,1788813879.434688
2.618570733206673,1.2932146187950577,0.6441151291215731,1788813879.5349581
2.618570733206673,1.2932146187950577,0.6441151291215731,1788813879.6347215
2.618570733206673,1.2932146187950577,0.6441151291215731,1788813879.7349658
2.618570733206673,1.2932146187950577,0.6441151291215731,1788813879.8346705
2.618570733206673,1.2932146187950577,0.6441151291215731,1788813879.934768
2.6185707332066737,1.2932146187950577,0.6441151291215731,1788813880.0348766
2.618570733206673,1.2932146187950577,0.6441151291215731,1788813880.1350496
2.618570733206673,1.2932146187950577,0.6441151291215731,1788813880.2347522
2.6185707332066737,1.2932146187950577,0.6441151291215731,1788813880.3351762
2.6185707332066737,1.2932146187950577,0.6441151291215731,1788813880.4348836
2.6185707332066737,1.2932146187950577,0.6441151291215731,1788813880.5350235
2.6185707332066737,1.2932146187950577,0.6441151291215731,1788813880.6347876
2.6185707332066737,1.2932146187950577,0.6441151291215731,1788813880.734945
2.618570733206673,1.2932146187950577,0.6441151291215731,1788813880.8348885
2.618570733206673,1.2932146187950577,0.6441151291215731,1788813880.9349532
2.618570733206673,1.2932146187950577,0.6441151291215731,1788813881.0347078
2.6185707332066737,1.2932146187950577,0.6441151291215731,1788813881.1349711
2.6185707332066737,1.2932146187950577,0.6441151291215731,1788813881.2349799
2.6185707332066737,1.2932146187950577,0.6441151291215731,1788813881.334894
2.618570733206673,1.2932146187950577,0.6441151291215731,1788813881.4349551
2.618570733206673,1.2932146187950577,0.6441151291215731,1788813881.534994
2.618570733206673,1.2932146187950577,0.6441151291215731,1788813881.634904
2.6185707332066737,1.2932146187950577,0.6441151291215731,1788813881.7351384
2.618570733206673,1.2932146187950577,0.6441151291215731,1788813881.834869
2.618570733206673,1.2932146187950577,0.6441151291215731,1788813881.934808
2.618570733206673,1.2932146187950577,0.6441151291215731,1788813882.0348697
2.618570733206673,1.2932146187950577,0.6441151291215731,1788813882.1352375
2.618570733206673,1.2932146187950577,0.6441151291215731,1788813882.235069
2.6185707332066737,1.2932146187950577,0.6441151291215731,1788813882.335122
2.618570733206673,1.2932146187950577,0.6441151291215731,1788813882.434831
2.618570733206673,1.2932146187950577,0.6441151291215731,1788813882.5349033
2.618570733206673,1.2932146187950577,0.6441151291215731,1788813882.6348405
2.618570733206673,1.2932146187950577,0.6441151291215731,1788813882.7351186
2.618570733206673,1.2932146187950577,0.6441151291215731,1788813882.8347595
2.6185707332066737,1.2932146187950577,0.6441151291215731,1788813882.9352932
2.618570733206673,1.2932146187950577,0.6441151291215731,1788813883.0349526
2.618570733206673,1.2932146187950577,0.6441151291215731,1788813883.134997
2.618570733206673,1.2932146187950577,0.6441151291215731,1788813883.2347908
2.618570733206673,1.2932146187950577,0.6441151291215731,1788813883.3351598
2.618570733206673,1.2932146187950577,0.6441151291215731,1788813883.4350607
2.618570733206673,1.2932146187950577,0.6441151291215731,1788813883.534851
2.618570733206673,1.2932146187950577,0.6441151291215731,1788813883.6349287
2.618570733206673,1.2932146187950577,0.6441151291215731,1788813883.7350194
2.618570733206673,1.2932146187950577,0.6441151291215731,1788813883.8349001
2.618570733206673,1.2932146187950577,0.6441151291215731,1788813883.9350615
2.618570733206673,1.2932146187950577,0.6441151291215731,1788813884.0349731
2.618570733206673,1.2932146187950577,0.6441151291215731,1788813884.1349685
2.618570733206673,1.2932146187950577,0.6441151291215731,1788813884.2348857
2.618570733206673,1.2932146187950577,0.6441151291215731,1788813884.3354228
2.618570733206673,1.2932146187950577,0.6441151291215731,1788813884.4348595
2.618570733206673,1.2932146187950577,0.6441151291215731,1788813884.5349572
2.618570733206673,1.2932146187950577,0.6441151291215731,1788813884.634925
2.618570733206673,1.2932146187950577,0.6441151291215731,1788813884.7350912
2.618570733206673,1.2932146187950577,0.6441151291215731,1788813884.834924
2.618570733206673,1.2932146187950577,0.6441151291215731,1788813884.9349449
2.618570733206673,1.2932146187950577,0.6441151291215731,1788813885.0350244
2.618570733206673,1.2932146187950577,0.6441151291215731,1788813885.1349602
2.618570733206673,1.2932146187950577,0.6441151291215731,1788813885.235096
2.618570733206673,1.2932146187950577,0.6441151291215731,1788813885.3350894
2.618570733206673,1.2932146187950577,0.6441151291215731,1788813885.4350748
2.618570733206673,1.2932146187950577,0.6441151291215731,1788813885.5349777
2.618570733206673,1.2932146187950577,0.6441151291215731,1788813885.6351347
2.618570733206673,1.2932146187950577,0.6441151291215731,1788813885.7350264
2.618570733206673,1.2932146187950577,0.6441151291215731,1788813885.8348787
2.6185707332066737,1.2932146187950577,0.6441151291215731,1788813885.9349818
2.618570733206673,1.2932146187950577,0.6441151291215731,1788813886.034964
2.618570733206673,1.2932146187950577,0.6441151291215731,1788813886.1348982
2.618570733206673,1.2932146187950577,0.6441151291215731,1788813886.235095
2.618570733206673,1.2932146187950577,0.6441151291215731,1788813886.3351173
2.618570733206673,1.2932146187950577,0.6441151291215731,1788813886.434854
2.618570733206673,1.2932146187950577,0.6441151291215731,1788813886.536393
2.618570733206673,1.2932146187950577,0.6441151291215731,1788813886.63497
2.618570733206673,1.2932146187950577,0.6441151291215731,1788813886.7348819
2.6185707332066737,1.2932146187950577,0.6441151291215731,1788813886.8348458
2.618570733206673,1.2932146187950577,0.6441151291215731,1788813886.9350603
2.618570733206673,1.2932146187950577,0.6441151291215731,1788813887.0376008
2.618570733206673,1.2932146187950577,0.6441151291215731,1788813887.1349945
2.618570733206673,1.2932146187950577,0.6441151291215731,1788813887.2348866
2.6185707332066737,1.2932146187950577,0.6441151291215731,1788813887.3348994
2.6185707332066737,1.2932146187950577,0.6441151291215731,1788813887.4348626
2.6185707332066737,1.2932146187950577,0.6441151291215731,1788813887.5351243
2.618570733206673,1.2932146187950577,0.6441151291215731,1788813887.6361642
2.618570733206673,1.2932146187950577,0.6441151291215731,1788813887.735031
2.618570733206673,1.2932146187950577,0.6441151291215731,1788813887.8347473
2.6185707332066737,1.2932146187950577,0.6441151291215731,1788813887.9348297
2.618570733206673,1.2932146187950577,0.6441151291215731,1788813888.0350485
2.618570733206673,1.2932146187950577,0.6441151291215731,1788813888.138525
2.618570733206673,1.2932146187950577,0.6441151291215731,1788813888.2349257
2.618570733206673,1.2932146187950577,0.6441151291215731,1788813888.334868
2.618570733206673,1.2932146187950577,0.6441151291215731,1788813888.434885
2.618570733206673,1.2932146187950577,0.6441151291215731,1788813888.534948
2.618570733206673,1.2932146187950577,0.6441151291215731,1788813888.634951
2.618570733206673,1.2932146187950577,0.6441151291215731,1788813888.735018
2.6185707332066737,1.2932146187950577,0.6441151291215731,1788813888.8348184
2.618570733206673,1.2932146187950577,0.6441151291215731,1788813888.9350958
2.6185707332066737,1.2932146187950577,0.6441151291215731,1788813889.0349374
2.6185707332066737,1.2932146187950577,0.6441151291215731,1788813889.135468
2.618570733206673,1.2932146187950577,0.6441151291215731,1788813889.2349517
2.6185707332066737,1.2932146187950577,0.6441151291215731,1788813889.3350017
2.618570733206673,1.2932146187950577,0.6441151291215731,1788813889.434879
2.6185707332066737,1.2932146187950577,0.6441151291215731,1788813889.5359292
2.618570733206673,1.2932146187950577,0.6441151291215731,1788813889.6366355
2.618570733206673,1.2932146187950577,0.6441151291215731,1788813889.7355819
2.6185707332066737,1.2932146187950577,0.6441151291215731,1788813889.8351846
2.6185707332066737,1.2932146187950577,0.6441151291215731,1788813889.936331
2.6185707332066737,1.2932146187950577,0.6441151291215731,1788813890.0372272
2.6185707332066737,1.2932146187950577,0.6441151291215731,1788813890.134998
2.618570733206673,1.2932146187950577,0.6441151291215731,1788813890.2354712
2.6185707332066737,1.2932146187950577,0.6441151291215731,1788813890.337286
2.618570733206673,1.2932146187950577,0.6441151291215731,1788813890.4352186
2.6185707332066737,1.2932146187950577,0.6441151291215731,1788813890.5350354
2.618570733206673,1.2932146187950577,0.6441151291215731,1788813890.6347134
2.6685730272146104,1.313216014441665,0.6266618366016299,1788813890.7355037
2.66857302721461,1.313216014441665,0.6266618366016299,1788813890.8348064
2.66857302721461,1.313216014441665,0.6266618366016299,1788813890.9383388
2.688571990790339,1.3132158339634343,0.6266618366016299,1788813891.0348227
2.6885719907903383,1.3132158339634339,0.6266618366016299,1788813891.1366837
2.678571936574969,1.313215770183748,0.6266618366016299,1788813891.239135
2.678571936574969,1.313215770183748,0.6266618366016299,1788813891.334906
2.678571936574969,1.313215770183748,0.6266618366016299,1788813891.4348147
2.6785717356934673,1.3132146627287806,0.6266621855667335,1788813891.5357773
2.6785717356934677,1.313214662728781,0.6266621855667335,1788813891.6463873
2.678571735693468,1.3132146627287815,0.6266621855667335,1788813891.7356725
2.678571735693468,1.313214662728781,0.6266621855667335,1788813891.836549
2.6785717356934673,1.3132146627287806,0.6266621855667335,1788813891.9349172
2.6785717356934677,1.313214662728781,0.6266621855667335,1788813892.0365407
2.6785717356934677,1.313214662728781,0.6266621855667335,1788813892.1358821
2.6785717356934673,1.3132146627287806,0.6266621855667335,1788813892.2350338
2.6785717356934677,1.313214662728781,0.6266621855667335,1788813892.3352058
2.678571735693468,1.313214662728781,0.6266621855667335,1788813892.435013
2.678571735693468,1.313214662728781,0.6266621855667335,1788813892.5349054
2.678571735693468,1.3132146627287815,0.6266621855667335,1788813892.6348543
2.678571735693468,1.313214662728781,0.6266621855667335,1788813892.7348936
2.6785717356934677,1.313214662728781,0.6266621855667335,1788813892.8349497
2.678571735693468,1.3132146627287815,0.6266621855667335,1788813892.9349802
2.6785717356934677,1.313214662728781,0.6266621855667335,1788813893.0347805
2.678571735693468,1.313214662728781,0.6266621855667335,1788813893.1350193
2.6785717356934673,1.3132146627287806,0.6266621855667335,1788813893.234921
2.6785717356934673,1.3132146627287806,0.6266621855667335,1788813893.3348331
2.6785717356934677,1.313214662728781,0.6266621855667335,1788813893.434864
2.6785717356934673,1.3132146627287806,0.6266621855667335,1788813893.535013
2.6785717356934673,1.3132146627287806,0.6266621855667335,1788813893.6351497
2.678571735693468,1.313214662728781,0.6266621855667335,1788813893.735084
2.6785717356934677,1.313214662728781,0.6266621855667335,1788813893.8348315
2.6785717356934673,1.3132146627287806,0.6266621855667335,1788813893.934964
2.6785717356934677,1.313214662728781,0.6266621855667335,1788813894.0348525
2.678571735693468,1.313214662728781,0.6266621855667335,1788813894.1349432
2.6785717356934677,1.313214662728781,0.6266621855667335,1788813894.2349963
2.6785717356934677,1.313214662728781,0.6266621855667335,1788813894.3350172
2.678571735693468,1.313214662728781,0.6266621855667335,1788813894.435114
2.6785717356934673,1.3132146627287806,0.6266621855667335,1788813894.5351632
2.6785717356934677,1.313214662728781,0.6266621855667335,1788813894.634843
2.678571735693468,1.313214662728781,0.6266621855667335,1788813894.7352664
2.6785717356934677,1.3132146627287806,0.6266621855667335,1788813894.8348458
2.6785717356934673,1.3132146627287806,0.6266621855667335,1788813894.9349782
2.6785717356934677,1.313214662728781,0.6266621855667335,1788813895.0349653
2.6785717356934677,1.313214662728781,0.6266621855667335,1788813895.135006
2.6785717356934673,1.3132146627287806,0.6266621855667335,1788813895.2350729
2.678571735693468,1.313214662728781,0.6266621855667335,1788813895.3350902
2.678571735693468,1.3132146627287815,0.6266621855667335,1788813895.4347763
2.6785717356934677,1.313214662728781,0.6266621855667335,1788813895.5349734
2.6785717356934673,1.3132146627287806,0.6266621855667335,1788813895.6349254
2.678571735693468,1.313214662728781,0.6266621855667335,1788813895.7349052
2.6785717356934673,1.3132146627287806,0.6266621855667335,1788813895.8349938
2.678571735693468,1.313214662728781,0.6266621855667335,1788813895.9349992
2.6785717356934673,1.3132146627287806,0.6266621855667335,1788813896.034947
2.6785717356934673,1.3132146627287806,0.6266621855667335,1788813896.1349308
2.6785717356934673,1.3132146627287806,0.6266621855667335,1788813896.2348971
2.6785717356934673,1.3132146627287806,0.6266621855667335,1788813896.3350282
2.6785717356934673,1.3132146627287806,0.6266621855667335,1788813896.4348834
2.6785717356934673,1.3132146627287806,0.6266621855667335,1788813896.5351605
2.6785717356934677,1.313214662728781,0.6266621855667335,1788813896.6348588
2.6785717356934677,1.313214662728781,0.6266621855667335,1788813896.7348738
2.6785717356934677,1.313214662728781,0.6266621855667335,1788813896.8348808
2.6785717356934677,1.313214662728781,0.6266621855667335,1788813896.9350517
2.678571735693468,1.313214662728781,0.6266621855667335,1788813897.0347142
2.6785727498936613,1.3232147664581335,0.6266621855667335,1788813897.134874
2.6785727498936613,1.3232147664581335,0.6266621855667335,1788813897.2349236
2.678572749893662,1.3232147664581335,0.6266621855667335,1788813897.3350344
2.668573779338372,1.3232149227132957,0.6231725345318373,1788813897.4349942
2.668573779338372,1.3232149227132952,0.6231725345318373,1788813897.5350046
2.668573752433085,1.3232148169481084,0.6231725345318373,1788813897.634922
2.6685737524330846,1.3232148169481075,0.6231725345318373,1788813897.7348924
2.6685737524330846,1.3232148169481075,0.6231725345318373,1788813897.8349433
2.6685738277587228,1.3132157857263307,0.6266621855667335,1788813897.9349616
2.6685738277587228,1.3132157857263307,0.6266621855667335,1788813898.0352206
2.6685738277587228,1.3132157857263307,0.6266621855667335,1788813898.1350675
2.6685738277587223,1.3132157857263302,0.6266621855667335,1788813898.234855
2.6685738277587223,1.3132157857263302,0.6266621855667335,1788813898.334928
2.668573827758723,1.3132157857263307,0.6266621855667335,1788813898.4348295
2.668573827758723,1.3132157857263307,0.6266621855667335,1788813898.5349855
2.6685738277587223,1.3132157857263302,0.6266621855667335,1788813898.6348622
2.6685738277587228,1.3132157857263307,0.6266621855667335,1788813898.7350192
2.6685738277587223,1.3132157857263302,0.6266621855667335,1788813898.8349125
2.668573827758723,1.3132157857263307,0.6266621855667335,1788813898.9350476
2.668573827758723,1.3132157857263307,0.6266621855667335,1788813899.0349703
2.6685738277587228,1.3132157857263307,0.6266621855667335,1788813899.1349297
2.6685738277587228,1.3132157857263307,0.6266621855667335,1788813899.2348766
2.668573827758723,1.3132157857263307,0.6266621855667335,1788813899.3350024
2.6685738277587223,1.3132157857263302,0.6266621855667335,1788813899.4349923
2.668573827758723,1.3132157857263307,0.6266621855667335,1788813899.5350535
2.6685738277587223,1.3132157857263302,0.6266621855667335,1788813899.6350224
2.6685738277587223,1.3132157857263302,0.6266621855667335,1788813899.7350497
2.668573827758723,1.3132157857263307,0.6266621855667335,1788813899.834975
2.6685738277587223,1.3132157857263302,0.6266621855667335,1788813899.9350705
2.6685738277587223,1.3132157857263302,0.6266621855667335,1788813900.0350966
2.6685738277587223,1.3132157857263302,0.6266621855667335,1788813900.1351554
2.6685738277587228,1.3132157857263311,0.6266621855667335,1788813900.234823
2.6685738277587228,1.3132157857263307,0.6266621855667335,1788813900.3351254
2.6685738277587228,1.3132157857263307,0.6266621855667335,1788813900.4348962
2.6685738277587223,1.3132157857263302,0.6266621855667335,1788813900.5351293
2.6685738277587228,1.3132157857263307,0.6266621855667335,1788813900.634987
2.668573827758723,1.3132157857263307,0.6266621855667335,1788813900.7351363
2.6685738277587228,1.3132157857263307,0.6266621855667335,1788813900.8349485
2.668573827758723,1.3132157857263311,0.6266621855667335,1788813900.935062
2.6685738277587228,1.3132157857263307,0.6266621855667335,1788813901.034928
2.6685738277587228,1.3132157857263307,0.6266621855667335,1788813901.1349645
2.6685738277587228,1.3132157857263311,0.6266621855667335,1788813901.235088
2.6685738277587223,1.3132157857263302,0.6266621855667335,1788813901.3350694
2.6685738277587228,1.3132157857263307,0.6266621855667335,1788813901.4349604
2.6685738277587228,1.3132157857263307,0.6266621855667335,1788813901.5349724
2.6685738277587228,1.3132157857263307,0.6266621855667335,1788813901.634923
2.668573827758723,1.3132157857263307,0.6266621855667335,1788813901.7349997
2.6685738277587223,1.3132157857263302,0.6266621855667335,1788813901.8350012
2.6685738277587223,1.3132157857263302,0.6266621855667335,1788813901.9350615
2.668573827758723,1.3132157857263307,0.6266621855667335,1788813902.035319
2.6685738277587228,1.3132157857263307,0.6266621855667335,1788813902.1348603
2.668573827758723,1.3132157857263307,0.6266621855667335,1788813902.23482
2.668573827758723,1.3132157857263307,0.6266621855667335,1788813902.3352072
2.6685738277587223,1.3132157857263302,0.6266621855667335,1788813902.4348383
2.6685738277587223,1.3132157857263302,0.6266621855667335,1788813902.5350406
2.6685738277587228,1.3132157857263307,0.6266621855667335,1788813902.635128
2.6685738277587228,1.3132157857263307,0.6266621855667335,1788813902.735135
2.6685738277587228,1.3132157857263307,0.6266621855667335,1788813902.8349302
2.6685738277587223,1.3132157857263302,0.6266621855667335,1788813902.9349172
2.6685738277587228,1.3132157857263307,0.6266621855667335,1788813903.0349941
2.6685738277587228,1.3132157857263307,0.6266621855667335,1788813903.134874
2.668573827758723,1.3132157857263307,0.6266621855667335,1788813903.2348564
2.668573827758723,1.3132157857263307,0.6266621855667335,1788813903.3352284
2.6685738277587223,1.3132157857263302,0.6266621855667335,1788813903.4349287
2.6685738277587223,1.3132157857263302,0.6266621855667335,1788813903.5349364
2.6685738277587223,1.3132157857263302,0.6266621855667335,1788813903.6350756
2.6685738277587228,1.3132157857263307,0.6266621855667335,1788813903.735049
2.6685738277587223,1.3132157857263302,0.6266621855667335,1788813903.834904
2.6685738277587228,1.3132157857263307,0.6266621855667335,1788813903.9349737
2.6685738277587223,1.3132157857263302,0.6266621855667335,1788813904.034959
2.678575009377954,1.3132169289780076,0.6266621855667335,1788813904.1349142
2.678575009377954,1.3132169289780076,0.6266621855667335,1788813904.235047
2.678575009377953,1.3132169289780071,0.6266621855667335,1788813904.335021
2.6785758879395662,1.323216092978789,0.6231728834969408,1788813904.4349298
2.678575887939566,1.323216092978789,0.6231728834969408,1788813904.5349903
2.6785750463746867,1.3132169484446607,0.6266621855667335,1788813904.635197
2.6785750463746867,1.3132169484446607,0.6266621855667335,1788813904.7350018
2.6785750463746862,1.3132169484446603,0.6266621855667335,1788813904.8349059
2.678575014418799,1.3132169224408452,0.6266621855667335,1788813904.934939
2.678575014418799,1.3132169224408452,0.6266621855667335,1788813905.034981
2.6785750144188,1.3132169224408452,0.6266621855667335,1788813905.1349814
2.6785750144187994,1.3132169224408456,0.6266621855667335,1788813905.2348843
2.6785750144187994,1.3132169224408456,0.6266621855667335,1788813905.335009
2.6785750144188,1.3132169224408452,0.6266621855667335,1788813905.43487
2.6785750144187994,1.3132169224408456,0.6266621855667335,1788813905.5352366
2.6785750144188,1.313216922440846,0.6266621855667335,1788813905.6348317
2.6785750144188,1.3132169224408456,0.6266621855667335,1788813905.7349799
2.6785750144187994,1.313216922440846,0.6266621855667335,1788813905.834893
2.6785750144188,1.3132169224408456,0.6266621855667335,1788813905.9350436
2.678575014418799,1.3132169224408452,0.6266621855667335,1788813906.035074
2.678575014418799,1.3132169224408452,0.6266621855667335,1788813906.1351173
2.6785750144188,1.313216922440846,0.6266621855667335,1788813906.234936
2.6785750144187994,1.3132169224408456,0.6266621855667335,1788813906.3351252
2.6785750144187994,1.3132169224408456,0.6266621855667335,1788813906.4347816
2.6785750144188,1.313216922440846,0.6266621855667335,1788813906.5349514
2.6785750144187994,1.3132169224408456,0.6266621855667335,1788813906.6352007
2.6785750144188,1.3132169224408456,0.6266621855667335,1788813906.73498
2.6785750144188,1.313216922440846,0.6266621855667335,1788813906.8349319
2.6785750144187994,1.3132169224408456,0.6266621855667335,1788813906.9362724
2.6785750144187994,1.313216922440846,0.6266621855667335,1788813907.0348172
2.6785750144187994,1.3132169224408456,0.6266621855667335,1788813907.1349077
2.678575014418799,1.3132169224408452,0.6266621855667335,1788813907.2349794
2.6785750144187994,1.3132169224408456,0.6266621855667335,1788813907.334903
2.6785750144187994,1.3132169224408456,0.6266621855667335,1788813907.4349067
2.678575014418799,1.3132169224408452,0.6266621855667335,1788813907.5349095
2.6785750144188,1.3132169224408456,0.6266621855667335,1788813907.6349876
2.6785750144188,1.3132169224408456,0.6266621855667335,1788813907.7350242
2.6785750144188,1.3132169224408456,0.6266621855667335,1788813907.8351371
2.6785750144188,1.3132169224408456,0.6266621855667335,1788813907.9350133
2.678575014418799,1.3132169224408452,0.6266621855667335,1788813908.034982
2.6785750144187994,1.3132169224408456,0.6266621855667335,1788813908.1349714
2.678575014418799,1.3132169224408452,0.6266621855667335,1788813908.2349896
2.6785750144187994,1.3132169224408456,0.6266621855667335,1788813908.3348663
2.678575014418799,1.3132169224408452,0.6266621855667335,1788813908.4348857
2.6785750144188,1.3132169224408456,0.6266621855667335,1788813908.5351596
2.6785750144188,1.3132169224408456,0.6266621855667335,1788813908.6347897
2.6785750144187994,1.3132169224408456,0.6266621855667335,1788813908.735036
2.678575014418799,1.3132169224408452,0.6266621855667335,1788813908.8350089
2.6785750144187994,1.3132169224408456,0.6266621855667335,1788813908.934911
2.6785750144187994,1.313216922440846,0.6266621855667335,1788813909.034873
2.6785750144187994,1.3132169224408456,0.6266621855667335,1788813909.1349702
2.6785750144187994,1.3132169224408456,0.6266621855667335,1788813909.2348852
2.6785750144187994,1.3132169224408456,0.6266621855667335,1788813909.335077
2.678575014418799,1.3132169224408452,0.6266621855667335,1788813909.4347253
2.6785750144188,1.3132169224408456,0.6266621855667335,1788813909.5354471
2.678575014418799,1.3132169224408452,0.6266621855667335,1788813909.634849
2.6785750144188,1.3132169224408452,0.6266621855667335,1788813909.7349062
2.6785750144188,1.3132169224408456,0.6266621855667335,1788813909.835003
2.6785750144188,1.3132169224408456,0.6266621855667335,1788813909.9350433
2.6785750144188,1.3132169224408456,0.6266621855667335,1788813910.0348096
2.6785750144188,1.3132169224408456,0.6266621855667335,1788813910.13503
2.6785750144188,1.3132169224408456,0.6266621855667335,1788813910.234766
2.6785750144188,1.3132169224408456,0.6266621855667335,1788813910.334844
2.6785750144187994,1.3132169224408456,0.6266621855667335,1788813910.4350138
2.6785750144187994,1.3132169224408456,0.6266621855667335,1788813910.535167
2.6785750144187994,1.3132169224408456,0.6266621855667335,1788813910.634884
2.678575014418799,1.3132169224408452,0.6266621855667335,1788813910.7350616
2.678575014418799,1.3132169224408452,0.6266621855667335,1788813910.834886
2.678575014418799,1.3132169224408452,0.6266621855667335,1788813910.9351206
2.679114480418002,1.313607178177019,0.6258808957771881,1788813911.0347793
2.6792883197620405,1.3137328184180932,0.6258336442790652,1788813911.1349454
2.6800321099114317,1.314271138829949,0.6259936305166008,1788813911.2348545
2.682202914373491,1.3158360165302767,0.6232596861560539,1788813911.334923
2.6863474012093738,1.3187959754018226,0.616989170153016,1788813911.434859
2.694877573245275,1.3247556142531343,0.6028335669037457,1788813911.534921
2.7093925242637047,1.3345150170624511,0.5818265613996655,1788813911.6348426
2.732372170182451,1.3491365200999081,0.5518145909694255,1788813911.735097
2.7599506735773804,1.365471308774914,0.5177966139590032,1788813911.8349273
2.7867419845857837,1.3801714446140374,0.4858347942628635,1788813911.935017
2.8572773551707424,1.4097663849005615,0.4021127427932169,1788813912.034983
2.8816116076996723,1.419764605216018,0.37777031721969223,1788813912.1351147
2.909435126227195,1.4303872927176777,0.3519279134167299,1788813912.2349315
2.9421227122102973,1.441894546633082,0.32589263450287276,1788813912.3351552
2.985391056156537,1.4612926424269448,0.307034782533473,1788813912.434972
3.0228028737657784,1.472738165264118,0.2870854545826183,1788813912.534902
3.0614331503540084,1.483770852696089,0.2696471031912597,1788813912.6347673
3.1099008867640032,1.4997717698336657,0.26084841362852984,1788813912.734977
3.1532997318156823,1.511009993582972,0.2464429419396502,1788813912.8349056
3.1988118948484985,1.5221602720400211,0.23425804197510888,1788813912.9350123
3.246737695844968,1.5429767046255978,0.22787880053235168,1788813913.0348663
3.2917966604171673,1.5532478562198215,0.22066696923604467,1788813913.1349602
3.336525971318387,1.5631586489057274,0.215818167585555,1788813913.2349048
3.3813884128676257,1.5729230422766247,0.21309647667158718,1788813913.3348475
3.4211350873025346,1.5812378026513354,0.2279693178665392,1788813913.4348426
3.468034572859998,1.5921627023345133,0.22997746461128907,1788813913.5349853
3.514116291167915,1.6030435867675603,0.2338482343400378,1788813913.6348834
3.558510393726853,1.6137088310914836,0.23778577513010565,1788813913.734951
3.5938877664742064,1.6269415790567887,0.24606821256716233,1788813913.834957
3.636143880548066,1.6376884203502042,0.2520966659783785,1788813913.9348707
3.6775958848274124,1.6484861840455407,0.25752750636892313,1788813914.0349832
3.7189024852879413,1.6594630600795917,0.26174685422395416,1788813914.1348233
3.759397476718937,1.6703879005854159,0.2653041310475703,1788813914.2351177
3.789328675667002,1.6841656839373664,0.2689447691147584,1788813914.335136
3.82813077232519,1.6949491247427542,0.2732236409328862,1788813914.4350357
3.8663330778047347,1.7057475563478786,0.27779277877529607,1788813914.535032
3.910316584909138,1.7139240624742138,0.2839204918035865,1788813914.6348727
3.9495863622927967,1.7255004346462606,0.2894203728677425,1788813914.7349732
3.988227734943518,1.7371211850808006,0.29484104650103726,1788813914.8347936
4.023921728674113,1.744487370044285,0.303077814016146,1788813914.935008
4.060678143896186,1.7560615302661096,0.30676057162418335,1788813915.0348606
4.096719180458619,1.767521967603685,0.3088929693123197,1788813915.1349254
4.125684195760023,1.7686359274757546,0.30436794378056625,1788813915.2348318
4.162464279625491,1.780217823675235,0.3057637647884784,1788813915.335027
4.199549099369731,1.7919608062030452,0.30769533989922015,1788813915.434973
4.234462608464298,1.8085256693742888,0.3114197337269491,1788813915.5351243
4.27020833831183,1.8201197850794548,0.3159096824876807,1788813915.6350853
4.306142305286946,1.8319650042430107,0.3210097430581064,1788813915.7348957
4.340041423491084,1.8409024654177855,0.32848501319048473,1788813915.835122
4.376498706095659,1.8534368281158193,0.33381261021711395,1788813915.934916
4.412975041119819,1.8661949708132357,0.33900887027309684,1788813916.034811
4.44957847680057,1.8884899069084664,0.34307443063155496,1788813916.134957
4.484820532600026,1.9011257416374825,0.3453608256753864,1788813916.2348766
4.519366685679304,1.9135728706045025,0.34617541541321106,1788813916.3348753
4.538494295930408,1.9151179938481104,0.3383413603553958,1788813916.4349816
4.571557256296982,1.926715365513433,0.33631601897448754,1788813916.5350816
4.603746901427669,1.9379246897743898,0.33389648426159824,1788813916.6348546
4.629813627164485,1.9413814163465313,0.3290880951162147,1788813916.7349384
4.660118482779435,1.9517221372196287,0.32865681629773535,1788813916.8349075
4.690025513704424,1.9619250090294758,0.32890670980913517,1788813916.9351037
4.72027678427411,1.972279612553411,0.3310208572416573,1788813917.034847
4.753399305627766,1.983719834222014,0.3341157161928132,1788813917.135013
4.790765956558158,1.9967703998508917,0.3379320517890802,1788813917.2350702
4.851301299557507,2.0192735818285006,0.35201708550138566,1788813917.3351045
4.893501669545804,2.0349042360637584,0.3574906212998921,1788813917.4349504
4.935695558937435,2.050806040600294,0.3633523818604439,1788813917.534968
4.979674145331884,2.070877495670289,0.3703953137378793,1788813917.6350715
5.022632547159223,2.087708097437835,0.3764290488911357,1788813917.7350836
5.066060093607872,2.105031978218194,0.38271009259502997,1788813917.835069
5.109956077884627,2.122865248946388,0.3890750689258041,1788813917.9352295
5.158810288922649,2.144154613994896,0.3926696794679034,1788813918.034793
5.201010206412568,2.161764851451097,0.39794415544750145,1788813918.134984
5.242543475216801,2.179339173351048,0.4026247818950571,1788813918.2348492
5.2833656280385055,2.1968425087965606,0.40757634737141424,1788813918.3350997
5.317804884450474,2.205785712669396,0.4136865067029331,1788813918.4348505
5.355852364511257,2.2226163407844552,0.4193002309639256,1788813918.535085
5.392441627242974,2.2390557156019586,0.42526846142337404,1788813918.6348782
5.413389946596897,2.2420967951751187,0.43125187132506965,1788813918.7350788
5.447510392322959,2.2579599802496224,0.4392294466041576,1788813918.8349788
5.479670561118954,2.2732350973897013,0.44765773225050953,1788813918.9348755
5.498748524536975,2.2880949524769005,0.4560212717785174,1788813919.0350163
5.527578721886928,2.3023923635575234,0.46471686850272126,1788813919.1351366
5.555873100740694,2.316783907032962,0.47764603570749775,1788813919.2349465
5.578243625466451,2.333709383479648,0.5054158981773027,1788813919.335044
5.606843037841786,2.349940958503395,0.5271843261122029,1788813919.4348443
5.634632633054551,2.3665366422635072,0.5498503924722106,1788813919.5349176
5.660746061323698,2.382947533927905,0.5724356971109845,1788813919.6350446
5.685355434152019,2.39919578382061,0.5947265674429866,1788813919.7353294
5.7085974879413115,2.4152918263306526,0.6167347468143456,1788813919.8348806
5.736203522663589,2.4227877788701786,0.6410564618504239,1788813919.934989
5.756812864695536,2.4385076687472953,0.6623680129875332,1788813920.0349479
5.77560690708845,2.4534799543908443,0.6831533504890362,1788813920.1349285
5.792499174418368,2.4675091033029313,0.7031142749536435,1788813920.2351294
5.789564670347758,2.472074060367939,0.7170311747088852,1788813920.33499
5.802840237863311,2.483854037204841,0.7348244976827276,1788813920.4347947
5.8142052241705215,2.4942968656674225,0.7516588593074086,1788813920.5350034
5.824065123539255,2.503656975218214,0.7672598422455706,1788813920.6349685
5.832886137181537,2.5122906667766918,0.782148294375817,1788813920.734901
5.839832111214003,2.5192697497925742,0.7931281591117519,1788813920.8348908
5.821198866043282,2.5059032682449938,0.7708943139509923,1788813920.9362252
5.819921712294576,2.504662665083822,0.7708809574374974,1788813921.0349703
5.817914656702722,2.50271305328291,0.7708809574374974,1788813921.1350572
5.81724307410621,2.5020606920026833,0.7708809574374974,1788813921.2349093
5.817594443956223,2.502402005321984,0.7708809574374974,1788813921.3348742
5.817816929148567,2.5026181227819726,0.7708809574374974,1788813921.4349067
5.817816929148566,2.5026181227819726,0.7708809574374974,1788813921.5349367
5.817816929148566,2.5026181227819726,0.7708809574374974,1788813921.6348531
5.817816929148565,2.5026181227819726,0.7708809574374974,1788813921.7348394
5.817816929148567,2.5026181227819726,0.7708809574374974,1788813921.8351512
5.817816929148565,2.5026181227819726,0.7708809574374974,1788813921.9350224
5.817816929148566,2.5026181227819726,0.7708809574374974,1788813922.0348232
5.817816929148566,2.5026181227819726,0.7708809574374974,1788813922.134909
5.817816929148565,2.5026181227819726,0.7708809574374974,1788813922.2348347
5.817816929148566,2.5026181227819726,0.7708809574374974,1788813922.3349845
5.817816929148566,2.5026181227819726,0.7708809574374974,1788813922.4348493
5.817816929148566,2.5026181227819726,0.7708809574374974,1788813922.535153
5.817816929148566,2.5026181227819726,0.7708809574374974,1788813922.6348174
5.817816929148566,2.5026181227819726,0.770929764749921,1788813922.7350256
5.817816929148566,2.5026181227819726,0.7710012898085421,1788813922.83487
5.817816929148567,2.5026181227819726,0.7707120919240371,1788813922.9348795
5.817816929148566,2.5026181227819726,0.7706412619774213,1788813923.0349689
5.817816929148566,2.5026181227819726,0.7679286445297705,1788813923.1349378
5.817816929148565,2.5026181227819726,0.7551169949943681,1788813923.2348602
5.817816929148565,2.5026181227819726,0.7323958849928,1788813923.3349607
5.817816929148566,2.5026181227819726,0.7023351457684003,1788813923.434907
5.817816929148566,2.5026181227819726,0.6679101712375204,1788813923.535461
5.817816929148567,2.5026181227819726,0.6274492242076778,1788813923.6349406
5.817816929148566,2.5026181227819726,0.5818365867186681,1788813923.7349968
5.817816929148566,2.5026181227819726,0.5325597196658729,1788813923.8350325
5.817816929148565,2.5026181227819726,0.48128941125072316,1788813923.9349678
5.817816929148566,2.5026181227819726,0.427863670317374,1788813924.0351214
5.817816929148566,2.5026181227819726,0.3716603616838279,1788813924.1350224
5.817816929148566,2.5026181227819726,0.3109340044509772,1788813924.2349353
5.817816929148565,2.5026181227819726,0.24671554950118715,1788813924.3350496
5.817816929148567,2.5026181227819726,0.18146060267757874,1788813924.4348338
5.817816929148567,2.5026181227819726,0.11640626440790994,1788813924.5350115
5.817816929148567,2.5026181227819726,0.052450617991730585,1788813924.6348073
5.817816929148567,2.5026181227819726,-0.009344555597553768,1788813924.7349763
5.817816929148567,2.5026181227819726,-0.06832002405830875,1788813924.8349712
5.817816929148566,2.5026181227819726,-0.11285704635587596,1788813924.9350028
5.81778408069934,2.502622390827502,-0.12925302360397167,1788813925.0348654
5.81797200565495,2.502598012728319,-0.12876343270167456,1788813925.134878
5.818121357371372,2.5025786962975043,-0.1284997790785772,1788813925.2349703
5.818282052476784,2.502557950005482,-0.1282812820458271,1788813925.335145
5.8184007808025475,2.5025426353251334,-0.12829467192002317,1788813925.4349177
5.8190671364057165,2.5024564425456455,-0.1289481626016245,1788813925.5351615
5.824150889801441,2.50178313778675,-0.13424449971221408,1788813925.6350367
5.837018775086907,2.49995718905288,-0.1475383183814588,1788813925.7349267
5.857650598755299,2.496666432865752,-0.16854731124693922,1788813925.8349435
5.886153512786207,2.49140105106691,-0.19643064438415,1788813925.93491
5.91819456906394,2.4845053485539315,-0.22746153192816906,1788813926.0348694
5.950000207789999,2.4766293428854724,-0.25798336706012615,1788813926.135086
6.028379892054464,2.4228810216560577,-0.4338831833170104,1788813926.2349713
6.057747509994374,2.4087555680881874,-0.4624946325327514,1788813926.3349266
6.088593014900621,2.3928106551903046,-0.49154703464239924,1788813926.4350154
6.120077468776111,2.375437412891981,-0.5151876368978862,1788813926.5350108
6.150934187163455,2.357638629795175,-0.5304482403830458,1788813926.6348588
6.1805800248595135,2.340035345979066,-0.5391451129309778,1788813926.735085
6.233774816422663,2.3207916324853697,-0.5053531511714401,1788813926.8350513
6.263521613080006,2.304486669508125,-0.4967770245901827,1788813926.935012
6.293581491590798,2.2884466109308894,-0.48270488126072847,1788813927.0350251
6.318388827136671,2.269288350366784,-0.42977185760767406,1788813927.1349165
6.347203324851129,2.256529590028852,-0.403244631342538,1788813927.2348444
6.3739520908884115,2.245552090727289,-0.3749791479659258,1788813927.3350022
6.399389435696516,2.2359657417351784,-0.3453927275285371,1788813927.4349492
6.424035057755316,2.227513973590158,-0.31465092488054663,1788813927.5350587
6.446838673922636,2.2204829792719396,-0.2830695281114739,1788813927.6349301
6.463383366913125,2.2158865161788013,-0.2585350453948315,1788813927.7350051
6.452060024812466,2.2146975655786605,-0.23274786847121232,1788813927.8349032
6.453499122294493,2.214356875572123,-0.226421438771826,1788813927.935074
6.453499122294493,2.214356875572123,-0.22423296679824775,1788813928.0348501
6.453499122294493,2.214356875572123,-0.22428767974872296,1788813928.1351104
6.453499122294493,2.214356875572123,-0.2243527475412876,1788813928.235117
6.453499122294493,2.214356875572123,-0.2243527475412876,1788813928.3349714
6.4534991222944935,2.2143568755721246,-0.22039227541360354,1788813928.4351084
6.453499122294493,2.214356875572123,-0.2002446343858698,1788813928.534983
6.453499122294493,2.214356875572123,-0.16483034635174984,1788813928.6348975
6.453499122294493,2.2143568755721237,-0.1250793611299007,1788813928.7349367
6.453499122294493,2.214356875572123,-0.08682361147124304,1788813928.8349757
6.453499122294493,2.214356875572123,-0.047183421446713614,1788813928.9350135
6.453499122294493,2.214356875572123,-0.0007998319949899786,1788813929.0351038
6.453499122294493,2.2143568755721237,0.05048758142852001,1788813929.1352417
6.453499122294493,2.2143568755721237,0.10151161022532845,1788813929.2349706
6.453499122294493,2.214356875572123,0.15110898229680822,1788813929.3350112
6.453499122294493,2.2143568755721237,0.2014413481523903,1788813929.434978
6.453499122294493,2.214356875572123,0.2541959260999373,1788813929.5352118
6.453499122294493,2.214356875572123,0.30622902362527166,1788813929.6348522
6.453499122294493,2.2143568755721237,0.3566441330914547,1788813929.734955
6.453499122294493,2.2143568755721237,0.4060092399957377,1788813929.834916
6.453499122294493,2.214356875572123,0.4548048944893574,1788813929.934976
6.453499122294493,2.2143568755721237,0.5024426073197514,1788813930.034949
6.453499122294493,2.2143568755721237,0.5486676436377305,1788813930.1349218
6.453499122294493,2.2143568755721237,0.5919742765329936,1788813930.2350001
6.453499122294492,2.214356875572123,0.6323464748015981,1788813930.3350067
6.453499122294493,2.2143568755721237,0.6705287093279565,1788813930.4349525
6.453499122294493,2.214356875572123,0.7058624038139579,1788813930.5351026
6.453468317461582,2.21432977869875,0.7214221313660024,1788813930.6348572
6.453298934095677,2.2141807038735744,0.7220279664497451,1788813930.7358627
6.453298934095677,2.2141807038735744,0.7220279664497451,1788813930.834891
6.4532989340956775,2.2141807038735752,0.7220279664497451,1788813930.9350238
6.453238954508172,2.214127881445128,0.7220386712373352,1788813931.0350525
6.453208937665725,2.2141014461738715,0.7220386712373352,1788813931.1349635
6.453208937665725,2.2141014461738715,0.7220386712373352,1788813931.2352202
6.4532089376657265,2.2141014461738715,0.7220386712373352,1788813931.3350306
6.4532089376657265,2.2141014461738733,0.7220386712373352,1788813931.4348006
6.4532089376657265,2.2141014461738733,0.7220386712373352,1788813931.5349762
6.453208937665726,2.2141014461738715,0.7220386712373352,1788813931.6348832
6.4532089376657265,2.2141014461738733,0.7220386712373352,1788813931.734855
6.453208937665725,2.2141014461738715,0.7220386712373352,1788813931.8348496
6.4532089376657265,2.2141014461738715,0.7220386712373352,1788813931.934881
6.453208937665725,2.2141014461738715,0.7220386712373352,1788813932.035077
6.453208937665725,2.2141014461738724,0.7220386712373352,1788813932.134913
6.453208937665725,2.2141014461738715,0.7220386712373352,1788813932.2349365
6.453208937665725,2.2141014461738715,0.7220386712373352,1788813932.3350348
6.453208937665726,2.2141014461738715,0.7220386712373352,1788813932.434827
6.4532089376657265,2.2141014461738733,0.7220386712373352,1788813932.534926
6.453208937665725,2.2141014461738715,0.7220386712373352,1788813932.6380255
6.4532089376657265,2.2141014461738715,0.7220386712373352,1788813932.7348444
6.4532089376657265,2.2141014461738733,0.7220386712373352,1788813932.834879
6.4532089376657265,2.2141014461738733,0.7220386712373352,1788813932.934859
6.4532089376657265,2.2141014461738733,0.7220386712373352,1788813933.0350165
6.453208937665726,2.2141014461738715,0.7220386712373352,1788813933.1350515
6.453208937665725,2.2141014461738715,0.7220386712373352,1788813933.234852
6.453208937665726,2.2141014461738715,0.7220386712373352,1788813933.335353
6.453208937665726,2.2141014461738724,0.7220386712373352,1788813933.4349058
6.453208937665726,2.2141014461738715,0.7220386712373352,1788813933.5349867
6.453208937665726,2.2141014461738715,0.7220386712373352,1788813933.634894
6.453208937665725,2.2141014461738715,0.7220386712373352,1788813933.7350655
6.453208937665726,2.2141014461738715,0.7220386712373352,1788813933.8350685
6.4532089376657265,2.2141014461738715,0.7220386712373352,1788813933.9349868
6.453208937665725,2.2141014461738715,0.7220386712373352,1788813934.0350006
6.4532089376657265,2.2141014461738733,0.7220386712373352,1788813934.1349156
6.453208937665725,2.2141014461738715,0.7220386712373352,1788813934.234851
6.453208937665725,2.2141014461738715,0.7220386712373352,1788813934.3350134
6.453208937665725,2.2141014461738724,0.7220386712373352,1788813934.4351025
6.453208937665726,2.2141014461738715,0.7220386712373352,1788813934.535078
6.4532089376657265,2.2141014461738715,0.7220386712373352,1788813934.635
6.453208937665726,2.2141014461738715,0.7220386712373352,1788813934.7350302
6.453208937665725,2.2141014461738715,0.7220386712373352,1788813934.8347404
6.453208937665726,2.2141014461738715,0.7220386712373352,1788813934.937002
6.453208937665726,2.2141014461738715,0.7220386712373352,1788813935.037108
6.4532089376657265,2.2141014461738715,0.7220386712373352,1788813935.1350117
6.453208937665725,2.2141014461738715,0.7220386712373352,1788813935.2348282
6.453208937665725,2.2141014461738715,0.7220386712373352,1788813935.334996
6.4532089376657265,2.2141014461738733,0.7220386712373352,1788813935.43485
6.453208937665726,2.2141014461738724,0.7220386712373352,1788813935.5349214
6.4532089376657265,2.2141014461738715,0.7220386712373352,1788813935.6350834
6.453208937665726,2.2141014461738715,0.7220386712373352,1788813935.7349691
6.4532089376657265,2.2141014461738715,0.7220386712373352,1788813935.83501
6.4532089376657265,2.2141014461738733,0.7220386712373352,1788813935.9349039
6.453208937665725,2.2141014461738715,0.7220386712373352,1788813936.0349047
6.453208937665725,2.2141014461738715,0.7220386712373352,1788813936.1351511
6.4532089376657265,2.2141014461738733,0.7220386712373352,1788813936.2348864
6.453208937665726,2.2141014461738715,0.7220386712373352,1788813936.3350415
6.4532089376657265,2.2141014461738715,0.7220386712373352,1788813936.4352236
6.453208937665725,2.2141014461738715,0.7220386712373352,1788813936.5349734
6.453208937665725,2.2141014461738715,0.7220386712373352,1788813936.6351175
6.453208937665725,2.2141014461738715,0.7220386712373352,1788813936.7350585
6.453208937665725,2.2141014461738715,0.7220386712373352,1788813936.8350146
6.453208937665726,2.2141014461738715,0.7220386712373352,1788813936.9349427
6.453208937665725,2.2141014461738715,0.7220386712373352,1788813937.0349545
6.453208937665726,2.2141014461738724,0.7220386712373352,1788813937.1348999
6.453208937665726,2.2141014461738715,0.7220386712373352,1788813937.2348707
6.4532089376657265,2.2141014461738733,0.7220386712373352,1788813937.335136
6.453208937665725,2.2141014461738715,0.7220386712373352,1788813937.4350371
6.4532089376657265,2.2141014461738733,0.7220386712373352,1788813937.5348601
6.453208937665726,2.2141014461738724,0.7220386712373352,1788813937.6348941
6.453208937665726,2.2141014461738724,0.7220386712373352,1788813937.734999
6.4532089376657265,2.2141014461738733,0.7220386712373352,1788813937.8351521
6.453208937665725,2.2141014461738715,0.7220386712373352,1788813937.9350402
6.4532089376657265,2.2141014461738715,0.7220386712373352,1788813938.03518
6.453208937665725,2.2141014461738715,0.7220386712373352,1788813938.1350427
6.4532089376657265,2.2141014461738733,0.7220386712373352,1788813938.2349973
6.453208937665725,2.2141014461738715,0.7220386712373352,1788813938.3349571
6.4532089376657265,2.2141014461738733,0.7220386712373352,1788813938.4350014
6.4532089376657265,2.2141014461738715,0.7220386712373352,1788813938.5350277
6.453208937665725,2.2141014461738715,0.7220386712373352,1788813938.6350996
6.453208937665726,2.2141014461738715,0.7220386712373352,1788813938.7349274
6.4532089376657265,2.2141014461738733,0.7220386712373352,1788813938.8349233
6.4532089376657265,2.2141014461738733,0.7220386712373352,1788813938.935022
6.4532089376657265,2.2141014461738733,0.7220386712373352,1788813939.0349166
6.453208937665726,2.2141014461738715,0.7220386712373352,1788813939.1350358
6.453208937665725,2.2141014461738715,0.7220386712373352,1788813939.2349663
6.4532089376657265,2.2141014461738715,0.7220386712373352,1788813939.3349445
6.453208937665725,2.2141014461738724,0.7220386712373352,1788813939.4351294
6.453208937665725,2.2141014461738724,0.7220386712373352,1788813939.5348477
6.453208937665726,2.2141014461738715,0.7220386712373352,1788813939.634812
6.453208937665726,2.2141014461738715,0.7220386712373352,1788813939.7365112
6.453208937665726,2.2141014461738715,0.7220386712373352,1788813939.835052
6.453208937665726,2.2141014461738724,0.7220386712373352,1788813939.9350839
6.453208937665726,2.2141014461738715,0.7220386712373352,1788813940.035002
6.4532089376657265,2.2141014461738733,0.7220386712373352,1788813940.1349268
6.453208937665726,2.2141014461738715,0.7220386712373352,1788813940.2349937
6.453208937665725,2.2141014461738715,0.7220386712373352,1788813940.3349419
6.453208937665726,2.2141014461738715,0.7220386712373352,1788813940.4349263
6.453208937665725,2.2141014461738715,0.7220386712373352,1788813940.535
6.4532089376657265,2.2141014461738733,0.7220386712373352,1788813940.635039
6.4532089376657265,2.2141014461738733,0.7220386712373352,1788813940.734933
6.453208937665725,2.2141014461738715,0.7220386712373352,1788813940.834882
6.453208937665726,2.2141014461738715,0.7220386712373352,1788813940.9352286
6.4532089376657265,2.2141014461738715,0.7220386712373352,1788813941.0348072
6.4532089376657265,2.2141014461738733,0.7220386712373352,1788813941.1351442
6.453208937665726,2.2141014461738715,0.7220386712373352,1788813941.2350047
6.4532089376657265,2.2141014461738715,0.7220386712373352,1788813941.3349676
6.453208937665725,2.2141014461738715,0.7220386712373352,1788813941.4351156
6.453208937665725,2.2141014461738715,0.7220386712373352,1788813941.5350027
6.453208937665726,2.2141014461738715,0.7220386712373352,1788813941.6349447
6.4532089376657265,2.2141014461738715,0.7220386712373352,1788813941.7350917
6.453208937665725,2.2141014461738715,0.7220386712373352,1788813941.834955
6.453208937665726,2.2141014461738715,0.7220386712373352,1788813941.9349852
6.453208937665725,2.2141014461738715,0.7220386712373352,1788813942.034892
6.453208937665725,2.2141014461738715,0.7220386712373352,1788813942.1349523
6.4532089376657265,2.2141014461738733,0.7220386712373352,1788813942.2349818
6.453208937665725,2.2141014461738715,0.7220386712373352,1788813942.3350208
6.453208937665725,2.2141014461738715,0.7220386712373352,1788813942.4348419
6.453208937665726,2.2141014461738715,0.7220386712373352,1788813942.5349777
6.453208937665726,2.2141014461738724,0.7220386712373352,1788813942.6349328
6.453208937665725,2.2141014461738715,0.7220386712373352,1788813942.7350707
6.453208937665725,2.2141014461738715,0.7220386712373352,1788813942.835067
6.453208937665726,2.2141014461738724,0.7220386712373352,1788813942.9349763
6.4532089376657265,2.2141014461738715,0.7220386712373352,1788813943.0349464
6.453208937665726,2.2141014461738715,0.7220386712373352,1788813943.1350524
6.4532089376657265,2.2141014461738715,0.7220386712373352,1788813943.2348518
6.4532089376657265,2.2141014461738715,0.7220386712373352,1788813943.3350348
6.453208937665725,2.2141014461738715,0.7220386712373352,1788813943.4350646
6.453208937665726,2.2141014461738715,0.7220386712373352,1788813943.5350158
6.453208937665726,2.2141014461738715,0.7220386712373352,1788813943.6349854
6.4532089376657265,2.2141014461738715,0.7220386712373352,1788813943.7350967
6.453208937665725,2.2141014461738715,0.7220386712373352,1788813943.8350303
6.453208937665726,2.2141014461738715,0.7220386712373352,1788813943.9349232
6.453208937665726,2.2141014461738715,0.7220386712373352,1788813944.0348377
6.4532089376657265,2.2141014461738733,0.7220386712373352,1788813944.1349466
6.4532089376657265,2.2141014461738715,0.7220386712373352,1788813944.2348619
6.453208937665726,2.2141014461738724,0.7220386712373352,1788813944.3351133
6.453208937665725,2.2141014461738715,0.7220386712373352,1788813944.4349425
6.453208937665726,2.2141014461738715,0.7220386712373352,1788813944.5350268
6.453208937665725,2.2141014461738715,0.7220386712373352,1788813944.6348743
6.453208937665726,2.2141014461738715,0.7220386712373352,1788813944.7349985
6.4532089376657265,2.2141014461738715,0.7220386712373352,1788813944.8348994
6.4532089376657265,2.2141014461738715,0.7220386712373352,1788813944.9350529
6.453208937665726,2.2141014461738715,0.7220386712373352,1788813945.034872
6.453208937665725,2.2141014461738715,0.7220386712373352,1788813945.1350312
6.4532089376657265,2.2141014461738733,0.7220386712373352,1788813945.2350004
6.453208937665725,2.2141014461738715,0.7220386712373352,1788813945.3349195
6.453208937665726,2.2141014461738715,0.7220386712373352,1788813945.4350286
6.4532089376657265,2.2141014461738715,0.7220386712373352,1788813945.5351267
6.453208937665725,2.2141014461738715,0.7220386712373352,1788813945.6349618
6.4532089376657265,2.2141014461738715,0.7220386712373352,1788813945.7350018
6.453208937665726,2.2141014461738715,0.7220386712373352,1788813945.8348746
6.453208937665726,2.2141014461738724,0.7220386712373352,1788813945.9349627
6.453208937665725,2.2141014461738715,0.7220386712373352,1788813946.0349798
6.4532089376657265,2.2141014461738733,0.7220386712373352,1788813946.1350453
6.453208937665726,2.2141014461738715,0.7220386712373352,1788813946.234961
6.453208937665726,2.2141014461738724,0.7220386712373352,1788813946.3350863
6.4532089376657265,2.2141014461738715,0.7220386712373352,1788813946.4350832
6.453208937665726,2.2141014461738715,0.7220386712373352,1788813946.5350723
6.453208937665725,2.2141014461738715,0.7220386712373352,1788813946.6349018
6.453208937665725,2.2141014461738715,0.7220386712373352,1788813946.7349062
6.453208937665725,2.2141014461738715,0.7220386712373352,1788813946.8349373
6.453208937665726,2.2141014461738724,0.7220386712373352,1788813946.935124
6.453208937665725,2.2141014461738715,0.7220386712373352,1788813947.0349483
6.453208937665725,2.2141014461738715,0.7220386712373352,1788813947.1349957
6.453208937665726,2.2141014461738715,0.7220386712373352,1788813947.2348816
6.4532089376657265,2.2141014461738715,0.7220386712373352,1788813947.334948
6.453208937665725,2.2141014461738715,0.7220386712373352,1788813947.4347136
6.4532089376657265,2.2141014461738733,0.7220386712373352,1788813947.5350325
6.453208937665726,2.2141014461738715,0.7220386712373352,1788813947.63495
6.453208937665725,2.2141014461738715,0.7220386712373352,1788813947.734966
6.453208937665726,2.2141014461738715,0.7220386712373352,1788813947.8351593
6.453208937665726,2.2141014461738724,0.7220386712373352,1788813947.935224
6.4532089376657265,2.2141014461738733,0.7220386712373352,1788813948.0349615
6.453208937665725,2.2141014461738715,0.7220386712373352,1788813948.1348794
6.4532089376657265,2.2141014461738733,0.7220386712373352,1788813948.2351358
6.453208937665726,2.2141014461738715,0.7220386712373352,1788813948.3349552
6.453208937665725,2.2141014461738715,0.7220386712373352,1788813948.4349878
6.453208937665725,2.2141014461738715,0.7220386712373352,1788813948.5350885
6.453208937665725,2.2141014461738724,0.7220386712373352,1788813948.6358764
6.453208937665726,2.2141014461738724,0.7220386712373352,1788813948.736196
6.4532089376657265,2.2141014461738733,0.7220386712373352,1788813948.8348532
6.453436659433185,2.2143019964717663,0.7220386712373352,1788813948.9348624
6.453304158197066,2.214185305113414,0.7220386712373352,1788813949.0350792
6.453118824547015,2.214022085237068,0.7220386712373352,1788813949.1351936
6.453118824547013,2.214022085237067,0.7220386712373352,1788813949.2349503
6.453118824547014,2.214022085237067,0.7220386712373352,1788813949.3348594
6.453118824547014,2.214022085237067,0.7220386712373352,1788813949.4349177
6.453118824547015,2.214022085237067,0.7220386712373352,1788813949.5350327
6.453118824547014,2.214022085237067,0.7220386712373352,1788813949.6348987
6.453118824547015,2.214022085237067,0.7220386712373352,1788813949.735013
6.453118824547014,2.214022085237067,0.7220386712373352,1788813949.8349137
6.453118824547014,2.214022085237067,0.7220386712373352,1788813949.9350996
6.453118824547014,2.214022085237067,0.7220386712373352,1788813950.035114
6.453118824547014,2.214022085237067,0.7220386712373352,1788813950.1350768
6.453118824547015,2.214022085237067,0.7220386712373352,1788813950.234917
6.453118824547015,2.214022085237067,0.7220386712373352,1788813950.3350046
6.453118824547014,2.214022085237067,0.7220386712373352,1788813950.434926
6.453118824547015,2.214022085237067,0.7220386712373352,1788813950.535064
6.453118824547014,2.214022085237067,0.7220386712373352,1788813950.63481
6.453118824547013,2.214022085237067,0.7220386712373352,1788813950.734943
6.453118824547015,2.214022085237068,0.7220386712373352,1788813950.8350022
6.453118824547014,2.214022085237067,0.7220386712373352,1788813950.9350412
6.453118824547013,2.214022085237067,0.7220386712373352,1788813951.0350592
6.453118824547013,2.214022085237067,0.7220386712373352,1788813951.1349843
6.453118824547014,2.214022085237067,0.7220386712373352,1788813951.23484
6.453118824547013,2.214022085237067,0.7220386712373352,1788813951.334889
6.453118824547013,2.214022085237067,0.7220386712373352,1788813951.4351
6.453118824547014,2.214022085237068,0.7220386712373352,1788813951.5348904
6.453118824547014,2.214022085237067,0.7220386712373352,1788813951.634868
6.453118824547015,2.214022085237068,0.7220386712373352,1788813951.7350588
6.453118824547014,2.214022085237068,0.7220386712373352,1788813951.8349798
6.453118824547013,2.214022085237067,0.7220386712373352,1788813951.9349473
6.453118824547015,2.214022085237067,0.7220386712373352,1788813952.0348253
6.453118824547015,2.214022085237067,0.7220386712373352,1788813952.1348228
6.453118824547015,2.214022085237067,0.7220386712373352,1788813952.2347243
6.453118824547014,2.214022085237067,0.7220386712373352,1788813952.3349888
6.453118824547014,2.214022085237067,0.7220386712373352,1788813952.4349365
6.453118824547014,2.214022085237067,0.7220386712373352,1788813952.5348108
6.453118824547014,2.214022085237067,0.7220386712373352,1788813952.6348858
6.453118824547014,2.214022085237067,0.7220386712373352,1788813952.7356575
6.453118824547015,2.214022085237067,0.7220386712373352,1788813952.8350244
6.453106600981424,2.2140113199346363,0.7220475844304678,1788813952.935144
6.452155324680758,2.2131725060016683,0.7233301917084225,1788813953.035008
6.449150196348892,2.2105049984721346,0.7285645827268512,1788813953.134854
6.442873923844872,2.2048421455298124,0.7393543337903398,1788813953.2350671
6.43447970153278,2.1970739002160142,0.7540164274547413,1788813953.335024
6.429954017326038,2.1927898174811604,0.7645585174385456,1788813953.4349692
6.429954017326039,2.1927898174811604,0.7701712029090937,1788813953.5349948
6.429954017326039,2.1927898174811604,0.7729115040461115,1788813953.63483
6.429954017326038,2.1927898174811604,0.7732948430201778,1788813953.7351594
6.429954017326039,2.1927898174811604,0.7724141848923332,1788813953.834929
6.42995401732604,2.1927898174811613,0.7718440067352783,1788813953.9349997
6.42995401732604,2.1927898174811613,0.7774278182324349,1788813954.0349529
6.429954017326039,2.1927898174811613,0.7981660573905953,1788813954.1349545
6.429954017326038,2.1927898174811604,0.828967006712753,1788813954.2349386
6.42995401732604,2.1927898174811613,0.8625058337615634,1788813954.334917
6.429954017326038,2.1927898174811604,0.8987643254377906,1788813954.4348972
6.429954017326039,2.1927898174811604,0.9414454380079271,1788813954.535194
6.42995401732604,2.1927898174811613,0.9922587792767789,1788813954.6350703
6.42995401732604,2.1927898174811613,1.0461900934924844,1788813954.7349586
6.429954017326039,2.1927898174811604,1.1003094250001801,1788813954.8350525
6.429954017326039,2.1927898174811604,1.1537978133655873,1788813954.9350615
6.429954017326039,2.1927898174811604,1.2070146168738058,1788813955.0350626
6.429954017326039,2.1927898174811604,1.2624770421299127,1788813955.1350198
6.429954017326039,2.1927898174811613,1.319914101078861,1788813955.234815
6.42995401732604,2.1927898174811613,1.378158496728821,1788813955.334926
6.429954017326039,2.1927898174811604,1.4396608676902531,1788813955.4349208
6.42995401732604,2.1927898174811613,1.504713550477049,1788813955.5351558
6.42995401732604,2.1927898174811613,1.5666168535517233,1788813955.6349328
6.429954017326039,2.1927898174811604,1.6194041349033723,1788813955.735097
6.429954017326039,2.1927898174811604,1.666898934659788,1788813955.8349538
6.42995401732604,2.1927898174811613,1.7155079340695816,1788813955.934861
6.429954017326039,2.1927898174811604,1.7657721357545082,1788813956.0348973
6.429954017326039,2.1927898174811604,1.8171567763500587,1788813956.1349628
6.429954017326039,2.1927898174811604,1.8660926010580878,1788813956.235025
6.429954017326039,2.1927898174811604,1.9104325727284013,1788813956.3348887
6.42995401732604,2.1927898174811613,1.9517813995792366,1788813956.4350038
6.429954017326038,2.1927898174811604,1.990356902793288,1788813956.5351264
6.429947824214617,2.1928030360961186,2.008945083099227,1788813956.6350262
6.429919314071979,2.1928639017519993,2.008769323520036,1788813956.7350512
6.42981225502536,2.193092664519578,2.0082792924353146,1788813956.8348744
6.429747120249533,2.1932319641940268,2.0081007049244977,1788813956.9350905
6.429738038396087,2.1932513910209694,2.0080870535082007,1788813957.0348525
6.429585342859758,2.1935778472218326,2.008469932169631,1788813957.1349392
6.428114236269153,2.1967191014639704,2.00878926715444,1788813957.2349544
6.425848028871658,2.2015648946338358,2.007437012118429,1788813957.3351772
6.423235948451444,2.207177711451064,2.005314121277512,1788813957.4350398
6.419909361565495,2.2143691128143077,2.0028586860799247,1788813957.5348291
6.414065566966491,2.227093245031085,2.0000898834415586,1788813957.6349432
6.405098266703362,2.24675331462414,1.9977664310311813,1788813957.7348845
6.39289779053676,2.273609136003283,1.997088742124023,1788813957.8349724
6.379677990771576,2.302682994123474,1.9979528065935508,1788813957.935077
6.367765890842348,2.3289432103083687,1.9945803435581182,1788813958.0350435
6.29128920202809,2.360763702794561,2.046863314519745,1788813958.1351843
6.281104290185341,2.380733011277361,2.036877668975014,1788813958.2350242
6.271460225731406,2.4002940553858925,2.0199767161494937,1788813958.3349476
6.2621698539369115,2.4201039670563307,1.9979945630170837,1788813958.4349186
6.253617784803429,2.4395137365057376,1.973202875189138,1788813958.5349581
6.246195521341272,2.457563615243323,1.9479853541426941,1788813958.6349206
6.241234292258616,2.470458488624369,1.9279154588094236,1788813958.7351427
6.23964930725301,2.47474522965738,1.9208907155078112,1788813958.8348563
6.239649307253008,2.47474522965738,1.9195236880218745,1788813958.9350905
6.239649307253009,2.47474522965738,1.9169504156985955,1788813959.0349457
6.239649307253009,2.47474522965738,1.9176200351155344,1788813959.1352537
6.239649307253009,2.47474522965738,1.9184622907447886,1788813959.2350693
6.239649307253009,2.47474522965738,1.9201947192321658,1788813959.3351367
6.239649307253009,2.47474522965738,1.9172413092947382,1788813959.4350114
6.23964930725301,2.47474522965738,1.89761315660659,1788813959.5349019
6.239649307253008,2.47474522965738,1.8642266797816662,1788813959.6349647
6.239649307253009,2.47474522965738,1.8263049704573167,1788813959.7349703
6.239649307253009,2.47474522965738,1.789584301649345,1788813959.8350003
6.239649307253009,2.47474522965738,1.7507482394179388,1788813959.9348962
6.239649307253009,2.47474522965738,1.706037136132772,1788813960.0348322
6.239649307253009,2.47474522965738,1.6582575529667531,1788813960.1351357
6.239649307253009,2.47474522965738,1.6103836363028794,1788813960.2348185
6.239649307253009,2.47474522965738,1.5622597874611808,1788813960.334832
6.239649307253008,2.47474522965738,1.51342648053621,1788813960.4348428
6.239649307253009,2.47474522965738,1.4646080784366104,1788813960.5349298
6.239649307253009,2.47474522965738,1.4163371383596541,1788813960.6350098
6.239649307253009,2.47474522965738,1.3687683453721498,1788813960.735104
6.239637088561825,2.4746921183082633,1.3446405386885452,1788813960.834836
6.239544423720627,2.474288393455875,1.345733480717096,1788813960.9350858
6.239578891482091,2.4744388381935676,1.3454633015148216,1788813961.0349803
6.23958530139377,2.4744668105007857,1.3454033383286061,1788813961.1349525
6.239594213182313,2.4745056763673676,1.345389964666615,1788813961.2352014
6.239594213182314,2.4745056763673676,1.345389964666615,1788813961.3350387
6.239594213182315,2.4745056763673685,1.345389964666615,1788813961.4351134
6.239594213182313,2.4745056763673676,1.345389964666615,1788813961.5350084
6.239594213182314,2.4745056763673676,1.345389964666615,1788813961.6349113
6.239594213182313,2.4745056763673676,1.345389964666615,1788813961.735117
6.239594213182314,2.4745056763673676,1.345389964666615,1788813961.8350427
6.239594213182313,2.4745056763673676,1.345389964666615,1788813961.935152
6.239594213182315,2.4745056763673685,1.345389964666615,1788813962.0348995
6.239594213182313,2.4745056763673676,1.345389964666615,1788813962.1350129
6.239594213182314,2.4745056763673676,1.345389964666615,1788813962.2350354
6.239594213182314,2.4745056763673676,1.345389964666615,1788813962.3349159
6.239594213182313,2.4745056763673676,1.345389964666615,1788813962.43505
6.239594213182313,2.4745056763673676,1.345389964666615,1788813962.5349226
6.239594213182315,2.4745056763673685,1.345389964666615,1788813962.63494
6.239594213182313,2.4745056763673676,1.345389964666615,1788813962.7351701
6.239594213182314,2.4745056763673676,1.345389964666615,1788813962.8348913
6.239594213182315,2.4745056763673685,1.345389964666615,1788813962.935005
6.239594213182315,2.4745056763673685,1.345389964666615,1788813963.034795
6.239594213182314,2.4745056763673676,1.345389964666615,1788813963.135178
6.239594213182315,2.4745056763673685,1.345389964666615,1788813963.234938
6.239594213182313,2.4745056763673676,1.345389964666615,1788813963.3349836
6.239594213182313,2.4745056763673676,1.345389964666615,1788813963.4349525
6.239594213182315,2.4745056763673685,1.345389964666615,1788813963.5349312
6.239594213182314,2.4745056763673676,1.345389964666615,1788813963.6350152
6.239594213182314,2.4745056763673676,1.345389964666615,1788813963.7349584
6.239594213182315,2.4745056763673685,1.345389964666615,1788813963.8350294
6.239594213182314,2.4745056763673676,1.345389964666615,1788813963.9351234
6.239594213182314,2.4745056763673676,1.345389964666615,1788813964.034945
6.239594213182314,2.4745056763673676,1.345389964666615,1788813964.1350548
6.239594213182314,2.4745056763673676,1.345389964666615,1788813964.234925
6.239594213182315,2.4745056763673685,1.345389964666615,1788813964.3350935
6.239594213182315,2.4745056763673685,1.345389964666615,1788813964.4349027
6.239594213182313,2.4745056763673676,1.345389964666615,1788813964.5352168
6.239594213182313,2.4745056763673676,1.345389964666615,1788813964.6350684
6.239594213182314,2.4745056763673676,1.345389964666615,1788813964.7350829
6.239594213182314,2.4745056763673676,1.345389964666615,1788813964.8348823
6.239594213182314,2.4745056763673676,1.345389964666615,1788813964.9348693
6.239594213182314,2.4745056763673676,1.345389964666615,1788813965.034873
6.239594213182313,2.4745056763673676,1.345389964666615,1788813965.1350105
6.239594213182315,2.4745056763673685,1.345389964666615,1788813965.2349696
6.239594213182313,2.4745056763673676,1.345389964666615,1788813965.3348894
6.239594213182314,2.4745056763673676,1.345389964666615,1788813965.4350994
6.239594213182315,2.4745056763673685,1.345389964666615,1788813965.5350187
6.239594213182314,2.4745056763673667,1.345389964666615,1788813965.63487
6.239594213182314,2.4745056763673676,1.345389964666615,1788813965.7350788
6.239594213182314,2.4745056763673676,1.345389964666615,1788813965.834896
6.239594213182314,2.4745056763673676,1.345389964666615,1788813965.9350142
6.239594213182315,2.4745056763673685,1.345389964666615,1788813966.034938
6.239594213182314,2.4745056763673676,1.345389964666615,1788813966.1348677
6.239594213182315,2.4745056763673685,1.345389964666615,1788813966.2350407
6.239594213182315,2.4745056763673685,1.345389964666615,1788813966.3349288
6.239594213182314,2.4745056763673667,1.345389964666615,1788813966.4350803
6.239594213182313,2.4745056763673676,1.345389964666615,1788813966.5350008
6.239594213182314,2.4745056763673676,1.345389964666615,1788813966.634828
6.239594213182313,2.4745056763673676,1.345389964666615,1788813966.7349873
6.239594213182313,2.4745056763673676,1.345389964666615,1788813966.8350568
6.239594213182314,2.4745056763673676,1.345389964666615,1788813966.9349215
6.239594213182315,2.4745056763673685,1.345389964666615,1788813967.0349488
6.239594213182315,2.4745056763673685,1.345389964666615,1788813967.1349807
6.239594213182313,2.4745056763673676,1.345389964666615,1788813967.2348762
6.239594213182314,2.4745056763673676,1.345389964666615,1788813967.3348472
6.239594213182314,2.4745056763673676,1.345389964666615,1788813967.4349346
6.239594213182314,2.4745056763673676,1.345389964666615,1788813967.5350401
6.239594213182314,2.4745056763673676,1.345389964666615,1788813967.6351435
6.239594213182314,2.4745056763673676,1.345389964666615,1788813967.7348695
6.239594213182315,2.4745056763673685,1.345389964666615,1788813967.835028
6.239594213182315,2.4745056763673685,1.345389964666615,1788813967.934959
6.239594213182313,2.4745056763673667,1.345389964666615,1788813968.0348508
6.239594213182313,2.4745056763673667,1.345389964666615,1788813968.1350381
6.239594213182314,2.4745056763673676,1.345389964666615,1788813968.2348938
6.239594213182314,2.4745056763673667,1.345389964666615,1788813968.3351407
6.239594213182315,2.4745056763673685,1.345389964666615,1788813968.4349415
6.239594213182314,2.4745056763673676,1.345389964666615,1788813968.5351317
6.239594213182315,2.4745056763673685,1.345389964666615,1788813968.634854
6.239594213182313,2.4745056763673676,1.345389964666615,1788813968.7351458
6.239594213182313,2.4745056763673667,1.345389964666615,1788813968.834949
6.239594213182315,2.4745056763673685,1.345389964666615,1788813968.9350133
6.239594213182314,2.4745056763673676,1.345389964666615,1788813969.0348604
6.239594213182313,2.4745056763673676,1.345389964666615,1788813969.1349885
6.239594213182314,2.4745056763673676,1.345389964666615,1788813969.2348356
6.239594213182314,2.4745056763673676,1.345389964666615,1788813969.3349733
6.239594213182315,2.4745056763673685,1.345389964666615,1788813969.434843
6.239594213182315,2.4745056763673685,1.345389964666615,1788813969.5349462
6.239594213182313,2.4745056763673676,1.345389964666615,1788813969.635153
6.239594213182315,2.4745056763673685,1.345389964666615,1788813969.7350695
6.239594213182315,2.4745056763673685,1.345389964666615,1788813969.834975
6.239594213182314,2.4745056763673676,1.345389964666615,1788813969.9350138
6.239594213182314,2.4745056763673667,1.345389964666615,1788813970.0347989
6.239594213182315,2.4745056763673685,1.345389964666615,1788813970.1349602
6.239594213182315,2.4745056763673685,1.345389964666615,1788813970.234947
6.239594213182315,2.4745056763673685,1.345389964666615,1788813970.3348632
6.239594213182314,2.4745056763673676,1.345389964666615,1788813970.4349124
6.239594213182314,2.4745056763673676,1.345389964666615,1788813970.5350604
6.239594213182314,2.4745056763673676,1.345389964666615,1788813970.6349988
6.239594213182314,2.4745056763673667,1.345389964666615,1788813970.7349615
6.239594213182313,2.4745056763673676,1.345389964666615,1788813970.8349361
6.239594213182314,2.4745056763673676,1.345389964666615,1788813970.9350543
6.239594213182313,2.4745056763673676,1.345389964666615,1788813971.0350301
6.239594213182315,2.4745056763673685,1.345389964666615,1788813971.135028
6.239594213182313,2.4745056763673667,1.345389964666615,1788813971.234918
6.239594213182314,2.4745056763673667,1.345389964666615,1788813971.334985
6.239594213182313,2.4745056763673676,1.345389964666615,1788813971.4350822
6.239594213182313,2.4745056763673676,1.345389964666615,1788813971.5352578
6.239594213182313,2.4745056763673676,1.345389964666615,1788813971.6349163
6.239594213182314,2.4745056763673676,1.345389964666615,1788813971.7351894
6.239594213182313,2.4745056763673676,1.345389964666615,1788813971.8349006
6.239594213182313,2.4745056763673676,1.345389964666615,1788813971.9350438
6.239594213182314,2.4745056763673685,1.345389964666615,1788813972.0349255
6.239594213182314,2.4745056763673676,1.345389964666615,1788813972.1350038
6.239594213182313,2.4745056763673676,1.345389964666615,1788813972.2349324
6.239594213182315,2.4745056763673685,1.345389964666615,1788813972.3349795
6.239594213182314,2.4745056763673676,1.345389964666615,1788813972.4350367
6.239594213182314,2.4745056763673676,1.345389964666615,1788813972.534977
6.239594213182313,2.4745056763673676,1.345389964666615,1788813972.634838
6.239594213182313,2.4745056763673667,1.345389964666615,1788813972.7349558
6.239594213182315,2.4745056763673685,1.345389964666615,1788813972.8348863
6.239594213182315,2.4745056763673685,1.345389964666615,1788813972.934994
6.239594213182314,2.4745056763673676,1.345389964666615,1788813973.0349147
6.239594213182314,2.4745056763673676,1.345389964666615,1788813973.1349769
6.239594213182314,2.4745056763673676,1.345389964666615,1788813973.234956
6.239594213182315,2.4745056763673685,1.345389964666615,1788813973.3348558
6.239594213182314,2.4745056763673676,1.345389964666615,1788813973.4350731
6.239594213182313,2.4745056763673676,1.345389964666615,1788813973.5350301
6.239594213182314,2.4745056763673676,1.345389964666615,1788813973.634847
6.239594213182314,2.4745056763673676,1.345389964666615,1788813973.734888
6.239594213182314,2.4745056763673676,1.345389964666615,1788813973.834958
6.239594213182314,2.4745056763673676,1.345389964666615,1788813973.9350545
6.239594213182313,2.4745056763673676,1.345389964666615,1788813974.034941
6.239594213182314,2.4745056763673676,1.345389964666615,1788813974.1349485
6.239594213182313,2.4745056763673676,1.345389964666615,1788813974.2349396
6.239594213182314,2.4745056763673676,1.345389964666615,1788813974.3350198
6.239594213182315,2.4745056763673685,1.345389964666615,1788813974.4348729
6.239594213182314,2.4745056763673676,1.345389964666615,1788813974.5351012
6.239594213182315,2.4745056763673685,1.345389964666615,1788813974.634971
6.239594213182315,2.4745056763673685,1.345389964666615,1788813974.7350047
6.239594213182315,2.4745056763673685,1.345389964666615,1788813974.8349123
6.239594213182314,2.4745056763673676,1.345389964666615,1788813974.9349878
6.239594213182315,2.4745056763673685,1.345389964666615,1788813975.0349612
6.239594213182315,2.4745056763673685,1.345389964666615,1788813975.1349998
6.239594213182313,2.4745056763673667,1.345389964666615,1788813975.2350101
6.239594213182314,2.4745056763673676,1.345389964666615,1788813975.3350205
6.239594213182313,2.4745056763673676,1.345389964666615,1788813975.4349716
6.239594213182314,2.4745056763673676,1.345389964666615,1788813975.5348408
6.239594213182314,2.4745056763673676,1.345389964666615,1788813975.6349964
6.239594213182313,2.4745056763673667,1.345389964666615,1788813975.7349856
6.239594213182314,2.4745056763673676,1.345389964666615,1788813975.8351011
6.239594213182314,2.4745056763673676,1.345389964666615,1788813975.9351594
6.239594213182314,2.4745056763673676,1.345389964666615,1788813976.034911
6.239594213182314,2.4745056763673676,1.345389964666615,1788813976.1350377
6.239594213182314,2.4745056763673676,1.345389964666615,1788813976.235036
6.239594213182313,2.4745056763673676,1.345389964666615,1788813976.3351316
6.239594213182313,2.4745056763673676,1.345389964666615,1788813976.4349833
6.239594213182314,2.4745056763673676,1.345389964666615,1788813976.535019
6.239594213182314,2.4745056763673676,1.345389964666615,1788813976.6349509
6.239594213182315,2.4745056763673685,1.345389964666615,1788813976.7349963
6.239594213182315,2.4745056763673685,1.345389964666615,1788813976.8351321
6.239594213182315,2.4745056763673685,1.345389964666615,1788813976.9349988
6.239594213182314,2.4745056763673676,1.345389964666615,1788813977.0348554
6.239594213182314,2.4745056763673685,1.345389964666615,1788813977.1349838
6.239594213182315,2.4745056763673685,1.345389964666615,1788813977.2349257
6.239594213182313,2.4745056763673676,1.345389964666615,1788813977.3349907
6.239594213182314,2.4745056763673676,1.345389964666615,1788813977.434931
6.239594213182314,2.4745056763673676,1.345389964666615,1788813977.5352693
6.239594213182314,2.4745056763673676,1.345389964666615,1788813977.6349587
6.239594213182313,2.4745056763673676,1.345389964666615,1788813977.7350476
6.239594213182313,2.4745056763673676,1.345389964666615,1788813977.834902
6.239594213182314,2.4745056763673676,1.345389964666615,1788813977.9350567
6.239594213182313,2.4745056763673667,1.345389964666615,1788813978.0348935
6.239594213182313,2.4745056763673676,1.345389964666615,1788813978.13487
6.239594213182314,2.4745056763673676,1.345389964666615,1788813978.234898
6.239594213182313,2.4745056763673676,1.345389964666615,1788813978.335191
6.239594213182314,2.4745056763673676,1.345389964666615,1788813978.434983
6.239594213182314,2.4745056763673676,1.345389964666615,1788813978.5350015
6.239594213182314,2.4745056763673676,1.345389964666615,1788813978.6350079
6.239594213182315,2.4745056763673685,1.345389964666615,1788813978.7349102
6.239594213182315,2.4745056763673685,1.345389964666615,1788813978.8349707
6.239594213182314,2.4745056763673676,1.345389964666615,1788813978.934935
6.239594213182315,2.4745056763673685,1.345389964666615,1788813979.0349748
6.239594213182313,2.4745056763673676,1.345389964666615,1788813979.1351357
6.239594213182315,2.4745056763673685,1.345389964666615,1788813979.2349997
6.239594213182314,2.4745056763673676,1.345389964666615,1788813979.3349104
6.239594213182314,2.4745056763673676,1.345389964666615,1788813979.4348328
6.239594213182314,2.4745056763673676,1.345389964666615,1788813979.5352306
6.239594213182313,2.4745056763673676,1.345389964666615,1788813979.634852
6.239594213182314,2.4745056763673676,1.345389964666615,1788813979.735019
6.239594213182315,2.4745056763673685,1.345389964666615,1788813979.8348463
6.239594213182314,2.4745056763673676,1.345389964666615,1788813979.9351065
6.239594213182314,2.4745056763673676,1.345389964666615,1788813980.0349936
6.239594213182314,2.4745056763673676,1.345389964666615,1788813980.13508
6.239594213182314,2.4745056763673667,1.345389964666615,1788813980.234899
6.239594213182314,2.4745056763673676,1.345389964666615,1788813980.334912
6.239594213182315,2.4745056763673685,1.345389964666615,1788813980.4351342
6.239594213182314,2.4745056763673676,1.345389964666615,1788813980.534998
6.239594213182314,2.4745056763673676,1.345389964666615,1788813980.6349454
6.239594213182313,2.4745056763673676,1.345389964666615,1788813980.7349083
6.239594213182314,2.4745056763673676,1.345389964666615,1788813980.834955
6.239594213182314,2.4745056763673685,1.345389964666615,1788813980.9350147
6.239594213182314,2.4745056763673676,1.345389964666615,1788813981.0350657
6.239594213182314,2.4745056763673676,1.345389964666615,1788813981.13494
6.239594213182314,2.4745056763673676,1.345389964666615,1788813981.234957
6.239594213182315,2.4745056763673685,1.345389964666615,1788813981.335124
6.239594213182314,2.4745056763673676,1.345389964666615,1788813981.4348357
6.239594213182313,2.4745056763673676,1.345389964666615,1788813981.534846
6.239594213182315,2.4745056763673685,1.345389964666615,1788813981.635147
6.239594213182315,2.4745056763673685,1.345389964666615,1788813981.7350528
6.239594213182314,2.4745056763673676,1.345389964666615,1788813981.8350818
6.239594213182314,2.4745056763673676,1.345389964666615,1788813981.9350367
6.239594213182314,2.4745056763673667,1.345389964666615,1788813982.0348873
6.239594213182314,2.4745056763673676,1.345389964666615,1788813982.1350126
6.239594213182314,2.4745056763673676,1.345389964666615,1788813982.234973
6.239594213182313,2.4745056763673667,1.345389964666615,1788813982.3348875
6.239594213182313,2.4745056763673667,1.345389964666615,1788813982.4350688
6.239594213182313,2.4745056763673667,1.345389964666615,1788813982.5353062
6.239594213182313,2.4745056763673676,1.345389964666615,1788813982.6349905
6.239594213182314,2.4745056763673676,1.345389964666615,1788813982.7350001
6.239594213182314,2.4745056763673676,1.345389964666615,1788813982.8348188
6.239594213182315,2.4745056763673685,1.345389964666615,1788813982.9350636
6.239594213182313,2.4745056763673676,1.345389964666615,1788813983.0347853
6.239594213182315,2.4745056763673685,1.345389964666615,1788813983.1351728
6.239594213182315,2.4745056763673685,1.345389964666615,1788813983.234889
6.239594213182313,2.4745056763673676,1.345389964666615,1788813983.3351605
6.239594213182314,2.4745056763673676,1.345389964666615,1788813983.4350965
6.239594213182315,2.4745056763673685,1.345389964666615,1788813983.5351398
6.239594213182314,2.4745056763673676,1.345389964666615,1788813983.6350167
6.239594213182314,2.4745056763673676,1.345389964666615,1788813983.7351038
6.239594213182313,2.4745056763673667,1.345389964666615,1788813983.8349476
6.239594213182315,2.4745056763673685,1.345389964666615,1788813983.9351304
6.239594213182313,2.4745056763673667,1.345389964666615,1788813984.034841
6.239594213182313,2.4745056763673667,1.345389964666615,1788813984.1349335
6.239594213182315,2.4745056763673685,1.345389964666615,1788813984.2350006
6.239594213182314,2.4745056763673676,1.345389964666615,1788813984.334972
6.239594213182315,2.4745056763673685,1.345389964666615,1788813984.4349644
6.239594213182315,2.4745056763673685,1.345389964666615,1788813984.5349958
6.239594213182314,2.4745056763673676,1.345389964666615,1788813984.6350555
6.239594213182313,2.4745056763673676,1.345389964666615,1788813984.7349873
6.239594213182313,2.4745056763673667,1.345389964666615,1788813984.8348815
6.239594213182313,2.4745056763673676,1.345389964666615,1788813984.9351716
6.239594213182314,2.4745056763673676,1.345389964666615,1788813985.0349164
6.239594213182313,2.4745056763673676,1.345389964666615,1788813985.1351688
6.239594213182315,2.4745056763673685,1.345389964666615,1788813985.234964
6.239594213182314,2.4745056763673676,1.345389964666615,1788813985.3350582
6.239594213182313,2.4745056763673667,1.345389964666615,1788813985.4348326
6.239594213182313,2.4745056763673667,1.345389964666615,1788813985.5349553
6.239594213182313,2.4745056763673667,1.345389964666615,1788813985.6349187
6.239594213182314,2.4745056763673676,1.345389964666615,1788813985.7350795
6.239594213182314,2.4745056763673676,1.345389964666615,1788813985.8349168
6.239594213182314,2.4745056763673676,1.345389964666615,1788813985.935173
6.239594213182314,2.4745056763673676,1.345389964666615,1788813986.0349
6.239594213182314,2.4745056763673676,1.345389964666615,1788813986.1350746
6.239594213182314,2.4745056763673676,1.345389964666615,1788813986.2350566
6.239594213182313,2.4745056763673676,1.345389964666615,1788813986.3349645
6.239594213182315,2.4745056763673685,1.345389964666615,1788813986.4348671
6.239594213182313,2.4745056763673676,1.345389964666615,1788813986.5350242
6.239594213182315,2.4745056763673685,1.345389964666615,1788813986.6348295
6.239594213182314,2.4745056763673676,1.345389964666615,1788813986.7349384
6.239594213182313,2.4745056763673676,1.345389964666615,1788813986.8348744
6.239594213182314,2.4745056763673676,1.345389964666615,1788813986.9349067
6.239594213182314,2.4745056763673676,1.345389964666615,1788813987.0349112
6.239594213182313,2.4745056763673667,1.345389964666615,1788813987.1351016
6.239594213182315,2.4745056763673685,1.345389964666615,1788813987.235019
6.239594213182313,2.4745056763673676,1.345389964666615,1788813987.3348503
6.239594213182314,2.4745056763673676,1.345389964666615,1788813987.4348676
6.239594213182315,2.4745056763673685,1.345389964666615,1788813987.5352418
6.239594213182314,2.4745056763673676,1.345389964666615,1788813987.63485
6.239594213182314,2.4745056763673676,1.345389964666615,1788813987.7349243
6.239594213182314,2.4745056763673676,1.345389964666615,1788813987.8348467
6.239594213182314,2.4745056763673667,1.345389964666615,1788813987.9350061
6.239594213182314,2.4745056763673676,1.345389964666615,1788813988.0349426
6.239594213182314,2.4745056763673676,1.345389964666615,1788813988.1350238
6.239594213182314,2.4745056763673676,1.345389964666615,1788813988.2349901
6.239594213182314,2.4745056763673676,1.345389964666615,1788813988.3350656
6.239594213182314,2.4745056763673667,1.345389964666615,1788813988.434908
6.239594213182314,2.4745056763673676,1.345389964666615,1788813988.534936
6.239594213182314,2.4745056763673676,1.345389964666615,1788813988.6348538
6.239594213182314,2.4745056763673676,1.345389964666615,1788813988.7349136
6.239594213182314,2.4745056763673685,1.345389964666615,1788813988.834874
6.239594213182315,2.4745056763673685,1.345389964666615,1788813988.9351485
6.239594213182314,2.4745056763673676,1.345389964666615,1788813989.0351043
6.239594213182314,2.4745056763673676,1.345389964666615,1788813989.134922
6.239594213182315,2.4745056763673685,1.345389964666615,1788813989.2349827
6.239594213182313,2.4745056763673667,1.345389964666615,1788813989.3349004
6.239594213182313,2.4745056763673676,1.345389964666615,1788813989.434881
6.239594213182315,2.4745056763673685,1.345389964666615,1788813989.5349555
6.239594213182314,2.4745056763673667,1.345389964666615,1788813989.6348603
6.239594213182314,2.4745056763673685,1.345389964666615,1788813989.7349806
6.239594213182313,2.4745056763673676,1.345389964666615,1788813989.8349488
6.239594213182313,2.4745056763673676,1.345389964666615,1788813989.9349742
6.239594213182313,2.4745056763673676,1.345389964666615,1788813990.0348716
6.239594213182313,2.4745056763673667,1.345389964666615,1788813990.1353316
6.239594213182315,2.4745056763673685,1.345389964666615,1788813990.2348723
6.239594213182315,2.4745056763673685,1.345389964666615,1788813990.3348532
6.239594213182315,2.4745056763673685,1.345389964666615,1788813990.4348953
6.239594213182313,2.4745056763673667,1.345389964666615,1788813990.535129
6.239594213182313,2.4745056763673676,1.345389964666615,1788813990.6350036
6.239594213182313,2.4745056763673667,1.345389964666615,1788813990.7349586
6.239594213182314,2.4745056763673667,1.345389964666615,1788813990.834817
6.239594213182315,2.4745056763673685,1.345389964666615,1788813990.9350908
6.239594213182314,2.4745056763673676,1.345389964666615,1788813991.0349889
6.239594213182315,2.4745056763673685,1.345389964666615,1788813991.134963
6.239594213182313,2.4745056763673676,1.345389964666615,1788813991.2349107
6.239594213182313,2.4745056763673676,1.345389964666615,1788813991.3349485
6.239594213182315,2.4745056763673685,1.345389964666615,1788813991.4350147
6.239594213182315,2.4745056763673685,1.345389964666615,1788813991.5350337
6.239594213182315,2.4745056763673685,1.345389964666615,1788813991.635057
6.239594213182315,2.4745056763673685,1.345389964666615,1788813991.7349787
6.239594213182313,2.4745056763673676,1.345389964666615,1788813991.834947
6.239594213182315,2.4745056763673685,1.345389964666615,1788813991.9350796
6.239594213182315,2.4745056763673685,1.345389964666615,1788813992.0350041
6.239594213182315,2.4745056763673685,1.345389964666615,1788813992.1350243
6.239594213182314,2.4745056763673676,1.345389964666615,1788813992.23507
6.239594213182313,2.4745056763673676,1.345389964666615,1788813992.3351789
6.239594213182314,2.4745056763673676,1.345389964666615,1788813992.435151
6.239594213182313,2.4745056763673676,1.345389964666615,1788813992.5348978
6.239594213182315,2.4745056763673685,1.345389964666615,1788813992.6350029
6.239594213182314,2.4745056763673676,1.345389964666615,1788813992.735078
6.239594213182313,2.4745056763673676,1.345389964666615,1788813992.8351154
6.239594213182315,2.4745056763673685,1.345389964666615,1788813992.9349725
6.239594213182315,2.4745056763673685,1.345389964666615,1788813993.0349104
6.239594213182313,2.4745056763673667,1.345389964666615,1788813993.1350393
6.239594213182314,2.4745056763673676,1.345389964666615,1788813993.2350552
6.239594213182314,2.4745056763673676,1.345389964666615,1788813993.3349135
6.239594213182313,2.4745056763673676,1.345389964666615,1788813993.434967
6.239594213182313,2.4745056763673676,1.345389964666615,1788813993.5350013
6.239594213182313,2.4745056763673676,1.345389964666615,1788813993.6348467
6.239594213182313,2.4745056763673676,1.345389964666615,1788813993.7349522
6.239594213182315,2.4745056763673685,1.345389964666615,1788813993.8348596
6.239594213182313,2.4745056763673676,1.345389964666615,1788813993.9348736
6.239594213182314,2.4745056763673676,1.345389964666615,1788813994.034994
6.239594213182313,2.4745056763673676,1.345389964666615,1788813994.1350243
6.239594213182313,2.4745056763673676,1.345389964666615,1788813994.2349575
6.239594213182314,2.4745056763673676,1.345389964666615,1788813994.3350356
6.239594213182314,2.4745056763673676,1.345389964666615,1788813994.4350529
6.239594213182313,2.4745056763673676,1.345389964666615,1788813994.5350566
6.239594213182314,2.4745056763673676,1.345389964666615,1788813994.634844
6.239594213182314,2.4745056763673676,1.345389964666615,1788813994.7350368
6.239594213182313,2.4745056763673676,1.345389964666615,1788813994.8351364
6.239594213182314,2.4745056763673676,1.345389964666615,1788813994.9348733
6.239594213182314,2.4745056763673676,1.345389964666615,1788813995.034845
6.239594213182314,2.4745056763673676,1.345389964666615,1788813995.1349387
6.239594213182313,2.4745056763673676,1.345389964666615,1788813995.23483
6.239594213182314,2.4745056763673676,1.345389964666615,1788813995.3349352
6.239594213182314,2.4745056763673676,1.345389964666615,1788813995.4348204
6.239594213182314,2.4745056763673676,1.345389964666615,1788813995.5351198
6.239594213182315,2.4745056763673685,1.345389964666615,1788813995.6348743
6.239594213182313,2.4745056763673667,1.345389964666615,1788813995.7350144
6.239594213182313,2.4745056763673676,1.345389964666615,1788813995.8347871
6.239594213182314,2.4745056763673685,1.345389964666615,1788813995.934976
6.239594213182313,2.4745056763673667,1.345389964666615,1788813996.0348303
6.239594213182314,2.4745056763673676,1.345389964666615,1788813996.1350377
6.239594213182315,2.4745056763673685,1.345389964666615,1788813996.2348456
6.239594213182313,2.4745056763673676,1.345389964666615,1788813996.3352995
6.239594213182315,2.4745056763673685,1.345389964666615,1788813996.435049
6.239594213182315,2.4745056763673685,1.345389964666615,1788813996.5348473
6.239594213182314,2.4745056763673676,1.345389964666615,1788813996.634924
6.239594213182314,2.4745056763673676,1.345389964666615,1788813996.735079
6.239594213182313,2.4745056763673676,1.345389964666615,1788813996.8348553
6.239594213182314,2.4745056763673676,1.345389964666615,1788813996.9349906
6.239594213182313,2.4745056763673676,1.345389964666615,1788813997.034859
6.239594213182313,2.4745056763673676,1.345389964666615,1788813997.1352198
6.239594213182315,2.4745056763673685,1.345389964666615,1788813997.2348213
6.239594213182314,2.4745056763673676,1.345389964666615,1788813997.334982
6.239594213182315,2.4745056763673685,1.345389964666615,1788813997.4348397
6.239594213182314,2.4745056763673676,1.345389964666615,1788813997.534958
6.239594213182314,2.4745056763673676,1.345389964666615,1788813997.634918
6.239594213182314,2.4745056763673685,1.345389964666615,1788813997.7351787
6.239594213182314,2.4745056763673676,1.345389964666615,1788813997.8348308
6.239594213182314,2.4745056763673685,1.345389964666615,1788813997.934837
6.239594213182313,2.4745056763673676,1.345389964666615,1788813998.0350645
6.239594213182315,2.4745056763673685,1.345389964666615,1788813998.1349337
6.239594213182315,2.4745056763673685,1.345389964666615,1788813998.23499
6.239594213182313,2.4745056763673676,1.345389964666615,1788813998.3349047
6.239594213182313,2.4745056763673676,1.345389964666615,1788813998.4348583
6.239594213182313,2.4745056763673676,1.345389964666615,1788813998.5349345
6.239594213182315,2.4745056763673685,1.345389964666615,1788813998.6349235
6.239594213182313,2.4745056763673676,1.345389964666615,1788813998.734901
6.239594213182314,2.4745056763673676,1.345389964666615,1788813998.834924
6.239594213182315,2.4745056763673685,1.345389964666615,1788813998.935006
6.239594213182314,2.4745056763673676,1.345389964666615,1788813999.0349243
6.239594213182314,2.4745056763673676,1.345389964666615,1788813999.135004
6.239594213182314,2.4745056763673676,1.345389964666615,1788813999.234941
6.239594213182313,2.4745056763673667,1.345389964666615,1788813999.335054
6.239594213182313,2.4745056763673667,1.345389964666615,1788813999.4348743
6.239594213182314,2.4745056763673676,1.345389964666615,1788813999.5351048
6.239594213182314,2.4745056763673676,1.345389964666615,1788813999.6348398
6.239594213182313,2.4745056763673676,1.345389964666615,1788813999.7349029
6.239594213182313,2.4745056763673676,1.345389964666615,1788813999.8351192
6.239594213182315,2.4745056763673685,1.345389964666615,1788813999.9350984
6.239594213182315,2.4745056763673685,1.345389964666615,1788814000.0349789
6.239594213182314,2.4745056763673676,1.345389964666615,1788814000.1350253
6.239594213182315,2.4745056763673685,1.345389964666615,1788814000.2350197
6.239594213182313,2.4745056763673676,1.345389964666615,1788814000.334927
6.239594213182315,2.4745056763673685,1.345389964666615,1788814000.434782
6.239594213182315,2.4745056763673685,1.345389964666615,1788814000.535115
6.239594213182314,2.4745056763673676,1.345389964666615,1788814000.6349878
6.239594213182313,2.4745056763673676,1.345389964666615,1788814000.7350774
6.239594213182314,2.4745056763673676,1.345389964666615,1788814000.834857
6.239594213182313,2.4745056763673676,1.345389964666615,1788814000.9350333
6.239594213182315,2.4745056763673685,1.345389964666615,1788814001.0349045
6.239594213182315,2.4745056763673685,1.345389964666615,1788814001.135017
6.239594213182314,2.4745056763673676,1.345389964666615,1788814001.2349162
6.239594213182313,2.4745056763673676,1.345389964666615,1788814001.3349247
6.239594213182313,2.4745056763673676,1.345389964666615,1788814001.434884
6.239594213182314,2.4745056763673676,1.345389964666615,1788814001.5349853
6.239594213182313,2.4745056763673667,1.345389964666615,1788814001.6349204
6.239594213182314,2.4745056763673667,1.345389964666615,1788814001.7351298
6.239594213182315,2.4745056763673685,1.345389964666615,1788814001.8350031
6.239594213182314,2.4745056763673676,1.345389964666615,1788814001.9348588
6.239594213182313,2.4745056763673676,1.345389964666615,1788814002.035011
6.239594213182314,2.4745056763673676,1.345389964666615,1788814002.1352105
6.239594213182315,2.4745056763673685,1.345389964666615,1788814002.2349536
6.239594213182314,2.4745056763673676,1.345389964666615,1788814002.33486
6.239594213182314,2.4745056763673676,1.345389964666615,1788814002.43494
6.239594213182315,2.4745056763673685,1.345389964666615,1788814002.5349476
6.239594213182314,2.4745056763673676,1.345389964666615,1788814002.6349704
6.239594213182315,2.4745056763673685,1.345389964666615,1788814002.7349048
6.239594213182315,2.4745056763673685,1.345389964666615,1788814002.8349724
6.239594213182315,2.4745056763673685,1.345389964666615,1788814002.9349716
6.239594213182314,2.4745056763673676,1.345389964666615,1788814003.0350986
6.239594213182314,2.4745056763673676,1.345389964666615,1788814003.1352932
6.239594213182313,2.4745056763673676,1.345389964666615,1788814003.2348142
6.239594213182315,2.4745056763673685,1.345389964666615,1788814003.3348305
6.239594213182315,2.4745056763673685,1.345389964666615,1788814003.434847
6.239594213182315,2.4745056763673685,1.345389964666615,1788814003.5348241
6.239594213182313,2.4745056763673676,1.345389964666615,1788814003.6348047
6.239594213182313,2.4745056763673676,1.345389964666615,1788814003.7350516
6.239594213182313,2.4745056763673676,1.345389964666615,1788814003.8348756
6.239594213182315,2.4745056763673685,1.345389964666615,1788814003.9348946
6.239594213182314,2.4745056763673676,1.345389964666615,1788814004.0349734
6.239594213182314,2.4745056763673685,1.345389964666615,1788814004.1348405
6.239594213182315,2.4745056763673685,1.345389964666615,1788814004.2348495
6.239594213182314,2.4745056763673676,1.345389964666615,1788814004.3350797
6.239594213182313,2.4745056763673676,1.345389964666615,1788814004.4349287
6.239594213182314,2.4745056763673676,1.345389964666615,1788814004.5349784
6.239594213182313,2.4745056763673676,1.345389964666615,1788814004.6348174
6.239594213182314,2.4745056763673676,1.345389964666615,1788814004.7352204
6.239594213182315,2.4745056763673685,1.345389964666615,1788814004.8348265
6.239594213182313,2.4745056763673676,1.345389964666615,1788814004.9352508
6.239594213182313,2.4745056763673676,1.345389964666615,1788814005.0350235
6.239594213182314,2.4745056763673676,1.345389964666615,1788814005.1352344
6.239594213182313,2.4745056763673676,1.345389964666615,1788814005.2348926
6.239594213182314,2.4745056763673667,1.345389964666615,1788814005.334962
6.239594213182315,2.4745056763673685,1.345389964666615,1788814005.4348652
6.239594213182315,2.4745056763673685,1.345389964666615,1788814005.5350964
6.239594213182315,2.4745056763673685,1.345389964666615,1788814005.6349237
6.239594213182315,2.4745056763673685,1.345389964666615,1788814005.7348936
6.239594213182315,2.4745056763673685,1.345389964666615,1788814005.83486
6.239594213182313,2.4745056763673667,1.345389964666615,1788814005.9349322
6.239594213182314,2.4745056763673676,1.345389964666615,1788814006.0351534
6.239594213182314,2.4745056763673676,1.345389964666615,1788814006.1350057
6.239594213182313,2.4745056763673676,1.345389964666615,1788814006.2349825
6.239594213182315,2.4745056763673685,1.345389964666615,1788814006.335063
6.239594213182313,2.4745056763673676,1.345389964666615,1788814006.4350197
6.239594213182314,2.4745056763673676,1.345389964666615,1788814006.5349593
6.239594213182313,2.4745056763673676,1.345389964666615,1788814006.6350904
6.239594213182315,2.4745056763673685,1.345389964666615,1788814006.7351613
6.239594213182315,2.4745056763673685,1.345389964666615,1788814006.8349123
6.239594213182314,2.4745056763673676,1.345389964666615,1788814006.9351523
6.239594213182314,2.4745056763673676,1.345389964666615,1788814007.0350666
6.239594213182315,2.4745056763673685,1.345389964666615,1788814007.1348522
6.239594213182314,2.4745056763673676,1.345389964666615,1788814007.2348619
6.239594213182313,2.4745056763673667,1.345389964666615,1788814007.3350472
6.239594213182314,2.4745056763673676,1.345389964666615,1788814007.4350352
6.239594213182313,2.4745056763673676,1.345389964666615,1788814007.5349946
6.239594213182314,2.4745056763673676,1.345389964666615,1788814007.635145
6.239594213182315,2.4745056763673685,1.345389964666615,1788814007.7351167
6.239594213182314,2.4745056763673676,1.345389964666615,1788814007.834858
6.239594213182315,2.4745056763673685,1.345389964666615,1788814007.9350023
6.239594213182315,2.4745056763673685,1.345389964666615,1788814008.0349517
6.239594213182314,2.4745056763673676,1.345389964666615,1788814008.1349041
6.239594213182314,2.4745056763673676,1.345389964666615,1788814008.2349617
6.239594213182313,2.4745056763673676,1.345389964666615,1788814008.3349504
6.239594213182313,2.4745056763673676,1.345389964666615,1788814008.4348624
6.239594213182314,2.4745056763673676,1.345389964666615,1788814008.5350513
6.239594213182313,2.4745056763673667,1.345389964666615,1788814008.6350749
6.239594213182313,2.4745056763673676,1.345389964666615,1788814008.7351813
6.239594213182315,2.4745056763673685,1.345389964666615,1788814008.8349154
6.239594213182313,2.4745056763673676,1.345389964666615,1788814008.9349437
6.239594213182314,2.4745056763673676,1.345389964666615,1788814009.0348628
6.239594213182315,2.4745056763673685,1.345389964666615,1788814009.1349022
6.239594213182315,2.4745056763673685,1.345389964666615,1788814009.2348433
6.239594213182313,2.4745056763673667,1.345389964666615,1788814009.3349152
6.239594213182313,2.4745056763673676,1.345389964666615,1788814009.4348197
6.239594213182314,2.4745056763673676,1.345389964666615,1788814009.5351317
6.239594213182314,2.4745056763673685,1.345389964666615,1788814009.634884
6.239594213182313,2.4745056763673676,1.345389964666615,1788814009.7349722
6.239594213182314,2.4745056763673676,1.345389964666615,1788814009.83497
6.239594213182313,2.4745056763673667,1.345389964666615,1788814009.934909
6.239594213182315,2.4745056763673685,1.345389964666615,1788814010.0349073
6.239594213182314,2.4745056763673676,1.345389964666615,1788814010.1348069
6.239594213182314,2.4745056763673676,1.345389964666615,1788814010.2348592
6.239594213182314,2.4745056763673676,1.345389964666615,1788814010.334834
6.239594213182315,2.4745056763673685,1.345389964666615,1788814010.4349053
6.239594213182314,2.4745056763673676,1.345389964666615,1788814010.5350416
6.239594213182315,2.4745056763673685,1.345389964666615,1788814010.6349876
6.239594213182314,2.4745056763673676,1.345389964666615,1788814010.7350183
6.239594213182314,2.4745056763673685,1.345389964666615,1788814010.835007
6.239594213182315,2.4745056763673685,1.345389964666615,1788814010.9350955
6.239594213182314,2.4745056763673676,1.345389964666615,1788814011.0349941
6.239594213182314,2.4745056763673676,1.345389964666615,1788814011.1350162
6.239594213182314,2.4745056763673676,1.345389964666615,1788814011.2351549
6.239594213182313,2.4745056763673676,1.345389964666615,1788814011.335086
6.239594213182315,2.4745056763673685,1.345389964666615,1788814011.4349253
6.239594213182314,2.4745056763673685,1.345389964666615,1788814011.5349767
6.239594213182315,2.4745056763673685,1.345389964666615,1788814011.6348748
6.239594213182314,2.4745056763673676,1.345389964666615,1788814011.734912
6.239594213182313,2.4745056763673676,1.345389964666615,1788814011.8350313
6.239594213182315,2.4745056763673685,1.345389964666615,1788814011.934976
6.239594213182313,2.4745056763673676,1.345389964666615,1788814012.0349336
6.239594213182313,2.4745056763673676,1.345389964666615,1788814012.13497
6.239594213182315,2.4745056763673685,1.345389964666615,1788814012.2348614
6.239594213182314,2.4745056763673676,1.345389964666615,1788814012.3350115
6.239594213182315,2.4745056763673685,1.345389964666615,1788814012.4348342
6.239594213182315,2.4745056763673685,1.345389964666615,1788814012.5352201
6.239594213182313,2.4745056763673676,1.345389964666615,1788814012.6349275
6.239594213182314,2.4745056763673676,1.345389964666615,1788814012.7348566
6.239594213182314,2.4745056763673676,1.345389964666615,1788814012.835031
6.239594213182315,2.4745056763673685,1.345389964666615,1788814012.9350493
6.239594213182314,2.4745056763673685,1.345389964666615,1788814013.0347474
6.239594213182313,2.4745056763673676,1.345389964666615,1788814013.1350038
6.239594213182314,2.4745056763673676,1.345389964666615,1788814013.2348692
6.239594213182313,2.4745056763673676,1.345389964666615,1788814013.335028
6.239594213182313,2.4745056763673676,1.345389964666615,1788814013.4347806
6.239594213182315,2.4745056763673685,1.345389964666615,1788814013.5349412
6.239594213182314,2.4745056763673676,1.345389964666615,1788814013.6350262
6.239594213182314,2.4745056763673676,1.345389964666615,1788814013.7349045
6.239594213182313,2.4745056763673676,1.345389964666615,1788814013.8351066
6.239594213182314,2.4745056763673676,1.345389964666615,1788814013.9350672
6.239594213182313,2.4745056763673676,1.345389964666615,1788814014.034956
6.239594213182315,2.4745056763673685,1.345389964666615,1788814014.1351404
6.239594213182314,2.4745056763673676,1.345389964666615,1788814014.2350292
6.239594213182313,2.4745056763673676,1.345389964666615,1788814014.3351614
6.239594213182313,2.4745056763673676,1.345389964666615,1788814014.43505
6.239594213182313,2.4745056763673676,1.345389964666615,1788814014.534983
6.239594213182314,2.4745056763673676,1.345389964666615,1788814014.6349678
6.239594213182314,2.4745056763673676,1.345389964666615,1788814014.7349167
6.239594213182314,2.4745056763673676,1.345389964666615,1788814014.8349607
6.239594213182314,2.4745056763673676,1.345389964666615,1788814014.9349344
6.239594213182314,2.4745056763673667,1.345389964666615,1788814015.0349333
6.239594213182313,2.4745056763673676,1.345389964666615,1788814015.1349375
6.239594213182314,2.4745056763673676,1.345389964666615,1788814015.234992
6.239594213182315,2.4745056763673685,1.345389964666615,1788814015.334968
6.239594213182315,2.4745056763673685,1.345389964666615,1788814015.4349325
6.239594213182314,2.4745056763673676,1.345389964666615,1788814015.5349765
6.239594213182313,2.4745056763673676,1.345389964666615,1788814015.635074
6.239594213182314,2.4745056763673676,1.345389964666615,1788814015.735143
6.239594213182314,2.4745056763673676,1.345389964666615,1788814015.8348699
6.239594213182313,2.4745056763673676,1.345389964666615,1788814015.9350688
6.239594213182314,2.4745056763673667,1.345389964666615,1788814016.0348413
6.239594213182313,2.4745056763673676,1.345389964666615,1788814016.1349363
6.239594213182314,2.4745056763673676,1.345389964666615,1788814016.234844
6.239594213182315,2.4745056763673685,1.345389964666615,1788814016.3348505
6.239594213182314,2.4745056763673676,1.345389964666615,1788814016.4349582
6.239594213182314,2.4745056763673676,1.345389964666615,1788814016.5349555
6.239594213182314,2.4745056763673676,1.345389964666615,1788814016.6349177
6.239594213182314,2.4745056763673676,1.345389964666615,1788814016.7350075
6.239594213182313,2.4745056763673676,1.345389964666615,1788814016.834884
6.239594213182315,2.4745056763673685,1.345389964666615,1788814016.9348407
6.239594213182314,2.4745056763673676,1.345389964666615,1788814017.0349095
6.239594213182314,2.4745056763673676,1.345389964666615,1788814017.1352391
6.239594213182315,2.4745056763673685,1.345389964666615,1788814017.2350996
6.239594213182314,2.4745056763673667,1.345389964666615,1788814017.33495
6.239594213182314,2.4745056763673676,1.345389964666615,1788814017.4348772
6.239594213182315,2.4745056763673685,1.345389964666615,1788814017.5348556
6.239594213182314,2.4745056763673676,1.345389964666615,1788814017.634958
6.239594213182315,2.4745056763673685,1.345389964666615,1788814017.7349997
6.239594213182314,2.4745056763673676,1.345389964666615,1788814017.834975
6.239594213182314,2.4745056763673676,1.345389964666615,1788814017.9350238
6.239594213182314,2.4745056763673676,1.345389964666615,1788814018.0347912
6.239594213182313,2.4745056763673676,1.345389964666615,1788814018.135147
6.239594213182314,2.4745056763673676,1.345389964666615,1788814018.234876
6.239594213182315,2.4745056763673685,1.345389964666615,1788814018.335021
6.239594213182313,2.4745056763673676,1.345389964666615,1788814018.4348927
6.239594213182314,2.4745056763673676,1.345389964666615,1788814018.5350816
6.239594213182313,2.4745056763673667,1.345389964666615,1788814018.6348467
6.239594213182314,2.4745056763673676,1.345389964666615,1788814018.7349806
6.239594213182314,2.4745056763673676,1.345389964666615,1788814018.8348863
6.239594213182314,2.4745056763673676,1.345389964666615,1788814018.9351811
6.239594213182313,2.4745056763673676,1.345389964666615,1788814019.0349238
6.239594213182313,2.4745056763673676,1.345389964666615,1788814019.13516
6.239594213182314,2.4745056763673676,1.345389964666615,1788814019.2351525
6.239594213182314,2.4745056763673676,1.345389964666615,1788814019.3349972
6.239594213182314,2.4745056763673676,1.345389964666615,1788814019.4351063
6.239594213182313,2.4745056763673667,1.345389964666615,1788814019.534988
6.239594213182315,2.4745056763673685,1.345389964666615,1788814019.6348581
6.239594213182314,2.4745056763673676,1.345389964666615,1788814019.7349505
6.239594213182314,2.4745056763673676,1.345389964666615,1788814019.8351421
6.239594213182314,2.4745056763673676,1.345389964666615,1788814019.9351153
6.239594213182314,2.4745056763673676,1.345389964666615,1788814020.034803
6.239594213182314,2.4745056763673676,1.345389964666615,1788814020.1350362
6.239594213182314,2.4745056763673676,1.345389964666615,1788814020.2349575
6.239594213182314,2.4745056763673676,1.345389964666615,1788814020.3349166
6.239594213182313,2.4745056763673676,1.345389964666615,1788814020.4350994
6.239594213182314,2.4745056763673685,1.345389964666615,1788814020.5351968
6.239594213182315,2.4745056763673685,1.345389964666615,1788814020.6348972
6.239594213182314,2.4745056763673685,1.345389964666615,1788814020.7352927
6.239594213182314,2.4745056763673676,1.345389964666615,1788814020.835125
6.239594213182314,2.4745056763673676,1.345389964666615,1788814020.9348862
6.239594213182314,2.4745056763673676,1.345389964666615,1788814021.034882
6.239594213182313,2.4745056763673676,1.345389964666615,1788814021.1349373
6.239594213182314,2.4745056763673676,1.345389964666615,1788814021.2348583
6.239594213182313,2.4745056763673667,1.345389964666615,1788814021.3349533
6.239594213182314,2.4745056763673676,1.345389964666615,1788814021.4349124
6.239594213182313,2.4745056763673676,1.345389964666615,1788814021.5349884
6.239594213182315,2.4745056763673685,1.345389964666615,1788814021.6349094
6.239594213182314,2.4745056763673676,1.345389964666615,1788814021.7352266
6.239594213182314,2.4745056763673676,1.345389964666615,1788814021.8349097
6.239594213182313,2.4745056763673676,1.345389964666615,1788814021.9349997
6.239594213182314,2.4745056763673676,1.345389964666615,1788814022.034934
6.239594213182314,2.4745056763673676,1.345389964666615,1788814022.1349506
6.239594213182313,2.4745056763673676,1.345389964666615,1788814022.235141
6.239594213182314,2.4745056763673667,1.345389964666615,1788814022.3351173
6.239594213182315,2.4745056763673685,1.345389964666615,1788814022.4350016
6.239594213182315,2.4745056763673685,1.345389964666615,1788814022.5349295
6.239594213182315,2.4745056763673685,1.345389964666615,1788814022.6349218
6.239594213182314,2.4745056763673676,1.345389964666615,1788814022.735047
6.239594213182315,2.4745056763673685,1.345389964666615,1788814022.8348784
6.239594213182313,2.4745056763673676,1.345389964666615,1788814022.9350042
6.239594213182314,2.4745056763673676,1.345389964666615,1788814023.0351367
6.239594213182314,2.4745056763673676,1.345389964666615,1788814023.1350594
6.239594213182314,2.4745056763673676,1.345389964666615,1788814023.2350512
6.239594213182314,2.4745056763673676,1.345389964666615,1788814023.3349066
6.239594213182315,2.4745056763673685,1.345389964666615,1788814023.435201
6.239594213182315,2.4745056763673685,1.345389964666615,1788814023.5349398
6.239594213182313,2.4745056763673676,1.345389964666615,1788814023.6350543
6.239594213182314,2.4745056763673685,1.345389964666615,1788814023.7349844
6.239594213182313,2.4745056763673676,1.345389964666615,1788814023.83484
6.239594213182314,2.4745056763673676,1.345389964666615,1788814023.9351444
6.239594213182315,2.4745056763673685,1.345389964666615,1788814024.034925
6.239594213182313,2.4745056763673676,1.345389964666615,1788814024.1349669
6.239594213182313,2.4745056763673676,1.345389964666615,1788814024.234888
6.239594213182314,2.4745056763673676,1.345389964666615,1788814024.3349426
6.239594213182313,2.4745056763673676,1.345389964666615,1788814024.4348981
6.239594213182315,2.4745056763673685,1.345389964666615,1788814024.535041
6.239594213182314,2.4745056763673676,1.345389964666615,1788814024.634981
6.239594213182315,2.4745056763673685,1.345389964666615,1788814024.735004
6.239594213182314,2.4745056763673676,1.345389964666615,1788814024.8349156
6.239594213182315,2.4745056763673685,1.345389964666615,1788814024.9351654
6.239594213182313,2.4745056763673667,1.345389964666615,1788814025.035004
6.239594213182313,2.4745056763673676,1.345389964666615,1788814025.134958
6.239594213182315,2.4745056763673685,1.345389964666615,1788814025.23497
6.239594213182315,2.4745056763673685,1.345389964666615,1788814025.3351128
6.239594213182313,2.4745056763673676,1.345389964666615,1788814025.434859
6.239594213182314,2.4745056763673676,1.345389964666615,1788814025.5349436
6.239594213182314,2.4745056763673676,1.345389964666615,1788814025.635045
6.239594213182313,2.4745056763673676,1.345389964666615,1788814025.7348812
6.239594213182314,2.4745056763673676,1.345389964666615,1788814025.8351529
6.239594213182314,2.4745056763673676,1.345389964666615,1788814025.9350553
6.239594213182313,2.4745056763673676,1.345389964666615,1788814026.0351102
6.239594213182315,2.4745056763673685,1.345389964666615,1788814026.135292
6.239594213182314,2.4745056763673676,1.345389964666615,1788814026.2351134
6.239594213182315,2.4745056763673685,1.345389964666615,1788814026.3351214
6.239594213182314,2.4745056763673667,1.345389964666615,1788814026.434878
6.239594213182315,2.4745056763673685,1.345389964666615,1788814026.5349457
6.239594213182314,2.4745056763673676,1.345389964666615,1788814026.6348338
6.239594213182315,2.4745056763673685,1.345389964666615,1788814026.734897
6.239594213182314,2.4745056763673676,1.345389964666615,1788814026.8350646
6.239594213182313,2.4745056763673676,1.345389964666615,1788814026.9349856
6.239594213182313,2.4745056763673676,1.345389964666615,1788814027.034987
6.239594213182314,2.4745056763673667,1.345389964666615,1788814027.1350365
6.239594213182315,2.4745056763673685,1.345389964666615,1788814027.2348442
6.239594213182315,2.4745056763673685,1.345389964666615,1788814027.3349636
6.239594213182314,2.4745056763673676,1.345389964666615,1788814027.4348524
6.239594213182314,2.4745056763673676,1.345389964666615,1788814027.5349925
6.239594213182314,2.4745056763673676,1.345389964666615,1788814027.634963
6.239594213182313,2.4745056763673676,1.345389964666615,1788814027.7350085
6.239594213182314,2.4745056763673676,1.345389964666615,1788814027.834986
6.239594213182315,2.4745056763673685,1.345389964666615,1788814027.9350176
6.239594213182314,2.4745056763673676,1.345389964666615,1788814028.0349174
6.239594213182315,2.4745056763673685,1.345389964666615,1788814028.1350427
6.239594213182314,2.4745056763673676,1.345389964666615,1788814028.234907
6.239594213182314,2.4745056763673676,1.345389964666615,1788814028.335048
6.239594213182315,2.4745056763673685,1.345389964666615,1788814028.435006
6.239594213182315,2.4745056763673685,1.345389964666615,1788814028.535172
6.239594213182314,2.4745056763673676,1.345389964666615,1788814028.6347563
6.239594213182313,2.4745056763673676,1.345389964666615,1788814028.735019
6.239594213182315,2.4745056763673685,1.345389964666615,1788814028.8350194
6.239594213182314,2.4745056763673676,1.345389964666615,1788814028.9351616
6.239594213182313,2.4745056763673667,1.345389964666615,1788814029.0348232
6.239594213182315,2.4745056763673685,1.345389964666615,1788814029.1351616
6.239594213182313,2.4745056763673676,1.345389964666615,1788814029.235031
6.239594213182314,2.4745056763673676,1.345389964666615,1788814029.335022
6.239594213182313,2.4745056763673676,1.345389964666615,1788814029.4349802
6.239594213182314,2.4745056763673676,1.345389964666615,1788814029.5349972
6.239594213182315,2.4745056763673685,1.345389964666615,1788814029.6348565
6.239594213182313,2.4745056763673676,1.345389964666615,1788814029.7350647
6.239594213182315,2.4745056763673685,1.345389964666615,1788814029.8350503
6.239594213182314,2.4745056763673676,1.345389964666615,1788814029.9348884
6.239594213182313,2.4745056763673676,1.345389964666615,1788814030.0351315
6.239594213182315,2.4745056763673685,1.345389964666615,1788814030.1351614
6.239594213182313,2.4745056763673667,1.345389964666615,1788814030.2347333
6.239594213182314,2.4745056763673676,1.345389964666615,1788814030.335133
6.239594213182314,2.4745056763673676,1.345389964666615,1788814030.4350438
6.239594213182313,2.4745056763673676,1.345389964666615,1788814030.5349936
6.239594213182314,2.4745056763673676,1.345389964666615,1788814030.635035
6.239594213182314,2.4745056763673676,1.345389964666615,1788814030.735184
6.239594213182314,2.4745056763673676,1.345389964666615,1788814030.8348505
6.239594213182314,2.4745056763673676,1.345389964666615,1788814030.935068
6.239594213182313,2.4745056763673676,1.345389964666615,1788814031.034996
6.239594213182314,2.4745056763673676,1.345389964666615,1788814031.1349933
6.239594213182313,2.4745056763673676,1.345389964666615,1788814031.2348323
6.239594213182314,2.4745056763673676,1.345389964666615,1788814031.3352222
6.239594213182315,2.4745056763673685,1.345389964666615,1788814031.4349887
6.239594213182315,2.4745056763673685,1.345389964666615,1788814031.5351048
6.239594213182315,2.4745056763673685,1.345389964666615,1788814031.6348732
6.239594213182315,2.4745056763673685,1.345389964666615,1788814031.7351086
6.239594213182313,2.4745056763673676,1.345389964666615,1788814031.8350837
6.239594213182314,2.4745056763673676,1.345389964666615,1788814031.9352589
6.239594213182313,2.4745056763673676,1.345389964666615,1788814032.0351102
6.239594213182315,2.4745056763673685,1.345389964666615,1788814032.1349976
6.239594213182313,2.4745056763673667,1.345389964666615,1788814032.2349963
6.239594213182315,2.4745056763673685,1.345389964666615,1788814032.3350554
6.239594213182314,2.4745056763673685,1.345389964666615,1788814032.4348857
6.239594213182313,2.4745056763673676,1.345389964666615,1788814032.534982
6.239594213182313,2.4745056763673676,1.345389964666615,1788814032.6349037
6.239594213182313,2.4745056763673676,1.345389964666615,1788814032.7350824
6.239594213182313,2.4745056763673676,1.345389964666615,1788814032.8351123
6.239594213182313,2.4745056763673676,1.345389964666615,1788814032.9351845
6.239594213182314,2.4745056763673685,1.345389964666615,1788814033.0351405
6.239594213182313,2.4745056763673667,1.345389964666615,1788814033.1351068
6.239594213182314,2.4745056763673676,1.345389964666615,1788814033.2349563
6.239594213182313,2.4745056763673676,1.345389964666615,1788814033.335037
6.239594213182315,2.4745056763673685,1.345389964666615,1788814033.434978
6.239594213182315,2.4745056763673685,1.345389964666615,1788814033.5350847
6.239594213182313,2.4745056763673676,1.345389964666615,1788814033.6348982
6.239594213182313,2.4745056763673676,1.345389964666615,1788814033.7349463
6.239594213182315,2.4745056763673685,1.345389964666615,1788814033.834861
6.239594213182315,2.4745056763673685,1.345389964666615,1788814033.935121
6.239594213182315,2.4745056763673685,1.345389964666615,1788814034.0349488
6.239594213182313,2.4745056763673676,1.345389964666615,1788814034.1350498
6.239594213182314,2.4745056763673676,1.345389964666615,1788814034.23491
6.239594213182314,2.4745056763673676,1.345389964666615,1788814034.3349993
6.239594213182313,2.4745056763673676,1.345389964666615,1788814034.4351501
6.239594213182314,2.4745056763673676,1.345389964666615,1788814034.5349193
6.239594213182314,2.4745056763673676,1.345389964666615,1788814034.634929
6.239594213182313,2.4745056763673667,1.345389964666615,1788814034.7348697
6.239556355512667,2.4743405775247633,1.345389964666615,1788814034.8349054
6.239063015810107,2.4721891029445433,1.345389964666615,1788814034.9348567
6.238027661292848,2.4676738796333804,1.345389964666615,1788814035.034967
6.236941256047562,2.462936022013501,1.345389964666615,1788814035.1350372
6.236484158932275,2.460942602835756,1.345389964666615,1788814035.234908
6.236741339483537,2.4620641777175183,1.345389964666615,1788814035.33492
6.236966115801983,2.463044436417247,1.345335143908139,1788814035.4349701
6.237122078181858,2.4637240550117663,1.3451439642485217,1788814035.5351067
6.237109051108484,2.4636673070090667,1.345149536273514,1788814035.634864
6.237082188096034,2.4635502854731635,1.345149536273514,1788814035.7351747
6.237082188096034,2.4635502854731635,1.345149536273514,1788814035.8349514
6.237082188096034,2.4635502854731635,1.345149536273514,1788814035.9349668
6.237082188096034,2.4635502854731635,1.345149536273514,1788814036.0349948
6.237082188096034,2.4635502854731635,1.345149536273514,1788814036.134989
6.237082188096034,2.4635502854731635,1.345149536273514,1788814036.2348347
6.237082188096034,2.4635502854731635,1.345149536273514,1788814036.3350008
6.2370260134003574,2.463305575421223,1.345149536273514,1788814036.4348927
6.236551749987747,2.461239573586768,1.345149536273514,1788814036.534896
6.235247607065445,2.4555584234111563,1.345149536273514,1788814036.634769
6.232773979348457,2.444782725212485,1.345149536273514,1788814036.7352574
6.2293594931565,2.4298917260607227,1.3460219189280918,1788814036.8348598
6.225934256848369,2.414764609132033,1.3507470993151474,1788814036.93503
6.223054042458905,2.4017191269469946,1.3565180779766703,1788814037.034783
6.220763400682641,2.3910385074563387,1.362946707102303,1788814037.1350222
6.218608452969938,2.380621489249966,1.370727313467288,1788814037.2349625
6.216124627497537,2.368050762665636,1.3806343767802298,1788814037.3350055
6.2133609847163696,2.3532410228025493,1.391722003638653,1788814037.4348357
6.210651353479742,2.337910525628106,1.3985164866678963,1788814037.535047
6.208159627882397,2.3235564281561634,1.3990194158061686,1788814037.634829
6.205797745548266,2.309975661511236,1.397504845894844,1788814037.7349017
6.1283081300010815,2.150782466372382,1.331872551536102,1788814037.8349106
6.1247304818621835,2.13651588896123,1.317730147366585,1788814037.9349115
6.119164724467218,2.1160065737893774,1.2936942445610002,1788814038.0348735
6.111737854570434,2.0913161645499025,1.2630655070112957,1788814038.134972
6.107668431572947,2.0788513590317432,1.2469218510253954,1788814038.2349873
6.105838103221728,2.0734625114176124,1.2396356632473549,1788814038.3349183
6.099975435080827,2.058348265445064,1.2100758268400371,1788814038.4348385
6.097398715543009,2.0516168530365557,1.2004049798064715,1788814038.5349438
6.093116237635143,2.040842353758943,1.1846995691110087,1788814038.6349845
6.087033590221027,2.0263243261627513,1.1634507686843332,1788814038.7350674
6.07991667160448,2.0103521343842767,1.1398211740404847,1788814038.8349395
6.0725771156564905,1.994863779829735,1.1166788307988444,1788814038.9349003
6.065227116498037,1.9802188034217685,1.094613147986397,1788814039.0348988
6.057334050781301,1.9653329186815722,1.071923766461754,1788814039.1350768
6.045404311949069,1.9299401199859225,1.021787250138912,1788814039.2349656
6.034442959506109,1.91256736751333,0.9941248274645031,1788814039.335151
6.021758870344787,1.8937052282003723,0.9635149774881362,1788814039.4350479
6.007867097955575,1.8743820742774233,0.9314665758568025,1788814039.534951
5.993016696172843,1.855078258826975,0.8986684414919636,1788814039.634923
5.962039731839811,1.8366815762468889,0.8517187522382529,1788814039.734894
5.944571030280324,1.8174110662665433,0.8171581100332096,1788814039.8349447
5.92590207567245,1.7982111052905263,0.7817147066705059,1788814039.935195
5.906094508448955,1.7792479768958516,0.7455512919157726,1788814040.034909
5.880156179201856,1.7640644133010976,0.7073236328639548,1788814040.1352296
5.858596924188891,1.7463008934717004,0.6710323885542846,1788814040.234898
5.836767954838491,1.72959570022635,0.6354211113359816,1788814040.334863
5.813997496189028,1.7134267738515092,0.5995053047067959,1788814040.4350169
5.790231430792067,1.6933296049223998,0.5685930100364462,1788814040.534947
5.766139945507593,1.678543845019856,0.532366063658514,1788814040.6350296
5.740937782986409,1.6643188343967548,0.49537399698162043,1788814040.7349615
5.715055799060391,1.650948619546009,0.45833752370645825,1788814040.8349657
5.691499360560021,1.6419350768093053,0.4239479921979058,1788814040.9350233
5.6642788064276495,1.6302557980436108,0.38669810074261773,1788814041.034932
5.635114223906456,1.6190399692274258,0.34767350033124483,1788814041.1349566
5.604331402107645,1.6085805849603534,0.3075405843195327,1788814041.2348797
5.571637982184036,1.5991906503294688,0.2660952700443497,1788814041.3350122
5.538313991903151,1.590812726454095,0.22661449957779128,1788814041.4349024
5.499618406802317,1.5828113112642874,0.18137055697949941,1788814041.5350645
5.4326157421534615,1.5729773018576252,0.110213864575958,1788814041.6348429
5.37815654875942,1.5686762283199676,0.047561668361336094,1788814041.7350113
5.316693675100297,1.5679255084262615,-0.02298741636653948,1788814041.834909
5.21731878503594,1.5732365102496066,-0.13087650842233398,1788814041.9349043
5.146710150577899,1.5855078907999163,-0.21313901579304503,1788814042.035056
5.068482571939018,1.6047060146101353,-0.3195063441827421,1788814042.134856
4.99109034922274,1.6342896174054917,-0.40873992207805127,1788814042.235007
4.906099887707475,1.681053570609555,-0.4950547152512438,1788814042.3349388
4.833280188175571,1.7230103174737064,-0.5448374014105614,1788814042.4349804
4.767614829705439,1.7528385542329346,-0.5047784781210003,1788814042.5350425
4.715425453855166,1.781681551512256,-0.5048966200708787,1788814042.6349862
4.7098863511582625,1.7843823138904291,-0.43222260608376595,1788814042.7349906
4.673175336251521,1.8009788326401646,-0.4158100325449224,1788814042.8351147
4.658384206406355,1.8019307432942835,-0.3669935823416972,1788814042.9348795
4.6198285028620525,1.8161322250849876,-0.337833694521325,1788814043.0348847
4.580859283792094,1.829097202225288,-0.30409271069344934,1788814043.135092
4.535626016183828,1.8354903069822335,-0.24725358978759826,1788814043.234938
4.500474558812638,1.8437586357849147,-0.2147483698261388,1788814043.3351781
4.466503197377838,1.8506138867532504,-0.18344916735872385,1788814043.4348836
4.449404322770993,1.8596023292410448,-0.16074052728966026,1788814043.535025
4.413853396796473,1.8647538720390466,-0.12679905380517192,1788814043.635028
4.377447974998628,1.8687350218209584,-0.09101568201907977,1788814043.7349799
4.341739418354408,1.871361680287495,-0.05570419495180384,1788814043.8349173
4.305676431194245,1.8711839903155538,-0.020562624200537182,1788814043.9348977
4.274287114426113,1.8713284790310838,0.011469051529075682,1788814044.035062
4.243072800681855,1.8704641855448734,0.04389592690670283,1788814044.134954
4.237173564049738,1.8779952474186947,0.06497628115539995,1788814044.2348256
4.204180421661933,1.875273819252489,0.09960596526113918,1788814044.335022
4.177612746002888,1.8722433045056288,0.12760432386409987,1788814044.4349284
4.153168020112897,1.868786198956415,0.153461749407031,1788814044.5348842
4.124388104819974,1.8638833595824806,0.18404340062907337,1788814044.634927
4.096632154250188,1.8582885814920553,0.21378395471409595,1788814044.7350752
4.06854846856414,1.8517392937315256,0.2445253351150153,1788814044.8348832
4.039417073347935,1.8438083823879237,0.2786905393585963,1788814044.9350958
4.010370083188999,1.834969717555666,0.3121090440494098,1788814045.035042
3.98254651597947,1.8254922093485884,0.34454603629460706,1788814045.1349738
3.956225849414097,1.8155830466392477,0.3755839861538893,1788814045.2348602
3.923257432222917,1.8126096270000178,0.40554767574447886,1788814045.3351395
3.896583850174325,1.800645475383671,0.4376176904096612,1788814045.4350457
3.8697582113550726,1.7875729275841175,0.46867028922418746,1788814045.5349994
3.8427851332968994,1.7734919394963113,0.4918406423789383,1788814045.6348681
3.814688070668086,1.7648632404390043,0.4994318651572345,1788814045.7352266
3.788159525397697,1.7503745702491802,0.49995925066803953,1788814045.8348784
3.761678972459018,1.7359112299369412,0.49959969835508883,1788814045.9350858
3.7351375606537447,1.721530868283129,0.4919297591447191,1788814046.0350664
3.7080810655917977,1.7072998555120797,0.47549908828538684,1788814046.1351144
3.657491136532424,1.6903792312960575,0.4017802051661533,1788814046.2350023
3.629560693733005,1.6788115592159247,0.3835272726675286,1788814046.33596
3.601769747096678,1.667887540594427,0.3655865025185108,1788814046.4349573
3.573566223257198,1.6573493549074927,0.3507947539612845,1788814046.5350177
3.545311345537093,1.6470909729951586,0.34729614064433234,1788814046.63487
3.5169710070524527,1.6368326951695273,0.34729614064433234,1788814046.7349143
3.491995875818931,1.6300806267001882,0.3685977759436835,1788814046.8349838
3.464420426371111,1.6193679950081248,0.37271336760295365,1788814046.93519
3.436839612944048,1.6085150420687286,0.3770505163160394,1788814047.0349123
3.4091448349940854,1.597478240961641,0.38139983582079484,1788814047.134856
3.380786306436066,1.5860181513106357,0.38768257300328507,1788814047.23497
3.351927062420209,1.5740346994007797,0.39988061211836357,1788814047.335134
3.328958040175298,1.5585043956785856,0.4297159588833643,1788814047.4348247
3.301695981257544,1.5457281543888302,0.44691455277881353,1788814047.5348842
3.2764046352640452,1.5333538993653577,0.4631423100465988,1788814047.634928
3.2529371775216855,1.521412877416719,0.47824722088633326,1788814047.734929
3.230305669156028,1.5094750893485194,0.4923566739586638,1788814047.8349073
3.206874261841004,1.4967022935010177,0.5054024758194043,1788814047.9351199
3.1828055232561656,1.483197810482658,0.5165356530524945,1788814048.034834
3.1555502229672507,1.4694259414487894,0.5170802417688062,1788814048.135046
3.1295856826200072,1.4546590053129775,0.5171165110715712,1788814048.2350404
3.103851877735761,1.4400231776989236,0.5171165110715712,1788814048.334988
3.080708885898833,1.4268608474285953,0.5171165110715712,1788814048.4348974
3.066406723825682,1.4204214358290752,0.5014115057579862,1788814048.5349069
3.049394155454009,1.4110962232536712,0.5014115057579862,1788814048.6350574
3.0306290055213374,1.4008103564575287,0.5014115057579862,1788814048.7351513
3.009423637233197,1.3891869164979425,0.5014115057579862,1788814048.834874
2.988267644735468,1.3775905412197154,0.5014115057579862,1788814048.9350474
2.990612037298872,1.3709682417884888,0.5005390037653925,1788814049.0348854
2.9767012525452943,1.36335900686717,0.5005390037653925,1788814049.134997
2.965950661665018,1.3574784060958671,0.5005390037653925,1788814049.2349353
2.95865007310321,1.3534849654370729,0.5005390037653925,1788814049.3351386
2.9569984857160536,1.3525815429023513,0.5005390037653925,1788814049.4348862
2.9586699965262886,1.3534958636005654,0.5005390037653925,1788814049.5352275
2.9601220299372146,1.3542901295987146,0.5005390037653925,1788814049.6349227
2.9600777954698394,1.3542659332316505,0.5005390037653925,1788814049.735215
2.959616582436361,1.3540136485199836,0.5005390037653925,1788814049.8350177
2.959633046252372,1.3540226542695462,0.5005390037653925,1788814049.9350886
2.959651714411767,1.3540328658005913,0.5005390037653925,1788814050.0347886
2.959651714411767,1.3540328658005913,0.5005390037653925,1788814050.1350746
2.959651714411766,1.3540328658005913,0.5005390037653925,1788814050.2348647
2.959651714411766,1.3540328658005913,0.5005390037653925,1788814050.3350806
2.959651714411767,1.3540328658005913,0.5005390037653925,1788814050.4351199
2.959651714411767,1.3540328658005913,0.5005390037653925,1788814050.5350099
2.959651714411766,1.3540328658005913,0.5005390037653925,1788814050.6349108
2.959651714411767,1.3540328658005913,0.5005390037653925,1788814050.73488
2.959651714411768,1.3540328658005913,0.5005390037653925,1788814050.8349128
2.959651714411767,1.3540328658005913,0.5005390037653925,1788814050.9349225
2.959651714411767,1.3540328658005913,0.5005390037653925,1788814051.0348756
2.959651714411767,1.3540328658005913,0.5005390037653925,1788814051.135068
2.959651714411767,1.3540328658005913,0.5005390037653925,1788814051.2348666
2.959651714411767,1.3540328658005913,0.5005390037653925,1788814051.335081
2.959651714411767,1.3540328658005913,0.5005390037653925,1788814051.434845
2.959651714411767,1.3540328658005913,0.5005390037653925,1788814051.5351381
2.959651714411767,1.3540328658005913,0.5005390037653925,1788814051.6349037
2.959651714411767,1.3540328658005913,0.5005390037653925,1788814051.7349737
2.959651714411767,1.3540328658005913,0.5005390037653925,1788814051.834907
2.959651714411767,1.3540328658005913,0.5005390037653925,1788814051.9349356
2.959651714411767,1.3540328658005913,0.5005390037653925,1788814052.035104
2.959651714411767,1.3540328658005913,0.5005390037653925,1788814052.1351457
2.959651714411767,1.3540328658005913,0.5005390037653925,1788814052.2350638
2.959651714411767,1.3540328658005913,0.5005390037653925,1788814052.3349254
2.959651714411767,1.3540328658005913,0.5005390037653925,1788814052.43486
2.959651714411767,1.3540328658005913,0.5005390037653925,1788814052.5349107
2.959651714411767,1.3540328658005913,0.5005390037653925,1788814052.6349897
2.959651714411768,1.3540328658005913,0.5005390037653925,1788814052.7349575
2.959651714411766,1.3540328658005913,0.5005390037653925,1788814052.835077
2.959651714411766,1.3540328658005913,0.5005390037653925,1788814052.9348187
2.959651714411767,1.3540328658005913,0.5005390037653925,1788814053.0349329
2.959651714411766,1.3540328658005913,0.5005390037653925,1788814053.135001
2.959651714411767,1.3540328658005913,0.5005390037653925,1788814053.235111
2.959651714411767,1.3540328658005913,0.5005390037653925,1788814053.3350596
2.959651714411766,1.3540328658005913,0.5005390037653925,1788814053.4350681
2.959651714411766,1.3540328658005913,0.5005390037653925,1788814053.5349488
2.959651714411767,1.3540328658005913,0.5005390037653925,1788814053.6348312
2.959651714411766,1.3540328658005913,0.5005390037653925,1788814053.7348566
2.959651714411767,1.3540328658005913,0.5005390037653925,1788814053.8348858
2.959651714411768,1.3540328658005913,0.5005390037653925,1788814053.9350724
2.959651714411767,1.3540328658005913,0.5005390037653925,1788814054.035028
2.959651714411767,1.3540328658005913,0.5005390037653925,1788814054.134987
2.959651714411767,1.3540328658005913,0.5005390037653925,1788814054.234832
2.959651714411767,1.3540328658005913,0.5005390037653925,1788814054.3349602
2.959651714411767,1.3540328658005913,0.5005390037653925,1788814054.4348137
2.959651714411767,1.3540328658005913,0.5005390037653925,1788814054.5348895
2.959651714411766,1.3540328658005913,0.5005390037653925,1788814054.634928
2.959651714411768,1.3540328658005913,0.5005390037653925,1788814054.7351346
2.959651714411767,1.3540328658005913,0.5005390037653925,1788814054.8348422
2.959651714411767,1.3540328658005913,0.5005390037653925,1788814054.9348533
2.959651714411766,1.3540328658005913,0.5005390037653925,1788814055.0348525
2.959651714411767,1.3540328658005913,0.5005390037653925,1788814055.1349502
2.959651714411767,1.3540328658005913,0.5005390037653925,1788814055.2350864
2.959651714411767,1.3540328658005913,0.5005390037653925,1788814055.3349316
2.959651714411768,1.3540328658005913,0.5005390037653925,1788814055.4349315
2.959825218951984,1.3535672701865278,0.500147831728719,1788814055.5351057
2.960087802359194,1.3517927236565837,0.49675870489970037,1788814055.6348624
2.960578610699015,1.3484193259390405,0.49036887949279107,1788814055.7349868
2.9608714829274634,1.344597909609206,0.48199678420021397,1788814055.8349574
2.9610525825316785,1.342345398554874,0.4771700405503455,1788814055.9350805
2.9610142927011776,1.3420579566817308,0.47625741867919597,1788814056.0349462
2.960869440651413,1.3429615149416607,0.4778265451947351,1788814056.1349254
2.9605690458814795,1.3447241849756288,0.4808243195704478,1788814056.2348452
2.9596634343721346,1.3496879159228148,0.48916412059921055,1788814056.3348184
2.958500888725955,1.3580608373422356,0.505585447206385,1788814056.4349408
2.9567128212749028,1.369174794134675,0.5273399448853192,1788814056.5348234
2.9548854562125593,1.3807603100193102,0.5515687629762449,1788814056.634833
2.953072276544769,1.3909888108353052,0.5731994436334321,1788814056.7349365
2.9512837434451793,1.3998673619291893,0.591903606758373,1788814056.834833
2.9493382568719984,1.4080669194881361,0.6085909580274464,1788814056.9350536
2.947188009704713,1.416782391625249,0.6267795587979788,1788814057.0350027
2.9442913264790374,1.4271112743920624,0.6478892725834264,1788814057.134955
2.9409958216643677,1.4380873354084551,0.6706599483935662,1788814057.2347426
2.934285855890712,1.513575596384353,0.5451619365304989,1788814057.3349671
2.932372634447468,1.5240029176605416,0.5665726051164404,1788814057.4349122
2.9302522388958625,1.534308516478216,0.5878195426789764,1788814057.5349526
2.9277933394874287,1.5450222045190456,0.6099767448837697,1788814057.6348422
2.925035016210229,1.556074628985944,0.6331628684264008,1788814057.7349432
2.9218452137058275,1.5671872297467568,0.6559767115401745,1788814057.8348722
2.918637209428728,1.5779611635467163,0.6789076943607892,1788814057.935056
2.915410507272318,1.5884686579617209,0.7011109017502839,1788814058.034971
2.9137033827961876,1.5994756431845136,0.721506105545669,1788814058.1349769
2.856203225799701,1.646344731423539,0.5276236752225564,1788814058.2348795
2.8590550678399578,1.6508323005753955,0.5334397681874928,1788814058.335165
2.858995117218306,1.6507969485599205,0.5336658189342983,1788814058.4349458
2.8571812842295077,1.6494667605818005,0.5329447324797689,1788814058.5349524
2.8576809445577784,1.6497502250894507,0.5329200374088829,1788814058.6348398
2.860995438873782,1.6517052670623062,0.5329200374088829,1788814058.734979
2.863802960756972,1.6533612732575258,0.5329200374088829,1788814058.8348482
2.864210049869271,1.6536013932352078,0.5329200374088829,1788814058.9349337
2.863125654696294,1.6529617668318388,0.5329200374088829,1788814059.0348666
2.8628118719011275,1.6527766832334425,0.5329200374088829,1788814059.135058
2.8628118719011275,1.6527766832334425,0.5329200374088829,1788814059.2350206
2.8628118719011275,1.6527766832334425,0.5329200374088829,1788814059.3349566
2.8628118719011284,1.6527766832334423,0.5329200374088829,1788814059.4349408
2.8628118719011275,1.6527766832334425,0.5326580336970593,1788814059.5351086
2.8628118719011275,1.6527766832334425,0.5276001814572069,1788814059.635031
2.8628118719011275,1.6527766832334425,0.5096085672845814,1788814059.73503
2.8628118719011275,1.6527766832334425,0.47509526833694454,1788814059.834919
2.8628118719011275,1.6527766832334425,0.42740988346916386,1788814059.9349165
2.8628118719011275,1.6527766832334425,0.40048366756027776,1788814060.034827
2.863036193965717,1.6528715731001271,0.39986325057306554,1788814060.1349185
2.863093693296197,1.6528958750956937,0.40111652855133284,1788814060.2348704
2.863093693296197,1.6528958750956935,0.4074565053780701,1788814060.3349402
2.863093693296197,1.6528958750956935,0.42045190671674243,1788814060.4349344
2.863093693296197,1.6528958750956935,0.44857368667972103,1788814060.5350037
2.863093693296199,1.6528958750956932,0.4933706641761354,1788814060.635011
2.863093693296197,1.6528958750956935,0.5427902387066104,1788814060.7351272
2.863093693296197,1.6528958750956935,0.5854578961569946,1788814060.8349175
2.863093693296197,1.6528958750956935,0.6216152176389523,1788814060.934964
2.863093693296197,1.6528958750956935,0.6575946766038161,1788814061.034922
2.863093693296197,1.6528958750956937,0.6990176867873464,1788814061.1349773
2.863093693296197,1.6528958750956935,0.7432950681704097,1788814061.2349486
2.863093693296197,1.6528958750956937,0.78393083341769,1788814061.3348377
2.863093693296197,1.6528958750956935,0.8233429363994375,1788814061.4348617
2.8630801841977056,1.652881299770702,0.8233810657982754,1788814061.5349782
2.863131247504668,1.6529363907961878,0.8233012839159911,1788814061.6349154
2.863141984265607,1.6529479738538915,0.8273024222489322,1788814061.734987
2.863141984265607,1.6529479738538915,0.8266315809560024,1788814061.834905
2.863141984265607,1.6529479738538915,0.8266315809560024,1788814061.934996
2.863023432795743,1.6528191944456831,0.8268227455877618,1788814062.034865
2.8630112249754425,1.6528059309171255,0.8268423411198565,1788814062.1352358
2.8630112249754425,1.6528059309171255,0.8268423411198565,1788814062.2349634
2.8630112249754425,1.6528059309171255,0.8268423411198565,1788814062.334957
2.8630112249754425,1.6528059309171255,0.8264308447002804,1788814062.4349978
2.8630112249754425,1.6528059309171255,0.8264589326170944,1788814062.5350544
2.8630112249754425,1.6528059309171255,0.8267614463153353,1788814062.634917
2.86303367475332,1.6528303169607128,0.8266709343787143,1788814062.7351613
2.8630688647689113,1.6528685343731802,0.8265738602391275,1788814062.835105
2.8631213471762735,1.6529255214603704,0.8264873395699065,1788814062.9350567
2.863136078795399,1.6529415162666556,0.8264711908548997,1788814063.0349746
2.863136078795398,1.652941516266655,0.8264711908548997,1788814063.1350346
2.863136078795399,1.6529415162666552,0.8264711908548997,1788814063.2348192
2.863136078795398,1.6529415162666554,0.8264711908548997,1788814063.3349578
2.863136078795398,1.6529415162666554,0.8264711908548997,1788814063.434836
2.863136078795398,1.6529415162666554,0.8264711908548997,1788814063.5348575
2.863136078795398,1.6529415162666554,0.8264711908548997,1788814063.6349053
2.863136078795398,1.652941516266655,0.8264711908548997,1788814063.734963
2.863136078795398,1.6529415162666554,0.8264711908548997,1788814063.8348339
2.863136078795398,1.6529415162666554,0.8264711908548997,1788814063.9350748
2.863136078795398,1.6529415162666554,0.8264711908548997,1788814064.0351095
2.863136078795398,1.6529415162666554,0.8264711908548997,1788814064.1348968
2.863136078795398,1.6529415162666559,0.8264711908548997,1788814064.2349825
2.863136078795398,1.6529415162666554,0.8264711908548997,1788814064.3350224
2.863136078795398,1.6529415162666554,0.8264711908548997,1788814064.4348638
2.863136078795398,1.6529415162666554,0.8264711908548997,1788814064.5349522
2.863136078795398,1.6529415162666554,0.8264711908548997,1788814064.634859
2.863136078795398,1.652941516266655,0.8264711908548997,1788814064.7348566
2.863136078795398,1.6529415162666554,0.8264711908548997,1788814064.8349273
2.863136078795397,1.652941516266655,0.8264711908548997,1788814064.934844
2.863136078795398,1.6529415162666554,0.8264711908548997,1788814065.0349975
2.863136078795398,1.6529415162666554,0.8264711908548997,1788814065.1349688
2.863136078795397,1.652941516266655,0.8264711908548997,1788814065.2350116
2.863136078795398,1.6529415162666554,0.8264711908548997,1788814065.3351912
2.863136078795398,1.6529415162666554,0.8264711908548997,1788814065.4350195
2.863136078795398,1.6529415162666554,0.8264711908548997,1788814065.5350497
2.863136078795398,1.6529415162666554,0.8264711908548997,1788814065.6348898
2.863136078795398,1.6529415162666559,0.8264711908548997,1788814065.7348707
2.863136078795398,1.652941516266655,0.8264711908548997,1788814065.8349414
2.863136078795398,1.6529415162666554,0.8264711908548997,1788814065.9349904
2.8632451557184306,1.6527338657014097,0.8264711908548997,1788814066.0348594
2.8639052613080644,1.6514772176865145,0.8264711908548997,1788814066.1349387
2.8657523962898233,1.6479608128195236,0.8264711908548997,1788814066.2350488
2.8683174320849028,1.6430777347321732,0.8264711908548997,1788814066.334973
2.869931722512453,1.640004597808132,0.8264711908548997,1788814066.434913
2.870262955440634,1.6393740271718493,0.8264711908548997,1788814066.534874
2.869635521069949,1.6405684787395973,0.8264711908548997,1788814066.6350172
2.869045186126446,1.6416923038465567,0.8264711908548997,1788814066.7350543
2.868331005572513,1.6430518947809336,0.8264711908548997,1788814066.83512
2.8665292464838132,1.6464819172163274,0.8264711908548997,1788814066.9351377
2.862547477405839,1.6540654901732241,0.8264711908548997,1788814067.0349267
2.857290256258366,1.6641598930025396,0.8264711908548997,1788814067.1350484
2.852186496639122,1.6739710866094688,0.8264711908548997,1788814067.2349358
2.8478615835165093,1.6822850675068022,0.8264711908548997,1788814067.3350594
2.8443566225182315,1.6890904687644013,0.8264711908548997,1788814067.4350007
2.8418137509674275,1.6947514751270547,0.8264711908548997,1788814067.5350366
2.8404336779815664,1.6980277520672349,0.8264711908548997,1788814067.634843
2.840176365704211,1.6986362590253212,0.8264711908548997,1788814067.7350152
2.840488307905917,1.697455354330803,0.8264711908548997,1788814067.8348677
2.840535627655712,1.696514692720261,0.8264711908548997,1788814067.9350288
2.840608615033997,1.6966296656568594,0.8264711908548997,1788814068.0350533
2.840795571560936,1.6968901026448568,0.8264711908548997,1788814068.1349094
2.84086231197781,1.6969679728145914,0.8264711908548997,1788814068.2348602
2.8400593084898964,1.6960961400208736,0.8264711908548997,1788814068.3350022
2.8361352866987954,1.6918357713771313,0.8264711908548997,1788814068.434824
2.828072300017,1.6830816671792426,0.8264711908548997,1788814068.5349002
2.81789636306071,1.672033501537587,0.8264711908548997,1788814068.634919
2.8077718067579522,1.6610411206333704,0.8264711908548997,1788814068.735136
2.8006130828000333,1.6532687878831533,0.8264711908548997,1788814068.8350027
2.796656207654759,1.6489727498656266,0.8264711908548997,1788814068.9348457
2.7954341235886377,1.6476459150740101,0.8264711908548997,1788814069.0348554
2.795877947956112,1.6481277817708062,0.8264711908548997,1788814069.1350014
2.7963683308516614,1.6486601977518913,0.8264711908548997,1788814069.2351415
2.7963825520686068,1.6486756379379979,0.8264711908548997,1788814069.3351429
2.7963825520686068,1.6486756379379979,0.8264711908548997,1788814069.4349465
2.7963825520686068,1.6486756379379979,0.8264711908548997,1788814069.5348265
2.796382552068606,1.6486756379379983,0.8264711908548997,1788814069.634993
2.7963825520686068,1.6486756379379979,0.8264711908548997,1788814069.7349973
2.7963825520686068,1.6486756379379979,0.8264711908548997,1788814069.83487
2.7963825520686068,1.6486756379379979,0.8264711908548997,1788814069.9350305
2.796382552068606,1.6486756379379983,0.8264711908548997,1788814070.0351143
2.7963825520686068,1.6486756379379979,0.8264711908548997,1788814070.1350274
2.796382552068606,1.6486756379379983,0.8264711908548997,1788814070.2348402
2.7963825520686068,1.6486756379379979,0.8264711908548997,1788814070.3350081
2.7963825520686068,1.6486756379379979,0.8264711908548997,1788814070.4350908
2.7963825520686068,1.6486756379379979,0.8264711908548997,1788814070.5352325
2.7963825520686068,1.6486756379379979,0.8264711908548997,1788814070.6348624
2.7963825520686068,1.6486756379379979,0.8264711908548997,1788814070.734884
2.7963825520686068,1.6486756379379979,0.8264711908548997,1788814070.8348777
2.7963825520686068,1.6486756379379979,0.8264711908548997,1788814070.9350252
2.7963825520686068,1.6486756379379979,0.8264711908548997,1788814071.0349238
2.7963825520686068,1.6486756379379979,0.8264711908548997,1788814071.1351984
2.7963825520686068,1.6486756379379979,0.8264711908548997,1788814071.2349482
2.7963825520686068,1.6486756379379979,0.8264711908548997,1788814071.3348982
2.7963825520686068,1.6486756379379983,0.8264711908548997,1788814071.4348323
2.7963825520686068,1.6486756379379979,0.8264711908548997,1788814071.5351021
2.7963825520686068,1.6486756379379979,0.8264711908548997,1788814071.6350238
2.7963825520686068,1.6486756379379979,0.8264711908548997,1788814071.7350025
2.7963825520686068,1.6486756379379983,0.8264711908548997,1788814071.8349612
2.7963825520686068,1.6486756379379979,0.8264711908548997,1788814071.9352357
2.7963825520686068,1.6486756379379979,0.8264711908548997,1788814072.0368905
2.7963825520686068,1.6486756379379979,0.8264711908548997,1788814072.1349645
2.7963825520686068,1.6486756379379983,0.8264711908548997,1788814072.2348614
2.7963825520686068,1.6486756379379979,0.8264711908548997,1788814072.334897
2.7963825520686068,1.6486756379379983,0.8264711908548997,1788814072.4348338
2.7963825520686068,1.6486756379379979,0.8264711908548997,1788814072.5350032
2.7963825520686068,1.6486756379379979,0.8264711908548997,1788814072.6348495
2.7963825520686068,1.6486756379379979,0.8264711908548997,1788814072.7350483
2.7963825520686068,1.6486756379379979,0.8264711908548997,1788814072.8349512
2.7963825520686068,1.6486756379379983,0.8264711908548997,1788814072.9352238
2.7963825520686068,1.6486756379379979,0.8264711908548997,1788814073.0349548
2.7963825520686068,1.6486756379379979,0.8264711908548997,1788814073.1351712
2.7963825520686068,1.6486756379379979,0.8264711908548997,1788814073.2349641
2.7963825520686068,1.6486756379379979,0.8264711908548997,1788814073.335135
2.7963825520686068,1.6486756379379979,0.8264711908548997,1788814073.4349787
2.7963825520686068,1.6486756379379979,0.8264711908548997,1788814073.5349932
2.7963825520686068,1.6486756379379979,0.8264711908548997,1788814073.634792
2.7963825520686068,1.6486756379379979,0.8264711908548997,1788814073.7351952
2.7963825520686068,1.6486756379379979,0.8264711908548997,1788814073.8349652
2.796382552068606,1.6486756379379983,0.8264711908548997,1788814073.9351497
2.7963825520686068,1.6486756379379979,0.8264711908548997,1788814074.0349488
2.7963825520686068,1.6486756379379979,0.8264711908548997,1788814074.1352267
2.7963825520686068,1.6486756379379979,0.8264711908548997,1788814074.2349336
2.7963825520686068,1.6486756379379979,0.8264711908548997,1788814074.3348727
2.7963825520686068,1.6486756379379979,0.8264711908548997,1788814074.435005
2.7963825520686068,1.6486756379379979,0.8264711908548997,1788814074.5348759
2.7963825520686068,1.6486756379379979,0.8264711908548997,1788814074.634885
2.7963825520686076,1.6486756379379983,0.8264711908548997,1788814074.734981
2.7963825520686068,1.6486756379379979,0.8264711908548997,1788814074.8348427
2.7963825520686068,1.6486756379379979,0.8264711908548997,1788814074.9349477
2.7963825520686068,1.6486756379379979,0.8264711908548997,1788814075.0349443
2.7963825520686068,1.6486756379379979,0.8264711908548997,1788814075.1349666
2.7963825520686068,1.6486756379379979,0.8264711908548997,1788814075.2348769
2.796382552068606,1.6486756379379983,0.8264711908548997,1788814075.3349047
2.7963825520686068,1.6486756379379979,0.8264711908548997,1788814075.434952
2.7963825520686068,1.6486756379379979,0.8264711908548997,1788814075.53507
2.7963825520686068,1.6486756379379979,0.8264711908548997,1788814075.634908
2.7963825520686068,1.6486756379379979,0.8264711908548997,1788814075.735026
2.7963825520686068,1.6486756379379979,0.8264711908548997,1788814075.8349125
2.7963825520686068,1.6486756379379979,0.8264711908548997,1788814075.934952
2.7963825520686076,1.6486756379379983,0.8264711908548997,1788814076.0348306
2.7963825520686076,1.6486756379379983,0.8264711908548997,1788814076.1349273
2.7963825520686068,1.6486756379379979,0.8264711908548997,1788814076.234926
2.7963825520686068,1.6486756379379979,0.8264711908548997,1788814076.334933
2.7963825520686068,1.6486756379379979,0.8264711908548997,1788814076.4349177
2.7963825520686068,1.6486756379379979,0.8264711908548997,1788814076.5349052
2.7963825520686076,1.6486756379379983,0.8264711908548997,1788814076.635055
2.7963825520686076,1.6486756379379983,0.8264711908548997,1788814076.735036
2.796382552068606,1.6486756379379983,0.8264711908548997,1788814076.8350365
2.7963825520686068,1.6486756379379979,0.8264711908548997,1788814076.9351304
2.796382552068606,1.6486756379379983,0.8264711908548997,1788814077.0348377
2.796382552068606,1.6486756379379983,0.8264711908548997,1788814077.1350474
2.7963825520686068,1.6486756379379983,0.8264711908548997,1788814077.2349904
2.7963825520686068,1.6486756379379979,0.8264711908548997,1788814077.3350797
2.7963825520686068,1.6486756379379979,0.8264711908548997,1788814077.4350803
2.7963825520686068,1.6486756379379979,0.8264711908548997,1788814077.5349116
2.7963825520686068,1.6486756379379979,0.8264711908548997,1788814077.6348774
2.7963825520686068,1.6486756379379979,0.8264711908548997,1788814077.7349615
2.7963825520686068,1.6486756379379979,0.8264711908548997,1788814077.8349352
2.7963825520686068,1.6486756379379983,0.8264711908548997,1788814077.934915
2.7963825520686068,1.6486756379379979,0.8264711908548997,1788814078.0350275
2.7963825520686068,1.6486756379379979,0.8264711908548997,1788814078.1350925
2.7963825520686068,1.6486756379379979,0.8264711908548997,1788814078.2349494
2.7963825520686068,1.6486756379379979,0.8264711908548997,1788814078.3351028
2.7963825520686068,1.6486756379379983,0.8264711908548997,1788814078.434985
2.7963825520686068,1.6486756379379979,0.8264711908548997,1788814078.5350883
2.7963825520686068,1.6486756379379979,0.8264711908548997,1788814078.6350086
2.796382552068606,1.6486756379379983,0.8264711908548997,1788814078.7351756
2.7963825520686068,1.6486756379379979,0.8264711908548997,1788814078.8351052
2.7963825520686068,1.6486756379379979,0.8264711908548997,1788814078.9350364
2.7963825520686068,1.6486756379379983,0.8264711908548997,1788814079.0348659
2.7963825520686068,1.6486756379379983,0.8264711908548997,1788814079.1350257
2.796382552068606,1.6486756379379983,0.8264711908548997,1788814079.238244
2.7963825520686068,1.6486756379379979,0.8264711908548997,1788814079.3348982
2.7963825520686068,1.6486756379379979,0.8264711908548997,1788814079.4348953
2.796382552068606,1.6486756379379983,0.8264711908548997,1788814079.5349152
2.7963825520686068,1.6486756379379979,0.8264711908548997,1788814079.6349506
2.7963825520686068,1.6486756379379979,0.8264711908548997,1788814079.734896
2.7963825520686068,1.6486756379379979,0.8264711908548997,1788814079.8349895
2.7963825520686076,1.6486756379379983,0.8264711908548997,1788814079.935221
2.7963825520686068,1.6486756379379983,0.8264711908548997,1788814080.0348475
2.7963825520686076,1.6486756379379983,0.8264711908548997,1788814080.1349196
2.7963825520686068,1.6486756379379979,0.8264711908548997,1788814080.2349873
2.7963825520686068,1.6486756379379979,0.8264711908548997,1788814080.3348672
2.7963825520686068,1.6486756379379979,0.8264711908548997,1788814080.434918
2.7963825520686068,1.6486756379379979,0.8264711908548997,1788814080.5350697
2.7963825520686068,1.6486756379379979,0.8264711908548997,1788814080.6348772
2.7963825520686068,1.6486756379379983,0.8264711908548997,1788814080.7349906
2.7963825520686068,1.6486756379379979,0.8264711908548997,1788814080.835156
2.7963825520686068,1.6486756379379979,0.8264711908548997,1788814080.9349668
2.7963825520686068,1.6486756379379979,0.8264711908548997,1788814081.0349402
2.7963825520686068,1.6486756379379979,0.8264711908548997,1788814081.1352386
2.7963825520686068,1.6486756379379979,0.8264711908548997,1788814081.23498
2.7963825520686076,1.6486756379379983,0.8264711908548997,1788814081.3350446
2.7963825520686068,1.6486756379379979,0.8264711908548997,1788814081.4348834
2.7963825520686068,1.6486756379379979,0.8264711908548997,1788814081.535048
2.7963825520686068,1.6486756379379979,0.8264711908548997,1788814081.6348562
2.7963825520686068,1.6486756379379979,0.8264711908548997,1788814081.7348864
2.7963825520686068,1.6486756379379979,0.8264711908548997,1788814081.8351388
2.796382552068606,1.6486756379379983,0.8264711908548997,1788814081.934894
2.7963825520686068,1.6486756379379979,0.8264711908548997,1788814082.035127
2.7963825520686068,1.6486756379379979,0.8264711908548997,1788814082.135049
2.7963825520686076,1.6486756379379979,0.8264711908548997,1788814082.234883
2.7963825520686068,1.6486756379379979,0.8264711908548997,1788814082.335091
2.7963825520686068,1.6486756379379979,0.8264711908548997,1788814082.4349186
2.7963825520686068,1.6486756379379979,0.8264711908548997,1788814082.535118
2.7963825520686068,1.6486756379379979,0.8264711908548997,1788814082.6348975
2.7963825520686068,1.6486756379379983,0.8264711908548997,1788814082.734953
2.7963825520686076,1.6486756379379979,0.8264711908548997,1788814082.8349261
2.7963825520686068,1.6486756379379979,0.8264711908548997,1788814082.9352872
2.7963825520686068,1.6486756379379979,0.8264711908548997,1788814083.0349734
2.7963825520686076,1.6486756379379983,0.8264711908548997,1788814083.1349308
2.7963825520686068,1.6486756379379979,0.8264711908548997,1788814083.2350197
2.7963825520686068,1.6486756379379979,0.8264711908548997,1788814083.3349166
2.7963825520686068,1.6486756379379979,0.8264711908548997,1788814083.4348595
2.7963825520686068,1.6486756379379983,0.8264711908548997,1788814083.5352073
2.7963825520686068,1.6486756379379979,0.8264711908548997,1788814083.6348364
2.7963825520686068,1.6486756379379983,0.8264711908548997,1788814083.7350605
2.7963825520686068,1.6486756379379979,0.8264711908548997,1788814083.8351445
2.7963825520686068,1.6486756379379979,0.8264711908548997,1788814083.9348848
2.7963825520686068,1.6486756379379983,0.8264711908548997,1788814084.034894
2.7963825520686068,1.6486756379379979,0.8264711908548997,1788814084.1349509
2.7963825520686068,1.6486756379379979,0.8264711908548997,1788814084.234863
2.7963825520686068,1.6486756379379979,0.8264711908548997,1788814084.335112
2.7963825520686068,1.6486756379379979,0.8264711908548997,1788814084.4354217
2.7963825520686068,1.6486756379379979,0.8264711908548997,1788814084.5349863
2.7963825520686068,1.6486756379379983,0.8264711908548997,1788814084.635054
2.7963825520686068,1.6486756379379979,0.8264711908548997,1788814084.7350845
2.7963825520686068,1.6486756379379979,0.8264711908548997,1788814084.834903
2.7963825520686068,1.6486756379379979,0.8264711908548997,1788814084.9350164
2.7963825520686068,1.6486756379379983,0.8264711908548997,1788814085.034873
2.7963825520686068,1.6486756379379979,0.8264711908548997,1788814085.1351056
2.7963825520686068,1.6486756379379979,0.8264711908548997,1788814085.2348526
2.7963825520686076,1.6486756379379983,0.8264711908548997,1788814085.3348744
2.7963825520686068,1.6486756379379983,0.8264711908548997,1788814085.4349246
2.7963825520686068,1.6486756379379979,0.8264711908548997,1788814085.5349908
2.7963825520686068,1.6486756379379979,0.8264711908548997,1788814085.635088
2.7963825520686068,1.6486756379379979,0.8264711908548997,1788814085.7349796
2.796382552068606,1.6486756379379983,0.8264711908548997,1788814085.834926
2.7963825520686068,1.6486756379379979,0.8264711908548997,1788814085.9349785
2.7963825520686068,1.6486756379379979,0.8264711908548997,1788814086.0348961
2.7963825520686068,1.6486756379379979,0.8264711908548997,1788814086.1351027
2.7963825520686068,1.6486756379379979,0.8264711908548997,1788814086.2348473
2.7963825520686068,1.6486756379379979,0.8264711908548997,1788814086.3350081
2.7963825520686068,1.6486756379379979,0.8264711908548997,1788814086.4349785
2.7963825520686068,1.6486756379379979,0.8264711908548997,1788814086.5351663
2.7963825520686068,1.6486756379379979,0.8264711908548997,1788814086.6350348
2.7963825520686068,1.6486756379379979,0.8264711908548997,1788814086.7348516
2.7963825520686068,1.6486756379379983,0.8264711908548997,1788814086.8350978
2.7963825520686068,1.6486756379379979,0.8264711908548997,1788814086.9349732
2.7963825520686068,1.6486756379379979,0.8264711908548997,1788814087.0348766
2.7963825520686068,1.6486756379379979,0.8264711908548997,1788814087.135026
2.796382552068606,1.6486756379379983,0.8264711908548997,1788814087.2348456
2.796382552068606,1.6486756379379983,0.8264711908548997,1788814087.3350334
2.7963825520686068,1.6486756379379979,0.8264711908548997,1788814087.4350579
2.7963825520686068,1.6486756379379979,0.8264711908548997,1788814087.5351522
2.7963825520686068,1.6486756379379979,0.8264711908548997,1788814087.63488
2.7963825520686068,1.6486756379379983,0.8264711908548997,1788814087.7350135
2.7963825520686068,1.6486756379379979,0.8264711908548997,1788814087.834957
2.7963825520686068,1.6486756379379979,0.8264711908548997,1788814087.9351592
2.7963825520686076,1.6486756379379983,0.8264711908548997,1788814088.0349977
2.7963825520686068,1.6486756379379979,0.8264711908548997,1788814088.1349883
2.7963825520686068,1.6486756379379979,0.8264711908548997,1788814088.234917
2.7963825520686068,1.6486756379379983,0.8264711908548997,1788814088.3349211
2.7963825520686068,1.6486756379379979,0.8264711908548997,1788814088.434892
2.7963825520686068,1.6486756379379979,0.8264711908548997,1788814088.5349267
2.7963825520686068,1.6486756379379983,0.8264711908548997,1788814088.63485
2.7963825520686068,1.6486756379379979,0.8264711908548997,1788814088.7350276
2.7963825520686068,1.6486756379379979,0.8264711908548997,1788814088.8348963
2.7963825520686068,1.6486756379379979,0.8264711908548997,1788814088.9350438
2.7963825520686068,1.6486756379379979,0.8264711908548997,1788814089.0349448
2.7963825520686068,1.6486756379379979,0.8264711908548997,1788814089.134849
2.7963825520686068,1.6486756379379979,0.8264711908548997,1788814089.23501
2.7963825520686068,1.6486756379379979,0.8264711908548997,1788814089.334952
2.7963825520686068,1.6486756379379979,0.8264711908548997,1788814089.4349265
2.7963825520686068,1.6486756379379979,0.8264711908548997,1788814089.5350451
2.7963825520686068,1.6486756379379979,0.8264711908548997,1788814089.6349542
2.7963825520686068,1.6486756379379979,0.8264711908548997,1788814089.7349377
2.7963825520686068,1.6486756379379979,0.8264711908548997,1788814089.8348114
2.796382552068606,1.6486756379379983,0.8264711908548997,1788814089.9350584
2.7963825520686068,1.6486756379379979,0.8264711908548997,1788814090.034886
2.7963825520686068,1.6486756379379979,0.8264711908548997,1788814090.1349192
2.7963825520686068,1.6486756379379979,0.8264711908548997,1788814090.2349992
2.7963825520686068,1.6486756379379979,0.8264711908548997,1788814090.335236
2.7963825520686068,1.6486756379379979,0.8264711908548997,1788814090.4351292
2.7963825520686068,1.6486756379379979,0.8264711908548997,1788814090.5351417
2.7963825520686068,1.6486756379379979,0.8264711908548997,1788814090.6349306
2.7963825520686068,1.6486756379379979,0.8264711908548997,1788814090.7348976
2.7963825520686068,1.6486756379379979,0.8264711908548997,1788814090.8349926
2.7963825520686068,1.6486756379379979,0.8264711908548997,1788814090.9350388
2.7963825520686068,1.6486756379379979,0.8264711908548997,1788814091.0350428
2.7963825520686076,1.6486756379379983,0.8264711908548997,1788814091.1350029
2.7963825520686068,1.6486756379379983,0.8264711908548997,1788814091.2348497
2.796382552068606,1.6486756379379983,0.8264711908548997,1788814091.3350377
2.7963825520686068,1.6486756379379983,0.8264711908548997,1788814091.435173
2.7963825520686068,1.6486756379379979,0.8264711908548997,1788814091.5348396
2.796382552068606,1.6486756379379983,0.8264711908548997,1788814091.634897
2.7963825520686068,1.6486756379379983,0.8264711908548997,1788814091.734974
2.7963825520686068,1.6486756379379983,0.8264711908548997,1788814091.8348613
2.7963825520686068,1.6486756379379979,0.8264711908548997,1788814091.9348662
2.796382552068606,1.6486756379379983,0.8264711908548997,1788814092.0347116
2.796382552068606,1.6486756379379983,0.8264711908548997,1788814092.1348908
2.7963825520686068,1.6486756379379979,0.8264711908548997,1788814092.2348368
2.7963825520686068,1.6486756379379979,0.8264711908548997,1788814092.3349228
2.7963825520686068,1.6486756379379979,0.8264711908548997,1788814092.434937
2.7963825520686068,1.6486756379379983,0.8264711908548997,1788814092.5348933
2.7963825520686068,1.6486756379379979,0.8264711908548997,1788814092.634926
2.7963825520686068,1.6486756379379979,0.8264711908548997,1788814092.7348988
2.7963825520686068,1.6486756379379979,0.8264711908548997,1788814092.834757
2.7963825520686068,1.6486756379379979,0.8264711908548997,1788814092.9349854
2.7963825520686068,1.6486756379379983,0.8264711908548997,1788814093.0349085
2.7963825520686068,1.6486756379379979,0.8264711908548997,1788814093.1350267
2.7963825520686068,1.6486756379379979,0.8264711908548997,1788814093.2351031
2.7963825520686068,1.6486756379379979,0.8264711908548997,1788814093.334948
2.7963825520686068,1.6486756379379979,0.8264711908548997,1788814093.4351225
2.7963825520686068,1.6486756379379979,0.8264711908548997,1788814093.535119
2.7963825520686068,1.6486756379379979,0.8264711908548997,1788814093.635113
2.7963825520686068,1.6486756379379983,0.8264711908548997,1788814093.735031
2.7963825520686076,1.6486756379379983,0.8264711908548997,1788814093.8349566
2.7963825520686068,1.6486756379379979,0.8264711908548997,1788814093.9349267
2.7963825520686068,1.6486756379379979,0.8264711908548997,1788814094.0348518
2.7963825520686068,1.6486756379379983,0.8264711908548997,1788814094.135163
2.7963825520686076,1.6486756379379983,0.8264711908548997,1788814094.2349255
2.7963825520686068,1.6486756379379979,0.8264711908548997,1788814094.335049
2.7963825520686068,1.6486756379379979,0.8264711908548997,1788814094.4349413
2.7963825520686068,1.6486756379379979,0.8264711908548997,1788814094.5349655
2.7963825520686076,1.6486756379379983,0.8264711908548997,1788814094.6348867
2.7963825520686068,1.6486756379379979,0.8264711908548997,1788814094.7351863
2.796382552068606,1.6486756379379983,0.8264711908548997,1788814094.834752
2.7963825520686068,1.6486756379379979,0.8264711908548997,1788814094.9349918
2.7963825520686068,1.6486756379379979,0.8264711908548997,1788814095.034961
2.7963825520686076,1.6486756379379983,0.8264711908548997,1788814095.1349905
2.796382552068606,1.6486756379379983,0.8264711908548997,1788814095.2349124
2.7963825520686068,1.6486756379379979,0.8264711908548997,1788814095.3349428
2.796382552068606,1.6486756379379983,0.8264711908548997,1788814095.4350796
2.7963825520686068,1.6486756379379979,0.8264711908548997,1788814095.5349636
2.796382552068606,1.6486756379379983,0.8264711908548997,1788814095.6349008
2.7963825520686068,1.6486756379379979,0.8264711908548997,1788814095.7351184
2.7963825520686068,1.6486756379379979,0.8264711908548997,1788814095.834933
2.7963825520686068,1.6486756379379979,0.8264711908548997,1788814095.9352043
2.7963825520686068,1.6486756379379979,0.8264711908548997,1788814096.034844
2.7963825520686068,1.6486756379379979,0.8264711908548997,1788814096.1350248
2.7963825520686068,1.6486756379379979,0.8264711908548997,1788814096.2349563
2.7963825520686068,1.6486756379379979,0.8264711908548997,1788814096.3348436
2.7963825520686068,1.6486756379379979,0.8264711908548997,1788814096.4349012
2.7963825520686068,1.6486756379379979,0.8264711908548997,1788814096.535083
2.7963825520686068,1.6486756379379979,0.8264711908548997,1788814096.634768
2.796382552068606,1.6486756379379983,0.8264711908548997,1788814096.735161
2.7963825520686068,1.6486756379379983,0.8264711908548997,1788814096.835009
2.7963825520686068,1.6486756379379983,0.8264711908548997,1788814096.9349658
2.7963825520686068,1.6486756379379979,0.8264711908548997,1788814097.0348704
2.7963825520686068,1.6486756379379979,0.8264711908548997,1788814097.1349893
2.7963825520686068,1.6486756379379979,0.8264711908548997,1788814097.235156
2.7963825520686068,1.6486756379379983,0.8264711908548997,1788814097.3349986
2.7963825520686068,1.6486756379379979,0.8264711908548997,1788814097.4348807
2.7963825520686076,1.6486756379379979,0.8264711908548997,1788814097.5348372
2.7963825520686068,1.6486756379379979,0.8264711908548997,1788814097.6350195
2.7963825520686068,1.6486756379379979,0.8264711908548997,1788814097.734977
2.7963825520686068,1.6486756379379979,0.8264711908548997,1788814097.8349872
2.7963825520686068,1.6486756379379979,0.8264711908548997,1788814097.9350355
2.7963825520686068,1.6486756379379979,0.8264711908548997,1788814098.034878
2.7963825520686068,1.6486756379379979,0.8264711908548997,1788814098.1349223
2.7963825520686076,1.6486756379379983,0.8264711908548997,1788814098.2350056
2.796382552068606,1.6486756379379983,0.8264711908548997,1788814098.3349302
2.796382552068606,1.6486756379379983,0.8264711908548997,1788814098.4349728
2.796382552068606,1.6486756379379983,0.8264711908548997,1788814098.5351684
2.7963825520686068,1.6486756379379979,0.8264711908548997,1788814098.6348052
2.7963825520686068,1.6486756379379979,0.8264711908548997,1788814098.7350867
2.7963825520686068,1.6486756379379979,0.8264711908548997,1788814098.834858
2.7963825520686068,1.6486756379379979,0.8264711908548997,1788814098.9350514
2.7963825520686068,1.6486756379379979,0.8264711908548997,1788814099.0349414
2.7963825520686068,1.6486756379379979,0.8264711908548997,1788814099.1349778
2.7963825520686068,1.6486756379379979,0.8264711908548997,1788814099.2349389
2.7963825520686068,1.6486756379379979,0.8264711908548997,1788814099.3350146
2.796382552068606,1.6486756379379983,0.8264711908548997,1788814099.434921
2.7963825520686068,1.6486756379379979,0.8264711908548997,1788814099.535229
2.7963825520686076,1.6486756379379983,0.8264711908548997,1788814099.63504
2.7963825520686068,1.6486756379379979,0.8264711908548997,1788814099.7350407
2.796382552068606,1.6486756379379983,0.8264711908548997,1788814099.834912
2.7963825520686068,1.6486756379379983,0.8264711908548997,1788814099.9351923
2.796382552068606,1.6486756379379983,0.8264711908548997,1788814100.034778
2.7963825520686068,1.6486756379379983,0.8264711908548997,1788814100.1351705
2.7963825520686068,1.6486756379379983,0.8264711908548997,1788814100.235045
2.796382552068606,1.6486756379379983,0.8264711908548997,1788814100.3350196
2.7963825520686068,1.6486756379379983,0.8264711908548997,1788814100.4348447
2.796382552068606,1.6486756379379983,0.8264711908548997,1788814100.535004
2.7963825520686076,1.6486756379379983,0.8264711908548997,1788814100.6349561
2.7963825520686068,1.6486756379379979,0.8264711908548997,1788814100.735099
2.7963825520686068,1.6486756379379979,0.8264711908548997,1788814100.8348467
2.7963825520686068,1.6486756379379979,0.8264711908548997,1788814100.9348185
2.7963825520686068,1.6486756379379979,0.8264711908548997,1788814101.0348568
2.7963825520686068,1.6486756379379979,0.8264711908548997,1788814101.135026
2.7963825520686068,1.6486756379379979,0.8264711908548997,1788814101.2351305
2.7963825520686068,1.6486756379379979,0.8264711908548997,1788814101.3349464
2.7963825520686068,1.6486756379379983,0.8264711908548997,1788814101.4349198
2.7963825520686068,1.6486756379379979,0.8264711908548997,1788814101.5349889
2.7963825520686068,1.6486756379379979,0.8264711908548997,1788814101.634979
2.7963825520686068,1.6486756379379979,0.8264711908548997,1788814101.7350123
2.7963825520686068,1.6486756379379983,0.8264711908548997,1788814101.8348274
2.7963825520686068,1.6486756379379979,0.8264711908548997,1788814101.9350998
2.796382552068606,1.6486756379379983,0.8264711908548997,1788814102.0350146
2.7963825520686068,1.6486756379379979,0.8264711908548997,1788814102.1349459
2.7963825520686068,1.6486756379379979,0.8264711908548997,1788814102.2348893
2.7963825520686068,1.6486756379379979,0.8264711908548997,1788814102.33515
2.7963825520686068,1.6486756379379979,0.8264711908548997,1788814102.434852
2.7963825520686068,1.6486756379379979,0.8264711908548997,1788814102.535032
2.7963825520686068,1.6486756379379983,0.8264711908548997,1788814102.6349986
2.7963825520686068,1.6486756379379979,0.8264711908548997,1788814102.7350698
2.7963825520686068,1.6486756379379979,0.8264711908548997,1788814102.8351898
2.796382552068606,1.6486756379379983,0.8264711908548997,1788814102.935109
2.7963825520686068,1.6486756379379979,0.8264711908548997,1788814103.0349412
2.7963825520686068,1.6486756379379979,0.8264711908548997,1788814103.1350503
2.796382552068606,1.6486756379379983,0.8264711908548997,1788814103.2349226
2.7963825520686068,1.6486756379379979,0.8264711908548997,1788814103.3350315
2.7963825520686068,1.6486756379379979,0.8264711908548997,1788814103.4348462
2.796382552068606,1.6486756379379983,0.8264711908548997,1788814103.5351527
2.7963825520686068,1.6486756379379979,0.8264711908548997,1788814103.6348612
2.7963825520686068,1.6486756379379979,0.8264711908548997,1788814103.7350435
2.7963825520686076,1.6486756379379983,0.8264711908548997,1788814103.8349457
2.7963825520686068,1.6486756379379983,0.8264711908548997,1788814103.9350545
2.7963825520686068,1.6486756379379979,0.8264711908548997,1788814104.0348785
2.7963825520686068,1.6486756379379979,0.8264711908548997,1788814104.1348581
2.7963825520686068,1.6486756379379979,0.8264711908548997,1788814104.2348151
2.7963825520686068,1.6486756379379979,0.8264711908548997,1788814104.3349674
2.796382552068606,1.6486756379379983,0.8264711908548997,1788814104.4349275
2.7963825520686068,1.6486756379379979,0.8264711908548997,1788814104.5349004
2.796382552068606,1.6486756379379983,0.8264711908548997,1788814104.6348958
2.7963825520686076,1.6486756379379983,0.8264711908548997,1788814104.7349737
2.7963825520686068,1.6486756379379979,0.8264711908548997,1788814104.8348968
2.7963825520686068,1.6486756379379979,0.8264711908548997,1788814104.9348443
2.7963825520686068,1.6486756379379979,0.8264711908548997,1788814105.035077
2.7963825520686068,1.6486756379379979,0.8264711908548997,1788814105.135074
2.7963825520686076,1.6486756379379983,0.8264711908548997,1788814105.235029
2.7963825520686068,1.6486756379379979,0.8264711908548997,1788814105.3348806
2.7963825520686068,1.6486756379379979,0.8264711908548997,1788814105.4350438
2.7963825520686068,1.6486756379379983,0.8264711908548997,1788814105.53497
2.7963825520686068,1.6486756379379979,0.8264711908548997,1788814105.6348834
2.7963825520686076,1.6486756379379983,0.8264711908548997,1788814105.7351356
2.7963825520686068,1.6486756379379979,0.8264711908548997,1788814105.8350182
2.796382552068606,1.6486756379379983,0.8264711908548997,1788814105.9350817
2.7963825520686068,1.6486756379379979,0.8264711908548997,1788814106.034831
2.796382552068606,1.6486756379379983,0.8264711908548997,1788814106.1349766
2.7963825520686076,1.6486756379379983,0.8264711908548997,1788814106.2348058
2.7963825520686068,1.6486756379379979,0.8264711908548997,1788814106.3350387
2.7963825520686068,1.6486756379379979,0.8264711908548997,1788814106.4350317
2.7963825520686068,1.6486756379379979,0.8264711908548997,1788814106.5374227
2.7963825520686068,1.6486756379379979,0.8264711908548997,1788814106.6348808
2.7963825520686068,1.6486756379379979,0.8264711908548997,1788814106.735033
2.7963825520686068,1.6486756379379979,0.8264711908548997,1788814106.834744
2.7963825520686068,1.6486756379379983,0.8264711908548997,1788814106.934931
2.7963825520686068,1.6486756379379979,0.8264711908548997,1788814107.0348756
2.7963825520686068,1.6486756379379979,0.8264711908548997,1788814107.1349025
2.7963825520686068,1.6486756379379983,0.8264711908548997,1788814107.2348611
2.7963825520686068,1.6486756379379979,0.8264711908548997,1788814107.335035
2.7963825520686068,1.6486756379379979,0.8264711908548997,1788814107.4348338
2.796382552068606,1.6486756379379983,0.8264711908548997,1788814107.535176
2.796382552068606,1.6486756379379983,0.8264711908548997,1788814107.634837
2.7963825520686068,1.6486756379379983,0.8264711908548997,1788814107.7348478
2.7963825520686068,1.6486756379379979,0.8264711908548997,1788814107.8349357
2.7963825520686068,1.6486756379379983,0.8264711908548997,1788814107.9348466
2.7963825520686068,1.6486756379379979,0.8264711908548997,1788814108.0349352
2.7963825520686068,1.6486756379379979,0.8264711908548997,1788814108.1349814
2.7963825520686068,1.6486756379379979,0.8264711908548997,1788814108.2350142
2.7963825520686068,1.6486756379379979,0.8264711908548997,1788814108.3350105
2.7963825520686076,1.6486756379379983,0.8264711908548997,1788814108.4351602
2.7963825520686068,1.6486756379379979,0.8264711908548997,1788814108.5349824
2.7963825520686076,1.6486756379379983,0.8264711908548997,1788814108.6350167
2.7963825520686068,1.6486756379379979,0.8264711908548997,1788814108.7351253
2.7963825520686068,1.6486756379379979,0.8264711908548997,1788814108.834879
2.7963825520686068,1.6486756379379979,0.8264711908548997,1788814108.9349377
2.7963825520686068,1.6486756379379979,0.8264711908548997,1788814109.034924
2.7963825520686068,1.6486756379379979,0.8264711908548997,1788814109.1352372
2.7963825520686068,1.6486756379379979,0.8264711908548997,1788814109.235148
2.7963825520686068,1.6486756379379979,0.8264711908548997,1788814109.3350382
2.7963825520686068,1.6486756379379979,0.8264711908548997,1788814109.4349642
2.7963825520686068,1.6486756379379983,0.8264711908548997,1788814109.5350392
2.7963825520686068,1.6486756379379979,0.8264711908548997,1788814109.6349306
2.7963825520686068,1.6486756379379979,0.8264711908548997,1788814109.7350264
2.7963825520686068,1.6486756379379979,0.8264711908548997,1788814109.835003
2.7963825520686068,1.6486756379379979,0.8264711908548997,1788814109.9350195
2.796382552068606,1.6486756379379983,0.8264711908548997,1788814110.0349636
2.7963825520686076,1.6486756379379983,0.8264711908548997,1788814110.1349275
2.7963825520686068,1.6486756379379979,0.8264711908548997,1788814110.2348287
2.7963825520686068,1.6486756379379979,0.8264711908548997,1788814110.3348722
2.7963825520686068,1.6486756379379979,0.8264711908548997,1788814110.4349492
2.7963825520686068,1.6486756379379979,0.8264711908548997,1788814110.5350258
2.7963825520686068,1.6486756379379979,0.8264711908548997,1788814110.6366966
2.7963825520686068,1.6486756379379979,0.8264711908548997,1788814110.7351897
2.7963825520686068,1.6486756379379979,0.8264711908548997,1788814110.834787
2.7963825520686068,1.6486756379379979,0.8264711908548997,1788814110.934996
2.7963825520686068,1.6486756379379979,0.8264711908548997,1788814111.0349593
2.7963825520686068,1.6486756379379979,0.8264711908548997,1788814111.1349547
2.7963825520686068,1.6486756379379979,0.8264711908548997,1788814111.234914
2.7963825520686068,1.6486756379379979,0.8264711908548997,1788814111.3350394
2.7963825520686068,1.6486756379379983,0.8264711908548997,1788814111.434936
2.7963825520686068,1.6486756379379979,0.8264711908548997,1788814111.5349445
2.7963825520686068,1.6486756379379979,0.8264711908548997,1788814111.6348977
2.7963825520686068,1.6486756379379979,0.8264711908548997,1788814111.7348928
2.7963825520686068,1.6486756379379979,0.8264711908548997,1788814111.835037
2.7963825520686068,1.6486756379379979,0.8264711908548997,1788814111.9349885
2.7963825520686068,1.6486756379379979,0.8264711908548997,1788814112.0348375
2.7963825520686068,1.6486756379379979,0.8264711908548997,1788814112.1349795
2.7963825520686068,1.6486756379379979,0.8264711908548997,1788814112.2348423
2.7963825520686076,1.6486756379379983,0.8264711908548997,1788814112.3349094
2.7963825520686068,1.6486756379379979,0.8264711908548997,1788814112.434855
2.7963825520686068,1.6486756379379979,0.8264711908548997,1788814112.5349922
2.7963825520686068,1.6486756379379979,0.8264711908548997,1788814112.6349843
2.7963825520686068,1.6486756379379979,0.8264711908548997,1788814112.7348657
2.7963825520686068,1.6486756379379979,0.8264711908548997,1788814112.835159
2.7963825520686068,1.6486756379379979,0.8264711908548997,1788814112.934836
2.7963825520686068,1.6486756379379979,0.8264711908548997,1788814113.0348504
2.7963825520686068,1.6486756379379979,0.8264711908548997,1788814113.1350446
2.7963825520686068,1.6486756379379979,0.8264711908548997,1788814113.234849
2.7963825520686068,1.6486756379379979,0.8264711908548997,1788814113.3349419
2.7963825520686068,1.6486756379379979,0.8264711908548997,1788814113.4349642
2.7963825520686068,1.6486756379379979,0.8264711908548997,1788814113.534948
2.7963825520686068,1.6486756379379979,0.8264711908548997,1788814113.6348326
2.7963825520686068,1.6486756379379979,0.8264711908548997,1788814113.735032
2.7963825520686068,1.6486756379379979,0.8264711908548997,1788814113.834904
2.7963825520686068,1.6486756379379979,0.8264711908548997,1788814113.93509
2.7963825520686068,1.6486756379379979,0.8264711908548997,1788814114.0349205
2.7963825520686068,1.6486756379379979,0.8264711908548997,1788814114.13505
2.7963825520686068,1.6486756379379979,0.8264711908548997,1788814114.2348354
2.7963825520686068,1.6486756379379979,0.8264711908548997,1788814114.3349893
2.7963825520686068,1.6486756379379979,0.8264711908548997,1788814114.4348795
2.7963825520686068,1.6486756379379979,0.8264711908548997,1788814114.534867
2.7963825520686076,1.6486756379379979,0.8264711908548997,1788814114.634865
2.796382552068606,1.6486756379379983,0.8264711908548997,1788814114.736293
2.7963825520686068,1.6486756379379979,0.8264711908548997,1788814114.8350027
2.7963825520686076,1.6486756379379983,0.8264711908548997,1788814114.9350123
2.7963825520686068,1.6486756379379979,0.8264711908548997,1788814115.0349808
2.7963825520686068,1.6486756379379979,0.8264711908548997,1788814115.1351204
2.7963825520686068,1.6486756379379979,0.8264711908548997,1788814115.234955
2.7963825520686068,1.6486756379379983,0.8264711908548997,1788814115.3348768
2.7963825520686068,1.6486756379379979,0.8264711908548997,1788814115.434924
2.7963825520686068,1.6486756379379983,0.8264711908548997,1788814115.5351036
2.7963825520686068,1.6486756379379979,0.8264711908548997,1788814115.6348534
2.796382552068606,1.6486756379379983,0.8264711908548997,1788814115.7350159
2.7963825520686068,1.6486756379379979,0.8264711908548997,1788814115.8349457
2.7963825520686068,1.6486756379379979,0.8264711908548997,1788814115.935044
2.7963825520686068,1.6486756379379979,0.8264711908548997,1788814116.0380244
2.7963825520686068,1.6486756379379979,0.8264711908548997,1788814116.1349173
2.7963825520686068,1.6486756379379983,0.8264711908548997,1788814116.2350838
2.7963825520686068,1.6486756379379983,0.8264711908548997,1788814116.3362515
2.7963825520686068,1.6486756379379979,0.8264711908548997,1788814116.4348862
2.7963825520686068,1.6486756379379979,0.8264711908548997,1788814116.53487
2.7963825520686068,1.6486756379379979,0.8264711908548997,1788814116.6366317
2.7963825520686068,1.6486756379379979,0.8264711908548997,1788814116.7349625
2.7963825520686068,1.6486756379379979,0.8264711908548997,1788814116.8422701
2.7963825520686068,1.6486756379379979,0.8264711908548997,1788814116.9377997
2.7963825520686076,1.6486756379379983,0.8264711908548997,1788814117.034812
2.796382552068606,1.6486756379379983,0.8264711908548997,1788814117.1352642
2.7963825520686068,1.6486756379379979,0.8264711908548997,1788814117.23486
2.7963825520686076,1.6486756379379979,0.8264711908548997,1788814117.3353598
2.796382552068606,1.6486756379379983,0.8264711908548997,1788814117.4351573
2.7963825520686076,1.6486756379379983,0.8264711908548997,1788814117.5349963
2.7963825520686068,1.6486756379379979,0.8264711908548997,1788814117.6349778
2.7963825520686068,1.6486756379379979,0.8264711908548997,1788814117.7349632
2.7963825520686068,1.6486756379379983,0.8264711908548997,1788814117.8351107
2.7963825520686068,1.6486756379379979,0.8264711908548997,1788814117.9351768
2.7963825520686068,1.6486756379379979,0.8264711908548997,1788814118.03487
2.7963825520686076,1.6486756379379983,0.8264711908548997,1788814118.134876
2.7963825520686068,1.6486756379379979,0.8264711908548997,1788814118.2348812
2.7963825520686068,1.6486756379379983,0.8264711908548997,1788814118.3352365
2.7963825520686068,1.6486756379379979,0.8264711908548997,1788814118.4349692
2.7963825520686068,1.6486756379379979,0.8264711908548997,1788814118.5349476
2.796382552068606,1.6486756379379983,0.8264711908548997,1788814118.6351368
