map.x,map.y,map.yaw,stamp
4.3839644501959345,-1.647256579457622,-1.1404535439776482,1788742596.8924654
4.3839644501959345,-1.647256579457622,-1.1404535439776482,1788742596.9925053
4.3839644501959345,-1.647256579457622,-1.1404535439776482,1788742597.0926876
4.3839644501959345,-1.647256579457622,-1.1404535439776482,1788742597.192602
4.3839644501959345,-1.647256579457622,-1.1404535439776482,1788742597.2925203
4.3839644501959345,-1.647256579457622,-1.1404535439776482,1788742597.392499
4.3839644501959345,-1.647256579457622,-1.1404535439776482,1788742597.4925494
4.3839644501959345,-1.647256579457622,-1.1404535439776482,1788742597.5925362
4.3839644501959345,-1.647256579457622,-1.1404535439776482,1788742597.6927702
4.3839644501959345,-1.647256579457622,-1.1404535439776482,1788742597.7924836
4.3839644501959345,-1.647256579457622,-1.1404535439776482,1788742597.892487
4.3839644501959345,-1.647256579457622,-1.1404535439776482,1788742597.9925525
4.3839644501959345,-1.647256579457622,-1.1404535439776482,1788742598.092711
4.3839644501959345,-1.647256579457622,-1.1404535439776482,1788742598.1925464
4.3839644501959345,-1.647256579457622,-1.1404535439776482,1788742598.2924516
4.3839644501959345,-1.647256579457622,-1.1404535439776482,1788742598.3924885
4.3839644501959345,-1.647256579457622,-1.1404535439776482,1788742598.4925225
4.3839644501959345,-1.647256579457622,-1.1404535439776482,1788742598.5924447
4.3839644501959345,-1.647256579457622,-1.1404535439776482,1788742598.692426
4.3839644501959345,-1.647256579457622,-1.1404535439776482,1788742598.7925937
4.3839644501959345,-1.647256579457622,-1.1404535439776482,1788742598.8925464
4.3839644501959345,-1.647256579457622,-1.1404535439776482,1788742598.992542
4.3839644501959345,-1.647256579457622,-1.1404535439776482,1788742599.092424
4.3839644501959345,-1.647256579457622,-1.1404535439776482,1788742599.192457
4.3839644501959345,-1.647256579457622,-1.1404535439776482,1788742599.2924898
4.3839644501959345,-1.647256579457622,-1.1404535439776482,1788742599.3924932
4.3839644501959345,-1.647256579457622,-1.1404535439776482,1788742599.492497
4.3839644501959345,-1.647256579457622,-1.1404535439776482,1788742599.5925367
4.3839644501959345,-1.647256579457622,-1.1404535439776482,1788742599.6924605
4.3839644501959345,-1.647256579457622,-1.1404535439776482,1788742599.7925384
4.3839644501959345,-1.647256579457622,-1.1404535439776482,1788742599.8924856
4.3839644501959345,-1.647256579457622,-1.1404535439776482,1788742599.992513
4.3839644501959345,-1.647256579457622,-1.1404535439776482,1788742600.0924747
4.3839644501959345,-1.647256579457622,-1.1404535439776482,1788742600.1924803
4.3839644501959345,-1.647256579457622,-1.1404535439776482,1788742600.2925282
4.3839644501959345,-1.647256579457622,-1.1404535439776482,1788742600.3927512
4.3839644501959345,-1.647256579457622,-1.1404535439776482,1788742600.4926128
4.3839644501959345,-1.647256579457622,-1.1404535439776482,1788742600.5925612
4.3839644501959345,-1.647256579457622,-1.1404535439776482,1788742600.6925404
4.3839644501959345,-1.647256579457622,-1.1404535439776482,1788742600.7924995
4.3839644501959345,-1.647256579457622,-1.1404535439776482,1788742600.8925629
4.3839644501959345,-1.647256579457622,-1.1404535439776482,1788742600.9925697
4.3839644501959345,-1.647256579457622,-1.1404535439776482,1788742601.0924628
4.3839644501959345,-1.647256579457622,-1.1404535439776482,1788742601.1924362
4.3839644501959345,-1.647256579457622,-1.1404535439776482,1788742601.292538
4.3839644501959345,-1.647256579457622,-1.1404535439776482,1788742601.3924441
4.3839644501959345,-1.647256579457622,-1.1404535439776482,1788742601.4926686
4.3839644501959345,-1.647256579457622,-1.1404535439776482,1788742601.592532
4.3839644501959345,-1.647256579457622,-1.1404535439776482,1788742601.6925383
4.3839644501959345,-1.647256579457622,-1.1404535439776482,1788742601.792511
4.3839644501959345,-1.647256579457622,-1.1404535439776482,1788742601.8924286
4.3839644501959345,-1.647256579457622,-1.1404535439776482,1788742601.9925132
4.3839644501959345,-1.647256579457622,-1.1404535439776482,1788742602.0925307
4.3839644501959345,-1.647256579457622,-1.1404535439776482,1788742602.1925066
4.3839644501959345,-1.647256579457622,-1.1404535439776482,1788742602.292702
4.3839644501959345,-1.647256579457622,-1.1404535439776482,1788742602.392521
4.3839644501959345,-1.647256579457622,-1.1404535439776482,1788742602.4925487
4.3839644501959345,-1.647256579457622,-1.1404535439776482,1788742602.5924935
4.3839644501959345,-1.647256579457622,-1.1404535439776482,1788742602.6924603
4.3839644501959345,-1.647256579457622,-1.1404535439776482,1788742602.7925208
4.3839644501959345,-1.647256579457622,-1.1404535439776482,1788742602.8925345
4.3839644501959345,-1.647256579457622,-1.1404535439776482,1788742602.9925313
4.3839644501959345,-1.647256579457622,-1.1404535439776482,1788742603.0924199
4.3839644501959345,-1.647256579457622,-1.1404535439776482,1788742603.192759
4.3839644501959345,-1.647256579457622,-1.1404535439776482,1788742603.292451
4.3839644501959345,-1.647256579457622,-1.1404535439776482,1788742603.3924413
4.3839644501959345,-1.647256579457622,-1.1404535439776482,1788742603.4924946
4.3839644501959345,-1.647256579457622,-1.1404535439776482,1788742603.5924613
4.3839644501959345,-1.647256579457622,-1.1404535439776482,1788742603.692481
4.3839644501959345,-1.647256579457622,-1.1404535439776482,1788742603.792441
4.3839644501959345,-1.647256579457622,-1.1404535439776482,1788742603.8925831
4.3839644501959345,-1.647256579457622,-1.1404535439776482,1788742603.9924293
4.3839644501959345,-1.647256579457622,-1.1404535439776482,1788742604.0924284
4.3839644501959345,-1.647256579457622,-1.1404535439776482,1788742604.1924314
4.3839644501959345,-1.647256579457622,-1.1404535439776482,1788742604.292524
4.3839644501959345,-1.647256579457622,-1.1404535439776482,1788742604.3924375
4.3839644501959345,-1.647256579457622,-1.1404535439776482,1788742604.492618
4.3839644501959345,-1.647256579457622,-1.1404535439776482,1788742604.5925376
4.3839644501959345,-1.647256579457622,-1.1404535439776482,1788742604.6925597
4.3839644501959345,-1.647256579457622,-1.1404535439776482,1788742604.79254
4.3839644501959345,-1.647256579457622,-1.1404535439776482,1788742604.892492
4.3839644501959345,-1.647256579457622,-1.1404535439776482,1788742604.9924734
4.3839644501959345,-1.647256579457622,-1.1404535439776482,1788742605.0925362
4.3839644501959345,-1.647256579457622,-1.1404535439776482,1788742605.1925502
4.3839644501959345,-1.647256579457622,-1.1404535439776482,1788742605.2925022
4.3839644501959345,-1.647256579457622,-1.1404535439776482,1788742605.3924754
4.3839644501959345,-1.647256579457622,-1.1404535439776482,1788742605.4925733
4.3839644501959345,-1.647256579457622,-1.1404535439776482,1788742605.5924919
4.3839644501959345,-1.647256579457622,-1.1404535439776482,1788742605.6924949
4.3839644501959345,-1.647256579457622,-1.1404535439776482,1788742605.7924752
4.3839644501959345,-1.647256579457622,-1.1404535439776482,1788742605.8924897
4.3839644501959345,-1.647256579457622,-1.1404535439776482,1788742605.992509
4.3839644501959345,-1.647256579457622,-1.1404535439776482,1788742606.0925534
4.3839644501959345,-1.647256579457622,-1.1404535439776482,1788742606.192543
4.3839644501959345,-1.647256579457622,-1.1404535439776482,1788742606.2925014
4.3839644501959345,-1.647256579457622,-1.1404535439776482,1788742606.392547
4.3839644501959345,-1.647256579457622,-1.1404535439776482,1788742606.4925492
4.3839644501959345,-1.647256579457622,-1.1404535439776482,1788742606.5924852
4.3839644501959345,-1.647256579457622,-1.1404535439776482,1788742606.6924567
4.3839644501959345,-1.647256579457622,-1.1404535439776482,1788742606.7925653
4.3839644501959345,-1.647256579457622,-1.1404535439776482,1788742606.8925643
4.3839644501959345,-1.647256579457622,-1.1404535439776482,1788742606.992528
4.3839644501959345,-1.647256579457622,-1.1404535439776482,1788742607.092539
4.3839644501959345,-1.647256579457622,-1.1404535439776482,1788742607.1925993
4.3839644501959345,-1.647256579457622,-1.1404535439776482,1788742607.2924907
4.3839644501959345,-1.647256579457622,-1.1404535439776482,1788742607.3925252
4.3839644501959345,-1.647256579457622,-1.1404535439776482,1788742607.4925437
4.3839644501959345,-1.647256579457622,-1.1404535439776482,1788742607.5924344
4.3839644501959345,-1.647256579457622,-1.1404535439776482,1788742607.6925025
4.3839644501959345,-1.647256579457622,-1.1404535439776482,1788742607.792425
4.3839644501959345,-1.647256579457622,-1.1404535439776482,1788742607.8926628
4.3839644501959345,-1.647256579457622,-1.1404535439776482,1788742607.9926603
4.3839644501959345,-1.647256579457622,-1.1404535439776482,1788742608.0924954
4.3839644501959345,-1.647256579457622,-1.1404535439776482,1788742608.1924822
4.3839644501959345,-1.647256579457622,-1.1404535439776482,1788742608.2925332
4.3839644501959345,-1.647256579457622,-1.1404535439776482,1788742608.3925257
4.3839644501959345,-1.647256579457622,-1.1404535439776482,1788742608.492452
4.3839644501959345,-1.647256579457622,-1.1404535439776482,1788742608.5925267
4.3839644501959345,-1.647256579457622,-1.1404535439776482,1788742608.6925323
4.3839644501959345,-1.647256579457622,-1.1404535439776482,1788742608.79278
4.3839644501959345,-1.647256579457622,-1.1404535439776482,1788742608.8924968
4.3839644501959345,-1.647256579457622,-1.1404535439776482,1788742608.992577
4.3839644501959345,-1.647256579457622,-1.1404535439776482,1788742609.0925367
4.3839644501959345,-1.647256579457622,-1.1404535439776482,1788742609.1924498
4.3839644501959345,-1.647256579457622,-1.1404535439776482,1788742609.2924523
4.3839644501959345,-1.647256579457622,-1.1404535439776482,1788742609.3925376
4.3839644501959345,-1.647256579457622,-1.1404535439776482,1788742609.4925873
4.3839644501959345,-1.647256579457622,-1.1404535439776482,1788742609.5925205
4.3839644501959345,-1.647256579457622,-1.1404535439776482,1788742609.692538
4.3839644501959345,-1.647256579457622,-1.1404535439776482,1788742609.7925043
4.3839644501959345,-1.647256579457622,-1.1404535439776482,1788742609.892677
4.3839644501959345,-1.647256579457622,-1.1404535439776482,1788742609.9925086
4.3839644501959345,-1.647256579457622,-1.1404535439776482,1788742610.09249
4.3839644501959345,-1.647256579457622,-1.1404535439776482,1788742610.192493
4.3839644501959345,-1.647256579457622,-1.1404535439776482,1788742610.2925348
4.3839644501959345,-1.647256579457622,-1.1404535439776482,1788742610.392548
4.3839644501959345,-1.647256579457622,-1.1404535439776482,1788742610.492568
4.3839644501959345,-1.647256579457622,-1.1404535439776482,1788742610.592501
4.3839644501959345,-1.647256579457622,-1.1404535439776482,1788742610.6925633
4.3839644501959345,-1.647256579457622,-1.1404535439776482,1788742610.7925425
4.3839644501959345,-1.647256579457622,-1.1404535439776482,1788742610.8925126
4.3839644501959345,-1.647256579457622,-1.1404535439776482,1788742610.9925547
4.3839644501959345,-1.647256579457622,-1.1404535439776482,1788742611.0925107
4.3839644501959345,-1.647256579457622,-1.1404535439776482,1788742611.1925128
4.3839644501959345,-1.647256579457622,-1.1404535439776482,1788742611.2925105
4.3839644501959345,-1.647256579457622,-1.1404535439776482,1788742611.3925033
4.3839644501959345,-1.647256579457622,-1.1404535439776482,1788742611.492504
4.3839644501959345,-1.647256579457622,-1.1404535439776482,1788742611.5925019
4.3839644501959345,-1.647256579457622,-1.1404535439776482,1788742611.6925583
4.3839644501959345,-1.647256579457622,-1.1404535439776482,1788742611.7924967
4.3839644501959345,-1.647256579457622,-1.1404535439776482,1788742611.892551
4.3839644501959345,-1.647256579457622,-1.1404535439776482,1788742611.9926965
4.3839644501959345,-1.647256579457622,-1.1404535439776482,1788742612.0925705
4.3839644501959345,-1.647256579457622,-1.1404535439776482,1788742612.1926725
4.3839644501959345,-1.647256579457622,-1.1404535439776482,1788742612.2925212
4.3839644501959345,-1.647256579457622,-1.1404535439776482,1788742612.3925292
4.3839644501959345,-1.647256579457622,-1.1404535439776482,1788742612.492477
4.3839644501959345,-1.647256579457622,-1.1404535439776482,1788742612.5925596
4.3839644501959345,-1.647256579457622,-1.1404535439776482,1788742612.6925726
4.3839644501959345,-1.647256579457622,-1.1404535439776482,1788742612.7924838
4.3839644501959345,-1.647256579457622,-1.1404535439776482,1788742612.8925161
4.3839644501959345,-1.647256579457622,-1.1404535439776482,1788742612.9925241
4.3839644501959345,-1.647256579457622,-1.1404535439776482,1788742613.092568
4.3839644501959345,-1.647256579457622,-1.1404535439776482,1788742613.192544
4.3839644501959345,-1.647256579457622,-1.1404535439776482,1788742613.292526
4.3839644501959345,-1.647256579457622,-1.1404535439776482,1788742613.3925023
4.3839644501959345,-1.647256579457622,-1.1404535439776482,1788742613.4925694
-0.09999999999999964,0.11999999999999744,0.11517000000000001,1788742649.5924466
-0.09999999999999964,0.11999999999999744,0.11517000000000001,1788742649.6925437
-0.09999999999999964,0.11999999999999744,0.11517000000000001,1788742649.7924953
-0.09999999999999964,0.11999999999999744,0.11517000000000001,1788742649.892527
-0.09999999999999964,0.11999999999999744,0.11517000000000001,1788742649.992493
-0.09999999999999964,0.11999999999999744,0.11517000000000001,1788742650.09255
-0.09999999999999964,0.11999999999999744,0.11517000000000001,1788742650.1924953
-0.09999999999999964,0.11999999999999744,0.11517000000000001,1788742650.292471
-0.09999999999999964,0.11999999999999744,0.11517000000000001,1788742650.3927057
-0.09999999999999964,0.11999999999999744,0.11517000000000001,1788742650.4925818
-0.09999999999999964,0.11999999999999744,0.11517000000000001,1788742650.592486
-0.09999999999999964,0.11999999999999744,0.11517000000000001,1788742650.69249
-0.09999999999999964,0.11999999999999744,0.11517000000000001,1788742650.7925472
-0.09999999999999964,0.11999999999999744,0.11517000000000001,1788742650.8925307
-0.09999999999999964,0.11999999999999744,0.11517000000000001,1788742650.992488
-0.09999999999999964,0.11999999999999744,0.11517000000000001,1788742651.0925682
-0.09999999999999964,0.11999999999999744,0.11517000000000001,1788742651.1925368
-0.09999999999999964,0.11999999999999744,0.11517000000000001,1788742651.2925036
-0.09999999999999964,0.11999999999999744,0.11517000000000001,1788742651.3925397
-0.09999999999999964,0.11999999999999744,0.11517000000000001,1788742651.4924912
-0.09999999999999964,0.11999999999999744,0.11517000000000001,1788742651.592418
-0.09999999999999964,0.11999999999999744,0.11517000000000001,1788742651.6924932
-0.09999999999999964,0.11999999999999744,0.11517000000000001,1788742651.7925034
-0.09999999999999964,0.11999999999999744,0.11517000000000001,1788742651.892481
-0.09999999999999964,0.11999999999999744,0.11517000000000001,1788742651.9925408
-0.09999999999999964,0.11999999999999744,0.11517000000000001,1788742652.0927105
-0.09999999999999964,0.11999999999999744,0.11517000000000001,1788742652.1925492
-0.09999999999999964,0.11999999999999744,0.11517000000000001,1788742652.2926288
-0.09999999999999964,0.11999999999999744,0.11517000000000001,1788742652.3925447
-0.09999999999999964,0.11999999999999744,0.11517000000000001,1788742652.4925222
-0.09999999999999964,0.11999999999999744,0.11517000000000001,1788742652.5949004
-0.09999999999999964,0.11999999999999744,0.11517000000000001,1788742652.692506
-0.09999999999999964,0.11999999999999744,0.11517000000000001,1788742652.792501
-0.09999999999999964,0.11999999999999744,0.11517000000000001,1788742652.8925521
-0.09999999999999964,0.11999999999999744,0.11517000000000001,1788742652.9924493
-0.09999999999999964,0.11999999999999744,0.11517000000000001,1788742653.092491
-0.09999999999999964,0.11999999999999744,0.11517000000000001,1788742653.1924992
-0.09999999999999964,0.11999999999999744,0.11517000000000001,1788742653.2925713
-0.09999999999999964,0.11999999999999744,0.11517000000000001,1788742653.3925552
-0.09999999999999964,0.11999999999999744,0.11517000000000001,1788742653.4924803
-0.09999999999999964,0.11999999999999744,0.11517000000000001,1788742653.592554
-0.09999999999999964,0.11999999999999744,0.11517000000000001,1788742653.692633
-0.09999999999999964,0.11999999999999744,0.11517000000000001,1788742653.7924905
-0.09999999999999964,0.11999999999999744,0.11517000000000001,1788742653.892549
-0.09999999999999964,0.11999999999999744,0.11517000000000001,1788742653.9925513
-0.09999999999999964,0.11999999999999744,0.11517000000000001,1788742654.0925562
-0.09999999999999964,0.11999999999999744,0.11517000000000001,1788742654.1924908
-0.09999999999999964,0.11999999999999744,0.11517000000000001,1788742654.2925308
-0.09999999999999964,0.11999999999999744,0.11517000000000001,1788742654.3924828
-0.09999999999999964,0.11999999999999744,0.11517000000000001,1788742654.4925485
-0.09999999999999964,0.11999999999999744,0.11517000000000001,1788742654.5925443
-0.09999999999999964,0.11999999999999744,0.11517000000000001,1788742654.692507
-0.09999999999999964,0.11999999999999744,0.11517000000000001,1788742654.792476
-0.09999999999999964,0.11999999999999744,0.11517000000000001,1788742654.892494
-0.09999999999999964,0.11999999999999744,0.11517000000000001,1788742654.9926393
-0.09999999999999964,0.11999999999999744,0.11517000000000001,1788742655.0925424
-0.09999999999999964,0.11999999999999744,0.11517000000000001,1788742655.1924915
-0.09999999999999964,0.11999999999999744,0.11517000000000001,1788742655.292665
-0.09999999999999964,0.11999999999999744,0.11517000000000001,1788742655.3925445
-0.09999999999999964,0.11999999999999744,0.11517000000000001,1788742655.4925406
-0.09999999999999964,0.11999999999999744,0.11517000000000001,1788742655.5925133
-0.09999999999999964,0.11999999999999744,0.11517000000000001,1788742655.6924593
-0.09999999999999964,0.11999999999999744,0.11517000000000001,1788742655.7925282
-0.09999999999999964,0.11999999999999744,0.11517000000000001,1788742655.8925023
-0.09999999999999964,0.11999999999999744,0.11517000000000001,1788742655.99249
-0.09999999999999964,0.11999999999999744,0.11517000000000001,1788742656.0924928
-0.09999999999999964,0.11999999999999744,0.11517000000000001,1788742656.1925647
-0.09999999999999964,0.11999999999999744,0.11517000000000001,1788742656.2925422
-0.09999999999999964,0.11999999999999744,0.11517000000000001,1788742656.3926795
-0.09999999999999964,0.11999999999999744,0.11517000000000001,1788742656.492591
-0.09999999999999964,0.11999999999999744,0.11517000000000001,1788742656.5924408
-0.09999999999999964,0.11999999999999744,0.11517000000000001,1788742656.692547
-0.09999999999999964,0.11999999999999744,0.11517000000000001,1788742656.7926764
-0.09999999999999964,0.11999999999999744,0.11517000000000001,1788742656.8925405
-0.09999999999999964,0.11999999999999744,0.11517000000000001,1788742656.9925523
-0.09999999999999964,0.11999999999999744,0.11517000000000001,1788742657.0924873
-0.09999999999999964,0.11999999999999744,0.11517000000000001,1788742657.1925447
-0.09999999999999964,0.11999999999999744,0.11517000000000001,1788742657.2925446
-0.09999999999999964,0.11999999999999744,0.11517000000000001,1788742657.3925552
-0.09999999999999964,0.11999999999999744,0.11517000000000001,1788742657.492547
-0.09999999999999964,0.11999999999999744,0.11517000000000001,1788742657.5926704
-0.09999999999999964,0.11999999999999744,0.11517000000000001,1788742657.6924584
-0.09999999999999964,0.11999999999999744,0.11517000000000001,1788742657.7926848
-0.09999999999999964,0.11999999999999744,0.11517000000000001,1788742657.892421
-0.09999999999999964,0.11999999999999744,0.11517000000000001,1788742657.9925601
-0.09999999999999964,0.11999999999999744,0.11517000000000001,1788742658.0925019
-0.09999999999999964,0.11999999999999744,0.11517000000000001,1788742658.192519
-0.09999999999999964,0.11999999999999744,0.11517000000000001,1788742658.2925508
-0.09999999999999964,0.11999999999999744,0.11517000000000001,1788742658.392436
-0.09999999999999964,0.11999999999999744,0.11517000000000001,1788742658.492599
-0.09999999999999964,0.11999999999999744,0.11517000000000001,1788742658.5925355
-0.09999999999999964,0.11999999999999744,0.11517000000000001,1788742658.692557
-0.09999999999999964,0.11999999999999744,0.11517000000000001,1788742658.7925384
-0.09999999999999964,0.11999999999999744,0.11517000000000001,1788742658.8924932
-0.09999999999999964,0.11999999999999744,0.11517000000000001,1788742658.9924185
-0.09999999999999964,0.11999999999999744,0.11517000000000001,1788742659.0925174
-0.09999999999999964,0.11999999999999744,0.11517000000000001,1788742659.192662
-0.09999999999999964,0.11999999999999744,0.11517000000000001,1788742659.2924592
-0.09999999999999964,0.11999999999999744,0.11517000000000001,1788742659.392739
-0.09999999999999964,0.11999999999999744,0.11517000000000001,1788742659.492857
-0.09999999999999964,0.11999999999999744,0.11517000000000001,1788742659.5924683
-0.09999999999999964,0.11999999999999744,0.11517000000000001,1788742659.6924608
-0.09999999999999964,0.11999999999999744,0.11517000000000001,1788742659.792517
-0.09999999999999964,0.11999999999999744,0.11517000000000001,1788742659.8925552
-0.09999999999999964,0.11999999999999744,0.11517000000000001,1788742659.992547
-0.09999999999999964,0.11999999999999744,0.11517000000000001,1788742660.0925524
-0.09999999999999964,0.11999999999999744,0.11517000000000001,1788742660.1925597
-0.09999999999999964,0.11999999999999744,0.11517000000000001,1788742660.2925408
-0.09999999999999964,0.11999999999999744,0.11517000000000001,1788742660.3924983
-0.09999999999999964,0.11999999999999744,0.11517000000000001,1788742660.4925406
-0.09999999999999964,0.11999999999999744,0.11517000000000001,1788742660.5927112
-0.09999999999999964,0.11999999999999744,0.11517000000000001,1788742660.6925356
-0.09999999999999964,0.11999999999999744,0.11517000000000001,1788742660.7925472
-0.09999999999999964,0.11999999999999744,0.11517000000000001,1788742660.892606
-0.09999999999999964,0.11999999999999744,0.11517000000000001,1788742660.9925346
-0.09999999999999964,0.11999999999999744,0.11517000000000001,1788742661.092545
-0.09999999999999964,0.11999999999999744,0.11517000000000001,1788742661.1924515
-0.09999999999999964,0.11999999999999744,0.11517000000000001,1788742661.2925274
-0.09999999999999964,0.11999999999999744,0.11517000000000001,1788742661.3924425
-0.09999999999999964,0.11999999999999744,0.11517000000000001,1788742661.4925225
-0.09999999999999964,0.11999999999999744,0.11517000000000001,1788742661.5924945
-0.09999999999999964,0.11999999999999744,0.11517000000000001,1788742661.6927335
-0.09999999999999964,0.11999999999999744,0.11517000000000001,1788742661.792479
-0.09999999999999964,0.11999999999999744,0.11517000000000001,1788742661.8924308
-0.09999999999999964,0.11999999999999744,0.11517000000000001,1788742661.9926445
-0.09999999999999964,0.11999999999999744,0.11517000000000001,1788742662.0924938
-0.09999999999999964,0.11999999999999744,0.11517000000000001,1788742662.192428
-0.09999999999999964,0.11999999999999744,0.11517000000000001,1788742662.2924812
-0.09999999999999964,0.11999999999999744,0.11517000000000001,1788742662.3924792
-0.09999999999999964,0.11999999999999744,0.11517000000000001,1788742662.4925
-0.09999999999999964,0.11999999999999744,0.11517000000000001,1788742662.592499
-0.09999999999999964,0.11999999999999744,0.11517000000000001,1788742662.692555
-0.09999999999999964,0.11999999999999744,0.11517000000000001,1788742662.7924933
-0.09999999999999964,0.11999999999999744,0.11517000000000001,1788742662.892497
-0.09999999999999964,0.11999999999999744,0.11517000000000001,1788742662.9924567
-0.09999999999999964,0.11999999999999744,0.11517000000000001,1788742663.092528
-0.09999999999999964,0.11999999999999744,0.11517000000000001,1788742663.1925306
-0.09999999999999964,0.11999999999999744,0.11517000000000001,1788742663.29254
-0.09999999999999964,0.11999999999999744,0.11517000000000001,1788742663.3925002
-0.09999999999999964,0.11999999999999744,0.11517000000000001,1788742663.4926567
-0.09999999999999964,0.11999999999999744,0.11517000000000001,1788742663.5925086
-0.09999999999999964,0.11999999999999744,0.11517000000000001,1788742663.6924238
-0.09999999999999964,0.11999999999999744,0.11517000000000001,1788742663.7925472
-0.09999999999999964,0.11999999999999744,0.11517000000000001,1788742663.8924897
-0.09999999999999964,0.11999999999999744,0.11517000000000001,1788742663.9926727
-0.09999999999999964,0.11999999999999744,0.11517000000000001,1788742664.0925417
-0.09999999999999964,0.11999999999999744,0.11517000000000001,1788742664.1926708
-0.09999999999999964,0.11999999999999744,0.11517000000000001,1788742664.2924893
-0.09999999999999964,0.11999999999999744,0.11517000000000001,1788742664.392677
-0.09999999999999964,0.11999999999999744,0.11517000000000001,1788742664.4927564
-0.09999999999999964,0.11999999999999744,0.11517000000000001,1788742664.5927868
-0.09999999999999964,0.11999999999999744,0.11517000000000001,1788742664.6926305
-0.09999999999999964,0.11999999999999744,0.11517000000000001,1788742664.792705
-0.09999999999999964,0.11999999999999744,0.11517000000000001,1788742664.89262
-0.09999999999999964,0.11999999999999744,0.11517000000000001,1788742664.9925988
-0.09999999999999964,0.11999999999999744,0.11517000000000001,1788742665.0925448
-0.09999999999999964,0.11999999999999744,0.11517000000000001,1788742665.1925952
-0.09999999999999964,0.11999999999999744,0.11517000000000001,1788742665.29259
-0.09999999999999964,0.11999999999999744,0.11517000000000001,1788742665.3924356
-0.09999999999999964,0.11999999999999744,0.11517000000000001,1788742665.4926543
-0.09999999999999964,0.11999999999999744,0.11517000000000001,1788742665.5925524
-0.09999999999999964,0.11999999999999744,0.11517000000000001,1788742665.692602
-0.09999999999999964,0.11999999999999744,0.11517000000000001,1788742665.7926772
-0.09999999999999964,0.11999999999999744,0.11517000000000001,1788742665.8926237
-0.09999999999999964,0.11999999999999744,0.11517000000000001,1788742665.9927223
-0.09999999999999964,0.11999999999999744,0.11517000000000001,1788742666.0925143
-0.09999999999999964,0.11999999999999744,0.11517000000000001,1788742666.192572
-0.09999999999999964,0.11999999999999744,0.11517000000000001,1788742666.2925887
-0.09999999999999964,0.11999999999999744,0.11517000000000001,1788742666.3925993
-0.09999999999999964,0.11999999999999744,0.11517000000000001,1788742666.492601
-0.09999999999999964,0.11999999999999744,0.11517000000000001,1788742666.5927558
-0.09999999999999964,0.11999999999999744,0.11517000000000001,1788742666.6925898
-0.09999999999999964,0.11999999999999744,0.11517000000000001,1788742666.7926674
-0.09999999999999964,0.11999999999999744,0.11517000000000001,1788742666.8925934
-0.09999999999999964,0.11999999999999744,0.11517000000000001,1788742666.9927046
-0.09999999999999964,0.11999999999999744,0.11517000000000001,1788742667.0925968
-0.09999999999999964,0.11999999999999744,0.11517000000000001,1788742667.1925743
-0.09999999999999964,0.11999999999999744,0.11517000000000001,1788742667.2927182
-0.09999999999999964,0.11999999999999744,0.11517000000000001,1788742667.3926554
-0.09999999999999964,0.11999999999999744,0.11517000000000001,1788742667.492633
-0.09999999999999964,0.11999999999999744,0.11517000000000001,1788742667.5926247
-0.09999999999999964,0.11999999999999744,0.11517000000000001,1788742667.6924958
-0.09999999999999964,0.11999999999999744,0.11517000000000001,1788742667.7927363
-0.09999999999999964,0.11999999999999744,0.11517000000000001,1788742667.8926227
-0.09999999999999964,0.11999999999999744,0.11517000000000001,1788742667.9925942
-0.09999999999999964,0.11999999999999744,0.11517000000000001,1788742668.0926688
-0.09999999999999964,0.11999999999999744,0.11517000000000001,1788742668.1926103
-0.09999999999999964,0.11999999999999744,0.11517000000000001,1788742668.292562
-0.09999999999999964,0.11999999999999744,0.11517000000000001,1788742668.3926907
-0.09999999999999964,0.11999999999999744,0.11517000000000001,1788742668.4926245
-0.09999999999999964,0.11999999999999744,0.11517000000000001,1788742668.5926042
-0.09999999999999964,0.11999999999999744,0.11517000000000001,1788742668.692624
-0.09999999999999964,0.11999999999999744,0.11517000000000001,1788742668.792599
-0.09999999999999964,0.11999999999999744,0.11517000000000001,1788742668.8927631
-0.09999999999999964,0.11999999999999744,0.11517000000000001,1788742668.9925225
-0.09999999999999964,0.11999999999999744,0.11517000000000001,1788742669.0926082
-0.09999999999999964,0.11999999999999744,0.11517000000000001,1788742669.1926181
-0.09999999999999964,0.11999999999999744,0.11517000000000001,1788742669.292679
-0.09999999999999964,0.11999999999999744,0.11517000000000001,1788742669.3925505
-0.09999999999999964,0.11999999999999744,0.11517000000000001,1788742669.4925714
-0.09999999999999964,0.11999999999999744,0.11517000000000001,1788742669.5925825
-0.09999999999999964,0.11999999999999744,0.11517000000000001,1788742669.6925738
-0.09999999999999964,0.11999999999999744,0.11517000000000001,1788742669.7926471
-0.09999999999999964,0.11999999999999744,0.11517000000000001,1788742669.8928456
-0.09999999999999964,0.11999999999999744,0.11517000000000001,1788742669.9925237
-0.09999999999999964,0.11999999999999744,0.11517000000000001,1788742670.0926452
-0.09999999999999964,0.11999999999999744,0.11517000000000001,1788742670.1925461
-0.09999999999999964,0.11999999999999744,0.11517000000000001,1788742670.292575
-0.09999999999999964,0.11999999999999744,0.11517000000000001,1788742670.3925679
-0.09999999999999964,0.11999999999999744,0.11517000000000001,1788742670.4926403
-0.09999999999999964,0.11999999999999744,0.11517000000000001,1788742670.5926008
-0.09999999999999964,0.11999999999999744,0.11517000000000001,1788742670.6926486
-0.09999999999999964,0.11999999999999744,0.11517000000000001,1788742670.792707
-0.09999999999999964,0.11999999999999744,0.11517000000000001,1788742670.8926475
-0.09999999999999964,0.11999999999999744,0.11517000000000001,1788742670.9925647
-0.09999999999999964,0.11999999999999744,0.11517000000000001,1788742671.0925968
-0.09999999999999964,0.11999999999999744,0.11517000000000001,1788742671.1926384
-0.09999999999999964,0.11999999999999744,0.11517000000000001,1788742671.2926784
-0.09999999999999964,0.11999999999999744,0.11517000000000001,1788742671.3925664
-0.09999999999999964,0.11999999999999744,0.11517000000000001,1788742671.4925458
-0.09999999999999964,0.11999999999999744,0.11517000000000001,1788742671.5926433
-0.09999999999999964,0.11999999999999744,0.11517000000000001,1788742671.6926908
-0.09999999999999964,0.11999999999999744,0.11517000000000001,1788742671.7924407
-0.09999999999999964,0.11999999999999744,0.11517000000000001,1788742671.89266
-0.09999999999999964,0.11999999999999744,0.11517000000000001,1788742671.992611
-0.09999999999999964,0.11999999999999744,0.11517000000000001,1788742672.0926156
-0.09999999999999964,0.11999999999999744,0.11517000000000001,1788742672.1926064
-0.09999999999999964,0.11999999999999744,0.11517000000000001,1788742672.2925622
5.390519978947728,1.7859055902247314,3.9101292259865175,1788742672.3925135
5.3753804198778905,1.7801673270208123,3.913093281671107,1788742672.4925103
5.3753804198778905,1.7801673270208123,3.913093281671107,1788742672.5926282
5.3753804198778905,1.7801673270208114,3.913093281671107,1788742672.6925673
5.3754455017336955,1.7800319979253738,3.913034169165415,1788742672.7924776
5.3754455017336955,1.7800319979253738,3.913034169165415,1788742672.8925533
5.375452170621367,1.7800156602937456,3.913028217227753,1788742672.9925382
5.375452170621367,1.7800156602937456,3.913028217227753,1788742673.092682
5.375452170621367,1.780015660293746,3.913028217227753,1788742673.1926053
5.375452170621367,1.7800156602937456,3.913028217227753,1788742673.2926328
5.375452170621367,1.7800156602937456,3.913028217227753,1788742673.392597
5.375452170621367,1.7800156602937451,3.913028217227753,1788742673.492637
5.375452170621367,1.780015660293746,3.913028217227753,1788742673.5926015
5.375452170621367,1.7800156602937451,3.913028217227753,1788742673.6925013
5.375452170621367,1.7800156602937456,3.913028217227753,1788742673.7926157
5.375452170621367,1.7800156602937456,3.913028217227753,1788742673.892558
5.375452170621367,1.7800156602937456,3.913028217227753,1788742673.992729
5.375452170621367,1.7800156602937451,3.913028217227753,1788742674.0927103
5.375452170621367,1.7800156602937456,3.913028217227753,1788742674.1926534
5.375452170621367,1.7800156602937451,3.913028217227753,1788742674.2926276
5.375452170621367,1.7800156602937456,3.913028217227753,1788742674.3927722
5.375452170621367,1.780015660293746,3.913028217227753,1788742674.4928546
5.375452170621367,1.7800156602937456,3.913028217227753,1788742674.5925632
5.375452170621367,1.7800156602937456,3.913028217227753,1788742674.6925673
5.375452170621367,1.780015660293746,3.913028217227753,1788742674.7925665
5.375452170621367,1.780015660293746,3.913028217227753,1788742674.892578
5.375452170621367,1.7800156602937456,3.913028217227753,1788742674.9926994
5.375452170621367,1.7800156602937456,3.913028217227753,1788742675.0927143
5.375452170621367,1.7800156602937456,3.913028217227753,1788742675.192606
5.375452170621367,1.7800156602937456,3.913028217227753,1788742675.292646
5.375452170621367,1.7800156602937456,3.913028217227753,1788742675.3926752
5.375452170621367,1.7800156602937456,3.913028217227753,1788742675.4925945
5.375452170621367,1.7800156602937456,3.913028217227753,1788742675.5926027
5.375452170621367,1.7800156602937456,3.913028217227753,1788742675.692603
5.375452170621367,1.7800156602937456,3.913028217227753,1788742675.7925918
5.375452170621367,1.7800156602937456,3.913028217227753,1788742675.892622
5.375452170621367,1.7800156602937456,3.913028217227753,1788742675.9925368
5.375452170621367,1.7800156602937456,3.913028217227753,1788742676.0927181
5.375452170621367,1.780015660293746,3.913028217227753,1788742676.1925852
5.375452170621367,1.780015660293746,3.913028217227753,1788742676.2926502
5.375452170621367,1.780015660293746,3.913028217227753,1788742676.392675
5.375452170621367,1.7800156602937451,3.913028217227753,1788742676.4924757
5.375452170621367,1.7800156602937456,3.913028217227753,1788742676.5926707
5.375452170621367,1.7800156602937456,3.913028217227753,1788742676.6925445
5.375452170621367,1.7800156602937456,3.913028217227753,1788742676.792605
5.375452170621367,1.7800156602937456,3.913028217227753,1788742676.8925803
5.375452170621367,1.7800156602937456,3.913028217227753,1788742676.9926186
5.375452170621367,1.7800156602937456,3.913028217227753,1788742677.0926309
5.375452170621367,1.7800156602937456,3.913028217227753,1788742677.1925995
5.375452170621367,1.7800156602937456,3.913028217227753,1788742677.2926128
5.375452170621367,1.7800156602937456,3.913028217227753,1788742677.3925707
5.375452170621367,1.7800156602937456,3.913028217227753,1788742677.4926198
5.375452170621367,1.7800156602937456,3.913028217227753,1788742677.5927641
5.375452170621367,1.7800156602937456,3.913028217227753,1788742677.6926339
5.375452170621367,1.7800156602937456,3.913028217227753,1788742677.7925665
5.375452170621367,1.7800156602937456,3.913028217227753,1788742677.8926032
5.375452170621367,1.7800156602937456,3.913028217227753,1788742677.9925976
5.375452170621367,1.7800156602937456,3.913028217227753,1788742678.092618
5.375452170621367,1.7800156602937456,3.913028217227753,1788742678.1926
5.375452170621367,1.7800156602937456,3.913028217227753,1788742678.2926245
5.375452170621367,1.7800156602937456,3.913028217227753,1788742678.392637
5.375452170621367,1.7800156602937456,3.913028217227753,1788742678.492644
5.375452170621367,1.7800156602937456,3.913028217227753,1788742678.5926776
5.375452170621367,1.7800156602937456,3.913028217227753,1788742678.6926398
5.375452170621367,1.7800156602937456,3.913028217227753,1788742678.7926612
5.375452170621367,1.7800156602937456,3.913028217227753,1788742678.8927774
5.375452170621367,1.7800156602937456,3.913028217227753,1788742678.9926145
5.375452170621367,1.7800156602937456,3.913028217227753,1788742679.0926812
5.375452170621367,1.7800156602937456,3.913028217227753,1788742679.1926615
5.375451072621907,1.78001592745359,3.91302829023644,1788742679.2925055
5.375451072621907,1.78001592745359,3.91302829023644,1788742679.3925822
5.385451544476936,1.7700193918309506,3.909538404436537,1788742679.4925158
5.385451544476936,1.7700193918309506,3.909538404436537,1788742679.5926
5.385451544476936,1.7700193918309506,3.909538404436537,1788742679.6926003
5.375450829744043,1.7800132157843411,3.9130280610030352,1788742679.7924492
5.375450829744043,1.7800132157843411,3.9130280610030352,1788742679.8925672
5.375450728532293,1.7900121022378914,3.9130280337262415,1788742679.9924738
5.375450728532293,1.7900121022378914,3.9130280337262415,1788742680.092615
5.375450728532293,1.7900121022378914,3.9130280337262415,1788742680.1926348
5.375450728532293,1.790012102237891,3.9130280337262415,1788742680.292497
5.375450728532293,1.7900121022378914,3.9130280337262415,1788742680.3926446
5.375450728532293,1.7900121022378914,3.9130280337262415,1788742680.4925869
5.375450728532293,1.7900121022378914,3.9130280337262415,1788742680.5926616
5.375450728532293,1.7900121022378914,3.9130280337262415,1788742680.6927764
5.375450728532293,1.7900121022378914,3.9130280337262415,1788742680.792541
5.375450728532293,1.7900121022378914,3.9130280337262415,1788742680.8925738
5.375450728532293,1.790012102237891,3.9130280337262415,1788742680.9926014
5.375450728532293,1.7900121022378914,3.9130280337262415,1788742681.0927505
5.375450728532293,1.790012102237891,3.9130280337262415,1788742681.1926193
5.375450728532293,1.7900121022378914,3.9130280337262415,1788742681.2924802
5.375450728532293,1.7900121022378914,3.9130280337262415,1788742681.3926826
5.375450728532293,1.7900121022378914,3.9130280337262415,1788742681.4925609
5.375450728532293,1.7900121022378914,3.9130280337262415,1788742681.5924964
5.375450728532293,1.7900121022378919,3.9130280337262415,1788742681.692629
5.375450728532293,1.7900121022378914,3.9130280337262415,1788742681.792623
5.375450728532293,1.7900121022378919,3.9130280337262415,1788742681.8925972
5.375450728532293,1.7900121022378919,3.9130280337262415,1788742681.992584
5.375450728532293,1.7900121022378914,3.9130280337262415,1788742682.0925698
5.375450728532293,1.7900121022378914,3.9130280337262415,1788742682.1925786
5.375450728532293,1.7900121022378914,3.9130280337262415,1788742682.2925375
5.375450728532293,1.7900121022378914,3.9130280337262415,1788742682.3927495
5.375450728532293,1.7900121022378914,3.9130280337262415,1788742682.4925356
5.375450728532293,1.7900121022378914,3.9130280337262415,1788742682.5925438
5.375450728532293,1.7900121022378919,3.9130280337262415,1788742682.6925669
5.375450728532293,1.7900121022378914,3.9130280337262415,1788742682.792744
5.375450728532293,1.7900121022378919,3.9130280337262415,1788742682.8926485
5.375450728532293,1.7900121022378914,3.9130280337262415,1788742682.9926355
5.375450728532293,1.7900121022378914,3.9130280337262415,1788742683.0926378
5.375450728532293,1.7900121022378914,3.9130280337262415,1788742683.1925776
5.375450728532293,1.7900121022378914,3.9130280337262415,1788742683.2925706
5.375450728532293,1.7900121022378914,3.9130280337262415,1788742683.3926067
5.375450728532293,1.7900121022378914,3.9130280337262415,1788742683.492551
5.375450728532293,1.7900121022378914,3.9130280337262415,1788742683.5926366
5.375450728532293,1.7900121022378914,3.9130280337262415,1788742683.692612
5.375450728532293,1.7900121022378914,3.9130280337262415,1788742683.7925751
5.375450728532293,1.7900121022378914,3.9130280337262415,1788742683.892559
5.375450728532293,1.790012102237891,3.9130280337262415,1788742683.9927528
5.375450728532293,1.7900121022378914,3.9130280337262415,1788742684.0925481
5.375450728532293,1.7900121022378914,3.9130280337262415,1788742684.1926506
5.375450728532293,1.7900121022378914,3.9130280337262415,1788742684.2925522
5.375450728532293,1.7900121022378914,3.9130280337262415,1788742684.3926613
5.375450728532293,1.7900121022378914,3.9130280337262415,1788742684.4925785
5.375450728532293,1.7900121022378914,3.9130280337262415,1788742684.5926712
5.375450728532293,1.7900121022378914,3.9130280337262415,1788742684.6925588
5.375450728532293,1.7900121022378914,3.9130280337262415,1788742684.7925873
5.375450728532293,1.7900121022378919,3.9130280337262415,1788742684.8925366
5.375450728532293,1.7900121022378914,3.9130280337262415,1788742684.9926345
5.375450728532293,1.7900121022378914,3.9130280337262415,1788742685.0926523
5.375450728532293,1.790012102237891,3.9130280337262415,1788742685.1926625
5.375450728532293,1.7900121022378914,3.9130280337262415,1788742685.2926173
5.375450728532293,1.790012102237891,3.9130280337262415,1788742685.392433
5.375450728532293,1.7900121022378914,3.9130280337262415,1788742685.492539
5.375450728532293,1.7900121022378914,3.9130280337262415,1788742685.5926597
5.375450728532293,1.7900121022378914,3.9130280337262415,1788742685.6926517
5.375450728532293,1.790012102237891,3.9130280337262415,1788742685.7926023
5.375450728532293,1.7900121022378914,3.9130280337262415,1788742685.8926127
5.375450728532293,1.7900121022378914,3.9130280337262415,1788742685.992614
5.375450728532293,1.7900121022378919,3.9130280337262415,1788742686.0926611
5.375450728532293,1.7900121022378914,3.9130280337262415,1788742686.1925163
5.375450728532293,1.7900121022378914,3.9130280337262415,1788742686.2926207
5.375450728532293,1.790012102237891,3.9130280337262415,1788742686.3925397
5.375450728532293,1.7900121022378914,3.9130280337262415,1788742686.4926949
5.375450728532293,1.7900121022378914,3.9130280337262415,1788742686.5925648
5.375450728532293,1.790012102237891,3.9130280337262415,1788742686.6927354
5.375450728532293,1.7900121022378914,3.9130280337262415,1788742686.7926471
5.375450728532293,1.7900121022378914,3.9130280337262415,1788742686.8925865
5.375450728532293,1.7900121022378914,3.9130280337262415,1788742686.9926353
5.375450728532293,1.7900121022378914,3.9130280337262415,1788742687.0926483
5.375450728532293,1.7900121022378914,3.9130280337262415,1788742687.1925895
5.375450728532293,1.7900121022378914,3.9130280337262415,1788742687.2925756
5.375450728532293,1.7900121022378914,3.9130280337262415,1788742687.3925192
5.375450728532293,1.7900121022378919,3.9130280337262415,1788742687.4925091
5.375450728532293,1.7900121022378914,3.9130280337262415,1788742687.5926123
5.375450728532293,1.7900121022378919,3.9130280337262415,1788742687.6926155
5.375450728532293,1.7900121022378914,3.9130280337262415,1788742687.792655
5.375450728532293,1.7900121022378914,3.9130280337262415,1788742687.8925762
5.375450728532293,1.7900121022378914,3.9130280337262415,1788742687.9924607
5.375450728532293,1.7900121022378919,3.9130280337262415,1788742688.0927122
5.375450728532293,1.7900121022378914,3.9130280337262415,1788742688.1925602
5.375450728532293,1.7900121022378914,3.9130280337262415,1788742688.2925248
5.375450728532293,1.790012102237891,3.9130280337262415,1788742688.3925467
5.375450728532293,1.7900121022378914,3.9130280337262415,1788742688.4924974
5.375450728532293,1.7900121022378919,3.9130280337262415,1788742688.5925741
5.375450058062375,1.7800144143460546,3.913028174761969,1788742688.692486
5.375450058062375,1.7800144143460546,3.913028174761969,1788742688.792536
5.375449769335809,1.7800122751868432,3.913028051514837,1788742688.8924367
5.375449769335809,1.7800122751868432,3.913028051514837,1788742688.9925325
5.375449769335809,1.7800122751868432,3.913028051514837,1788742689.0925152
5.375449782633769,1.7800121627198957,3.9130280359326637,1788742689.1926715
5.375449782633769,1.7800121627198948,3.9130280359326637,1788742689.2924795
5.3754497422994465,1.7800121545483947,3.913028033934193,1788742689.3924775
5.3754497422994465,1.7800121545483947,3.913028033934193,1788742689.4925585
5.3754497422994465,1.7800121545483947,3.913028033934193,1788742689.5925627
5.3754497422994465,1.7800121545483947,3.913028033934193,1788742689.692654
5.3754497422994465,1.7800121545483947,3.913028033934193,1788742689.7926307
5.3754497422994465,1.7800121545483947,3.913028033934193,1788742689.8925626
5.3754497422994465,1.7800121545483947,3.913028033934193,1788742689.9926174
5.3754497422994465,1.7800121545483947,3.913028033934193,1788742690.0925689
5.3754497422994465,1.7800121545483942,3.913028033934193,1788742690.1925213
5.3754497422994465,1.7800121545483947,3.913028033934193,1788742690.2925591
5.3754497422994465,1.7800121545483947,3.913028033934193,1788742690.3925457
5.3754497422994465,1.7800121545483947,3.913028033934193,1788742690.4925547
5.3754497422994465,1.7800121545483947,3.913028033934193,1788742690.5925648
5.3754497422994465,1.7800121545483942,3.913028033934193,1788742690.6926396
5.3754497422994465,1.7800121545483947,3.913028033934193,1788742690.7925472
5.3754497422994465,1.7800121545483947,3.913028033934193,1788742690.8925006
5.3754497422994465,1.7800121545483947,3.913028033934193,1788742690.9925733
5.3754497422994465,1.7800121545483947,3.913028033934193,1788742691.0926154
5.3754497422994465,1.7800121545483947,3.913028033934193,1788742691.1925662
5.3754497422994465,1.7800121545483947,3.913028033934193,1788742691.2925403
5.3754497422994465,1.7800121545483947,3.913028033934193,1788742691.3925571
5.3754497422994465,1.7800121545483947,3.913028033934193,1788742691.4927099
5.3754497422994465,1.7800121545483947,3.913028033934193,1788742691.5924976
5.3754497422994465,1.7800121545483947,3.913028033934193,1788742691.6925673
5.3754497422994465,1.7800121545483947,3.913028033934193,1788742691.792541
5.3754497422994465,1.7800121545483947,3.913028033934193,1788742691.892617
5.3754497422994465,1.7800121545483947,3.913028033934193,1788742691.9926035
5.3754497422994465,1.7800121545483947,3.913028033934193,1788742692.0926397
5.3754497422994465,1.7800121545483947,3.913028033934193,1788742692.1925237
5.3754497422994465,1.7800121545483947,3.913028033934193,1788742692.2925956
5.3754497422994465,1.7800121545483947,3.913028033934193,1788742692.3927593
5.3754497422994465,1.7800121545483951,3.913028033934193,1788742692.4925506
5.3754497422994465,1.7800121545483947,3.913028033934193,1788742692.5926998
5.3754497422994465,1.7800121545483947,3.913028033934193,1788742692.6926725
5.3754497422994465,1.7800121545483951,3.913028033934193,1788742692.79275
5.3754497422994465,1.7800121545483951,3.913028033934193,1788742692.8924785
5.3754497422994465,1.7800121545483947,3.913028033934193,1788742692.9924815
5.3754497422994465,1.7800121545483947,3.913028033934193,1788742693.0925512
5.3754497422994465,1.7800121545483947,3.913028033934193,1788742693.1926386
5.3754497422994465,1.7800121545483947,3.913028033934193,1788742693.2925494
5.3754497422994465,1.7800121545483947,3.913028033934193,1788742693.3925407
5.3754497422994465,1.7800121545483947,3.913028033934193,1788742693.4925382
5.3754497422994465,1.7800121545483947,3.913028033934193,1788742693.5924895
5.3754497422994465,1.7800121545483947,3.913028033934193,1788742693.6925828
5.3754497422994465,1.7800121545483947,3.913028033934193,1788742693.7925577
5.3754497422994465,1.7800121545483947,3.913028033934193,1788742693.8927333
5.3754497422994465,1.7800121545483947,3.913028033934193,1788742693.992623
5.3754497422994465,1.7800121545483942,3.913028033934193,1788742694.0926354
5.3754497422994465,1.7800121545483942,3.913028033934193,1788742694.1925392
5.3754497422994465,1.7800121545483942,3.913028033934193,1788742694.2925918
5.3754497422994465,1.7800121545483947,3.913028033934193,1788742694.3926024
5.3754497422994465,1.7800121545483947,3.913028033934193,1788742694.4926639
5.3754497422994465,1.7800121545483947,3.913028033934193,1788742694.5925841
5.3754497422994465,1.7800121545483947,3.913028033934193,1788742694.6925201
5.3754497422994465,1.7800121545483947,3.913028033934193,1788742694.7925527
5.3754497422994465,1.7800121545483947,3.913028033934193,1788742694.8925574
5.375472341732616,1.7800341311289998,3.913013573758682,1788742694.9925165
5.376389050413776,1.7809244939534894,3.9117359298826795,1788742695.0925632
5.380341707444552,1.7847324983286494,3.9050886884650593,1788742695.1924894
5.387977147549771,1.7919584280158003,3.8941736574359216,1788742695.2926157
5.397511655491682,1.8007669672415414,3.8804541230661984,1788742695.3926058
5.40744013532874,1.8096752219417125,3.8650517914128892,1788742695.4926047
5.416243841485853,1.8173304602657003,3.8490404201113853,1788742695.5925868
5.421669239604656,1.8219204883712021,3.838324836688828,1788742695.6939456
5.421669239604656,1.8219204883712017,3.8331001057096596,1788742695.792585
5.421669239604656,1.8219204883712021,3.8289257703259323,1788742695.892454
5.421669239604656,1.8219204883712021,3.8282724128095786,1788742695.9925497
5.421669239604656,1.8219204883712026,3.82981019414122,1788742696.092598
5.421669239604656,1.8219204883712021,3.83171621517816,1788742696.1925528
5.421669239604656,1.8219204883712021,3.831331222256103,1788742696.2926369
5.421669239604656,1.8219204883712017,3.815852345728857,1788742696.3927553
5.421669239604656,1.8219204883712021,3.7829961538464505,1788742696.4926093
5.421669239604656,1.8219204883712021,3.744055015266149,1788742696.5925362
5.421669239604656,1.8219204883712021,3.705626223463261,1788742696.6925888
5.421669239604656,1.8219204883712021,3.666349647638943,1788742696.7926016
5.421669239604656,1.8219204883712021,3.621292859638459,1788742696.89261
5.421669239604656,1.8219204883712017,3.5709258628157574,1788742696.9927018
5.421669239604656,1.8219204883712021,3.520397459016788,1788742697.0926526
5.421669239604656,1.8219204883712021,3.4679170363219316,1788742697.1925914
5.421669239604656,1.8219204883712026,3.4114204119889338,1788742697.2925813
5.421669239604656,1.8219204883712021,3.3504191806243098,1788742697.3924959
5.421669239604656,1.8219204883712021,3.2883728175960782,1788742697.4924636
5.421669239604656,1.8219204883712021,3.2261136535863555,1788742697.5927286
5.421669239604656,1.8219204883712021,3.1611654590678095,1788742697.6925313
5.421669239604656,1.8219204883712021,3.0920153111727235,1788742697.7926235
5.421669239604656,1.8219204883712021,3.0223261417528593,1788742697.8926911
5.421669239604656,1.8219204883712021,2.9522368519562443,1788742697.9925601
5.421669239604656,1.8219204883712021,2.8792857569717425,1788742698.092594
5.421669239604656,1.8219204883712021,2.802512543977227,1788742698.1927462
5.421669239604656,1.8219204883712021,2.723197662921831,1788742698.2925885
5.421669239604656,1.8219204883712021,2.643686547247302,1788742698.392606
5.421669239604656,1.8219204883712021,2.5649445372755357,1788742698.492463
5.421669239604656,1.8219204883712021,2.4858868687835147,1788742698.5926957
5.421669239604656,1.8219204883712021,2.4073065027502207,1788742698.6925716
5.421669239604656,1.8219204883712026,2.329340227872044,1788742698.7925663
5.421669239604656,1.8219204883712021,2.2508122847745886,1788742698.8928263
5.421669239604656,1.8219204883712026,2.1716122043774986,1788742698.9926798
5.421669239604656,1.8219204883712021,2.09251393378352,1788742699.0926416
5.421669239604656,1.8219204883712021,2.0140503438274275,1788742699.19275
5.421669239604656,1.8219204883712021,1.935872827691268,1788742699.2924888
5.421669239604656,1.8219204883712026,1.8570191862394299,1788742699.3925095
5.421669239604656,1.8219204883712017,1.7768932594315872,1788742699.4925277
5.421669239604656,1.8219204883712017,1.699376606990741,1788742699.5926335
5.421669239604656,1.8219204883712021,1.6224597286954587,1788742699.692525
5.421669239604656,1.8219204883712021,1.547757873844177,1788742699.792682
5.421669239604656,1.8219204883712021,1.4769295794948631,1788742699.892561
5.421669239604656,1.8219204883712021,1.410727521103675,1788742699.992549
5.421669239604656,1.8219204883712021,1.34838743964119,1788742700.0925953
5.421669239604656,1.8219204883712021,1.2912911314762177,1788742700.1925676
5.421669239604656,1.8219204883712021,1.2579734600286432,1788742700.292555
5.421597574138074,1.8216991574801162,1.2573449337507214,1788742700.3926127
5.4215758706895425,1.8216322170894528,1.2571942635749855,1788742700.4927142
5.4215873611014604,1.8216676516685686,1.2572533055759807,1788742700.5926735
5.421575342679004,1.821630587239739,1.2572188099054742,1788742700.6925611
5.421742469177156,1.8221456173500892,1.256823419286031,1788742700.7925549
5.4228942841808365,1.825673662463887,1.253712852973253,1788742700.8927245
5.426502787675405,1.8364978309113242,1.2444534331354777,1788742700.9925292
5.4330046225032955,1.8552192100239093,1.2287076176900131,1788742701.0925736
5.442209469604199,1.880234225188199,1.2078007667874155,1788742701.192497
5.454237944992959,1.9107293982125961,1.182418779409872,1788742701.2924612
5.492849499791898,1.9908759168246073,1.0683510830770166,1788742701.3925903
5.511384375756236,2.0235653406189504,1.0417116986156676,1788742701.4924834
5.53054584670652,2.0554907991227016,1.0195988059391274,1788742701.5925632
5.549901335313031,2.0863511534311883,1.00185485465976,1788742701.6926055
5.569588087517648,2.1166145172194937,0.986748384311816,1788742701.7926223
5.589703880729054,2.146612826204213,0.9735546088432532,1788742701.8925192
5.614627784608464,2.195964461680262,0.9689060983230453,1788742701.9925764
5.6335795044301396,2.223252721751396,0.9587455106048108,1788742702.092566
5.644806968973173,2.2476969274173166,0.9546224290133274,1788742702.1925046
5.66315724927504,2.2734007847090303,0.9471241024313121,1788742702.2926223
5.6816534368126685,2.298931287188907,0.9406348052639283,1788742702.3927124
5.700155494280763,2.324145809362009,0.9349222526533314,1788742702.492788
5.718202403676587,2.348466808513346,0.9299135139043325,1788742702.5925555
5.735213734043937,2.371172985450507,0.9257928562950534,1788742702.692714
5.751114318314945,2.3922343711360394,0.9225104077692551,1788742702.7925808
5.761933777209208,2.4056040353938553,0.9257675657518658,1788742702.892528
5.776530689614312,2.4249634836276384,0.9237398947730897,1788742702.9925277
5.790159060543537,2.442972291139838,0.9222971130937806,1788742703.0926402
5.792714480569721,2.459692838573645,0.9238577264870703,1788742703.192509
5.804252292984316,2.4749618204158166,0.923565472099956,1788742703.292668
5.813278222280271,2.4869032792999115,0.9235625606205452,1788742703.392696
5.816451521010233,2.4911016047370573,0.9235625606205452,1788742703.4925714
5.815457478802589,2.4897864708523763,0.9235625606205452,1788742703.5925064
5.812920950597178,2.4864306030968013,0.9235625606205452,1788742703.692662
5.812032407565855,2.4852550463252214,0.9235625606205452,1788742703.792657
5.812512474050617,2.4858901820327963,0.9235625606205452,1788742703.8925807
5.812512474050617,2.4858901820327963,0.9235625606205452,1788742703.9926934
5.812512474050617,2.4858901820327963,0.9235625606205452,1788742704.0926638
5.812866886769612,2.486359075780256,0.9235625606205452,1788742704.19253
5.812866886769612,2.486359075780255,0.9235625606205452,1788742704.2924883
5.812866886769612,2.486359075780256,0.9235625606205452,1788742704.3925102
5.812866886769612,2.486359075780256,0.9235625606205452,1788742704.4924774
5.812866886769612,2.486359075780256,0.9235625606205452,1788742704.5924685
5.812866886769612,2.486359075780256,0.9235625606205452,1788742704.6924794
5.812866886769612,2.486359075780256,0.9235625606205452,1788742704.7924793
5.812866886769612,2.486359075780255,0.9235625606205452,1788742704.8925486
5.812866886769612,2.486359075780256,0.9235625606205452,1788742704.9925957
5.812866886769612,2.486359075780255,0.9235625606205452,1788742705.0925388
5.812866886769612,2.486359075780256,0.9235625606205452,1788742705.1925762
5.812866886769612,2.486359075780256,0.9235625606205452,1788742705.2925808
5.812866886769612,2.486359075780256,0.9235625606205452,1788742705.392546
5.812866886769612,2.486359075780255,0.9235625606205452,1788742705.4926026
5.812866886769612,2.486359075780256,0.9235625606205452,1788742705.592517
5.812866886769612,2.486359075780255,0.9235625606205452,1788742705.6925771
5.812866886769612,2.486359075780256,0.9235625606205452,1788742705.792633
5.812866886769612,2.486359075780256,0.9235625606205452,1788742705.892561
5.812866886769612,2.486359075780256,0.9235625606205452,1788742705.9924428
5.812866886769612,2.486359075780256,0.9235625606205452,1788742706.092757
5.812866886769612,2.486359075780256,0.9235625606205452,1788742706.1925452
5.812866886769612,2.486359075780256,0.9235625606205452,1788742706.29261
5.812866886769612,2.486359075780256,0.9235625606205452,1788742706.3925042
5.812866886769612,2.486359075780256,0.9235625606205452,1788742706.492552
5.812866886769612,2.486359075780256,0.9235625606205452,1788742706.5926607
5.812866886769612,2.486359075780255,0.9235625606205452,1788742706.6926196
5.812866886769612,2.486359075780256,0.9235625606205452,1788742706.7925673
5.812866886769612,2.486359075780256,0.9235625606205452,1788742706.8925004
5.812866886769612,2.486359075780256,0.9235625606205452,1788742706.9927442
5.812866886769612,2.486359075780256,0.9235625606205452,1788742707.0926714
5.812866886769612,2.486359075780255,0.9235625606205452,1788742707.1925864
5.812866886769612,2.486359075780256,0.9235625606205452,1788742707.2926867
5.812866886769612,2.486359075780256,0.9235625606205452,1788742707.3926373
5.812866886769612,2.486359075780255,0.9235625606205452,1788742707.4926288
5.812866886769612,2.486359075780256,0.9235625606205452,1788742707.5926762
5.812866886769612,2.486359075780255,0.9235625606205452,1788742707.6925635
5.812866886769612,2.486359075780255,0.9235625606205452,1788742707.7925954
5.812866886769612,2.486359075780255,0.9235625606205452,1788742707.8927438
5.812866886769612,2.486359075780256,0.9235625606205452,1788742707.9927511
5.812866886769612,2.486359075780256,0.9235625606205452,1788742708.0925918
5.812866886769612,2.486359075780256,0.9235625606205452,1788742708.1926758
5.812866886769612,2.486359075780256,0.9235625606205452,1788742708.2927556
5.812866886769612,2.486359075780256,0.9235625606205452,1788742708.3926034
5.812866886769612,2.486359075780255,0.9235625606205452,1788742708.4927714
5.812866886769612,2.486359075780255,0.9235625606205452,1788742708.5926313
5.812866886769612,2.486359075780256,0.9235625606205452,1788742708.6925018
5.812866886769612,2.486359075780256,0.9235625606205452,1788742708.7925735
5.812866886769612,2.486359075780256,0.9235625606205452,1788742708.8925743
5.812866886769612,2.486359075780256,0.9235625606205452,1788742708.9926376
5.812866886769612,2.486359075780256,0.9235625606205452,1788742709.0925343
5.812866886769612,2.486359075780256,0.9235625606205452,1788742709.1926398
5.812866886769612,2.486359075780256,0.9235625606205452,1788742709.292557
5.812866886769612,2.486359075780256,0.9235625606205452,1788742709.3927817
5.812866886769612,2.486359075780256,0.9235625606205452,1788742709.4927099
5.812866886769612,2.486359075780256,0.9235625606205452,1788742709.592505
5.812866886769612,2.486359075780255,0.9235625606205452,1788742709.692558
5.812866886769612,2.486359075780255,0.9235625606205452,1788742709.7926965
5.812866886769612,2.486359075780255,0.9235625606205452,1788742709.8928242
5.812866886769612,2.486359075780256,0.9235625606205452,1788742709.9927685
5.812866886769612,2.486359075780255,0.9235625606205452,1788742710.0928993
5.812866886769612,2.486359075780256,0.9235625606205452,1788742710.1926033
5.812866886769612,2.486359075780256,0.9235625606205452,1788742710.2927349
5.812866886769612,2.486359075780256,0.9235625606205452,1788742710.3925645
5.812866886769612,2.486359075780256,0.9235625606205452,1788742710.4926372
5.812866886769612,2.486359075780256,0.9235625606205452,1788742710.5926874
5.812866886769612,2.486359075780256,0.9235625606205452,1788742710.6925943
5.812866886769612,2.486359075780256,0.9235625606205452,1788742710.7925248
5.812866886769612,2.486359075780255,0.9235625606205452,1788742710.8926947
5.812866886769612,2.486359075780255,0.9235625606205452,1788742710.9925416
5.812866886769612,2.486359075780255,0.9235625606205452,1788742711.0926874
5.812866886769612,2.486359075780255,0.9235625606205452,1788742711.1927686
5.812866886769612,2.486359075780256,0.9235625606205452,1788742711.2925723
5.812866886769612,2.486359075780256,0.9235625606205452,1788742711.3927248
5.812866886769612,2.486359075780255,0.9235625606205452,1788742711.4926782
5.812866886769612,2.486359075780256,0.9235625606205452,1788742711.5925798
5.812866886769612,2.486359075780256,0.9235625606205452,1788742711.6925514
5.812866886769612,2.486359075780255,0.9235625606205452,1788742711.792542
5.812866886769612,2.486359075780255,0.9235625606205452,1788742711.8924432
5.812866886769612,2.486359075780256,0.9235625606205452,1788742711.9926217
5.812866886769612,2.486359075780256,0.9235625606205452,1788742712.0925379
5.812866886769612,2.486359075780255,0.9235625606205452,1788742712.1926146
5.812866886769612,2.486359075780256,0.9235625606205452,1788742712.2925122
5.812866886769612,2.486359075780255,0.9235625606205452,1788742712.3925514
5.812866886769612,2.486359075780256,0.9235625606205452,1788742712.4925659
5.812866886769612,2.486359075780255,0.9235625606205452,1788742712.5925589
5.812866886769612,2.486359075780255,0.9235625606205452,1788742712.6924877
5.813089596206872,2.4866537289537503,0.9235745208194683,1788742712.7926757
5.815131538990201,2.4893534991474673,0.9228328500129032,1788742712.8929834
5.821589874191705,2.4978489679850107,0.9187035182382324,1788742712.9926548
5.8318972968081475,2.5112574372506673,0.9122722892584971,1788742713.0926223
5.845596665841189,2.5288182980860565,0.9044515649719069,1788742713.1927214
5.86292448240652,2.550639876487905,0.8950192660352395,1788742713.2925992
5.86292448240652,2.550639876487905,0.8950192660352395,1788742713.3927257
5.86292448240652,2.550639876487905,0.8950192660352395,1788742713.49262
5.86292448240652,2.550639876487905,0.8950192660352395,1788742713.592736
5.968754520373757,2.6833795877024027,0.8177698432751717,1788742713.6925724
5.9929123743749955,2.708966514246466,0.812303623403031,1788742713.792481
6.02742224719908,2.7354401103211483,0.8203758747785778,1788742713.8925328
6.044166191886461,2.7532826112352344,0.8141059935115446,1788742713.992614
6.064439144413889,2.7746475982345116,0.8094864535318299,1788742714.0926297
6.09124076269476,2.8026499742538062,0.8052976667224754,1788742714.1927588
6.125998837602911,2.833401618834147,0.8017077214296879,1788742714.2927873
6.161202249075721,2.869704988781268,0.7999487768684993,1788742714.3925307
6.194201124555924,2.903665070923619,0.7997800486119668,1788742714.4926517
6.223924362296344,2.9342974268640667,0.8012945583187229,1788742714.5926514
6.260320551252336,2.9715923621021427,0.8090355276556845,1788742714.6926875
6.291426091487098,3.0043500374081464,0.8135236439329251,1788742714.792809
6.323519722910964,3.038487026232259,0.8190960636681064,1788742714.8928337
6.355021592651676,3.0724064464262844,0.8256764815750289,1788742714.9925907
6.384630503063173,3.1047387679271345,0.8331115708854608,1788742715.0925574
6.413018111549604,3.1361171014728066,0.8508233400996337,1788742715.1927094
6.439047624169046,3.1660495826400803,0.8592753175376661,1788742715.2925968
6.464326499762457,3.195616960466876,0.8675421497358978,1788742715.392645
6.489579475790087,3.225646878310375,0.8755953469638702,1788742715.4927783
6.5155021798959005,3.2569729079090872,0.8833772261122554,1788742715.5925932
6.542980280442585,3.2863569900040304,0.8899822939983063,1788742715.692617
6.570710923103096,3.3208788597781345,0.8980654876297232,1788742715.7926445
6.593506698270977,3.359066336551312,0.9052783971277177,1788742715.8925261
6.622006682903715,3.3956737271748842,0.9132653120702202,1788742715.992796
6.650809305221943,3.433285030283432,0.9212406307292784,1788742716.0925438
6.678959502309402,3.470624227136904,0.9282264841852657,1788742716.192609
6.706185323706141,3.4995527052035786,0.9355297619880149,1788742716.2925925
6.73415400839982,3.5377515789922453,0.9420601155531759,1788742716.3927488
6.7625802970685385,3.5771196766747795,0.9487705319352705,1788742716.4926567
6.790157062981184,3.615867417973196,0.9558142227648382,1788742716.5926065
6.814115270358114,3.6522772545719677,0.9589441751792793,1788742716.6925673
6.838379312289513,3.687078927362105,0.9649172836514358,1788742716.7926452
6.862435580550473,3.7220170956567933,0.9706603263761094,1788742716.8927324
6.886323891962627,3.7571493955406665,0.9766302678450709,1788742716.9925869
6.9104711857221925,3.793115233464408,0.9823762704686151,1788742717.092614
6.927991589840044,3.8169772729653313,0.9818171572120471,1788742717.192495
6.947530303940738,3.846356906006981,0.9860044430992677,1788742717.292698
6.966556502156283,3.8752159731763025,0.9898566456065443,1788742717.3926795
6.987776904483498,3.9072478717998775,0.9912466192772873,1788742717.4924595
7.0080328141810515,3.9382504692921882,0.9924328463714843,1788742717.5924354
7.026356194875641,3.966259627094721,0.9901252300747339,1788742717.6926146
7.044198410632717,3.982309729092774,0.9774194064428274,1788742717.7925236
7.061376955373351,4.007650605076635,0.972594856809211,1788742717.8925006
7.079269246752556,4.033755791692762,0.9673476283427581,1788742717.992692
7.097136173586371,4.059555470047565,0.9629415867638932,1788742718.092696
7.114436237077399,4.084328955792072,0.9594650786031208,1788742718.1925788
7.130632410506362,4.107368361067632,0.956795371551826,1788742718.2925587
7.141086895766277,4.129679152712663,0.9530410025313047,1788742718.3927011
7.1553774950682065,4.149760218987427,0.9515765489296822,1788742718.492607
7.16898677000796,4.16883173034586,0.9504411313798021,1788742718.5926313
7.181735911663521,4.186657496727463,0.9495100806541574,1788742718.6928144
7.181839613701163,4.185090354121579,0.9529539389455198,1788742718.7928376
7.184752463464745,4.189189168092504,0.9529539389455198,1788742718.8925674
7.183835648334613,4.187899072492144,0.9529539389455198,1788742718.9926145
7.181120353170913,4.184078247301773,0.9529539389455198,1788742719.0927184
7.179728260643129,4.182119365531299,0.9529539389455198,1788742719.1926475
7.180194262553412,4.182775099707588,0.9529539389455198,1788742719.2925854
7.180891291808797,4.18375592380837,0.9529539389455198,1788742719.3925571
7.181017383042038,4.1839333529759095,0.9529539389455198,1788742719.4925687
7.180886697030148,4.1837494582697,0.9529539389455198,1788742719.5926447
7.180878350824523,4.183737713913837,0.9529539389455198,1788742719.6926816
7.180878350824523,4.183737713913837,0.9529539389455198,1788742719.7926502
7.180878350824523,4.183737713913837,0.9529539389455198,1788742719.8926876
7.180878350824523,4.183737713913837,0.9529539389455198,1788742719.992591
7.180878350824523,4.183737713913837,0.9533899511193185,1788742720.0926225
7.180878350824523,4.183737713913837,0.9549907269177617,1788742720.1926098
7.180878350824523,4.183737713913837,0.9656284630743232,1788742720.2926195
7.180878350824523,4.183737713913837,0.99781804738393,1788742720.3926456
7.180878350824523,4.183737713913837,1.0506540020871782,1788742720.4926472
7.180878350824523,4.183737713913837,1.1110534814389859,1788742720.5925496
7.180878350824523,4.183737713913837,1.1722229342426174,1788742720.6926181
7.180878350824523,4.183737713913837,1.237734056696792,1788742720.7926571
7.180878350824523,4.183737713913837,1.313302714958805,1788742720.8926632
7.180878350824523,4.183737713913837,1.3954664305316773,1788742720.9925694
7.180878350824523,4.183737713913837,1.4768271645255986,1788742721.0927129
7.180878350824523,4.183737713913837,1.5551449582740478,1788742721.1925921
7.180878350824523,4.183737713913837,1.632423258604927,1788742721.292615
7.180878350824523,4.183737713913837,1.711458998118802,1788742721.392616
7.180878350824523,4.183737713913837,1.7907819312155078,1788742721.492508
7.180878350824523,4.183737713913837,1.8702257095430739,1788742721.5925257
7.180878350824523,4.183737713913837,1.949518843189159,1788742721.692567
7.180878350824523,4.183737713913837,2.0285015129152946,1788742721.792569
7.180878350824523,4.183737713913837,2.1066341592056834,1788742721.892614
7.180878350824523,4.183737713913837,2.184982277190915,1788742721.9926353
7.180878350824523,4.183737713913837,2.2646108046168187,1788742722.0926654
7.180878350824523,4.183737713913837,2.341484940956742,1788742722.1926064
7.180878350824523,4.183737713913837,2.4168747718939,1788742722.292581
7.180878350824523,4.183737713913837,2.4902637890156574,1788742722.392607
7.180878350824523,4.183737713913837,2.5592831639059526,1788742722.492609
7.180878350824523,4.183737713913837,2.625043127480431,1788742722.5926638
7.180878350824523,4.183737713913837,2.688200109571937,1788742722.6925685
7.180878350824523,4.183737713913837,2.7486896353848276,1788742722.7926142
7.180878350824523,4.183737713913837,2.804635492850667,1788742722.8926215
7.180878350824523,4.183737713913837,2.854406799548739,1788742722.9927344
7.180878350824523,4.183737713913837,2.8995665400825796,1788742723.0927713
7.180878350824523,4.183737713913837,2.941615999098141,1788742723.192517
7.180878350824523,4.183737713913837,2.979778307084214,1788742723.2927742
7.180824252180647,4.18374566192219,2.995650511389683,1788742723.3925588
7.180547961528466,4.183786379088713,2.994905930323811,1788742723.4925573
7.180415790455699,4.183805924198577,2.994665075075059,1788742723.592594
7.1804032032125615,4.183807786915037,2.9946447375494754,1788742723.6925216
7.180219379608898,4.183834989050368,2.9947083167894757,1788742723.7926538
7.176389348998503,4.184396789295676,2.9971923847011817,1788742723.892523
7.166603258907545,4.185790112979875,3.002830078780272,1788742723.9925675
7.15027374201202,4.187999010879672,3.0113636184964423,1788742724.092607
7.128111320188166,4.190773789197444,3.0226275519598875,1788742724.1925485
7.1055625585718705,4.1933413812878895,3.0337898781635295,1788742724.2926207
7.086233505599543,4.195341771264375,3.0431547141319735,1788742724.3925776
7.069481815209857,4.196929442521207,3.05105229574303,1788742724.4926476
7.053351461655316,4.198335028729806,3.0581894149009266,1788742724.592584
7.011363521182872,4.114294885312395,3.086047460534953,1788742724.692677
6.993780159206562,4.115215531868245,3.0924718424946605,1788742724.7927237
6.97741375492253,4.115975627347741,3.0978557601247045,1788742724.8925157
6.965474697451231,4.116479372903428,3.1003774101920367,1788742724.9926424
6.962721341576394,4.1165929045692,3.1003836640584224,1788742725.0926464
6.965697039156083,4.116470209618199,3.1003836640584224,1788742725.192706
6.969063244746891,4.116331413111158,3.1003836640584224,1788742725.2924755
6.969953316383073,4.116294713381789,3.1003836640584224,1788742725.3926077
6.969001548032502,4.116333957010547,3.1003836640584224,1788742725.4924464
6.968556265955783,4.116352317029028,3.1003836640584224,1788742725.5927048
6.968596233633452,4.116350669068472,3.1003836640584224,1788742725.692777
6.968596233633452,4.116350669068472,3.1003836640584224,1788742725.7926605
6.968596233633452,4.116350669068472,3.1003836640584224,1788742725.8926692
6.968596233633452,4.116350669068472,3.1003836640584224,1788742725.9926229
6.968596233633452,4.116350669068472,3.1003836640584224,1788742726.092636
6.968596233633452,4.116350669068472,3.1003836640584224,1788742726.1927254
6.968596233633452,4.116350669068472,3.1003836640584224,1788742726.2926042
6.968596233633452,4.116350669068472,3.1003836640584224,1788742726.3926415
6.968596233633452,4.116350669068472,3.1003836640584224,1788742726.4925997
6.968596233633452,4.116350669068472,3.1003836640584224,1788742726.5926251
6.968596233633452,4.116350669068472,3.1003836640584224,1788742726.6926777
6.968596233633452,4.116350669068472,3.1003836640584224,1788742726.7925782
6.968596233633452,4.116350669068472,3.1003836640584224,1788742726.8926558
6.968596233633452,4.116350669068472,3.1003836640584224,1788742726.9927194
6.968596233633452,4.116350669068472,3.1003836640584224,1788742727.092646
6.968596233633452,4.116350669068472,3.1003836640584224,1788742727.1927197
6.968596233633452,4.116350669068472,3.1003836640584224,1788742727.2926302
6.968596233633452,4.116350669068472,3.1003836640584224,1788742727.3926094
6.968596233633452,4.116350669068472,3.1003836640584224,1788742727.4926252
6.968596233633452,4.116350669068472,3.1003836640584224,1788742727.5926318
6.968596233633452,4.116350669068472,3.1003836640584224,1788742727.6926572
6.968596233633452,4.116350669068472,3.1003836640584224,1788742727.7926555
6.968596233633452,4.116350669068472,3.1003836640584224,1788742727.892641
6.968596233633452,4.116350669068472,3.1003836640584224,1788742727.9926553
6.968596233633452,4.116350669068472,3.1003836640584224,1788742728.092625
6.968596233633452,4.116350669068472,3.1003836640584224,1788742728.1925855
6.968596233633452,4.116350669068472,3.1003836640584224,1788742728.2927322
6.968596233633452,4.116350669068472,3.1003836640584224,1788742728.3927667
6.968596233633452,4.116350669068472,3.1003836640584224,1788742728.4926085
6.968596233633452,4.116350669068472,3.1003836640584224,1788742728.5927777
6.968596233633452,4.116350669068472,3.1003836640584224,1788742728.6925569
6.968596233633452,4.116350669068472,3.1003836640584224,1788742728.7926111
6.968596233633452,4.116350669068472,3.1003836640584224,1788742728.8925688
6.968596233633452,4.116350669068472,3.1003836640584224,1788742728.9925954
6.968596233633452,4.116350669068472,3.1003836640584224,1788742729.0927434
6.968596233633452,4.116350669068472,3.1003836640584224,1788742729.1926603
6.968596233633452,4.116350669068472,3.1003836640584224,1788742729.2926688
6.968596233633452,4.116350669068472,3.1003836640584224,1788742729.392622
6.968596233633452,4.116350669068472,3.1003836640584224,1788742729.4926667
6.968596233633452,4.116350669068472,3.1003836640584224,1788742729.5925834
6.968596233633452,4.116350669068472,3.1003836640584224,1788742729.6927958
6.968596233633452,4.116350669068472,3.1003836640584224,1788742729.7925758
6.968596233633452,4.116350669068472,3.1003836640584224,1788742729.8926525
6.968596233633452,4.116350669068472,3.1003836640584224,1788742729.992623
6.968596233633452,4.116350669068472,3.1003836640584224,1788742730.0925148
6.968596233633452,4.116350669068472,3.1003836640584224,1788742730.1925783
6.968596233633452,4.116350669068472,3.1003836640584224,1788742730.2925634
6.968596233633452,4.116350669068472,3.1003836640584224,1788742730.3926134
6.968596233633452,4.116350669068472,3.1003836640584224,1788742730.4926205
6.968596233633452,4.116350669068472,3.1003836640584224,1788742730.5927882
6.968596233633452,4.116350669068472,3.1003836640584224,1788742730.6925662
6.968596233633452,4.116350669068472,3.1003836640584224,1788742730.792548
6.968596233633452,4.116350669068472,3.1003836640584224,1788742730.8925772
6.968596233633452,4.116350669068472,3.1003836640584224,1788742730.9925766
6.968596233633452,4.116350669068472,3.1003836640584224,1788742731.0925734
6.968596233633452,4.116350669068472,3.1003836640584224,1788742731.19269
6.968596233633452,4.116350669068472,3.1003836640584224,1788742731.292529
6.968596233633452,4.116350669068472,3.1003836640584224,1788742731.3926046
6.968596233633452,4.116350669068472,3.1003836640584224,1788742731.4927812
6.968596233633452,4.116350669068472,3.1003836640584224,1788742731.5926728
6.968596233633452,4.116350669068472,3.1003836640584224,1788742731.6927657
6.968596233633452,4.116350669068472,3.1003836640584224,1788742731.7925088
6.968596233633452,4.116350669068472,3.1003836640584224,1788742731.8927152
6.968596233633452,4.116350669068472,3.1003836640584224,1788742731.9925857
6.968596233633452,4.116350669068472,3.1003836640584224,1788742732.0927305
6.968596233633452,4.116350669068472,3.1003836640584224,1788742732.1926
6.968596233633452,4.116350669068472,3.1003836640584224,1788742732.2927222
6.968596233633452,4.116350669068472,3.1003836640584224,1788742732.3927643
6.968596233633452,4.116350669068472,3.1003836640584224,1788742732.4926057
6.968596233633452,4.116350669068472,3.1003836640584224,1788742732.5925868
6.968596233633452,4.116350669068472,3.1003836640584224,1788742732.6925983
6.968596233633452,4.116350669068472,3.1003836640584224,1788742732.7927446
6.968596233633452,4.116350669068472,3.1003836640584224,1788742732.892735
6.968596233633452,4.116350669068472,3.1003836640584224,1788742732.9926157
6.968596233633452,4.116350669068472,3.1003836640584224,1788742733.0926242
6.968596233633452,4.116350669068472,3.1003836640584224,1788742733.192625
6.968596233633452,4.116350669068472,3.1003836640584224,1788742733.2926316
6.968596233633452,4.116350669068472,3.1003836640584224,1788742733.3925798
6.968596233633452,4.116350669068472,3.1003836640584224,1788742733.492602
6.968596233633452,4.116350669068472,3.1003836640584224,1788742733.5926886
6.968596233633452,4.116350669068472,3.1003836640584224,1788742733.6925936
6.968596233633452,4.116350669068472,3.1003836640584224,1788742733.792641
6.968596233633452,4.116350669068472,3.1003836640584224,1788742733.8927095
6.968596233633452,4.116350669068472,3.1003836640584224,1788742733.9927313
6.968596233633452,4.116350669068472,3.1003836640584224,1788742734.0926814
6.968596233633452,4.116350669068472,3.1003836640584224,1788742734.1926038
6.968596233633452,4.116350669068472,3.1003836640584224,1788742734.2926192
6.968596233633452,4.116350669068472,3.1003836640584224,1788742734.392548
6.968596233633452,4.116350669068472,3.1003836640584224,1788742734.492665
6.968596233633452,4.116350669068472,3.1003836640584224,1788742734.5925999
6.968596233633452,4.116350669068472,3.1003836640584224,1788742734.6925144
6.968596233633452,4.116350669068472,3.1003836640584224,1788742734.7926593
6.968596233633452,4.116350669068472,3.1003836640584224,1788742734.892742
6.968596233633452,4.116350669068472,3.1003836640584224,1788742734.992657
6.968596233633452,4.116350669068472,3.1003836640584224,1788742735.0926905
6.968596233633452,4.116350669068472,3.1003836640584224,1788742735.1927152
6.968596233633452,4.116350669068472,3.1003836640584224,1788742735.2926784
6.968596233633452,4.116350669068472,3.1003836640584224,1788742735.3925698
6.968596233633452,4.116350669068472,3.1003836640584224,1788742735.4925954
6.968596233633452,4.116350669068472,3.1003836640584224,1788742735.5927382
6.968596233633452,4.116350669068472,3.1003836640584224,1788742735.6925886
6.968596233633452,4.116350669068472,3.1003836640584224,1788742735.792525
6.968596233633452,4.116350669068472,3.1003836640584224,1788742735.892789
6.968596233633452,4.116350669068472,3.1003836640584224,1788742735.992598
6.968596233633452,4.116350669068472,3.1003836640584224,1788742736.0925932
6.968596233633452,4.116350669068472,3.1003836640584224,1788742736.192698
6.968596233633452,4.116350669068472,3.1003836640584224,1788742736.2927604
6.968596233633452,4.116350669068472,3.1003836640584224,1788742736.3927596
6.968596233633452,4.116350669068472,3.1003836640584224,1788742736.4928145
6.968596233633452,4.116350669068472,3.1003836640584224,1788742736.5924528
6.968596233633452,4.116350669068472,3.1003836640584224,1788742736.6928189
6.968596233633452,4.116350669068472,3.1003836640584224,1788742736.7927828
6.968596233633452,4.116350669068472,3.1003836640584224,1788742736.8928118
6.968596233633452,4.116350669068472,3.1003836640584224,1788742736.992595
6.968596233633452,4.116350669068472,3.1003836640584224,1788742737.092629
6.968596233633452,4.116350669068472,3.1003836640584224,1788742737.1925771
6.968596233633452,4.116350669068472,3.1003836640584224,1788742737.2925885
6.968596233633452,4.116350669068472,3.1003836640584224,1788742737.3927147
6.968596233633452,4.116350669068472,3.1003836640584224,1788742737.4924521
6.968596233633452,4.116350669068472,3.1003836640584224,1788742737.592729
6.968596233633452,4.116350669068472,3.1003836640584224,1788742737.692604
6.968596233633452,4.116350669068472,3.1003836640584224,1788742737.7927125
6.968596233633452,4.116350669068472,3.1003836640584224,1788742737.8928604
6.968596233633452,4.116350669068472,3.1003836640584224,1788742737.9926739
6.968596233633452,4.116350669068472,3.1003836640584224,1788742738.092683
6.968596233633452,4.116350669068472,3.1003836640584224,1788742738.1926033
6.968596233633452,4.116350669068472,3.1003836640584224,1788742738.2926798
6.968596233633452,4.116350669068472,3.1003836640584224,1788742738.3927536
6.968596233633452,4.116350669068472,3.1003836640584224,1788742738.4927232
6.968596233633452,4.116350669068472,3.1003836640584224,1788742738.5926628
6.968596233633452,4.116350669068472,3.1003836640584224,1788742738.6926208
6.968596233633452,4.116350669068472,3.1003836640584224,1788742738.7926455
6.968596233633452,4.116350669068472,3.1003836640584224,1788742738.8926153
6.968596233633452,4.116350669068472,3.1003836640584224,1788742738.9925506
6.968596233633452,4.116350669068472,3.1003836640584224,1788742739.0925558
6.968596233633452,4.116350669068472,3.1003836640584224,1788742739.192584
6.968596233633452,4.116350669068472,3.1003836640584224,1788742739.2927492
6.968596233633452,4.116350669068472,3.1003836640584224,1788742739.392721
6.968596233633452,4.116350669068472,3.1003836640584224,1788742739.49277
6.968596233633452,4.116350669068472,3.1003836640584224,1788742739.592565
6.968596233633452,4.116350669068472,3.1003836640584224,1788742739.6925657
6.968596233633452,4.116350669068472,3.1003836640584224,1788742739.7926798
6.968596233633452,4.116350669068472,3.1003836640584224,1788742739.892658
6.968596233633452,4.116350669068472,3.1003836640584224,1788742739.9926841
6.968596233633452,4.116350669068472,3.1003836640584224,1788742740.092753
6.968596233633452,4.116350669068472,3.1003836640584224,1788742740.1927664
6.968596233633452,4.116350669068472,3.1003836640584224,1788742740.292814
6.968596233633452,4.116350669068472,3.1003836640584224,1788742740.3925612
6.968596233633452,4.116350669068472,3.1003836640584224,1788742740.4928482
6.968596233633452,4.116350669068472,3.1003836640584224,1788742740.5925982
6.968596233633452,4.116350669068472,3.1003836640584224,1788742740.6927145
6.968596233633452,4.116350669068472,3.1003836640584224,1788742740.7926633
6.968596233633452,4.116350669068472,3.1003836640584224,1788742740.8927379
6.968596233633452,4.116350669068472,3.1003836640584224,1788742740.9926193
6.968596233633452,4.116350669068472,3.1003836640584224,1788742741.0925813
6.968596233633452,4.116350669068472,3.1003836640584224,1788742741.192696
6.968596233633452,4.116350669068472,3.1003836640584224,1788742741.2927685
6.968596233633452,4.116350669068472,3.1003836640584224,1788742741.392629
6.968596233633452,4.116350669068472,3.1003836640584224,1788742741.4927187
6.968596233633452,4.116350669068472,3.1003836640584224,1788742741.5927753
6.968596233633452,4.116350669068472,3.1003836640584224,1788742741.6927862
6.968596233633452,4.116350669068472,3.1003836640584224,1788742741.7928085
6.968596233633452,4.116350669068472,3.1003836640584224,1788742741.8925989
6.968596233633452,4.116350669068472,3.1003836640584224,1788742741.9926794
6.968596233633452,4.116350669068472,3.1003836640584224,1788742742.092664
6.968596233633452,4.116350669068472,3.1003836640584224,1788742742.19268
6.968596233633452,4.116350669068472,3.1003836640584224,1788742742.2925375
6.968596233633452,4.116350669068472,3.1003836640584224,1788742742.3927867
6.968596233633452,4.116350669068472,3.1003836640584224,1788742742.4927015
6.968596233633452,4.116350669068472,3.1003836640584224,1788742742.5928066
6.968596233633452,4.116350669068472,3.1003836640584224,1788742742.6926656
6.968596233633452,4.116350669068472,3.1003836640584224,1788742742.7927113
6.968596233633452,4.116350669068472,3.1003836640584224,1788742742.8927612
6.968596233633452,4.116350669068472,3.1003836640584224,1788742742.992644
6.968596233633452,4.116350669068472,3.1003836640584224,1788742743.0926626
6.968596233633452,4.116350669068472,3.1003836640584224,1788742743.1926544
6.968596233633452,4.116350669068472,3.1003836640584224,1788742743.2928276
6.968596233633452,4.116350669068472,3.1003836640584224,1788742743.3926713
6.968596233633452,4.116350669068472,3.1003836640584224,1788742743.492743
6.968596233633452,4.116350669068472,3.1003836640584224,1788742743.5927713
6.968596233633452,4.116350669068472,3.1003836640584224,1788742743.692618
6.968596233633452,4.116350669068472,3.1003836640584224,1788742743.7926297
6.968596233633452,4.116350669068472,3.1003836640584224,1788742743.8926892
6.968596233633452,4.116350669068472,3.1003836640584224,1788742743.9926527
6.968596233633452,4.116350669068472,3.1003836640584224,1788742744.0926676
6.968596233633452,4.116350669068472,3.1003836640584224,1788742744.1926174
6.968596233633452,4.116350669068472,3.1003836640584224,1788742744.292691
6.968596233633452,4.116350669068472,3.1003836640584224,1788742744.392759
6.968596233633452,4.116350669068472,3.1003836640584224,1788742744.4927022
6.968596233633452,4.116350669068472,3.1003836640584224,1788742744.5927315
6.968596233633452,4.116350669068472,3.1003836640584224,1788742744.6926894
6.968596233633452,4.116350669068472,3.1003836640584224,1788742744.7926123
6.968596233633452,4.116350669068472,3.1003836640584224,1788742744.8928354
6.968596233633452,4.116350669068472,3.1003836640584224,1788742744.9928706
6.968596233633452,4.116350669068472,3.1003836640584224,1788742745.0927832
6.968596233633452,4.116350669068472,3.1003836640584224,1788742745.1926267
6.968596233633452,4.116350669068472,3.1003836640584224,1788742745.2926333
6.968596233633452,4.116350669068472,3.1003836640584224,1788742745.3926568
6.968596233633452,4.116350669068472,3.1003836640584224,1788742745.4926658
6.968596233633452,4.116350669068472,3.1003836640584224,1788742745.5927305
6.968596233633452,4.116350669068472,3.1003836640584224,1788742745.6925561
6.968596233633452,4.116350669068472,3.1003836640584224,1788742745.7926154
6.968596233633452,4.116350669068472,3.1003836640584224,1788742745.892691
6.968596233633452,4.116350669068472,3.1003836640584224,1788742745.9925983
6.968596233633452,4.116350669068472,3.1003836640584224,1788742746.0926716
6.968596233633452,4.116350669068472,3.1003836640584224,1788742746.1927578
6.968596233633452,4.116350669068472,3.1003836640584224,1788742746.2927334
6.968596233633452,4.116350669068472,3.1003836640584224,1788742746.3926046
6.968596233633452,4.116350669068472,3.1003836640584224,1788742746.492621
6.968596233633452,4.116350669068472,3.1003836640584224,1788742746.5925841
6.968596233633452,4.116350669068472,3.1003836640584224,1788742746.6925457
6.968596233633452,4.116350669068472,3.1003836640584224,1788742746.7925062
6.968596233633452,4.116350669068472,3.1003836640584224,1788742746.8926146
6.968596233633452,4.116350669068472,3.1003836640584224,1788742746.992666
6.968596233633452,4.116350669068472,3.1003836640584224,1788742747.0927873
6.968596233633452,4.116350669068472,3.1003836640584224,1788742747.1926334
6.968596233633452,4.116350669068472,3.1003836640584224,1788742747.2925508
6.968596233633452,4.116350669068472,3.1003836640584224,1788742747.3926673
6.968596233633452,4.116350669068472,3.1003836640584224,1788742747.4925733
6.968596233633452,4.116350669068472,3.1003836640584224,1788742747.5926967
6.968596233633452,4.116350669068472,3.1003836640584224,1788742747.6925368
6.968596233633452,4.116350669068472,3.1003836640584224,1788742747.7926662
6.968596233633452,4.116350669068472,3.1003836640584224,1788742747.8926618
6.968596233633452,4.116350669068472,3.1003836640584224,1788742747.9926877
6.968596233633452,4.116350669068472,3.1003836640584224,1788742748.0925748
6.968596233633452,4.116350669068472,3.1003836640584224,1788742748.192618
6.968596233633452,4.116350669068472,3.1003836640584224,1788742748.2928212
6.968596233633452,4.116350669068472,3.1003836640584224,1788742748.3926795
6.968596233633452,4.116350669068472,3.1003836640584224,1788742748.4925847
6.968596233633452,4.116350669068472,3.1003836640584224,1788742748.5928395
6.968596233633452,4.116350669068472,3.1003836640584224,1788742748.692623
6.968596233633452,4.116350669068472,3.1003836640584224,1788742748.7926993
6.968596233633452,4.116350669068472,3.1003836640584224,1788742748.892763
6.968596233633452,4.116350669068472,3.1003836640584224,1788742748.9926612
6.968596233633452,4.116350669068472,3.1003836640584224,1788742749.092648
6.968596233633452,4.116350669068472,3.1005794667281243,1788742749.1926765
6.968596233633452,4.116350669068472,3.1007445428815594,1788742749.2927494
6.968596233633452,4.116350669068472,3.1007445428815594,1788742749.3927355
6.968596233633452,4.116350669068472,3.1014079951770643,1788742749.492702
6.968596233633452,4.116350669068472,3.1098820671972307,1788742749.592757
6.968596233633452,4.116350669068472,3.1344705328959983,1788742749.6926317
6.968596233633452,4.116350669068472,3.1746732701424185,1788742749.7926698
6.968596233633452,4.116350669068472,3.222084137246986,1788742749.8924913
6.968596233633452,4.116350669068472,3.2694848242602577,1788742749.9925265
6.968596233633452,4.116350669068472,3.3161390796838233,1788742750.0925708
6.968596233633452,4.116350669068472,3.3668938668111403,1788742750.19249
6.968596233633452,4.116350669068472,3.4205463350557785,1788742750.2926083
6.968596233633452,4.116350669068472,3.4740244789905597,1788742750.392606
6.968596233633452,4.116350669068472,3.524789830803402,1788742750.492641
6.968518292039317,4.116317116319477,3.548151388826765,1788742750.592611
6.967948990302975,4.116071452022455,3.549779209262727,1788742750.6926475
6.967836459425126,4.116022769194242,3.5499821561165774,1788742750.7927032
6.967777827357704,4.115997396093476,3.5500627947158656,1788742750.8925686
6.967865582780668,4.116035380159864,3.5501034638653164,1788742750.9924965
6.969577986634992,4.116778211955685,3.5517146006670943,1788742751.0925872
6.976525112105001,4.119827929706963,3.558459644082354,1788742751.1926193
6.990566179825397,4.126150391662404,3.570771599840315,1788742751.2925801
7.010974580784541,4.135714404845447,3.5887937272374524,1788742751.392711
7.037222260568566,4.1486899346976776,3.61262544001954,1788742751.4925194
7.064157990387979,4.162844526784406,3.6383399035891912,1788742751.5926647
7.088527895040954,4.176446284872815,3.663173946479855,1788742751.69265
7.109950322695443,4.189090789010356,3.686574157957852,1788742751.7926853
7.129847579222705,4.2014679357264155,3.7098160024888376,1788742751.8926787
7.186446779372959,4.247336135529194,3.824452167487497,1788742751.992565
7.202696632144674,4.260871058331993,3.8479299513429623,1788742752.0926712
7.216648414186428,4.273042013570109,3.8702394377858225,1788742752.1926749
7.22764661001394,4.2830462471222965,3.889621484305567,1788742752.2925775
7.231548311907284,4.2866924953598184,3.901465512796488,1788742752.3925562
7.221585872344495,4.276651882793791,3.8972137375684173,1788742752.4926734
7.221585872344495,4.276651882793791,3.9010615512044025,1788742752.5925062
7.221585872344495,4.276651882793791,3.9030242614843793,1788742752.6926057
7.221585872344495,4.276651882793791,3.9030242614843793,1788742752.7926354
7.221585872344495,4.276651882793791,3.903625187757777,1788742752.8926337
7.221585872344495,4.276651882793791,3.9111615462134943,1788742752.9925783
7.221585872344495,4.276651882793791,3.924736660408429,1788742753.092619
7.221614572942521,4.27668087198539,3.932014070033604,1788742753.192834
7.221649200183521,4.276715852183658,3.9321735772906172,1788742753.2927194
7.2216048225689775,4.276671016568446,3.932035151469456,1788742753.392653
7.221621749675595,4.2766881157868175,3.9320520239281063,1788742753.4926746
7.221677866244814,4.276744805535166,3.932084388371199,1788742753.5928195
7.221773013766487,4.27684092746551,3.9320853861976532,1788742753.6926067
7.221773013766487,4.27684092746551,3.9320853861976532,1788742753.7926548
7.221773013766487,4.27684092746551,3.9320853861976532,1788742753.8926222
7.221773013766487,4.27684092746551,3.9320853861976532,1788742753.9926016
7.221773013766487,4.27684092746551,3.9320853861976532,1788742754.0925639
7.221773013766487,4.27684092746551,3.9320853861976532,1788742754.192588
7.221773013766487,4.27684092746551,3.9320853861976532,1788742754.2926974
7.221773013766487,4.27684092746551,3.9320853861976532,1788742754.392642
7.221773013766487,4.27684092746551,3.9320853861976532,1788742754.4925723
7.221773013766487,4.27684092746551,3.9320853861976532,1788742754.5924659
7.221773013766487,4.27684092746551,3.9320853861976532,1788742754.6926055
7.221773013766487,4.27684092746551,3.9320853861976532,1788742754.7926457
7.221773013766487,4.27684092746551,3.9320853861976532,1788742754.892542
7.221773013766487,4.27684092746551,3.9320853861976532,1788742754.9927292
7.221773013766487,4.27684092746551,3.9320853861976532,1788742755.09264
7.221773013766487,4.27684092746551,3.9320853861976532,1788742755.192707
7.221773013766487,4.27684092746551,3.9320853861976532,1788742755.2926672
7.221773013766487,4.27684092746551,3.9320853861976532,1788742755.3925443
7.221773013766487,4.27684092746551,3.9320853861976532,1788742755.4926214
7.221773013766487,4.27684092746551,3.9320853861976532,1788742755.5926495
7.221773013766487,4.27684092746551,3.9320853861976532,1788742755.6926236
7.221773013766487,4.27684092746551,3.9320853861976532,1788742755.792605
7.221773013766487,4.27684092746551,3.9320853861976532,1788742755.892765
7.221773013766487,4.27684092746551,3.9320853861976532,1788742755.9926205
7.221773013766487,4.27684092746551,3.9320853861976532,1788742756.0928097
7.221773013766487,4.27684092746551,3.9320853861976532,1788742756.192663
7.221773013766487,4.27684092746551,3.9320853861976532,1788742756.2925847
7.221773013766487,4.27684092746551,3.9320853861976532,1788742756.392716
7.221773013766487,4.27684092746551,3.9320853861976532,1788742756.4925916
7.221773013766487,4.27684092746551,3.9320853861976532,1788742756.592629
7.221773013766487,4.27684092746551,3.9320853861976532,1788742756.6925275
7.221773013766487,4.27684092746551,3.9320853861976532,1788742756.7928276
7.221773013766487,4.27684092746551,3.9320853861976532,1788742756.8928885
7.221773013766487,4.27684092746551,3.9320853861976532,1788742756.992613
7.221773013766487,4.27684092746551,3.9320853861976532,1788742757.0926197
7.221773013766487,4.27684092746551,3.9320853861976532,1788742757.1927915
7.221773013766487,4.27684092746551,3.9320853861976532,1788742757.2926702
7.221773013766487,4.27684092746551,3.9320853861976532,1788742757.392621
7.221773013766487,4.27684092746551,3.9320853861976532,1788742757.4927003
7.221773013766487,4.27684092746551,3.9320853861976532,1788742757.5927305
7.221773013766487,4.27684092746551,3.9320853861976532,1788742757.6927085
7.221773013766487,4.27684092746551,3.9320853861976532,1788742757.7925885
7.221773013766487,4.27684092746551,3.9320853861976532,1788742757.8925176
7.221773013766487,4.27684092746551,3.9320853861976532,1788742757.9925044
7.221773013766487,4.27684092746551,3.9320853861976532,1788742758.09256
7.221773013766487,4.27684092746551,3.9320853861976532,1788742758.1926117
7.221773013766487,4.27684092746551,3.9320853861976532,1788742758.2926238
7.221773013766487,4.27684092746551,3.9320853861976532,1788742758.3925645
7.221773013766487,4.27684092746551,3.9320853861976532,1788742758.4926534
7.221773013766487,4.27684092746551,3.9320853861976532,1788742758.5925875
7.221773013766487,4.27684092746551,3.9320853861976532,1788742758.6926272
7.221773013766487,4.27684092746551,3.9320853861976532,1788742758.79256
7.221773013766487,4.27684092746551,3.9320853861976532,1788742758.892698
7.221773013766487,4.27684092746551,3.9320853861976532,1788742758.9925573
7.221773013766487,4.27684092746551,3.9320853861976532,1788742759.0926192
7.221773013766487,4.27684092746551,3.9320853861976532,1788742759.1927922
7.221773013766487,4.27684092746551,3.9320853861976532,1788742759.2926288
7.221773013766487,4.27684092746551,3.9320853861976532,1788742759.3926425
7.221773013766487,4.27684092746551,3.9320853861976532,1788742759.4926624
7.221773013766487,4.27684092746551,3.9320853861976532,1788742759.5926342
7.221773013766487,4.27684092746551,3.9320853861976532,1788742759.6925862
7.221773013766487,4.27684092746551,3.9320853861976532,1788742759.7926896
7.221773013766487,4.27684092746551,3.9320853861976532,1788742759.8925536
7.221773013766487,4.27684092746551,3.9320853861976532,1788742759.992653
7.221773013766487,4.27684092746551,3.9320853861976532,1788742760.092737
7.221773013766487,4.27684092746551,3.9320853861976532,1788742760.1925943
7.221773013766487,4.27684092746551,3.9320853861976532,1788742760.2926095
7.221773013766487,4.27684092746551,3.9320853861976532,1788742760.3927429
7.221773013766487,4.27684092746551,3.9320853861976532,1788742760.4926932
7.221773013766487,4.27684092746551,3.9320853861976532,1788742760.5926392
7.221773013766487,4.27684092746551,3.9320853861976532,1788742760.6927085
7.221773013766487,4.27684092746551,3.9320853861976532,1788742760.7926288
7.221773013766487,4.27684092746551,3.9320853861976532,1788742760.892569
7.221773013766487,4.27684092746551,3.9320853861976532,1788742760.9928648
7.221773013766487,4.27684092746551,3.9320853861976532,1788742761.09263
7.221773013766487,4.27684092746551,3.9320853861976532,1788742761.1926053
7.221773013766487,4.27684092746551,3.9320853861976532,1788742761.2926612
7.221773013766487,4.27684092746551,3.9320853861976532,1788742761.3926654
7.221773013766487,4.27684092746551,3.9320853861976532,1788742761.492662
7.221773013766487,4.27684092746551,3.9320853861976532,1788742761.5926259
7.221773013766487,4.27684092746551,3.9320853861976532,1788742761.6926167
7.221773013766487,4.27684092746551,3.9320853861976532,1788742761.7926452
7.221773013766487,4.27684092746551,3.9320853861976532,1788742761.8925285
7.221773013766487,4.27684092746551,3.9320853861976532,1788742761.9927795
7.221773013766487,4.27684092746551,3.9320853861976532,1788742762.0927868
7.221773013766487,4.27684092746551,3.9320853861976532,1788742762.1928766
7.221773013766487,4.27684092746551,3.9320853861976532,1788742762.2926757
7.221773013766487,4.27684092746551,3.9320853861976532,1788742762.3926861
7.221773013766487,4.27684092746551,3.9320853861976532,1788742762.4928937
7.221773013766487,4.27684092746551,3.9320853861976532,1788742762.5926497
7.221773013766487,4.27684092746551,3.9320853861976532,1788742762.692707
7.221773013766487,4.27684092746551,3.9320853861976532,1788742762.7927718
7.221773013766487,4.27684092746551,3.9320853861976532,1788742762.8927386
7.221773013766487,4.27684092746551,3.9320853861976532,1788742762.992678
7.221773013766487,4.27684092746551,3.9320853861976532,1788742763.09289
7.221773013766487,4.27684092746551,3.9320853861976532,1788742763.1926687
7.221773013766487,4.27684092746551,3.9320853861976532,1788742763.2926943
7.221773013766487,4.27684092746551,3.9320853861976532,1788742763.3926888
7.221773013766487,4.27684092746551,3.9320853861976532,1788742763.4926353
7.221773013766487,4.27684092746551,3.9320853861976532,1788742763.5927258
7.221773013766487,4.27684092746551,3.9320853861976532,1788742763.6926758
7.221773013766487,4.27684092746551,3.9320853861976532,1788742763.7927115
7.221773013766487,4.27684092746551,3.9320853861976532,1788742763.8926117
7.221773013766487,4.27684092746551,3.9320853861976532,1788742763.9925838
7.221773013766487,4.27684092746551,3.9320853861976532,1788742764.0926242
7.221773013766487,4.27684092746551,3.9320853861976532,1788742764.1925714
7.221773013766487,4.27684092746551,3.9320853861976532,1788742764.2926292
7.221773013766487,4.27684092746551,3.9320853861976532,1788742764.3926556
7.221773013766487,4.27684092746551,3.9320853861976532,1788742764.4925745
7.221773013766487,4.27684092746551,3.9320853861976532,1788742764.5926785
7.221773013766487,4.27684092746551,3.9320853861976532,1788742764.6926444
7.221773013766487,4.27684092746551,3.9320853861976532,1788742764.7928517
7.221773013766487,4.27684092746551,3.9320853861976532,1788742764.8926268
7.221773013766487,4.27684092746551,3.9320853861976532,1788742764.992865
7.221773013766487,4.27684092746551,3.9320853861976532,1788742765.0926828
7.221773013766487,4.27684092746551,3.9320853861976532,1788742765.1926155
7.221773013766487,4.27684092746551,3.9320853861976532,1788742765.292534
7.221773013766487,4.27684092746551,3.9320853861976532,1788742765.39277
7.221773013766487,4.27684092746551,3.9320853861976532,1788742765.4926846
7.221773013766487,4.27684092746551,3.9320853861976532,1788742765.59273
7.221773013766487,4.27684092746551,3.9320853861976532,1788742765.6927946
7.221773013766487,4.27684092746551,3.9320853861976532,1788742765.792632
7.221773013766487,4.27684092746551,3.9320853861976532,1788742765.8926446
7.221773013766487,4.27684092746551,3.9320853861976532,1788742765.9926786
7.221773013766487,4.27684092746551,3.9320853861976532,1788742766.0928333
7.221773013766487,4.27684092746551,3.9320853861976532,1788742766.192845
7.221773013766487,4.27684092746551,3.9320853861976532,1788742766.2928855
7.221773013766487,4.27684092746551,3.9320853861976532,1788742766.392813
7.221773013766487,4.27684092746551,3.9320853861976532,1788742766.492691
7.221773013766487,4.27684092746551,3.9320853861976532,1788742766.5927267
7.221773013766487,4.27684092746551,3.9320853861976532,1788742766.6926363
7.221773013766487,4.27684092746551,3.9320853861976532,1788742766.7926664
7.221773013766487,4.27684092746551,3.9320853861976532,1788742766.892664
7.221773013766487,4.27684092746551,3.9320853861976532,1788742766.9925747
7.221773013766487,4.27684092746551,3.9320853861976532,1788742767.092701
7.221773013766487,4.27684092746551,3.9320853861976532,1788742767.192653
7.221773013766487,4.27684092746551,3.9320853861976532,1788742767.2927148
7.221773013766487,4.27684092746551,3.9320853861976532,1788742767.3928182
7.221773013766487,4.27684092746551,3.9320853861976532,1788742767.492891
7.221773013766487,4.27684092746551,3.9320853861976532,1788742767.5929143
7.221773013766487,4.27684092746551,3.9320853861976532,1788742767.6926303
7.221773013766487,4.27684092746551,3.9320853861976532,1788742767.7927797
7.221773013766487,4.27684092746551,3.9320853861976532,1788742767.8927808
7.221773013766487,4.27684092746551,3.9320853861976532,1788742767.9926164
7.221773013766487,4.27684092746551,3.9320853861976532,1788742768.0927556
7.221773013766487,4.27684092746551,3.9320853861976532,1788742768.1926394
7.221773013766487,4.27684092746551,3.9320853861976532,1788742768.2926178
-17.872124235342937,-5.556547825315144,0.8595182344378338,1788742790.1925206
0.26000000000000156,0.259999999999998,-0.3664500000000005,1788742790.2924414
0.26000000000000156,0.259999999999998,-0.3664500000000005,1788742790.3925607
0.26000000000000156,0.259999999999998,-0.3664500000000005,1788742790.492547
0.26000000000000156,0.259999999999998,-0.3664500000000005,1788742790.5926113
0.26000000000000156,0.259999999999998,-0.3664500000000005,1788742790.6926577
0.26000000000000156,0.259999999999998,-0.3664500000000005,1788742790.7925158
0.26000000000000156,0.259999999999998,-0.3664500000000005,1788742790.892535
0.26000000000000156,0.259999999999998,-0.3664500000000005,1788742790.9924965
0.26000000000000156,0.259999999999998,-0.3664500000000005,1788742791.0925715
0.26000000000000156,0.259999999999998,-0.3664500000000005,1788742791.1925793
0.26000000000000156,0.259999999999998,-0.3664500000000005,1788742791.2925522
0.26000000000000156,0.259999999999998,-0.3664500000000005,1788742791.3925693
0.26000000000000156,0.259999999999998,-0.3664500000000005,1788742791.4925392
0.26000000000000156,0.259999999999998,-0.3664500000000005,1788742791.5925858
0.26000000000000156,0.259999999999998,-0.3664500000000005,1788742791.6924598
0.26000000000000156,0.259999999999998,-0.3664500000000005,1788742791.7925408
0.26000000000000156,0.259999999999998,-0.3664500000000005,1788742791.8925285
0.26000000000000156,0.259999999999998,-0.3664500000000005,1788742791.9925346
0.26000000000000156,0.259999999999998,-0.3664500000000005,1788742792.0924954
0.26000000000000156,0.259999999999998,-0.3664500000000005,1788742792.1925097
0.26000000000000156,0.259999999999998,-0.3664500000000005,1788742792.2926033
0.26000000000000156,0.259999999999998,-0.3664500000000005,1788742792.392481
0.26000000000000156,0.259999999999998,-0.3664500000000005,1788742792.4925187
0.26000000000000156,0.259999999999998,-0.3664500000000005,1788742792.5924766
0.26000000000000156,0.259999999999998,-0.3664500000000005,1788742792.6926026
0.26000000000000156,0.259999999999998,-0.3664500000000005,1788742792.7925956
0.26000000000000156,0.259999999999998,-0.3664500000000005,1788742792.8925936
0.26000000000000156,0.259999999999998,-0.3664500000000005,1788742792.9925606
0.26000000000000156,0.259999999999998,-0.3664500000000005,1788742793.0925379
0.26000000000000156,0.259999999999998,-0.3664500000000005,1788742793.1927152
0.26000000000000156,0.259999999999998,-0.3664500000000005,1788742793.2926052
0.26000000000000156,0.259999999999998,-0.3664500000000005,1788742793.3926382
0.26000000000000156,0.259999999999998,-0.3664500000000005,1788742793.4925842
0.26000000000000156,0.259999999999998,-0.3664500000000005,1788742793.5925605
0.26000000000000156,0.259999999999998,-0.3664500000000005,1788742793.6927202
0.26000000000000156,0.259999999999998,-0.3664500000000005,1788742793.792644
0.26000000000000156,0.259999999999998,-0.3664500000000005,1788742793.8926811
0.26000000000000156,0.259999999999998,-0.3664500000000005,1788742793.992473
0.26000000000000156,0.259999999999998,-0.3664500000000005,1788742794.092522
0.26000000000000156,0.259999999999998,-0.3664500000000005,1788742794.192552
0.26000000000000156,0.259999999999998,-0.3664500000000005,1788742794.2925239
0.26000000000000156,0.259999999999998,-0.3664500000000005,1788742794.3924985
0.26000000000000156,0.259999999999998,-0.3664500000000005,1788742794.4925218
0.26000000000000156,0.259999999999998,-0.3664500000000005,1788742794.5925407
0.26000000000000156,0.259999999999998,-0.3664500000000005,1788742794.6925404
0.26000000000000156,0.259999999999998,-0.3664500000000005,1788742794.7925556
0.26000000000000156,0.259999999999998,-0.3664500000000005,1788742794.8925436
0.26000000000000156,0.259999999999998,-0.3664500000000005,1788742794.9925797
0.26000000000000156,0.259999999999998,-0.3664500000000005,1788742795.0925877
0.26000000000000156,0.259999999999998,-0.3664500000000005,1788742795.192628
0.26000000000000156,0.259999999999998,-0.3664500000000005,1788742795.292583
0.26000000000000156,0.259999999999998,-0.3664500000000005,1788742795.3925335
0.26000000000000156,0.259999999999998,-0.3664500000000005,1788742795.4926307
0.26000000000000156,0.259999999999998,-0.3664500000000005,1788742795.5925198
0.26000000000000156,0.259999999999998,-0.3664500000000005,1788742795.6925294
0.26000000000000156,0.259999999999998,-0.3664500000000005,1788742795.7925417
0.26000000000000156,0.259999999999998,-0.3664500000000005,1788742795.8925111
0.26000000000000156,0.259999999999998,-0.3664500000000005,1788742795.9925184
0.26000000000000156,0.259999999999998,-0.3664500000000005,1788742796.0926032
0.26000000000000156,0.259999999999998,-0.3664500000000005,1788742796.192554
0.26000000000000156,0.259999999999998,-0.3664500000000005,1788742796.2926424
0.26000000000000156,0.259999999999998,-0.3664500000000005,1788742796.3926313
0.26000000000000156,0.259999999999998,-0.3664500000000005,1788742796.4925559
0.26000000000000156,0.259999999999998,-0.3664500000000005,1788742796.5924656
0.26000000000000156,0.259999999999998,-0.3664500000000005,1788742796.6925585
0.26000000000000156,0.259999999999998,-0.3664500000000005,1788742796.7925818
0.26000000000000156,0.259999999999998,-0.3664500000000005,1788742796.8926146
0.26000000000000156,0.259999999999998,-0.3664500000000005,1788742796.9926436
0.26000000000000156,0.259999999999998,-0.3664500000000005,1788742797.092572
0.26000000000000156,0.259999999999998,-0.3664500000000005,1788742797.1925857
0.26000000000000156,0.259999999999998,-0.3664500000000005,1788742797.292572
0.26000000000000156,0.259999999999998,-0.3664500000000005,1788742797.392577
0.26000000000000156,0.259999999999998,-0.3664500000000005,1788742797.4925961
0.26000000000000156,0.259999999999998,-0.3664500000000005,1788742797.5925255
0.26000000000000156,0.259999999999998,-0.3664500000000005,1788742797.692682
0.26000000000000156,0.259999999999998,-0.3664500000000005,1788742797.7925253
0.26000000000000156,0.259999999999998,-0.3664500000000005,1788742797.8925967
0.26000000000000156,0.259999999999998,-0.3664500000000005,1788742797.992717
0.26000000000000156,0.259999999999998,-0.3664500000000005,1788742798.092642
0.26000000000000156,0.259999999999998,-0.3664500000000005,1788742798.192602
0.26000000000000156,0.259999999999998,-0.3664500000000005,1788742798.292583
0.26000000000000156,0.259999999999998,-0.3664500000000005,1788742798.3925946
0.26000000000000156,0.259999999999998,-0.3664500000000005,1788742798.49261
0.26000000000000156,0.259999999999998,-0.3664500000000005,1788742798.592761
0.26000000000000156,0.259999999999998,-0.3664500000000005,1788742798.6925511
0.26000000000000156,0.259999999999998,-0.3664500000000005,1788742798.7926245
0.26000000000000156,0.259999999999998,-0.3664500000000005,1788742798.8926356
0.26000000000000156,0.259999999999998,-0.3664500000000005,1788742798.9926715
0.26000000000000156,0.259999999999998,-0.3664500000000005,1788742799.0926986
0.26000000000000156,0.259999999999998,-0.3664500000000005,1788742799.1925495
0.26000000000000156,0.259999999999998,-0.3664500000000005,1788742799.2926202
0.26000000000000156,0.259999999999998,-0.3664500000000005,1788742799.3927195
0.26000000000000156,0.259999999999998,-0.3664500000000005,1788742799.492557
0.26000000000000156,0.259999999999998,-0.3664500000000005,1788742799.5926585
0.26000000000000156,0.259999999999998,-0.3664500000000005,1788742799.6926062
0.26000000000000156,0.259999999999998,-0.3664500000000005,1788742799.792454
0.26000000000000156,0.259999999999998,-0.3664500000000005,1788742799.8925755
0.26000000000000156,0.259999999999998,-0.3664500000000005,1788742799.992519
0.26000000000000156,0.259999999999998,-0.3664500000000005,1788742800.0925784
0.26000000000000156,0.259999999999998,-0.3664500000000005,1788742800.1925359
0.26000000000000156,0.259999999999998,-0.3664500000000005,1788742800.292476
0.26000000000000156,0.259999999999998,-0.3664500000000005,1788742800.3925672
0.26000000000000156,0.259999999999998,-0.3664500000000005,1788742800.4926126
0.26000000000000156,0.259999999999998,-0.3664500000000005,1788742800.592721
0.26000000000000156,0.259999999999998,-0.3664500000000005,1788742800.6926303
0.26000000000000156,0.259999999999998,-0.3664500000000005,1788742800.792642
0.26000000000000156,0.259999999999998,-0.3664500000000005,1788742800.8927548
0.26000000000000156,0.259999999999998,-0.3664500000000005,1788742800.9925146
0.26000000000000156,0.259999999999998,-0.3664500000000005,1788742801.0926435
0.26000000000000156,0.259999999999998,-0.3664500000000005,1788742801.1927001
0.26000000000000156,0.259999999999998,-0.3664500000000005,1788742801.292536
0.26000000000000156,0.259999999999998,-0.3664500000000005,1788742801.3925602
0.26000000000000156,0.259999999999998,-0.3664500000000005,1788742801.4924676
0.26000000000000156,0.259999999999998,-0.3664500000000005,1788742801.5925405
0.26000000000000156,0.259999999999998,-0.3664500000000005,1788742801.6926148
0.26000000000000156,0.259999999999998,-0.3664500000000005,1788742801.7925725
0.26000000000000156,0.259999999999998,-0.3664500000000005,1788742801.8925858
0.26000000000000156,0.259999999999998,-0.3664500000000005,1788742801.992565
0.26000000000000156,0.259999999999998,-0.3664500000000005,1788742802.0926392
0.26000000000000156,0.259999999999998,-0.3664500000000005,1788742802.192706
0.26000000000000156,0.259999999999998,-0.3664500000000005,1788742802.2926843
0.26000000000000156,0.259999999999998,-0.3664500000000005,1788742802.3926108
0.26000000000000156,0.259999999999998,-0.3664500000000005,1788742802.492638
0.26000000000000156,0.259999999999998,-0.3664500000000005,1788742802.592516
0.26000000000000156,0.259999999999998,-0.3664500000000005,1788742802.692531
0.26000000000000156,0.259999999999998,-0.3664500000000005,1788742802.792587
0.26000000000000156,0.259999999999998,-0.3664500000000005,1788742802.8925133
0.26000000000000156,0.259999999999998,-0.3664500000000005,1788742802.9926093
0.26000000000000156,0.259999999999998,-0.3664500000000005,1788742803.0925636
0.26000000000000156,0.259999999999998,-0.3664500000000005,1788742803.192541
0.26000000000000156,0.259999999999998,-0.3664500000000005,1788742803.2925565
0.26000000000000156,0.259999999999998,-0.3664500000000005,1788742803.3925588
0.26000000000000156,0.259999999999998,-0.3664500000000005,1788742803.4925787
0.26000000000000156,0.259999999999998,-0.3664500000000005,1788742803.5926228
0.26000000000000156,0.259999999999998,-0.3664500000000005,1788742803.6926475
0.26000000000000156,0.259999999999998,-0.3664500000000005,1788742803.7925558
0.26000000000000156,0.259999999999998,-0.3664500000000005,1788742803.8926075
0.26000000000000156,0.259999999999998,-0.3664500000000005,1788742803.992453
0.26000000000000156,0.259999999999998,-0.3664500000000005,1788742804.0925672
0.26000000000000156,0.259999999999998,-0.3664500000000005,1788742804.1927047
0.26000000000000156,0.259999999999998,-0.3664500000000005,1788742804.2925413
0.26000000000000156,0.259999999999998,-0.3664500000000005,1788742804.392742
0.26000000000000156,0.259999999999998,-0.3664500000000005,1788742804.492539
0.26000000000000156,0.259999999999998,-0.3664500000000005,1788742804.5925424
0.26000000000000156,0.259999999999998,-0.3664500000000005,1788742804.6925402
0.26000000000000156,0.259999999999998,-0.3664500000000005,1788742804.792521
0.26000000000000156,0.259999999999998,-0.3664500000000005,1788742804.892608
0.26000000000000156,0.259999999999998,-0.3664500000000005,1788742804.9926095
0.26000000000000156,0.259999999999998,-0.3664500000000005,1788742805.0925179
0.26000000000000156,0.259999999999998,-0.3664500000000005,1788742805.1925278
0.26000000000000156,0.259999999999998,-0.3664500000000005,1788742805.2925444
0.26000000000000156,0.259999999999998,-0.3664500000000005,1788742805.3926868
0.26000000000000156,0.259999999999998,-0.3664500000000005,1788742805.4925501
0.26000000000000156,0.259999999999998,-0.3664500000000005,1788742805.592609
0.26000000000000156,0.259999999999998,-0.3664500000000005,1788742805.6925092
0.26000000000000156,0.259999999999998,-0.3664500000000005,1788742805.7926729
0.26000000000000156,0.259999999999998,-0.3664500000000005,1788742805.8927248
0.26000000000000156,0.259999999999998,-0.3664500000000005,1788742805.9924767
0.26000000000000156,0.259999999999998,-0.3664500000000005,1788742806.0926142
0.26000000000000156,0.259999999999998,-0.3664500000000005,1788742806.1926417
0.26000000000000156,0.259999999999998,-0.3664500000000005,1788742806.292674
0.26000000000000156,0.259999999999998,-0.3664500000000005,1788742806.3925838
0.26000000000000156,0.259999999999998,-0.3664500000000005,1788742806.4925568
0.26000000000000156,0.259999999999998,-0.3664500000000005,1788742806.5927908
0.26000000000000156,0.259999999999998,-0.3664500000000005,1788742806.6927896
0.26000000000000156,0.259999999999998,-0.3664500000000005,1788742806.7925668
0.26000000000000156,0.259999999999998,-0.3664500000000005,1788742806.8927102
0.26000000000000156,0.259999999999998,-0.3664500000000005,1788742806.9927506
0.26000000000000156,0.259999999999998,-0.3664500000000005,1788742807.092766
0.26000000000000156,0.259999999999998,-0.3664500000000005,1788742807.192653
0.26000000000000156,0.259999999999998,-0.3664500000000005,1788742807.2924893
0.26000000000000156,0.259999999999998,-0.3664500000000005,1788742807.3925776
0.26000000000000156,0.259999999999998,-0.3664500000000005,1788742807.4926422
0.26000000000000156,0.259999999999998,-0.3664500000000005,1788742807.5926645
0.26000000000000156,0.259999999999998,-0.3664500000000005,1788742807.6926897
0.26000000000000156,0.259999999999998,-0.3664500000000005,1788742807.7925518
0.26000000000000156,0.259999999999998,-0.3664500000000005,1788742807.8925908
0.26000000000000156,0.259999999999998,-0.3664500000000005,1788742807.9925141
0.26000000000000156,0.259999999999998,-0.3664500000000005,1788742808.092566
0.26000000000000156,0.259999999999998,-0.3664500000000005,1788742808.19255
0.26000000000000156,0.259999999999998,-0.3664500000000005,1788742808.2925584
0.26000000000000156,0.259999999999998,-0.3664500000000005,1788742808.3926852
0.26000000000000156,0.259999999999998,-0.3664500000000005,1788742808.4924335
0.26000000000000156,0.259999999999998,-0.3664500000000005,1788742808.5925934
0.26000000000000156,0.259999999999998,-0.3664500000000005,1788742808.6925592
0.26000000000000156,0.259999999999998,-0.3664500000000005,1788742808.792488
0.26000000000000156,0.259999999999998,-0.3664500000000005,1788742808.8925717
0.26000000000000156,0.259999999999998,-0.3664500000000005,1788742808.9924977
0.26000000000000156,0.259999999999998,-0.3664500000000005,1788742809.0924706
0.26000000000000156,0.259999999999998,-0.3664500000000005,1788742809.1924736
0.26000000000000156,0.259999999999998,-0.3664500000000005,1788742809.2924285
0.26000000000000156,0.259999999999998,-0.3664500000000005,1788742809.3925445
0.26000000000000156,0.259999999999998,-0.3664500000000005,1788742809.492461
0.26000000000000156,0.259999999999998,-0.3664500000000005,1788742809.592567
0.26000000000000156,0.259999999999998,-0.3664500000000005,1788742809.692559
0.26000000000000156,0.259999999999998,-0.3664500000000005,1788742809.792418
0.26000000000000156,0.259999999999998,-0.3664500000000005,1788742809.892527
0.26000000000000156,0.259999999999998,-0.3664500000000005,1788742809.992491
0.26000000000000156,0.259999999999998,-0.3664500000000005,1788742810.092634
0.26000000000000156,0.259999999999998,-0.3664500000000005,1788742810.192473
0.26000000000000156,0.259999999999998,-0.3664500000000005,1788742810.2925308
0.26000000000000156,0.259999999999998,-0.3664500000000005,1788742810.392471
0.26000000000000156,0.259999999999998,-0.3664500000000005,1788742810.492547
0.26000000000000156,0.259999999999998,-0.3664500000000005,1788742810.5925398
0.26000000000000156,0.259999999999998,-0.3664500000000005,1788742810.6924675
0.26000000000000156,0.259999999999998,-0.3664500000000005,1788742810.7924912
0.26000000000000156,0.259999999999998,-0.3664500000000005,1788742810.8926644
0.26000000000000156,0.259999999999998,-0.3664500000000005,1788742810.9925022
0.26000000000000156,0.259999999999998,-0.3664500000000005,1788742811.0924306
0.26000000000000156,0.259999999999998,-0.3664500000000005,1788742811.1924284
0.26000000000000156,0.259999999999998,-0.3664500000000005,1788742811.2925398
0.26000000000000156,0.259999999999998,-0.3664500000000005,1788742811.3924797
0.26000000000000156,0.259999999999998,-0.3664500000000005,1788742811.4925435
0.26000000000000156,0.259999999999998,-0.3664500000000005,1788742811.5925481
0.26000000000000156,0.259999999999998,-0.3664500000000005,1788742811.6924198
0.26000000000000156,0.259999999999998,-0.3664500000000005,1788742811.7924986
0.26000000000000156,0.259999999999998,-0.3664500000000005,1788742811.892536
0.26000000000000156,0.259999999999998,-0.3664500000000005,1788742811.992546
0.26000000000000156,0.259999999999998,-0.3664500000000005,1788742812.0928597
0.26000000000000156,0.259999999999998,-0.3664500000000005,1788742812.1924975
0.26000000000000156,0.259999999999998,-0.3664500000000005,1788742812.2924433
0.26000000000000156,0.259999999999998,-0.3664500000000005,1788742812.3924885
0.26000000000000156,0.259999999999998,-0.3664500000000005,1788742812.492522
0.26000000000000156,0.259999999999998,-0.3664500000000005,1788742812.5924432
0.26000000000000156,0.259999999999998,-0.3664500000000005,1788742812.6924329
0.26000000000000156,0.259999999999998,-0.3664500000000005,1788742812.7925627
0.26000000000000156,0.259999999999998,-0.3664500000000005,1788742812.8925447
0.26000000000000156,0.259999999999998,-0.3664500000000005,1788742812.992439
0.26000000000000156,0.259999999999998,-0.3664500000000005,1788742813.092509
0.26000000000000156,0.259999999999998,-0.3664500000000005,1788742813.1924653
0.26000000000000156,0.259999999999998,-0.3664500000000005,1788742813.292524
0.26000000000000156,0.259999999999998,-0.3664500000000005,1788742813.3924725
0.26000000000000156,0.259999999999998,-0.3664500000000005,1788742813.492544
0.26000000000000156,0.259999999999998,-0.3664500000000005,1788742813.592524
0.26000000000000156,0.259999999999998,-0.3664500000000005,1788742813.6924555
0.26000000000000156,0.259999999999998,-0.3664500000000005,1788742813.79267
0.26000000000000156,0.259999999999998,-0.3664500000000005,1788742813.8924913
0.26000000000000156,0.259999999999998,-0.3664500000000005,1788742813.992507
0.26000000000000156,0.259999999999998,-0.3664500000000005,1788742814.0924609
0.26000000000000156,0.259999999999998,-0.3664500000000005,1788742814.1924677
0.26000000000000156,0.259999999999998,-0.3664500000000005,1788742814.292661
0.26000000000000156,0.259999999999998,-0.3664500000000005,1788742814.3924854
0.26000000000000156,0.259999999999998,-0.3664500000000005,1788742814.4924624
0.26000000000000156,0.259999999999998,-0.3664500000000005,1788742814.5926082
0.26000000000000156,0.259999999999998,-0.3664500000000005,1788742814.6925259
0.26000000000000156,0.259999999999998,-0.3664500000000005,1788742814.7924602
0.26000000000000156,0.259999999999998,-0.3664500000000005,1788742814.892494
0.26000000000000156,0.259999999999998,-0.3664500000000005,1788742814.9924934
0.26000000000000156,0.259999999999998,-0.3664500000000005,1788742815.0926695
0.26000000000000156,0.259999999999998,-0.3664500000000005,1788742815.1925273
0.26000000000000156,0.259999999999998,-0.3664500000000005,1788742815.292509
0.26000000000000156,0.259999999999998,-0.3664500000000005,1788742815.3924139
0.26000000000000156,0.259999999999998,-0.3664500000000005,1788742815.4925315
0.26000000000000156,0.259999999999998,-0.3664500000000005,1788742815.5924935
0.26000000000000156,0.259999999999998,-0.3664500000000005,1788742815.6925297
0.26000000000000156,0.259999999999998,-0.3664500000000005,1788742815.7925127
0.26000000000000156,0.259999999999998,-0.3664500000000005,1788742815.8924675
0.26000000000000156,0.259999999999998,-0.3664500000000005,1788742815.9924202
0.26000000000000156,0.259999999999998,-0.3664500000000005,1788742816.0925467
0.26000000000000156,0.259999999999998,-0.3664500000000005,1788742816.1924412
0.26000000000000156,0.259999999999998,-0.3664500000000005,1788742816.292555
0.26000000000000156,0.259999999999998,-0.3664500000000005,1788742816.3924985
0.26000000000000156,0.259999999999998,-0.3664500000000005,1788742816.4926589
0.26000000000000156,0.259999999999998,-0.3664500000000005,1788742816.5926514
0.26000000000000156,0.259999999999998,-0.3664500000000005,1788742816.6924458
0.26000000000000156,0.259999999999998,-0.3664500000000005,1788742816.7925904
0.26000000000000156,0.259999999999998,-0.3664500000000005,1788742816.892549
0.26000000000000156,0.259999999999998,-0.3664500000000005,1788742816.9925287
0.26000000000000156,0.259999999999998,-0.3664500000000005,1788742817.092544
0.26000000000000156,0.259999999999998,-0.3664500000000005,1788742817.1924872
0.26000000000000156,0.259999999999998,-0.3664500000000005,1788742817.292491
0.26000000000000156,0.259999999999998,-0.3664500000000005,1788742817.3924623
0.26000000000000156,0.259999999999998,-0.3664500000000005,1788742817.4924188
0.26000000000000156,0.259999999999998,-0.3664500000000005,1788742817.5925138
0.26000000000000156,0.259999999999998,-0.3664500000000005,1788742817.6925154
0.26000000000000156,0.259999999999998,-0.3664500000000005,1788742817.792413
0.26000000000000156,0.259999999999998,-0.3664500000000005,1788742817.8927374
0.26000000000000156,0.259999999999998,-0.3664500000000005,1788742817.9924572
0.26000000000000156,0.259999999999998,-0.3664500000000005,1788742818.0924964
0.26000000000000156,0.259999999999998,-0.3664500000000005,1788742818.1924982
0.26000000000000156,0.259999999999998,-0.3664500000000005,1788742818.2925396
0.26000000000000156,0.259999999999998,-0.3664500000000005,1788742818.3927207
0.26000000000000156,0.259999999999998,-0.3664500000000005,1788742818.4925232
0.26000000000000156,0.259999999999998,-0.3664500000000005,1788742818.5924733
0.26000000000000156,0.259999999999998,-0.3664500000000005,1788742818.6924515
0.26000000000000156,0.259999999999998,-0.3664500000000005,1788742818.7925167
0.26000000000000156,0.259999999999998,-0.3664500000000005,1788742818.89245
0.26000000000000156,0.259999999999998,-0.3664500000000005,1788742818.9927752
0.26000000000000156,0.259999999999998,-0.3664500000000005,1788742819.0924902
0.26000000000000156,0.259999999999998,-0.3664500000000005,1788742819.1924965
0.26000000000000156,0.259999999999998,-0.3664500000000005,1788742819.2926984
0.26000000000000156,0.259999999999998,-0.3664500000000005,1788742819.3924983
0.26000000000000156,0.259999999999998,-0.3664500000000005,1788742819.4925158
0.26000000000000156,0.259999999999998,-0.3664500000000005,1788742819.59245
0.26000000000000156,0.259999999999998,-0.3664500000000005,1788742819.6924891
0.26000000000000156,0.259999999999998,-0.3664500000000005,1788742819.7925017
0.26000000000000156,0.259999999999998,-0.3664500000000005,1788742819.8926558
0.26000000000000156,0.259999999999998,-0.3664500000000005,1788742819.9925067
0.26000000000000156,0.259999999999998,-0.3664500000000005,1788742820.092544
0.26000000000000156,0.259999999999998,-0.3664500000000005,1788742820.1924126
0.26000000000000156,0.259999999999998,-0.3664500000000005,1788742820.2924693
0.26000000000000156,0.259999999999998,-0.3664500000000005,1788742820.392546
0.26000000000000156,0.259999999999998,-0.3664500000000005,1788742820.4924264
0.26000000000000156,0.259999999999998,-0.3664500000000005,1788742820.5925038
0.26000000000000156,0.259999999999998,-0.3664500000000005,1788742820.6925414
0.26000000000000156,0.259999999999998,-0.3664500000000005,1788742820.7924209
0.26000000000000156,0.259999999999998,-0.3664500000000005,1788742820.8924427
0.26000000000000156,0.259999999999998,-0.3664500000000005,1788742820.992437
0.26000000000000156,0.259999999999998,-0.3664500000000005,1788742821.0924244
0.26000000000000156,0.259999999999998,-0.3664500000000005,1788742821.1928048
0.26000000000000156,0.259999999999998,-0.3664500000000005,1788742821.2924058
0.26000000000000156,0.259999999999998,-0.3664500000000005,1788742821.3924096
0.26000000000000156,0.259999999999998,-0.3664500000000005,1788742821.4925375
0.26000000000000156,0.259999999999998,-0.3664500000000005,1788742821.5926502
0.26000000000000156,0.259999999999998,-0.3664500000000005,1788742821.692499
0.26000000000000156,0.259999999999998,-0.3664500000000005,1788742821.79255
0.26000000000000156,0.259999999999998,-0.3664500000000005,1788742821.8925457
0.26000000000000156,0.259999999999998,-0.3664500000000005,1788742821.992632
0.26000000000000156,0.259999999999998,-0.3664500000000005,1788742822.09242
0.26000000000000156,0.259999999999998,-0.3664500000000005,1788742822.192532
0.26000000000000156,0.259999999999998,-0.3664500000000005,1788742822.2924597
0.26000000000000156,0.259999999999998,-0.3664500000000005,1788742822.3924694
0.26000000000000156,0.259999999999998,-0.3664500000000005,1788742822.4924817
0.26000000000000156,0.259999999999998,-0.3664500000000005,1788742822.5925095
0.26000000000000156,0.259999999999998,-0.3664500000000005,1788742822.6924095
0.26000000000000156,0.259999999999998,-0.3664500000000005,1788742822.7924938
0.26000000000000156,0.259999999999998,-0.3664500000000005,1788742822.8925328
0.26000000000000156,0.259999999999998,-0.3664500000000005,1788742822.992535
0.26000000000000156,0.259999999999998,-0.3664500000000005,1788742823.0924985
0.26000000000000156,0.259999999999998,-0.3664500000000005,1788742823.1925173
0.26000000000000156,0.259999999999998,-0.3664500000000005,1788742823.292536
0.26000000000000156,0.259999999999998,-0.3664500000000005,1788742823.3925128
0.26000000000000156,0.259999999999998,-0.3664500000000005,1788742823.492544
0.26000000000000156,0.259999999999998,-0.3664500000000005,1788742823.5925384
0.26000000000000156,0.259999999999998,-0.3664500000000005,1788742823.692546
0.26000000000000156,0.259999999999998,-0.3664500000000005,1788742823.7926407
0.26000000000000156,0.259999999999998,-0.3664500000000005,1788742823.8925345
0.26000000000000156,0.259999999999998,-0.3664500000000005,1788742823.9927242
0.26000000000000156,0.259999999999998,-0.3664500000000005,1788742824.092501
0.26000000000000156,0.259999999999998,-0.3664500000000005,1788742824.1925333
0.26000000000000156,0.259999999999998,-0.3664500000000005,1788742824.2925484
0.26000000000000156,0.259999999999998,-0.3664500000000005,1788742824.392513
0.26000000000000156,0.259999999999998,-0.3664500000000005,1788742824.4925416
0.26000000000000156,0.259999999999998,-0.3664500000000005,1788742824.592479
0.26000000000000156,0.259999999999998,-0.3664500000000005,1788742824.692523
0.26000000000000156,0.259999999999998,-0.3664500000000005,1788742824.7926028
0.26000000000000156,0.259999999999998,-0.3664500000000005,1788742824.8924155
0.26000000000000156,0.259999999999998,-0.3664500000000005,1788742824.9924114
0.26000000000000156,0.259999999999998,-0.3664500000000005,1788742825.0927346
0.26000000000000156,0.259999999999998,-0.3664500000000005,1788742825.1929028
0.26000000000000156,0.259999999999998,-0.3664500000000005,1788742825.2925951
0.26000000000000156,0.259999999999998,-0.3664500000000005,1788742825.3925278
0.26000000000000156,0.259999999999998,-0.3664500000000005,1788742825.4926257
0.26000000000000156,0.259999999999998,-0.3664500000000005,1788742825.592628
0.26000000000000156,0.259999999999998,-0.3664500000000005,1788742825.69255
0.26000000000000156,0.259999999999998,-0.3664500000000005,1788742825.7925377
0.26000000000000156,0.259999999999998,-0.3664500000000005,1788742825.8925493
0.26000000000000156,0.259999999999998,-0.3664500000000005,1788742825.9925423
0.26000000000000156,0.259999999999998,-0.3664500000000005,1788742826.0927503
0.26000000000000156,0.259999999999998,-0.3664500000000005,1788742826.1924543
0.26000000000000156,0.259999999999998,-0.3664500000000005,1788742826.2925146
0.26000000000000156,0.259999999999998,-0.3664500000000005,1788742826.3925006
0.26000000000000156,0.259999999999998,-0.3664500000000005,1788742826.492527
0.26000000000000156,0.259999999999998,-0.3664500000000005,1788742826.592563
0.26000000000000156,0.259999999999998,-0.3664500000000005,1788742826.6923954
0.26000000000000156,0.259999999999998,-0.3664500000000005,1788742826.7928264
0.26000000000000156,0.259999999999998,-0.3664500000000005,1788742826.892468
0.26000000000000156,0.259999999999998,-0.3664500000000005,1788742826.992554
0.26000000000000156,0.259999999999998,-0.3664500000000005,1788742827.0925424
0.26000000000000156,0.259999999999998,-0.3664500000000005,1788742827.1926124
0.26000000000000156,0.259999999999998,-0.3664500000000005,1788742827.2924898
0.26000000000000156,0.259999999999998,-0.3664500000000005,1788742827.392491
0.26000000000000156,0.259999999999998,-0.3664500000000005,1788742827.4925528
0.26000000000000156,0.259999999999998,-0.3664500000000005,1788742827.592509
0.26000000000000156,0.259999999999998,-0.3664500000000005,1788742827.6925642
0.26000000000000156,0.259999999999998,-0.3664500000000005,1788742827.7928326
0.26000000000000156,0.259999999999998,-0.3664500000000005,1788742827.8925436
0.26000000000000156,0.259999999999998,-0.3664500000000005,1788742827.9928172
0.26000000000000156,0.259999999999998,-0.3664500000000005,1788742828.0924919
0.26000000000000156,0.259999999999998,-0.3664500000000005,1788742828.1925077
0.26000000000000156,0.259999999999998,-0.3664500000000005,1788742828.292545
0.26000000000000156,0.259999999999998,-0.3664500000000005,1788742828.3924603
0.26000000000000156,0.259999999999998,-0.3664500000000005,1788742828.4925404
0.26000000000000156,0.259999999999998,-0.3664500000000005,1788742828.5925932
0.26000000000000156,0.259999999999998,-0.3664500000000005,1788742828.692567
0.26000000000000156,0.259999999999998,-0.3664500000000005,1788742828.7925012
0.26000000000000156,0.259999999999998,-0.3664500000000005,1788742828.8927472
0.26000000000000156,0.259999999999998,-0.3664500000000005,1788742828.992629
0.26000000000000156,0.259999999999998,-0.3664500000000005,1788742829.0925534
0.26000000000000156,0.259999999999998,-0.3664500000000005,1788742829.1925488
0.26000000000000156,0.259999999999998,-0.3664500000000005,1788742829.2924936
0.26000000000000156,0.259999999999998,-0.3664500000000005,1788742829.3924081
0.26000000000000156,0.259999999999998,-0.3664500000000005,1788742829.4925008
0.26000000000000156,0.259999999999998,-0.3664500000000005,1788742829.5925024
0.26000000000000156,0.259999999999998,-0.3664500000000005,1788742829.6925266
0.26000000000000156,0.259999999999998,-0.3664500000000005,1788742829.792507
0.26000000000000156,0.259999999999998,-0.3664500000000005,1788742829.892432
0.26000000000000156,0.259999999999998,-0.3664500000000005,1788742829.9925566
0.26000000000000156,0.259999999999998,-0.3664500000000005,1788742830.0924869
0.26000000000000156,0.259999999999998,-0.3664500000000005,1788742830.1926494
0.26000000000000156,0.259999999999998,-0.3664500000000005,1788742830.2924857
0.26000000000000156,0.259999999999998,-0.3664500000000005,1788742830.3924997
0.26000000000000156,0.259999999999998,-0.3664500000000005,1788742830.492548
0.26000000000000156,0.259999999999998,-0.3664500000000005,1788742830.5924876
0.26000000000000156,0.259999999999998,-0.3664500000000005,1788742830.6924822
0.26000000000000156,0.259999999999998,-0.3664500000000005,1788742830.7924194
0.26000000000000156,0.259999999999998,-0.3664500000000005,1788742830.8925025
0.26000000000000156,0.259999999999998,-0.3664500000000005,1788742830.9924946
0.26000000000000156,0.259999999999998,-0.3664500000000005,1788742831.092613
0.26000000000000156,0.259999999999998,-0.3664500000000005,1788742831.1924746
0.26000000000000156,0.259999999999998,-0.3664500000000005,1788742831.2925518
0.26000000000000156,0.259999999999998,-0.3664500000000005,1788742831.3925698
0.26000000000000156,0.259999999999998,-0.3664500000000005,1788742831.492505
0.26000000000000156,0.259999999999998,-0.3664500000000005,1788742831.5924592
0.26000000000000156,0.259999999999998,-0.3664500000000005,1788742831.692574
0.26000000000000156,0.259999999999998,-0.3664500000000005,1788742831.7927892
0.26000000000000156,0.259999999999998,-0.3664500000000005,1788742831.892535
0.26000000000000156,0.259999999999998,-0.3664500000000005,1788742831.9924762
0.26000000000000156,0.259999999999998,-0.3664500000000005,1788742832.0924168
0.26000000000000156,0.259999999999998,-0.3664500000000005,1788742832.1924777
0.26000000000000156,0.259999999999998,-0.3664500000000005,1788742832.2925
0.26000000000000156,0.259999999999998,-0.3664500000000005,1788742832.3924963
0.26000000000000156,0.259999999999998,-0.3664500000000005,1788742832.4924932
0.26000000000000156,0.259999999999998,-0.3664500000000005,1788742832.592543
0.26000000000000156,0.259999999999998,-0.3664500000000005,1788742832.6925461
0.26000000000000156,0.259999999999998,-0.3664500000000005,1788742832.7925189
0.26000000000000156,0.259999999999998,-0.3664500000000005,1788742832.892539
0.26000000000000156,0.259999999999998,-0.3664500000000005,1788742832.9924772
0.26000000000000156,0.259999999999998,-0.3664500000000005,1788742833.0925019
0.26000000000000156,0.259999999999998,-0.3664500000000005,1788742833.1925232
0.26000000000000156,0.259999999999998,-0.3664500000000005,1788742833.2924926
0.26000000000000156,0.259999999999998,-0.3664500000000005,1788742833.392806
0.26000000000000156,0.259999999999998,-0.3664500000000005,1788742833.4924932
0.26000000000000156,0.259999999999998,-0.3664500000000005,1788742833.5924833
0.26000000000000156,0.259999999999998,-0.3664500000000005,1788742833.6925533
0.26000000000000156,0.259999999999998,-0.3664500000000005,1788742833.7925925
0.26000000000000156,0.259999999999998,-0.3664500000000005,1788742833.8924823
0.26000000000000156,0.259999999999998,-0.3664500000000005,1788742833.9925048
0.26000000000000156,0.259999999999998,-0.3664500000000005,1788742834.092506
0.26000000000000156,0.259999999999998,-0.3664500000000005,1788742834.1925237
0.26000000000000156,0.259999999999998,-0.3664500000000005,1788742834.2924619
0.26000000000000156,0.259999999999998,-0.3664500000000005,1788742834.3925018
0.26000000000000156,0.259999999999998,-0.3664500000000005,1788742834.4924939
0.26000000000000156,0.259999999999998,-0.3664500000000005,1788742834.5925024
0.26000000000000156,0.259999999999998,-0.3664500000000005,1788742834.692489
0.26000000000000156,0.259999999999998,-0.3664500000000005,1788742834.792498
0.26000000000000156,0.259999999999998,-0.3664500000000005,1788742834.892716
0.26000000000000156,0.259999999999998,-0.3664500000000005,1788742834.9927404
0.26000000000000156,0.259999999999998,-0.3664500000000005,1788742835.0925076
0.26000000000000156,0.259999999999998,-0.3664500000000005,1788742835.192545
0.26000000000000156,0.259999999999998,-0.3664500000000005,1788742835.2925627
0.26000000000000156,0.259999999999998,-0.3664500000000005,1788742835.392698
0.26000000000000156,0.259999999999998,-0.3664500000000005,1788742835.492481
0.26000000000000156,0.259999999999998,-0.3664500000000005,1788742835.5924885
0.26000000000000156,0.259999999999998,-0.3664500000000005,1788742835.6925464
0.26000000000000156,0.259999999999998,-0.3664500000000005,1788742835.7925174
0.26000000000000156,0.259999999999998,-0.3664500000000005,1788742835.8925612
0.26000000000000156,0.259999999999998,-0.3664500000000005,1788742835.9924877
0.26000000000000156,0.259999999999998,-0.3664500000000005,1788742836.0924435
0.26000000000000156,0.259999999999998,-0.3664500000000005,1788742836.192503
0.26000000000000156,0.259999999999998,-0.3664500000000005,1788742836.292516
0.26000000000000156,0.259999999999998,-0.3664500000000005,1788742836.392545
0.26000000000000156,0.259999999999998,-0.3664500000000005,1788742836.492539
0.26000000000000156,0.259999999999998,-0.3664500000000005,1788742836.5925012
0.26000000000000156,0.259999999999998,-0.3664500000000005,1788742836.6925764
0.26000000000000156,0.259999999999998,-0.3664500000000005,1788742836.792492
0.26000000000000156,0.259999999999998,-0.3664500000000005,1788742836.89244
0.26000000000000156,0.259999999999998,-0.3664500000000005,1788742836.9925604
0.26000000000000156,0.259999999999998,-0.3664500000000005,1788742837.0924156
0.26000000000000156,0.259999999999998,-0.3664500000000005,1788742837.1925268
0.26000000000000156,0.259999999999998,-0.3664500000000005,1788742837.292539
0.26000000000000156,0.259999999999998,-0.3664500000000005,1788742837.3924155
0.26000000000000156,0.259999999999998,-0.3664500000000005,1788742837.4925237
0.26000000000000156,0.259999999999998,-0.3664500000000005,1788742837.5924823
0.26000000000000156,0.259999999999998,-0.3664500000000005,1788742837.6924255
0.26000000000000156,0.259999999999998,-0.3664500000000005,1788742837.7924979
0.26000000000000156,0.259999999999998,-0.3664500000000005,1788742837.892502
0.26000000000000156,0.259999999999998,-0.3664500000000005,1788742837.9925268
0.26000000000000156,0.259999999999998,-0.3664500000000005,1788742838.0924737
0.26000000000000156,0.259999999999998,-0.3664500000000005,1788742838.192559
0.26000000000000156,0.259999999999998,-0.3664500000000005,1788742838.2927337
0.26000000000000156,0.259999999999998,-0.3664500000000005,1788742838.392504
0.26000000000000156,0.259999999999998,-0.3664500000000005,1788742838.4925013
0.26000000000000156,0.259999999999998,-0.3664500000000005,1788742838.592522
0.26000000000000156,0.259999999999998,-0.3664500000000005,1788742838.6925
0.26000000000000156,0.259999999999998,-0.3664500000000005,1788742838.7924895
0.26000000000000156,0.259999999999998,-0.3664500000000005,1788742838.892521
0.26000000000000156,0.259999999999998,-0.3664500000000005,1788742838.9924617
0.26000000000000156,0.259999999999998,-0.3664500000000005,1788742839.092505
0.26000000000000156,0.259999999999998,-0.3664500000000005,1788742839.1924958
0.26000000000000156,0.259999999999998,-0.3664500000000005,1788742839.2924635
0.26000000000000156,0.259999999999998,-0.3664500000000005,1788742839.3925788
0.26000000000000156,0.259999999999998,-0.3664500000000005,1788742839.4925
0.26000000000000156,0.259999999999998,-0.3664500000000005,1788742839.5925534
0.26000000000000156,0.259999999999998,-0.3664500000000005,1788742839.692538
0.26000000000000156,0.259999999999998,-0.3664500000000005,1788742839.7924724
0.26000000000000156,0.259999999999998,-0.3664500000000005,1788742839.892446
0.26000000000000156,0.259999999999998,-0.3664500000000005,1788742839.9924874
0.26000000000000156,0.259999999999998,-0.3664500000000005,1788742840.0924926
0.26000000000000156,0.259999999999998,-0.3664500000000005,1788742840.1926408
0.26000000000000156,0.259999999999998,-0.3664500000000005,1788742840.2924953
0.26000000000000156,0.259999999999998,-0.3664500000000005,1788742840.3924875
0.26000000000000156,0.259999999999998,-0.3664500000000005,1788742840.4924884
0.26000000000000156,0.259999999999998,-0.3664500000000005,1788742840.5924327
0.26000000000000156,0.259999999999998,-0.3664500000000005,1788742840.6924572
0.26000000000000156,0.259999999999998,-0.3664500000000005,1788742840.79245
0.26000000000000156,0.259999999999998,-0.3664500000000005,1788742840.8924894
0.26000000000000156,0.259999999999998,-0.3664500000000005,1788742840.9925287
0.26000000000000156,0.259999999999998,-0.3664500000000005,1788742841.0925329
0.26000000000000156,0.259999999999998,-0.3664500000000005,1788742841.1925347
0.26000000000000156,0.259999999999998,-0.3664500000000005,1788742841.2925391
0.26000000000000156,0.259999999999998,-0.3664500000000005,1788742841.392533
0.26000000000000156,0.259999999999998,-0.3664500000000005,1788742841.492623
0.26000000000000156,0.259999999999998,-0.3664500000000005,1788742841.5926158
0.26000000000000156,0.259999999999998,-0.3664500000000005,1788742841.6924877
0.26000000000000156,0.259999999999998,-0.3664500000000005,1788742841.7927456
0.26000000000000156,0.259999999999998,-0.3664500000000005,1788742841.8925517
0.26000000000000156,0.259999999999998,-0.3664500000000005,1788742841.9925542
0.26000000000000156,0.259999999999998,-0.3664500000000005,1788742842.092465
0.26000000000000156,0.259999999999998,-0.3664500000000005,1788742842.1925578
0.26000000000000156,0.259999999999998,-0.3664500000000005,1788742842.2928455
0.26000000000000156,0.259999999999998,-0.3664500000000005,1788742842.3926127
0.26000000000000156,0.259999999999998,-0.3664500000000005,1788742842.4926298
0.26000000000000156,0.259999999999998,-0.3664500000000005,1788742842.592767
0.26000000000000156,0.259999999999998,-0.3664500000000005,1788742842.6925197
0.26000000000000156,0.259999999999998,-0.3664500000000005,1788742842.792542
0.26000000000000156,0.259999999999998,-0.3664500000000005,1788742842.8925543
0.26000000000000156,0.259999999999998,-0.3664500000000005,1788742842.9925485
0.26000000000000156,0.259999999999998,-0.3664500000000005,1788742843.092544
0.26000000000000156,0.259999999999998,-0.3664500000000005,1788742843.1926446
0.26000000000000156,0.259999999999998,-0.3664500000000005,1788742843.2927015
0.26000000000000156,0.259999999999998,-0.3664500000000005,1788742843.3925414
0.26000000000000156,0.259999999999998,-0.3664500000000005,1788742843.4925427
0.26000000000000156,0.259999999999998,-0.3664500000000005,1788742843.5925515
0.26000000000000156,0.259999999999998,-0.3664500000000005,1788742843.6925545
0.26000000000000156,0.259999999999998,-0.3664500000000005,1788742843.7927403
0.26000000000000156,0.259999999999998,-0.3664500000000005,1788742843.892555
0.26000000000000156,0.259999999999998,-0.3664500000000005,1788742843.9926934
0.26000000000000156,0.259999999999998,-0.3664500000000005,1788742844.092709
0.26000000000000156,0.259999999999998,-0.3664500000000005,1788742844.1925573
0.26000000000000156,0.259999999999998,-0.3664500000000005,1788742844.2925396
0.26000000000000156,0.259999999999998,-0.3664500000000005,1788742844.3925204
0.26000000000000156,0.259999999999998,-0.3664500000000005,1788742844.492466
0.26000000000000156,0.259999999999998,-0.3664500000000005,1788742844.5925694
0.26000000000000156,0.259999999999998,-0.3664500000000005,1788742844.6927183
0.26000000000000156,0.259999999999998,-0.3664500000000005,1788742844.79254
0.26000000000000156,0.259999999999998,-0.3664500000000005,1788742844.8925624
0.26000000000000156,0.259999999999998,-0.3664500000000005,1788742844.9925833
0.26000000000000156,0.259999999999998,-0.3664500000000005,1788742845.092601
0.26000000000000156,0.259999999999998,-0.3664500000000005,1788742845.1925464
0.26000000000000156,0.259999999999998,-0.3664500000000005,1788742845.2925494
0.26000000000000156,0.259999999999998,-0.3664500000000005,1788742845.3925514
0.26000000000000156,0.259999999999998,-0.3664500000000005,1788742845.4925416
0.26000000000000156,0.259999999999998,-0.3664500000000005,1788742845.5924442
0.26000000000000156,0.259999999999998,-0.3664500000000005,1788742845.6925128
0.26000000000000156,0.259999999999998,-0.3664500000000005,1788742845.7924912
0.26000000000000156,0.259999999999998,-0.3664500000000005,1788742845.892712
0.26000000000000156,0.259999999999998,-0.3664500000000005,1788742845.9924166
0.26000000000000156,0.259999999999998,-0.3664500000000005,1788742846.0928476
0.26000000000000156,0.259999999999998,-0.3664500000000005,1788742846.192545
0.26000000000000156,0.259999999999998,-0.3664500000000005,1788742846.2925582
0.26000000000000156,0.259999999999998,-0.3664500000000005,1788742846.392511
0.26000000000000156,0.259999999999998,-0.3664500000000005,1788742846.4925008
0.26000000000000156,0.259999999999998,-0.3664500000000005,1788742846.5925632
0.26000000000000156,0.259999999999998,-0.3664500000000005,1788742846.6925473
0.26000000000000156,0.259999999999998,-0.3664500000000005,1788742846.7924845
0.26000000000000156,0.259999999999998,-0.3664500000000005,1788742846.8924997
0.26000000000000156,0.259999999999998,-0.3664500000000005,1788742846.9924884
0.26000000000000156,0.259999999999998,-0.3664500000000005,1788742847.0925527
0.26000000000000156,0.259999999999998,-0.3664500000000005,1788742847.1925437
0.26000000000000156,0.259999999999998,-0.3664500000000005,1788742847.2926722
0.26000000000000156,0.259999999999998,-0.3664500000000005,1788742847.3925736
0.26000000000000156,0.259999999999998,-0.3664500000000005,1788742847.4924242
0.26000000000000156,0.259999999999998,-0.3664500000000005,1788742847.5924387
0.26000000000000156,0.259999999999998,-0.3664500000000005,1788742847.692527
0.26000000000000156,0.259999999999998,-0.3664500000000005,1788742847.792521
0.26000000000000156,0.259999999999998,-0.3664500000000005,1788742847.89261
0.26000000000000156,0.259999999999998,-0.3664500000000005,1788742847.9925463
0.26000000000000156,0.259999999999998,-0.3664500000000005,1788742848.0925415
0.26000000000000156,0.259999999999998,-0.3664500000000005,1788742848.192619
0.26000000000000156,0.259999999999998,-0.3664500000000005,1788742848.2927754
0.26000000000000156,0.259999999999998,-0.3664500000000005,1788742848.3925624
0.26000000000000156,0.259999999999998,-0.3664500000000005,1788742848.4925258
0.26000000000000156,0.259999999999998,-0.3664500000000005,1788742848.592561
0.26000000000000156,0.259999999999998,-0.3664500000000005,1788742848.692523
0.26000000000000156,0.259999999999998,-0.3664500000000005,1788742848.7925622
0.26000000000000156,0.259999999999998,-0.3664500000000005,1788742848.8925405
0.26000000000000156,0.259999999999998,-0.3664500000000005,1788742848.9926307
0.26000000000000156,0.259999999999998,-0.3664500000000005,1788742849.0924902
0.26000000000000156,0.259999999999998,-0.3664500000000005,1788742849.1925626
0.26000000000000156,0.259999999999998,-0.3664500000000005,1788742849.2924373
0.26000000000000156,0.259999999999998,-0.3664500000000005,1788742849.3925536
0.26000000000000156,0.259999999999998,-0.3664500000000005,1788742849.4925683
0.26000000000000156,0.259999999999998,-0.3664500000000005,1788742849.5925398
0.26000000000000156,0.259999999999998,-0.3664500000000005,1788742849.6924877
0.26000000000000156,0.259999999999998,-0.3664500000000005,1788742849.7924914
0.26000000000000156,0.259999999999998,-0.3664500000000005,1788742849.8924944
0.26000000000000156,0.259999999999998,-0.3664500000000005,1788742849.9926574
0.26000000000000156,0.259999999999998,-0.3664500000000005,1788742850.094087
0.26000000000000156,0.259999999999998,-0.3664500000000005,1788742850.1924102
0.26000000000000156,0.259999999999998,-0.3664500000000005,1788742850.2924964
0.26000000000000156,0.259999999999998,-0.3664500000000005,1788742850.392532
0.26000000000000156,0.259999999999998,-0.3664500000000005,1788742850.492557
0.26000000000000156,0.259999999999998,-0.3664500000000005,1788742850.592513
0.26000000000000156,0.259999999999998,-0.3664500000000005,1788742850.6924958
0.26000000000000156,0.259999999999998,-0.3664500000000005,1788742850.792443
0.26000000000000156,0.259999999999998,-0.3664500000000005,1788742850.8924184
0.26000000000000156,0.259999999999998,-0.3664500000000005,1788742850.9925468
0.26000000000000156,0.259999999999998,-0.3664500000000005,1788742851.092431
0.26000000000000156,0.259999999999998,-0.3664500000000005,1788742851.1924462
0.26000000000000156,0.259999999999998,-0.3664500000000005,1788742851.2925923
0.26000000000000156,0.259999999999998,-0.3664500000000005,1788742851.3925471
0.26000000000000156,0.259999999999998,-0.3664500000000005,1788742851.4925318
0.26000000000000156,0.259999999999998,-0.3664500000000005,1788742851.5924873
0.26000000000000156,0.259999999999998,-0.3664500000000005,1788742851.692489
0.26000000000000156,0.259999999999998,-0.3664500000000005,1788742851.7925386
0.26000000000000156,0.259999999999998,-0.3664500000000005,1788742851.8925145
0.26000000000000156,0.259999999999998,-0.3664500000000005,1788742851.9924319
0.26000000000000156,0.259999999999998,-0.3664500000000005,1788742852.0925155
0.26000000000000156,0.259999999999998,-0.3664500000000005,1788742852.1925464
0.26000000000000156,0.259999999999998,-0.3664500000000005,1788742852.2925103
0.26000000000000156,0.259999999999998,-0.3664500000000005,1788742852.3926442
0.26000000000000156,0.259999999999998,-0.3664500000000005,1788742852.4925861
0.26000000000000156,0.259999999999998,-0.3664500000000005,1788742852.5924613
0.26000000000000156,0.259999999999998,-0.3664500000000005,1788742852.6925411
0.26000000000000156,0.259999999999998,-0.3664500000000005,1788742852.7926543
0.26000000000000156,0.259999999999998,-0.3664500000000005,1788742852.8924522
0.26000000000000156,0.259999999999998,-0.3664500000000005,1788742852.9924982
0.26000000000000156,0.259999999999998,-0.3664500000000005,1788742853.0925205
0.26000000000000156,0.259999999999998,-0.3664500000000005,1788742853.1924665
0.26000000000000156,0.259999999999998,-0.3664500000000005,1788742853.2925382
0.26000000000000156,0.259999999999998,-0.3664500000000005,1788742853.3924196
0.26000000000000156,0.259999999999998,-0.3664500000000005,1788742853.4924922
0.26000000000000156,0.259999999999998,-0.3664500000000005,1788742853.5924962
0.26000000000000156,0.259999999999998,-0.3664500000000005,1788742853.6924841
0.26000000000000156,0.259999999999998,-0.3664500000000005,1788742853.7924721
0.26000000000000156,0.259999999999998,-0.3664500000000005,1788742853.8925014
0.26000000000000156,0.259999999999998,-0.3664500000000005,1788742853.9924793
0.26000000000000156,0.259999999999998,-0.3664500000000005,1788742854.0925632
0.26000000000000156,0.259999999999998,-0.3664500000000005,1788742854.1924908
0.26000000000000156,0.259999999999998,-0.3664500000000005,1788742854.292531
0.26000000000000156,0.259999999999998,-0.3664500000000005,1788742854.392592
0.26000000000000156,0.259999999999998,-0.3664500000000005,1788742854.492483
0.26000000000000156,0.259999999999998,-0.3664500000000005,1788742854.592458
0.26000000000000156,0.259999999999998,-0.3664500000000005,1788742854.6923983
0.26000000000000156,0.259999999999998,-0.3664500000000005,1788742854.7926497
0.26000000000000156,0.259999999999998,-0.3664500000000005,1788742854.8926694
0.26000000000000156,0.259999999999998,-0.3664500000000005,1788742854.9925299
0.26000000000000156,0.259999999999998,-0.3664500000000005,1788742855.092535
0.26000000000000156,0.259999999999998,-0.3664500000000005,1788742855.1924903
0.26000000000000156,0.259999999999998,-0.3664500000000005,1788742855.292547
0.26000000000000156,0.259999999999998,-0.3664500000000005,1788742855.3925934
0.26000000000000156,0.259999999999998,-0.3664500000000005,1788742855.4924974
0.26000000000000156,0.259999999999998,-0.3664500000000005,1788742855.5924993
0.26000000000000156,0.259999999999998,-0.3664500000000005,1788742855.6925251
0.26000000000000156,0.259999999999998,-0.3664500000000005,1788742855.7927287
0.26000000000000156,0.259999999999998,-0.3664500000000005,1788742855.892542
0.26000000000000156,0.259999999999998,-0.3664500000000005,1788742855.992612
0.26000000000000156,0.259999999999998,-0.3664500000000005,1788742856.0925567
0.26000000000000156,0.259999999999998,-0.3664500000000005,1788742856.1924665
0.26000000000000156,0.259999999999998,-0.3664500000000005,1788742856.2925344
0.26000000000000156,0.259999999999998,-0.3664500000000005,1788742856.3926444
0.26000000000000156,0.259999999999998,-0.3664500000000005,1788742856.492499
0.26000000000000156,0.259999999999998,-0.3664500000000005,1788742856.5926633
0.26000000000000156,0.259999999999998,-0.3664500000000005,1788742856.6924956
0.26000000000000156,0.259999999999998,-0.3664500000000005,1788742856.792543
0.26000000000000156,0.259999999999998,-0.3664500000000005,1788742856.8924534
0.26000000000000156,0.259999999999998,-0.3664500000000005,1788742856.9925022
0.26000000000000156,0.259999999999998,-0.3664500000000005,1788742857.0924
0.26000000000000156,0.259999999999998,-0.3664500000000005,1788742857.1924927
0.26000000000000156,0.259999999999998,-0.3664500000000005,1788742857.2924526
0.26000000000000156,0.259999999999998,-0.3664500000000005,1788742857.392557
0.26000000000000156,0.259999999999998,-0.3664500000000005,1788742857.4924765
0.26000000000000156,0.259999999999998,-0.3664500000000005,1788742857.5925343
0.26000000000000156,0.259999999999998,-0.3664500000000005,1788742857.692492
0.26000000000000156,0.259999999999998,-0.3664500000000005,1788742857.792557
0.26000000000000156,0.259999999999998,-0.3664500000000005,1788742857.8926668
0.26000000000000156,0.259999999999998,-0.3664500000000005,1788742857.9925578
0.26000000000000156,0.259999999999998,-0.3664500000000005,1788742858.0925474
0.26000000000000156,0.259999999999998,-0.3664500000000005,1788742858.1924963
0.26000000000000156,0.259999999999998,-0.3664500000000005,1788742858.2924957
0.26000000000000156,0.259999999999998,-0.3664500000000005,1788742858.392466
0.26000000000000156,0.259999999999998,-0.3664500000000005,1788742858.4925594
0.26000000000000156,0.259999999999998,-0.3664500000000005,1788742858.5924942
0.26000000000000156,0.259999999999998,-0.3664500000000005,1788742858.6926374
0.26000000000000156,0.259999999999998,-0.3664500000000005,1788742858.7925074
0.26000000000000156,0.259999999999998,-0.3664500000000005,1788742858.8924868
0.26000000000000156,0.259999999999998,-0.3664500000000005,1788742858.992417
0.26000000000000156,0.259999999999998,-0.3664500000000005,1788742859.092532
0.26000000000000156,0.259999999999998,-0.3664500000000005,1788742859.192629
0.26000000000000156,0.259999999999998,-0.3664500000000005,1788742859.2925525
0.26000000000000156,0.259999999999998,-0.3664500000000005,1788742859.392533
0.26000000000000156,0.259999999999998,-0.3664500000000005,1788742859.4925747
0.26000000000000156,0.259999999999998,-0.3664500000000005,1788742859.5925283
0.26000000000000156,0.259999999999998,-0.3664500000000005,1788742859.6926193
0.26000000000000156,0.259999999999998,-0.3664500000000005,1788742859.7924106
0.26000000000000156,0.259999999999998,-0.3664500000000005,1788742859.8925543
0.26000000000000156,0.259999999999998,-0.3664500000000005,1788742859.9925172
0.26000000000000156,0.259999999999998,-0.3664500000000005,1788742860.092423
0.26000000000000156,0.259999999999998,-0.3664500000000005,1788742860.1926293
0.26000000000000156,0.259999999999998,-0.3664500000000005,1788742860.2928169
0.26000000000000156,0.259999999999998,-0.3664500000000005,1788742860.3925025
0.26000000000000156,0.259999999999998,-0.3664500000000005,1788742860.4924526
0.26000000000000156,0.259999999999998,-0.3664500000000005,1788742860.592548
0.26000000000000156,0.259999999999998,-0.3664500000000005,1788742860.6926196
0.26000000000000156,0.259999999999998,-0.3664500000000005,1788742860.792556
0.26000000000000156,0.259999999999998,-0.3664500000000005,1788742860.8925345
0.26000000000000156,0.259999999999998,-0.3664500000000005,1788742860.9924922
0.26000000000000156,0.259999999999998,-0.3664500000000005,1788742861.0925426
0.26000000000000156,0.259999999999998,-0.3664500000000005,1788742861.1924534
0.26000000000000156,0.259999999999998,-0.3664500000000005,1788742861.2924995
0.26000000000000156,0.259999999999998,-0.3664500000000005,1788742861.3924928
0.26000000000000156,0.259999999999998,-0.3664500000000005,1788742861.4924636
0.26000000000000156,0.2599999999999998,-0.3664500000000005,1788742861.5925913
0.26000000000000156,0.259999999999998,-0.3664500000000005,1788742861.6925423
0.26000000000000156,0.259999999999998,-0.3664500000000005,1788742861.7926557
0.26000000000000156,0.259999999999998,-0.3664500000000005,1788742861.8924427
0.26000000000000156,0.259999999999998,-0.3664500000000005,1788742861.992875
0.26000000000000156,0.259999999999998,-0.3664500000000005,1788742862.0924854
0.26000000000000156,0.259999999999998,-0.3664500000000005,1788742862.192477
0.26000000000000156,0.259999999999998,-0.3664500000000005,1788742862.2924783
0.26000000000000156,0.259999999999998,-0.3664500000000005,1788742862.3925016
0.26000000000000156,0.259999999999998,-0.3664500000000005,1788742862.4924917
0.26000000000000156,0.259999999999998,-0.3664500000000005,1788742862.5936215
0.26000000000000156,0.259999999999998,-0.3664500000000005,1788742862.6924891
0.26000000000000156,0.259999999999998,-0.3664500000000005,1788742862.7927256
0.26000000000000156,0.259999999999998,-0.3664500000000005,1788742862.892477
0.26000000000000156,0.259999999999998,-0.3664500000000005,1788742862.99271
0.26000000000000156,0.259999999999998,-0.3664500000000005,1788742863.0924609
0.26000000000000156,0.259999999999998,-0.3664500000000005,1788742863.1924589
0.26000000000000156,0.259999999999998,-0.3664500000000005,1788742863.2924798
0.26000000000000156,0.259999999999998,-0.3664500000000005,1788742863.3924377
0.26000000000000156,0.259999999999998,-0.3664500000000005,1788742863.492419
0.26000000000000156,0.259999999999998,-0.3664500000000005,1788742863.5925553
0.26000000000000156,0.259999999999998,-0.3664500000000005,1788742863.6926022
0.26000000000000156,0.259999999999998,-0.3664500000000005,1788742863.7924552
0.26000000000000156,0.259999999999998,-0.3664500000000005,1788742863.8924165
0.26000000000000156,0.259999999999998,-0.3664500000000005,1788742863.9924912
0.26000000000000156,0.259999999999998,-0.3664500000000005,1788742864.092513
0.26000000000000156,0.259999999999998,-0.3664500000000005,1788742864.192638
0.26000000000000156,0.259999999999998,-0.3664500000000005,1788742864.2924926
0.26000000000000156,0.259999999999998,-0.3664500000000005,1788742864.3924744
0.26000000000000156,0.259999999999998,-0.3664500000000005,1788742864.4925897
0.26000000000000156,0.259999999999998,-0.3664500000000005,1788742864.5927808
0.26000000000000156,0.259999999999998,-0.3664500000000005,1788742864.692515
0.26000000000000156,0.259999999999998,-0.3664500000000005,1788742864.7925072
0.26000000000000156,0.259999999999998,-0.3664500000000005,1788742864.8925292
0.26000000000000156,0.259999999999998,-0.3664500000000005,1788742864.992561
0.26000000000000156,0.259999999999998,-0.3664500000000005,1788742865.09242
0.26000000000000156,0.259999999999998,-0.3664500000000005,1788742865.1926892
0.26000000000000156,0.259999999999998,-0.3664500000000005,1788742865.2924228
0.26000000000000156,0.259999999999998,-0.3664500000000005,1788742865.392457
0.26000000000000156,0.259999999999998,-0.3664500000000005,1788742865.4924855
0.26000000000000156,0.259999999999998,-0.3664500000000005,1788742865.592471
0.26000000000000156,0.259999999999998,-0.3664500000000005,1788742865.692508
0.26000000000000156,0.259999999999998,-0.3664500000000005,1788742865.7924514
0.26000000000000156,0.259999999999998,-0.3664500000000005,1788742865.8923879
0.26000000000000156,0.259999999999998,-0.3664500000000005,1788742865.9924748
0.26000000000000156,0.259999999999998,-0.3664500000000005,1788742866.092495
0.26000000000000156,0.259999999999998,-0.3664500000000005,1788742866.1926196
0.26000000000000156,0.259999999999998,-0.3664500000000005,1788742866.2925103
0.26000000000000156,0.259999999999998,-0.3664500000000005,1788742866.3924773
0.26000000000000156,0.259999999999998,-0.3664500000000005,1788742866.492467
0.26000000000000156,0.259999999999998,-0.3664500000000005,1788742866.592505
0.26000000000000156,0.259999999999998,-0.3664500000000005,1788742866.692466
0.26000000000000156,0.259999999999998,-0.3664500000000005,1788742866.792648
0.26000000000000156,0.259999999999998,-0.3664500000000005,1788742866.8925269
0.26000000000000156,0.259999999999998,-0.3664500000000005,1788742866.9925
0.26000000000000156,0.259999999999998,-0.3664500000000005,1788742867.0926375
0.26000000000000156,0.259999999999998,-0.3664500000000005,1788742867.1924458
0.26000000000000156,0.259999999999998,-0.3664500000000005,1788742867.2925305
0.26000000000000156,0.259999999999998,-0.3664500000000005,1788742867.3925111
0.26000000000000156,0.259999999999998,-0.3664500000000005,1788742867.4926322
0.26000000000000156,0.259999999999998,-0.3664500000000005,1788742867.5924993
0.26000000000000156,0.259999999999998,-0.3664500000000005,1788742867.6927395
0.26000000000000156,0.259999999999998,-0.3664500000000005,1788742867.7925088
0.26000000000000156,0.259999999999998,-0.3664500000000005,1788742867.8928246
0.26000000000000156,0.259999999999998,-0.3664500000000005,1788742867.992492
0.26000000000000156,0.259999999999998,-0.3664500000000005,1788742868.092493
0.26000000000000156,0.259999999999998,-0.3664500000000005,1788742868.1925402
0.26000000000000156,0.259999999999998,-0.3664500000000005,1788742868.2924824
0.26000000000000156,0.259999999999998,-0.3664500000000005,1788742868.392594
0.26000000000000156,0.259999999999998,-0.3664500000000005,1788742868.4925337
0.26000000000000156,0.259999999999998,-0.3664500000000005,1788742868.5924942
0.26000000000000156,0.259999999999998,-0.3664500000000005,1788742868.6924703
0.26000000000000156,0.259999999999998,-0.3664500000000005,1788742868.7925081
0.26000000000000156,0.259999999999998,-0.3664500000000005,1788742868.8924956
0.26000000000000156,0.259999999999998,-0.3664500000000005,1788742868.9925027
0.26000000000000156,0.259999999999998,-0.3664500000000005,1788742869.0924447
0.26000000000000156,0.259999999999998,-0.3664500000000005,1788742869.192532
0.26000000000000156,0.259999999999998,-0.3664500000000005,1788742869.2925584
0.26000000000000156,0.259999999999998,-0.3664500000000005,1788742869.3925493
0.26000000000000156,0.259999999999998,-0.3664500000000005,1788742869.4925845
0.26000000000000156,0.259999999999998,-0.3664500000000005,1788742869.592518
0.26000000000000156,0.259999999999998,-0.3664500000000005,1788742869.692554
0.26000000000000156,0.259999999999998,-0.3664500000000005,1788742869.7927575
0.26000000000000156,0.259999999999998,-0.3664500000000005,1788742869.892521
0.26000000000000156,0.259999999999998,-0.3664500000000005,1788742869.9926093
0.26000000000000156,0.259999999999998,-0.3664500000000005,1788742870.092609
0.26000000000000156,0.259999999999998,-0.3664500000000005,1788742870.1925075
0.26000000000000156,0.259999999999998,-0.3664500000000005,1788742870.292522
0.26000000000000156,0.259999999999998,-0.3664500000000005,1788742870.3927155
0.26000000000000156,0.259999999999998,-0.3664500000000005,1788742870.4926405
0.26000000000000156,0.259999999999998,-0.3664500000000005,1788742870.5925124
0.26000000000000156,0.259999999999998,-0.3664500000000005,1788742870.6925216
0.26000000000000156,0.259999999999998,-0.3664500000000005,1788742870.7924604
0.26000000000000156,0.259999999999998,-0.3664500000000005,1788742870.8925328
0.26000000000000156,0.259999999999998,-0.3664500000000005,1788742870.9925642
0.26000000000000156,0.259999999999998,-0.3664500000000005,1788742871.0925465
0.26000000000000156,0.259999999999998,-0.3664500000000005,1788742871.192597
0.26000000000000156,0.259999999999998,-0.3664500000000005,1788742871.2925432
0.26000000000000156,0.259999999999998,-0.3664500000000005,1788742871.3925543
0.26000000000000156,0.259999999999998,-0.3664500000000005,1788742871.4927952
0.26000000000000156,0.259999999999998,-0.3664500000000005,1788742871.592546
0.26000000000000156,0.259999999999998,-0.3664500000000005,1788742871.6926181
0.26000000000000156,0.259999999999998,-0.3664500000000005,1788742871.792831
0.26000000000000156,0.259999999999998,-0.3664500000000005,1788742871.8925524
0.26000000000000156,0.259999999999998,-0.3664500000000005,1788742871.9925616
0.26000000000000156,0.259999999999998,-0.3664500000000005,1788742872.0924973
0.26000000000000156,0.259999999999998,-0.3664500000000005,1788742872.19273
0.26000000000000156,0.259999999999998,-0.3664500000000005,1788742872.2924962
0.26000000000000156,0.259999999999998,-0.3664500000000005,1788742872.3926005
0.26000000000000156,0.259999999999998,-0.3664500000000005,1788742872.4925082
0.26000000000000156,0.259999999999998,-0.3664500000000005,1788742872.5924327
0.26000000000000156,0.259999999999998,-0.3664500000000005,1788742872.6925888
0.26000000000000156,0.259999999999998,-0.3664500000000005,1788742872.7927127
0.26000000000000156,0.259999999999998,-0.3664500000000005,1788742872.8925216
0.26000000000000156,0.259999999999998,-0.3664500000000005,1788742872.9926515
0.26000000000000156,0.259999999999998,-0.3664500000000005,1788742873.0924647
0.26000000000000156,0.259999999999998,-0.3664500000000005,1788742873.1925893
0.26000000000000156,0.259999999999998,-0.3664500000000005,1788742873.2926219
0.26000000000000156,0.259999999999998,-0.3664500000000005,1788742873.392491
0.26000000000000156,0.259999999999998,-0.3664500000000005,1788742873.4924922
0.26000000000000156,0.259999999999998,-0.3664500000000005,1788742873.5925155
0.26000000000000156,0.259999999999998,-0.3664500000000005,1788742873.692546
0.26000000000000156,0.259999999999998,-0.3664500000000005,1788742873.7926626
0.26000000000000156,0.259999999999998,-0.3664500000000005,1788742873.892549
0.26000000000000156,0.259999999999998,-0.3664500000000005,1788742873.9924312
0.26000000000000156,0.259999999999998,-0.3664500000000005,1788742874.092656
0.26000000000000156,0.259999999999998,-0.3664500000000005,1788742874.192691
0.26000000000000156,0.259999999999998,-0.3664500000000005,1788742874.2926817
0.26000000000000156,0.259999999999998,-0.3664500000000005,1788742874.392527
0.26000000000000156,0.259999999999998,-0.3664500000000005,1788742874.4925
0.26000000000000156,0.259999999999998,-0.3664500000000005,1788742874.592663
0.26000000000000156,0.259999999999998,-0.3664500000000005,1788742874.6925461
0.26000000000000156,0.259999999999998,-0.3664500000000005,1788742874.79255
0.26000000000000156,0.259999999999998,-0.3664500000000005,1788742874.8925428
0.26000000000000156,0.259999999999998,-0.3664500000000005,1788742874.9924984
0.26000000000000156,0.259999999999998,-0.3664500000000005,1788742875.0925617
