map.x,map.y,map.yaw,stamp
-4.449685946493048,1.7840766929009284,-1.5749180797536504,1789095064.215178
-4.449685946493046,1.7840766929009286,-1.5749180797536504,1789095064.3151681
-4.449685946493046,1.7840766929009286,-1.5749180797536504,1789095064.4152207
-4.449685946493046,1.7840766929009284,-1.5749180797536504,1789095064.515219
-4.449685946493046,1.7840766929009284,-1.5749180797536504,1789095064.6151154
-4.449685946493046,1.784076692900928,-1.5749180797536504,1789095064.7151263
-4.449685946493048,1.7840766929009284,-1.5749180797536504,1789095064.8152707
-4.449685946493046,1.7840766929009284,-1.5749180797536504,1789095064.9150574
-4.449685946493046,1.7840766929009284,-1.5749180797536504,1789095065.0149517
-4.449685946493048,1.7840766929009289,-1.5749180797536504,1789095065.1155064
-4.449685946493048,1.7840766929009284,-1.5749180797536504,1789095065.2151194
-4.449685946493048,1.7840766929009284,-1.5749180797536504,1789095065.315292
-4.449685946493046,1.7840766929009284,-1.5749180797536504,1789095065.4150898
-4.449685946493048,1.7840766929009289,-1.5749180797536504,1789095065.514993
-4.449685946493046,1.7840766929009286,-1.5749180797536504,1789095065.615
-4.449685946493048,1.7840766929009289,-1.5749180797536504,1789095065.7151701
-4.449685946493048,1.7840766929009289,-1.5749180797536504,1789095065.8152428
-4.449685946493046,1.7840766929009286,-1.5749180797536504,1789095065.9152672
-4.449685946493046,1.7840766929009284,-1.5749180797536504,1789095066.0150762
-4.449685946493046,1.7840766929009284,-1.5749180797536504,1789095066.115073
-4.449685946493046,1.7840766929009284,-1.5749180797536504,1789095066.2149966
-4.449685946493046,1.7840766929009282,-1.5749180797536504,1789095066.315161
-4.449685946493048,1.7840766929009289,-1.5749180797536504,1789095066.4150445
-4.449685946493046,1.7840766929009284,-1.5749180797536504,1789095066.5152793
-4.449685946493046,1.7840766929009284,-1.5749180797536504,1789095066.6151001
-4.449685946493046,1.7840766929009284,-1.5749180797536504,1789095066.7150626
-4.449685946493048,1.7840766929009284,-1.5749180797536504,1789095066.8150299
-4.449685946493046,1.7840766929009284,-1.5749180797536504,1789095066.9150589
-4.449685946493048,1.7840766929009284,-1.5749180797536504,1789095067.016908
-4.449685946493046,1.784076692900928,-1.5749180797536504,1789095067.1150908
-4.449685946493046,1.7840766929009284,-1.5749180797536504,1789095067.214946
-4.449685946493048,1.7840766929009284,-1.5749180797536504,1789095067.3152926
-4.449685946493048,1.7840766929009284,-1.5749180797536504,1789095067.415006
-4.449685946493046,1.7840766929009284,-1.5749180797536504,1789095067.5151098
-4.449685946493046,1.784076692900928,-1.5749180797536504,1789095067.6150668
-4.449685946493048,1.7840766929009284,-1.5749180797536504,1789095067.7151222
-4.449685946493046,1.7840766929009286,-1.5749180797536504,1789095067.8149378
-4.449685946493048,1.7840766929009284,-1.5749180797536504,1789095067.9151492
-4.449685946493046,1.7840766929009284,-1.5749180797536504,1789095068.0149636
-4.449685946493048,1.7840766929009289,-1.5749180797536504,1789095068.1151187
-4.449685946493046,1.7840766929009284,-1.5749180797536504,1789095068.2150624
-4.449685946493046,1.7840766929009284,-1.5749180797536504,1789095068.3151731
-4.449685946493046,1.7840766929009286,-1.5749180797536504,1789095068.415107
-4.449685946493046,1.7840766929009284,-1.5749180797536504,1789095068.515069
-4.449685946493046,1.7840766929009284,-1.5749180797536504,1789095068.6150975
-4.449685946493048,1.7840766929009289,-1.5749180797536504,1789095068.715421
-4.449685946493048,1.7840766929009284,-1.5749180797536504,1789095068.8149793
-4.449685946493048,1.7840766929009284,-1.5749180797536504,1789095068.9151936
-4.449685946493046,1.7840766929009284,-1.5749180797536504,1789095069.0150044
-4.449685946493048,1.7840766929009289,-1.5749180797536504,1789095069.1150508
-4.449685946493046,1.7840766929009284,-1.5749180797536504,1789095069.214915
-4.449685946493046,1.7840766929009284,-1.5749180797536504,1789095069.3150961
-4.449685946493046,1.7840766929009284,-1.5749180797536504,1789095069.4149415
-4.449685946493048,1.7840766929009289,-1.5749180797536504,1789095069.5151668
-4.449685946493046,1.7840766929009286,-1.5749180797536504,1789095069.6151373
-4.449685946493048,1.7840766929009284,-1.5749180797536504,1789095069.7150471
-4.449685946493048,1.7840766929009289,-1.5749180797536504,1789095069.8149962
-4.449685946493046,1.7840766929009286,-1.5749180797536504,1789095069.9152787
-4.449685946493046,1.7840766929009282,-1.5749180797536504,1789095070.0149348
-4.449685946493046,1.7840766929009286,-1.5749180797536504,1789095070.1153996
-4.449685946493048,1.7840766929009289,-1.5749180797536504,1789095070.2149982
-4.449685946493048,1.7840766929009284,-1.5749180797536504,1789095070.3151238
-4.449685946493046,1.7840766929009284,-1.5749180797536504,1789095070.4150178
-4.449685946493046,1.7840766929009284,-1.5749180797536504,1789095070.5152233
-4.449685946493046,1.7840766929009284,-1.5749180797536504,1789095070.6150315
-4.449685946493046,1.7840766929009284,-1.5749180797536504,1789095070.7153168
-4.449685946493046,1.7840766929009286,-1.5749180797536504,1789095070.8149145
-4.449685946493048,1.7840766929009289,-1.5749180797536504,1789095070.9150467
-4.449685946493048,1.7840766929009284,-1.5749180797536504,1789095071.0151923
-4.449685946493046,1.7840766929009284,-1.5749180797536504,1789095071.118466
-4.449685946493046,1.7840766929009284,-1.5749180797536504,1789095071.215063
-4.449685946493046,1.7840766929009284,-1.5749180797536504,1789095071.315119
-4.449685946493046,1.7840766929009284,-1.5749180797536504,1789095071.415184
-4.449685946493048,1.7840766929009289,-1.5749180797536504,1789095071.5150137
-4.449685946493046,1.7840766929009284,-1.5749180797536504,1789095071.6149013
-4.449685946493046,1.7840766929009284,-1.5749180797536504,1789095071.7151275
-4.449685946493048,1.7840766929009289,-1.5749180797536504,1789095071.8150356
-4.449685946493046,1.7840766929009282,-1.5749180797536504,1789095071.9149826
-4.449685946493048,1.7840766929009284,-1.5749180797536504,1789095072.0150104
-4.449685946493048,1.7840766929009284,-1.5749180797536504,1789095072.1152968
-4.449685946493046,1.7840766929009282,-1.5749180797536504,1789095072.2150216
-4.449685946493048,1.7840766929009284,-1.5749180797536504,1789095072.3154507
-4.449685946493046,1.7840766929009286,-1.5749180797536504,1789095072.4149776
-4.449685946493046,1.7840766929009284,-1.5749180797536504,1789095072.5150537
-4.449685946493046,1.7840766929009286,-1.5749180797536504,1789095072.6149387
-4.449685946493046,1.7840766929009284,-1.5749180797536504,1789095072.715021
-4.449685946493046,1.7840766929009284,-1.5749180797536504,1789095072.815173
-4.449685946493046,1.7840766929009286,-1.5749180797536504,1789095072.9150863
-4.449685946493046,1.7840766929009284,-1.5749180797536504,1789095073.014925
-4.449685946493046,1.7840766929009286,-1.5749180797536504,1789095073.1152956
-4.449685946493046,1.7840766929009284,-1.5749180797536504,1789095073.2150395
-4.449685946493048,1.7840766929009284,-1.5749180797536504,1789095073.315146
-4.449685946493046,1.7840766929009286,-1.5749180797536504,1789095073.4149466
-4.449685946493048,1.7840766929009284,-1.5749180797536504,1789095073.515061
-4.449685946493046,1.7840766929009284,-1.5749180797536504,1789095073.6151333
-4.449685946493046,1.7840766929009286,-1.5749180797536504,1789095073.7152712
-4.449685946493046,1.7840766929009286,-1.5749180797536504,1789095073.8150132
-4.449685946493046,1.784076692900928,-1.5749180797536504,1789095073.915033
-4.449685946493046,1.7840766929009284,-1.5749180797536504,1789095074.0150795
-4.449685946493046,1.7840766929009286,-1.5749180797536504,1789095074.1150866
-4.449685946493048,1.7840766929009284,-1.5749180797536504,1789095074.2150362
-4.449685946493046,1.7840766929009286,-1.5749180797536504,1789095074.3150647
-4.449685946493048,1.7840766929009284,-1.5749180797536504,1789095074.4149342
-4.449685946493048,1.7840766929009284,-1.5749180797536504,1789095074.5151124
-4.449685946493046,1.7840766929009284,-1.5749180797536504,1789095074.6149375
-4.449685946493048,1.7840766929009284,-1.5749180797536504,1789095074.7150416
-4.449685946493046,1.7840766929009284,-1.5749180797536504,1789095074.8148644
-4.449685946493048,1.7840766929009284,-1.5749180797536504,1789095074.9153485
-4.449685946493048,1.7840766929009284,-1.5749180797536504,1789095075.0150387
-4.449685946493046,1.7840766929009286,-1.5749180797536504,1789095075.1150682
-4.449685946493046,1.7840766929009284,-1.5749180797536504,1789095075.2156374
-4.449685946493048,1.7840766929009284,-1.5749180797536504,1789095075.3151693
-4.449685946493048,1.7840766929009284,-1.5749180797536504,1789095075.4149702
-4.449685946493046,1.7840766929009286,-1.5749180797536504,1789095075.515107
-4.449685946493048,1.7840766929009284,-1.5749180797536504,1789095075.614974
-4.449685946493046,1.7840766929009284,-1.5749180797536504,1789095075.7150462
-4.449685946493048,1.7840766929009284,-1.5749180797536504,1789095075.8150165
-4.449685946493048,1.7840766929009284,-1.5749180797536504,1789095075.9151406
-4.449685946493046,1.7840766929009284,-1.5749180797536504,1789095076.0151093
-4.449685946493048,1.7840766929009284,-1.5749180797536504,1789095076.115164
-4.449685946493046,1.7840766929009282,-1.5749180797536504,1789095076.2150528
-4.449685946493046,1.784076692900928,-1.5749180797536504,1789095076.3149848
-4.449685946493046,1.7840766929009286,-1.5749180797536504,1789095076.4150124
-4.449685946493048,1.7840766929009284,-1.5749180797536504,1789095076.51508
-4.449685946493048,1.7840766929009284,-1.5749180797536504,1789095076.615029
-4.449685946493048,1.7840766929009284,-1.5749180797536504,1789095076.7154105
-4.449685946493046,1.7840766929009284,-1.5749180797536504,1789095076.814869
-4.449685946493048,1.7840766929009289,-1.5749180797536504,1789095076.9150295
-4.449685946493048,1.7840766929009284,-1.5749180797536504,1789095077.0149624
-4.449685946493046,1.7840766929009284,-1.5749180797536504,1789095077.1150386
-4.449685946493046,1.7840766929009286,-1.5749180797536504,1789095077.2150803
-4.449685946493046,1.7840766929009284,-1.5749180797536504,1789095077.315133
-4.449685946493046,1.7840766929009284,-1.5749180797536504,1789095077.4150145
-4.449685946493046,1.7840766929009282,-1.5749180797536504,1789095077.515125
-4.449685946493046,1.7840766929009284,-1.5749180797536504,1789095077.6151235
-4.449685946493046,1.7840766929009284,-1.5749180797536504,1789095077.7150896
-4.449685946493048,1.7840766929009284,-1.5749180797536504,1789095077.815028
-4.449685946493048,1.7840766929009289,-1.5749180797536504,1789095077.9152095
-4.449685946493048,1.7840766929009284,-1.5749180797536504,1789095078.0149138
-4.449685946493046,1.7840766929009286,-1.5749180797536504,1789095078.115141
-4.449685946493046,1.7840766929009284,-1.5749180797536504,1789095078.214971
-4.449685946493048,1.7840766929009284,-1.5749180797536504,1789095078.314922
-4.449685946493048,1.7840766929009289,-1.5749180797536504,1789095078.4149
-4.449685946493046,1.7840766929009284,-1.5749180797536504,1789095078.515041
-4.449685946493046,1.7840766929009284,-1.5749180797536504,1789095078.6148963
-4.449685946493046,1.7840766929009284,-1.5749180797536504,1789095078.7149947
-4.449685946493046,1.7840766929009286,-1.5749180797536504,1789095078.814938
-4.449685946493046,1.7840766929009282,-1.5749180797536504,1789095078.915223
-4.449685946493048,1.7840766929009284,-1.5749180797536504,1789095079.0148795
-4.449685946493046,1.7840766929009286,-1.5749180797536504,1789095079.1150887
-4.449685946493046,1.784076692900928,-1.5749180797536504,1789095079.2150233
-4.449685946493046,1.7840766929009284,-1.5749180797536504,1789095079.3164785
-4.449685946493046,1.7840766929009284,-1.5749180797536504,1789095079.4149845
-4.449685946493046,1.7840766929009284,-1.5749180797536504,1789095079.5151224
-4.449685946493046,1.7840766929009286,-1.5749180797536504,1789095079.6149724
-4.449685946493048,1.7840766929009284,-1.5749180797536504,1789095079.714933
-4.449685946493046,1.7840766929009284,-1.5749180797536504,1789095079.8151553
-4.449685946493046,1.7840766929009286,-1.5749180797536504,1789095079.9152656
-4.449685946493048,1.7840766929009284,-1.5749180797536504,1789095080.0149739
-4.449685946493048,1.7840766929009284,-1.5749180797536504,1789095080.1151376
-4.449685946493046,1.7840766929009286,-1.5749180797536504,1789095080.2149417
-4.449685946493046,1.7840766929009284,-1.5749180797536504,1789095080.3153007
-4.449685946493046,1.7840766929009284,-1.5749180797536504,1789095080.4148846
-4.449685946493046,1.7840766929009286,-1.5749180797536504,1789095080.515209
-4.449685946493048,1.7840766929009289,-1.5749180797536504,1789095080.6149793
-4.449685946493046,1.7840766929009284,-1.5749180797536504,1789095080.7150028
-4.449685946493046,1.784076692900928,-1.5749180797536504,1789095080.815112
-4.449685946493048,1.7840766929009284,-1.5749180797536504,1789095080.9154322
-4.449685946493046,1.7840766929009284,-1.5749180797536504,1789095081.0151083
-4.449685946493046,1.7840766929009284,-1.5749180797536504,1789095081.1151674
-4.449685946493048,1.7840766929009284,-1.5749180797536504,1789095081.214903
-4.449685946493046,1.7840766929009284,-1.5749180797536504,1789095081.314956
-4.449685946493048,1.7840766929009284,-1.5749180797536504,1789095081.4150677
-4.449685946493046,1.7840766929009286,-1.5749180797536504,1789095081.5149353
-4.449685946493048,1.7840766929009284,-1.5749180797536504,1789095081.6150713
-4.449685946493048,1.7840766929009289,-1.5749180797536504,1789095081.7151632
-4.449685946493046,1.7840766929009282,-1.5749180797536504,1789095081.8150117
-4.449685946493046,1.7840766929009286,-1.5749180797536504,1789095081.9151688
-4.449685946493046,1.7840766929009286,-1.5749180797536504,1789095082.0151663
-4.449685946493046,1.7840766929009284,-1.5749180797536504,1789095082.1153018
-4.449685946493046,1.7840766929009284,-1.5749180797536504,1789095082.2150285
-4.449685946493048,1.7840766929009284,-1.5749180797536504,1789095082.3150728
-4.449685946493046,1.7840766929009284,-1.5749180797536504,1789095082.414921
-4.449685946493048,1.7840766929009284,-1.5749180797536504,1789095082.515181
-4.449685946493046,1.7840766929009284,-1.5749180797536504,1789095082.6150732
-4.449685946493046,1.7840766929009284,-1.5749180797536504,1789095082.7150614
-4.449685946493046,1.7840766929009286,-1.5749180797536504,1789095082.8150415
-4.449685946493046,1.7840766929009286,-1.5749180797536504,1789095082.9150605
-4.449685946493046,1.7840766929009284,-1.5749180797536504,1789095083.0149696
-4.449685946493048,1.7840766929009284,-1.5749180797536504,1789095083.1150668
-4.449685946493046,1.7840766929009284,-1.5749180797536504,1789095083.2149491
-4.449685946493046,1.7840766929009284,-1.5749180797536504,1789095083.3150876
-4.449685946493046,1.7840766929009284,-1.5749180797536504,1789095083.414874
-4.449685946493048,1.7840766929009289,-1.5749180797536504,1789095083.5149493
-4.449685946493046,1.784076692900928,-1.5749180797536504,1789095083.6150458
-4.449685946493046,1.7840766929009284,-1.5749180797536504,1789095083.7151208
-4.449685946493048,1.7840766929009284,-1.5749180797536504,1789095083.814996
-4.449685946493048,1.7840766929009284,-1.5749180797536504,1789095083.9151788
-4.449685946493046,1.7840766929009284,-1.5749180797536504,1789095084.015091
-4.449685946493048,1.7840766929009289,-1.5749180797536504,1789095084.1151936
-4.449685946493048,1.7840766929009289,-1.5749180797536504,1789095084.2151272
-4.449685946493046,1.7840766929009284,-1.5749180797536504,1789095084.3150535
-4.449685946493048,1.7840766929009284,-1.5749180797536504,1789095084.4149451
-4.449685946493048,1.7840766929009284,-1.5749180797536504,1789095084.5152993
-4.449685946493046,1.7840766929009284,-1.5749180797536504,1789095084.6149328
-4.449685946493046,1.7840766929009284,-1.5749180797536504,1789095084.7153418
-4.449685946493046,1.7840766929009284,-1.5749180797536504,1789095084.814917
-4.449685946493046,1.7840766929009284,-1.5749180797536504,1789095084.9151802
-4.449685946493046,1.7840766929009284,-1.5749180797536504,1789095085.0150983
-4.449685946493046,1.7840766929009284,-1.5749180797536504,1789095085.1151667
-4.449685946493046,1.7840766929009284,-1.5749180797536504,1789095085.215059
-4.449685946493046,1.7840766929009284,-1.5749180797536504,1789095085.31505
-4.449685946493046,1.7840766929009284,-1.5749180797536504,1789095085.415055
-4.449685946493046,1.7840766929009284,-1.5749180797536504,1789095085.5151026
-4.449685946493046,1.7840766929009284,-1.5749180797536504,1789095085.614905
-4.449685946493048,1.7840766929009289,-1.5749180797536504,1789095085.715012
-4.449685946493046,1.7840766929009284,-1.5749180797536504,1789095085.8149424
-4.449685946493046,1.7840766929009284,-1.5749180797536504,1789095085.9153283
-4.449685946493048,1.7840766929009284,-1.5749180797536504,1789095086.0148382
-4.449685946493046,1.7840766929009286,-1.5749180797536504,1789095086.1150575
-4.449685946493046,1.7840766929009284,-1.5749180797536504,1789095086.2151136
-4.449685946493046,1.7840766929009284,-1.5749180797536504,1789095086.3151288
-4.449685946493046,1.7840766929009284,-1.5749180797536504,1789095086.4149494
-4.449685946493046,1.7840766929009284,-1.5749180797536504,1789095086.515122
-4.449685946493046,1.7840766929009284,-1.5749180797536504,1789095086.6150768
-4.449685946493046,1.7840766929009284,-1.5749180797536504,1789095086.7151127
-4.449685946493048,1.7840766929009284,-1.5749180797536504,1789095086.814918
-4.449685946493046,1.7840766929009286,-1.5749180797536504,1789095086.9150875
-4.449685946493046,1.7840766929009286,-1.5749180797536504,1789095087.0151215
-4.449685946493046,1.7840766929009284,-1.5749180797536504,1789095087.1149495
-4.449685946493046,1.7840766929009284,-1.5749180797536504,1789095087.2149382
-4.449685946493046,1.7840766929009284,-1.5749180797536504,1789095087.314973
-4.449685946493046,1.7840766929009284,-1.5749180797536504,1789095087.4150157
-4.449685946493046,1.7840766929009284,-1.5749180797536504,1789095087.515215
-4.449685946493046,1.7840766929009282,-1.5749180797536504,1789095087.6150908
-4.449685946493048,1.7840766929009284,-1.5749180797536504,1789095087.7151687
-4.449685946493046,1.7840766929009282,-1.5749180797536504,1789095087.8155582
-4.449685946493046,1.7840766929009284,-1.5749180797536504,1789095087.9156575
-4.449685946493046,1.7840766929009286,-1.5749180797536504,1789095088.015067
-4.449685946493046,1.7840766929009282,-1.5749180797536504,1789095088.1154184
-4.449685946493048,1.7840766929009284,-1.5749180797536504,1789095088.215107
-4.449685946493046,1.7840766929009286,-1.5749180797536504,1789095088.3150697
-4.449685946493048,1.7840766929009289,-1.5749180797536504,1789095088.4149773
-4.449685946493046,1.7840766929009282,-1.5749180797536504,1789095088.5150986
-4.449685946493048,1.7840766929009284,-1.5749180797536504,1789095088.6151123
-4.449685946493046,1.7840766929009284,-1.5749180797536504,1789095088.7150028
-4.449685946493046,1.7840766929009286,-1.5749180797536504,1789095088.8151271
-4.449685946493048,1.7840766929009284,-1.5749180797536504,1789095088.9151158
-4.449685946493046,1.7840766929009284,-1.5749180797536504,1789095089.014928
-4.449685946493046,1.7840766929009284,-1.5749180797536504,1789095089.1151986
-4.449685946493046,1.7840766929009284,-1.5749180797536504,1789095089.2149193
-4.449685946493046,1.7840766929009284,-1.5749180797536504,1789095089.3152432
-4.449685946493046,1.784076692900928,-1.5749180797536504,1789095089.4152164
-4.449685946493046,1.7840766929009284,-1.5749180797536504,1789095089.5151389
-4.449685946493046,1.7840766929009284,-1.5749180797536504,1789095089.614935
-4.449685946493046,1.7840766929009284,-1.5749180797536504,1789095089.7149272
-4.449685946493046,1.7840766929009286,-1.5749180797536504,1789095089.815016
-4.449685946493046,1.7840766929009284,-1.5749180797536504,1789095089.914979
-4.449685946493048,1.7840766929009284,-1.5749180797536504,1789095090.0150638
-4.449685946493046,1.7840766929009284,-1.5749180797536504,1789095090.115089
-4.449685946493048,1.7840766929009289,-1.5749180797536504,1789095090.2163837
-4.449685946493048,1.7840766929009284,-1.5749180797536504,1789095090.3150506
-4.449685946493046,1.784076692900928,-1.5749180797536504,1789095090.414935
-4.449685946493046,1.7840766929009284,-1.5749180797536504,1789095090.5150797
-4.449685946493048,1.7840766929009289,-1.5749180797536504,1789095090.6150575
-4.449685946493046,1.7840766929009284,-1.5749180797536504,1789095090.7150557
-4.449685946493046,1.7840766929009282,-1.5749180797536504,1789095090.8149488
-4.449685946493046,1.7840766929009286,-1.5749180797536504,1789095090.9149559
-4.449685946493046,1.7840766929009282,-1.5749180797536504,1789095091.014891
-4.449685946493046,1.7840766929009284,-1.5749180797536504,1789095091.1150746
-4.449685946493048,1.7840766929009289,-1.5749180797536504,1789095091.2149222
-4.449685946493046,1.7840766929009284,-1.5749180797536504,1789095091.3150208
-4.449685946493046,1.7840766929009282,-1.5749180797536504,1789095091.4149647
-4.449685946493046,1.7840766929009284,-1.5749180797536504,1789095091.5148783
-4.449685946493046,1.7840766929009284,-1.5749180797536504,1789095091.6150577
-4.449685946493046,1.7840766929009284,-1.5749180797536504,1789095091.7151785
-4.449685946493046,1.7840766929009284,-1.5749180797536504,1789095091.8149827
-4.449685946493046,1.7840766929009284,-1.5749180797536504,1789095091.9152286
-4.449685946493046,1.7840766929009286,-1.5749180797536504,1789095092.0149548
-4.449685946493046,1.784076692900928,-1.5749180797536504,1789095092.1150203
-4.449685946493048,1.7840766929009289,-1.5749180797536504,1789095092.2148592
-4.449685946493046,1.7840766929009284,-1.5749180797536504,1789095092.3149922
-4.449685946493046,1.7840766929009284,-1.5749180797536504,1789095092.4149556
-4.449685946493048,1.7840766929009284,-1.5749180797536504,1789095092.5151598
-4.449685946493046,1.7840766929009282,-1.5749180797536504,1789095092.6149845
-4.449685946493046,1.7840766929009286,-1.5749180797536504,1789095092.7149327
-4.449685946493046,1.7840766929009284,-1.5749180797536504,1789095092.8149772
-4.449685946493048,1.7840766929009289,-1.5749180797536504,1789095092.9153354
-4.449685946493046,1.7840766929009284,-1.5749180797536504,1789095093.015002
-4.449685946493046,1.7840766929009286,-1.5749180797536504,1789095093.1150904
-4.449685946493046,1.7840766929009284,-1.5749180797536504,1789095093.214874
-4.449685946493046,1.7840766929009284,-1.5749180797536504,1789095093.3150618
-4.449685946493048,1.7840766929009284,-1.5749180797536504,1789095093.4151223
-4.449685946493046,1.7840766929009284,-1.5749180797536504,1789095093.5151613
-4.449685946493048,1.7840766929009284,-1.5749180797536504,1789095093.6149435
-4.449685946493046,1.7840766929009286,-1.5749180797536504,1789095093.7150142
-4.449685946493046,1.784076692900928,-1.5749180797536504,1789095093.8149033
-4.449685946493046,1.7840766929009284,-1.5749180797536504,1789095093.9151216
-4.449685946493046,1.7840766929009284,-1.5749180797536504,1789095094.0149193
-4.449685946493046,1.7840766929009284,-1.5749180797536504,1789095094.1149347
-4.449685946493046,1.7840766929009286,-1.5749180797536504,1789095094.2151542
-4.449685946493046,1.7840766929009284,-1.5749180797536504,1789095094.3150253
-4.449685946493048,1.7840766929009284,-1.5749180797536504,1789095094.4149268
-4.449685946493048,1.7840766929009289,-1.5749180797536504,1789095094.5149338
-4.449685946493046,1.7840766929009284,-1.5749180797536504,1789095094.6151211
-4.449685946493046,1.7840766929009284,-1.5749180797536504,1789095094.7152424
-4.449685946493048,1.7840766929009284,-1.5749180797536504,1789095094.8150659
-4.449685946493046,1.7840766929009284,-1.5749180797536504,1789095094.9149568
-4.449685946493046,1.7840766929009284,-1.5749180797536504,1789095095.0150676
-4.449685946493046,1.7840766929009286,-1.5749180797536504,1789095095.114997
-4.449685946493046,1.7840766929009284,-1.5749180797536504,1789095095.214915
-4.449685946493046,1.7840766929009284,-1.5749180797536504,1789095095.3149583
-4.449685946493046,1.7840766929009282,-1.5749180797536504,1789095095.41507
-4.449685946493046,1.7840766929009286,-1.5749180797536504,1789095095.5153913
-4.449685946493046,1.7840766929009282,-1.5749180797536504,1789095095.6149294
-4.449685946493046,1.7840766929009284,-1.5749180797536504,1789095095.7150087
-4.449685946493046,1.7840766929009284,-1.5749180797536504,1789095095.8151774
-4.449685946493046,1.7840766929009282,-1.5749180797536504,1789095095.9152129
-4.449685946493046,1.7840766929009284,-1.5749180797536504,1789095096.0149384
-4.449685946493048,1.7840766929009284,-1.5749180797536504,1789095096.115076
-4.449685946493046,1.7840766929009284,-1.5749180797536504,1789095096.2150383
-4.449685946493046,1.7840766929009284,-1.5749180797536504,1789095096.3149936
-4.449685946493046,1.7840766929009284,-1.5749180797536504,1789095096.4150605
-4.449685946493046,1.7840766929009284,-1.5749180797536504,1789095096.5153086
-4.449685946493048,1.7840766929009284,-1.5749180797536504,1789095096.6148922
-4.449685946493046,1.7840766929009284,-1.5749180797536504,1789095096.7153823
-4.449685946493046,1.7840766929009284,-1.5749180797536504,1789095096.815025
-4.449685946493046,1.7840766929009286,-1.5749180797536504,1789095096.915073
-4.449685946493046,1.7840766929009284,-1.5749180797536504,1789095097.0149388
-4.449685946493048,1.7840766929009284,-1.5749180797536504,1789095097.1149812
-4.449685946493046,1.7840766929009286,-1.5749180797536504,1789095097.214929
-4.449685946493048,1.7840766929009284,-1.5749180797536504,1789095097.3152454
-4.449685946493046,1.7840766929009284,-1.5749180797536504,1789095097.415025
-4.449685946493046,1.7840766929009284,-1.5749180797536504,1789095097.5150936
-4.449685946493046,1.7840766929009284,-1.5749180797536504,1789095097.6150095
-4.449685946493046,1.7840766929009284,-1.5749180797536504,1789095097.7151341
-4.449685946493046,1.7840766929009284,-1.5749180797536504,1789095097.8150847
-4.449685946493046,1.7840766929009284,-1.5749180797536504,1789095097.915061
-4.449685946493046,1.7840766929009284,-1.5749180797536504,1789095098.0151427
-4.449685946493046,1.7840766929009282,-1.5749180797536504,1789095098.1149635
-4.449685946493046,1.7840766929009284,-1.5749180797536504,1789095098.2151082
-4.449685946493046,1.7840766929009286,-1.5749180797536504,1789095098.3151934
-4.449685946493046,1.7840766929009286,-1.5749180797536504,1789095098.4150147
-4.449685946493046,1.7840766929009284,-1.5749180797536504,1789095098.5150836
-4.449685946493046,1.7840766929009284,-1.5749180797536504,1789095098.6150124
-4.449685946493046,1.7840766929009284,-1.5749180797536504,1789095098.7151265
-4.449685946493046,1.7840766929009284,-1.5749180797536504,1789095098.8150244
-4.449685946493046,1.7840766929009284,-1.5749180797536504,1789095098.9150658
-4.449685946493046,1.7840766929009284,-1.5749180797536504,1789095099.015021
-4.449685946493048,1.7840766929009284,-1.5749180797536504,1789095099.1151893
-4.449685946493046,1.7840766929009284,-1.5749180797536504,1789095099.215112
-4.449685946493048,1.7840766929009289,-1.5749180797536504,1789095099.315023
-4.449685946493046,1.7840766929009284,-1.5749180797536504,1789095099.4150531
-4.449685946493046,1.7840766929009286,-1.5749180797536504,1789095099.5152617
-4.449685946493048,1.7840766929009289,-1.5749180797536504,1789095099.6150677
-4.449685946493046,1.7840766929009284,-1.5749180797536504,1789095099.7149918
-4.449685946493048,1.7840766929009289,-1.5749180797536504,1789095099.8149803
-4.449685946493046,1.7840766929009284,-1.5749180797536504,1789095099.915037
-4.449685946493048,1.7840766929009284,-1.5749180797536504,1789095100.0150123
-4.449685946493046,1.7840766929009284,-1.5749180797536504,1789095100.115026
-4.449685946493046,1.7840766929009286,-1.5749180797536504,1789095100.2151875
-4.449685946493048,1.7840766929009284,-1.5749180797536504,1789095100.3151236
-4.449685946493048,1.7840766929009284,-1.5749180797536504,1789095100.4149399
-4.449685946493046,1.7840766929009284,-1.5749180797536504,1789095100.5150576
-4.449685946493046,1.7840766929009286,-1.5749180797536504,1789095100.614976
-4.449685946493046,1.7840766929009284,-1.5749180797536504,1789095100.7152057
-4.449685946493046,1.7840766929009286,-1.5749180797536504,1789095100.814998
-4.449685946493046,1.7840766929009282,-1.5749180797536504,1789095100.9151464
-4.449685946493046,1.7840766929009284,-1.5749180797536504,1789095101.0150087
-4.449685946493048,1.7840766929009284,-1.5749180797536504,1789095101.1151967
-4.449685946493048,1.7840766929009284,-1.5749180797536504,1789095101.2148857
-4.449685946493046,1.7840766929009284,-1.5749180797536504,1789095101.3149724
-4.449685946493046,1.7840766929009282,-1.5749180797536504,1789095101.4151475
-4.449685946493046,1.7840766929009286,-1.5749180797536504,1789095101.5178425
-4.449685946493046,1.7840766929009284,-1.5749180797536504,1789095101.6150222
-4.449685946493046,1.7840766929009284,-1.5749180797536504,1789095101.7152824
-4.449685946493046,1.7840766929009284,-1.5749180797536504,1789095101.8151605
-4.449685946493048,1.7840766929009289,-1.5749180797536504,1789095101.9152958
-4.449685946493046,1.7840766929009284,-1.5749180797536504,1789095102.015048
-4.449685946493046,1.7840766929009284,-1.5749180797536504,1789095102.1149485
-4.449685946493046,1.7840766929009286,-1.5749180797536504,1789095102.2149646
-4.449685946493046,1.7840766929009286,-1.5749180797536504,1789095102.315211
-4.449685946493048,1.7840766929009284,-1.5749180797536504,1789095102.4149675
-4.449685946493046,1.7840766929009286,-1.5749180797536504,1789095102.5149534
-4.449685946493046,1.7840766929009284,-1.5749180797536504,1789095102.6148446
-4.449685946493048,1.7840766929009284,-1.5749180797536504,1789095102.7150924
-4.449685946493046,1.7840766929009284,-1.5749180797536504,1789095102.8150892
-4.449685946493046,1.7840766929009286,-1.5749180797536504,1789095102.9150639
-4.449685946493046,1.7840766929009284,-1.5749180797536504,1789095103.0149348
-4.449685946493046,1.7840766929009284,-1.5749180797536504,1789095103.1149688
-4.449685946493046,1.7840766929009284,-1.5749180797536504,1789095103.215086
-4.449685946493046,1.7840766929009284,-1.5749180797536504,1789095103.3151512
-4.449685946493046,1.7840766929009284,-1.5749180797536504,1789095103.415058
-4.449685946493046,1.7840766929009284,-1.5749180797536504,1789095103.5150633
-4.449685946493046,1.7840766929009284,-1.5749180797536504,1789095103.6150694
-4.449685946493046,1.7840766929009284,-1.5749180797536504,1789095103.715156
-4.449685946493046,1.7840766929009282,-1.5749180797536504,1789095103.8149042
-4.449685946493048,1.7840766929009284,-1.5749180797536504,1789095103.9150655
-4.449685946493046,1.7840766929009284,-1.5749180797536504,1789095104.0149372
-4.449685946493048,1.7840766929009284,-1.5749180797536504,1789095104.1150572
-4.449685946493048,1.7840766929009289,-1.5749180797536504,1789095104.2149563
-4.449685946493048,1.7840766929009284,-1.5749180797536504,1789095104.3151271
-4.449685946493046,1.7840766929009286,-1.5749180797536504,1789095104.4150584
-4.449685946493046,1.7840766929009286,-1.5749180797536504,1789095104.5151596
-4.449685946493046,1.7840766929009284,-1.5749180797536504,1789095104.615033
-4.449685946493048,1.7840766929009284,-1.5749180797536504,1789095104.7150533
-4.449685946493046,1.7840766929009284,-1.5749180797536504,1789095104.8151054
-4.449685946493046,1.7840766929009286,-1.5749180797536504,1789095104.9152477
-4.449685946493048,1.7840766929009284,-1.5749180797536504,1789095105.0149124
-4.449685946493046,1.7840766929009284,-1.5749180797536504,1789095105.114958
-4.449685946493046,1.7840766929009284,-1.5749180797536504,1789095105.215611
-4.449685946493046,1.7840766929009284,-1.5749180797536504,1789095105.315455
-4.449685946493046,1.7840766929009284,-1.5749180797536504,1789095105.4149787
-4.449685946493046,1.7840766929009284,-1.5749180797536504,1789095105.5149848
-4.449685946493046,1.7840766929009284,-1.5749180797536504,1789095105.6150064
-4.449685946493046,1.7840766929009284,-1.5749180797536504,1789095105.7152786
-4.449685946493048,1.7840766929009289,-1.5749180797536504,1789095105.8149776
-4.449685946493046,1.7840766929009284,-1.5749180797536504,1789095105.9151769
-4.449685946493046,1.7840766929009284,-1.5749180797536504,1789095106.0150597
-4.449685946493046,1.7840766929009284,-1.5749180797536504,1789095106.1151292
-4.449685946493046,1.7840766929009286,-1.5749180797536504,1789095106.2149
-4.449685946493046,1.7840766929009284,-1.5749180797536504,1789095106.3153636
-4.449685946493046,1.7840766929009282,-1.5749180797536504,1789095106.4150496
-4.449685946493046,1.7840766929009284,-1.5749180797536504,1789095106.5150328
-4.449685946493046,1.7840766929009284,-1.5749180797536504,1789095106.6149578
-4.449685946493046,1.7840766929009284,-1.5749180797536504,1789095106.7151415
-4.449685946493046,1.7840766929009284,-1.5749180797536504,1789095106.8150089
-4.449685946493046,1.7840766929009284,-1.5749180797536504,1789095106.915196
-4.449685946493046,1.7840766929009284,-1.5749180797536504,1789095107.015262
-4.449685946493046,1.7840766929009286,-1.5749180797536504,1789095107.1150641
-4.449685946493048,1.7840766929009289,-1.5749180797536504,1789095107.2149503
-4.449685946493046,1.7840766929009284,-1.5749180797536504,1789095107.3149784
-4.449685946493046,1.7840766929009284,-1.5749646675940567,1789095107.4150813
-4.449685946493048,1.7840766929009284,-1.5755635429412609,1789095107.5150878
-4.4496829097453965,1.7848223344900402,-1.5740381167371469,1789095107.6150904
-4.449682407378885,1.7849869422980622,-1.573612982082167,1789095107.7149513
-4.449682407378885,1.7849869422980622,-1.573612982082167,1789095107.8150282
-4.449682917535476,1.7848170037781843,-1.5739543511966543,1789095107.91512
-4.449684224085525,1.7844361986217563,-1.5744394938334736,1789095108.0150933
-4.4496848459852725,1.7842677835739782,-1.574529876308688,1789095108.1150393
-4.4496848459852725,1.7842677835739782,-1.574529876308688,1789095108.2151062
-4.4496848459852725,1.7842677835739782,-1.574529876308688,1789095108.315336
-4.4496848459852725,1.7842677835739782,-1.574529876308688,1789095108.415168
-4.4496848459852725,1.7842677835739782,-1.574529876308688,1789095108.5154817
-4.449684845985274,1.784267783573978,-1.574529876308688,1789095108.6149902
-4.4496848459852725,1.7842677835739782,-1.574529876308688,1789095108.7151487
-4.4496848459852725,1.7842677835739782,-1.574529876308688,1789095108.815114
-4.449684845985274,1.784267783573978,-1.574529876308688,1789095108.915291
-4.4496848459852725,1.7842677835739784,-1.574529876308688,1789095109.015072
-4.449684845985274,1.784267783573978,-1.574529876308688,1789095109.115143
-4.4496848459852725,1.7842677835739784,-1.574529876308688,1789095109.2148972
-4.449684845985274,1.784267783573978,-1.574529876308688,1789095109.3150988
-4.4496848459852725,1.7842677835739784,-1.574529876308688,1789095109.4151006
-4.4496848459852725,1.7842677835739782,-1.574529876308688,1789095109.5151424
-4.4496848459852725,1.7842677835739784,-1.574529876308688,1789095109.6150937
-4.4496848459852725,1.7842677835739784,-1.574529876308688,1789095109.7152164
-4.4496848459852725,1.7842677835739782,-1.574529876308688,1789095109.8150988
-4.4496848459852725,1.7842677835739782,-1.574529876308688,1789095109.9151762
-4.4496848459852725,1.7842677835739782,-1.574529876308688,1789095110.015055
-4.4496848459852725,1.7842677835739784,-1.574529876308688,1789095110.1151483
-4.449684845985274,1.784267783573978,-1.574529876308688,1789095110.215208
-4.4496848459852725,1.7842677835739784,-1.574529876308688,1789095110.3151112
-4.4496848459852725,1.7842677835739782,-1.574529876308688,1789095110.415135
-4.4496848459852725,1.7842677835739782,-1.574529876308688,1789095110.5154757
-4.4496848459852725,1.7842677835739782,-1.574529876308688,1789095110.615052
-4.4496848459852725,1.7842677835739782,-1.574529876308688,1789095110.7152605
-4.4496848459852725,1.7842677835739782,-1.574529876308688,1789095110.8151262
-4.4496848459852725,1.7842677835739782,-1.574529876308688,1789095110.9150734
-4.4496848459852725,1.7842677835739782,-1.574529876308688,1789095111.014968
-4.449684845985274,1.784267783573978,-1.574529876308688,1789095111.115057
-4.4496848459852725,1.7842677835739782,-1.574529876308688,1789095111.215251
-4.4496848459852725,1.7842677835739782,-1.574529876308688,1789095111.3150957
-4.4496848459852725,1.7842677835739782,-1.574529876308688,1789095111.4152124
-4.4496848459852725,1.7842677835739784,-1.574529876308688,1789095111.5150392
-4.4496848459852725,1.7842677835739782,-1.574529876308688,1789095111.6150644
-4.4496848459852725,1.7842677835739782,-1.574529876308688,1789095111.7150364
-4.449684845985274,1.784267783573978,-1.574529876308688,1789095111.8152466
-4.4496848459852725,1.7842677835739782,-1.574529876308688,1789095111.915147
-4.4496848459852725,1.7842677835739782,-1.574529876308688,1789095112.0151374
-4.4496848459852725,1.7842677835739782,-1.574529876308688,1789095112.1154568
-4.4496848459852725,1.7842677835739782,-1.574529876308688,1789095112.2149434
-4.449684845985274,1.784267783573978,-1.574529876308688,1789095112.315045
-4.4496848459852725,1.7842677835739782,-1.574529876308688,1789095112.4149435
-4.4496848459852725,1.7842677835739782,-1.574529876308688,1789095112.5152352
-4.4496848459852725,1.7842677835739782,-1.574529876308688,1789095112.6150746
-4.4496848459852725,1.7842677835739784,-1.5748144062891583,1789095112.7150402
-4.4496848459852725,1.7842677835739782,-1.575106208580551,1789095112.8149407
-4.4496848459852725,1.7842677835739782,-1.570223210508086,1789095112.9150338
-4.4496848459852725,1.7842677835739784,-1.5508344555598206,1789095113.0150402
-4.4496848459852725,1.7842677835739782,-1.519207913388624,1789095113.115057
-4.4496848459852725,1.7842677835739782,-1.4820944778986729,1789095113.215233
-4.449684845985274,1.784267783573978,-1.4445656333652408,1789095113.3150766
-4.4496848459852725,1.7842677835739782,-1.4016944886914051,1789095113.4150589
-4.449684845985274,1.784267783573978,-1.3463714304512124,1789095113.5151598
-4.4496848459852725,1.7842677835739782,-1.2790458766875654,1789095113.615093
-4.4496848459852725,1.7842677835739784,-1.2084818464488674,1789095113.7151377
-4.4496848459852725,1.7842677835739782,-1.141201078192247,1789095113.8150182
-4.4496848459852725,1.7842677835739782,-1.0787521785993073,1789095113.915167
-4.4496848459852725,1.7842677835739782,-1.016927415020284,1789095114.015056
-4.4496848459852725,1.7842677835739782,-0.9523278824066419,1789095114.114954
-4.449684845985274,1.784267783573978,-0.8877913549623401,1789095114.2150035
-4.449684845985274,1.784267783573978,-0.826792038489408,1789095114.3150363
-4.4496848459852725,1.7842677835739782,-0.7688811724347833,1789095114.416721
-4.4496848459852725,1.7842677835739782,-0.7113312289462731,1789095114.5150633
-4.4496848459852725,1.7842677835739782,-0.6537589106086945,1789095114.6153927
-4.449684845985274,1.784267783573978,-0.59989946072601,1789095114.7150846
-4.4496848459852725,1.7842677835739782,-0.5509677168250869,1789095114.815187
-4.449684845985274,1.784267783573978,-0.5052849486113103,1789095114.9150996
-4.4496848459852725,1.7842677835739784,-0.46092855433661134,1789095115.0152388
-4.449721268039426,1.7842848873616042,-0.4390126588034513,1789095115.1150346
-4.449351639200854,1.7841110734184742,-0.4400910909613549,1789095115.2149825
-4.449318330486488,1.7840953872991698,-0.44015588716522647,1789095115.315182
-4.449318330486488,1.7840953872991694,-0.44015588716522647,1789095115.415074
-4.449303151138519,1.7840882384656522,-0.4401467620402699,1789095115.515084
-4.448227472950839,1.7835823408615776,-0.4391230092657572,1789095115.6149147
-4.442476876881839,1.7809022031980764,-0.4333051575916819,1789095115.715036
-4.429628211732961,1.7750580357521084,-0.42059064843518246,1789095115.8149736
-4.408912097016657,1.7660421031326492,-0.40067812707217776,1789095115.9152703
-4.381162354843671,1.7547018622888586,-0.3754620091255977,1789095116.015024
-4.350869317716631,1.7432134435938398,-0.3498805713239775,1789095116.1155636
-4.3202665819855355,1.7324496665871059,-0.3267889742015645,1789095116.2151153
-4.289015662997441,1.722238982459848,-0.3051720488785879,1789095116.3150558
-4.219732770377986,1.686280052698354,-0.17962645969477448,1789095116.4150252
-4.182525856365547,1.6799094121789397,-0.15984345394173888,1789095116.5151584
-4.143735962546186,1.6739863687828789,-0.14450677943946716,1789095116.6149552
-4.097666346417377,1.6610944674296584,-0.135004495256823,1789095116.7151651
-4.059053232450811,1.6560446991194464,-0.12578633418187146,1789095116.815002
-4.020042265876286,1.6512527467019862,-0.11892326350444966,1789095116.915103
-3.9909417679945336,1.6457192180725406,-0.12760237425994883,1789095117.0150201
-3.950546272882551,1.640630499238986,-0.12355587827917965,1789095117.1150963
-3.907750447330853,1.6353827315314202,-0.12053412128456296,1789095117.214991
-3.8648605350730616,1.6361032698298206,-0.12492802644201738,1789095117.315358
-3.816795142919167,1.6301150651353609,-0.1230453057475769,1789095117.4149723
-3.767255238861962,1.6240198900588196,-0.12181477547809602,1789095117.5151393
-3.7017768912301765,1.5974515015064987,-0.12476312775666283,1789095117.615148
-3.6527983478639863,1.5913091805430888,-0.12470197640189819,1789095117.7150981
-3.603997942712276,1.5852411509074702,-0.12247970696570623,1789095117.8151321
-3.5554803275536555,1.5793415500386652,-0.11949001113678996,1789095117.9150755
-3.507686528219083,1.585706087616547,-0.11395765783871105,1789095118.0149632
-3.460080592493364,1.580331296310294,-0.11090469488028709,1789095118.1151674
-3.4133361567565563,1.575160481928731,-0.10998470502120658,1789095118.2151346
-3.367282444102571,1.5700582031414192,-0.11099277936923366,1789095118.3153217
-3.325770574825552,1.5682160324420464,-0.11713294937768576,1789095118.4148877
-3.282846646909949,1.563077784372548,-0.12119802200035953,1789095118.515224
-3.2414292414037824,1.557929965254794,-0.12634333365056585,1789095118.615036
-3.201605678329571,1.5527537718736264,-0.13218337357116672,1789095118.7151144
-3.1633777710738906,1.5475648533515116,-0.13756422863843562,1789095118.814969
-3.137290011889605,1.538203107127046,-0.15432959885880265,1789095118.9151347
-3.1033472593645746,1.5328359239518548,-0.15927206510596434,1789095119.0150661
-3.07135744204996,1.5276396172272884,-0.16268352389911478,1789095119.1150832
-3.053315063810558,1.5327128196877093,-0.15920727209170388,1789095119.215072
-3.023177926262086,1.5279908224926935,-0.15029106820321259,1789095119.315173
-2.9930690057773885,1.5236372834887493,-0.13569029091709794,1789095119.414958
-2.963036786851948,1.5198514434299342,-0.11451021795969316,1789095119.5151095
-2.933130228193325,1.5167622957506977,-0.0908955464805336,1789095119.6149528
-2.9041596114207993,1.5144813014991731,-0.06582219145597114,1789095119.7150462
-2.87317449534361,1.5229221838441647,-0.005451633349045277,1789095119.8149455
-2.846246377359893,1.5231233540466438,0.02056893048353715,1789095119.9150739
-2.8202848656092256,1.5239919221043352,0.04636416765548101,1789095120.015056
-2.7962465933889544,1.5254051457703364,0.07157554842462027,1789095120.1152442
-2.78124331998945,1.5260587586749261,0.09314997389927716,1789095120.214984
-2.7622121787175695,1.5280516748635393,0.11561655729823406,1789095120.3154547
-2.744554908354216,1.5302957415067362,0.13730647348112884,1789095120.4149404
-2.727895546537397,1.532778260526409,0.15885104491325533,1789095120.5151615
-2.7158928261566286,1.5348023423234713,0.17549937779907554,1789095120.6150591
-2.71212658758283,1.5354792307334002,0.1852513291545706,1789095120.7152267
-2.71212658758283,1.5354792307334002,0.18936988799421586,1789095120.815107
-2.71212658758283,1.5354792307334002,0.190173752292323,1789095120.91501
-2.71212658758283,1.5354792307334002,0.190173752292323,1789095121.0148551
-2.71212658758283,1.5354792307334002,0.190173752292323,1789095121.1150882
-2.71212658758283,1.5354792307334002,0.19181510199931884,1789095121.2150724
-2.71212658758283,1.5354792307334002,0.20079952870383627,1789095121.3151712
-2.71212658758283,1.5354792307334002,0.22171946545746613,1789095121.41505
-2.71212658758283,1.5354792307334002,0.2464315561143926,1789095121.5150409
-2.71212658758283,1.5354792307334002,0.2703399881373412,1789095121.615062
-2.71212658758283,1.5354792307334002,0.29284091849346156,1789095121.7151167
-2.71212658758283,1.5354792307334002,0.3172167320549411,1789095121.8150823
-2.71212658758283,1.5354792307334002,0.34335303081617113,1789095121.9151545
-2.71212658758283,1.5354792307334002,0.36859730843866473,1789095122.0151262
-2.71212658758283,1.5354792307334002,0.39291751659998464,1789095122.1151006
-2.71212658758283,1.5354792307334002,0.41555714704167457,1789095122.2150192
-2.71212658758283,1.5354792307334002,0.437691576650374,1789095122.3150895
-2.7124255368647985,1.5353383251127481,0.44090668621114365,1789095122.4151628
-2.712254341338112,1.5354190605214417,0.44043400425429635,1789095122.514978
-2.7121710831309134,1.5354582946786937,0.4403002735739264,1789095122.6150067
-2.7122934659594335,1.5354006247722602,0.4404093733114065,1789095122.7151709
-2.7125990526901225,1.5352565977442345,0.4404449593490098,1789095122.814978
-2.7127473903366885,1.5351866826188503,0.4404449593490098,1789095122.9151874
-2.7127473903366885,1.5351866826188503,0.4404449593490098,1789095123.0149128
-2.7127473903366885,1.5351866826188503,0.4404449593490098,1789095123.1151836
-2.7127473903366885,1.5351866826188503,0.4404449593490098,1789095123.215108
-2.7127473903366885,1.5351866826188503,0.4404449593490098,1789095123.3150985
-2.7127473903366885,1.5351866826188503,0.4404449593490098,1789095123.4151134
-2.7127473903366885,1.5351866826188503,0.4404449593490098,1789095123.5151598
-2.7127473903366885,1.5351866826188503,0.4404449593490098,1789095123.615043
-2.7127473903366885,1.5351866826188503,0.4404449593490098,1789095123.7152038
-2.7127473903366885,1.5351866826188503,0.4404449593490098,1789095123.8151574
-2.7127473903366885,1.5351866826188503,0.4404449593490098,1789095123.9150298
-2.7127473903366885,1.5351866826188503,0.4404449593490098,1789095124.01502
-2.7127473903366885,1.5351866826188503,0.4404449593490098,1789095124.1153185
-2.7127473903366885,1.5351866826188503,0.4404449593490098,1789095124.2151275
-2.7127473903366885,1.5351866826188503,0.4404449593490098,1789095124.3154316
-2.7127473903366885,1.5351866826188503,0.4404449593490098,1789095124.4149687
-2.7127473903366885,1.5351866826188503,0.4404449593490098,1789095124.5151465
-2.7127473903366885,1.5351866826188503,0.4404449593490098,1789095124.6150694
-2.7127473903366885,1.5351866826188503,0.4404449593490098,1789095124.715072
-2.7127473903366885,1.5351866826188503,0.4404449593490098,1789095124.8151412
-2.7127473903366885,1.5351866826188503,0.4404449593490098,1789095124.9150214
-2.7127473903366885,1.5351866826188503,0.4404449593490098,1789095125.015094
-2.7127473903366885,1.5351866826188503,0.4404449593490098,1789095125.1151493
-2.7127473903366885,1.5351866826188503,0.4404449593490098,1789095125.21509
-2.7127473903366885,1.5351866826188503,0.4404449593490098,1789095125.3151102
-2.7127473903366885,1.5351866826188503,0.4404449593490098,1789095125.415239
-2.7127473903366885,1.5351866826188503,0.4404449593490098,1789095125.5151443
-2.7127473903366885,1.5351866826188503,0.4404449593490098,1789095125.615059
-2.7127473903366885,1.5351866826188503,0.4404449593490098,1789095125.7153182
-2.7127473903366885,1.5351866826188503,0.4404449593490098,1789095125.8152218
-2.7127473903366885,1.5351866826188503,0.4404449593490098,1789095125.9154522
-2.7127473903366885,1.5351866826188503,0.4404449593490098,1789095126.0150342
-2.7127473903366885,1.5351866826188503,0.4404449593490098,1789095126.1150653
-2.7127473903366885,1.5351866826188503,0.4404449593490098,1789095126.2149577
-2.7127473903366885,1.5351866826188503,0.4404449593490098,1789095126.315469
-2.7127473903366885,1.5351866826188503,0.4404449593490098,1789095126.4149606
-2.7127473903366885,1.5351866826188503,0.4404449593490098,1789095126.5153894
-2.7127473903366885,1.5351866826188503,0.4404449593490098,1789095126.615187
-2.7127473903366885,1.5351866826188503,0.4404449593490098,1789095126.7151823
-2.7127473903366885,1.5351866826188503,0.4404449593490098,1789095126.815069
-2.7127473903366885,1.5351866826188503,0.4404449593490098,1789095126.9151824
-2.7127473903366885,1.5351866826188503,0.4404449593490098,1789095127.0151324
-2.7127473903366885,1.5351866826188503,0.4404449593490098,1789095127.115013
-2.7127473903366885,1.5351866826188503,0.4404449593490098,1789095127.2150087
-2.7127473903366885,1.5351866826188503,0.4404449593490098,1789095127.3151424
-2.7127473903366885,1.5351866826188503,0.4404449593490098,1789095127.4149961
-2.7127473903366885,1.5351866826188503,0.4404449593490098,1789095127.5151823
-2.7127473903366885,1.5351866826188503,0.4404449593490098,1789095127.6149626
-2.7127473903366885,1.5351866826188503,0.4404449593490098,1789095127.7151961
-2.7127473903366885,1.5351866826188503,0.4404449593490098,1789095127.815167
-2.7127473903366885,1.5351866826188503,0.4404449593490098,1789095127.9153407
-2.7127473903366885,1.5351866826188503,0.4404449593490098,1789095128.015214
-2.7127473903366885,1.5351866826188503,0.4404449593490098,1789095128.115116
-2.7127473903366885,1.5351866826188503,0.4404449593490098,1789095128.2151918
-2.7127473903366885,1.5351866826188503,0.4404449593490098,1789095128.3151827
-2.7127473903366885,1.5351866826188503,0.4404449593490098,1789095128.4149995
-2.7127473903366885,1.5351866826188503,0.4404449593490098,1789095128.5151458
-2.7127473903366885,1.5351866826188503,0.4404449593490098,1789095128.6149936
-2.7127473903366885,1.5351866826188503,0.4404449593490098,1789095128.7151675
-2.7127473903366885,1.5351866826188503,0.4404449593490098,1789095128.8152382
-2.7127473903366885,1.5351866826188503,0.4404449593490098,1789095128.9154284
-2.7127473903366885,1.5351866826188503,0.4404449593490098,1789095129.0150557
-2.7127473903366885,1.5351866826188503,0.4404449593490098,1789095129.1151633
-2.7127473903366885,1.5351866826188503,0.4404449593490098,1789095129.2150843
-2.7127473903366885,1.5351866826188503,0.4404449593490098,1789095129.314989
-2.7127473903366885,1.5351866826188503,0.4404449593490098,1789095129.4148746
-2.7127473903366885,1.5351866826188503,0.4404449593490098,1789095129.5151837
-2.7127473903366885,1.5351866826188503,0.4404449593490098,1789095129.614919
-2.7127473903366885,1.5351866826188503,0.4404449593490098,1789095129.7149496
-2.7127473903366885,1.5351866826188503,0.4404449593490098,1789095129.815025
-2.7127473903366885,1.5351866826188503,0.4404449593490098,1789095129.915388
-2.7127473903366885,1.5351866826188503,0.4404449593490098,1789095130.015026
-2.7127473903366885,1.5351866826188503,0.4404449593490098,1789095130.1153748
-2.7127473903366885,1.5351866826188503,0.4404449593490098,1789095130.2149713
-2.7127473903366885,1.5351866826188503,0.4404449593490098,1789095130.3150222
-2.7127473903366885,1.5351866826188503,0.4404449593490098,1789095130.4150538
-2.7127473903366885,1.5351866826188503,0.4404449593490098,1789095130.5150082
-2.7127473903366885,1.5351866826188503,0.4404449593490098,1789095130.614895
-2.7127473903366885,1.5351866826188503,0.4404449593490098,1789095130.715245
-2.7127473903366885,1.5351866826188503,0.4404449593490098,1789095130.8150392
-2.7127473903366885,1.5351866826188503,0.4404449593490098,1789095130.9151525
-2.7127473903366885,1.5351866826188503,0.4404449593490098,1789095131.015071
-2.7127473903366885,1.5351866826188503,0.4404449593490098,1789095131.1151981
-2.7127473903366885,1.5351866826188503,0.4404449593490098,1789095131.2151105
-2.7127473903366885,1.5351866826188503,0.4404449593490098,1789095131.3150175
-2.7127473903366885,1.5351866826188503,0.4404449593490098,1789095131.4150152
-2.7127473903366885,1.5351866826188503,0.4404449593490098,1789095131.5152292
-2.7127473903366885,1.5351866826188503,0.4404449593490098,1789095131.614906
-2.7127473903366885,1.5351866826188503,0.4404449593490098,1789095131.715124
-2.7127473903366885,1.5351866826188503,0.4404449593490098,1789095131.8151457
-2.7127473903366885,1.5351866826188503,0.4404449593490098,1789095131.915088
-2.7127473903366885,1.5351866826188503,0.4404449593490098,1789095132.0151558
-2.7127473903366885,1.5351866826188503,0.4404449593490098,1789095132.1151664
-2.7127473903366885,1.5351866826188503,0.4404449593490098,1789095132.215235
-2.7127473903366885,1.5351866826188503,0.4404449593490098,1789095132.3152478
-2.7127473903366885,1.5351866826188503,0.4404449593490098,1789095132.4149642
-2.7127473903366885,1.5351866826188503,0.4404449593490098,1789095132.5149963
-2.7127473903366885,1.5351866826188503,0.4404449593490098,1789095132.6151593
-2.7127473903366885,1.5351866826188503,0.4404449593490098,1789095132.715033
-2.7127473903366885,1.5351866826188503,0.4404449593490098,1789095132.8152323
-2.7127473903366885,1.5351866826188503,0.4404449593490098,1789095132.9151144
-2.7127473903366885,1.5351866826188503,0.4404449593490098,1789095133.0150921
-2.7127473903366885,1.5351866826188503,0.4404449593490098,1789095133.1150658
-2.7127473903366885,1.5351866826188503,0.4404449593490098,1789095133.2150433
-2.7127473903366885,1.5351866826188503,0.4404449593490098,1789095133.3150551
-2.7127473903366885,1.5351866826188503,0.4404449593490098,1789095133.4150288
-2.7127473903366885,1.5351866826188503,0.4404449593490098,1789095133.5151813
-2.7127473903366885,1.5351866826188503,0.4404449593490098,1789095133.61512
-2.7127473903366885,1.5351866826188503,0.4404449593490098,1789095133.7151647
-2.7127473903366885,1.5351866826188503,0.4404449593490098,1789095133.8149736
-2.7127473903366885,1.5351866826188503,0.4404449593490098,1789095133.9151402
-2.7127473903366885,1.5351866826188503,0.4404449593490098,1789095134.0151093
-2.7127473903366885,1.5351866826188503,0.4404449593490098,1789095134.1151032
-2.7127473903366885,1.5351866826188503,0.4404449593490098,1789095134.215061
-2.7127473903366885,1.5351866826188503,0.4404449593490098,1789095134.3149428
-2.7127473903366885,1.5351866826188503,0.4404449593490098,1789095134.4150424
-2.7127473903366885,1.5351866826188503,0.4404449593490098,1789095134.515113
-2.7127473903366885,1.5351866826188503,0.4404449593490098,1789095134.614984
-2.7127473903366885,1.5351866826188503,0.4404449593490098,1789095134.7154255
-2.7127473903366885,1.5351866826188503,0.4404449593490098,1789095134.8150432
-2.7127473903366885,1.5351866826188503,0.4404449593490098,1789095134.9153264
-2.7127473903366885,1.5351866826188503,0.4404449593490098,1789095135.014957
-2.7127473903366885,1.5351866826188503,0.4404449593490098,1789095135.1151705
-2.7127473903366885,1.5351866826188503,0.4404449593490098,1789095135.215099
-2.7127473903366885,1.5351866826188503,0.4404449593490098,1789095135.3151357
-2.7127473903366885,1.5351866826188503,0.4404449593490098,1789095135.4150572
-2.7127473903366885,1.5351866826188503,0.4404449593490098,1789095135.5151532
-2.7127473903366885,1.5351866826188503,0.4404449593490098,1789095135.615096
-2.7127473903366885,1.5351866826188503,0.4404449593490098,1789095135.7151935
-2.7127473903366885,1.5351866826188503,0.4404449593490098,1789095135.8150299
-2.7127473903366885,1.5351866826188503,0.4404449593490098,1789095135.9151258
-2.7127473903366885,1.5351866826188503,0.4404449593490098,1789095136.01515
-2.7127473903366885,1.5351866826188503,0.4404449593490098,1789095136.1151664
-2.7127473903366885,1.5351866826188503,0.4404449593490098,1789095136.2151804
-2.7127473903366885,1.5351866826188503,0.4404449593490098,1789095136.3152556
-2.7127473903366885,1.5351866826188503,0.4404449593490098,1789095136.415023
-2.7127473903366885,1.5351866826188503,0.4404449593490098,1789095136.5151641
-2.7127473903366885,1.5351866826188503,0.4404449593490098,1789095136.6150868
-2.7127473903366885,1.5351866826188503,0.4404449593490098,1789095136.7151303
-2.7127473903366885,1.5351866826188503,0.4404449593490098,1789095136.814983
-2.7127473903366885,1.5351866826188503,0.4404449593490098,1789095136.915178
-2.7127473903366885,1.5351866826188503,0.4404449593490098,1789095137.0150702
-2.7127473903366885,1.5351866826188503,0.4404449593490098,1789095137.1152349
-2.7127473903366885,1.5351866826188503,0.4404449593490098,1789095137.2152312
-2.7127473903366885,1.5351866826188503,0.4404449593490098,1789095137.315385
-2.7127473903366885,1.5351866826188503,0.4404449593490098,1789095137.4151156
-2.7127473903366885,1.5351866826188503,0.4404449593490098,1789095137.5151548
-2.7127473903366885,1.5351866826188503,0.4404449593490098,1789095137.6151035
-2.7127473903366885,1.5351866826188503,0.4404449593490098,1789095137.7150474
-2.7127473903366885,1.5351866826188503,0.4404449593490098,1789095137.8151903
-2.7127473903366885,1.5351866826188503,0.4404449593490098,1789095137.9149916
-2.7127473903366885,1.5351866826188503,0.4404449593490098,1789095138.0149968
-2.7127473903366885,1.5351866826188503,0.4404449593490098,1789095138.1151507
-2.7127473903366885,1.5351866826188503,0.4404449593490098,1789095138.2152174
-2.7127473903366885,1.5351866826188503,0.4404449593490098,1789095138.3150957
-2.7127473903366885,1.5351866826188503,0.4404449593490098,1789095138.4150681
-2.7127473903366885,1.5351866826188503,0.4404449593490098,1789095138.51531
-2.7127473903366885,1.5351866826188503,0.4404449593490098,1789095138.6151004
-2.7127473903366885,1.5351866826188503,0.4404449593490098,1789095138.7152035
-2.7127473903366885,1.5351866826188503,0.4404449593490098,1789095138.8151853
-2.7127473903366885,1.5351866826188503,0.4404449593490098,1789095138.9151366
-2.7127473903366885,1.5351866826188503,0.4404449593490098,1789095139.0150855
-2.7127473903366885,1.5351866826188503,0.4404449593490098,1789095139.1150377
-2.7127473903366885,1.5351866826188503,0.4404449593490098,1789095139.215218
-2.7127473903366885,1.5351866826188503,0.4404449593490098,1789095139.3151617
-2.7127473903366885,1.5351866826188503,0.4404449593490098,1789095139.41512
-2.7127473903366885,1.5351866826188503,0.4404449593490098,1789095139.5150998
-2.7127473903366885,1.5351866826188503,0.4404449593490098,1789095139.6151206
-2.7127473903366885,1.5351866826188503,0.4404449593490098,1789095139.7152336
-2.7127473903366885,1.5351866826188503,0.4404449593490098,1789095139.814982
-2.7127473903366885,1.5351866826188503,0.4404449593490098,1789095139.915122
-2.7127473903366885,1.5351866826188503,0.4404449593490098,1789095140.0150235
-2.7127473903366885,1.5351866826188503,0.4404449593490098,1789095140.115054
-2.7127473903366885,1.5351866826188503,0.4404449593490098,1789095140.2149951
-2.7127473903366885,1.5351866826188503,0.4404449593490098,1789095140.315324
-2.7127473903366885,1.5351866826188503,0.4404449593490098,1789095140.4150882
-2.7127473903366885,1.5351866826188503,0.4404449593490098,1789095140.5151575
-2.7127473903366885,1.5351866826188503,0.4404449593490098,1789095140.6153064
-2.7127473903366885,1.5351866826188503,0.4404449593490098,1789095140.7153556
-2.7127473903366885,1.5351866826188503,0.4404449593490098,1789095140.8150904
-2.7127473903366885,1.5351866826188503,0.4404449593490098,1789095140.9151907
-2.7127473903366885,1.5351866826188503,0.4404449593490098,1789095141.0149844
-2.7127473903366885,1.5351866826188503,0.4404449593490098,1789095141.1151674
-2.7127473903366885,1.5351866826188503,0.4404449593490098,1789095141.2152767
-2.7127473903366885,1.5351866826188503,0.4404449593490098,1789095141.3150845
-2.7127473903366885,1.5351866826188503,0.4404449593490098,1789095141.4152327
-2.7127473903366885,1.5351866826188503,0.4404449593490098,1789095141.5151362
-2.7127473903366885,1.5351866826188503,0.4404449593490098,1789095141.6150365
-2.7127473903366885,1.5351866826188503,0.4404449593490098,1789095141.7152073
-2.7127473903366885,1.5351866826188503,0.4404449593490098,1789095141.8151278
-2.7127473903366885,1.5351866826188503,0.4404449593490098,1789095141.9150844
-2.7127473903366885,1.5351866826188503,0.4404449593490098,1789095142.01527
-2.7127473903366885,1.5351866826188503,0.4404449593490098,1789095142.1151023
-2.7127473903366885,1.5351866826188503,0.4404449593490098,1789095142.2150383
-2.7127473903366885,1.5351866826188503,0.4404449593490098,1789095142.3152318
-2.7127473903366885,1.5351866826188503,0.4404449593490098,1789095142.4150448
-2.7127473903366885,1.5351866826188503,0.4404449593490098,1789095142.5151138
-2.7127473903366885,1.5351866826188503,0.4404449593490098,1789095142.6149476
-2.7127473903366885,1.5351866826188503,0.4404449593490098,1789095142.7149851
-2.7127473903366885,1.5351866826188503,0.4404449593490098,1789095142.8149524
-2.7127473903366885,1.5351866826188503,0.4404449593490098,1789095142.9149737
-2.7127473903366885,1.5351866826188503,0.4404449593490098,1789095143.0150478
-2.7127473903366885,1.5351866826188503,0.4404449593490098,1789095143.115204
-2.7127473903366885,1.5351866826188503,0.4404449593490098,1789095143.215036
-2.7127473903366885,1.5351866826188503,0.4404449593490098,1789095143.3150163
-2.7127473903366885,1.5351866826188503,0.4404449593490098,1789095143.4150207
-2.7127473903366885,1.5351866826188503,0.4404449593490098,1789095143.5151267
-2.7127473903366885,1.5351866826188503,0.4404449593490098,1789095143.6150951
-2.7127473903366885,1.5351866826188503,0.4404449593490098,1789095143.7151484
-2.7127473903366885,1.5351866826188503,0.4404449593490098,1789095143.8149998
-2.7127473903366885,1.5351866826188503,0.4404449593490098,1789095143.915376
-2.7127473903366885,1.5351866826188503,0.4404449593490098,1789095144.0151334
-2.7127473903366885,1.5351866826188503,0.4404449593490098,1789095144.1152625
-2.7127473903366885,1.5351866826188503,0.4404449593490098,1789095144.2149973
-2.7127473903366885,1.5351866826188503,0.4404449593490098,1789095144.315274
-2.7127473903366885,1.5351866826188503,0.4404449593490098,1789095144.4149957
-2.7127473903366885,1.5351866826188503,0.4404449593490098,1789095144.5151298
-2.7127473903366885,1.5351866826188503,0.4404449593490098,1789095144.6151688
-2.7127473903366885,1.5351866826188503,0.4404449593490098,1789095144.7153678
-2.7127473903366885,1.5351866826188503,0.4404449593490098,1789095144.8150253
-2.7127473903366885,1.5351866826188503,0.4404449593490098,1789095144.9151592
-2.7127473903366885,1.5351866826188503,0.4404449593490098,1789095145.015125
-2.7127473903366885,1.5351866826188503,0.4404449593490098,1789095145.1152256
-2.7127473903366885,1.5351866826188503,0.4404449593490098,1789095145.2151692
-2.7127473903366885,1.5351866826188503,0.4404449593490098,1789095145.3152523
-2.7127473903366885,1.5351866826188503,0.4404449593490098,1789095145.4151332
-2.7127473903366885,1.5351866826188503,0.4404449593490098,1789095145.5154757
-2.7127473903366885,1.5351866826188503,0.4404449593490098,1789095145.6152003
-2.7127473903366885,1.5351866826188503,0.4404449593490098,1789095145.7151322
-2.7127473903366885,1.5351866826188503,0.4404449593490098,1789095145.8151112
-2.7127473903366885,1.5351866826188503,0.4404449593490098,1789095145.9153142
-2.7127473903366885,1.5351866826188503,0.4404449593490098,1789095146.0151784
-2.7127473903366885,1.5351866826188503,0.4404449593490098,1789095146.115012
-2.7127473903366885,1.5351866826188503,0.4404449593490098,1789095146.2150674
-2.7127473903366885,1.5351866826188503,0.4404449593490098,1789095146.3153205
-2.7127473903366885,1.5351866826188503,0.4404449593490098,1789095146.4151688
-2.7127473903366885,1.5351866826188503,0.4404449593490098,1789095146.5152087
-2.7127473903366885,1.5351866826188503,0.4404449593490098,1789095146.6152678
-2.7127473903366885,1.5351866826188503,0.4404449593490098,1789095146.7152412
-2.7127473903366885,1.5351866826188503,0.4404449593490098,1789095146.8151798
-2.7127473903366885,1.5351866826188503,0.4404449593490098,1789095146.915242
-2.7127473903366885,1.5351866826188503,0.4404449593490098,1789095147.0151868
-2.7127473903366885,1.5351866826188503,0.4404449593490098,1789095147.1151674
-2.7127473903366885,1.5351866826188503,0.4404449593490098,1789095147.215188
-2.7127473903366885,1.5351866826188503,0.4404449593490098,1789095147.3152769
-2.7127473903366885,1.5351866826188503,0.4404449593490098,1789095147.4152145
-2.7127473903366885,1.5351866826188503,0.4404449593490098,1789095147.5151849
-2.7127473903366885,1.5351866826188503,0.4404449593490098,1789095147.6150784
-2.7127473903366885,1.5351866826188503,0.4404449593490098,1789095147.7151701
-2.7127473903366885,1.5351866826188503,0.4404449593490098,1789095147.8150544
-2.7127473903366885,1.5351866826188503,0.4404449593490098,1789095147.9151506
-2.7127473903366885,1.5351866826188503,0.4404449593490098,1789095148.0151389
-2.7127473903366885,1.5351866826188503,0.4404449593490098,1789095148.1150935
-2.7127473903366885,1.5351866826188503,0.4404449593490098,1789095148.214993
-2.7127473903366885,1.5351866826188503,0.4404449593490098,1789095148.315077
-2.7127473903366885,1.5351866826188503,0.4404449593490098,1789095148.415293
-2.7127473903366885,1.5351866826188503,0.4404449593490098,1789095148.5151634
-2.7127473903366885,1.5351866826188503,0.4404449593490098,1789095148.61512
-2.7127473903366885,1.5351866826188503,0.4404449593490098,1789095148.7152638
-2.7127473903366885,1.5351866826188503,0.4404449593490098,1789095148.8150718
-2.7127473903366885,1.5351866826188503,0.4404449593490098,1789095148.9151464
-2.7127473903366885,1.5351866826188503,0.4404449593490098,1789095149.0150182
-2.7127473903366885,1.5351866826188503,0.4404449593490098,1789095149.1152341
-2.7127473903366885,1.5351866826188503,0.4404449593490098,1789095149.2151048
-2.7127473903366885,1.5351866826188503,0.4404449593490098,1789095149.315163
-2.7127473903366885,1.5351866826188503,0.4404449593490098,1789095149.4149778
-2.7127473903366885,1.5351866826188503,0.4404449593490098,1789095149.515156
-2.7127473903366885,1.5351866826188503,0.4404449593490098,1789095149.615098
-2.7127473903366885,1.5351866826188503,0.4404449593490098,1789095149.7152576
-2.7127473903366885,1.5351866826188503,0.4404449593490098,1789095149.8151011
-2.7127473903366885,1.5351866826188503,0.4404449593490098,1789095149.915128
-2.7127473903366885,1.5351866826188503,0.4404449593490098,1789095150.0150697
-2.7127473903366885,1.5351866826188503,0.4404449593490098,1789095150.1150327
-2.7127473903366885,1.5351866826188503,0.4404449593490098,1789095150.2150385
-2.7127473903366885,1.5351866826188503,0.4404449593490098,1789095150.3152373
-2.7127473903366885,1.5351866826188503,0.4404449593490098,1789095150.4150226
-2.7127473903366885,1.5351866826188503,0.4404449593490098,1789095150.5151358
-2.7127473903366885,1.5351866826188503,0.4404449593490098,1789095150.6151085
-2.7127473903366885,1.5351866826188503,0.4404449593490098,1789095150.7153943
-2.7127473903366885,1.5351866826188503,0.4404449593490098,1789095150.8150485
-2.7127473903366885,1.5351866826188503,0.4404449593490098,1789095150.9153204
-2.7127473903366885,1.5351866826188503,0.4404449593490098,1789095151.0151455
-2.7127473903366885,1.5351866826188503,0.4404449593490098,1789095151.115181
-2.7127473903366885,1.5351866826188503,0.4404449593490098,1789095151.2152562
-2.7127473903366885,1.5351866826188503,0.4404449593490098,1789095151.3151603
-2.7127473903366885,1.5351866826188503,0.4404449593490098,1789095151.4150083
-2.7127473903366885,1.5351866826188503,0.4404449593490098,1789095151.5152967
-2.7127473903366885,1.5351866826188503,0.4404449593490098,1789095151.6150541
-2.7127473903366885,1.5351866826188503,0.4404449593490098,1789095151.7151873
-2.7127473903366885,1.5351866826188503,0.4404449593490098,1789095151.8150592
-2.7127473903366885,1.5351866826188503,0.4404449593490098,1789095151.9151793
-2.7127473903366885,1.5351866826188503,0.4404449593490098,1789095152.0151908
-2.7127473903366885,1.5351866826188503,0.4404449593490098,1789095152.1151555
-2.7127473903366885,1.5351866826188503,0.4404449593490098,1789095152.214952
-2.7127473903366885,1.5351866826188503,0.4404449593490098,1789095152.315271
-2.7127473903366885,1.5351866826188503,0.4404449593490098,1789095152.4150846
-2.7127473903366885,1.5351866826188503,0.4404449593490098,1789095152.5151486
-2.7127473903366885,1.5351866826188503,0.4404449593490098,1789095152.615051
-2.7127473903366885,1.5351866826188503,0.4404449593490098,1789095152.7150347
-2.7127473903366885,1.5351866826188503,0.4404449593490098,1789095152.8150432
-2.7127473903366885,1.5351866826188503,0.4404449593490098,1789095152.915055
-2.7127473903366885,1.5351866826188503,0.4404449593490098,1789095153.0150168
-2.7127473903366885,1.5351866826188503,0.4404449593490098,1789095153.1149993
-2.7127473903366885,1.5351866826188503,0.4404449593490098,1789095153.2150028
-2.7127473903366885,1.5351866826188503,0.4404449593490098,1789095153.31517
-2.7127473903366885,1.5351866826188503,0.4404449593490098,1789095153.415136
-2.7127473903366885,1.5351866826188503,0.4404449593490098,1789095153.5152063
-2.7127473903366885,1.5351866826188503,0.4404449593490098,1789095153.6152465
-2.7127473903366885,1.5351866826188503,0.4404449593490098,1789095153.7150338
-2.7127473903366885,1.5351866826188503,0.4404449593490098,1789095153.8150704
-2.7127473903366885,1.5351866826188503,0.4404449593490098,1789095153.9151464
-2.7127473903366885,1.5351866826188503,0.4404449593490098,1789095154.014948
-2.7127473903366885,1.5351866826188503,0.4404449593490098,1789095154.1152155
-2.7127473903366885,1.5351866826188503,0.4404449593490098,1789095154.2150335
-2.7127473903366885,1.5351866826188503,0.4404449593490098,1789095154.3151896
-2.7127473903366885,1.5351866826188503,0.4404449593490098,1789095154.4149704
-2.7127473903366885,1.5351866826188503,0.4404449593490098,1789095154.5151503
-2.7127473903366885,1.5351866826188503,0.4404449593490098,1789095154.6152165
-2.7127473903366885,1.5351866826188503,0.4404449593490098,1789095154.7150393
-2.7127473903366885,1.5351866826188503,0.4404449593490098,1789095154.815034
-2.7127473903366885,1.5351866826188503,0.4404449593490098,1789095154.915116
-2.7127473903366885,1.5351866826188503,0.4404449593490098,1789095155.0151126
-2.7127473903366885,1.5351866826188503,0.4404449593490098,1789095155.1152306
-2.7127473903366885,1.5351866826188503,0.4404449593490098,1789095155.2152772
-2.7127473903366885,1.5351866826188503,0.4404449593490098,1789095155.315114
-2.7127473903366885,1.5351866826188503,0.4404449593490098,1789095155.414972
-2.7127473903366885,1.5351866826188503,0.4404449593490098,1789095155.515362
-2.7127473903366885,1.5351866826188503,0.4404449593490098,1789095155.6151323
-2.7127473903366885,1.5351866826188503,0.4404449593490098,1789095155.7151465
-2.7127473903366885,1.5351866826188503,0.4404449593490098,1789095155.8151326
-2.7127473903366885,1.5351866826188503,0.4404449593490098,1789095155.9152148
-2.7127473903366885,1.5351866826188503,0.4404449593490098,1789095156.0151896
-2.7127473903366885,1.5351866826188503,0.4404449593490098,1789095156.1153069
-2.7127473903366885,1.5351866826188503,0.4404449593490098,1789095156.2151473
-2.7127473903366885,1.5351866826188503,0.4404449593490098,1789095156.3151355
-2.7127473903366885,1.5351866826188503,0.4404449593490098,1789095156.4150352
-2.7127473903366885,1.5351866826188503,0.4404449593490098,1789095156.5153468
-2.7127473903366885,1.5351866826188503,0.4404449593490098,1789095156.6149497
-2.7127473903366885,1.5351866826188503,0.4404449593490098,1789095156.715096
-2.7127473903366885,1.5351866826188503,0.4404449593490098,1789095156.8151145
-2.7127473903366885,1.5351866826188503,0.4404449593490098,1789095156.9152443
-2.7127473903366885,1.5351866826188503,0.4404449593490098,1789095157.0151315
-2.7127473903366885,1.5351866826188503,0.4404449593490098,1789095157.1149232
-2.7127473903366885,1.5351866826188503,0.4404449593490098,1789095157.2150304
-2.7127473903366885,1.5351866826188503,0.4404449593490098,1789095157.31504
-2.7127473903366885,1.5351866826188503,0.4404449593490098,1789095157.4152439
-2.7127473903366885,1.5351866826188503,0.4404449593490098,1789095157.5150547
-2.7127473903366885,1.5351866826188503,0.4404449593490098,1789095157.6152632
-2.7127473903366885,1.5351866826188503,0.4404449593490098,1789095157.7150645
-2.7127473903366885,1.5351866826188503,0.4404449593490098,1789095157.8150508
-2.7127473903366885,1.5351866826188503,0.4404449593490098,1789095157.9153018
-2.7127473903366885,1.5351866826188503,0.4404449593490098,1789095158.015137
-2.7127473903366885,1.5351866826188503,0.4404449593490098,1789095158.115218
-2.7127473903366885,1.5351866826188503,0.4404449593490098,1789095158.215037
-2.7127473903366885,1.5351866826188503,0.4404449593490098,1789095158.3152268
-2.7127473903366885,1.5351866826188503,0.4404449593490098,1789095158.4151423
-2.7127473903366885,1.5351866826188503,0.4404449593490098,1789095158.515083
-2.7127473903366885,1.5351866826188503,0.4404449593490098,1789095158.6151204
-2.7127473903366885,1.5351866826188503,0.4404449593490098,1789095158.7151797
-2.7127473903366885,1.5351866826188503,0.4404449593490098,1789095158.8150856
-2.7127473903366885,1.5351866826188503,0.4404449593490098,1789095158.915079
-2.7127473903366885,1.5351866826188503,0.4404449593490098,1789095159.0151112
-2.7127473903366885,1.5351866826188503,0.4404449593490098,1789095159.1152756
-2.7127473903366885,1.5351866826188503,0.4404449593490098,1789095159.2153144
-2.7127473903366885,1.5351866826188503,0.4404449593490098,1789095159.3151557
-2.7127473903366885,1.5351866826188503,0.4404449593490098,1789095159.4151335
-2.7127473903366885,1.5351866826188503,0.4404449593490098,1789095159.5150263
-2.7127473903366885,1.5351866826188503,0.4404449593490098,1789095159.615139
-2.7127473903366885,1.5351866826188503,0.4404449593490098,1789095159.7150557
-2.7127473903366885,1.5351866826188503,0.4404449593490098,1789095159.8149853
-2.7127473903366885,1.5351866826188503,0.4404449593490098,1789095159.915307
-2.7127473903366885,1.5351866826188503,0.4404449593490098,1789095160.0150392
-2.7127473903366885,1.5351866826188503,0.4404449593490098,1789095160.1151967
-2.7127473903366885,1.5351866826188503,0.4404449593490098,1789095160.2151532
-2.7127473903366885,1.5351866826188503,0.4404449593490098,1789095160.315401
-2.7127473903366885,1.5351866826188503,0.4404449593490098,1789095160.4150422
-2.7127473903366885,1.5351866826188503,0.4404449593490098,1789095160.5152028
-2.7127473903366885,1.5351866826188503,0.4404449593490098,1789095160.6151187
-2.7127473903366885,1.5351866826188503,0.4404449593490098,1789095160.7151651
-2.7127473903366885,1.5351866826188503,0.4404449593490098,1789095160.8150089
-2.7127473903366885,1.5351866826188503,0.4404449593490098,1789095160.9151173
-2.7127473903366885,1.5351866826188503,0.4404449593490098,1789095161.015041
-2.7127473903366885,1.5351866826188503,0.4404449593490098,1789095161.1150348
-2.7127473903366885,1.5351866826188503,0.4404449593490098,1789095161.21511
-2.7127473903366885,1.5351866826188503,0.4404449593490098,1789095161.3151565
-2.7127473903366885,1.5351866826188503,0.4404449593490098,1789095161.4150345
-2.7127473903366885,1.5351866826188503,0.4404449593490098,1789095161.5150626
-2.7127473903366885,1.5351866826188503,0.4404449593490098,1789095161.615109
-2.7127473903366885,1.5351866826188503,0.4404449593490098,1789095161.7150826
-2.7127473903366885,1.5351866826188503,0.4404449593490098,1789095161.8151393
-2.7127473903366885,1.5351866826188503,0.4404449593490098,1789095161.9150512
-2.7127473903366885,1.5351866826188503,0.4404449593490098,1789095162.0150566
-2.7127473903366885,1.5351866826188503,0.44068548613910064,1789095162.115179
-2.7127473903366885,1.5351866826188503,0.44068548613910064,1789095162.2151127
-2.7127473903366885,1.5351866826188503,0.44068548613910064,1789095162.3149915
-2.7127473903366885,1.5351866826188503,0.44068548613910064,1789095162.4151683
-2.7127473903366885,1.5351866826188503,0.4435123397969566,1789095162.5151126
-2.7127473903366885,1.5351866826188503,0.46057325548828015,1789095162.6150517
-2.7127473903366885,1.5351866826188503,0.49315484849115265,1789095162.7151625
-2.7127473903366885,1.5351866826188503,0.5339024464413996,1789095162.8150265
-2.7127473903366885,1.5351866826188503,0.5769401006203767,1789095162.9150343
-2.7127473903366885,1.5351866826188503,0.6206385278889475,1789095163.0151985
-2.7127473903366885,1.5351866826188503,0.6673449677321983,1789095163.1150486
-2.7127473903366885,1.5351866826188503,0.7195448411685392,1789095163.2150574
-2.7127473903366885,1.5351866826188503,0.7753917246886618,1789095163.3153691
-2.7127473903366885,1.5351866826188503,0.8326276939869778,1789095163.4152305
-2.7127473903366885,1.5351866826188503,0.8917837263498706,1789095163.5153134
-2.7127473903366885,1.5351866826188503,0.9566460617530417,1789095163.614951
-2.7127473903366885,1.5351866826188503,1.0253158841049814,1789095163.7151716
-2.7127473903366885,1.5351866826188503,1.0939264580230683,1789095163.8151
-2.7127473903366885,1.5351866826188503,1.1662218774906203,1789095163.9151075
-2.7127473903366885,1.5351866826188503,1.2397785246003505,1789095164.015134
-2.7127473903366885,1.5351866826188503,1.3126891117336683,1789095164.1152394
-2.7127473903366885,1.5351866826188503,1.3840811498273478,1789095164.2151272
-2.7127473903366885,1.5351866826188503,1.454341612076769,1789095164.3152928
-2.7127473903366885,1.5351866826188503,1.5237301790860847,1789095164.4150376
-2.7127473903366885,1.5351866826188503,1.5927879840940586,1789095164.5150883
-2.7127473903366885,1.5351866826188503,1.662129222908689,1789095164.615007
-2.7127473903366885,1.5351866826188503,1.7279697330118313,1789095164.7152922
-2.7127473903366885,1.5351866826188503,1.7672893715318525,1789095164.8149436
-2.7127830774675887,1.5353661960230363,1.766788276942609,1789095164.9154625
-2.7127898069759997,1.5354000956849272,1.7667191517482952,1789095165.0149422
-2.7128261802022644,1.535583517157327,1.7664286052020415,1789095165.1150095
-2.7128376116565276,1.535641209003074,1.7663918736789317,1789095165.2150476
-2.7129823224675658,1.536370807303728,1.7668091736705778,1789095165.315052
-2.7138901697092175,1.5409024897505028,1.770081142571176,1789095165.414902
-2.7162226818162933,1.5522281453311317,1.7775914281300358,1789095165.5150254
-2.7205767370022214,1.5723328271846078,1.790376361984119,1789095165.6150627
-2.727137430824407,1.600602723338931,1.8071069895823577,1789095165.715212
-2.735475380154525,1.633846912149103,1.8256620749152486,1789095165.814995
-2.745566482428308,1.6711076132822518,1.844485838926786,1789095165.915142
-2.7578459360650536,1.7132848192461658,1.8634737852550352,1789095166.0150855
-2.844960127871623,1.7901319925970105,1.9805555808094695,1789095166.1150093
-2.8671091370081685,1.8397962092809976,1.9997798205389101,1789095166.2149937
-2.8906411669042367,1.890265919150666,2.011289607172259,1789095166.3150227
-2.9200047527270563,1.9581797520704936,2.0082226858778647,1789095166.4149244
-2.9410986705611872,2.0039009469070956,1.9971440654764259,1789095166.515036
-2.951015786385149,2.043203208960556,1.9577757586827944,1789095166.6150277
-2.969152849168851,2.0887651556135256,1.941134327600868,1789095166.7151783
-2.977975497593349,2.128833652128787,1.9121717629882178,1789095166.8150947
-2.9934135655817973,2.173368230071603,1.896821696592902,1789095166.9151165
-3.007414353567714,2.2157145728088268,1.8836582961776898,1789095167.0151062
-3.020215809293689,2.256093470289937,1.872021223784815,1789095167.115157
-3.048355867954302,2.290924945930195,1.8614902332246959,1789095167.214936
-3.059125245382427,2.3276125869793014,1.8510399864292761,1789095167.3150227
-3.0690347260678745,2.3628332150314026,1.8388388116538494,1789095167.4149907
-3.0717539097801367,2.3797567489799443,1.8267119246924977,1789095167.515425
-3.0799261084505716,2.4120794028020613,1.8088812676870465,1789095167.615037
-3.08747668259101,2.4448504027611104,1.784471743625265,1789095167.7151124
-3.0899181797555695,2.4685171780244226,1.7437806381668688,1789095167.8149629
-3.095396689615174,2.5032222761190788,1.710683679881063,1789095167.9152384
-3.0997314693630837,2.538370610128265,1.6761675688660045,1789095168.0149047
-3.104342051706184,2.5672893431316917,1.6199174897054498,1789095168.1152663
-3.1054244078455424,2.601484185542863,1.5848441955397248,1789095168.2149777
-3.105315686699874,2.634614659112707,1.5500541570205866,1789095168.3150983
-3.1075936491630953,2.6663902275763585,1.5135744008939467,1789095168.41495
-3.105437907998529,2.6954963383969126,1.4798822001988157,1789095168.515141
-3.102634198682792,2.7216178872747427,1.4475713957420484,1789095168.6150746
-3.1116451596521726,2.7407289658749656,1.4232641855717285,1789095168.7150948
-3.108919636002062,2.7577051677587368,1.3997217366391512,1789095168.814929
-3.1075089051961466,2.765624292374361,1.3886246708192704,1789095168.9150996
-3.1075089051961466,2.765624292374361,1.3832510516333838,1789095169.0151465
-3.1128500805773114,2.756703568953153,1.4008775190542344,1789095169.1150348
-3.1128500805773114,2.756703568953153,1.4022580381645835,1789095169.2149584
-3.1128500805773114,2.756703568953153,1.4026803008456301,1789095169.3150911
-3.1128500805773114,2.756703568953153,1.4036377929058919,1789095169.41488
-3.1128500805773114,2.756703568953153,1.4010073794490312,1789095169.5152876
-3.1128500805773114,2.756703568953153,1.383164293531998,1789095169.6150727
-3.1128500805773114,2.756703568953153,1.3507833329266257,1789095169.7150896
-3.1128500805773114,2.756703568953153,1.3134976231590185,1789095169.8150716
-3.1128500805773114,2.756703568953153,1.2765488576909172,1789095169.9152012
-3.1128500805773114,2.756703568953153,1.2388394267939058,1789095170.0150175
-3.1128500805773114,2.756703568953153,1.1989906523088212,1789095170.1153433
-3.1128500805773114,2.756703568953153,1.1561645905111948,1789095170.214984
-3.1128500805773114,2.756703568953153,1.1132347154402091,1789095170.3151622
-3.1128500805773114,2.756703568953153,1.0706501613235304,1789095170.4150026
-3.1128500805773114,2.756703568953153,1.0289280017511457,1789095170.5150955
-3.1128500805773114,2.756703568953153,0.9887730365687359,1789095170.6151588
-3.1128500805773114,2.756703568953153,0.9495857282407129,1789095170.71513
-3.1128500805773114,2.756703568953153,0.9106327853938975,1789095170.8150463
-3.1128500805773114,2.756703568953153,0.8729074484826104,1789095170.9152708
-3.1128500805773114,2.756703568953153,0.8375690690818198,1789095171.0150552
-3.1128500805773114,2.756703568953153,0.8062110145497378,1789095171.1151898
-3.1128500805773114,2.756703568953153,0.7763967010068538,1789095171.215119
-3.1128500805773114,2.756703568953153,0.7482254435568397,1789095171.315047
-3.112814174420367,2.7567367180801767,0.7454368178526468,1789095171.4151375
-3.112812788225773,2.756737998448713,0.7454516002749018,1789095171.5150142
-3.1127582877997884,2.756788303369307,0.7453326103677191,1789095171.6150556
-3.112756369714081,2.7567900739920344,0.7453139641539542,1789095171.715137
-3.1128899511534622,2.756666789984944,0.7453372213000212,1789095171.81511
-3.1128899511534622,2.756666789984944,0.7453372213000212,1789095171.9152343
-3.1128899511534622,2.756666789984944,0.7453372213000212,1789095172.0151024
-3.112889951153463,2.756666789984944,0.7453372213000212,1789095172.1151228
-3.112889951153463,2.756666789984944,0.7453372213000212,1789095172.2150724
-3.1128899511534622,2.756666789984944,0.7453372213000212,1789095172.3151467
-3.1128899511534622,2.756666789984944,0.7453372213000212,1789095172.4149642
-3.1128899511534622,2.756666789984944,0.7453372213000212,1789095172.5154068
-3.1128899511534622,2.756666789984944,0.7453372213000212,1789095172.6152174
-3.1128899511534613,2.756666789984945,0.7453372213000212,1789095172.71533
-3.1128899511534613,2.756666789984945,0.7453372213000212,1789095172.8150966
-3.1128899511534622,2.756666789984944,0.7453372213000212,1789095172.915244
-3.1128899511534622,2.756666789984944,0.7453372213000212,1789095173.0149686
-3.1128899511534613,2.756666789984945,0.7453372213000212,1789095173.1151595
-3.1128899511534622,2.756666789984944,0.7453372213000212,1789095173.2151232
-3.1128899511534622,2.756666789984944,0.7453372213000212,1789095173.315103
-3.1128899511534622,2.756666789984944,0.7453372213000212,1789095173.415189
-3.1128899511534622,2.756666789984944,0.7453372213000212,1789095173.515123
-3.1128899511534613,2.756666789984945,0.7453372213000212,1789095173.615065
-3.1128899511534622,2.756666789984944,0.7453372213000212,1789095173.7150862
-3.1128899511534622,2.756666789984944,0.7453372213000212,1789095173.8149452
-3.1128899511534622,2.756666789984944,0.7453372213000212,1789095173.9151387
-3.112889951153463,2.756666789984944,0.7453372213000212,1789095174.015086
-3.1128899511534622,2.756666789984944,0.7453372213000212,1789095174.1152325
-3.1128899511534622,2.756666789984944,0.7453372213000212,1789095174.2153647
-3.1128899511534622,2.756666789984944,0.7453372213000212,1789095174.3153005
-3.1128899511534622,2.756666789984944,0.7453372213000212,1789095174.4151468
-3.1128899511534613,2.756666789984945,0.7453372213000212,1789095174.515175
-3.1128899511534622,2.756666789984944,0.7453372213000212,1789095174.615144
-3.1128899511534622,2.756666789984944,0.7453372213000212,1789095174.715104
-3.112889951153463,2.756666789984944,0.7453372213000212,1789095174.8150797
-3.1128899511534622,2.756666789984944,0.7453372213000212,1789095174.9151168
-3.1128899511534622,2.756666789984944,0.7453372213000212,1789095175.0151122
-3.1128899511534622,2.756666789984944,0.7453372213000212,1789095175.1153812
-3.1128899511534622,2.756666789984944,0.7453372213000212,1789095175.2150223
-3.1128899511534622,2.756666789984944,0.7453372213000212,1789095175.3151424
-3.112889951153463,2.756666789984944,0.7453372213000212,1789095175.4150875
-3.1128899511534622,2.756666789984944,0.7453372213000212,1789095175.514993
-3.1128899511534613,2.756666789984945,0.7453372213000212,1789095175.614925
-3.1128899511534622,2.756666789984944,0.7453372213000212,1789095175.715325
-3.1128899511534622,2.756666789984944,0.7453372213000212,1789095175.8150492
-3.1128899511534622,2.756666789984944,0.7453372213000212,1789095175.9150286
-3.1128899511534622,2.756666789984944,0.7453372213000212,1789095176.0150492
-3.1128899511534622,2.756666789984944,0.7453372213000212,1789095176.1150324
-3.1128899511534613,2.756666789984945,0.7453372213000212,1789095176.215084
-3.1128899511534613,2.756666789984945,0.7453372213000212,1789095176.3152692
-3.1128899511534622,2.756666789984944,0.7453372213000212,1789095176.4151258
-3.1128899511534622,2.756666789984944,0.7453372213000212,1789095176.515509
-3.1128899511534622,2.756666789984944,0.7453372213000212,1789095176.6150985
-3.1128899511534622,2.756666789984944,0.7453372213000212,1789095176.7151952
-3.1128899511534622,2.756666789984944,0.7453372213000212,1789095176.81509
-3.1128899511534622,2.756666789984944,0.7453372213000212,1789095176.9151816
-3.1128899511534622,2.756666789984944,0.7453372213000212,1789095177.0150907
-3.112889951153463,2.756666789984944,0.7453372213000212,1789095177.1153734
-3.1128899511534622,2.756666789984944,0.7453372213000212,1789095177.2150502
-3.1128899511534622,2.756666789984944,0.7453372213000212,1789095177.3150072
-3.1128899511534613,2.756666789984945,0.7453372213000212,1789095177.4151363
-3.1128899511534622,2.756666789984944,0.7453372213000212,1789095177.5150871
-3.1128899511534622,2.756666789984944,0.7453372213000212,1789095177.6149497
-3.1128899511534622,2.756666789984944,0.7453372213000212,1789095177.7152333
-3.1128899511534622,2.756666789984944,0.7453372213000212,1789095177.815047
-3.112889951153463,2.756666789984944,0.7453372213000212,1789095177.9150832
-3.1128899511534622,2.756666789984944,0.7453372213000212,1789095178.0150366
-3.1128899511534622,2.756666789984944,0.7453372213000212,1789095178.1150563
-3.1128899511534622,2.756666789984944,0.7453372213000212,1789095178.2149456
-3.1128899511534622,2.756666789984944,0.7453372213000212,1789095178.315055
-3.112889951153463,2.756666789984944,0.7453372213000212,1789095178.4148908
-3.1128899511534622,2.756666789984944,0.7453372213000212,1789095178.5151896
-3.114002124874489,2.7556403375065694,0.7453372213000212,1789095178.6150658
-3.1196790330367317,2.750400979353758,0.7453372213000212,1789095178.7151556
-3.1294420749487313,2.741390427874686,0.7453372213000212,1789095178.8151078
-3.143719037543335,2.7282088481770574,0.7460471210741395,1789095178.9151223
-3.160861805570216,2.712334380827393,0.7478824215118038,1789095179.0151074
-3.1795686809013293,2.694970050521082,0.7482586781755243,1789095179.114976
-3.199090369365639,2.676848231048634,0.7480190401518808,1789095179.2151093
-3.22014224584381,2.6574382681740687,0.739987251017532,1789095179.315529
-3.2430273107788445,2.6368066599808615,0.7273438563526314,1789095179.4150407
-3.3101667866955147,2.5765387053281366,0.6850318909719645,1789095179.5152006
-3.339985302462247,2.552596921848441,0.6677780647795902,1789095179.6151528
-3.3731063706561573,2.527042518122381,0.6460872659179147,1789095179.715288
-3.410271504996924,2.4997574022244016,0.6203579570210378,1789095179.815009
-3.4492280664473087,2.4727045135149064,0.5936095500605726,1789095179.9151936
-3.488990005252944,2.446642017005985,0.566797046957772,1789095180.0149033
-3.5569316876631762,2.404770139880218,0.5149868927136682,1789095180.1151898
-3.588317855649619,2.387391919978163,0.49718526457273005,1789095180.215058
-3.6272257373696317,2.3665722335666084,0.4884724961867876,1789095180.3149683
-3.6660704428072433,2.345930804824039,0.4884340555945257,1789095180.4151597
-3.696698167105137,2.3296558948081425,0.4884340555945257,1789095180.5151784
-3.72005028588128,2.310463570481224,0.5268240555945259,1789095180.6151447
-3.7513391703953136,2.2922641192092392,0.5268240555945259,1789095180.7151113
-3.7805975199308,2.275245746233008,0.5268240555945259,1789095180.814939
-3.8207768783804994,2.2447583781008698,0.5279873884030623,1789095180.915095
-3.8547725391119263,2.224931542576668,0.5279873884030623,1789095181.0150013
-3.89073817679611,2.203955783684366,0.5279873884030623,1789095181.11507
-3.9367817315221223,2.18826216405635,0.5291507212115981,1789095181.2150471
-3.9709194774257015,2.168299204138938,0.5291507212115981,1789095181.3151848
-4.004090398863951,2.1489016206849465,0.5291507212115981,1789095181.414994
-4.012128160816552,2.1265243827317324,0.5256607212115981,1789095181.5149276
-4.012128160816552,2.1265243827317324,0.5256607212115981,1789095181.6149952
-4.079513241000589,2.087434108316935,0.5256607212115981,1789095181.7150922
-4.11204250847182,2.0508161341866677,0.5314773884030622,1789095181.8151972
-4.140863117954975,2.03387240254958,0.5314773884030622,1789095181.9150937
-4.161813447742704,2.0215556343757886,0.5314773884030622,1789095182.0151572
-4.151935993753838,2.004585540448736,0.5303140555945265,1789095182.1151283
-4.160570507972606,1.9995227883551967,0.5303140555945265,1789095182.2150605
-4.169070970880647,1.9945386357678747,0.5303140555945265,1789095182.315105
-4.179548003819077,1.9883955431631002,0.5303140555945265,1789095182.41493
-4.186788222085243,1.984150321109387,0.5303140555945265,1789095182.5150747
-4.188521632134247,1.9831339552627218,0.5303140555945265,1789095182.6149852
-4.185929302058321,1.9846539393853437,0.5303140555945265,1789095182.7150493
-4.1836896457706505,1.9859671371254708,0.5303140555945265,1789095182.8149421
-4.1836806829901185,1.9859723923528922,0.5303140555945265,1789095182.915052
-4.1844397660342185,1.9855273123897046,0.5303140555945265,1789095183.0150733
-4.184650251959155,1.9854038962912268,0.5303140555945265,1789095183.114999
-4.184650251959155,1.9854038962912268,0.5303140555945265,1789095183.2149186
-4.184650251959155,1.9854038962912268,0.5303140555945265,1789095183.3149467
-4.184650251959155,1.9854038962912268,0.5303140555945265,1789095183.4151244
-4.184650251959155,1.9854038962912268,0.5303140555945265,1789095183.5150967
-4.184650251959155,1.9854038962912268,0.5303140555945265,1789095183.614975
-4.184650251959155,1.9854038962912268,0.5303140555945265,1789095183.7150805
-4.184650251959155,1.9854038962912268,0.5303140555945265,1789095183.8151488
-4.184650251959155,1.9854038962912268,0.5303140555945265,1789095183.915012
-4.184650251959155,1.9854038962912268,0.5303140555945265,1789095184.0149667
-4.184650251959155,1.9854038962912268,0.5303140555945265,1789095184.1151948
-4.184650251959155,1.9854038962912268,0.5303140555945265,1789095184.2151175
-4.184650251959155,1.9854038962912268,0.5303140555945265,1789095184.3151605
-4.184650251959155,1.9854038962912268,0.5303140555945265,1789095184.4149473
-4.184650251959155,1.9854038962912268,0.5303140555945265,1789095184.5152292
-4.184650251959155,1.9854038962912268,0.5303140555945265,1789095184.615167
-4.184650251959155,1.9854038962912268,0.5303140555945265,1789095184.7152987
-4.184650251959155,1.9854038962912268,0.5303140555945265,1789095184.815216
-4.184650251959155,1.9854038962912268,0.5303140555945265,1789095184.9151285
-4.184650251959155,1.9854038962912268,0.5303140555945265,1789095185.0149143
-4.184650251959155,1.9854038962912268,0.5303140555945265,1789095185.114939
-4.184650251959155,1.9854038962912268,0.5303140555945265,1789095185.2150152
-4.184650251959155,1.9854038962912268,0.5303140555945265,1789095185.315
-4.184650251959155,1.9854038962912268,0.5303140555945265,1789095185.4149678
-4.184650251959155,1.9854038962912268,0.5303140555945265,1789095185.515124
-4.184650251959155,1.9854038962912268,0.5303140555945265,1789095185.6149964
-4.184650251959155,1.9854038962912268,0.5303140555945265,1789095185.7150338
-4.184650251959155,1.9854038962912268,0.5303140555945265,1789095185.815035
-4.184650251959155,1.9854038962912268,0.5303140555945265,1789095185.915056
-4.184650251959155,1.9854038962912268,0.5303140555945265,1789095186.0149481
-4.184650251959155,1.9854038962912268,0.5303140555945265,1789095186.1151593
-4.184650251959155,1.9854038962912268,0.5303140555945265,1789095186.2149668
-4.184650251959155,1.9854038962912268,0.5303140555945265,1789095186.315214
-4.184650251959155,1.9854038962912268,0.5303140555945265,1789095186.4150147
-4.184650251959155,1.9854038962912268,0.5303140555945265,1789095186.5153816
-4.184650251959155,1.9854038962912268,0.5303140555945265,1789095186.614945
-4.184650251959155,1.9854038962912268,0.5303140555945265,1789095186.715084
-4.184650251959155,1.9854038962912268,0.5303140555945265,1789095186.814956
-4.184650251959155,1.9854038962912268,0.5303140555945265,1789095186.9153538
-4.184650251959155,1.9854038962912268,0.5303140555945265,1789095187.0149772
-4.184650251959155,1.9854038962912268,0.5303140555945265,1789095187.1149268
-4.184650251959155,1.9854038962912268,0.5303140555945265,1789095187.2150846
-4.184650251959155,1.9854038962912268,0.5303140555945265,1789095187.3153548
-4.184650251959155,1.9854038962912268,0.5303140555945265,1789095187.4150813
-4.184650251959155,1.9854038962912268,0.5303140555945265,1789095187.5151024
-4.184650251959155,1.9854038962912268,0.5303140555945265,1789095187.6152287
-4.184650251959155,1.9854038962912268,0.5303140555945265,1789095187.7152193
-4.184650251959155,1.9854038962912268,0.5303140555945265,1789095187.8150725
-4.184650251959155,1.9854038962912268,0.5303140555945265,1789095187.915502
-4.184650251959155,1.9854038962912268,0.5303140555945265,1789095188.0151865
-4.184650251959155,1.9854038962912268,0.5303140555945265,1789095188.1152642
-4.184650251959155,1.9854038962912268,0.5303140555945265,1789095188.2151556
-4.184650251959155,1.9854038962912268,0.5303140555945265,1789095188.3152769
-4.184650251959155,1.9854038962912268,0.5303140555945265,1789095188.4150102
-4.184650251959155,1.9854038962912268,0.5303140555945265,1789095188.5150895
-4.184650251959155,1.9854038962912268,0.5303140555945265,1789095188.6151297
-4.184650251959155,1.9854038962912268,0.5303140555945265,1789095188.7152448
-4.184650251959155,1.9854038962912268,0.5303140555945265,1789095188.8150864
-4.184650251959155,1.9854038962912268,0.5303140555945265,1789095188.9151936
-4.184650251959155,1.9854038962912268,0.5303140555945265,1789095189.0151756
-4.184650251959155,1.9854038962912268,0.5303140555945265,1789095189.1152067
-4.184650251959155,1.9854038962912268,0.5303140555945265,1789095189.2151258
-4.184650251959155,1.9854038962912268,0.5303140555945265,1789095189.3150377
-4.184650251959155,1.9854038962912268,0.5303140555945265,1789095189.4149754
-4.184650251959155,1.9854038962912268,0.5303140555945265,1789095189.515175
-4.184650251959155,1.9854038962912268,0.5303140555945265,1789095189.6151812
-4.184650251959155,1.9854038962912268,0.5303140555945265,1789095189.7150257
-4.184650251959155,1.9854038962912268,0.5303140555945265,1789095189.8150544
-4.184650251959155,1.9854038962912268,0.5303140555945265,1789095189.9151685
-4.184650251959155,1.9854038962912268,0.5303140555945265,1789095190.0150213
-4.184650251959155,1.9854038962912268,0.5303140555945265,1789095190.1152375
-4.184650251959155,1.9854038962912268,0.5303140555945265,1789095190.2151911
-4.184650251959155,1.9854038962912268,0.5303140555945265,1789095190.315104
-4.184650251959155,1.9854038962912268,0.5303140555945265,1789095190.4149737
-4.184650251959155,1.9854038962912268,0.5303140555945265,1789095190.5151038
-4.184650251959155,1.9854038962912268,0.5303140555945265,1789095190.6151044
-4.184650251959155,1.9854038962912268,0.5303140555945265,1789095190.715051
-4.184650251959155,1.9854038962912268,0.5303140555945265,1789095190.8150716
-4.184650251959155,1.9854038962912268,0.5303140555945265,1789095190.9152513
-4.184650251959155,1.9854038962912268,0.5303140555945265,1789095191.015086
-4.184650251959155,1.9854038962912268,0.5303140555945265,1789095191.1152236
-4.184650251959155,1.9854038962912268,0.5303140555945265,1789095191.2149825
-4.184650251959155,1.9854038962912268,0.5303140555945265,1789095191.315295
-4.184650251959155,1.9854038962912268,0.5303140555945265,1789095191.4149508
-4.184650251959155,1.9854038962912268,0.5303140555945265,1789095191.5154195
-4.184650251959155,1.9854038962912268,0.5303140555945265,1789095191.6151185
-4.184650251959155,1.9854038962912268,0.5303140555945265,1789095191.715153
-4.184650251959155,1.9854038962912268,0.5303140555945265,1789095191.8149586
-4.184650251959155,1.9854038962912268,0.5303140555945265,1789095191.915267
-4.184650251959155,1.9854038962912268,0.5303140555945265,1789095192.0151227
-4.184650251959155,1.9854038962912268,0.5303140555945265,1789095192.1153185
-4.184650251959155,1.9854038962912268,0.5303140555945265,1789095192.2149484
-4.184650251959155,1.9854038962912268,0.5303140555945265,1789095192.3150604
-4.184650251959155,1.9854038962912268,0.5303140555945265,1789095192.4150293
-4.184650251959155,1.9854038962912268,0.5303140555945265,1789095192.5152647
-4.184650251959155,1.9854038962912268,0.5303140555945265,1789095192.6151013
-4.184650251959155,1.9854038962912268,0.5303140555945265,1789095192.715118
-4.184650251959155,1.9854038962912268,0.5303140555945265,1789095192.814875
-4.184650251959155,1.9854038962912268,0.5303140555945265,1789095192.9151332
-4.184650251959155,1.9854038962912268,0.5303140555945265,1789095193.0152104
-4.184650251959155,1.9854038962912268,0.5303140555945265,1789095193.1150963
-4.184650251959155,1.9854038962912268,0.5303140555945265,1789095193.2150078
-4.184650251959155,1.9854038962912268,0.5303140555945265,1789095193.3149452
-4.184650251959155,1.9854038962912268,0.5303140555945265,1789095193.4149668
-4.184650251959155,1.9854038962912268,0.5303140555945265,1789095193.5151072
-4.184650251959155,1.9854038962912268,0.5303140555945265,1789095193.6148822
-4.184650251959155,1.9854038962912268,0.5303140555945265,1789095193.71489
-4.184650251959155,1.9854038962912268,0.5303140555945265,1789095193.814965
-4.184650251959155,1.9854038962912268,0.5303140555945265,1789095193.915291
-4.184650251959155,1.9854038962912268,0.5303140555945265,1789095194.0149622
-4.184650251959155,1.9854038962912268,0.5303140555945265,1789095194.1150856
-4.184650251959155,1.9854038962912268,0.5303140555945265,1789095194.2150164
-4.184650251959155,1.9854038962912268,0.5303140555945265,1789095194.3150465
-4.184650251959155,1.9854038962912268,0.5303140555945265,1789095194.4148943
-4.184650251959155,1.9854038962912268,0.5303140555945265,1789095194.5151572
-4.184650251959155,1.9854038962912268,0.5303140555945265,1789095194.6149065
-4.184650251959155,1.9854038962912268,0.5303140555945265,1789095194.7152085
-4.184650251959155,1.9854038962912268,0.5303140555945265,1789095194.8151102
-4.184650251959155,1.9854038962912268,0.5303140555945265,1789095194.914971
-4.184650251959155,1.9854038962912268,0.5303140555945265,1789095195.014949
-4.184650251959155,1.9854038962912268,0.5303140555945265,1789095195.115052
-4.184650251959155,1.9854038962912268,0.5303140555945265,1789095195.2148838
-4.184650251959155,1.9854038962912268,0.5303140555945265,1789095195.3153653
-4.184650251959155,1.9854038962912268,0.5303140555945265,1789095195.4149466
-4.184650251959155,1.9854038962912268,0.5303140555945265,1789095195.5152006
-4.184650251959155,1.9854038962912268,0.5303140555945265,1789095195.615061
-4.184650251959155,1.9854038962912268,0.5303140555945265,1789095195.7152991
-4.184650251959155,1.9854038962912268,0.5303140555945265,1789095195.8149421
-4.184650251959155,1.9854038962912268,0.5303140555945265,1789095195.9151993
-4.184650251959155,1.9854038962912268,0.5303140555945265,1789095196.015143
-4.184650251959155,1.9854038962912268,0.5303140555945265,1789095196.1151447
-4.184650251959155,1.9854038962912268,0.5303140555945265,1789095196.2149453
-4.184650251959155,1.9854038962912268,0.5303140555945265,1789095196.3150702
-4.184650251959155,1.9854038962912268,0.5303140555945265,1789095196.4150352
-4.184650251959155,1.9854038962912268,0.5303140555945265,1789095196.5150619
-4.184650251959155,1.9854038962912268,0.5303140555945265,1789095196.6150608
-4.184650251959155,1.9854038962912268,0.5303140555945265,1789095196.715139
-4.184650251959155,1.9854038962912268,0.5303140555945265,1789095196.8149736
-4.184650251959155,1.9854038962912268,0.5303140555945265,1789095196.9150739
-4.184650251959155,1.9854038962912268,0.5303140555945265,1789095197.0151112
-4.184650251959155,1.9854038962912268,0.5303140555945265,1789095197.1152418
-4.184650251959155,1.9854038962912268,0.5303140555945265,1789095197.214976
-4.184650251959155,1.9854038962912268,0.5303140555945265,1789095197.315213
-4.184650251959155,1.9854038962912268,0.5303140555945265,1789095197.4149585
-4.184650251959155,1.9854038962912268,0.5303140555945265,1789095197.5152404
-4.184650251959155,1.9854038962912268,0.5303140555945265,1789095197.614993
-4.184650251959155,1.9854038962912268,0.5303140555945265,1789095197.7153196
-4.184650251959155,1.9854038962912268,0.5303140555945265,1789095197.8149812
-4.184650251959155,1.9854038962912268,0.5303140555945265,1789095197.9150147
-4.184650251959155,1.9854038962912268,0.5303140555945265,1789095198.0149255
-4.184650251959155,1.9854038962912268,0.5303140555945265,1789095198.1150572
-4.184650251959155,1.9854038962912268,0.5303140555945265,1789095198.2149339
-4.184650251959155,1.9854038962912268,0.5303140555945265,1789095198.3152258
-4.184650251959155,1.9854038962912268,0.5303140555945265,1789095198.4148958
-4.184650251959155,1.9854038962912268,0.5303140555945265,1789095198.5153527
-4.184650251959155,1.9854038962912268,0.5303140555945265,1789095198.6150897
-4.184650251959155,1.9854038962912268,0.5303140555945265,1789095198.7151492
-4.184650251959155,1.9854038962912268,0.5303140555945265,1789095198.8150856
-4.184650251959155,1.9854038962912268,0.5303140555945265,1789095198.914992
-4.184650251959155,1.9854038962912268,0.5303140555945265,1789095199.0149338
-4.184650251959155,1.9854038962912268,0.5303140555945265,1789095199.1150966
-4.184650251959155,1.9854038962912268,0.5303140555945265,1789095199.214977
-4.184650251959155,1.9854038962912268,0.5303140555945265,1789095199.315295
-4.184650251959155,1.9854038962912268,0.5303140555945265,1789095199.4149292
-4.184650251959155,1.9854038962912268,0.5303140555945265,1789095199.5175846
-4.184650251959155,1.9854038962912268,0.5303140555945265,1789095199.614879
-4.184650251959155,1.9854038962912268,0.5303140555945265,1789095199.7151
-4.184650251959155,1.9854038962912268,0.5303140555945265,1789095199.8151035
-4.184650251959155,1.9854038962912268,0.5303140555945265,1789095199.9150674
-4.184650251959155,1.9854038962912268,0.5303140555945265,1789095200.0149293
-4.184650251959155,1.9854038962912268,0.5303140555945265,1789095200.1150684
-4.184650251959155,1.9854038962912268,0.5303140555945265,1789095200.2151084
-4.184650251959155,1.9854038962912268,0.5303140555945265,1789095200.3153534
-4.184650251959155,1.9854038962912268,0.5303140555945265,1789095200.4150531
-4.184650251959155,1.9854038962912268,0.5303140555945265,1789095200.5150862
-4.184650251959155,1.9854038962912268,0.5303140555945265,1789095200.6150384
-4.184650251959155,1.9854038962912268,0.5303140555945265,1789095200.715183
-4.184650251959155,1.9854038962912268,0.5303140555945265,1789095200.815097
-4.184650251959155,1.9854038962912268,0.5303140555945265,1789095200.9152331
-4.184650251959155,1.9854038962912268,0.5303140555945265,1789095201.0148697
-4.184650251959155,1.9854038962912268,0.5303140555945265,1789095201.115336
-4.184650251959155,1.9854038962912268,0.5303140555945265,1789095201.2150557
-4.184650251959155,1.9854038962912268,0.5303140555945265,1789095201.315117
-4.184650251959155,1.9854038962912268,0.5303140555945265,1789095201.4149072
-4.184650251959155,1.9854038962912268,0.5303140555945265,1789095201.5150733
-4.184650251959155,1.9854038962912268,0.5303140555945265,1789095201.6149735
-4.184650251959155,1.9854038962912268,0.5303140555945265,1789095201.715045
-4.184650251959155,1.9854038962912268,0.5303140555945265,1789095201.814951
-4.184650251959155,1.9854038962912268,0.5303140555945265,1789095201.9151883
-4.184650251959155,1.9854038962912268,0.5303140555945265,1789095202.0150084
-4.184650251959155,1.9854038962912268,0.5303140555945265,1789095202.115255
-4.184650251959155,1.9854038962912268,0.5303140555945265,1789095202.2150428
-4.184650251959155,1.9854038962912268,0.5303140555945265,1789095202.315132
-4.184650251959155,1.9854038962912268,0.5303140555945265,1789095202.4151707
-4.184650251959155,1.9854038962912268,0.5303140555945265,1789095202.515034
-4.184650251959155,1.9854038962912268,0.5303140555945265,1789095202.6150055
-4.184650251959155,1.9854038962912268,0.5303140555945265,1789095202.7150142
-4.184650251959155,1.9854038962912268,0.5303140555945265,1789095202.814945
-4.184650251959155,1.9854038962912268,0.5303140555945265,1789095202.9150352
-4.184650251959155,1.9854038962912268,0.5303140555945265,1789095203.0149374
-4.184650251959155,1.9854038962912268,0.5303140555945265,1789095203.1152208
-4.184650251959155,1.9854038962912268,0.5303140555945265,1789095203.2150743
-4.184650251959155,1.9854038962912268,0.5303140555945265,1789095203.3150005
-4.184650251959155,1.9854038962912268,0.5303140555945265,1789095203.415014
-4.184650251959155,1.9854038962912268,0.5303140555945265,1789095203.5151167
-4.184650251959155,1.9854038962912268,0.5303140555945265,1789095203.6149967
-4.184650251959155,1.9854038962912268,0.5303140555945265,1789095203.714994
-4.184650251959155,1.9854038962912268,0.5303140555945265,1789095203.8150046
-4.184650251959155,1.9854038962912268,0.5303140555945265,1789095203.9151216
-4.184650251959155,1.9854038962912268,0.5303140555945265,1789095204.014958
-4.184650251959155,1.9854038962912268,0.5303140555945265,1789095204.1152604
-4.184650251959155,1.9854038962912268,0.5303140555945265,1789095204.2151313
-4.184650251959155,1.9854038962912268,0.5303140555945265,1789095204.3151348
-4.184650251959155,1.9854038962912268,0.5303140555945265,1789095204.4152377
-4.184650251959155,1.9854038962912268,0.5303140555945265,1789095204.5152304
-4.184650251959155,1.9854038962912268,0.5303140555945265,1789095204.6152375
-4.184650251959155,1.9854038962912268,0.5303140555945265,1789095204.7151396
-4.184650251959155,1.9854038962912268,0.5303140555945265,1789095204.815088
-4.184650251959155,1.9854038962912268,0.5303140555945265,1789095204.9150753
-4.184650251959155,1.9854038962912268,0.5303140555945265,1789095205.0150478
-4.184650251959155,1.9854038962912268,0.5303140555945265,1789095205.1150613
-4.184650251959155,1.9854038962912268,0.5303140555945265,1789095205.2150831
-4.184650251959155,1.9854038962912268,0.5303140555945265,1789095205.315228
-4.184650251959155,1.9854038962912268,0.5303140555945265,1789095205.4149504
-4.184650251959155,1.9854038962912268,0.5303140555945265,1789095205.5150669
-4.184650251959155,1.9854038962912268,0.5303140555945265,1789095205.615173
-4.184650251959155,1.9854038962912268,0.5303140555945265,1789095205.7151349
-4.184650251959155,1.9854038962912268,0.5303140555945265,1789095205.815039
-4.184650251959155,1.9854038962912268,0.5303140555945265,1789095205.9151902
-4.184650251959155,1.9854038962912268,0.5303140555945265,1789095206.0151036
-4.184650251959155,1.9854038962912268,0.5303140555945265,1789095206.115042
-4.184650251959155,1.9854038962912268,0.5303140555945265,1789095206.2149827
-4.184650251959155,1.9854038962912268,0.5303140555945265,1789095206.3151095
-4.184650251959155,1.9854038962912268,0.5303140555945265,1789095206.4152539
-4.184650251959155,1.9854038962912268,0.5303140555945265,1789095206.5151348
-4.184650251959155,1.9854038962912268,0.5303140555945265,1789095206.6149757
-4.184650251959155,1.9854038962912268,0.5303140555945265,1789095206.7150717
-4.184650251959155,1.9854038962912268,0.5303140555945265,1789095206.814982
-4.184650251959155,1.9854038962912268,0.5303140555945265,1789095206.9149926
-4.184650251959155,1.9854038962912268,0.5303140555945265,1789095207.0149732
-4.184650251959155,1.9854038962912268,0.5303140555945265,1789095207.1151562
-4.184650251959155,1.9854038962912268,0.5303140555945265,1789095207.2149925
-4.184650251959155,1.9854038962912268,0.5303140555945265,1789095207.3150256
-4.184650251959155,1.9854038962912268,0.5303140555945265,1789095207.4149702
-4.184650251959155,1.9854038962912268,0.5303140555945265,1789095207.5151892
-4.184650251959155,1.9854038962912268,0.5303140555945265,1789095207.6149933
-4.184650251959155,1.9854038962912268,0.5303140555945265,1789095207.7149775
-4.184650251959155,1.9854038962912268,0.5303140555945265,1789095207.8149352
-4.184650251959155,1.9854038962912268,0.5303140555945265,1789095207.9152937
-4.184650251959155,1.9854038962912268,0.5303140555945265,1789095208.0149667
-4.184650251959155,1.9854038962912268,0.5303140555945265,1789095208.1151836
-4.184650251959155,1.9854038962912268,0.5303140555945265,1789095208.2149663
-4.184650251959155,1.9854038962912268,0.5303140555945265,1789095208.3150775
-4.184650251959155,1.9854038962912268,0.5303140555945265,1789095208.414904
-4.184650251959155,1.9854038962912268,0.5303140555945265,1789095208.5150547
-4.184650251959155,1.9854038962912268,0.5303140555945265,1789095208.6150818
-4.184650251959155,1.9854038962912268,0.5303140555945265,1789095208.7151747
-4.184650251959155,1.9854038962912268,0.5303140555945265,1789095208.8151221
-4.184650251959155,1.9854038962912268,0.5303140555945265,1789095208.9150345
-4.184650251959155,1.9854038962912268,0.5303140555945265,1789095209.014961
-4.184650251959155,1.9854038962912268,0.5303140555945265,1789095209.1150136
-4.184650251959155,1.9854038962912268,0.5303140555945265,1789095209.2149494
-4.184650251959155,1.9854038962912268,0.5303140555945265,1789095209.3151176
-4.184650251959155,1.9854038962912268,0.5303140555945265,1789095209.4149442
-4.184650251959155,1.9854038962912268,0.5303140555945265,1789095209.5149834
-4.184650251959155,1.9854038962912268,0.5303140555945265,1789095209.6150937
-4.184650251959155,1.9854038962912268,0.5303140555945265,1789095209.715269
-4.184650251959155,1.9854038962912268,0.5303140555945265,1789095209.8149598
-4.184650251959155,1.9854038962912268,0.5303140555945265,1789095209.9150026
-4.184650251959155,1.9854038962912268,0.5303140555945265,1789095210.0150158
-4.184650251959155,1.9854038962912268,0.5303140555945265,1789095210.115209
-4.184650251959155,1.9854038962912268,0.5303140555945265,1789095210.2149796
-4.184650251959155,1.9854038962912268,0.5303140555945265,1789095210.315062
-4.184650251959155,1.9854038962912268,0.5303140555945265,1789095210.4150724
-4.184650251959155,1.9854038962912268,0.5303140555945265,1789095210.5150993
-4.184650251959155,1.9854038962912268,0.5303140555945265,1789095210.6148992
-4.184650251959155,1.9854038962912268,0.5303140555945265,1789095210.7152464
-4.184650251959155,1.9854038962912268,0.5303140555945265,1789095210.8151083
-4.184650251959155,1.9854038962912268,0.5303140555945265,1789095210.91509
-4.184650251959155,1.9854038962912268,0.5303140555945265,1789095211.0150075
-4.184650251959155,1.9854038962912268,0.5303140555945265,1789095211.1152701
-4.184650251959155,1.9854038962912268,0.5303140555945265,1789095211.2150192
-4.184650251959155,1.9854038962912268,0.5303140555945265,1789095211.3151226
-4.184650251959155,1.9854038962912268,0.5303140555945265,1789095211.4149766
-4.184650251959155,1.9854038962912268,0.5303140555945265,1789095211.5152578
-4.184650251959155,1.9854038962912268,0.5303140555945265,1789095211.6150029
-4.184650251959155,1.9854038962912268,0.5303140555945265,1789095211.7152185
-4.184650251959155,1.9854038962912268,0.5303140555945265,1789095211.8148756
-4.184650251959155,1.9854038962912268,0.5303140555945265,1789095211.9149966
-4.184650251959155,1.9854038962912268,0.5303140555945265,1789095212.0149271
-4.184650251959155,1.9854038962912268,0.5303140555945265,1789095212.11501
-4.184215559917238,1.9856587731713184,0.5303140555945265,1789095212.2148705
-4.180876311688641,1.9876167045073354,0.5303140555945265,1789095212.3151584
-4.171905044632592,1.9928769079095099,0.5303140555945265,1789095212.4151735
-4.155190437616302,2.002677333216627,0.5303140555945265,1789095212.5151446
-4.132570550506559,2.0159402543166483,0.5303140555945265,1789095212.6150553
-4.107423337267996,2.0306850451924934,0.5303140555945265,1789095212.7150905
-4.083993570409827,2.0444228303425236,0.5303140555945265,1789095212.8150733
-4.064042233692092,2.0561210763790028,0.5303140555945265,1789095212.9151242
-4.047744998119576,2.065676780547548,0.5303140555945265,1789095213.015121
-4.040391010154709,2.069988710208171,0.5303140555945265,1789095213.1151137
-4.039723306472693,2.0703802108911553,0.5303140555945265,1789095213.2149556
-4.042814496861325,2.06856772553123,0.5303140555945265,1789095213.315029
-4.045486020041579,2.0670013074061213,0.5303140555945265,1789095213.4150453
-4.045518248000786,2.066982410898013,0.5303140555945265,1789095213.5152035
-4.044690147043463,2.0674679587527276,0.5303140555945265,1789095213.6148798
-4.0444495871369295,2.0676090083983176,0.5303140555945265,1789095213.7150993
-4.0444495871369295,2.0676090083983176,0.5303140555945265,1789095213.8151011
-4.0444495871369295,2.0676090083983176,0.5303140555945265,1789095213.9151676
-4.0444495871369295,2.0676090083983176,0.5303140555945265,1789095214.0150461
-4.0444495871369295,2.0676090083983176,0.5303140555945265,1789095214.1151013
-4.0444495871369295,2.0676090083983176,0.5303140555945265,1789095214.214973
-4.0444495871369295,2.0676090083983176,0.5303140555945265,1789095214.315389
-4.0444495871369295,2.0676090083983176,0.5303140555945265,1789095214.4149237
-4.0444495871369295,2.0676090083983176,0.5303140555945265,1789095214.515114
-4.0444495871369295,2.0676090083983176,0.5303140555945265,1789095214.615099
-4.0444495871369295,2.0676090083983176,0.5303140555945265,1789095214.7151191
-4.0444495871369295,2.0676090083983176,0.5303140555945265,1789095214.8151326
-4.0444495871369295,2.0676090083983176,0.5303140555945265,1789095214.915077
-4.0444495871369295,2.0676090083983176,0.5303140555945265,1789095215.0150976
-4.0444495871369295,2.0676090083983176,0.5303140555945265,1789095215.1150458
-4.0444495871369295,2.0676090083983176,0.5303140555945265,1789095215.2149513
-4.0444495871369295,2.0676090083983176,0.5303140555945265,1789095215.3153574
-4.0444495871369295,2.0676090083983176,0.5303140555945265,1789095215.4149475
-4.0444495871369295,2.0676090083983176,0.5303140555945265,1789095215.5150783
-4.0444495871369295,2.0676090083983176,0.5303140555945265,1789095215.6151981
-4.0444495871369295,2.0676090083983176,0.5303140555945265,1789095215.7152839
-4.0444495871369295,2.0676090083983176,0.5303140555945265,1789095215.8149524
-4.0444495871369295,2.0676090083983176,0.5303140555945265,1789095215.9151
-4.0444495871369295,2.0676090083983176,0.5303140555945265,1789095216.0150945
-4.0444495871369295,2.0676090083983176,0.5319384304295367,1789095216.1151485
-4.0444495871369295,2.0676090083983176,0.5409235111562991,1789095216.2150455
-4.0444495871369295,2.0676090083983176,0.5651637816448007,1789095216.3150983
-4.0444495871369295,2.0676090083983176,0.6039473173579003,1789095216.415022
-4.0444495871369295,2.0676090083983176,0.6556820743112227,1789095216.5151842
-4.0444495871369295,2.0676090083983176,0.7096117564841449,1789095216.6149087
-4.0444495871369295,2.0676090083983176,0.7596341048563147,1789095216.7150052
-4.0444495871369295,2.0676090083983176,0.8044451367999376,1789095216.815168
-4.0444495871369295,2.0676090083983176,0.8468308969350926,1789095216.9151027
-4.0444495871369295,2.0676090083983176,0.8845251884272693,1789095217.0149217
-4.044460364842587,2.06759541644941,0.9003725024346269,1789095217.1151931
-4.044506318472164,2.0675374477206017,0.9005580103262939,1789095217.2150824
-4.044506318472164,2.0675374477206017,0.9005580103262939,1789095217.3152282
-4.044511678102737,2.0675306913935545,0.9005971326215533,1789095217.4150586
-4.04452049532375,2.0675195665146266,0.9006216041837397,1789095217.5154402
-4.043842466344735,2.068374867035077,0.9004434605009431,1789095217.6149957
-4.031559854545121,2.083866579257349,0.9004298235119731,1789095217.715134
-4.017900768117192,2.1010943916304887,0.9004298235119731,1789095217.8150084
-3.999843277182341,2.123869784948073,0.9004298235119731,1789095217.9151065
-3.977830180909906,2.151634269369035,0.9004298235119731,1789095218.014917
-3.953003282254645,2.182947721706871,0.9004298235119731,1789095218.1157548
-3.9392521791106256,2.351922594266127,1.2068736340029673,1789095218.215094
-3.9215100157147207,2.399291896710981,1.218310931529524,1789095218.3150811
-3.9020932313299914,2.453370112394703,1.234505256808287,1789095218.4151065
-3.8689004650043683,2.5508997949616994,1.276295142153308,1789095218.5150692
-3.8522668792441737,2.6086156858588634,1.3046124685835134,1789095218.6150856
-3.8351562766708667,2.673549187113431,1.346569290045427,1789095218.7152612
-3.8267627839744027,2.71220422472728,1.3682248686280425,1789095218.815055
-3.8201838226347906,2.723419390322128,1.3835716643185487,1789095218.9150774
-3.814160626580854,2.7573823235848836,1.4071230939765615,1789095219.0150907
-3.8084036444907525,2.795426268722352,1.4340708932343675,1789095219.1151047
-3.8031784825681907,2.8382346549084874,1.4646268576493726,1789095219.2150962
-3.7990016806887033,2.884812803525889,1.4981581711622167,1789095219.3150036
-3.800224670860066,2.9428223072548763,1.5397492847264502,1789095219.4151647
-3.799569209580449,2.9885708075191597,1.5731920673279984,1789095219.5149848
-3.8004019274487897,3.0332047645403484,1.6057936427493664,1789095219.6150591
-3.8026888648872177,3.0776295647352296,1.638718595339428,1789095219.715182
-3.796001616490872,3.1121965706453616,1.6688259300960977,1789095219.8151176
-3.8010654220901747,3.156070772145378,1.7026712383913134,1789095219.9152148
-3.8072934985020748,3.1977944864005368,1.7353173754156412,1789095220.0149696
-3.81345138522853,3.229767780838303,1.7613758973779476,1789095220.1152897
-3.8209288836953044,3.2657684964167917,1.789841187136412,1789095220.2150493
-3.8291248110577736,3.300333498906223,1.817420235647009,1789095220.3151426
-3.842458189177102,3.3324482940780555,1.8337876380868332,1789095220.415077
-3.852846988422547,3.368887315621464,1.8632532957168086,1789095220.5152636
-3.864233948373384,3.4047882626504267,1.8926471464244168,1789095220.614892
-3.87637900673389,3.448784677038259,1.923141408309491,1789095220.715188
-3.8886883641062733,3.480926690593555,1.9499272894001631,1789095220.8150299
-3.8886883641062733,3.480926690593555,1.9499272894001631,1789095220.9151175
-3.907806847841702,3.5193460458581205,1.992327421954948,1789095221.0150685
-3.922108962183471,3.5501419279867443,2.0188166744215716,1789095221.1151197
-3.937330231437183,3.5807596335233436,2.0454464152210923,1789095221.2149837
-3.946600058292419,3.6046293210748024,2.0679890533759737,1789095221.3152058
-3.963788367451645,3.6353552647027163,2.0932939139612943,1789095221.4149802
-3.981811730652697,3.665970672156679,2.1108765959481732,1789095221.5150735
-3.9962283656069424,3.6915846840303255,2.119955549081649,1789095221.6150851
-4.0144995479046655,3.7210855875894646,2.129049765929117,1789095221.7150395
-4.030385560190528,3.746491398854946,2.129712943344787,1789095221.8151126
-4.037564538856245,3.765960937289579,2.107609605813061,1789095221.9152784
-4.047912190832529,3.7833488482104736,2.107609605813061,1789095222.0153248
-4.057611884612715,3.7996479479286487,2.107609605813061,1789095222.115078
-4.067696044070814,3.8165930932400434,2.107609605813061,1789095222.214964
-4.070737993669408,3.816092681410435,2.1006296058130616,1789095222.3153317
-4.080798299280018,3.8332694348703806,2.1006296058130616,1789095222.4150052
-4.0900526473584735,3.849070113450998,2.1006296058130616,1789095222.5152078
-4.099740280606012,3.8656105739840667,2.1006296058130616,1789095222.6151204
-4.111665169229355,3.8859708771247785,2.1006296058130616,1789095222.715019
-4.125236230130559,3.9091418200674863,2.1006296058130616,1789095222.8151052
-4.138227163824355,3.9313222660607643,2.1006296058130616,1789095222.9151623
-4.146273366656359,3.94506018294752,2.1006296058130616,1789095223.0151188
-4.147577707938459,3.947287187722268,2.1006296058130616,1789095223.1150558
-4.14494391060725,3.927693935912711,2.0971396058130605,1789095223.2150147
-4.142274640054073,3.9230997884193703,2.0971396058130605,1789095223.315057
-4.141678571215953,3.9220738796162307,2.0971396058130605,1789095223.4151385
-4.142416640763847,3.9233441893491117,2.0971396058130605,1789095223.515018
-4.143086412832966,3.924496950603973,2.0971396058130605,1789095223.6151085
-4.143104585337395,3.9245282277503044,2.0971396058130605,1789095223.71522
-4.142924783661768,3.9242187666443296,2.0971396058130605,1789095223.8150725
-4.142924783661768,3.9242187666443296,2.0971396058130605,1789095223.915094
-4.142924783661768,3.9242187666443296,2.0971396058130605,1789095224.0151162
-4.142924783661768,3.9242187666443296,2.0971396058130605,1789095224.1150188
-4.142924783661768,3.9242187666443296,2.0971396058130605,1789095224.2151942
-4.142924783661768,3.9242187666443296,2.0971396058130605,1789095224.315179
-4.142924783661768,3.9242187666443296,2.0971396058130605,1789095224.4152343
-4.142924783661768,3.9242187666443296,2.0971396058130605,1789095224.5149856
-4.142924783661768,3.9242187666443296,2.0971396058130605,1789095224.6149778
-4.142924783661768,3.9242187666443296,2.0971396058130605,1789095224.7150233
-4.142924783661768,3.9242187666443296,2.0971396058130605,1789095224.8150535
-4.142924783661768,3.9242187666443296,2.0971396058130605,1789095224.9151478
-4.142924783661768,3.9242187666443296,2.0971396058130605,1789095225.0150564
-4.142924783661768,3.9242187666443296,2.0971396058130605,1789095225.1151266
-4.142924783661768,3.9242187666443296,2.0971396058130605,1789095225.214938
-4.142924783661768,3.9242187666443296,2.0971396058130605,1789095225.3150668
-4.142924783661768,3.9242187666443296,2.0971396058130605,1789095225.415182
-4.142924783661768,3.9242187666443296,2.0971396058130605,1789095225.5149324
-4.142924783661768,3.9242187666443296,2.0971396058130605,1789095225.6149206
-4.142924783661768,3.9242187666443296,2.0971396058130605,1789095225.7150736
-4.142924783661768,3.9242187666443296,2.0971396058130605,1789095225.815102
-4.142924783661768,3.9242187666443296,2.0971396058130605,1789095225.9149528
-4.142924783661768,3.9242187666443296,2.0971396058130605,1789095226.0150766
-4.142924783661768,3.9242187666443296,2.0971396058130605,1789095226.115045
-4.142924783661768,3.9242187666443296,2.0971396058130605,1789095226.2150285
-4.142924783661768,3.9242187666443296,2.0971396058130605,1789095226.315134
-4.142924783661768,3.9242187666443296,2.0971396058130605,1789095226.415034
-4.142924783661768,3.9242187666443296,2.0971396058130605,1789095226.515254
-4.142924783661768,3.9242187666443296,2.0971396058130605,1789095226.6149225
-4.142924783661768,3.9242187666443296,2.0971396058130605,1789095226.715173
-4.142924783661768,3.9242187666443296,2.0971396058130605,1789095226.8151581
-4.142924783661768,3.9242187666443296,2.0971396058130605,1789095226.9150069
-4.142924783661768,3.9242187666443296,2.0971396058130605,1789095227.0150557
-4.142924783661768,3.9242187666443296,2.0971396058130605,1789095227.114924
-4.142924783661768,3.9242187666443296,2.0971396058130605,1789095227.215042
-4.142924783661768,3.9242187666443296,2.0971396058130605,1789095227.315058
-4.142924783661768,3.9242187666443296,2.0971396058130605,1789095227.415096
-4.142924783661768,3.9242187666443296,2.0971396058130605,1789095227.5149446
-4.142924783661768,3.9242187666443296,2.0971396058130605,1789095227.6150312
-4.142924783661768,3.9242187666443296,2.0971396058130605,1789095227.7152638
-4.142924783661768,3.9242187666443296,2.0971396058130605,1789095227.8149836
-4.142924783661768,3.9242187666443296,2.0971396058130605,1789095227.9151688
-4.142924783661768,3.9242187666443296,2.0971396058130605,1789095228.0150812
-4.142924783661768,3.9242187666443296,2.0971396058130605,1789095228.1150942
-4.142924783661768,3.9242187666443296,2.0971396058130605,1789095228.2148647
-4.142924783661768,3.9242187666443296,2.0971396058130605,1789095228.3154995
-4.142924783661768,3.9242187666443296,2.0971396058130605,1789095228.4150808
-4.142924783661768,3.9242187666443296,2.0971396058130605,1789095228.515132
-4.142924783661768,3.9242187666443296,2.0971396058130605,1789095228.6150177
-4.142924783661768,3.9242187666443296,2.0971396058130605,1789095228.714944
-4.142924783661768,3.9242187666443296,2.0971396058130605,1789095228.8150327
-4.142924783661768,3.9242187666443296,2.0971396058130605,1789095228.9150264
-4.142924783661768,3.9242187666443296,2.0971396058130605,1789095229.01487
-4.142924783661768,3.9242187666443296,2.0971396058130605,1789095229.1151893
-4.142924783661768,3.9242187666443296,2.0971396058130605,1789095229.2150831
-4.142924783661768,3.9242187666443296,2.0971396058130605,1789095229.315045
-4.142924783661768,3.9242187666443296,2.0971396058130605,1789095229.415137
-4.142924783661768,3.9242187666443296,2.0971396058130605,1789095229.5151699
-4.142924783661768,3.9242187666443296,2.0971396058130605,1789095229.614915
-4.142924783661768,3.9242187666443296,2.0971396058130605,1789095229.715038
-4.142924783661768,3.9242187666443296,2.0971396058130605,1789095229.8150182
-4.142924783661768,3.9242187666443296,2.0971396058130605,1789095229.9152415
-4.142924783661768,3.9242187666443296,2.0971396058130605,1789095230.01501
-4.142924783661768,3.9242187666443296,2.0971396058130605,1789095230.1150403
-4.142924783661768,3.9242187666443296,2.0971396058130605,1789095230.2151837
-4.142924783661768,3.9242187666443296,2.0971396058130605,1789095230.315084
-4.142924783661768,3.9242187666443296,2.0971396058130605,1789095230.415059
-4.142924783661768,3.9242187666443296,2.0971396058130605,1789095230.5151408
-4.142924783661768,3.9242187666443296,2.0971396058130605,1789095230.6149857
-4.142924783661768,3.9242187666443296,2.0971396058130605,1789095230.71509
-4.142924783661768,3.9242187666443296,2.0971396058130605,1789095230.8149085
-4.142924783661768,3.9242187666443296,2.0971396058130605,1789095230.9151156
-4.142924783661768,3.9242187666443296,2.0971396058130605,1789095231.0149763
-4.142924783661768,3.9242187666443296,2.0971396058130605,1789095231.1150472
-4.142924783661768,3.9242187666443296,2.0971396058130605,1789095231.215195
-4.142924783661768,3.9242187666443296,2.0971396058130605,1789095231.3151975
-4.142924783661768,3.9242187666443296,2.0971396058130605,1789095231.4149325
-4.142924783661768,3.9242187666443296,2.0971396058130605,1789095231.5150282
-4.142924783661768,3.9242187666443296,2.0971396058130605,1789095231.6150436
-4.142924783661768,3.9242187666443296,2.0971396058130605,1789095231.7150826
-4.142924783661768,3.9242187666443296,2.0971396058130605,1789095231.8150299
-4.142924783661768,3.9242187666443296,2.0971396058130605,1789095231.9150825
-4.142924783661768,3.9242187666443296,2.0971396058130605,1789095232.0149813
-4.142924783661768,3.9242187666443296,2.0971396058130605,1789095232.1151214
-4.142924783661768,3.9242187666443296,2.0971396058130605,1789095232.2150185
-4.142924783661768,3.9242187666443296,2.0971396058130605,1789095232.3149664
-4.142924783661768,3.9242187666443296,2.0971396058130605,1789095232.414952
-4.142924783661768,3.9242187666443296,2.0971396058130605,1789095232.5149646
-4.142924783661768,3.9242187666443296,2.0971396058130605,1789095232.6150558
-4.142924783661768,3.9242187666443296,2.0971396058130605,1789095232.715207
-4.142924783661768,3.9242187666443296,2.0971396058130605,1789095232.8150291
-4.142924783661768,3.9242187666443296,2.0971396058130605,1789095232.9151416
-4.142924783661768,3.9242187666443296,2.0971396058130605,1789095233.0150573
-4.142924783661768,3.9242187666443296,2.0971396058130605,1789095233.1151404
-4.142924783661768,3.9242187666443296,2.0971396058130605,1789095233.2151504
-4.142924783661768,3.9242187666443296,2.0971396058130605,1789095233.3151574
-4.142924783661768,3.9242187666443296,2.0971396058130605,1789095233.4149654
-4.142924783661768,3.9242187666443296,2.0971396058130605,1789095233.5150979
-4.142924783661768,3.9242187666443296,2.0971396058130605,1789095233.6150055
-4.142924783661768,3.9242187666443296,2.0971396058130605,1789095233.715181
-4.142924783661768,3.9242187666443296,2.0971396058130605,1789095233.8150005
-4.142924783661768,3.9242187666443296,2.0971396058130605,1789095233.9152534
-4.142924783661768,3.9242187666443296,2.0971396058130605,1789095234.0149438
-4.142924783661768,3.9242187666443296,2.0971396058130605,1789095234.1151109
-4.142924783661768,3.9242187666443296,2.0971396058130605,1789095234.2150035
-4.142924783661768,3.9242187666443296,2.0971396058130605,1789095234.3149343
-4.142924783661768,3.9242187666443296,2.0971396058130605,1789095234.4151363
-4.142924783661768,3.9242187666443296,2.0971396058130605,1789095234.514949
-4.142924783661768,3.9242187666443296,2.0971396058130605,1789095234.6150334
-4.142924783661768,3.9242187666443296,2.0971396058130605,1789095234.7149673
-4.142924783661768,3.9242187666443296,2.0971396058130605,1789095234.8149006
-4.142924783661768,3.9242187666443296,2.0971396058130605,1789095234.915234
-4.142924783661768,3.9242187666443296,2.0971396058130605,1789095235.0149348
-4.142924783661768,3.9242187666443296,2.0971396058130605,1789095235.115135
-4.142924783661768,3.9242187666443296,2.0971396058130605,1789095235.2148623
-4.142924783661768,3.9242187666443296,2.0971396058130605,1789095235.3152711
-4.142924783661768,3.9242187666443296,2.0971396058130605,1789095235.4149985
-4.142924783661768,3.9242187666443296,2.0971396058130605,1789095235.5151286
-4.142924783661768,3.9242187666443296,2.0971396058130605,1789095235.6150005
-4.142924783661768,3.9242187666443296,2.0971396058130605,1789095235.7152987
-4.142924783661768,3.9242187666443296,2.0971396058130605,1789095235.8151324
-4.142924783661768,3.9242187666443296,2.0971396058130605,1789095235.9151065
-4.142924783661768,3.9242187666443296,2.0971396058130605,1789095236.0149317
-4.142924783661768,3.9242187666443296,2.0971396058130605,1789095236.1150122
-4.142924783661768,3.9242187666443296,2.0971396058130605,1789095236.2151413
-4.142924783661768,3.9242187666443296,2.0971396058130605,1789095236.3149996
-4.142924783661768,3.9242187666443296,2.0971396058130605,1789095236.4152238
-4.142924783661768,3.9242187666443296,2.0971396058130605,1789095236.515105
-4.142924783661768,3.9242187666443296,2.0971396058130605,1789095236.614995
-4.142924783661768,3.9242187666443296,2.0971396058130605,1789095236.715202
-4.142924783661768,3.9242187666443296,2.0971396058130605,1789095236.8149924
-4.142924783661768,3.9242187666443296,2.0971396058130605,1789095236.9152038
-4.142924783661768,3.9242187666443296,2.0971396058130605,1789095237.015055
-4.142924783661768,3.9242187666443296,2.0971396058130605,1789095237.115308
-4.142924783661768,3.9242187666443296,2.0971396058130605,1789095237.214942
-4.142924783661768,3.9242187666443296,2.0971396058130605,1789095237.3150456
-4.142924783661768,3.9242187666443296,2.0971396058130605,1789095237.4150229
-4.142924783661768,3.9242187666443296,2.0971396058130605,1789095237.5152557
-4.142924783661768,3.9242187666443296,2.0971396058130605,1789095237.6148853
-4.142924783661768,3.9242187666443296,2.0971396058130605,1789095237.7150822
-4.142924783661768,3.9242187666443296,2.0971396058130605,1789095237.8149629
-4.142924783661768,3.9242187666443296,2.0971396058130605,1789095237.9151056
-4.142924783661768,3.9242187666443296,2.0971396058130605,1789095238.0149522
-4.142924783661768,3.9242187666443296,2.0971396058130605,1789095238.115223
-4.142924783661768,3.9242187666443296,2.0971396058130605,1789095238.2150111
-4.142924783661768,3.9242187666443296,2.0971396058130605,1789095238.3151581
-4.142924783661768,3.9242187666443296,2.0971396058130605,1789095238.4151096
-4.142924783661768,3.9242187666443296,2.0971396058130605,1789095238.5152779
-4.142924783661768,3.9242187666443296,2.0971396058130605,1789095238.615066
-4.142924783661768,3.9242187666443296,2.0971396058130605,1789095238.7149982
-4.142924783661768,3.9242187666443296,2.0971396058130605,1789095238.8150961
-4.142924783661768,3.9242187666443296,2.0971396058130605,1789095238.9152515
-4.142924783661768,3.9242187666443296,2.0971396058130605,1789095239.0149412
-4.142924783661768,3.9242187666443296,2.0971396058130605,1789095239.115221
-4.142924783661768,3.9242187666443296,2.0971396058130605,1789095239.2185917
-4.142924783661768,3.9242187666443296,2.0971396058130605,1789095239.315222
-4.142924783661768,3.9242187666443296,2.0971396058130605,1789095239.4149356
-4.142924783661768,3.9242187666443296,2.0971396058130605,1789095239.5149229
-4.142924783661768,3.9242187666443296,2.0971396058130605,1789095239.6151369
-4.142924783661768,3.9242187666443296,2.0971396058130605,1789095239.7151093
-4.142924783661768,3.9242187666443296,2.0971396058130605,1789095239.8149729
-4.142924783661768,3.9242187666443296,2.0971396058130605,1789095239.9149601
-4.142924783661768,3.9242187666443296,2.0971396058130605,1789095240.0151737
-4.142924783661768,3.9242187666443296,2.0971396058130605,1789095240.1150038
-4.142924783661768,3.9242187666443296,2.0971396058130605,1789095240.2150576
-4.142924783661768,3.9242187666443296,2.0971396058130605,1789095240.314956
-4.142924783661768,3.9242187666443296,2.0971396058130605,1789095240.4149675
-4.142924783661768,3.9242187666443296,2.0971396058130605,1789095240.5149689
-4.142924783661768,3.9242187666443296,2.0971396058130605,1789095240.6150088
-4.142924783661768,3.9242187666443296,2.0971396058130605,1789095240.7151237
-4.142924783661768,3.9242187666443296,2.0971396058130605,1789095240.815122
-4.142924783661768,3.9242187666443296,2.0971396058130605,1789095240.9150128
-4.142924783661768,3.9242187666443296,2.0971396058130605,1789095241.0151582
-4.142924783661768,3.9242187666443296,2.0971396058130605,1789095241.115025
-4.142924783661768,3.9242187666443296,2.0971396058130605,1789095241.2150023
-4.142924783661768,3.9242187666443296,2.0971396058130605,1789095241.3149607
-4.142924783661768,3.9242187666443296,2.0971396058130605,1789095241.4149342
-4.142924783661768,3.9242187666443296,2.0971396058130605,1789095241.5154176
-4.142924783661768,3.9242187666443296,2.0971396058130605,1789095241.6151228
-4.142924783661768,3.9242187666443296,2.0971396058130605,1789095241.7149842
-4.142924783661768,3.9242187666443296,2.0971396058130605,1789095241.8150456
-4.142924783661768,3.9242187666443296,2.0971396058130605,1789095241.9150639
-4.142924783661768,3.9242187666443296,2.0971396058130605,1789095242.015295
-4.142924783661768,3.9242187666443296,2.0971396058130605,1789095242.1150508
-4.142924783661768,3.9242187666443296,2.0971396058130605,1789095242.215008
-4.142924783661768,3.9242187666443296,2.0971396058130605,1789095242.3150523
-4.142924783661768,3.9242187666443296,2.0971396058130605,1789095242.4150152
-4.142924783661768,3.9242187666443296,2.0971396058130605,1789095242.5150394
-4.142924783661768,3.9242187666443296,2.0971396058130605,1789095242.614971
-4.142924783661768,3.9242187666443296,2.0971396058130605,1789095242.715051
-4.142924783661768,3.9242187666443296,2.0971396058130605,1789095242.8150556
-4.142924783661768,3.9242187666443296,2.0971396058130605,1789095242.9151297
-4.142924783661768,3.9242187666443296,2.0971396058130605,1789095243.0149837
-4.142924783661768,3.9242187666443296,2.0971396058130605,1789095243.1151
-4.142924783661768,3.9242187666443296,2.0971396058130605,1789095243.2151222
-4.142924783661768,3.9242187666443296,2.0971396058130605,1789095243.3152049
-4.142924783661768,3.9242187666443296,2.0971396058130605,1789095243.415084
-4.142924783661768,3.9242187666443296,2.0971396058130605,1789095243.5151455
-4.142924783661768,3.9242187666443296,2.0971396058130605,1789095243.6150732
-4.142924783661768,3.9242187666443296,2.0971396058130605,1789095243.7153313
-4.142924783661768,3.9242187666443296,2.0971396058130605,1789095243.8149228
-4.142924783661768,3.9242187666443296,2.0971396058130605,1789095243.9152796
-4.142924783661768,3.9242187666443296,2.0971396058130605,1789095244.0150666
-4.142924783661768,3.9242187666443296,2.0971396058130605,1789095244.1152208
-4.142924783661768,3.9242187666443296,2.0971396058130605,1789095244.215023
-4.142924783661768,3.9242187666443296,2.0971396058130605,1789095244.3153338
-4.142924783661768,3.9242187666443296,2.0971396058130605,1789095244.4152138
-4.142924783661768,3.9242187666443296,2.0971396058130605,1789095244.515064
-4.142924783661768,3.9242187666443296,2.0971396058130605,1789095244.6149995
-4.142924783661768,3.9242187666443296,2.0971396058130605,1789095244.7150505
-4.142924783661768,3.9242187666443296,2.0971396058130605,1789095244.8149698
-4.142924783661768,3.9242187666443296,2.0971396058130605,1789095244.9152446
-4.142924783661768,3.9242187666443296,2.0971396058130605,1789095245.0149899
-4.142924783661768,3.9242187666443296,2.0971396058130605,1789095245.1151612
-4.142924783661768,3.9242187666443296,2.0971396058130605,1789095245.215035
-4.142924783661768,3.9242187666443296,2.0971396058130605,1789095245.3150322
-4.142924783661768,3.9242187666443296,2.0971396058130605,1789095245.4149294
-4.142924783661768,3.9242187666443296,2.0971396058130605,1789095245.5150461
-4.142924783661768,3.9242187666443296,2.0971396058130605,1789095245.6150265
-4.142924783661768,3.9242187666443296,2.0971396058130605,1789095245.7153068
-4.142924783661768,3.9242187666443296,2.0971396058130605,1789095245.8149822
-4.142924783661768,3.9242187666443296,2.0971396058130605,1789095245.915082
-4.142924783661768,3.9242187666443296,2.0971396058130605,1789095246.0151393
-4.142924783661768,3.9242187666443296,2.0971396058130605,1789095246.1150973
-4.142924783661768,3.9242187666443296,2.0971396058130605,1789095246.2151423
-4.142924783661768,3.9242187666443296,2.0971396058130605,1789095246.3151495
-4.142924783661768,3.9242187666443296,2.0971396058130605,1789095246.4178674
-4.142924783661768,3.9242187666443296,2.0971396058130605,1789095246.5151868
-4.142924783661768,3.9242187666443296,2.0971396058130605,1789095246.6150122
-4.142924783661768,3.9242187666443296,2.0971396058130605,1789095246.7150683
-4.142924783661768,3.9242187666443296,2.0971396058130605,1789095246.8151362
-4.142924783661768,3.9242187666443296,2.0971396058130605,1789095246.915119
-4.142924783661768,3.9242187666443296,2.0971396058130605,1789095247.0150664
-4.142924783661768,3.9242187666443296,2.0971396058130605,1789095247.115028
-4.142924783661768,3.9242187666443296,2.0971396058130605,1789095247.2150633
-4.142924783661768,3.9242187666443296,2.0971396058130605,1789095247.3150692
-4.142924783661768,3.9242187666443296,2.0971396058130605,1789095247.4150424
-4.142924783661768,3.9242187666443296,2.0971396058130605,1789095247.5154948
-4.142924783661768,3.9242187666443296,2.0971396058130605,1789095247.615033
-4.142924783661768,3.9242187666443296,2.0971396058130605,1789095247.7152188
-4.142924783661768,3.9242187666443296,2.0971396058130605,1789095247.8149943
-4.142924783661768,3.9242187666443296,2.0971396058130605,1789095247.9150958
-4.142924783661768,3.9242187666443296,2.0971396058130605,1789095248.0149453
-4.142924783661768,3.9242187666443296,2.0971396058130605,1789095248.115172
-4.142924783661768,3.9242187666443296,2.0971396058130605,1789095248.2150426
-4.142924783661768,3.9242187666443296,2.0971396058130605,1789095248.3151739
-4.142924783661768,3.9242187666443296,2.0971396058130605,1789095248.4150293
-4.142924783661768,3.9242187666443296,2.0971396058130605,1789095248.515088
-4.142924783661768,3.9242187666443296,2.0971396058130605,1789095248.6151662
-4.142924783661768,3.9242187666443296,2.0971396058130605,1789095248.715128
-4.142924783661768,3.9242187666443296,2.0971396058130605,1789095248.8151164
-4.142924783661768,3.9242187666443296,2.0971396058130605,1789095248.915349
-4.142924783661768,3.9242187666443296,2.0971396058130605,1789095249.015114
-4.142924783661768,3.9242187666443296,2.0971396058130605,1789095249.1151848
-4.142924783661768,3.9242187666443296,2.0971396058130605,1789095249.215138
-4.142924783661768,3.9242187666443296,2.0971396058130605,1789095249.3150458
-4.142924783661768,3.9242187666443296,2.0971396058130605,1789095249.4151442
-4.142924783661768,3.9242187666443296,2.0971396058130605,1789095249.514977
-4.142924783661768,3.9242187666443296,2.0971396058130605,1789095249.6151874
-4.142924783661768,3.9242187666443296,2.0971396058130605,1789095249.7150328
-4.142924783661768,3.9242187666443296,2.0971396058130605,1789095249.815039
-4.142924783661768,3.9242187666443296,2.0971396058130605,1789095249.9151037
-4.142924783661768,3.9242187666443296,2.0971396058130605,1789095250.0151098
-4.142924783661768,3.9242187666443296,2.0971396058130605,1789095250.1150517
-4.142924783661768,3.9242187666443296,2.0971396058130605,1789095250.215163
-4.142924783661768,3.9242187666443296,2.0971396058130605,1789095250.315025
-4.142924783661768,3.9242187666443296,2.0971396058130605,1789095250.4150996
-4.142924783661768,3.9242187666443296,2.0971396058130605,1789095250.515118
-4.142924783661768,3.9242187666443296,2.0971396058130605,1789095250.6151466
-4.142924783661768,3.9242187666443296,2.0971396058130605,1789095250.7152524
-4.142924783661768,3.9242187666443296,2.0971396058130605,1789095250.8150194
-4.142924783661768,3.9242187666443296,2.0971396058130605,1789095250.9151988
-4.142924783661768,3.9242187666443296,2.0971396058130605,1789095251.0150425
-4.142924783661768,3.9242187666443296,2.0971396058130605,1789095251.1153228
-4.142924783661768,3.9242187666443296,2.0971396058130605,1789095251.2151694
-4.142924783661768,3.9242187666443296,2.0971396058130605,1789095251.3150868
-4.142924783661768,3.9242187666443296,2.0971396058130605,1789095251.4149437
-4.142924783661768,3.9242187666443296,2.0971396058130605,1789095251.5151103
-4.142924783661768,3.9242187666443296,2.0971396058130605,1789095251.6151555
-4.142924783661768,3.9242187666443296,2.0971396058130605,1789095251.7151272
-4.142924783661768,3.9242187666443296,2.0971396058130605,1789095251.8150382
-4.142924783661768,3.9242187666443296,2.0971396058130605,1789095251.9151409
-4.142924783661768,3.9242187666443296,2.0971396058130605,1789095252.0152345
-4.142924783661768,3.9242187666443296,2.0971396058130605,1789095252.1152854
-4.142924783661768,3.9242187666443296,2.0971396058130605,1789095252.2151382
-4.142924783661768,3.9242187666443296,2.0971396058130605,1789095252.3150976
-4.142924783661768,3.9242187666443296,2.0971396058130605,1789095252.4150314
-4.142924783661768,3.9242187666443296,2.0971396058130605,1789095252.515118
-4.142924783661768,3.9242187666443296,2.0971396058130605,1789095252.6149437
-4.142924783661768,3.9242187666443296,2.0971396058130605,1789095252.7150145
-4.142924783661768,3.9242187666443296,2.0971396058130605,1789095252.8151467
-4.142924783661768,3.9242187666443296,2.0971396058130605,1789095252.915121
-4.142924783661768,3.9242187666443296,2.0971396058130605,1789095253.0150077
-4.142924783661768,3.9242187666443296,2.0971396058130605,1789095253.1151614
-4.142924783661768,3.9242187666443296,2.0971396058130605,1789095253.2150245
-4.142924783661768,3.9242187666443296,2.0971396058130605,1789095253.3151338
-4.142924783661768,3.9242187666443296,2.0971396058130605,1789095253.4151106
-4.142924783661768,3.9242187666443296,2.0971396058130605,1789095253.515125
-4.142924783661768,3.9242187666443296,2.0971396058130605,1789095253.6153483
-4.142924783661768,3.9242187666443296,2.0971396058130605,1789095253.7151248
-4.142924783661768,3.9242187666443296,2.0971396058130605,1789095253.8151155
-4.142924783661768,3.9242187666443296,2.0971396058130605,1789095253.9150546
-4.142924783661768,3.9242187666443296,2.0971396058130605,1789095254.0149493
-4.142924783661768,3.9242187666443296,2.0971396058130605,1789095254.1151319
-4.142924783661768,3.9242187666443296,2.0971396058130605,1789095254.2152767
-4.142924783661768,3.9242187666443296,2.0971396058130605,1789095254.3153548
-4.142924783661768,3.9242187666443296,2.0971396058130605,1789095254.4151473
-4.142924783661768,3.9242187666443296,2.0971396058130605,1789095254.5150673
-4.142924783661768,3.9242187666443296,2.0971396058130605,1789095254.6149979
-4.142924783661768,3.9242187666443296,2.0971396058130605,1789095254.7150812
-4.142924783661768,3.9242187666443296,2.0971396058130605,1789095254.8149326
-4.142924783661768,3.9242187666443296,2.0971396058130605,1789095254.9150534
-4.142924783661768,3.9242187666443296,2.0971396058130605,1789095255.014927
-4.142924783661768,3.9242187666443296,2.0971396058130605,1789095255.1150231
-4.142924783661768,3.9242187666443296,2.0971396058130605,1789095255.2150784
-4.142924783661768,3.9242187666443296,2.0971396058130605,1789095255.3150852
-4.142924783661768,3.9242187666443296,2.0971396058130605,1789095255.4150953
-4.142924783661768,3.9242187666443296,2.0971396058130605,1789095255.515358
-4.142924783661768,3.9242187666443296,2.0971396058130605,1789095255.6150408
-4.142924783661768,3.9242187666443296,2.0971396058130605,1789095255.7150798
-4.142924783661768,3.9242187666443296,2.0971396058130605,1789095255.8148804
-4.142924783661768,3.9242187666443296,2.0971396058130605,1789095255.9149935
-4.142924783661768,3.9242187666443296,2.0971396058130605,1789095256.0150123
-4.142924783661768,3.9242187666443296,2.0971396058130605,1789095256.11525
-4.142924783661768,3.9242187666443296,2.0971396058130605,1789095256.2149608
-4.142924783661768,3.9242187666443296,2.0971396058130605,1789095256.3150077
-4.142924783661768,3.9242187666443296,2.0971396058130605,1789095256.4151993
-4.142924783661768,3.9242187666443296,2.0971396058130605,1789095256.5151813
-4.142924783661768,3.9242187666443296,2.0971396058130605,1789095256.6150641
-4.142924783661768,3.9242187666443296,2.0971396058130605,1789095256.7155225
-4.142924783661768,3.9242187666443296,2.0971396058130605,1789095256.8150284
-4.142924783661768,3.9242187666443296,2.0971396058130605,1789095256.915239
-4.142924783661768,3.9242187666443296,2.0971396058130605,1789095257.0152292
-4.142924783661768,3.9242187666443296,2.0971396058130605,1789095257.115211
-4.142924783661768,3.9242187666443296,2.0971396058130605,1789095257.2150977
-4.142924783661768,3.9242187666443296,2.0971396058130605,1789095257.3151076
-4.142924783661768,3.9242187666443296,2.0971396058130605,1789095257.4150324
-4.142924783661768,3.9242187666443296,2.0971396058130605,1789095257.5151687
-4.142924783661768,3.9242187666443296,2.0971396058130605,1789095257.6150978
-4.142924783661768,3.9242187666443296,2.0971396058130605,1789095257.7151186
-4.142924783661768,3.9242187666443296,2.0971396058130605,1789095257.8150072
-4.142924783661768,3.9242187666443296,2.0971396058130605,1789095257.9150434
-4.142924783661768,3.9242187666443296,2.0971396058130605,1789095258.01504
-4.142924783661768,3.9242187666443296,2.0971396058130605,1789095258.1150887
-4.142924783661768,3.9242187666443296,2.0971396058130605,1789095258.2150166
-4.142924783661768,3.9242187666443296,2.0971396058130605,1789095258.3149781
-4.142924783661768,3.9242187666443296,2.0971396058130605,1789095258.4152436
-4.142924783661768,3.9242187666443296,2.0971396058130605,1789095258.5153117
-4.142924783661768,3.9242187666443296,2.0971396058130605,1789095258.6150777
-4.142924783661768,3.9242187666443296,2.0971396058130605,1789095258.7149537
-4.142924783661768,3.9242187666443296,2.0971396058130605,1789095258.8150682
-4.142924783661768,3.9242187666443296,2.0971396058130605,1789095258.915141
-4.142924783661768,3.9242187666443296,2.0971396058130605,1789095259.015153
-4.142924783661768,3.9242187666443296,2.0971396058130605,1789095259.115336
-4.142924783661768,3.9242187666443296,2.0971396058130605,1789095259.2150455
-4.142924783661768,3.9242187666443296,2.0971396058130605,1789095259.3152118
-4.142924783661768,3.9242187666443296,2.0971396058130605,1789095259.415043
-4.142924783661768,3.9242187666443296,2.0971396058130605,1789095259.5151563
-4.142924783661768,3.9242187666443296,2.0971396058130605,1789095259.6151628
-4.142924783661768,3.9242187666443296,2.0971396058130605,1789095259.7150548
-4.142924783661768,3.9242187666443296,2.0971396058130605,1789095259.8150241
-4.142924783661768,3.9242187666443296,2.0971396058130605,1789095259.91524
-4.142924783661768,3.9242187666443296,2.0971396058130605,1789095260.0151799
-4.142924783661768,3.9242187666443296,2.0971396058130605,1789095260.114999
-4.142924783661768,3.9242187666443296,2.0971396058130605,1789095260.2151027
-4.142924783661768,3.9242187666443296,2.0971396058130605,1789095260.3151512
-4.142924783661768,3.9242187666443296,2.0971396058130605,1789095260.4150283
-4.142924783661768,3.9242187666443296,2.0971396058130605,1789095260.5151532
-4.142924783661768,3.9242187666443296,2.0971396058130605,1789095260.615206
-4.142924783661768,3.9242187666443296,2.0971396058130605,1789095260.7149794
-4.142924783661768,3.9242187666443296,2.0971396058130605,1789095260.8150904
-4.142924783661768,3.9242187666443296,2.0971396058130605,1789095260.9149802
-4.142924783661768,3.9242187666443296,2.0971396058130605,1789095261.0149937
-4.142924783661768,3.9242187666443296,2.0971396058130605,1789095261.1152859
-4.142924783661768,3.9242187666443296,2.0971396058130605,1789095261.2151184
-4.142924783661768,3.9242187666443296,2.0971396058130605,1789095261.3153498
-4.142924783661768,3.9242187666443296,2.0971396058130605,1789095261.4150302
-4.142924783661768,3.9242187666443296,2.0971396058130605,1789095261.5152462
-4.142924783661768,3.9242187666443296,2.0971396058130605,1789095261.6149466
-4.142924783661768,3.9242187666443296,2.0971396058130605,1789095261.7151365
-4.142924783661768,3.9242187666443296,2.0971396058130605,1789095261.8149972
-4.142924783661768,3.9242187666443296,2.0971396058130605,1789095261.9154305
-4.142924783661768,3.9242187666443296,2.0971396058130605,1789095262.0150697
-4.142924783661768,3.9242187666443296,2.0971396058130605,1789095262.115066
-4.142924783661768,3.9242187666443296,2.0971396058130605,1789095262.2151484
-4.142924783661768,3.9242187666443296,2.0971396058130605,1789095262.3150613
-4.142924783661768,3.9242187666443296,2.0971396058130605,1789095262.4151447
-4.142924783661768,3.9242187666443296,2.0971396058130605,1789095262.515116
-4.142924783661768,3.9242187666443296,2.0971396058130605,1789095262.6150386
-4.142924783661768,3.9242187666443296,2.0971396058130605,1789095262.7150056
-4.142924783661768,3.9242187666443296,2.0971396058130605,1789095262.814977
-4.142924783661768,3.9242187666443296,2.0971396058130605,1789095262.9152486
-4.142924783661768,3.9242187666443296,2.0971396058130605,1789095263.0152686
-4.142924783661768,3.9242187666443296,2.0971396058130605,1789095263.114961
-4.142924783661768,3.9242187666443296,2.0971396058130605,1789095263.2149076
-4.142924783661768,3.9242187666443296,2.0971396058130605,1789095263.3152685
-4.142924783661768,3.9242187666443296,2.0971396058130605,1789095263.416724
-4.142924783661768,3.9242187666443296,2.0971396058130605,1789095263.5150685
-4.142924783661768,3.9242187666443296,2.0971396058130605,1789095263.6151464
-4.142924783661768,3.9242187666443296,2.0971396058130605,1789095263.7150748
-4.142924783661768,3.9242187666443296,2.0971396058130605,1789095263.8148863
-4.142924783661768,3.9242187666443296,2.0971396058130605,1789095263.915277
-4.142924783661768,3.9242187666443296,2.0971396058130605,1789095264.0149534
-4.142924783661768,3.9242187666443296,2.0971396058130605,1789095264.1150692
-4.142924783661768,3.9242187666443296,2.0971396058130605,1789095264.2150793
-4.142924783661768,3.9242187666443296,2.0971396058130605,1789095264.315096
-4.142924783661768,3.9242187666443296,2.0971396058130605,1789095264.4149163
-4.142924783661768,3.9242187666443296,2.0971396058130605,1789095264.5150435
-4.142924783661768,3.9242187666443296,2.0971396058130605,1789095264.6149693
-4.142924783661768,3.9242187666443296,2.0971396058130605,1789095264.7149622
-4.142924783661768,3.9242187666443296,2.0971396058130605,1789095264.8149693
-4.142924783661768,3.9242187666443296,2.0971396058130605,1789095264.9149706
-4.142924783661768,3.9242187666443296,2.0971396058130605,1789095265.014991
-4.142924783661768,3.9242187666443296,2.0971396058130605,1789095265.1152928
-4.142924783661768,3.9242187666443296,2.0971396058130605,1789095265.2151287
-4.142924783661768,3.9242187666443296,2.0971396058130605,1789095265.3149579
-4.142924783661768,3.9242187666443296,2.0971396058130605,1789095265.4149046
-4.142924783661768,3.9242187666443296,2.0971396058130605,1789095265.5150492
-4.142924783661768,3.9242187666443296,2.0971396058130605,1789095265.6150386
-4.142924783661768,3.9242187666443296,2.0971396058130605,1789095265.7150996
-4.142924783661768,3.9242187666443296,2.0971396058130605,1789095265.8149776
-4.142924783661768,3.9242187666443296,2.0971396058130605,1789095265.9151616
-4.142924783661768,3.9242187666443296,2.0971396058130605,1789095266.014953
-4.142924783661768,3.9242187666443296,2.0971396058130605,1789095266.1151783
-4.142924783661768,3.9242187666443296,2.0971396058130605,1789095266.214932
-4.142924783661768,3.9242187666443296,2.0971396058130605,1789095266.3150356
-4.142924783661768,3.9242187666443296,2.0971396058130605,1789095266.4150288
-4.142924783661768,3.9242187666443296,2.0971396058130605,1789095266.5151846
-4.142924783661768,3.9242187666443296,2.0971396058130605,1789095266.6149998
-4.142924783661768,3.9242187666443296,2.0971396058130605,1789095266.7150345
-4.142924783661768,3.9242187666443296,2.0971396058130605,1789095266.8150773
-4.142924783661768,3.9242187666443296,2.0971396058130605,1789095266.9151714
-4.142924783661768,3.9242187666443296,2.0971396058130605,1789095267.0149274
-4.142924783661768,3.9242187666443296,2.0971396058130605,1789095267.1151257
-4.142924783661768,3.9242187666443296,2.0971396058130605,1789095267.2150025
-4.142924783661768,3.9242187666443296,2.0971396058130605,1789095267.3150506
-4.142924783661768,3.9242187666443296,2.0971396058130605,1789095267.4151082
-4.142924783661768,3.9242187666443296,2.0971396058130605,1789095267.5177097
-4.142924783661768,3.9242187666443296,2.0971396058130605,1789095267.6149185
-4.142924783661768,3.9242187666443296,2.0971396058130605,1789095267.715099
-4.142924783661768,3.9242187666443296,2.0971396058130605,1789095267.8150778
-4.142924783661768,3.9242187666443296,2.0971396058130605,1789095267.915083
-4.142924783661768,3.9242187666443296,2.0971396058130605,1789095268.0150914
-4.142924783661768,3.9242187666443296,2.0971396058130605,1789095268.11525
-4.142924783661768,3.9242187666443296,2.0971396058130605,1789095268.2149975
-4.142924783661768,3.9242187666443296,2.0971396058130605,1789095268.314955
-4.142924783661768,3.9242187666443296,2.0971396058130605,1789095268.4149716
-4.142924783661768,3.9242187666443296,2.0971396058130605,1789095268.515263
-4.142924783661768,3.9242187666443296,2.0971396058130605,1789095268.6151943
-4.142924783661768,3.9242187666443296,2.0971396058130605,1789095268.7150788
-4.142924783661768,3.9242187666443296,2.0971396058130605,1789095268.8150342
-4.142924783661768,3.9242187666443296,2.0971396058130605,1789095268.9152083
-4.142924783661768,3.9242187666443296,2.0971396058130605,1789095269.0148826
-4.142924783661768,3.9242187666443296,2.0971396058130605,1789095269.115127
-4.142924783661768,3.9242187666443296,2.0971396058130605,1789095269.214933
-4.142924783661768,3.9242187666443296,2.0971396058130605,1789095269.315006
-4.142924783661768,3.9242187666443296,2.0971396058130605,1789095269.4151123
-4.142924783661768,3.9242187666443296,2.0971396058130605,1789095269.515264
-4.142924783661768,3.9242187666443296,2.0971396058130605,1789095269.6150644
-4.142924783661768,3.9242187666443296,2.0971396058130605,1789095269.7150874
-4.142924783661768,3.9242187666443296,2.0971396058130605,1789095269.8150916
-4.142924783661768,3.9242187666443296,2.0971396058130605,1789095269.9149568
-4.142924783661768,3.9242187666443296,2.0971396058130605,1789095270.015063
-4.142924783661768,3.9242187666443296,2.0971396058130605,1789095270.1151254
-4.142924783661768,3.9242187666443296,2.0971396058130605,1789095270.215018
-4.142924783661768,3.9242187666443296,2.0971396058130605,1789095270.315037
-4.142924783661768,3.9242187666443296,2.0971396058130605,1789095270.4150856
-4.142924783661768,3.9242187666443296,2.0971396058130605,1789095270.5152717
-4.142924783661768,3.9242187666443296,2.0971396058130605,1789095270.6150162
-4.142924783661768,3.9242187666443296,2.0971396058130605,1789095270.715041
-4.142924783661768,3.9242187666443296,2.0971396058130605,1789095270.8150337
-4.142924783661768,3.9242187666443296,2.0971396058130605,1789095270.914939
-4.142924783661768,3.9242187666443296,2.0971396058130605,1789095271.0151114
-4.142924783661768,3.9242187666443296,2.0971396058130605,1789095271.1150331
-4.142924783661768,3.9242187666443296,2.0971396058130605,1789095271.2149978
-4.142924783661768,3.9242187666443296,2.0971396058130605,1789095271.3152902
-4.142924783661768,3.9242187666443296,2.0971396058130605,1789095271.415082
-4.142924783661768,3.9242187666443296,2.0971396058130605,1789095271.5149837
-4.142924783661768,3.9242187666443296,2.0971396058130605,1789095271.6152725
-4.142924783661768,3.9242187666443296,2.0971396058130605,1789095271.7152436
-4.142924783661768,3.9242187666443296,2.0971396058130605,1789095271.8150904
-4.142924783661768,3.9242187666443296,2.0971396058130605,1789095271.915144
-4.142924783661768,3.9242187666443296,2.0971396058130605,1789095272.0150657
-4.142924783661768,3.9242187666443296,2.0971396058130605,1789095272.1149342
-4.142924783661768,3.9242187666443296,2.0971396058130605,1789095272.2150908
-4.142924783661768,3.9242187666443296,2.0971396058130605,1789095272.3152208
-4.142924783661768,3.9242187666443296,2.0971396058130605,1789095272.4150891
-4.142924783661768,3.9242187666443296,2.0971396058130605,1789095272.5151675
-4.142924783661768,3.9242187666443296,2.0971396058130605,1789095272.6150491
-4.142924783661768,3.9242187666443296,2.0971396058130605,1789095272.7150576
-4.142924783661768,3.9242187666443296,2.0971396058130605,1789095272.815124
-4.142924783661768,3.9242187666443296,2.0971396058130605,1789095272.9150786
-4.142924783661768,3.9242187666443296,2.0971396058130605,1789095273.0151224
-4.142924783661768,3.9242187666443296,2.0971396058130605,1789095273.11501
-4.142924783661768,3.9242187666443296,2.0971396058130605,1789095273.215007
-4.142924783661768,3.9242187666443296,2.0971396058130605,1789095273.3151655
-4.142924783661768,3.9242187666443296,2.0971396058130605,1789095273.41502
-4.142924783661768,3.9242187666443296,2.0971396058130605,1789095273.5151598
-4.142924783661768,3.9242187666443296,2.0971396058130605,1789095273.6151567
-4.142924783661768,3.9242187666443296,2.0971396058130605,1789095273.7150939
-4.142924783661768,3.9242187666443296,2.0971396058130605,1789095273.8149555
-4.142924783661768,3.9242187666443296,2.0971396058130605,1789095273.9151795
-4.142924783661768,3.9242187666443296,2.0971396058130605,1789095274.0152292
-4.142924783661768,3.9242187666443296,2.0971396058130605,1789095274.115152
-4.142924783661768,3.9242187666443296,2.0971396058130605,1789095274.214976
-4.142924783661768,3.9242187666443296,2.0971396058130605,1789095274.3149807
-4.142924783661768,3.9242187666443296,2.0971396058130605,1789095274.414959
-4.142924783661768,3.9242187666443296,2.0971396058130605,1789095274.51501
-4.142924783661768,3.9242187666443296,2.0971396058130605,1789095274.6150537
-4.142924783661768,3.9242187666443296,2.0971396058130605,1789095274.7150927
-4.142924783661768,3.9242187666443296,2.0971396058130605,1789095274.815229
-4.142924783661768,3.9242187666443296,2.0971396058130605,1789095274.9151247
-4.142924783661768,3.9242187666443296,2.0971396058130605,1789095275.015132
-4.142924783661768,3.9242187666443296,2.0971396058130605,1789095275.1150174
-4.142924783661768,3.9242187666443296,2.0971396058130605,1789095275.2150269
-4.142924783661768,3.9242187666443296,2.0971396058130605,1789095275.3153079
-4.142924783661768,3.9242187666443296,2.0971396058130605,1789095275.4150424
-4.142924783661768,3.9242187666443296,2.0971396058130605,1789095275.515013
-4.142924783661768,3.9242187666443296,2.0971396058130605,1789095275.6150312
-4.142924783661768,3.9242187666443296,2.0971396058130605,1789095275.715395
-4.142924783661768,3.9242187666443296,2.0971396058130605,1789095275.8150244
-4.142924783661768,3.9242187666443296,2.0971396058130605,1789095275.9150715
-4.142924783661768,3.9242187666443296,2.0971396058130605,1789095276.0150242
-4.142924783661768,3.9242187666443296,2.0971396058130605,1789095276.1150491
-4.142924783661768,3.9242187666443296,2.0971396058130605,1789095276.2150435
-4.142924783661768,3.9242187666443296,2.0971396058130605,1789095276.3151398
-4.142924783661768,3.9242187666443296,2.0971396058130605,1789095276.4150207
-4.142924783661768,3.9242187666443296,2.0971396058130605,1789095276.5151522
-4.142924783661768,3.9242187666443296,2.0971396058130605,1789095276.6150537
-4.142924783661768,3.9242187666443296,2.0971396058130605,1789095276.7150369
-4.142924783661768,3.9242187666443296,2.0971396058130605,1789095276.8150089
-4.142924783661768,3.9242187666443296,2.0971396058130605,1789095276.9151967
-4.142924783661768,3.9242187666443296,2.0971396058130605,1789095277.0149508
-4.142924783661768,3.9242187666443296,2.0971396058130605,1789095277.1149676
-4.142924783661768,3.9242187666443296,2.0971396058130605,1789095277.2151055
-4.142924783661768,3.9242187666443296,2.0971396058130605,1789095277.3149273
-4.142924783661768,3.9242187666443296,2.0971396058130605,1789095277.414933
-4.142924783661768,3.9242187666443296,2.0971396058130605,1789095277.5149715
-4.142924783661768,3.9242187666443296,2.0971396058130605,1789095277.6151693
-4.142924783661768,3.9242187666443296,2.0971396058130605,1789095277.7150817
-4.142924783661768,3.9242187666443296,2.0971396058130605,1789095277.8149257
-4.142924783661768,3.9242187666443296,2.0971396058130605,1789095277.9151862
-4.142924783661768,3.9242187666443296,2.0971396058130605,1789095278.0149841
-4.142924783661768,3.9242187666443296,2.0971396058130605,1789095278.1152308
-4.142924783661768,3.9242187666443296,2.0971396058130605,1789095278.214985
-4.142924783661768,3.9242187666443296,2.0971396058130605,1789095278.3150237
-4.142924783661768,3.9242187666443296,2.0971396058130605,1789095278.4148726
-4.142924783661768,3.9242187666443296,2.0971396058130605,1789095278.5152805
-4.142924783661768,3.9242187666443296,2.0971396058130605,1789095278.615061
-4.142924783661768,3.9242187666443296,2.0971396058130605,1789095278.7153504
-4.142924783661768,3.9242187666443296,2.0971396058130605,1789095278.814938
-4.142924783661768,3.9242187666443296,2.0971396058130605,1789095278.915316
-4.142924783661768,3.9242187666443296,2.0971396058130605,1789095279.015064
-4.142924783661768,3.9242187666443296,2.0971396058130605,1789095279.1151493
-4.142924783661768,3.9242187666443296,2.0971396058130605,1789095279.2150433
-4.142924783661768,3.9242187666443296,2.0971396058130605,1789095279.3149486
-4.142924783661768,3.9242187666443296,2.0971396058130605,1789095279.4150512
-4.142924783661768,3.9242187666443296,2.0971396058130605,1789095279.5150046
-4.142924783661768,3.9242187666443296,2.0971396058130605,1789095279.6151822
-4.142924783661768,3.9242187666443296,2.0971396058130605,1789095279.7152123
-4.142924783661768,3.9242187666443296,2.0971396058130605,1789095279.8150003
-4.142924783661768,3.9242187666443296,2.0971396058130605,1789095279.9154177
-4.142924783661768,3.9242187666443296,2.0971396058130605,1789095280.0149689
-4.142924783661768,3.9242187666443296,2.0971396058130605,1789095280.1151736
-4.142924783661768,3.9242187666443296,2.0971396058130605,1789095280.2149744
-4.142924783661768,3.9242187666443296,2.0971396058130605,1789095280.3152823
-4.142924783661768,3.9242187666443296,2.0971396058130605,1789095280.4151647
-4.142924783661768,3.9242187666443296,2.0971396058130605,1789095280.5150235
-4.142924783661768,3.9242187666443296,2.0971396058130605,1789095280.6150854
-4.142924783661768,3.9242187666443296,2.0971396058130605,1789095280.7149708
-4.142924783661768,3.9242187666443296,2.0971396058130605,1789095280.8150342
-4.142924783661768,3.9242187666443296,2.0971396058130605,1789095280.9152436
-4.142924783661768,3.9242187666443296,2.0971396058130605,1789095281.0151706
-4.142924783661768,3.9242187666443296,2.0971396058130605,1789095281.1150644
-4.142924783661768,3.9242187666443296,2.0971396058130605,1789095281.2150083
-4.142924783661768,3.9242187666443296,2.0971396058130605,1789095281.315168
-4.142924783661768,3.9242187666443296,2.0971396058130605,1789095281.415041
-4.142924783661768,3.9242187666443296,2.0971396058130605,1789095281.5150201
-4.142924783661768,3.9242187666443296,2.0971396058130605,1789095281.6150029
-4.142924783661768,3.9242187666443296,2.0971396058130605,1789095281.7153463
-4.142924783661768,3.9242187666443296,2.0971396058130605,1789095281.8152237
-4.142924783661768,3.9242187666443296,2.0971396058130605,1789095281.9152431
-4.142924783661768,3.9242187666443296,2.0971396058130605,1789095282.0150583
-4.142924783661768,3.9242187666443296,2.0971396058130605,1789095282.115183
-4.142924783661768,3.9242187666443296,2.0971396058130605,1789095282.2150977
-4.142924783661768,3.9242187666443296,2.0971396058130605,1789095282.315084
-4.142924783661768,3.9242187666443296,2.0971396058130605,1789095282.4152045
-4.142924783661768,3.9242187666443296,2.0971396058130605,1789095282.515194
-4.142924783661768,3.9242187666443296,2.0971396058130605,1789095282.6151059
-4.142924783661768,3.9242187666443296,2.0971396058130605,1789095282.7150626
-4.142924783661768,3.9242187666443296,2.0971396058130605,1789095282.815097
-4.142924783661768,3.9242187666443296,2.0971396058130605,1789095282.9150977
-4.142924783661768,3.9242187666443296,2.0971396058130605,1789095283.015
-4.142924783661768,3.9242187666443296,2.0971396058130605,1789095283.1150286
-4.142924783661768,3.9242187666443296,2.0971396058130605,1789095283.2151158
