frame,plan_index,point_index,stamp,x,y,yaw
map,0,0,1788743263.9182897,5.912689239171591,-5.9757724989585945,0.0
map,0,1,1788743263.9182897,5.912738067297319,-5.948331092299686,0.0
map,0,2,1788743263.9182897,5.912762481360183,-5.923331091927157,0.0
map,0,3,1788743263.9182897,5.912794524817691,-5.898331091554628,0.0
map,0,4,1788743263.9182897,5.912835723548774,-5.873331091182099,0.0
map,0,5,1788743263.9182897,5.912889129311289,-5.84833109080957,0.0
map,0,6,1788743263.9182897,5.912951690347377,-5.823331090437041,0.0
map,0,7,1788743263.9182897,5.9130295101727555,-5.7983310900645115,0.0
map,0,8,1788743263.9182897,5.913119537029566,-5.7733310896919825,0.0
map,0,9,1788743263.9182897,5.913227874433524,-5.7483310893194535,0.0
map,0,10,1788743263.9182897,5.913349944747843,-5.723331088946924,0.0
map,0,11,1788743263.9182897,5.913493377367168,-5.698332614453324,0.0
map,0,12,1788743263.9182897,5.913653594654711,-5.673332614080795,0.0
map,0,13,1788743263.9182897,5.91383670012619,-5.648332613708266,0.0
map,0,14,1788743263.9182897,5.914038116144816,-5.623334139214666,0.0
map,0,15,1788743263.9182897,5.914263946226306,-5.598335664721066,0.0
map,0,16,1788743263.9182897,5.914511138612802,-5.573335664348537,0.0
map,0,17,1788743263.9182897,5.914784270941091,-5.548337189854937,0.0
map,0,18,1788743263.9182897,5.9150802914533145,-5.523340241240266,0.0
map,0,19,1788743263.9182897,5.91540377778626,-5.498341766746666,0.0
map,0,20,1788743263.9182897,5.91575015230314,-5.473344818131995,0.0
map,0,21,1788743263.9182897,5.9161270443986,-5.448346343638395,0.0
map,0,22,1788743263.9182897,5.9165283505569235,-5.423349395023724,0.0
map,0,23,1788743263.9182897,5.916960174293827,-5.398353972287982,0.0
map,0,24,1788743263.9182897,5.917419463851452,-5.37335854955224,0.0
map,0,25,1788743263.9182897,5.917909270987657,-5.348363126816498,0.0
map,0,26,1788743263.9182897,5.918425018065655,-5.323367704080756,0.0
map,0,27,1788743263.9182897,5.91897433448009,-5.298373807223943,0.0
map,0,28,1788743263.9182897,5.9195511167152475,-5.2733814362460585,0.0
map,0,29,1788743263.9182897,5.920159942407913,-5.248389065268174,0.0
map,0,30,1788743263.9182897,5.920799285679159,-5.22339669429029,0.0
map,0,31,1788743263.9182897,5.921470672407914,-5.198405849191335,0.0
map,0,32,1788743263.9182897,5.922172576715248,-5.17341500409238,0.0
map,0,33,1788743263.9182897,5.92290805035902,-5.148425684872354,0.0
map,0,34,1788743263.9182897,5.923674041581371,-5.123437891531257,0.0
map,0,35,1788743263.9182897,5.92447512801909,-5.09845009819016,0.0
map,0,36,1788743263.9182897,5.925779754503374,-5.073485193032997,0.0
map,0,37,1788743263.9182897,5.926924163700114,-5.048511132602261,0.0
map,0,38,1788743263.9182897,5.9177536313369,-5.025253685966636,0.0
map,0,39,1788743263.9182897,5.912689239171591,-5.000772484429962,0.0
map,0,40,1788743263.9182897,5.912689239171591,-4.975772484057433,0.0
map,0,41,1788743263.9182897,5.912689239171591,-4.925772483312375,0.0
map,0,42,1788743263.9182897,5.862689238426533,-4.875772482567317,0.0
map,0,43,1788743263.9182897,5.812689237681475,-4.825772481822259,0.0
map,0,44,1788743263.9182897,5.812689237681475,-4.775772481077201,0.0
map,0,45,1788743263.9182897,5.812689237681475,-4.725772480332143,0.0
map,0,46,1788743263.9182897,5.762689236936417,-4.675772479587085,0.0
map,0,47,1788743263.9182897,5.762689236936417,-4.625772478842027,0.0
map,0,48,1788743263.9182897,5.741641262989965,-4.593985368993362,0.0
map,0,49,1788743263.9182897,5.737220791732689,-4.569379045384512,0.0
map,0,50,1788743263.9182897,5.733239773606961,-4.544697953708141,0.0
map,0,51,1788743263.9182897,5.741961697565053,-4.52126808275354,0.0
map,0,52,1788743263.9182897,5.747984341697766,-4.497005081903712,0.0
map,0,53,1788743263.9182897,5.748916653723377,-4.472023392078331,0.0
map,0,54,1788743263.9182897,5.750006131278674,-4.4470462798897366,0.0
map,0,55,1788743263.9182897,5.751178006296136,-4.422073745337929,0.0
map,0,56,1788743263.9182897,5.7524917880539945,-4.397108840180767,0.0
map,0,57,1788743263.9182897,5.753858975574367,-4.372145460902534,0.0
map,0,58,1788743263.9182897,5.755360440440491,-4.347191236897874,0.0
map,0,59,1788743263.9182897,5.756912259311271,-4.322238538772144,0.0
map,0,60,1788743263.9182897,5.758596829648873,-4.297296521798916,0.0
map,0,61,1788743263.9182897,5.7603409092647055,-4.272357556583547,0.0
map,0,62,1788743263.9182897,5.762219266226289,-4.247427746641751,0.0
map,0,63,1788743263.9182897,5.766816739439328,-4.22285346649041,0.0
map,0,64,1788743263.9182897,5.771533231208828,-4.198303600401932,0.0
map,0,65,1788743263.9182897,5.776257352372973,-4.173753734313454,0.0
map,0,66,1788743263.9182897,5.781094388577863,-4.149225230529982,0.0
map,0,67,1788743263.9182897,5.785946683572043,-4.124701304383297,0.0
map,0,68,1788743263.9182897,5.7909103677280385,-4.100198740541618,0.0
map,0,69,1788743263.9182897,5.795893888310111,-4.075700754336726,0.0
map,0,70,1788743263.9182897,5.800984220417213,-4.0512241304368395,0.0
map,0,71,1788743263.9182897,5.806163053502196,-4.026765817084101,0.0
map,0,72,1788743263.9182897,5.811381559439333,-4.002316659004936,0.0
map,0,73,1788743263.9182897,5.8169967938980065,-3.977956001903653,0.0
map,0,74,1788743263.9182897,5.822598295446319,-3.9535922930445118,0.0
map,0,75,1788743263.9182897,5.828237943967856,-3.9292362135800154,0.0
map,0,76,1788743263.9182897,5.833874540731536,-3.904880134115519,0.0
map,0,77,1788743263.9182897,5.839553862105227,-3.8805332099245966,0.0
map,0,78,1788743263.9182897,5.845237761115705,-3.856187811612603,0.0
map,0,79,1788743263.9182897,5.850964384736194,-3.8318530944531126,0.0
map,0,80,1788743263.9182897,5.856701689509187,-3.807519903172551,0.0
map,0,81,1788743263.9182897,5.86248324477112,-3.7831973930444924,0.0
map,0,82,1788743263.9182897,5.868423491441668,-3.7589145557685875,0.0
map,0,83,1788743263.9182897,5.874388152175079,-3.7346362961294695,0.0
map,0,84,1788743263.9182897,5.880345183513846,-3.7103565106114225,0.0
map,0,85,1788743263.9182897,5.8863296806733345,-3.6860828286090914,0.0
map,0,86,1788743263.9182897,5.892311126074965,-3.6618091466067604,0.0
map,0,87,1788743263.9182897,5.898323089055175,-3.6375415681201453,0.0
map,0,88,1788743263.9182897,5.904336577914314,-3.613277041391388,0.0
map,0,89,1788743263.9182897,5.910379058473104,-3.589017092299418,0.0
map,0,90,1788743263.9182897,5.9165268246779945,-3.5647846090281696,0.0
map,0,91,1788743263.9182897,5.9226898496721745,-3.540556703393708,0.0
map,0,92,1788743263.9182897,5.9288467711506385,-3.516327271880318,0.0
map,0,93,1788743263.9182897,5.93502200317625,-3.4921024180037143,0.0
map,0,94,1788743263.9182897,5.941195709322933,-3.467876038248182,0.0
map,0,95,1788743263.9182897,5.947389251895693,-3.4436557620083654,0.0
map,0,96,1788743263.9182897,5.953584320347382,-3.419435485768549,0.0
map,0,97,1788743263.9182897,5.959800751104076,-3.3952197871655194,0.0
map,0,98,1788743263.9182897,5.966087372291504,-3.3710239249885667,0.0
map,0,99,1788743263.9182897,5.972386200510364,-3.346829588690543,0.0
map,0,100,1788743263.9182897,5.978680451092437,-3.3226352523925193,0.0
map,0,101,1788743263.9182897,5.984991486342729,-3.2984454937312826,0.0
map,0,102,1788743263.9182897,5.9912979439562335,-3.274254209191117,0.0
map,0,103,1788743263.9182897,5.997622712116886,-3.250067502287738,0.0
map,0,104,1788743263.9182897,6.0039612131879,-3.2258838471422173,0.0
map,0,105,1788743263.9182897,6.010302766016771,-3.2017017178756255,0.0
map,0,106,1788743263.9182897,6.016706879881731,-3.1775348473983236,0.0
map,0,107,1788743263.9182897,6.023109467867762,-3.1533695027999507,0.0
map,0,108,1788743263.9182897,6.029521211127367,-3.1292056840805067,0.0
map,0,109,1788743263.9182897,6.035934480265901,-3.1050418653610627,0.0
map,0,110,1788743263.9182897,6.042356904678009,-3.0808810983994768,0.0
map,0,111,1788743263.9182897,6.048780854969046,-3.056720331437891,0.0
map,0,112,1788743263.9182897,6.055217012291514,-3.032562616234163,0.0
map,0,113,1788743263.9182897,6.061656221371841,-3.0084064269093638,0.0
map,0,114,1788743263.9182897,6.068132051546463,-2.9842593928581387,0.0
map,0,115,1788743263.9182897,6.074609407600015,-2.9601138846858426,0.0
map,0,116,1788743263.9182897,6.081097444806069,-2.9359699023924755,0.0
map,0,117,1788743263.9182897,6.087587007891052,-2.9118274459780373,0.0
map,0,118,1788743263.9182897,6.0940872521285385,-2.887686515442528,0.0
map,0,119,1788743263.9182897,6.100590548123883,-2.863547110785948,0.0
map,0,120,1788743263.9182897,6.10710452527173,-2.839410757887226,0.0
map,0,121,1788743263.9182897,6.11362918357208,-2.8152774567463617,0.0
map,0,122,1788743263.9182897,6.120167574782791,-2.7911472073633554,0.0
map,0,123,1788743263.9182897,6.1267090177513595,-2.767018483859278,0.0
map,0,124,1788743263.9182897,6.133261141872431,-2.742892812113059,0.0
map,0,125,1788743263.9182897,6.13981784363029,-2.7187671403668396,0.0
map,0,126,1788743263.9182897,6.146383700661723,-2.6946460462574073,0.0
map,0,127,1788743263.9182897,6.152954135329942,-2.670524952147975,0.0
map,0,128,1788743263.9182897,6.159535251150665,-2.6464069097964007,0.0
map,0,129,1788743263.9182897,6.166123996366032,-2.6222903933237554,0.0
map,0,130,1788743263.9182897,6.1727234227339025,-2.598176928608968,0.0
map,0,131,1788743263.9182897,6.17932742673856,-2.5740649897731096,0.0
map,0,132,1788743263.9182897,6.18594211189572,-2.549956102695109,0.0
map,0,133,1788743263.9182897,6.192567478205383,-2.5258502673749668,0.0
map,0,134,1788743263.9182897,6.199195896272904,-2.5017444320548243,0.0
map,0,135,1788743263.9182897,6.205834995492928,-2.47764164849254,0.0
map,0,136,1788743263.9182897,6.21247714647081,-2.4535403908091844,0.0
map,0,137,1788743263.9182897,6.219131504480124,-2.429442184883687,0.0
map,0,138,1788743263.9182897,6.225791966005154,-2.4053455048371184,0.0
map,0,139,1788743263.9182897,6.232461582803758,-2.381251876548408,0.0
map,0,140,1788743263.9182897,6.23913425136022,-2.3571582482596973,0.0
map,0,141,1788743263.9182897,6.245816075190255,-2.3330691976077738,0.0
map,0,142,1788743263.9182897,6.252502476657078,-2.308978621076921,0.0
map,0,143,1788743263.9182897,6.259196507518546,-2.2848926221828556,0.0
map,0,144,1788743263.9182897,6.265899693653587,-2.260808149167719,0.0
map,0,145,1788743263.9182897,6.272610509183274,-2.2367252020315114,0.0
map,0,146,1788743263.9182897,6.279324376470818,-2.2126437807742327,0.0
map,0,147,1788743263.9182897,6.286047399031936,-2.188563885395883,0.0
map,0,148,1788743263.9182897,6.292773473350913,-2.1644870417753914,0.0
map,0,149,1788743263.9182897,6.299508702943463,-2.1404101981548997,0.0
map,0,150,1788743263.9182897,6.306246984293871,-2.116334880413337,0.0
map,0,151,1788743263.9182897,6.312997472675711,-2.0922641403085613,0.0
map,0,152,1788743263.9182897,6.31974948693648,-2.0681934002037856,0.0
map,0,153,1788743263.9182897,6.326510656470823,-2.044125711856868,0.0
map,0,154,1788743263.9182897,6.333274877763024,-2.02005802350995,0.0
map,0,155,1788743263.9182897,6.34004672844987,-1.9959918610419614,0.0
map,0,156,1788743263.9182897,6.346821630894574,-1.9719272244529016,0.0
map,0,157,1788743263.9182897,6.353604162733923,-1.9478656396216998,0.0
map,0,158,1788743263.9182897,6.360388220452201,-1.923804054790498,0.0
map,0,159,1788743263.9182897,6.367184485201911,-1.8997455217171542,0.0
map,0,160,1788743263.9182897,6.373983801709478,-1.8756869886438103,0.0
map,0,161,1788743263.9182897,6.380790747611691,-1.8516315073283245,0.0
map,0,162,1788743263.9182897,6.387602271150691,-1.8275775518917676,0.0
map,0,163,1788743263.9182897,6.394418372326477,-1.8035251223341398,0.0
map,0,164,1788743263.9182897,6.40124057701798,-1.7794726927765119,0.0
map,0,165,1788743263.9182897,6.408064307588411,-1.755423314976742,0.0
map,0,166,1788743263.9182897,6.414900245190275,-1.731375463055901,0.0
map,0,167,1788743263.9182897,6.421739234549996,-1.7073291370139891,0.0
map,0,168,1788743263.9182897,6.428584327425433,-1.6832843368510062,0.0
map,0,169,1788743263.9182897,6.4354309461798,-1.6592410625669523,0.0
map,0,170,1788743263.9182897,6.442283668449882,-1.6351977882828983,0.0
map,0,171,1788743263.9182897,6.449139442477822,-1.6111560398777733,0.0
map,0,172,1788743263.9182897,6.455999794142549,-1.5871158173515774,0.0
map,0,173,1788743263.9182897,6.4628693010808504,-1.5630786465832394,0.0
map,0,174,1788743263.9182897,6.4697433856559385,-1.5390414758149014,0.0
map,0,175,1788743263.9182897,6.476618996109956,-1.5150058309254923,0.0
map,0,176,1788743263.9182897,6.483502235958618,-1.4909717119150123,0.0
map,0,177,1788743263.9182897,6.49038547580728,-1.4669391187834613,0.0
map,0,178,1788743263.9182897,6.497276345050587,-1.4429065256519102,0.0
map,0,179,1788743263.9182897,6.5041672142938936,-1.4188754583992882,0.0
map,0,180,1788743263.9182897,6.511065712931845,-1.3948459170255951,0.0
map,0,181,1788743263.9182897,6.517968789206584,-1.370817901530831,0.0
map,0,182,1788743263.9182897,6.524877968997039,-1.346791411914996,0.0
map,0,183,1788743263.9182897,6.531788674666423,-1.3227664481780899,0.0
map,0,184,1788743263.9182897,6.538703957972594,-1.2987414844411838,0.0
map,0,185,1788743263.9182897,6.545622293036622,-1.2747180465832066,0.0
map,0,186,1788743263.9182897,6.552545205737438,-1.2506961346041585,0.0
map,0,187,1788743263.9182897,6.55947422195397,-1.2266742226251104,0.0
map,0,188,1788743263.9182897,6.566409341686217,-1.2026553624039202,0.0
map,0,189,1788743263.9182897,6.573347513176323,-1.178638028061659,0.0
map,0,190,1788743263.9182897,6.580288736424286,-1.154620693719398,0.0
map,0,191,1788743263.9182897,6.587234537309037,-1.1306048852560657,0.0
map,0,192,1788743263.9182897,6.594183389951645,-1.1065906026716625,0.0
map,0,193,1788743263.9182897,6.601136820231041,-1.0825763200872593,0.0
map,0,194,1788743263.9182897,6.608091776389365,-1.0585635633817851,0.0
map,0,195,1788743263.9182897,6.6150558878212635,-1.03455233255524,0.0
map,0,196,1788743263.9182897,6.622019999253162,-1.0105426276076237,0.0
map,0,197,1788743263.9182897,6.628990214200776,-0.9865344485389365,0.0
map,0,198,1788743263.9182897,6.6359619550273194,-0.9625262694702492,0.0
map,0,199,1788743263.9182897,6.64293827349065,-0.938519616280491,0.0
map,0,200,1788743263.9182897,6.649916117832909,-0.9145129630907327,0.0
map,0,201,1788743263.9182897,6.656898539811955,-0.8905078357799034,0.0
map,0,202,1788743263.9182897,6.663885539427788,-0.8665042343480032,0.0
map,0,203,1788743263.9182897,6.670878642559337,-0.8425021587950319,0.0
map,0,204,1788743263.9182897,6.6778717456908865,-0.8185000832420606,0.0
map,0,205,1788743263.9182897,6.6848694264592226,-0.7944995335680183,0.0
map,0,206,1788743263.9182897,6.691868633106488,-0.770498983893976,0.0
map,0,207,1788743263.9182897,6.698873943269469,-0.7464999600988627,0.0
map,0,208,1788743263.9182897,6.70587925343245,-0.7225024621826783,0.0
map,0,209,1788743263.9182897,6.712892192990076,-0.698504964266494,0.0
map,0,210,1788743263.9182897,6.7199066584266305,-0.6745105181081676,0.0
map,0,211,1788743263.9182897,6.726925701499972,-0.6505145460709123,0.0
map,0,212,1788743263.9182897,6.733947796331172,-0.6265216257915149,0.0
map,0,213,1788743263.9182897,6.74097294292023,-0.6025287055121176,0.0
map,0,214,1788743263.9182897,6.748001141267146,-0.5785373111116492,0.0
map,0,215,1788743263.9182897,6.755030865492991,-0.5545459167111808,0.0
map,0,216,1788743263.9182897,6.7620651673556225,-0.5305560481896414,0.0
map,0,217,1788743263.9182897,6.769104046855041,-0.506567705547031,0.0
map,0,218,1788743263.9182897,6.776145978112318,-0.4825793629044206,0.0
map,0,219,1788743263.9182897,6.783190961127453,-0.4585925461407392,0.0
map,0,220,1788743263.9182897,6.790237470021516,-0.43460725525598676,0.0
map,0,221,1788743263.9182897,6.797287030673438,-0.41062043849230534,0.0
map,0,222,1788743263.9182897,6.8043411689621465,-0.3866366734864819,0.0
map,0,223,1788743263.9182897,6.811395307250855,-0.36265290848065845,0.0
map,0,224,1788743263.9182897,6.818457074934209,-0.338670669353764,0.0
map,0,225,1788743263.9182897,6.825518842617562,-0.31468843022686954,0.0
map,0,226,1788743263.9182897,6.832585187937703,-0.2907077169789041,0.0
map,0,227,1788743263.9182897,6.839653059136772,-0.2667285296098676,0.0
map,0,228,1788743263.9182897,6.8467239820937,-0.2427493422408311,0.0
map,0,229,1788743263.9182897,6.853797956808485,-0.21877015487179463,0.0
map,0,230,1788743263.9182897,6.860874983281128,-0.19479249338168714,0.0
map,0,231,1788743263.9182897,6.86795506151163,-0.17081635777050863,0.0
map,0,232,1788743263.9182897,6.875038191499989,-0.1468417480382591,0.0
map,0,233,1788743263.9182897,6.8821228473672775,-0.1228656124270806,0.0
map,0,234,1788743263.9182897,6.889212080871353,-0.09889252857376007,0.0
map,0,235,1788743263.9182897,6.896302840254357,-0.07491944472043954,0.0
map,0,236,1788743263.9182897,6.903396651395219,-0.05094636086711901,0.0
map,0,237,1788743263.9182897,6.910495040172869,-0.026974802892727467,0.0
map,0,238,1788743263.9182897,6.917594954829447,-0.0030047707972649107,0.0
map,0,239,1788743263.9182897,6.924699447122812,0.02096373541926866,0.0
map,0,240,1788743263.9182897,6.931805465295106,0.044933767514731215,0.0
map,0,241,1788743263.9182897,6.938914535225258,0.0689007478523358,0.0
map,0,242,1788743263.9182897,6.9460251310343395,0.09286772818994038,0.0
map,0,243,1788743263.9182897,6.953140304480208,0.11683470852754496,0.0
map,0,244,1788743263.9182897,6.960257003805005,0.14080016298622056,0.0
map,0,245,1788743263.9182897,6.96737675488766,0.16476561744489615,0.0
map,0,246,1788743263.9182897,6.974498031849244,0.18872954602464276,0.0
map,0,247,1788743263.9182897,6.981623886447615,0.21269194872546038,0.0
map,0,248,1788743263.9182897,6.988751266924915,0.236654351426278,0.0
map,0,249,1788743263.9182897,6.995881699160073,0.2606167541270956,0.0
map,0,250,1788743263.9182897,7.00301365727416,0.28457763094898425,0.0
map,0,251,1788743263.9182897,7.010150193025034,0.3085369818919439,0.0
map,0,252,1788743263.9182897,7.0172867287759075,0.33249633283490354,0.0
map,0,253,1788743263.9182897,7.024427842163568,0.3564556837778632,0.0
map,0,254,1788743263.9182897,7.031570481430158,0.38041350884189384,0.0
map,0,255,1788743263.9182897,7.038717698333535,0.4043698080269955,0.0
map,0,256,1788743263.9182897,7.045864915236912,0.4283261072120972,0.0
map,0,257,1788743263.9182897,7.053016709777076,0.45228240639719886,0.0
map,0,258,1788743263.9182897,7.0601685043172395,0.47623717970337154,0.0
map,0,259,1788743263.9182897,7.06732487649419,0.5001904271306152,0.0
map,0,260,1788743263.9182897,7.07448277455007,0.5241436745578589,0.0
map,0,261,1788743263.9182897,7.081643724363808,0.5480969219851026,0.0
map,0,262,1788743263.9182897,7.088807725935403,0.5720486435334173,0.0
map,0,263,1788743263.9182897,7.095974779264857,0.595998839202803,0.0
map,0,264,1788743263.9182897,7.10314335847324,0.6199490348721888,0.0
map,0,265,1788743263.9182897,7.110313463560551,0.6438992305415745,0.0
map,0,266,1788743263.9182897,7.117486620405721,0.6678479003320312,0.0
map,0,267,1788743263.9182897,7.124662829008749,0.691795044243559,0.0
map,0,268,1788743263.9182897,7.131840563490705,0.7157421881550867,0.0
map,0,269,1788743263.9182897,7.13902134973052,0.7396893320666145,0.0
map,0,270,1788743263.9182897,7.146205187728192,0.7636349500992132,0.0
map,0,271,1788743263.9182897,7.153390551604794,0.787580568131812,0.0
map,0,272,1788743263.9182897,7.160578967239253,0.8115246602854818,0.0
map,0,273,1788743263.9182897,7.167768908752642,0.8354687524391515,0.0
map,0,274,1788743263.9182897,7.174960376144959,0.8594113187138923,0.0
map,0,275,1788743263.9182897,7.182154895295135,0.8833538849886331,0.0
map,0,276,1788743263.9182897,7.189352466203168,0.9072949253844449,0.0
map,0,277,1788743263.9182897,7.19655156299013,0.9312359657802567,0.0
map,0,278,1788743263.9182897,7.203753711534951,0.9551770061760685,0.0
map,0,279,1788743263.9182897,7.210958911837629,0.9791165206929513,0.0
map,0,280,1788743263.9182897,7.2181641121403075,1.0030545093309051,0.0
map,0,281,1788743263.9182897,7.225372364200844,1.026992497968859,0.0
map,0,282,1788743263.9182897,7.232583668019238,1.0509304866068128,0.0
map,0,283,1788743263.9182897,7.239796497716561,1.0748669493658376,0.0
map,0,284,1788743263.9182897,7.247012379171743,1.0988034121248624,0.0
map,0,285,1788743263.9182897,7.254231312384782,1.1227383490049583,0.0
map,0,286,1788743263.9182897,7.26145177147675,1.1466732858850541,0.0
map,0,287,1788743263.9182897,7.268673756447647,1.170606696886221,0.0
map,0,288,1788743263.9182897,7.2758972672974735,1.1945416337663168,0.0
map,0,289,1788743263.9182897,7.283125355784087,1.2184735188885547,0.0
map,0,290,1788743263.9182897,7.2903534442707,1.2424054040107926,0.0
map,0,291,1788743263.9182897,7.2975861103941,1.2663357632541015,0.0
map,0,292,1788743263.9182897,7.304820302396429,1.2902661224974104,0.0
map,0,293,1788743263.9182897,7.312057546156616,1.3141964817407192,0.0
map,0,294,1788743263.9182897,7.319293264037874,1.3381268409840281,0.0
map,0,295,1788743263.9182897,7.326533559555919,1.362055674348408,0.0
map,0,296,1788743263.9182897,7.333775380952893,1.385982981833859,0.0
map,0,297,1788743263.9182897,7.341021779986654,1.4099102893193098,0.0
map,0,298,1788743263.9182897,7.348269704899344,1.4338360709258318,0.0
map,0,299,1788743263.9182897,7.355519155690963,1.4577618525323537,0.0
map,0,300,1788743263.9182897,7.362767080603653,1.4816876341388756,0.0
map,0,301,1788743263.9182897,7.37001958315313,1.5056134157453975,0.0
map,0,302,1788743263.9182897,7.377273611581536,1.5295376714729905,0.0
map,0,303,1788743263.9182897,7.384532217646729,1.5534604013216544,0.0
map,0,304,1788743263.9182897,7.391792349590851,1.5773831311703184,0.0
map,0,305,1788743263.9182897,7.399055533292831,1.6013058610189823,0.0
map,0,306,1788743263.9182897,7.40632024287374,1.6252255391097883,0.0
map,0,307,1788743263.9182897,7.41358342657572,1.6491482689584522,0.0
map,0,308,1788743263.9182897,7.4208511879144865,1.6730679470492582,0.0
map,0,309,1788743263.9182897,7.428120475132182,1.6969876251400642,0.0
map,0,310,1788743263.9182897,7.435394339986665,1.7209073032308702,0.0
map,0,311,1788743263.9182897,7.442669730720077,1.7448239295638182,0.0
map,0,312,1788743263.9182897,7.449948173211347,1.7687420817756951,0.0
map,0,313,1788743263.9182897,7.457228141581545,1.7926571822297142,0.0
map,0,314,1788743263.9182897,7.464506584072815,1.8165753344415911,0.0
map,0,315,1788743263.9182897,7.471788078321943,1.8404904348956102,0.0
map,0,316,1788743263.9182897,7.4790726243289285,1.8644055353496292,0.0
map,0,317,1788743263.9182897,7.486360222093772,1.8883206358036482,0.0
map,0,318,1788743263.9182897,7.493650871616474,1.9122342103787382,0.0
map,0,319,1788743263.9182897,7.500944572897033,1.9361462590748992,0.0
map,0,320,1788743263.9182897,7.508241325935451,1.9600583077710603,0.0
map,0,321,1788743263.9182897,7.515531975458153,1.9839703564672213,0.0
map,0,322,1788743263.9182897,7.52282872849657,2.0078824051633823,0.0
map,0,323,1788743263.9182897,7.530127007413917,2.0317929279806144,0.0
map,0,324,1788743263.9182897,7.537431389846979,2.0557034507978464,0.0
map,0,325,1788743263.9182897,7.544735772280042,2.0796109218572205,0.0
map,0,326,1788743263.9182897,7.552044732349891,2.1035199187955236,0.0
map,0,327,1788743263.9182897,7.55935521829867,2.1274258639759687,0.0
map,0,328,1788743263.9182897,7.566661126610661,2.1513348609142717,0.0
map,0,329,1788743263.9182897,7.57397161255944,2.175242331973646,0.0
map,0,330,1788743263.9182897,7.581286676145005,2.199148277154091,0.0
map,0,331,1788743263.9182897,7.588604791488429,2.223052696455607,0.0
map,0,332,1788743263.9182897,7.59592595858971,2.246957115757123,0.0
map,0,333,1788743263.9182897,7.6032501774488495,2.27086000917971,0.0
map,0,334,1788743263.9182897,7.610575922186918,2.2947629026022973,0.0
map,0,335,1788743263.9182897,7.617897089288199,2.3186673219038134,0.0
map,0,336,1788743263.9182897,7.625221308147339,2.3425702153264005,0.0
map,0,337,1788743263.9182897,7.632550104643265,2.3664715828700587,0.0
map,0,338,1788743263.9182897,7.639883478775978,2.390371424534788,0.0
map,0,339,1788743263.9182897,7.647219904666549,2.414271266199517,0.0
map,0,340,1788743263.9182897,7.654559382314979,2.438169581985317,0.0
map,0,341,1788743263.9182897,7.661903437600195,2.4620663718921882,0.0
map,0,342,1788743263.9182897,7.669236811732908,2.4859662135569174,0.0
map,0,343,1788743263.9182897,7.676576289381337,2.5098645293427175,0.0
map,0,344,1788743263.9182897,7.683920344666554,2.5337628451285177,0.0
map,0,345,1788743263.9182897,7.691268977588557,2.55765810915646,0.0
map,0,346,1788743263.9182897,7.698620662268418,2.581551847305473,0.0
map,0,347,1788743263.9182897,7.705976924585066,2.6054455854544862,0.0
map,0,348,1788743263.9182897,7.713319453991353,2.6293423753613574,0.0
map,0,349,1788743263.9182897,7.720668086913356,2.6532391652682286,0.0
map,0,350,1788743263.9182897,7.7280228233510755,2.6771313775383128,0.0
map,0,351,1788743263.9182897,7.735382137425582,2.701023589808397,0.0
map,0,352,1788743263.9182897,7.742747555015804,2.724914276199552,0.0
map,0,353,1788743263.9182897,7.750116024363884,2.7488049625907074,0.0
map,0,354,1788743263.9182897,7.7574890713487505,2.7726925972240046,0.0
map,0,355,1788743263.9182897,7.764845333665399,2.796584809494089,0.0
map,0,356,1788743263.9182897,7.772209225376692,2.820475495885244,0.0
map,0,357,1788743263.9182897,7.77958074648263,2.8443646563974703,0.0
map,0,358,1788743263.9182897,7.786956845225355,2.8682522910307675,0.0
map,0,359,1788743263.9182897,7.7943390474837955,2.8921368739062068,0.0
map,0,360,1788743263.9182897,7.801725827379023,2.916021456781646,0.0
map,0,361,1788743263.9182897,7.80911413315318,2.9399045137781563,0.0
map,0,362,1788743263.9182897,7.816487180138047,2.9637921484114536,0.0
map,0,363,1788743263.9182897,7.823867856517559,2.987678257165822,0.0
map,0,364,1788743263.9182897,7.831253110533858,3.011561314162332,0.0
map,0,365,1788743263.9182897,7.838647519823731,3.0354443711588424,0.0
map,0,366,1788743263.9182897,7.846044980871461,3.0593243763974947,0.0
map,0,367,1788743263.9182897,7.853448545434908,3.083202855757218,0.0
map,0,368,1788743263.9182897,7.860855161756213,3.1070798092380123,0.0
map,0,369,1788743263.9182897,7.868241941651441,3.1309643921134516,0.0
map,0,370,1788743263.9182897,7.875634825062384,3.154845923231033,0.0
map,0,371,1788743263.9182897,7.883042967262618,3.178722876711827,0.0
map,0,372,1788743263.9182897,7.890451109462852,3.2025998301926215,0.0
map,0,373,1788743263.9182897,7.897862303420943,3.226476783673416,0.0
map,0,374,1788743263.9182897,7.905279600894751,3.250350685396352,0.0
map,0,375,1788743263.9182897,7.912689268973914,3.2742276388771465,0.0
map,0,376,1788743263.9182897,7.9707,3.31,0.7715
map,1,0,1788743264.9456851,5.862689238426533,-5.9257724982135365,0.0
map,1,1,1788743264.9456851,5.862335234515008,-5.8956882692496215,0.0
map,1,2,1788743264.9456851,5.862159758438175,-5.8706882688770925,0.0
map,1,3,1788743264.9456851,5.861923247204182,-5.8456897943834925,0.0
map,1,4,1788743264.9456851,5.861625700813029,-5.820691319889892,0.0
map,1,5,1788743264.9456851,5.86124728283864,-5.795694371275221,0.0
map,1,6,1788743264.9456851,5.860791045038873,-5.770698948539479,0.0
map,1,7,1788743264.9456851,5.860232573350864,-5.745705051682666,0.0
map,1,8,1788743264.9456851,5.859577971290328,-5.720712680704782,0.0
map,1,9,1788743264.9456851,5.858799773036544,-5.695724887363685,0.0
map,1,10,1788743264.9456851,5.857910185620945,-5.670741671659375,0.0
map,1,11,1788743264.9456851,5.856878691464949,-5.645763033591852,0.0
map,1,12,1788743264.9456851,5.855719023478919,-5.620788973161115,0.0
map,1,13,1788743264.9456851,5.854399138205345,-5.595824068003953,0.0
map,1,14,1788743264.9456851,5.852937346191375,-5.570866792241436,0.0
map,1,15,1788743264.9456851,5.8513000781005715,-5.545920197631421,0.0
map,1,16,1788743264.9456851,5.84950869623794,-5.52098428417391,0.0
map,1,17,1788743264.9456851,5.847526579509186,-5.496063629505688,0.0
map,1,18,1788743264.9456851,5.8453796678561005,-5.471156707747827,0.0
map,1,19,1788743264.9456851,5.843031340184389,-5.446266570658185,0.0
map,1,20,1788743264.9456851,5.840509062314773,-5.421394744115691,0.0
map,1,21,1788743264.9456851,5.8377746872740275,-5.396544279878203,0.0
map,1,22,1788743264.9456851,5.834858732640733,-5.37171517794572,0.0
map,1,23,1788743264.9456851,5.831723051441664,-5.346912015955031,0.0
map,1,24,1788743264.9456851,5.828399687134329,-5.322134793906134,0.0
map,1,25,1788743264.9456851,5.8248489668665755,-5.297388089435817,0.0
map,1,26,1788743264.9456851,5.8211059858537695,-5.272668850786221,0.0
map,1,27,1788743264.9456851,5.817131071243757,-5.247987759109851,0.0
map,1,28,1788743264.9456851,5.812959318251906,-5.22333718501206,0.0
map,1,29,1788743264.9456851,5.80873415949754,-5.198697292066772,0.0
map,1,30,1788743264.9456851,5.804502897227458,-5.174058925000413,0.0
map,1,31,1788743264.9456851,5.800231962105222,-5.149425135570841,0.0
map,1,32,1788743264.9456851,5.795953397588342,-5.124794397899127,0.0
map,1,33,1788743264.9456851,5.791638211977165,-5.1001697637431285,0.0
map,1,34,1788743264.9456851,5.787316922850273,-5.075546655466059,0.0
map,1,35,1788743264.9456851,5.782962064386943,-5.050928124825777,0.0
map,1,36,1788743264.9456851,5.7785812659818205,-5.026315697701211,0.0
map,1,37,1788743264.9456851,5.774191312303124,-5.001703270576645,0.0
map,1,38,1788743264.9456851,5.769778470440492,-4.977095421088865,0.0
map,1,39,1788743264.9456851,5.765357999183216,-4.952489097480015,0.0
map,1,40,1788743264.9456851,5.760920743257721,-4.927887351507952,0.0
map,1,41,1788743264.9456851,5.756459073269362,-4.903288657293746,0.0
map,1,42,1788743264.9456851,5.751998929159932,-4.878689963079541,0.0
map,1,43,1788743264.9456851,5.747552517960862,-4.854088217107478,0.0
map,1,44,1788743264.9456851,5.743100003246077,-4.829487997014343,0.0
map,1,45,1788743264.9456851,5.73865054028915,-4.80488625104228,0.0
map,1,46,1788743264.9456851,5.734193447937578,-4.780287556828075,0.0
map,1,47,1788743264.9456851,5.726367214910802,-4.756543354814102,0.0
map,1,48,1788743264.9456851,5.72132265917157,-4.732057575640642,0.0
map,1,49,1788743264.9456851,5.721101406726866,-4.707059101147042,0.0
map,1,50,1788743264.9456851,5.720870999008589,-4.682060626653442,0.0
map,1,51,1788743264.9456851,5.72065890183746,-4.657060626280913,0.0
map,1,52,1788743264.9456851,5.72043307175597,-4.632062151787313,0.0
map,1,53,1788743264.9456851,5.720202664037693,-4.607063677293713,0.0
map,1,54,1788743264.9456851,5.719917324677972,-4.582065202800113,0.0
map,1,55,1788743264.9456851,5.719538906703583,-4.557068254185442,0.0
map,1,56,1788743264.9456851,5.7189087187059116,-4.532075883207558,0.0
map,1,57,1788743264.9456851,5.717785671814177,-4.507100296897892,0.0
map,1,58,1788743264.9456851,5.7156570707082395,-4.482191849261103,0.0
map,1,59,1788743264.9456851,5.7117935452600435,-4.457492447037584,0.0
map,1,60,1788743264.9456851,5.7053909572740125,-4.433325576560282,0.0
map,1,61,1788743264.9456851,5.696078518170403,-4.410124587445029,0.0
map,1,62,1788743264.9456851,5.718858364701255,-4.3998279564322225,0.0
map,1,63,1788743264.9456851,5.740889004677975,-4.388010024127215,0.0
map,1,64,1788743264.9456851,5.762689236936417,-4.375772475116737,0.0
map,1,65,1788743264.9456851,5.762689236936417,-4.3257724743716786,0.0
map,1,66,1788743264.9456851,5.762689236936417,-4.2757724736266205,0.0
map,1,67,1788743264.9456851,5.733982876645378,-4.2340930906813306,0.0
map,1,68,1788743264.9456851,5.736387661837462,-4.209209057107405,0.0
map,1,69,1788743264.9456851,5.7388458527920605,-4.1843296011702655,0.0
map,1,70,1788743264.9456851,5.740963772745495,-4.159419627654547,0.0
map,1,71,1788743264.9456851,5.743133572582515,-4.134514231775615,0.0
map,1,72,1788743264.9456851,5.745101956400909,-4.109592051228464,0.0
map,1,73,1788743264.9456851,5.747140530650036,-4.0846759741970295,0.0
map,1,74,1788743264.9456851,5.749082974526637,-4.059750741892021,0.0
map,1,75,1788743264.9456851,5.751109341744332,-4.034833138981657,0.0
map,1,76,1788743264.9456851,5.753106717262376,-4.0099124843134355,0.0
map,1,77,1788743264.9456851,5.755201749031876,-3.9850009849187877,0.0
map,1,78,1788743264.9456851,5.757310513711737,-3.96008948552414,0.0
map,1,79,1788743264.9456851,5.762994412722215,-3.9357440872121465,0.0
map,1,80,1788743264.9456851,5.768544034386942,-3.9113681713215733,0.0
map,1,81,1788743264.9456851,5.7741180701145325,-3.886998358946716,0.0
map,1,82,1788743264.9456851,5.779615811895674,-3.862610236024711,0.0
map,1,83,1788743264.9456851,5.785160855923614,-3.838232794255209,0.0
map,1,84,1788743264.9456851,5.7906662270994005,-3.8138461972121327,0.0
map,1,85,1788743264.9456851,5.796231107553417,-3.7894733330794175,0.0
map,1,86,1788743264.9456851,5.801785306854931,-3.7650989430677733,0.0
map,1,87,1788743264.9456851,5.807406644829321,-3.74073828596649,0.0
map,1,88,1788743264.9456851,5.813452177145969,-3.7164813886323778,0.0
map,1,89,1788743264.9456851,5.819514494130836,-3.6922275430561236,0.0
map,1,90,1788743264.9456851,5.825537138263549,-3.6679630163273664,0.0
map,1,91,1788743264.9456851,5.831585722338055,-3.6437061189932543,0.0
map,1,92,1788743264.9456851,5.837609892349697,-3.619443118143426,0.0
map,1,93,1788743264.9456851,5.843669157576706,-3.595187746688243,0.0
map,1,94,1788743264.9456851,5.849716215772283,-3.5709308493541307,0.0
map,1,95,1788743264.9456851,5.855804472698942,-3.5466831072935925,0.0
map,1,96,1788743264.9456851,5.861888151988815,-3.5224338393541252,0.0
map,1,97,1788743264.9456851,5.86819460960232,-3.4982425548139595,0.0
map,1,98,1788743264.9456851,5.87447817903189,-3.474045166758078,0.0
map,1,99,1788743264.9456851,5.8807800590086075,-3.449852356338983,0.0
map,1,100,1788743264.9456851,5.887068206074964,-3.4256564941620304,0.0
map,1,101,1788743264.9456851,5.893379241325256,-3.4014667355007937,0.0
map,1,102,1788743264.9456851,5.899711638880554,-3.377281554476344,0.0
map,1,103,1788743264.9456851,5.906044036435851,-3.353096373451894,0.0
map,1,104,1788743264.9456851,5.912400848054013,-3.3289188218220893,0.0
map,1,105,1788743264.9456851,5.918867522955061,-3.3047687360130062,0.0
map,1,106,1788743264.9456851,5.9253448790086125,-3.28062322784071,0.0
map,1,107,1788743264.9456851,5.931814605667519,-3.256474667910556,0.0
map,1,108,1788743264.9456851,5.938296539357857,-3.23232915973826,0.0
map,1,109,1788743264.9456851,5.944776947169267,-3.208183651565964,0.0
map,1,110,1788743264.9456851,5.951272613769966,-3.1840427210304547,0.0
map,1,111,1788743264.9456851,5.957768280370665,-3.1599017904949456,0.0
map,1,112,1788743264.9456851,5.9643661808596065,-3.135786799901229,0.0
map,1,113,1788743264.9456851,5.970953400196045,-3.111671809307513,0.0
map,1,114,1788743264.9456851,5.977551300684986,-3.0875568187137965,0.0
map,1,115,1788743264.9456851,5.984144623537141,-3.063443353999009,0.0
map,1,116,1788743264.9456851,5.990750153420727,-3.0393314151631508,0.0
map,1,117,1788743264.9456851,5.997354157425384,-3.0152194763272924,0.0
map,1,118,1788743264.9456851,6.003971894340403,-2.991110589249292,0.0
map,1,119,1788743264.9456851,6.010589631255421,-2.9670032280502205,0.0
map,1,120,1788743264.9456851,6.017277558601172,-2.942914177398297,0.0
map,1,121,1788743264.9456851,6.023960908310137,-2.9188236008674444,0.0
map,1,122,1788743264.9456851,6.030653413292676,-2.89473607609445,0.0
map,1,123,1788743264.9456851,6.037342866517356,-2.8706470254425263,0.0
map,1,124,1788743264.9456851,6.044044526773469,-2.8465625524273896,0.0
map,1,125,1788743264.9456851,6.050743135271723,-2.822476553533324,0.0
map,1,126,1788743264.9456851,6.057455476680339,-2.7983951322760454,0.0
map,1,127,1788743264.9456851,6.064213594456824,-2.7743259180501987,0.0
map,1,128,1788743264.9456851,6.070979341627954,-2.750258229703281,0.0
map,1,129,1788743264.9456851,6.0777511923148,-2.726193593114221,0.0
map,1,130,1788743264.9456851,6.084521517122717,-2.7021274306462324,0.0
map,1,131,1788743264.9456851,6.091299471325279,-2.6780643199361016,0.0
map,1,132,1788743264.9456851,6.0980804772856985,-2.654001209225971,0.0
map,1,133,1788743264.9456851,6.104869112640763,-2.629939624394769,0.0
map,1,134,1788743264.9456851,6.111659273874757,-2.605879565442496,0.0
map,1,135,1788743264.9456851,6.1184921597187625,-2.5818317135216553,0.0
map,1,136,1788743264.9456851,6.125323519683839,-2.5577838616008144,0.0
map,1,137,1788743264.9456851,6.132160983164631,-2.5337360096799735,0.0
map,1,138,1788743264.9456851,6.138998446645424,-2.5096896836380616,0.0
map,1,139,1788743264.9456851,6.145843539520861,-2.4856448834750786,0.0
map,1,140,1788743264.9456851,6.152690158275227,-2.4616016091910247,0.0
map,1,141,1788743264.9456851,6.159545932303168,-2.4375598607858997,0.0
map,1,142,1788743264.9456851,6.16642917215183,-2.4135257417754197,0.0
map,1,143,1788743264.9456851,6.173318515516208,-2.3894931486438686,0.0
map,1,144,1788743264.9456851,6.1802078588805855,-2.3654620813912466,0.0
map,1,145,1788743264.9456851,6.1871033057606795,-2.3414310141386245,0.0
map,1,146,1788743264.9456851,6.194000278519702,-2.3174014727649315,0.0
map,1,147,1788743264.9456851,6.200903354794441,-2.2933734572701674,0.0
map,1,148,1788743264.9456851,6.207807956948109,-2.2693454417754033,0.0
map,1,149,1788743264.9456851,6.214743076680357,-2.245326581554213,0.0
map,1,150,1788743264.9456851,6.221678196412604,-2.221307721333023,0.0
map,1,151,1788743264.9456851,6.228617893781639,-2.197290386990762,0.0
map,1,152,1788743264.9456851,6.235557591150673,-2.1732730526485007,0.0
map,1,153,1788743264.9456851,6.242504917914353,-2.1492572441851685,0.0
map,1,154,1788743264.9456851,6.249453770556961,-2.1252429616007653,0.0
map,1,155,1788743264.9456851,6.256408726715286,-2.101230204895291,0.0
map,1,156,1788743264.9456851,6.263389622815403,-2.077223551705533,0.0
map,1,157,1788743264.9456851,6.27037051891552,-2.0532184243947036,0.0
map,1,158,1788743264.9456851,6.277355992652424,-2.0292148229628033,0.0
map,1,159,1788743264.9456851,6.284342992268257,-2.005211221530903,0.0
map,1,160,1788743264.9456851,6.2913345695208776,-1.9812076200990028,0.0
map,1,161,1788743264.9456851,6.298329198531356,-1.9572070704249604,0.0
map,1,162,1788743264.9456851,6.305328405178621,-1.9332065207509181,0.0
map,1,163,1788743264.9456851,6.312330663583744,-1.9092074969558048,0.0
map,1,164,1788743264.9456851,6.319352758414944,-1.8852130507974785,0.0
map,1,165,1788743264.9456851,6.3263763791250724,-1.861220130518081,0.0
map,1,166,1788743264.9456851,6.333404577471988,-1.8372287361176127,0.0
map,1,167,1788743264.9456851,6.340434301697833,-1.8132373417171443,0.0
map,1,168,1788743264.9456851,6.347468603560465,-1.789247473195605,0.0
map,1,169,1788743264.9456851,6.354505957180955,-1.7652576046740656,0.0
map,1,170,1788743264.9456851,6.361547888438231,-1.7412707879103841,0.0
map,1,171,1788743264.9456851,6.368605078484798,-1.7172870229045607,0.0
map,1,172,1788743264.9456851,6.375665320289222,-1.6933047837776662,0.0
map,1,173,1788743264.9456851,6.382728613851505,-1.6693240705297008,0.0
map,1,174,1788743264.9456851,6.389794959171645,-1.6453433572817353,0.0
map,1,175,1788743264.9456851,6.396862830370715,-1.6213626440337698,0.0
map,1,176,1788743264.9456851,6.4039368050855,-1.5973849825436623,0.0
map,1,177,1788743264.9456851,6.411012305679215,-1.5734073210535549,0.0
map,1,178,1788743264.9456851,6.418104590941148,-1.5494342372002343,0.0
map,1,179,1788743264.9456851,6.425196876203081,-1.5254611533469138,0.0
map,1,180,1788743264.9456851,6.432295264980731,-1.5014895953725222,0.0
map,1,181,1788743264.9456851,6.439396705516238,-1.4775195632770597,0.0
map,1,182,1788743264.9456851,6.446499671930674,-1.4535495311815971,0.0
map,1,183,1788743264.9456851,6.453607215981897,-1.4295810249650636,0.0
map,1,184,1788743264.9456851,6.460717811790978,-1.405614044627459,0.0
map,1,185,1788743264.9456851,6.46784214051042,-1.3816501160477124,0.0
map,1,186,1788743264.9456851,6.474966469229862,-1.3576877133468948,0.0
map,1,187,1788743264.9456851,6.48209690146502,-1.3337253106460771,0.0
map,1,188,1788743264.9456851,6.489227333700178,-1.3097644338241885,0.0
map,1,189,1788743264.9456851,6.496362343572123,-1.2858035570022999,0.0
map,1,190,1788743264.9456851,6.503498879322997,-1.2618442060593402,0.0
map,1,191,1788743264.9456851,6.510641518589587,-1.2378863809953096,0.0
map,1,192,1788743264.9456851,6.517793313129751,-1.2139316076891369,0.0
map,1,193,1788743264.9456851,6.5249481594277725,-1.1899768343829642,0.0
map,1,194,1788743264.9456851,6.532106057483652,-1.1660235869557205,0.0
map,1,195,1788743264.9456851,6.53926700729739,-1.1420703395284768,0.0
map,1,196,1788743264.9456851,6.546429482990057,-1.118118617980162,0.0
map,1,197,1788743264.9456851,6.55359653631951,-1.0941684223107764,0.0
map,1,198,1788743264.9456851,6.560765115527893,-1.0702182266413907,0.0
map,1,199,1788743264.9456851,6.5679443758887786,-1.046271082729863,0.0
map,1,200,1788743264.9456851,6.575126688007522,-1.0223254646972642,0.0
map,1,201,1788743264.9456851,6.582310526005195,-0.9983798466646654,0.0
map,1,202,1788743264.9456851,6.589497415760725,-0.9744342286320666,0.0
map,1,203,1788743264.9456851,6.596688883153043,-0.9504916623573259,0.0
map,1,204,1788743264.9456851,6.603883402303218,-0.9265490960825851,0.0
map,1,205,1788743264.9456851,6.6110794473323224,-0.9026065298078443,0.0
map,1,206,1788743264.9456851,6.61828617351393,-0.8786685411698905,0.0
map,1,207,1788743264.9456851,6.625494425574466,-0.8547305525319366,0.0
map,1,208,1788743264.9456851,6.63270572939286,-0.8307925638939828,0.0
map,1,209,1788743264.9456851,6.639920084969113,-0.806856101134958,0.0
map,1,210,1788743264.9456851,6.647135966424294,-0.7829196383759331,0.0
map,1,211,1788743264.9456851,6.654354899637333,-0.7589847014958373,0.0
map,1,212,1788743264.9456851,6.661578410487159,-0.7350512904946704,0.0
map,1,213,1788743264.9456851,6.6688080248527015,-0.7111194053724326,0.0
map,1,214,1788743264.9456851,6.676042216855031,-0.6871890461291237,0.0
map,1,215,1788743264.9456851,6.68327640885736,-0.6632586868858148,0.0
map,1,216,1788743264.9456851,6.690515178496476,-0.6393298535214349,0.0
map,1,217,1788743264.9456851,6.697753948135592,-0.615401020157055,0.0
map,1,218,1788743264.9456851,6.704998821290424,-0.5914737126716041,0.0
map,1,219,1788743264.9456851,6.712243694445256,-0.5675464051861532,0.0
map,1,220,1788743264.9456851,6.719497722873662,-0.5436221494585602,0.0
map,1,221,1788743264.9456851,6.726751751302068,-0.5196978937309673,0.0
map,1,222,1788743264.9456851,6.734010357367261,-0.4957736380033744,0.0
map,1,223,1788743264.9456851,6.741270489311383,-0.4718524340336394,0.0
map,1,224,1788743264.9456851,6.7485336730133625,-0.44792970418497546,0.0
map,1,225,1788743264.9456851,6.7557999084732,-0.4240085002152405,0.0
map,1,226,1788743264.9456851,6.763072247448754,-0.4000903480033635,0.0
map,1,227,1788743264.9456851,6.770349164061095,-0.37617219579148653,0.0
map,1,228,1788743264.9456851,6.777626080673436,-0.35225556945853853,0.0
map,1,229,1788743264.9456851,6.784907574922563,-0.32833894312559053,0.0
map,1,230,1788743264.9456851,6.79219059505062,-0.3044238426715715,0.0
map,1,231,1788743264.9456851,6.799476666936535,-0.2805087422175525,0.0
map,1,232,1788743264.9456851,6.806764264701378,-0.2565951676424625,0.0
map,1,233,1788743264.9456851,6.814057965981938,-0.23268311894630145,0.0
map,1,234,1788743264.9456851,6.821354719020356,-0.2087710702501404,0.0
map,1,235,1788743264.9456851,6.828654523816631,-0.18486054743290836,0.0
map,1,236,1788743264.9456851,6.835955854491836,-0.1609500246156763,0.0
map,1,237,1788743264.9456851,6.843258711045969,-0.13704102767737325,0.0
map,1,238,1788743264.9456851,6.850564619357961,-0.11313203073907019,0.0
map,1,239,1788743264.9456851,6.857875105306739,-0.08922455967969611,0.0
map,1,240,1788743264.9456851,6.865188643013376,-0.06531861449925103,0.0
map,1,241,1788743264.9456851,6.87250523247787,-0.04141266931880594,0.0
map,1,242,1788743264.9456851,6.8798248737002226,-0.01750825001728984,0.0
map,1,243,1788743264.9456851,6.887146040801504,0.006394643405297273,0.0
map,1,244,1788743264.9456851,6.894468733781714,0.030299062706813373,0.0
map,1,245,1788743264.9456851,6.901796004398712,0.0542004302504715,0.0
map,1,246,1788743264.9456851,6.909123275015709,0.07810332367305861,0.0
map,1,247,1788743264.9456851,6.916458175027351,0.10200316533778775,0.0
map,1,248,1788743264.9456851,6.9237930750389935,0.1259030070025169,0.0
map,1,249,1788743264.9456851,6.931131026808494,0.14980132278831704,0.0
map,1,250,1788743264.9456851,6.938473556214781,0.1736996385741172,0.0
map,1,251,1788743264.9456851,6.945816085621068,0.19759642848098835,0.0
map,1,252,1788743264.9456851,6.953163192664142,0.22149321838785951,0.0
map,1,253,1788743264.9456851,6.960510299707217,0.2453884824158017,0.0
map,1,254,1788743264.9456851,6.967863510266007,0.2692822205648149,0.0
map,1,255,1788743264.9456851,6.975218246703726,0.29317595871382807,0.0
map,1,256,1788743264.9456851,6.982576034899303,0.31706817098391227,0.0
map,1,257,1788743264.9456851,6.989936874852738,0.34096038325399647,0.0
map,1,258,1788743264.9456851,6.997299240685102,0.36485259552408067,0.0
map,1,259,1788743264.9456851,7.004663132396395,0.3887432819152359,0.0
map,1,260,1788743264.9456851,7.012030075865546,0.4126324424274621,0.0
map,1,261,1788743264.9456851,7.019401596971484,0.43652160293968834,0.0
map,1,262,1788743264.9456851,7.026774643956351,0.4604092375729856,0.0
map,1,263,1788743264.9456851,7.034150742699076,0.4842968722062828,0.0
map,1,264,1788743264.9456851,7.04152836732073,0.5081829809606511,0.0
map,1,265,1788743264.9456851,7.048909043700242,0.5320690897150193,0.0
map,1,266,1788743264.9456851,7.056291245958683,0.5559536725904586,0.0
map,1,267,1788743264.9456851,7.0636780258539105,0.5798382554658978,0.0
map,1,268,1788743264.9456851,7.071066331628067,0.6037213124624081,0.0
map,1,269,1788743264.9456851,7.078456163281153,0.6276043694589184,0.0
map,1,270,1788743264.9456851,7.085850572571026,0.6514859005764997,0.0
map,1,271,1788743264.9456851,7.093244981860899,0.675367431694081,0.0
map,1,272,1788743264.9456851,7.1006424429086294,0.6992474369327333,0.0
map,1,273,1788743264.9456851,7.108042955714218,0.7231259162924566,0.0
map,1,274,1788743264.9456851,7.115446520277665,0.7470059215311089,0.0
map,1,275,1788743264.9456851,7.12285313659897,0.7708828750119032,0.0
map,1,276,1788743264.9456851,7.130261278799203,0.7947598284926976,0.0
map,1,277,1788743264.9456851,7.137672472757295,0.8186367819734919,0.0
map,1,278,1788743264.9456851,7.1450851925943155,0.8425122095753572,0.0
map,1,279,1788743264.9456851,7.152499438310265,0.8663876371772226,0.0
map,1,280,1788743264.9456851,7.159916735784073,0.8902615389001589,0.0
map,1,281,1788743264.9456851,7.167337085015738,0.9141354406230953,0.0
map,1,282,1788743264.9456851,7.174758960126333,0.9380078164671026,0.0
map,1,283,1788743264.9456851,7.182183886994785,0.96188019231111,0.0
map,1,284,1788743264.9456851,7.189610339742167,0.9857510422761884,0.0
map,1,285,1788743264.9456851,7.197039844247406,1.0096218922412667,0.0
map,1,286,1788743264.9456851,7.204470874631575,1.0334912163274161,0.0
map,1,287,1788743264.9456851,7.21190648265253,1.0573605404135655,0.0
map,1,288,1788743264.9456851,7.219342090673486,1.081229864499715,0.0
map,1,289,1788743264.9456851,7.226780750452299,1.1050976627069353,0.0
map,1,290,1788743264.9456851,7.234222461988971,1.1289639350352267,0.0
map,1,291,1788743264.9456851,7.241665699404571,1.1528302073635182,0.0
map,1,292,1788743264.9456851,7.249111988578029,1.1766949538128806,0.0
map,1,293,1788743264.9456851,7.256559803630417,1.200559700262243,0.0
map,1,294,1788743264.9456851,7.264009144561733,1.2244244467116054,0.0
map,1,295,1788743264.9456851,7.271461537250907,1.2482876672820389,0.0
map,1,296,1788743264.9456851,7.2789169816979395,1.2721508878524723,0.0
map,1,297,1788743264.9456851,7.286373952023901,1.2960125825439768,0.0
map,1,298,1788743264.9456851,7.29383397410772,1.3198742772354812,0.0
map,1,299,1788743264.9456851,7.301295522070468,1.3437344460480567,0.0
map,1,300,1788743264.9456851,7.3087601217910745,1.3675930889817032,0.0
map,1,301,1788743264.9456851,7.316224721511681,1.3914532577942786,0.0
map,1,302,1788743264.9456851,7.323693898869074,1.4153119007279251,0.0
map,1,303,1788743264.9456851,7.331164602105396,1.4391690177826426,0.0
map,1,304,1788743264.9456851,7.338636831220647,1.46302613483736,0.0
map,1,305,1788743264.9456851,7.346112112093756,1.4868817260131486,0.0
map,1,306,1788743264.9456851,7.353590444724723,1.5107373171889371,0.0
map,1,307,1788743264.9456851,7.361070303234619,1.5345929083647256,0.0
map,1,308,1788743264.9456851,7.3685501617445155,1.5584469736615851,0.0
map,1,309,1788743264.9456851,7.3760330720122695,1.5823010389584447,0.0
map,1,310,1788743264.9456851,7.383519034037882,1.6061535783763752,0.0
map,1,311,1788743264.9456851,7.391006521942423,1.6300061177943057,0.0
map,1,312,1788743264.9456851,7.398497061604822,1.6538571313333073,0.0
map,1,313,1788743264.9456851,7.4059906530250785,1.6777081448723088,0.0
map,1,314,1788743264.9456851,7.4134827185664065,1.7015591584113103,0.0
map,1,315,1788743264.9456851,7.4209778358655925,1.7254101719503119,0.0
map,1,316,1788743264.9456851,7.428476004922636,1.7492581337314554,0.0
map,1,317,1788743264.9456851,7.435977225737538,1.773106095512599,0.0
map,1,318,1788743264.9456851,7.443479972431369,1.7969540572937426,0.0
map,1,319,1788743264.9456851,7.450987296761987,1.8208004931959572,0.0
map,1,320,1788743264.9456851,7.458494621092605,1.8446469290981717,0.0
map,1,321,1788743264.9456851,7.466001945423223,1.8684918391214573,0.0
map,1,322,1788743264.9456851,7.4735123215116985,1.892338275023672,0.0
map,1,323,1788743264.9456851,7.481027275236961,1.9161816591680285,0.0
map,1,324,1788743264.9456851,7.488542228962224,1.9400250433123851,0.0
map,1,325,1788743264.9456851,7.496061760324274,1.9638684274567417,0.0
map,1,326,1788743264.9456851,7.503582817565253,1.9877102857221693,0.0
map,1,327,1788743264.9456851,7.51110540068516,2.011550618108668,0.0
map,1,328,1788743264.9456851,7.518626457926139,2.0353924763740956,0.0
map,1,329,1788743264.9456851,7.526152092803905,2.0592328087605942,0.0
map,1,330,1788743264.9456851,7.533679253560599,2.083073141147093,0.0
map,1,331,1788743264.9456851,7.541209466075152,2.1069119476546625,0.0
map,1,332,1788743264.9456851,7.548742730347563,2.130750754162232,0.0
map,1,333,1788743264.9456851,7.556279046377831,2.154588034790873,0.0
map,1,334,1788743264.9456851,7.563810784771313,2.1784253154195135,0.0
map,1,335,1788743264.9456851,7.571347100801582,2.202262596048154,0.0
map,1,336,1788743264.9456851,7.578886468589708,2.2260983507978658,0.0
map,1,337,1788743264.9456851,7.586428888135693,2.2499341055475774,0.0
map,1,338,1788743264.9456851,7.593974359439535,2.27376833441836,0.0
map,1,339,1788743264.9456851,7.601521356622307,2.297601037410214,0.0
map,1,340,1788743264.9456851,7.609072931441865,2.3214337404020675,0.0
map,1,341,1788743264.9456851,7.616618402745708,2.34526796927285,0.0
map,1,342,1788743264.9456851,7.624169977565266,2.369100672264704,0.0
map,1,343,1788743264.9456851,7.631723078263754,2.3929318493776286,0.0
map,1,344,1788743264.9456851,7.639280756599028,2.4167615006116243,0.0
map,1,345,1788743264.9456851,7.646841486692161,2.44059115184562,0.0
map,1,346,1788743264.9456851,7.654405268543151,2.4644192772006868,0.0
map,1,347,1788743264.9456851,7.66197057627307,2.4882474025557535,0.0
map,1,348,1788743264.9456851,7.669531306366203,2.512077053789749,0.0
map,1,349,1788743264.9456851,7.677095088217193,2.535905179144816,0.0
map,1,350,1788743264.9456851,7.6846634477049705,2.5597317786209537,0.0
map,1,351,1788743264.9456851,7.692236384829535,2.5835568522181624,0.0
map,1,352,1788743264.9456851,7.699812373711957,2.607381925815371,0.0
map,1,353,1788743264.9456851,7.707391414352237,2.631205473533651,0.0
map,1,354,1788743264.9456851,7.714959773840015,2.6550320730097887,0.0
map,1,355,1788743264.9456851,7.722535762722437,2.6788571466069975,0.0
map,1,356,1788743264.9456851,7.730114803362717,2.7026806943252772,0.0
map,1,357,1788743264.9456851,7.737698421639784,2.726502716164628,0.0
map,1,358,1788743264.9456851,7.745286617553639,2.75032321212505,0.0
map,1,359,1788743264.9456851,7.75287939110428,2.7741421822065426,0.0
map,1,360,1788743264.9456851,7.76047369053385,2.7979596264091064,0.0
map,1,361,1788743264.9456851,7.768058834689846,2.8217816482484572,0.0
map,1,362,1788743264.9456851,7.775650082361558,2.845602144208879,0.0
map,1,363,1788743264.9456851,7.783245907670057,2.869419588411443,0.0
map,1,364,1788743264.9456851,7.790846310615343,2.8932370326140067,0.0
map,1,365,1788743264.9456851,7.798449765318487,2.9170514250587125,0.0
map,1,366,1788743264.9456851,7.8060577976584185,2.9408658175034184,0.0
map,1,367,1788743264.9456851,7.813652097087989,2.964684787584911,0.0
map,1,368,1788743264.9456851,7.821250974154346,2.988502231787475,0.0
map,1,369,1788743264.9456851,7.828857480615348,3.012316624232181,0.0
map,1,370,1788743264.9456851,7.836470090592066,3.0361294907979577,0.0
map,1,371,1788743264.9456851,7.844087278205571,3.0599408314848056,0.0
map,1,372,1788743264.9456851,7.8517090434558625,3.0837506462927244,0.0
map,1,373,1788743264.9456851,7.859333860464012,3.1075604611006433,0.0
map,1,374,1788743264.9456851,7.866941892803943,3.131374853545349,0.0
map,1,375,1788743264.9456851,7.87455602865959,3.155186194232197,0.0
map,1,376,1788743264.9456851,7.88218084566774,3.178996009040116,0.0
map,1,377,1788743264.9456851,7.889807188554819,3.202802772090177,0.0
map,1,378,1788743264.9456851,7.897425902047253,3.2266141127770247,0.0
map,1,379,1788743264.9456851,7.905056822571119,3.2504208758270856,0.0
map,1,380,1788743264.9456851,7.912689268973914,3.2742276388771465,0.0
map,1,381,1788743264.9456851,7.9707,3.31,0.7715
map,2,0,1788743265.967176,5.862689238426533,-5.875772497468478,0.0
map,2,1,1788743265.967176,5.862321501604647,-5.849335119144843,0.0
map,2,2,1788743265.967176,5.86213687025424,-5.824336644651243,0.0
map,2,3,1788743265.967176,5.861885100230957,-5.799336644278714,0.0
map,2,4,1788743265.967176,5.8615707691715855,-5.774339695664043,0.0
map,2,5,1788743265.967176,5.861166411255404,-5.749342747049372,0.0
map,2,6,1788743265.967176,5.860679655877057,-5.72434732431363,0.0
map,2,7,1788743265.967176,5.860081511336894,-5.699354953335746,0.0
map,2,8,1788743265.967176,5.85937960702956,-5.674364108236791,0.0
map,2,9,1788743265.967176,5.8585449512554035,-5.649377840774623,0.0
map,2,10,1788743265.967176,5.8575882251669285,-5.6243961509492415,0.0
map,2,11,1788743265.967176,5.856475859427697,-5.599420564639576,0.0
map,2,12,1788743265.967176,5.855226164584856,-5.574452607724556,0.0
map,2,13,1788743265.967176,5.853800993665182,-5.54949380608311,0.0
map,2,14,1788743265.967176,5.85222170897368,-5.524542633836308,0.0
map,2,15,1788743265.967176,5.8504501635371255,-5.499606720378797,0.0
map,2,16,1788743265.967176,5.848510771418383,-5.474681488073788,0.0
map,2,17,1788743265.967176,5.846363859765297,-5.449773040436998,0.0
map,2,18,1788743265.967176,5.844035368519663,-5.424882903347356,0.0
map,2,19,1788743265.967176,5.841488676587183,-5.400012602683791,0.0
map,2,20,1788743265.967176,5.838751249788579,-5.375162138446303,0.0
map,2,21,1788743265.967176,5.83578188939277,-5.350339140029536,0.0
map,2,22,1788743265.967176,5.832615690615121,-5.325540555675634,0.0
map,2,23,1788743265.967176,5.829206877087763,-5.30077401477924,0.0
map,2,24,1788743265.967176,5.825560026447484,-5.2760425690982125,0.0
map,2,25,1788743265.967176,5.821696500999288,-5.251341640995765,0.0
map,2,26,1788743265.967176,5.817587309043525,-5.2266819116244,0.0
map,2,27,1788743265.967176,5.8132583905219875,-5.20206032922626,0.0
map,2,28,1788743265.967176,5.808862333327575,-5.177449427980623,0.0
map,2,29,1788743265.967176,5.804455594980659,-5.152841578492843,0.0
map,2,30,1788743265.967176,5.80000918378159,-5.12823983252078,0.0
map,2,31,1788743265.967176,5.795550565551089,-5.103639612427646,0.0
map,2,32,1788743265.967176,5.791056852105221,-5.079047021729156,0.0
map,2,33,1788743265.967176,5.786550931627922,-5.054457482788525,0.0
map,2,34,1788743265.967176,5.782011441814184,-5.0298725214846804,0.0
map,2,35,1788743265.967176,5.777459744969015,-5.005290611938694,0.0
map,2,36,1788743265.967176,5.772880582303124,-4.980713280029494,0.0
map,2,37,1788743265.967176,5.768292264363659,-4.956137473999224,0.0
map,2,38,1788743265.967176,5.76367953236133,-4.931567771484669,0.0
map,2,39,1788743265.967176,5.759034756901492,-4.907002646606902,0.0
map,2,40,1788743265.967176,5.754393033199513,-4.882437521729134,0.0
map,2,41,1788743265.967176,5.749768094165752,-4.857869345093508,0.0
map,2,42,1788743265.967176,5.745137051616275,-4.833301168457883,0.0
map,2,43,1788743265.967176,5.740509060824657,-4.808732991822257,0.0
map,2,44,1788743265.967176,5.735871914759464,-4.78416786694449,0.0
map,2,45,1788743265.967176,5.727275112873549,-4.760692219622019,0.0
map,2,46,1788743265.967176,5.721673611325237,-4.736326984883949,0.0
map,2,47,1788743265.967176,5.721438625970173,-4.711328510390349,0.0
map,2,48,1788743265.967176,5.721194485341535,-4.686330035896749,0.0
map,2,49,1788743265.967176,5.720976284654689,-4.6613300355242195,0.0
map,2,50,1788743265.967176,5.72074892869427,-4.6363315610306195,0.0
map,2,51,1788743265.967176,5.720541409159928,-4.6113330865370195,0.0
map,2,52,1788743265.967176,5.720318630836296,-4.58633308616449,0.0
map,2,53,1788743265.967176,5.720097378391593,-4.56133461167089,0.0
map,2,54,1788743265.967176,5.719827297821162,-4.53633613717729,0.0
map,2,55,1788743265.967176,5.719477871546424,-4.511339188562619,0.0
map,2,56,1788743265.967176,5.7189102445848405,-4.486345291705806,0.0
map,2,57,1788743265.967176,5.717918423280999,-4.461365127759354,0.0
map,2,58,1788743265.967176,5.716040066319415,-4.436435317817558,0.0
map,2,59,1788743265.967176,5.712606838729194,-4.411671828679022,0.0
map,2,60,1788743265.967176,5.706793240009752,-4.387356947945609,0.0
map,2,61,1788743265.967176,5.698120144177388,-4.363910292322789,0.0
map,2,62,1788743265.967176,5.71949923385143,-4.350951002578899,0.0
map,2,63,1788743265.967176,5.740892056435833,-4.338016126897873,0.0
map,2,64,1788743265.967176,5.762689236936417,-4.3257724743716786,0.0
map,2,65,1788743265.967176,5.762689236936417,-4.2757724736266205,0.0
map,2,66,1788743265.967176,5.762689236936417,-4.225772472881562,0.0
map,2,67,1788743265.967176,5.734121731627916,-4.182091136781441,0.0
map,2,68,1788743265.967176,5.7365524567617925,-4.157208629086444,0.0
map,2,69,1788743265.967176,5.739035061779255,-4.132332224907163,0.0
map,2,70,1788743265.967176,5.741192654584843,-4.107425303149302,0.0
map,2,71,1788743265.967176,5.743405179031875,-4.082524484907157,0.0
map,2,72,1788743265.967176,5.745430020370641,-4.057605356117865,0.0
map,2,73,1788743265.967176,5.747528103897999,-4.032693856723217,0.0
map,2,74,1788743265.967176,5.749543789963191,-4.007776253812853,0.0
map,2,75,1788743265.967176,5.7516479770062645,-3.9828647544182054,0.0
map,2,76,1788743265.967176,5.75373385350219,-3.9579517291446287,0.0
map,2,77,1788743265.967176,5.755925015644216,-3.933047859144626,0.0
map,2,78,1788743265.967176,5.758137540091248,-3.908145515023552,0.0
map,2,79,1788743265.967176,5.7638443272856605,-3.8838062202272745,0.0
map,2,80,1788743265.967176,5.769421414771109,-3.8594364078524173,0.0
map,2,81,1788743265.967176,5.775024442198351,-3.835071173114347,0.0
map,2,82,1788743265.967176,5.780552701558072,-3.810690679586987,0.0
map,2,83,1788743265.967176,5.786129789043521,-3.7863208672121296,0.0
map,2,84,1788743265.967176,5.791670255434674,-3.7619418995636984,0.0
map,2,85,1788743265.967176,5.797271756982987,-3.737578190704557,0.0
map,2,86,1788743265.967176,5.8028625773787965,-3.713211430087558,0.0
map,2,87,1788743265.967176,5.80852358820534,-3.6888599282598484,0.0
map,2,88,1788743265.967176,5.814596586342709,-3.664609134441452,0.0
map,2,89,1788743265.967176,5.820686369148298,-3.640362918259843,0.0
map,2,90,1788743265.967176,5.826739530859591,-3.6161060209257307,0.0
map,2,91,1788743265.967176,5.8328186325126765,-3.5918567529862635,0.0
map,2,92,1788743265.967176,5.838874845981827,-3.5676013815310803,0.0
map,2,93,1788743265.967176,5.844966154666345,-3.543355165349471,0.0
map,2,94,1788743265.967176,5.851048308077289,-3.519105897410004,0.0
map,2,95,1788743265.967176,5.857170134340386,-3.4948673106230395,0.0
map,2,96,1788743265.967176,5.8634979542588965,-3.4706806037196607,0.0
map,2,97,1788743265.967176,5.869839507087768,-3.446498474453069,0.0
map,2,98,1788743265.967176,5.876159697611634,-3.422310241670761,0.0
map,2,99,1788743265.967176,5.882499724561576,-3.3981281124041693,0.0
map,2,100,1788743265.967176,5.888827544480087,-3.3739414055007906,0.0
map,2,101,1788743265.967176,5.895178252582532,-3.3497623279920568,0.0
map,2,102,1788743265.967176,5.901522857169262,-3.325580198725465,0.0
map,2,103,1788743265.967176,5.907894927576713,-3.301407224732447,0.0
map,2,104,1788743265.967176,5.914413482361347,-3.277270871833725,0.0
map,2,105,1788743265.967176,5.920921355993478,-3.2531329930560737,0.0
map,2,106,1788743265.967176,5.927438384899183,-3.2289966401573515,0.0
map,2,107,1788743265.967176,5.933947784410243,-3.2048602872586294,0.0
map,2,108,1788743265.967176,5.940472442710593,-3.180725460238836,0.0
map,2,109,1788743265.967176,5.946994049253085,-3.156592159097972,0.0
map,2,110,1788743265.967176,5.953532440463796,-3.1324619097149657,0.0
map,2,111,1788743265.967176,5.960072357553436,-3.1083331862108885,0.0
map,2,112,1788743265.967176,5.966708405015602,-3.084228876769675,0.0
map,2,113,1788743265.967176,5.973336823083123,-3.0601245673284616,0.0
map,2,114,1788743265.967176,5.979975922303147,-3.036021783766177,0.0
map,2,115,1788743265.967176,5.986610443886384,-3.0119174743249637,0.0
map,2,116,1788743265.967176,5.993257172501053,-2.9878177425205372,0.0
map,2,117,1788743265.967176,5.999903901115722,-2.9637180107161107,0.0
map,2,118,1788743265.967176,6.006564362640752,-2.9396213306695422,0.0
map,2,119,1788743265.967176,6.0132858593229415,-2.9155414352911926,0.0
map,2,120,1788743265.967176,6.020016511278705,-2.891464591670701,0.0
map,2,121,1788743265.967176,6.026742585597681,-2.8673862221712803,0.0
map,2,122,1788743265.967176,6.033477815190231,-2.8433109044297176,0.0
map,2,123,1788743265.967176,6.040209993024924,-2.819234060809226,0.0
map,2,124,1788743265.967176,6.046954377891048,-2.795161794825521,0.0
map,2,125,1788743265.967176,6.053698762757172,-2.7710880029628875,0.0
map,2,126,1788743265.967176,6.060456880533657,-2.7470187887370408,0.0
map,2,127,1788743265.967176,6.067256197041225,-2.722961781542626,0.0
map,2,128,1788743265.967176,6.074064668822366,-2.69890630022714,0.0
map,2,129,1788743265.967176,6.080868562966721,-2.674850818911654,0.0
map,2,130,1788743265.967176,6.0876831382635785,-2.6507968634750974,0.0
map,2,131,1788743265.967176,6.094505342955081,-2.6267459597963985,0.0
map,2,132,1788743265.967176,6.101330599404442,-2.6026950561176996,0.0
map,2,133,1788743265.967176,6.108163485248447,-2.5786472041968587,0.0
map,2,134,1788743265.967176,6.115034518065677,-2.5546100334285207,0.0
map,2,135,1788743265.967176,6.121910128519694,-2.5305743885391117,0.0
map,2,136,1788743265.967176,6.128785738973711,-2.5065387436497026,0.0
map,2,137,1788743265.967176,6.135667452943444,-2.4825046246392226,0.0
map,2,138,1788743265.967176,6.142549166913177,-2.4584705056287426,0.0
map,2,139,1788743265.967176,6.149440036156484,-2.4344379124971915,0.0
map,2,140,1788743265.967176,6.15633243127872,-2.4104068452445695,0.0
map,2,141,1788743265.967176,6.163261447495252,-2.3863864591444504,0.0
map,2,142,1788743265.967176,6.1701904637117835,-2.362366073044331,0.0
map,2,143,1788743265.967176,6.177124057565102,-2.338347212823141,0.0
map,2,144,1788743265.967176,6.18405917729735,-2.314328352601951,0.0
map,2,145,1788743265.967176,6.191000400545313,-2.2903110182596897,0.0
map,2,146,1788743265.967176,6.197941623793277,-2.2662936839174286,0.0
map,2,147,1788743265.967176,6.204892002314814,-2.2422794013330254,0.0
map,2,148,1788743265.967176,6.211843906715281,-2.218265118748622,0.0
map,2,149,1788743265.967176,6.218823276936469,-2.194259991437793,0.0
map,2,150,1788743265.967176,6.225804173036586,-2.1702533382480347,0.0
map,2,151,1788743265.967176,6.23278964677349,-2.1462497368161344,0.0
map,2,152,1788743265.967176,6.239776646389323,-2.122246135384234,0.0
map,2,153,1788743265.967176,6.2467697495208725,-2.098244059831263,0.0
map,2,154,1788743265.967176,6.253764378531351,-2.0742419842782915,0.0
map,2,155,1788743265.967176,6.260765111057545,-2.0502429604831782,0.0
map,2,156,1788743265.967176,6.2677917835255315,-2.026250040203781,0.0
map,2,157,1788743265.967176,6.274818455993518,-2.0022586458033125,0.0
map,2,158,1788743265.967176,6.281851231977221,-1.978267251402844,0.0
map,2,159,1788743265.967176,6.288884007960924,-1.9542773828813047,0.0
map,2,160,1788743265.967176,6.295922887460343,-1.9302890402386943,0.0
map,2,161,1788743265.967176,6.30296329283869,-1.906300697596084,0.0
map,2,162,1788743265.967176,6.310009801732754,-1.8823138808324025,0.0
map,2,163,1788743265.967176,6.3170730952950365,-1.858333167584437,0.0
map,2,164,1788743265.967176,6.324142492373035,-1.8343524543364715,0.0
map,2,165,1788743265.967176,6.331211889451033,-1.810373266967435,0.0
map,2,166,1788743265.967176,6.338287390044748,-1.7863956054773276,0.0
map,2,167,1788743265.967176,6.345362890638462,-1.76241794398722,0.0
map,2,168,1788743265.967176,6.352444494747893,-1.7384418083760416,0.0
map,2,169,1788743265.967176,6.359527624736252,-1.714465672764863,0.0
map,2,170,1788743265.967176,6.366630591150688,-1.6904956406694005,0.0
map,2,171,1788743265.967176,6.373733557565124,-1.666527134452867,0.0
map,2,172,1788743265.967176,6.3808411016163475,-1.6425586282363334,0.0
map,2,173,1788743265.967176,6.3879501715465,-1.6185901220197998,0.0
map,2,174,1788743265.967176,6.395063819113439,-1.5946231416821952,0.0
map,2,175,1788743265.967176,6.402177466680378,-1.5706576872235196,0.0
map,2,176,1788743265.967176,6.409298743641962,-1.546692232764844,0.0
map,2,177,1788743265.967176,6.416433753513907,-1.5227328818218844,0.0
map,2,178,1788743265.967176,6.42357181514371,-1.4987735308789247,0.0
map,2,179,1788743265.967176,6.430711402652442,-1.474814179935965,0.0
map,2,180,1788743265.967176,6.4378555677979605,-1.4508563548719344,0.0
map,2,181,1788743265.967176,6.445004310580266,-1.4269000556868328,0.0
map,2,182,1788743265.967176,6.452153053362572,-1.40294528238066,0.0
map,2,183,1788743265.967176,6.459307899660594,-1.3789905090744874,0.0
map,2,184,1788743265.967176,6.466474952990048,-1.3550403134051017,0.0
map,2,185,1788743265.967176,6.473646583956288,-1.331090117735716,0.0
map,2,186,1788743265.967176,6.480818214922529,-1.3071414479452592,0.0
map,2,187,1788743265.967176,6.487994423525556,-1.2831927781548025,0.0
map,2,188,1788743265.967176,6.495172158007513,-1.2592456342432747,0.0
map,2,189,1788743265.967176,6.502354470126257,-1.235300016210676,0.0
map,2,190,1788743265.967176,6.509538308123929,-1.2113543981780772,0.0
map,2,191,1788743265.967176,6.5167358790319625,-1.1874133577822654,0.0
map,2,192,1788743265.967176,6.523934975818925,-1.1634707915075246,0.0
map,2,193,1788743265.967176,6.531137124363745,-1.1395312769906418,0.0
map,2,194,1788743265.967176,6.538340798787495,-1.115591762473759,0.0
map,2,195,1788743265.967176,6.545549050848031,-1.0916537738358052,0.0
map,2,196,1788743265.967176,6.552758828787496,-1.0677157851978514,0.0
map,2,197,1788743265.967176,6.55997165848482,-1.0437793224388265,0.0
map,2,198,1788743265.967176,6.567195169334646,-1.0198459114376597,0.0
map,2,199,1788743265.967176,6.57442173194233,-0.9959125004364928,0.0
map,2,200,1788743265.967176,6.581649820428943,-0.971980615314255,0.0
map,2,201,1788743265.967176,6.588882486552343,-0.9480487301920171,0.0
map,2,202,1788743265.967176,6.596115152675743,-0.9241183709487082,0.0
map,2,203,1788743265.967176,6.603353922314859,-0.9001895375843283,0.0
map,2,204,1788743265.967176,6.6105942178329045,-0.8762607042199484,0.0
map,2,205,1788743265.967176,6.617845194503452,-0.8523349226134265,0.0
map,2,206,1788743265.967176,6.625097697052929,-0.8284106668858335,0.0
map,2,207,1788743265.967176,6.632353251360264,-0.8044864111582406,0.0
map,2,208,1788743265.967176,6.639610331546528,-0.7805636813095767,0.0
map,2,209,1788743265.967176,6.64687046349065,-0.7566409514609127,0.0
map,2,210,1788743265.967176,6.654135173071559,-0.7327182216122488,0.0
map,2,211,1788743265.967176,6.661399882652468,-0.7087985435214428,0.0
map,2,212,1788743265.967176,6.66867527338588,-0.6848803913095658,0.0
map,2,213,1788743265.967176,6.675950664119291,-0.6609622390976888,0.0
map,2,214,1788743265.967176,6.68323063248949,-0.6370456127647408,0.0
map,2,215,1788743265.967176,6.690512126738618,-0.6131289864317928,0.0
map,2,216,1788743265.967176,6.6977966727456035,-0.5892138859777738,0.0
map,2,217,1788743265.967176,6.705084270510447,-0.5653003114026838,0.0
map,2,218,1788743265.967176,6.712374920033149,-0.5413867368275938,0.0
map,2,219,1788743265.967176,6.719671673071566,-0.5174746881314327,0.0
map,2,220,1788743265.967176,6.726971477867842,-0.49356416531420066,0.0
map,2,221,1788743265.967176,6.7342728085430466,-0.4696551683758976,0.0
map,2,222,1788743265.967176,6.741578716855038,-0.44574617143759454,0.0
map,2,223,1788743265.967176,6.74888462516703,-0.4218371744992915,0.0
map,2,224,1788743265.967176,6.756195111115808,-0.3979297034399174,0.0
map,2,225,1788743265.967176,6.7635117005803025,-0.3740237582594723,0.0
map,2,226,1788743265.967176,6.770831341802655,-0.3501193389579562,0.0
map,2,227,1788743265.967176,6.778154034782865,-0.3262164455353691,0.0
map,2,228,1788743265.967176,6.785478253642005,-0.302313552112782,0.0
map,2,229,1788743265.967176,6.792805524259002,-0.27841218456912387,0.0
map,2,230,1788743265.967176,6.800135846633857,-0.25451081702546574,0.0
map,2,231,1788743265.967176,6.807467694887642,-0.23060944948180762,0.0
map,2,232,1788743265.967176,6.814807172536071,-0.20671113369600747,0.0
map,2,233,1788743265.967176,6.822148176063429,-0.18281281791020731,0.0
map,2,234,1788743265.967176,6.829492231348645,-0.15891602800333615,0.0
map,2,235,1788743265.967176,6.836839338391719,-0.13502076397539398,0.0
map,2,236,1788743265.967176,6.844187971313723,-0.11112397406852281,0.0
map,2,237,1788743265.967176,6.851538130114655,-0.08723023591950962,0.0
map,2,238,1788743265.967176,6.858891340673445,-0.06333497189156745,0.0
map,2,239,1788743265.967176,6.866250654747951,-0.03944275962148325,0.0
map,2,240,1788743265.967176,6.873611494701386,-0.015552073230328034,0.0
map,2,241,1788743265.967176,6.880975386412679,0.00833861316082718,0.0
map,2,242,1788743265.967176,6.888340804002901,0.03222929955198239,0.0
map,2,243,1788743265.967176,6.89571079922991,0.05611846006420862,0.0
map,2,244,1788743265.967176,6.903080794456919,0.08000762057643485,0.0
map,2,245,1788743265.967176,6.910455367320715,0.10389525520973208,0.0
map,2,246,1788743265.967176,6.917832991942369,0.12778136396410034,0.0
map,2,247,1788743265.967176,6.925213668321881,0.1516674727184686,0.0
map,2,248,1788743265.967176,6.932597396459251,0.17555205559390785,0.0
map,2,249,1788743265.967176,6.9399826504755495,0.19943663846934712,0.0
map,2,250,1788743265.967176,6.947372482128635,0.2233196954658574,0.0
map,2,251,1788743265.967176,6.954762313781721,0.24720275246236767,0.0
map,2,252,1788743265.967176,6.962156723071594,0.27108428357994896,0.0
map,2,253,1788743265.967176,6.969554184119325,0.29496428881860126,0.0
map,2,254,1788743265.967176,6.9769531710459844,0.31884429405725356,0.0
map,2,255,1788743265.967176,6.984355209730502,0.3427227734169769,0.0
map,2,256,1788743265.967176,6.991760300172878,0.3666012527767002,0.0
map,2,257,1788743265.967176,6.9991684423731115,0.3904782062574945,0.0
map,2,258,1788743265.967176,7.006578110452274,0.41435515973828885,0.0
map,2,259,1788743265.967176,7.013990830289295,0.4382305873401542,0.0
map,2,260,1788743265.967176,7.021406601884173,0.4621060149420195,0.0
map,2,261,1788743265.967176,7.028823899357981,0.4859799166649559,0.0
map,2,262,1788743265.967176,7.036245774468576,0.5098538183878922,0.0
map,2,263,1788743265.967176,7.04366764957917,0.5337261942318996,0.0
map,2,264,1788743265.967176,7.051094102326552,0.557597044196978,0.0
map,2,265,1788743265.967176,7.058520555073933,0.5814694200409853,0.0
map,2,266,1788743265.967176,7.065951585458102,0.6053387441271347,0.0
map,2,267,1788743265.967176,7.073385667600128,0.6292080682132841,0.0
map,2,268,1788743265.967176,7.0808212756210835,0.6530773922994335,0.0
map,2,269,1788743265.967176,7.088259935399897,0.6769451905066539,0.0
map,2,270,1788743265.967176,7.095700121057639,0.7008114628349453,0.0
map,2,271,1788743265.967176,7.10314335847324,0.7246777351632367,0.0
map,2,272,1788743265.967176,7.110588121767769,0.7485440074915282,0.0
map,2,273,1788743265.967176,7.118037462699085,0.7724087539408906,0.0
map,2,274,1788743265.967176,7.125488329509331,0.796271974511324,0.0
map,2,275,1788743265.967176,7.132942248077434,0.8201351950817575,0.0
map,2,276,1788743265.967176,7.140399218403395,0.8439968897732619,0.0
map,2,277,1788743265.967176,7.147857714608286,0.8678585844647664,0.0
map,2,278,1788743265.967176,7.155317736692105,0.8917187532773418,0.0
map,2,279,1788743265.967176,7.162780810533782,0.9155789220899173,0.0
map,2,280,1788743265.967176,7.170246936133317,0.9394390909024928,0.0
map,2,281,1788743265.967176,7.17771611349071,0.9632962079572103,0.0
map,2,282,1788743265.967176,7.1851868167270325,0.9871548508908567,0.0
map,2,283,1788743265.967176,7.192660571721213,1.0110119679455742,0.0
map,2,284,1788743265.967176,7.200134326715393,1.0348675591213627,0.0
map,2,285,1788743265.967176,7.20761265934636,1.0587231502971512,0.0
map,2,286,1788743265.967176,7.215092517856256,1.0825787414729398,0.0
map,2,287,1788743265.967176,7.222573902245081,1.1064312808908703,0.0
map,2,288,1788743265.967176,7.230058338391764,1.1302853461877298,0.0
map,2,289,1788743265.967176,7.237545826296305,1.1541378856056603,0.0
map,2,290,1788743265.967176,7.245034840079775,1.1779904250235909,0.0
map,2,291,1788743265.967176,7.252526905621103,1.2018414385625924,0.0
map,2,292,1788743265.967176,7.26002049704136,1.225690926222665,0.0
map,2,293,1788743265.967176,7.267517140219475,1.2495404138827375,0.0
map,2,294,1788743265.967176,7.275015309276519,1.27338990154281,0.0
map,2,295,1788743265.967176,7.282516530091421,1.2972378633239536,0.0
map,2,296,1788743265.967176,7.290019276785252,1.3210858251050972,0.0
map,2,297,1788743265.967176,7.2975266011158695,1.3449322610073118,0.0
map,2,298,1788743265.967176,7.305033925446487,1.3687771710305974,0.0
map,2,299,1788743265.967176,7.312545827413892,1.392623606932812,0.0
map,2,300,1788743265.967176,7.320057729381297,1.4164669910771686,0.0
map,2,301,1788743265.967176,7.327571157227631,1.4403119011004542,0.0
map,2,302,1788743265.967176,7.3350891627107515,1.4641552852448108,0.0
map,2,303,1788743265.967176,7.342608694072801,1.4879971435102384,0.0
map,2,304,1788743265.967176,7.350131277192709,1.511839001775666,0.0
map,2,305,1788743265.967176,7.357655386191546,1.5356793341621646,0.0
map,2,306,1788743265.967176,7.365179495190382,1.5595196665486633,0.0
map,2,307,1788743265.967176,7.372706655947077,1.5833599989351619,0.0
map,2,308,1788743265.967176,7.38023686846163,1.6071988054427315,0.0
map,2,309,1788743265.967176,7.38777013273404,1.6310376119503012,0.0
map,2,310,1788743265.967176,7.39530492288538,1.6548748925789418,0.0
map,2,311,1788743265.967176,7.402842764794578,1.6787106473286535,0.0
map,2,312,1788743265.967176,7.410382132582704,1.7025464020783652,0.0
map,2,313,1788743265.967176,7.41792302624976,1.7263821568280768,0.0
map,2,314,1788743265.967176,7.425465445795744,1.7502179115777885,0.0
map,2,315,1788743265.967176,7.433010917099587,1.7740521404485712,0.0
map,2,316,1788743265.967176,7.440559440161287,1.7978848434404249,0.0
map,2,317,1788743265.967176,7.448111014980846,1.8217175464322786,0.0
map,2,318,1788743265.967176,7.455665641558262,1.8455487235452033,0.0
map,2,319,1788743265.967176,7.463217216377821,1.869379900658128,0.0
map,2,320,1788743265.967176,7.470771842955237,1.8932110777710527,0.0
map,2,321,1788743265.967176,7.478331047169441,1.9170422548839774,0.0
map,2,322,1788743265.967176,7.485891777262573,1.9408703802390441,0.0
map,2,323,1788743265.967176,7.493457084992492,1.9646985055941109,0.0
map,2,324,1788743265.967176,7.501023918601341,1.9885266309491776,0.0
map,2,325,1788743265.967176,7.508592278089118,2.0123532304253153,0.0
map,2,326,1788743265.967176,7.5161606375768955,2.036179829901453,0.0
map,2,327,1788743265.967176,7.523730522943602,2.060006429377591,0.0
map,2,328,1788743265.967176,7.531303460068166,2.0838315029747996,0.0
map,2,329,1788743265.967176,7.538880974829517,2.1076550506930793,0.0
map,2,330,1788743265.967176,7.546460015469798,2.131478598411359,0.0
map,2,331,1788743265.967176,7.554043633746865,2.155302146129639,0.0
map,2,332,1788743265.967176,7.561627252023932,2.1791226420900607,0.0
map,2,333,1788743265.967176,7.56920934442207,2.2029461898083404,0.0
map,2,334,1788743265.967176,7.5767944885780665,2.2267666857687622,0.0
map,2,335,1788743265.967176,7.58438421037085,2.250587181729184,0.0
map,2,336,1788743265.967176,7.591975458042562,2.274406151810677,0.0
map,2,337,1788743265.967176,7.599571283351061,2.2982251218921697,0.0
map,2,338,1788743265.967176,7.607170160417418,2.3220425660947335,0.0
map,2,339,1788743265.967176,7.614762933968059,2.3458615361762263,0.0
map,2,340,1788743265.967176,7.622360285155487,2.36967898037879,0.0
map,2,341,1788743265.967176,7.629962213979702,2.393494898702425,0.0
map,2,342,1788743265.967176,7.637567194561775,2.4173108170260598,0.0
map,2,343,1788743265.967176,7.645175226901706,2.4411252094707656,0.0
map,2,344,1788743265.967176,7.652786310999495,2.4649380760365425,0.0
map,2,345,1788743265.967176,7.660398920976213,2.4887509426023193,0.0
map,2,346,1788743265.967176,7.668006953316144,2.512565335047025,0.0
map,2,347,1788743265.967176,7.675619563292862,2.536378201612802,0.0
map,2,348,1788743265.967176,7.683236750906367,2.56018954229965,0.0
map,2,349,1788743265.967176,7.690855464398801,2.583999357107569,0.0
map,2,350,1788743265.967176,7.698480281406951,2.6078091719154877,0.0
map,2,351,1788743265.967176,7.706105098415101,2.6316174608444776,0.0
map,2,352,1788743265.967176,7.713723811907535,2.6554288015313254,0.0
map,2,353,1788743265.967176,7.721345577157827,2.6792386163392443,0.0
map,2,354,1788743265.967176,7.728973445923835,2.7030453793893052,0.0
map,2,355,1788743265.967176,7.736605892326629,2.726852142439366,0.0
map,2,356,1788743265.967176,7.744241390487282,2.750657379610498,0.0
map,2,357,1788743265.967176,7.751879940405793,2.77446261678163,0.0
map,2,358,1788743265.967176,7.759523067961091,2.798264802194904,0.0
map,2,359,1788743265.967176,7.7671555143638855,2.822071565244965,0.0
map,2,360,1788743265.967176,7.774794064282396,2.8458768024160968,0.0
map,2,361,1788743265.967176,7.782438717716623,2.8696789878293707,0.0
map,2,362,1788743265.967176,7.790086422908708,2.8934811732426446,0.0
map,2,363,1788743265.967176,7.797738705737579,2.9172803068980606,0.0
map,2,364,1788743265.967176,7.805394040324309,2.9410794405534766,0.0
map,2,365,1788743265.967176,7.813035642000678,2.9648831518456795,0.0
map,2,366,1788743265.967176,7.820684873071691,2.9886838113800245,0.0
map,2,367,1788743265.967176,7.828340207658421,3.0124829450354405,0.0
map,2,368,1788743265.967176,7.836000119881938,3.0362805528119274,0.0
map,2,369,1788743265.967176,7.843664609742241,3.0600766347094854,0.0
map,2,370,1788743265.967176,7.851335203118261,3.0838711907281144,0.0
map,2,371,1788743265.967176,7.859007322373209,3.1076642208678145,0.0
map,2,372,1788743265.967176,7.866662656959939,3.1314633545232304,0.0
map,2,373,1788743265.967176,7.874322569183455,3.1552609622997174,0.0
map,2,374,1788743265.967176,7.881994688438404,3.1790555183183464,0.0
map,2,375,1788743265.967176,7.889668333572281,3.2028485484580465,0.0
map,2,376,1788743265.967176,7.897332823432585,3.2266446303556044,0.0
map,2,377,1788743265.967176,7.905011046203249,3.2504361346163755,0.0
map,2,378,1788743265.967176,7.912689268973914,3.2742276388771465,0.0
map,2,379,1788743265.967176,7.9707,3.31,0.7715
map,3,0,1788743266.999769,5.862689238426533,-5.875772497468478,0.0
map,3,1,1788743266.999769,5.862321501604647,-5.849335119144843,0.0
map,3,2,1788743266.999769,5.86213687025424,-5.824336644651243,0.0
map,3,3,1788743266.999769,5.861885100230957,-5.799336644278714,0.0
map,3,4,1788743266.999769,5.8615707691715855,-5.774339695664043,0.0
map,3,5,1788743266.999769,5.861166411255404,-5.749342747049372,0.0
map,3,6,1788743266.999769,5.860679655877057,-5.72434732431363,0.0
map,3,7,1788743266.999769,5.860081511336894,-5.699354953335746,0.0
map,3,8,1788743266.999769,5.85937960702956,-5.674364108236791,0.0
map,3,9,1788743266.999769,5.8585449512554035,-5.649377840774623,0.0
map,3,10,1788743266.999769,5.8575882251669285,-5.6243961509492415,0.0
map,3,11,1788743266.999769,5.856475859427697,-5.599420564639576,0.0
map,3,12,1788743266.999769,5.855226164584856,-5.574452607724556,0.0
map,3,13,1788743266.999769,5.853800993665182,-5.54949380608311,0.0
map,3,14,1788743266.999769,5.85222170897368,-5.524542633836308,0.0
map,3,15,1788743266.999769,5.8504501635371255,-5.499606720378797,0.0
map,3,16,1788743266.999769,5.848510771418383,-5.474681488073788,0.0
map,3,17,1788743266.999769,5.846363859765297,-5.449773040436998,0.0
map,3,18,1788743266.999769,5.844035368519663,-5.424882903347356,0.0
map,3,19,1788743266.999769,5.841488676587183,-5.400012602683791,0.0
map,3,20,1788743266.999769,5.838751249788579,-5.375162138446303,0.0
map,3,21,1788743266.999769,5.83578188939277,-5.350339140029536,0.0
map,3,22,1788743266.999769,5.832615690615121,-5.325540555675634,0.0
map,3,23,1788743266.999769,5.829206877087763,-5.30077401477924,0.0
map,3,24,1788743266.999769,5.825560026447484,-5.2760425690982125,0.0
map,3,25,1788743266.999769,5.821696500999288,-5.251341640995765,0.0
map,3,26,1788743266.999769,5.817587309043525,-5.2266819116244,0.0
map,3,27,1788743266.999769,5.8132583905219875,-5.20206032922626,0.0
map,3,28,1788743266.999769,5.808862333327575,-5.177449427980623,0.0
map,3,29,1788743266.999769,5.804455594980659,-5.152841578492843,0.0
map,3,30,1788743266.999769,5.80000918378159,-5.12823983252078,0.0
map,3,31,1788743266.999769,5.795550565551089,-5.103639612427646,0.0
map,3,32,1788743266.999769,5.791056852105221,-5.079047021729156,0.0
map,3,33,1788743266.999769,5.786550931627922,-5.054457482788525,0.0
map,3,34,1788743266.999769,5.782011441814184,-5.0298725214846804,0.0
map,3,35,1788743266.999769,5.777459744969015,-5.005290611938694,0.0
map,3,36,1788743266.999769,5.772880582303124,-4.980713280029494,0.0
map,3,37,1788743266.999769,5.768292264363659,-4.956137473999224,0.0
map,3,38,1788743266.999769,5.76367953236133,-4.931567771484669,0.0
map,3,39,1788743266.999769,5.759034756901492,-4.907002646606902,0.0
map,3,40,1788743266.999769,5.754393033199513,-4.882437521729134,0.0
map,3,41,1788743266.999769,5.749768094165752,-4.857869345093508,0.0
map,3,42,1788743266.999769,5.745137051616275,-4.833301168457883,0.0
map,3,43,1788743266.999769,5.740509060824657,-4.808732991822257,0.0
map,3,44,1788743266.999769,5.735871914759464,-4.78416786694449,0.0
map,3,45,1788743266.999769,5.727275112873549,-4.760692219622019,0.0
map,3,46,1788743266.999769,5.721673611325237,-4.736326984883949,0.0
map,3,47,1788743266.999769,5.721438625970173,-4.711328510390349,0.0
map,3,48,1788743266.999769,5.721194485341535,-4.686330035896749,0.0
map,3,49,1788743266.999769,5.720976284654689,-4.6613300355242195,0.0
map,3,50,1788743266.999769,5.72074892869427,-4.6363315610306195,0.0
map,3,51,1788743266.999769,5.720541409159928,-4.6113330865370195,0.0
map,3,52,1788743266.999769,5.720318630836296,-4.58633308616449,0.0
map,3,53,1788743266.999769,5.720097378391593,-4.56133461167089,0.0
map,3,54,1788743266.999769,5.719827297821162,-4.53633613717729,0.0
map,3,55,1788743266.999769,5.719477871546424,-4.511339188562619,0.0
map,3,56,1788743266.999769,5.7189102445848405,-4.486345291705806,0.0
map,3,57,1788743266.999769,5.717918423280999,-4.461365127759354,0.0
map,3,58,1788743266.999769,5.716040066319415,-4.436435317817558,0.0
map,3,59,1788743266.999769,5.712606838729194,-4.411671828679022,0.0
map,3,60,1788743266.999769,5.706793240009752,-4.387356947945609,0.0
map,3,61,1788743266.999769,5.698120144177388,-4.363910292322789,0.0
map,3,62,1788743266.999769,5.71949923385143,-4.350951002578899,0.0
map,3,63,1788743266.999769,5.740892056435833,-4.338016126897873,0.0
map,3,64,1788743266.999769,5.762689236936417,-4.3257724743716786,0.0
map,3,65,1788743266.999769,5.762689236936417,-4.2757724736266205,0.0
map,3,66,1788743266.999769,5.762689236936417,-4.225772472881562,0.0
map,3,67,1788743266.999769,5.734121731627916,-4.182091136781441,0.0
map,3,68,1788743266.999769,5.7365524567617925,-4.157208629086444,0.0
map,3,69,1788743266.999769,5.739035061779255,-4.132332224907163,0.0
map,3,70,1788743266.999769,5.741192654584843,-4.107425303149302,0.0
map,3,71,1788743266.999769,5.743405179031875,-4.082524484907157,0.0
map,3,72,1788743266.999769,5.745430020370641,-4.057605356117865,0.0
map,3,73,1788743266.999769,5.747528103897999,-4.032693856723217,0.0
map,3,74,1788743266.999769,5.749543789963191,-4.007776253812853,0.0
map,3,75,1788743266.999769,5.7516479770062645,-3.9828647544182054,0.0
map,3,76,1788743266.999769,5.75373385350219,-3.9579517291446287,0.0
map,3,77,1788743266.999769,5.755925015644216,-3.933047859144626,0.0
map,3,78,1788743266.999769,5.758137540091248,-3.908145515023552,0.0
map,3,79,1788743266.999769,5.7638443272856605,-3.8838062202272745,0.0
map,3,80,1788743266.999769,5.769421414771109,-3.8594364078524173,0.0
map,3,81,1788743266.999769,5.775024442198351,-3.835071173114347,0.0
map,3,82,1788743266.999769,5.780552701558072,-3.810690679586987,0.0
map,3,83,1788743266.999769,5.786129789043521,-3.7863208672121296,0.0
map,3,84,1788743266.999769,5.791670255434674,-3.7619418995636984,0.0
map,3,85,1788743266.999769,5.797271756982987,-3.737578190704557,0.0
map,3,86,1788743266.999769,5.8028625773787965,-3.713211430087558,0.0
map,3,87,1788743266.999769,5.80852358820534,-3.6888599282598484,0.0
map,3,88,1788743266.999769,5.814596586342709,-3.664609134441452,0.0
map,3,89,1788743266.999769,5.820686369148298,-3.640362918259843,0.0
map,3,90,1788743266.999769,5.826739530859591,-3.6161060209257307,0.0
map,3,91,1788743266.999769,5.8328186325126765,-3.5918567529862635,0.0
map,3,92,1788743266.999769,5.838874845981827,-3.5676013815310803,0.0
map,3,93,1788743266.999769,5.844966154666345,-3.543355165349471,0.0
map,3,94,1788743266.999769,5.851048308077289,-3.519105897410004,0.0
map,3,95,1788743266.999769,5.857170134340386,-3.4948673106230395,0.0
map,3,96,1788743266.999769,5.8634979542588965,-3.4706806037196607,0.0
map,3,97,1788743266.999769,5.869839507087768,-3.446498474453069,0.0
map,3,98,1788743266.999769,5.876159697611634,-3.422310241670761,0.0
map,3,99,1788743266.999769,5.882499724561576,-3.3981281124041693,0.0
map,3,100,1788743266.999769,5.888827544480087,-3.3739414055007906,0.0
map,3,101,1788743266.999769,5.895178252582532,-3.3497623279920568,0.0
map,3,102,1788743266.999769,5.901522857169262,-3.325580198725465,0.0
map,3,103,1788743266.999769,5.907894927576713,-3.301407224732447,0.0
map,3,104,1788743266.999769,5.914413482361347,-3.277270871833725,0.0
map,3,105,1788743266.999769,5.920921355993478,-3.2531329930560737,0.0
map,3,106,1788743266.999769,5.927438384899183,-3.2289966401573515,0.0
map,3,107,1788743266.999769,5.933947784410243,-3.2048602872586294,0.0
map,3,108,1788743266.999769,5.940472442710593,-3.180725460238836,0.0
map,3,109,1788743266.999769,5.946994049253085,-3.156592159097972,0.0
map,3,110,1788743266.999769,5.953532440463796,-3.1324619097149657,0.0
map,3,111,1788743266.999769,5.960072357553436,-3.1083331862108885,0.0
map,3,112,1788743266.999769,5.966708405015602,-3.084228876769675,0.0
map,3,113,1788743266.999769,5.973336823083123,-3.0601245673284616,0.0
map,3,114,1788743266.999769,5.979975922303147,-3.036021783766177,0.0
map,3,115,1788743266.999769,5.986610443886384,-3.0119174743249637,0.0
map,3,116,1788743266.999769,5.993257172501053,-2.9878177425205372,0.0
map,3,117,1788743266.999769,5.999903901115722,-2.9637180107161107,0.0
map,3,118,1788743266.999769,6.006564362640752,-2.9396213306695422,0.0
map,3,119,1788743266.999769,6.0132858593229415,-2.9155414352911926,0.0
map,3,120,1788743266.999769,6.020016511278705,-2.891464591670701,0.0
map,3,121,1788743266.999769,6.026742585597681,-2.8673862221712803,0.0
map,3,122,1788743266.999769,6.033477815190231,-2.8433109044297176,0.0
map,3,123,1788743266.999769,6.040209993024924,-2.819234060809226,0.0
map,3,124,1788743266.999769,6.046954377891048,-2.795161794825521,0.0
map,3,125,1788743266.999769,6.053698762757172,-2.7710880029628875,0.0
map,3,126,1788743266.999769,6.060456880533657,-2.7470187887370408,0.0
map,3,127,1788743266.999769,6.067256197041225,-2.722961781542626,0.0
map,3,128,1788743266.999769,6.074064668822366,-2.69890630022714,0.0
map,3,129,1788743266.999769,6.080868562966721,-2.674850818911654,0.0
map,3,130,1788743266.999769,6.0876831382635785,-2.6507968634750974,0.0
map,3,131,1788743266.999769,6.094505342955081,-2.6267459597963985,0.0
map,3,132,1788743266.999769,6.101330599404442,-2.6026950561176996,0.0
map,3,133,1788743266.999769,6.108163485248447,-2.5786472041968587,0.0
map,3,134,1788743266.999769,6.115034518065677,-2.5546100334285207,0.0
map,3,135,1788743266.999769,6.121910128519694,-2.5305743885391117,0.0
map,3,136,1788743266.999769,6.128785738973711,-2.5065387436497026,0.0
map,3,137,1788743266.999769,6.135667452943444,-2.4825046246392226,0.0
map,3,138,1788743266.999769,6.142549166913177,-2.4584705056287426,0.0
map,3,139,1788743266.999769,6.149440036156484,-2.4344379124971915,0.0
map,3,140,1788743266.999769,6.15633243127872,-2.4104068452445695,0.0
map,3,141,1788743266.999769,6.163261447495252,-2.3863864591444504,0.0
map,3,142,1788743266.999769,6.1701904637117835,-2.362366073044331,0.0
map,3,143,1788743266.999769,6.177124057565102,-2.338347212823141,0.0
map,3,144,1788743266.999769,6.18405917729735,-2.314328352601951,0.0
map,3,145,1788743266.999769,6.191000400545313,-2.2903110182596897,0.0
map,3,146,1788743266.999769,6.197941623793277,-2.2662936839174286,0.0
map,3,147,1788743266.999769,6.204892002314814,-2.2422794013330254,0.0
map,3,148,1788743266.999769,6.211843906715281,-2.218265118748622,0.0
map,3,149,1788743266.999769,6.218823276936469,-2.194259991437793,0.0
map,3,150,1788743266.999769,6.225804173036586,-2.1702533382480347,0.0
map,3,151,1788743266.999769,6.23278964677349,-2.1462497368161344,0.0
map,3,152,1788743266.999769,6.239776646389323,-2.122246135384234,0.0
map,3,153,1788743266.999769,6.2467697495208725,-2.098244059831263,0.0
map,3,154,1788743266.999769,6.253764378531351,-2.0742419842782915,0.0
map,3,155,1788743266.999769,6.260765111057545,-2.0502429604831782,0.0
map,3,156,1788743266.999769,6.2677917835255315,-2.026250040203781,0.0
map,3,157,1788743266.999769,6.274818455993518,-2.0022586458033125,0.0
map,3,158,1788743266.999769,6.281851231977221,-1.978267251402844,0.0
map,3,159,1788743266.999769,6.288884007960924,-1.9542773828813047,0.0
map,3,160,1788743266.999769,6.295922887460343,-1.9302890402386943,0.0
map,3,161,1788743266.999769,6.30296329283869,-1.906300697596084,0.0
map,3,162,1788743266.999769,6.310009801732754,-1.8823138808324025,0.0
map,3,163,1788743266.999769,6.3170730952950365,-1.858333167584437,0.0
map,3,164,1788743266.999769,6.324142492373035,-1.8343524543364715,0.0
map,3,165,1788743266.999769,6.331211889451033,-1.810373266967435,0.0
map,3,166,1788743266.999769,6.338287390044748,-1.7863956054773276,0.0
map,3,167,1788743266.999769,6.345362890638462,-1.76241794398722,0.0
map,3,168,1788743266.999769,6.352444494747893,-1.7384418083760416,0.0
map,3,169,1788743266.999769,6.359527624736252,-1.714465672764863,0.0
map,3,170,1788743266.999769,6.366630591150688,-1.6904956406694005,0.0
map,3,171,1788743266.999769,6.373733557565124,-1.666527134452867,0.0
map,3,172,1788743266.999769,6.3808411016163475,-1.6425586282363334,0.0
map,3,173,1788743266.999769,6.3879501715465,-1.6185901220197998,0.0
map,3,174,1788743266.999769,6.395063819113439,-1.5946231416821952,0.0
map,3,175,1788743266.999769,6.402177466680378,-1.5706576872235196,0.0
map,3,176,1788743266.999769,6.409298743641962,-1.546692232764844,0.0
map,3,177,1788743266.999769,6.416433753513907,-1.5227328818218844,0.0
map,3,178,1788743266.999769,6.42357181514371,-1.4987735308789247,0.0
map,3,179,1788743266.999769,6.430711402652442,-1.474814179935965,0.0
map,3,180,1788743266.999769,6.4378555677979605,-1.4508563548719344,0.0
map,3,181,1788743266.999769,6.445004310580266,-1.4269000556868328,0.0
map,3,182,1788743266.999769,6.452153053362572,-1.40294528238066,0.0
map,3,183,1788743266.999769,6.459307899660594,-1.3789905090744874,0.0
map,3,184,1788743266.999769,6.466474952990048,-1.3550403134051017,0.0
map,3,185,1788743266.999769,6.473646583956288,-1.331090117735716,0.0
map,3,186,1788743266.999769,6.480818214922529,-1.3071414479452592,0.0
map,3,187,1788743266.999769,6.487994423525556,-1.2831927781548025,0.0
map,3,188,1788743266.999769,6.495172158007513,-1.2592456342432747,0.0
map,3,189,1788743266.999769,6.502354470126257,-1.235300016210676,0.0
map,3,190,1788743266.999769,6.509538308123929,-1.2113543981780772,0.0
map,3,191,1788743266.999769,6.5167358790319625,-1.1874133577822654,0.0
map,3,192,1788743266.999769,6.523934975818925,-1.1634707915075246,0.0
map,3,193,1788743266.999769,6.531137124363745,-1.1395312769906418,0.0
map,3,194,1788743266.999769,6.538340798787495,-1.115591762473759,0.0
map,3,195,1788743266.999769,6.545549050848031,-1.0916537738358052,0.0
map,3,196,1788743266.999769,6.552758828787496,-1.0677157851978514,0.0
map,3,197,1788743266.999769,6.55997165848482,-1.0437793224388265,0.0
map,3,198,1788743266.999769,6.567195169334646,-1.0198459114376597,0.0
map,3,199,1788743266.999769,6.57442173194233,-0.9959125004364928,0.0
map,3,200,1788743266.999769,6.581649820428943,-0.971980615314255,0.0
map,3,201,1788743266.999769,6.588882486552343,-0.9480487301920171,0.0
map,3,202,1788743266.999769,6.596115152675743,-0.9241183709487082,0.0
map,3,203,1788743266.999769,6.603353922314859,-0.9001895375843283,0.0
map,3,204,1788743266.999769,6.6105942178329045,-0.8762607042199484,0.0
map,3,205,1788743266.999769,6.617845194503452,-0.8523349226134265,0.0
map,3,206,1788743266.999769,6.625097697052929,-0.8284106668858335,0.0
map,3,207,1788743266.999769,6.632353251360264,-0.8044864111582406,0.0
map,3,208,1788743266.999769,6.639610331546528,-0.7805636813095767,0.0
map,3,209,1788743266.999769,6.64687046349065,-0.7566409514609127,0.0
map,3,210,1788743266.999769,6.654135173071559,-0.7327182216122488,0.0
map,3,211,1788743266.999769,6.661399882652468,-0.7087985435214428,0.0
map,3,212,1788743266.999769,6.66867527338588,-0.6848803913095658,0.0
map,3,213,1788743266.999769,6.675950664119291,-0.6609622390976888,0.0
map,3,214,1788743266.999769,6.68323063248949,-0.6370456127647408,0.0
map,3,215,1788743266.999769,6.690512126738618,-0.6131289864317928,0.0
map,3,216,1788743266.999769,6.6977966727456035,-0.5892138859777738,0.0
map,3,217,1788743266.999769,6.705084270510447,-0.5653003114026838,0.0
map,3,218,1788743266.999769,6.712374920033149,-0.5413867368275938,0.0
map,3,219,1788743266.999769,6.719671673071566,-0.5174746881314327,0.0
map,3,220,1788743266.999769,6.726971477867842,-0.49356416531420066,0.0
map,3,221,1788743266.999769,6.7342728085430466,-0.4696551683758976,0.0
map,3,222,1788743266.999769,6.741578716855038,-0.44574617143759454,0.0
map,3,223,1788743266.999769,6.74888462516703,-0.4218371744992915,0.0
map,3,224,1788743266.999769,6.756195111115808,-0.3979297034399174,0.0
map,3,225,1788743266.999769,6.7635117005803025,-0.3740237582594723,0.0
map,3,226,1788743266.999769,6.770831341802655,-0.3501193389579562,0.0
map,3,227,1788743266.999769,6.778154034782865,-0.3262164455353691,0.0
map,3,228,1788743266.999769,6.785478253642005,-0.302313552112782,0.0
map,3,229,1788743266.999769,6.792805524259002,-0.27841218456912387,0.0
map,3,230,1788743266.999769,6.800135846633857,-0.25451081702546574,0.0
map,3,231,1788743266.999769,6.807467694887642,-0.23060944948180762,0.0
map,3,232,1788743266.999769,6.814807172536071,-0.20671113369600747,0.0
map,3,233,1788743266.999769,6.822148176063429,-0.18281281791020731,0.0
map,3,234,1788743266.999769,6.829492231348645,-0.15891602800333615,0.0
map,3,235,1788743266.999769,6.836839338391719,-0.13502076397539398,0.0
map,3,236,1788743266.999769,6.844187971313723,-0.11112397406852281,0.0
map,3,237,1788743266.999769,6.851538130114655,-0.08723023591950962,0.0
map,3,238,1788743266.999769,6.858891340673445,-0.06333497189156745,0.0
map,3,239,1788743266.999769,6.866250654747951,-0.03944275962148325,0.0
map,3,240,1788743266.999769,6.873611494701386,-0.015552073230328034,0.0
map,3,241,1788743266.999769,6.880975386412679,0.00833861316082718,0.0
map,3,242,1788743266.999769,6.888340804002901,0.03222929955198239,0.0
map,3,243,1788743266.999769,6.89571079922991,0.05611846006420862,0.0
map,3,244,1788743266.999769,6.903080794456919,0.08000762057643485,0.0
map,3,245,1788743266.999769,6.910455367320715,0.10389525520973208,0.0
map,3,246,1788743266.999769,6.917832991942369,0.12778136396410034,0.0
map,3,247,1788743266.999769,6.925213668321881,0.1516674727184686,0.0
map,3,248,1788743266.999769,6.932597396459251,0.17555205559390785,0.0
map,3,249,1788743266.999769,6.9399826504755495,0.19943663846934712,0.0
map,3,250,1788743266.999769,6.947372482128635,0.2233196954658574,0.0
map,3,251,1788743266.999769,6.954762313781721,0.24720275246236767,0.0
map,3,252,1788743266.999769,6.962156723071594,0.27108428357994896,0.0
map,3,253,1788743266.999769,6.969554184119325,0.29496428881860126,0.0
map,3,254,1788743266.999769,6.9769531710459844,0.31884429405725356,0.0
map,3,255,1788743266.999769,6.984355209730502,0.3427227734169769,0.0
map,3,256,1788743266.999769,6.991760300172878,0.3666012527767002,0.0
map,3,257,1788743266.999769,6.9991684423731115,0.3904782062574945,0.0
map,3,258,1788743266.999769,7.006578110452274,0.41435515973828885,0.0
map,3,259,1788743266.999769,7.013990830289295,0.4382305873401542,0.0
map,3,260,1788743266.999769,7.021406601884173,0.4621060149420195,0.0
map,3,261,1788743266.999769,7.028823899357981,0.4859799166649559,0.0
map,3,262,1788743266.999769,7.036245774468576,0.5098538183878922,0.0
map,3,263,1788743266.999769,7.04366764957917,0.5337261942318996,0.0
map,3,264,1788743266.999769,7.051094102326552,0.557597044196978,0.0
map,3,265,1788743266.999769,7.058520555073933,0.5814694200409853,0.0
map,3,266,1788743266.999769,7.065951585458102,0.6053387441271347,0.0
map,3,267,1788743266.999769,7.073385667600128,0.6292080682132841,0.0
map,3,268,1788743266.999769,7.0808212756210835,0.6530773922994335,0.0
map,3,269,1788743266.999769,7.088259935399897,0.6769451905066539,0.0
map,3,270,1788743266.999769,7.095700121057639,0.7008114628349453,0.0
map,3,271,1788743266.999769,7.10314335847324,0.7246777351632367,0.0
map,3,272,1788743266.999769,7.110588121767769,0.7485440074915282,0.0
map,3,273,1788743266.999769,7.118037462699085,0.7724087539408906,0.0
map,3,274,1788743266.999769,7.125488329509331,0.796271974511324,0.0
map,3,275,1788743266.999769,7.132942248077434,0.8201351950817575,0.0
map,3,276,1788743266.999769,7.140399218403395,0.8439968897732619,0.0
map,3,277,1788743266.999769,7.147857714608286,0.8678585844647664,0.0
map,3,278,1788743266.999769,7.155317736692105,0.8917187532773418,0.0
map,3,279,1788743266.999769,7.162780810533782,0.9155789220899173,0.0
map,3,280,1788743266.999769,7.170246936133317,0.9394390909024928,0.0
map,3,281,1788743266.999769,7.17771611349071,0.9632962079572103,0.0
map,3,282,1788743266.999769,7.1851868167270325,0.9871548508908567,0.0
map,3,283,1788743266.999769,7.192660571721213,1.0110119679455742,0.0
map,3,284,1788743266.999769,7.200134326715393,1.0348675591213627,0.0
map,3,285,1788743266.999769,7.20761265934636,1.0587231502971512,0.0
map,3,286,1788743266.999769,7.215092517856256,1.0825787414729398,0.0
map,3,287,1788743266.999769,7.222573902245081,1.1064312808908703,0.0
map,3,288,1788743266.999769,7.230058338391764,1.1302853461877298,0.0
map,3,289,1788743266.999769,7.237545826296305,1.1541378856056603,0.0
map,3,290,1788743266.999769,7.245034840079775,1.1779904250235909,0.0
map,3,291,1788743266.999769,7.252526905621103,1.2018414385625924,0.0
map,3,292,1788743266.999769,7.26002049704136,1.225690926222665,0.0
map,3,293,1788743266.999769,7.267517140219475,1.2495404138827375,0.0
map,3,294,1788743266.999769,7.275015309276519,1.27338990154281,0.0
map,3,295,1788743266.999769,7.282516530091421,1.2972378633239536,0.0
map,3,296,1788743266.999769,7.290019276785252,1.3210858251050972,0.0
map,3,297,1788743266.999769,7.2975266011158695,1.3449322610073118,0.0
map,3,298,1788743266.999769,7.305033925446487,1.3687771710305974,0.0
map,3,299,1788743266.999769,7.312545827413892,1.392623606932812,0.0
map,3,300,1788743266.999769,7.320057729381297,1.4164669910771686,0.0
map,3,301,1788743266.999769,7.327571157227631,1.4403119011004542,0.0
map,3,302,1788743266.999769,7.3350891627107515,1.4641552852448108,0.0
map,3,303,1788743266.999769,7.342608694072801,1.4879971435102384,0.0
map,3,304,1788743266.999769,7.350131277192709,1.511839001775666,0.0
map,3,305,1788743266.999769,7.357655386191546,1.5356793341621646,0.0
map,3,306,1788743266.999769,7.365179495190382,1.5595196665486633,0.0
map,3,307,1788743266.999769,7.372706655947077,1.5833599989351619,0.0
map,3,308,1788743266.999769,7.38023686846163,1.6071988054427315,0.0
map,3,309,1788743266.999769,7.38777013273404,1.6310376119503012,0.0
map,3,310,1788743266.999769,7.39530492288538,1.6548748925789418,0.0
map,3,311,1788743266.999769,7.402842764794578,1.6787106473286535,0.0
map,3,312,1788743266.999769,7.410382132582704,1.7025464020783652,0.0
map,3,313,1788743266.999769,7.41792302624976,1.7263821568280768,0.0
map,3,314,1788743266.999769,7.425465445795744,1.7502179115777885,0.0
map,3,315,1788743266.999769,7.433010917099587,1.7740521404485712,0.0
map,3,316,1788743266.999769,7.440559440161287,1.7978848434404249,0.0
map,3,317,1788743266.999769,7.448111014980846,1.8217175464322786,0.0
map,3,318,1788743266.999769,7.455665641558262,1.8455487235452033,0.0
map,3,319,1788743266.999769,7.463217216377821,1.869379900658128,0.0
map,3,320,1788743266.999769,7.470771842955237,1.8932110777710527,0.0
map,3,321,1788743266.999769,7.478331047169441,1.9170422548839774,0.0
map,3,322,1788743266.999769,7.485891777262573,1.9408703802390441,0.0
map,3,323,1788743266.999769,7.493457084992492,1.9646985055941109,0.0
map,3,324,1788743266.999769,7.501023918601341,1.9885266309491776,0.0
map,3,325,1788743266.999769,7.508592278089118,2.0123532304253153,0.0
map,3,326,1788743266.999769,7.5161606375768955,2.036179829901453,0.0
map,3,327,1788743266.999769,7.523730522943602,2.060006429377591,0.0
map,3,328,1788743266.999769,7.531303460068166,2.0838315029747996,0.0
map,3,329,1788743266.999769,7.538880974829517,2.1076550506930793,0.0
map,3,330,1788743266.999769,7.546460015469798,2.131478598411359,0.0
map,3,331,1788743266.999769,7.554043633746865,2.155302146129639,0.0
map,3,332,1788743266.999769,7.561627252023932,2.1791226420900607,0.0
map,3,333,1788743266.999769,7.56920934442207,2.2029461898083404,0.0
map,3,334,1788743266.999769,7.5767944885780665,2.2267666857687622,0.0
map,3,335,1788743266.999769,7.58438421037085,2.250587181729184,0.0
map,3,336,1788743266.999769,7.591975458042562,2.274406151810677,0.0
map,3,337,1788743266.999769,7.599571283351061,2.2982251218921697,0.0
map,3,338,1788743266.999769,7.607170160417418,2.3220425660947335,0.0
map,3,339,1788743266.999769,7.614762933968059,2.3458615361762263,0.0
map,3,340,1788743266.999769,7.622360285155487,2.36967898037879,0.0
map,3,341,1788743266.999769,7.629962213979702,2.393494898702425,0.0
map,3,342,1788743266.999769,7.637567194561775,2.4173108170260598,0.0
map,3,343,1788743266.999769,7.645175226901706,2.4411252094707656,0.0
map,3,344,1788743266.999769,7.652786310999495,2.4649380760365425,0.0
map,3,345,1788743266.999769,7.660398920976213,2.4887509426023193,0.0
map,3,346,1788743266.999769,7.668006953316144,2.512565335047025,0.0
map,3,347,1788743266.999769,7.675619563292862,2.536378201612802,0.0
map,3,348,1788743266.999769,7.683236750906367,2.56018954229965,0.0
map,3,349,1788743266.999769,7.690855464398801,2.583999357107569,0.0
map,3,350,1788743266.999769,7.698480281406951,2.6078091719154877,0.0
map,3,351,1788743266.999769,7.706105098415101,2.6316174608444776,0.0
map,3,352,1788743266.999769,7.713723811907535,2.6554288015313254,0.0
map,3,353,1788743266.999769,7.721345577157827,2.6792386163392443,0.0
map,3,354,1788743266.999769,7.728973445923835,2.7030453793893052,0.0
map,3,355,1788743266.999769,7.736605892326629,2.726852142439366,0.0
map,3,356,1788743266.999769,7.744241390487282,2.750657379610498,0.0
map,3,357,1788743266.999769,7.751879940405793,2.77446261678163,0.0
map,3,358,1788743266.999769,7.759523067961091,2.798264802194904,0.0
map,3,359,1788743266.999769,7.7671555143638855,2.822071565244965,0.0
map,3,360,1788743266.999769,7.774794064282396,2.8458768024160968,0.0
map,3,361,1788743266.999769,7.782438717716623,2.8696789878293707,0.0
map,3,362,1788743266.999769,7.790086422908708,2.8934811732426446,0.0
map,3,363,1788743266.999769,7.797738705737579,2.9172803068980606,0.0
map,3,364,1788743266.999769,7.805394040324309,2.9410794405534766,0.0
map,3,365,1788743266.999769,7.813035642000678,2.9648831518456795,0.0
map,3,366,1788743266.999769,7.820684873071691,2.9886838113800245,0.0
map,3,367,1788743266.999769,7.828340207658421,3.0124829450354405,0.0
map,3,368,1788743266.999769,7.836000119881938,3.0362805528119274,0.0
map,3,369,1788743266.999769,7.843664609742241,3.0600766347094854,0.0
map,3,370,1788743266.999769,7.851335203118261,3.0838711907281144,0.0
map,3,371,1788743266.999769,7.859007322373209,3.1076642208678145,0.0
map,3,372,1788743266.999769,7.866662656959939,3.1314633545232304,0.0
map,3,373,1788743266.999769,7.874322569183455,3.1552609622997174,0.0
map,3,374,1788743266.999769,7.881994688438404,3.1790555183183464,0.0
map,3,375,1788743266.999769,7.889668333572281,3.2028485484580465,0.0
map,3,376,1788743266.999769,7.897332823432585,3.2266446303556044,0.0
map,3,377,1788743266.999769,7.905011046203249,3.2504361346163755,0.0
map,3,378,1788743266.999769,7.912689268973914,3.2742276388771465,0.0
map,3,379,1788743266.999769,7.9707,3.31,0.7715
map,4,0,1788743268.0289273,5.862689238426533,-5.875772497468478,0.0
map,4,1,1788743268.0289273,5.862321501604647,-5.849335119144843,0.0
map,4,2,1788743268.0289273,5.86213687025424,-5.824336644651243,0.0
map,4,3,1788743268.0289273,5.861885100230957,-5.799336644278714,0.0
map,4,4,1788743268.0289273,5.8615707691715855,-5.774339695664043,0.0
map,4,5,1788743268.0289273,5.861166411255404,-5.749342747049372,0.0
map,4,6,1788743268.0289273,5.860679655877057,-5.72434732431363,0.0
map,4,7,1788743268.0289273,5.860081511336894,-5.699354953335746,0.0
map,4,8,1788743268.0289273,5.85937960702956,-5.674364108236791,0.0
map,4,9,1788743268.0289273,5.8585449512554035,-5.649377840774623,0.0
map,4,10,1788743268.0289273,5.8575882251669285,-5.6243961509492415,0.0
map,4,11,1788743268.0289273,5.856475859427697,-5.599420564639576,0.0
map,4,12,1788743268.0289273,5.855226164584856,-5.574452607724556,0.0
map,4,13,1788743268.0289273,5.853800993665182,-5.54949380608311,0.0
map,4,14,1788743268.0289273,5.85222170897368,-5.524542633836308,0.0
map,4,15,1788743268.0289273,5.8504501635371255,-5.499606720378797,0.0
map,4,16,1788743268.0289273,5.848510771418383,-5.474681488073788,0.0
map,4,17,1788743268.0289273,5.846363859765297,-5.449773040436998,0.0
map,4,18,1788743268.0289273,5.844035368519663,-5.424882903347356,0.0
map,4,19,1788743268.0289273,5.841488676587183,-5.400012602683791,0.0
map,4,20,1788743268.0289273,5.838751249788579,-5.375162138446303,0.0
map,4,21,1788743268.0289273,5.83578188939277,-5.350339140029536,0.0
map,4,22,1788743268.0289273,5.832615690615121,-5.325540555675634,0.0
map,4,23,1788743268.0289273,5.829206877087763,-5.30077401477924,0.0
map,4,24,1788743268.0289273,5.825560026447484,-5.2760425690982125,0.0
map,4,25,1788743268.0289273,5.821696500999288,-5.251341640995765,0.0
map,4,26,1788743268.0289273,5.817587309043525,-5.2266819116244,0.0
map,4,27,1788743268.0289273,5.8132583905219875,-5.20206032922626,0.0
map,4,28,1788743268.0289273,5.808862333327575,-5.177449427980623,0.0
map,4,29,1788743268.0289273,5.804455594980659,-5.152841578492843,0.0
map,4,30,1788743268.0289273,5.80000918378159,-5.12823983252078,0.0
map,4,31,1788743268.0289273,5.795550565551089,-5.103639612427646,0.0
map,4,32,1788743268.0289273,5.791056852105221,-5.079047021729156,0.0
map,4,33,1788743268.0289273,5.786550931627922,-5.054457482788525,0.0
map,4,34,1788743268.0289273,5.782011441814184,-5.0298725214846804,0.0
map,4,35,1788743268.0289273,5.777459744969015,-5.005290611938694,0.0
map,4,36,1788743268.0289273,5.772880582303124,-4.980713280029494,0.0
map,4,37,1788743268.0289273,5.768292264363659,-4.956137473999224,0.0
map,4,38,1788743268.0289273,5.76367953236133,-4.931567771484669,0.0
map,4,39,1788743268.0289273,5.759034756901492,-4.907002646606902,0.0
map,4,40,1788743268.0289273,5.754393033199513,-4.882437521729134,0.0
map,4,41,1788743268.0289273,5.749768094165752,-4.857869345093508,0.0
map,4,42,1788743268.0289273,5.745137051616275,-4.833301168457883,0.0
map,4,43,1788743268.0289273,5.740509060824657,-4.808732991822257,0.0
map,4,44,1788743268.0289273,5.735871914759464,-4.78416786694449,0.0
map,4,45,1788743268.0289273,5.727275112873549,-4.760692219622019,0.0
map,4,46,1788743268.0289273,5.721673611325237,-4.736326984883949,0.0
map,4,47,1788743268.0289273,5.721438625970173,-4.711328510390349,0.0
map,4,48,1788743268.0289273,5.721194485341535,-4.686330035896749,0.0
map,4,49,1788743268.0289273,5.720976284654689,-4.6613300355242195,0.0
map,4,50,1788743268.0289273,5.72074892869427,-4.6363315610306195,0.0
map,4,51,1788743268.0289273,5.720541409159928,-4.6113330865370195,0.0
map,4,52,1788743268.0289273,5.720318630836296,-4.58633308616449,0.0
map,4,53,1788743268.0289273,5.720097378391593,-4.56133461167089,0.0
map,4,54,1788743268.0289273,5.719827297821162,-4.53633613717729,0.0
map,4,55,1788743268.0289273,5.719477871546424,-4.511339188562619,0.0
map,4,56,1788743268.0289273,5.7189102445848405,-4.486345291705806,0.0
map,4,57,1788743268.0289273,5.717918423280999,-4.461365127759354,0.0
map,4,58,1788743268.0289273,5.716040066319415,-4.436435317817558,0.0
map,4,59,1788743268.0289273,5.712606838729194,-4.411671828679022,0.0
map,4,60,1788743268.0289273,5.706793240009752,-4.387356947945609,0.0
map,4,61,1788743268.0289273,5.698120144177388,-4.363910292322789,0.0
map,4,62,1788743268.0289273,5.71949923385143,-4.350951002578899,0.0
map,4,63,1788743268.0289273,5.740892056435833,-4.338016126897873,0.0
map,4,64,1788743268.0289273,5.762689236936417,-4.3257724743716786,0.0
map,4,65,1788743268.0289273,5.762689236936417,-4.2757724736266205,0.0
map,4,66,1788743268.0289273,5.762689236936417,-4.225772472881562,0.0
map,4,67,1788743268.0289273,5.734121731627916,-4.182091136781441,0.0
map,4,68,1788743268.0289273,5.7365524567617925,-4.157208629086444,0.0
map,4,69,1788743268.0289273,5.739035061779255,-4.132332224907163,0.0
map,4,70,1788743268.0289273,5.741192654584843,-4.107425303149302,0.0
map,4,71,1788743268.0289273,5.743405179031875,-4.082524484907157,0.0
map,4,72,1788743268.0289273,5.745430020370641,-4.057605356117865,0.0
map,4,73,1788743268.0289273,5.747528103897999,-4.032693856723217,0.0
map,4,74,1788743268.0289273,5.749543789963191,-4.007776253812853,0.0
map,4,75,1788743268.0289273,5.7516479770062645,-3.9828647544182054,0.0
map,4,76,1788743268.0289273,5.75373385350219,-3.9579517291446287,0.0
map,4,77,1788743268.0289273,5.755925015644216,-3.933047859144626,0.0
map,4,78,1788743268.0289273,5.758137540091248,-3.908145515023552,0.0
map,4,79,1788743268.0289273,5.7638443272856605,-3.8838062202272745,0.0
map,4,80,1788743268.0289273,5.769421414771109,-3.8594364078524173,0.0
map,4,81,1788743268.0289273,5.775024442198351,-3.835071173114347,0.0
map,4,82,1788743268.0289273,5.780552701558072,-3.810690679586987,0.0
map,4,83,1788743268.0289273,5.786129789043521,-3.7863208672121296,0.0
map,4,84,1788743268.0289273,5.791670255434674,-3.7619418995636984,0.0
map,4,85,1788743268.0289273,5.797271756982987,-3.737578190704557,0.0
map,4,86,1788743268.0289273,5.8028625773787965,-3.713211430087558,0.0
map,4,87,1788743268.0289273,5.80852358820534,-3.6888599282598484,0.0
map,4,88,1788743268.0289273,5.814596586342709,-3.664609134441452,0.0
map,4,89,1788743268.0289273,5.820686369148298,-3.640362918259843,0.0
map,4,90,1788743268.0289273,5.826739530859591,-3.6161060209257307,0.0
map,4,91,1788743268.0289273,5.8328186325126765,-3.5918567529862635,0.0
map,4,92,1788743268.0289273,5.838874845981827,-3.5676013815310803,0.0
map,4,93,1788743268.0289273,5.844966154666345,-3.543355165349471,0.0
map,4,94,1788743268.0289273,5.851048308077289,-3.519105897410004,0.0
map,4,95,1788743268.0289273,5.857170134340386,-3.4948673106230395,0.0
map,4,96,1788743268.0289273,5.8634979542588965,-3.4706806037196607,0.0
map,4,97,1788743268.0289273,5.869839507087768,-3.446498474453069,0.0
map,4,98,1788743268.0289273,5.876159697611634,-3.422310241670761,0.0
map,4,99,1788743268.0289273,5.882499724561576,-3.3981281124041693,0.0
map,4,100,1788743268.0289273,5.888827544480087,-3.3739414055007906,0.0
map,4,101,1788743268.0289273,5.895178252582532,-3.3497623279920568,0.0
map,4,102,1788743268.0289273,5.901522857169262,-3.325580198725465,0.0
map,4,103,1788743268.0289273,5.907894927576713,-3.301407224732447,0.0
map,4,104,1788743268.0289273,5.914413482361347,-3.277270871833725,0.0
map,4,105,1788743268.0289273,5.920921355993478,-3.2531329930560737,0.0
map,4,106,1788743268.0289273,5.927438384899183,-3.2289966401573515,0.0
map,4,107,1788743268.0289273,5.933947784410243,-3.2048602872586294,0.0
map,4,108,1788743268.0289273,5.940472442710593,-3.180725460238836,0.0
map,4,109,1788743268.0289273,5.946994049253085,-3.156592159097972,0.0
map,4,110,1788743268.0289273,5.953532440463796,-3.1324619097149657,0.0
map,4,111,1788743268.0289273,5.960072357553436,-3.1083331862108885,0.0
map,4,112,1788743268.0289273,5.966708405015602,-3.084228876769675,0.0
map,4,113,1788743268.0289273,5.973336823083123,-3.0601245673284616,0.0
map,4,114,1788743268.0289273,5.979975922303147,-3.036021783766177,0.0
map,4,115,1788743268.0289273,5.986610443886384,-3.0119174743249637,0.0
map,4,116,1788743268.0289273,5.993257172501053,-2.9878177425205372,0.0
map,4,117,1788743268.0289273,5.999903901115722,-2.9637180107161107,0.0
map,4,118,1788743268.0289273,6.006564362640752,-2.9396213306695422,0.0
map,4,119,1788743268.0289273,6.0132858593229415,-2.9155414352911926,0.0
map,4,120,1788743268.0289273,6.020016511278705,-2.891464591670701,0.0
map,4,121,1788743268.0289273,6.026742585597681,-2.8673862221712803,0.0
map,4,122,1788743268.0289273,6.033477815190231,-2.8433109044297176,0.0
map,4,123,1788743268.0289273,6.040209993024924,-2.819234060809226,0.0
map,4,124,1788743268.0289273,6.046954377891048,-2.795161794825521,0.0
map,4,125,1788743268.0289273,6.053698762757172,-2.7710880029628875,0.0
map,4,126,1788743268.0289273,6.060456880533657,-2.7470187887370408,0.0
map,4,127,1788743268.0289273,6.067256197041225,-2.722961781542626,0.0
map,4,128,1788743268.0289273,6.074064668822366,-2.69890630022714,0.0
map,4,129,1788743268.0289273,6.080868562966721,-2.674850818911654,0.0
map,4,130,1788743268.0289273,6.0876831382635785,-2.6507968634750974,0.0
map,4,131,1788743268.0289273,6.094505342955081,-2.6267459597963985,0.0
map,4,132,1788743268.0289273,6.101330599404442,-2.6026950561176996,0.0
map,4,133,1788743268.0289273,6.108163485248447,-2.5786472041968587,0.0
map,4,134,1788743268.0289273,6.115034518065677,-2.5546100334285207,0.0
map,4,135,1788743268.0289273,6.121910128519694,-2.5305743885391117,0.0
map,4,136,1788743268.0289273,6.128785738973711,-2.5065387436497026,0.0
map,4,137,1788743268.0289273,6.135667452943444,-2.4825046246392226,0.0
map,4,138,1788743268.0289273,6.142549166913177,-2.4584705056287426,0.0
map,4,139,1788743268.0289273,6.149440036156484,-2.4344379124971915,0.0
map,4,140,1788743268.0289273,6.15633243127872,-2.4104068452445695,0.0
map,4,141,1788743268.0289273,6.163261447495252,-2.3863864591444504,0.0
map,4,142,1788743268.0289273,6.1701904637117835,-2.362366073044331,0.0
map,4,143,1788743268.0289273,6.177124057565102,-2.338347212823141,0.0
map,4,144,1788743268.0289273,6.18405917729735,-2.314328352601951,0.0
map,4,145,1788743268.0289273,6.191000400545313,-2.2903110182596897,0.0
map,4,146,1788743268.0289273,6.197941623793277,-2.2662936839174286,0.0
map,4,147,1788743268.0289273,6.204892002314814,-2.2422794013330254,0.0
map,4,148,1788743268.0289273,6.211843906715281,-2.218265118748622,0.0
map,4,149,1788743268.0289273,6.218823276936469,-2.194259991437793,0.0
map,4,150,1788743268.0289273,6.225804173036586,-2.1702533382480347,0.0
map,4,151,1788743268.0289273,6.23278964677349,-2.1462497368161344,0.0
map,4,152,1788743268.0289273,6.239776646389323,-2.122246135384234,0.0
map,4,153,1788743268.0289273,6.2467697495208725,-2.098244059831263,0.0
map,4,154,1788743268.0289273,6.253764378531351,-2.0742419842782915,0.0
map,4,155,1788743268.0289273,6.260765111057545,-2.0502429604831782,0.0
map,4,156,1788743268.0289273,6.2677917835255315,-2.026250040203781,0.0
map,4,157,1788743268.0289273,6.274818455993518,-2.0022586458033125,0.0
map,4,158,1788743268.0289273,6.281851231977221,-1.978267251402844,0.0
map,4,159,1788743268.0289273,6.288884007960924,-1.9542773828813047,0.0
map,4,160,1788743268.0289273,6.295922887460343,-1.9302890402386943,0.0
map,4,161,1788743268.0289273,6.30296329283869,-1.906300697596084,0.0
map,4,162,1788743268.0289273,6.310009801732754,-1.8823138808324025,0.0
map,4,163,1788743268.0289273,6.3170730952950365,-1.858333167584437,0.0
map,4,164,1788743268.0289273,6.324142492373035,-1.8343524543364715,0.0
map,4,165,1788743268.0289273,6.331211889451033,-1.810373266967435,0.0
map,4,166,1788743268.0289273,6.338287390044748,-1.7863956054773276,0.0
map,4,167,1788743268.0289273,6.345362890638462,-1.76241794398722,0.0
map,4,168,1788743268.0289273,6.352444494747893,-1.7384418083760416,0.0
map,4,169,1788743268.0289273,6.359527624736252,-1.714465672764863,0.0
map,4,170,1788743268.0289273,6.366630591150688,-1.6904956406694005,0.0
map,4,171,1788743268.0289273,6.373733557565124,-1.666527134452867,0.0
map,4,172,1788743268.0289273,6.3808411016163475,-1.6425586282363334,0.0
map,4,173,1788743268.0289273,6.3879501715465,-1.6185901220197998,0.0
map,4,174,1788743268.0289273,6.395063819113439,-1.5946231416821952,0.0
map,4,175,1788743268.0289273,6.402177466680378,-1.5706576872235196,0.0
map,4,176,1788743268.0289273,6.409298743641962,-1.546692232764844,0.0
map,4,177,1788743268.0289273,6.416433753513907,-1.5227328818218844,0.0
map,4,178,1788743268.0289273,6.42357181514371,-1.4987735308789247,0.0
map,4,179,1788743268.0289273,6.430711402652442,-1.474814179935965,0.0
map,4,180,1788743268.0289273,6.4378555677979605,-1.4508563548719344,0.0
map,4,181,1788743268.0289273,6.445004310580266,-1.4269000556868328,0.0
map,4,182,1788743268.0289273,6.452153053362572,-1.40294528238066,0.0
map,4,183,1788743268.0289273,6.459307899660594,-1.3789905090744874,0.0
map,4,184,1788743268.0289273,6.466474952990048,-1.3550403134051017,0.0
map,4,185,1788743268.0289273,6.473646583956288,-1.331090117735716,0.0
map,4,186,1788743268.0289273,6.480818214922529,-1.3071414479452592,0.0
map,4,187,1788743268.0289273,6.487994423525556,-1.2831927781548025,0.0
map,4,188,1788743268.0289273,6.495172158007513,-1.2592456342432747,0.0
map,4,189,1788743268.0289273,6.502354470126257,-1.235300016210676,0.0
map,4,190,1788743268.0289273,6.509538308123929,-1.2113543981780772,0.0
map,4,191,1788743268.0289273,6.5167358790319625,-1.1874133577822654,0.0
map,4,192,1788743268.0289273,6.523934975818925,-1.1634707915075246,0.0
map,4,193,1788743268.0289273,6.531137124363745,-1.1395312769906418,0.0
map,4,194,1788743268.0289273,6.538340798787495,-1.115591762473759,0.0
map,4,195,1788743268.0289273,6.545549050848031,-1.0916537738358052,0.0
map,4,196,1788743268.0289273,6.552758828787496,-1.0677157851978514,0.0
map,4,197,1788743268.0289273,6.55997165848482,-1.0437793224388265,0.0
map,4,198,1788743268.0289273,6.567195169334646,-1.0198459114376597,0.0
map,4,199,1788743268.0289273,6.57442173194233,-0.9959125004364928,0.0
map,4,200,1788743268.0289273,6.581649820428943,-0.971980615314255,0.0
map,4,201,1788743268.0289273,6.588882486552343,-0.9480487301920171,0.0
map,4,202,1788743268.0289273,6.596115152675743,-0.9241183709487082,0.0
map,4,203,1788743268.0289273,6.603353922314859,-0.9001895375843283,0.0
map,4,204,1788743268.0289273,6.6105942178329045,-0.8762607042199484,0.0
map,4,205,1788743268.0289273,6.617845194503452,-0.8523349226134265,0.0
map,4,206,1788743268.0289273,6.625097697052929,-0.8284106668858335,0.0
map,4,207,1788743268.0289273,6.632353251360264,-0.8044864111582406,0.0
map,4,208,1788743268.0289273,6.639610331546528,-0.7805636813095767,0.0
map,4,209,1788743268.0289273,6.64687046349065,-0.7566409514609127,0.0
map,4,210,1788743268.0289273,6.654135173071559,-0.7327182216122488,0.0
map,4,211,1788743268.0289273,6.661399882652468,-0.7087985435214428,0.0
map,4,212,1788743268.0289273,6.66867527338588,-0.6848803913095658,0.0
map,4,213,1788743268.0289273,6.675950664119291,-0.6609622390976888,0.0
map,4,214,1788743268.0289273,6.68323063248949,-0.6370456127647408,0.0
map,4,215,1788743268.0289273,6.690512126738618,-0.6131289864317928,0.0
map,4,216,1788743268.0289273,6.6977966727456035,-0.5892138859777738,0.0
map,4,217,1788743268.0289273,6.705084270510447,-0.5653003114026838,0.0
map,4,218,1788743268.0289273,6.712374920033149,-0.5413867368275938,0.0
map,4,219,1788743268.0289273,6.719671673071566,-0.5174746881314327,0.0
map,4,220,1788743268.0289273,6.726971477867842,-0.49356416531420066,0.0
map,4,221,1788743268.0289273,6.7342728085430466,-0.4696551683758976,0.0
map,4,222,1788743268.0289273,6.741578716855038,-0.44574617143759454,0.0
map,4,223,1788743268.0289273,6.74888462516703,-0.4218371744992915,0.0
map,4,224,1788743268.0289273,6.756195111115808,-0.3979297034399174,0.0
map,4,225,1788743268.0289273,6.7635117005803025,-0.3740237582594723,0.0
map,4,226,1788743268.0289273,6.770831341802655,-0.3501193389579562,0.0
map,4,227,1788743268.0289273,6.778154034782865,-0.3262164455353691,0.0
map,4,228,1788743268.0289273,6.785478253642005,-0.302313552112782,0.0
map,4,229,1788743268.0289273,6.792805524259002,-0.27841218456912387,0.0
map,4,230,1788743268.0289273,6.800135846633857,-0.25451081702546574,0.0
map,4,231,1788743268.0289273,6.807467694887642,-0.23060944948180762,0.0
map,4,232,1788743268.0289273,6.814807172536071,-0.20671113369600747,0.0
map,4,233,1788743268.0289273,6.822148176063429,-0.18281281791020731,0.0
map,4,234,1788743268.0289273,6.829492231348645,-0.15891602800333615,0.0
map,4,235,1788743268.0289273,6.836839338391719,-0.13502076397539398,0.0
map,4,236,1788743268.0289273,6.844187971313723,-0.11112397406852281,0.0
map,4,237,1788743268.0289273,6.851538130114655,-0.08723023591950962,0.0
map,4,238,1788743268.0289273,6.858891340673445,-0.06333497189156745,0.0
map,4,239,1788743268.0289273,6.866250654747951,-0.03944275962148325,0.0
map,4,240,1788743268.0289273,6.873611494701386,-0.015552073230328034,0.0
map,4,241,1788743268.0289273,6.880975386412679,0.00833861316082718,0.0
map,4,242,1788743268.0289273,6.888340804002901,0.03222929955198239,0.0
map,4,243,1788743268.0289273,6.89571079922991,0.05611846006420862,0.0
map,4,244,1788743268.0289273,6.903080794456919,0.08000762057643485,0.0
map,4,245,1788743268.0289273,6.910455367320715,0.10389525520973208,0.0
map,4,246,1788743268.0289273,6.917832991942369,0.12778136396410034,0.0
map,4,247,1788743268.0289273,6.925213668321881,0.1516674727184686,0.0
map,4,248,1788743268.0289273,6.932597396459251,0.17555205559390785,0.0
map,4,249,1788743268.0289273,6.9399826504755495,0.19943663846934712,0.0
map,4,250,1788743268.0289273,6.947372482128635,0.2233196954658574,0.0
map,4,251,1788743268.0289273,6.954762313781721,0.24720275246236767,0.0
map,4,252,1788743268.0289273,6.962156723071594,0.27108428357994896,0.0
map,4,253,1788743268.0289273,6.969554184119325,0.29496428881860126,0.0
map,4,254,1788743268.0289273,6.9769531710459844,0.31884429405725356,0.0
map,4,255,1788743268.0289273,6.984355209730502,0.3427227734169769,0.0
map,4,256,1788743268.0289273,6.991760300172878,0.3666012527767002,0.0
map,4,257,1788743268.0289273,6.9991684423731115,0.3904782062574945,0.0
map,4,258,1788743268.0289273,7.006578110452274,0.41435515973828885,0.0
map,4,259,1788743268.0289273,7.013990830289295,0.4382305873401542,0.0
map,4,260,1788743268.0289273,7.021406601884173,0.4621060149420195,0.0
map,4,261,1788743268.0289273,7.028823899357981,0.4859799166649559,0.0
map,4,262,1788743268.0289273,7.036245774468576,0.5098538183878922,0.0
map,4,263,1788743268.0289273,7.04366764957917,0.5337261942318996,0.0
map,4,264,1788743268.0289273,7.051094102326552,0.557597044196978,0.0
map,4,265,1788743268.0289273,7.058520555073933,0.5814694200409853,0.0
map,4,266,1788743268.0289273,7.065951585458102,0.6053387441271347,0.0
map,4,267,1788743268.0289273,7.073385667600128,0.6292080682132841,0.0
map,4,268,1788743268.0289273,7.0808212756210835,0.6530773922994335,0.0
map,4,269,1788743268.0289273,7.088259935399897,0.6769451905066539,0.0
map,4,270,1788743268.0289273,7.095700121057639,0.7008114628349453,0.0
map,4,271,1788743268.0289273,7.10314335847324,0.7246777351632367,0.0
map,4,272,1788743268.0289273,7.110588121767769,0.7485440074915282,0.0
map,4,273,1788743268.0289273,7.118037462699085,0.7724087539408906,0.0
map,4,274,1788743268.0289273,7.125488329509331,0.796271974511324,0.0
map,4,275,1788743268.0289273,7.132942248077434,0.8201351950817575,0.0
map,4,276,1788743268.0289273,7.140399218403395,0.8439968897732619,0.0
map,4,277,1788743268.0289273,7.147857714608286,0.8678585844647664,0.0
map,4,278,1788743268.0289273,7.155317736692105,0.8917187532773418,0.0
map,4,279,1788743268.0289273,7.162780810533782,0.9155789220899173,0.0
map,4,280,1788743268.0289273,7.170246936133317,0.9394390909024928,0.0
map,4,281,1788743268.0289273,7.17771611349071,0.9632962079572103,0.0
map,4,282,1788743268.0289273,7.1851868167270325,0.9871548508908567,0.0
map,4,283,1788743268.0289273,7.192660571721213,1.0110119679455742,0.0
map,4,284,1788743268.0289273,7.200134326715393,1.0348675591213627,0.0
map,4,285,1788743268.0289273,7.20761265934636,1.0587231502971512,0.0
map,4,286,1788743268.0289273,7.215092517856256,1.0825787414729398,0.0
map,4,287,1788743268.0289273,7.222573902245081,1.1064312808908703,0.0
map,4,288,1788743268.0289273,7.230058338391764,1.1302853461877298,0.0
map,4,289,1788743268.0289273,7.237545826296305,1.1541378856056603,0.0
map,4,290,1788743268.0289273,7.245034840079775,1.1779904250235909,0.0
map,4,291,1788743268.0289273,7.252526905621103,1.2018414385625924,0.0
map,4,292,1788743268.0289273,7.26002049704136,1.225690926222665,0.0
map,4,293,1788743268.0289273,7.267517140219475,1.2495404138827375,0.0
map,4,294,1788743268.0289273,7.275015309276519,1.27338990154281,0.0
map,4,295,1788743268.0289273,7.282516530091421,1.2972378633239536,0.0
map,4,296,1788743268.0289273,7.290019276785252,1.3210858251050972,0.0
map,4,297,1788743268.0289273,7.2975266011158695,1.3449322610073118,0.0
map,4,298,1788743268.0289273,7.305033925446487,1.3687771710305974,0.0
map,4,299,1788743268.0289273,7.312545827413892,1.392623606932812,0.0
map,4,300,1788743268.0289273,7.320057729381297,1.4164669910771686,0.0
map,4,301,1788743268.0289273,7.327571157227631,1.4403119011004542,0.0
map,4,302,1788743268.0289273,7.3350891627107515,1.4641552852448108,0.0
map,4,303,1788743268.0289273,7.342608694072801,1.4879971435102384,0.0
map,4,304,1788743268.0289273,7.350131277192709,1.511839001775666,0.0
map,4,305,1788743268.0289273,7.357655386191546,1.5356793341621646,0.0
map,4,306,1788743268.0289273,7.365179495190382,1.5595196665486633,0.0
map,4,307,1788743268.0289273,7.372706655947077,1.5833599989351619,0.0
map,4,308,1788743268.0289273,7.38023686846163,1.6071988054427315,0.0
map,4,309,1788743268.0289273,7.38777013273404,1.6310376119503012,0.0
map,4,310,1788743268.0289273,7.39530492288538,1.6548748925789418,0.0
map,4,311,1788743268.0289273,7.402842764794578,1.6787106473286535,0.0
map,4,312,1788743268.0289273,7.410382132582704,1.7025464020783652,0.0
map,4,313,1788743268.0289273,7.41792302624976,1.7263821568280768,0.0
map,4,314,1788743268.0289273,7.425465445795744,1.7502179115777885,0.0
map,4,315,1788743268.0289273,7.433010917099587,1.7740521404485712,0.0
map,4,316,1788743268.0289273,7.440559440161287,1.7978848434404249,0.0
map,4,317,1788743268.0289273,7.448111014980846,1.8217175464322786,0.0
map,4,318,1788743268.0289273,7.455665641558262,1.8455487235452033,0.0
map,4,319,1788743268.0289273,7.463217216377821,1.869379900658128,0.0
map,4,320,1788743268.0289273,7.470771842955237,1.8932110777710527,0.0
map,4,321,1788743268.0289273,7.478331047169441,1.9170422548839774,0.0
map,4,322,1788743268.0289273,7.485891777262573,1.9408703802390441,0.0
map,4,323,1788743268.0289273,7.493457084992492,1.9646985055941109,0.0
map,4,324,1788743268.0289273,7.501023918601341,1.9885266309491776,0.0
map,4,325,1788743268.0289273,7.508592278089118,2.0123532304253153,0.0
map,4,326,1788743268.0289273,7.5161606375768955,2.036179829901453,0.0
map,4,327,1788743268.0289273,7.523730522943602,2.060006429377591,0.0
map,4,328,1788743268.0289273,7.531303460068166,2.0838315029747996,0.0
map,4,329,1788743268.0289273,7.538880974829517,2.1076550506930793,0.0
map,4,330,1788743268.0289273,7.546460015469798,2.131478598411359,0.0
map,4,331,1788743268.0289273,7.554043633746865,2.155302146129639,0.0
map,4,332,1788743268.0289273,7.561627252023932,2.1791226420900607,0.0
map,4,333,1788743268.0289273,7.56920934442207,2.2029461898083404,0.0
map,4,334,1788743268.0289273,7.5767944885780665,2.2267666857687622,0.0
map,4,335,1788743268.0289273,7.58438421037085,2.250587181729184,0.0
map,4,336,1788743268.0289273,7.591975458042562,2.274406151810677,0.0
map,4,337,1788743268.0289273,7.599571283351061,2.2982251218921697,0.0
map,4,338,1788743268.0289273,7.607170160417418,2.3220425660947335,0.0
map,4,339,1788743268.0289273,7.614762933968059,2.3458615361762263,0.0
map,4,340,1788743268.0289273,7.622360285155487,2.36967898037879,0.0
map,4,341,1788743268.0289273,7.629962213979702,2.393494898702425,0.0
map,4,342,1788743268.0289273,7.637567194561775,2.4173108170260598,0.0
map,4,343,1788743268.0289273,7.645175226901706,2.4411252094707656,0.0
map,4,344,1788743268.0289273,7.652786310999495,2.4649380760365425,0.0
map,4,345,1788743268.0289273,7.660398920976213,2.4887509426023193,0.0
map,4,346,1788743268.0289273,7.668006953316144,2.512565335047025,0.0
map,4,347,1788743268.0289273,7.675619563292862,2.536378201612802,0.0
map,4,348,1788743268.0289273,7.683236750906367,2.56018954229965,0.0
map,4,349,1788743268.0289273,7.690855464398801,2.583999357107569,0.0
map,4,350,1788743268.0289273,7.698480281406951,2.6078091719154877,0.0
map,4,351,1788743268.0289273,7.706105098415101,2.6316174608444776,0.0
map,4,352,1788743268.0289273,7.713723811907535,2.6554288015313254,0.0
map,4,353,1788743268.0289273,7.721345577157827,2.6792386163392443,0.0
map,4,354,1788743268.0289273,7.728973445923835,2.7030453793893052,0.0
map,4,355,1788743268.0289273,7.736605892326629,2.726852142439366,0.0
map,4,356,1788743268.0289273,7.744241390487282,2.750657379610498,0.0
map,4,357,1788743268.0289273,7.751879940405793,2.77446261678163,0.0
map,4,358,1788743268.0289273,7.759523067961091,2.798264802194904,0.0
map,4,359,1788743268.0289273,7.7671555143638855,2.822071565244965,0.0
map,4,360,1788743268.0289273,7.774794064282396,2.8458768024160968,0.0
map,4,361,1788743268.0289273,7.782438717716623,2.8696789878293707,0.0
map,4,362,1788743268.0289273,7.790086422908708,2.8934811732426446,0.0
map,4,363,1788743268.0289273,7.797738705737579,2.9172803068980606,0.0
map,4,364,1788743268.0289273,7.805394040324309,2.9410794405534766,0.0
map,4,365,1788743268.0289273,7.813035642000678,2.9648831518456795,0.0
map,4,366,1788743268.0289273,7.820684873071691,2.9886838113800245,0.0
map,4,367,1788743268.0289273,7.828340207658421,3.0124829450354405,0.0
map,4,368,1788743268.0289273,7.836000119881938,3.0362805528119274,0.0
map,4,369,1788743268.0289273,7.843664609742241,3.0600766347094854,0.0
map,4,370,1788743268.0289273,7.851335203118261,3.0838711907281144,0.0
map,4,371,1788743268.0289273,7.859007322373209,3.1076642208678145,0.0
map,4,372,1788743268.0289273,7.866662656959939,3.1314633545232304,0.0
map,4,373,1788743268.0289273,7.874322569183455,3.1552609622997174,0.0
map,4,374,1788743268.0289273,7.881994688438404,3.1790555183183464,0.0
map,4,375,1788743268.0289273,7.889668333572281,3.2028485484580465,0.0
map,4,376,1788743268.0289273,7.897332823432585,3.2266446303556044,0.0
map,4,377,1788743268.0289273,7.905011046203249,3.2504361346163755,0.0
map,4,378,1788743268.0289273,7.912689268973914,3.2742276388771465,0.0
map,4,379,1788743268.0289273,7.9707,3.31,0.7715
map,5,0,1788743269.062479,5.862689238426533,-5.875772497468478,0.0
map,5,1,1788743269.062479,5.862321501604647,-5.849335119144843,0.0
map,5,2,1788743269.062479,5.86213687025424,-5.824336644651243,0.0
map,5,3,1788743269.062479,5.861885100230957,-5.799336644278714,0.0
map,5,4,1788743269.062479,5.8615707691715855,-5.774339695664043,0.0
map,5,5,1788743269.062479,5.861166411255404,-5.749342747049372,0.0
map,5,6,1788743269.062479,5.860679655877057,-5.72434732431363,0.0
map,5,7,1788743269.062479,5.860081511336894,-5.699354953335746,0.0
map,5,8,1788743269.062479,5.85937960702956,-5.674364108236791,0.0
map,5,9,1788743269.062479,5.8585449512554035,-5.649377840774623,0.0
map,5,10,1788743269.062479,5.8575882251669285,-5.6243961509492415,0.0
map,5,11,1788743269.062479,5.856475859427697,-5.599420564639576,0.0
map,5,12,1788743269.062479,5.855226164584856,-5.574452607724556,0.0
map,5,13,1788743269.062479,5.853800993665182,-5.54949380608311,0.0
map,5,14,1788743269.062479,5.85222170897368,-5.524542633836308,0.0
map,5,15,1788743269.062479,5.8504501635371255,-5.499606720378797,0.0
map,5,16,1788743269.062479,5.848510771418383,-5.474681488073788,0.0
map,5,17,1788743269.062479,5.846363859765297,-5.449773040436998,0.0
map,5,18,1788743269.062479,5.844035368519663,-5.424882903347356,0.0
map,5,19,1788743269.062479,5.841488676587183,-5.400012602683791,0.0
map,5,20,1788743269.062479,5.838751249788579,-5.375162138446303,0.0
map,5,21,1788743269.062479,5.83578188939277,-5.350339140029536,0.0
map,5,22,1788743269.062479,5.832615690615121,-5.325540555675634,0.0
map,5,23,1788743269.062479,5.829206877087763,-5.30077401477924,0.0
map,5,24,1788743269.062479,5.825560026447484,-5.2760425690982125,0.0
map,5,25,1788743269.062479,5.821696500999288,-5.251341640995765,0.0
map,5,26,1788743269.062479,5.817587309043525,-5.2266819116244,0.0
map,5,27,1788743269.062479,5.8132583905219875,-5.20206032922626,0.0
map,5,28,1788743269.062479,5.808862333327575,-5.177449427980623,0.0
map,5,29,1788743269.062479,5.804455594980659,-5.152841578492843,0.0
map,5,30,1788743269.062479,5.80000918378159,-5.12823983252078,0.0
map,5,31,1788743269.062479,5.795550565551089,-5.103639612427646,0.0
map,5,32,1788743269.062479,5.791056852105221,-5.079047021729156,0.0
map,5,33,1788743269.062479,5.786550931627922,-5.054457482788525,0.0
map,5,34,1788743269.062479,5.782011441814184,-5.0298725214846804,0.0
map,5,35,1788743269.062479,5.777459744969015,-5.005290611938694,0.0
map,5,36,1788743269.062479,5.772880582303124,-4.980713280029494,0.0
map,5,37,1788743269.062479,5.768292264363659,-4.956137473999224,0.0
map,5,38,1788743269.062479,5.76367953236133,-4.931567771484669,0.0
map,5,39,1788743269.062479,5.759034756901492,-4.907002646606902,0.0
map,5,40,1788743269.062479,5.754393033199513,-4.882437521729134,0.0
map,5,41,1788743269.062479,5.749768094165752,-4.857869345093508,0.0
map,5,42,1788743269.062479,5.745137051616275,-4.833301168457883,0.0
map,5,43,1788743269.062479,5.740509060824657,-4.808732991822257,0.0
map,5,44,1788743269.062479,5.735871914759464,-4.78416786694449,0.0
map,5,45,1788743269.062479,5.727275112873549,-4.760692219622019,0.0
map,5,46,1788743269.062479,5.721673611325237,-4.736326984883949,0.0
map,5,47,1788743269.062479,5.721438625970173,-4.711328510390349,0.0
map,5,48,1788743269.062479,5.721194485341535,-4.686330035896749,0.0
map,5,49,1788743269.062479,5.720976284654689,-4.6613300355242195,0.0
map,5,50,1788743269.062479,5.72074892869427,-4.6363315610306195,0.0
map,5,51,1788743269.062479,5.720541409159928,-4.6113330865370195,0.0
map,5,52,1788743269.062479,5.720318630836296,-4.58633308616449,0.0
map,5,53,1788743269.062479,5.720097378391593,-4.56133461167089,0.0
map,5,54,1788743269.062479,5.719827297821162,-4.53633613717729,0.0
map,5,55,1788743269.062479,5.719477871546424,-4.511339188562619,0.0
map,5,56,1788743269.062479,5.7189102445848405,-4.486345291705806,0.0
map,5,57,1788743269.062479,5.717918423280999,-4.461365127759354,0.0
map,5,58,1788743269.062479,5.716040066319415,-4.436435317817558,0.0
map,5,59,1788743269.062479,5.712606838729194,-4.411671828679022,0.0
map,5,60,1788743269.062479,5.706793240009752,-4.387356947945609,0.0
map,5,61,1788743269.062479,5.698120144177388,-4.363910292322789,0.0
map,5,62,1788743269.062479,5.71949923385143,-4.350951002578899,0.0
map,5,63,1788743269.062479,5.740892056435833,-4.338016126897873,0.0
map,5,64,1788743269.062479,5.762689236936417,-4.3257724743716786,0.0
map,5,65,1788743269.062479,5.762689236936417,-4.2757724736266205,0.0
map,5,66,1788743269.062479,5.762689236936417,-4.225772472881562,0.0
map,5,67,1788743269.062479,5.734121731627916,-4.182091136781441,0.0
map,5,68,1788743269.062479,5.7365524567617925,-4.157208629086444,0.0
map,5,69,1788743269.062479,5.739035061779255,-4.132332224907163,0.0
map,5,70,1788743269.062479,5.741192654584843,-4.107425303149302,0.0
map,5,71,1788743269.062479,5.743405179031875,-4.082524484907157,0.0
map,5,72,1788743269.062479,5.745430020370641,-4.057605356117865,0.0
map,5,73,1788743269.062479,5.747528103897999,-4.032693856723217,0.0
map,5,74,1788743269.062479,5.749543789963191,-4.007776253812853,0.0
map,5,75,1788743269.062479,5.7516479770062645,-3.9828647544182054,0.0
map,5,76,1788743269.062479,5.75373385350219,-3.9579517291446287,0.0
map,5,77,1788743269.062479,5.755925015644216,-3.933047859144626,0.0
map,5,78,1788743269.062479,5.758137540091248,-3.908145515023552,0.0
map,5,79,1788743269.062479,5.7638443272856605,-3.8838062202272745,0.0
map,5,80,1788743269.062479,5.769421414771109,-3.8594364078524173,0.0
map,5,81,1788743269.062479,5.775024442198351,-3.835071173114347,0.0
map,5,82,1788743269.062479,5.780552701558072,-3.810690679586987,0.0
map,5,83,1788743269.062479,5.786129789043521,-3.7863208672121296,0.0
map,5,84,1788743269.062479,5.791670255434674,-3.7619418995636984,0.0
map,5,85,1788743269.062479,5.797271756982987,-3.737578190704557,0.0
map,5,86,1788743269.062479,5.8028625773787965,-3.713211430087558,0.0
map,5,87,1788743269.062479,5.80852358820534,-3.6888599282598484,0.0
map,5,88,1788743269.062479,5.814596586342709,-3.664609134441452,0.0
map,5,89,1788743269.062479,5.820686369148298,-3.640362918259843,0.0
map,5,90,1788743269.062479,5.826739530859591,-3.6161060209257307,0.0
map,5,91,1788743269.062479,5.8328186325126765,-3.5918567529862635,0.0
map,5,92,1788743269.062479,5.838874845981827,-3.5676013815310803,0.0
map,5,93,1788743269.062479,5.844966154666345,-3.543355165349471,0.0
map,5,94,1788743269.062479,5.851048308077289,-3.519105897410004,0.0
map,5,95,1788743269.062479,5.857170134340386,-3.4948673106230395,0.0
map,5,96,1788743269.062479,5.8634979542588965,-3.4706806037196607,0.0
map,5,97,1788743269.062479,5.869839507087768,-3.446498474453069,0.0
map,5,98,1788743269.062479,5.876159697611634,-3.422310241670761,0.0
map,5,99,1788743269.062479,5.882499724561576,-3.3981281124041693,0.0
map,5,100,1788743269.062479,5.888827544480087,-3.3739414055007906,0.0
map,5,101,1788743269.062479,5.895178252582532,-3.3497623279920568,0.0
map,5,102,1788743269.062479,5.901522857169262,-3.325580198725465,0.0
map,5,103,1788743269.062479,5.907894927576713,-3.301407224732447,0.0
map,5,104,1788743269.062479,5.914413482361347,-3.277270871833725,0.0
map,5,105,1788743269.062479,5.920921355993478,-3.2531329930560737,0.0
map,5,106,1788743269.062479,5.927438384899183,-3.2289966401573515,0.0
map,5,107,1788743269.062479,5.933947784410243,-3.2048602872586294,0.0
map,5,108,1788743269.062479,5.940472442710593,-3.180725460238836,0.0
map,5,109,1788743269.062479,5.946994049253085,-3.156592159097972,0.0
map,5,110,1788743269.062479,5.953532440463796,-3.1324619097149657,0.0
map,5,111,1788743269.062479,5.960072357553436,-3.1083331862108885,0.0
map,5,112,1788743269.062479,5.966708405015602,-3.084228876769675,0.0
map,5,113,1788743269.062479,5.973336823083123,-3.0601245673284616,0.0
map,5,114,1788743269.062479,5.979975922303147,-3.036021783766177,0.0
map,5,115,1788743269.062479,5.986610443886384,-3.0119174743249637,0.0
map,5,116,1788743269.062479,5.993257172501053,-2.9878177425205372,0.0
map,5,117,1788743269.062479,5.999903901115722,-2.9637180107161107,0.0
map,5,118,1788743269.062479,6.006564362640752,-2.9396213306695422,0.0
map,5,119,1788743269.062479,6.0132858593229415,-2.9155414352911926,0.0
map,5,120,1788743269.062479,6.020016511278705,-2.891464591670701,0.0
map,5,121,1788743269.062479,6.026742585597681,-2.8673862221712803,0.0
map,5,122,1788743269.062479,6.033477815190231,-2.8433109044297176,0.0
map,5,123,1788743269.062479,6.040209993024924,-2.819234060809226,0.0
map,5,124,1788743269.062479,6.046954377891048,-2.795161794825521,0.0
map,5,125,1788743269.062479,6.053698762757172,-2.7710880029628875,0.0
map,5,126,1788743269.062479,6.060456880533657,-2.7470187887370408,0.0
map,5,127,1788743269.062479,6.067256197041225,-2.722961781542626,0.0
map,5,128,1788743269.062479,6.074064668822366,-2.69890630022714,0.0
map,5,129,1788743269.062479,6.080868562966721,-2.674850818911654,0.0
map,5,130,1788743269.062479,6.0876831382635785,-2.6507968634750974,0.0
map,5,131,1788743269.062479,6.094505342955081,-2.6267459597963985,0.0
map,5,132,1788743269.062479,6.101330599404442,-2.6026950561176996,0.0
map,5,133,1788743269.062479,6.108163485248447,-2.5786472041968587,0.0
map,5,134,1788743269.062479,6.115034518065677,-2.5546100334285207,0.0
map,5,135,1788743269.062479,6.121910128519694,-2.5305743885391117,0.0
map,5,136,1788743269.062479,6.128785738973711,-2.5065387436497026,0.0
map,5,137,1788743269.062479,6.135667452943444,-2.4825046246392226,0.0
map,5,138,1788743269.062479,6.142549166913177,-2.4584705056287426,0.0
map,5,139,1788743269.062479,6.149440036156484,-2.4344379124971915,0.0
map,5,140,1788743269.062479,6.15633243127872,-2.4104068452445695,0.0
map,5,141,1788743269.062479,6.163261447495252,-2.3863864591444504,0.0
map,5,142,1788743269.062479,6.1701904637117835,-2.362366073044331,0.0
map,5,143,1788743269.062479,6.177124057565102,-2.338347212823141,0.0
map,5,144,1788743269.062479,6.18405917729735,-2.314328352601951,0.0
map,5,145,1788743269.062479,6.191000400545313,-2.2903110182596897,0.0
map,5,146,1788743269.062479,6.197941623793277,-2.2662936839174286,0.0
map,5,147,1788743269.062479,6.204892002314814,-2.2422794013330254,0.0
map,5,148,1788743269.062479,6.211843906715281,-2.218265118748622,0.0
map,5,149,1788743269.062479,6.218823276936469,-2.194259991437793,0.0
map,5,150,1788743269.062479,6.225804173036586,-2.1702533382480347,0.0
map,5,151,1788743269.062479,6.23278964677349,-2.1462497368161344,0.0
map,5,152,1788743269.062479,6.239776646389323,-2.122246135384234,0.0
map,5,153,1788743269.062479,6.2467697495208725,-2.098244059831263,0.0
map,5,154,1788743269.062479,6.253764378531351,-2.0742419842782915,0.0
map,5,155,1788743269.062479,6.260765111057545,-2.0502429604831782,0.0
map,5,156,1788743269.062479,6.2677917835255315,-2.026250040203781,0.0
map,5,157,1788743269.062479,6.274818455993518,-2.0022586458033125,0.0
map,5,158,1788743269.062479,6.281851231977221,-1.978267251402844,0.0
map,5,159,1788743269.062479,6.288884007960924,-1.9542773828813047,0.0
map,5,160,1788743269.062479,6.295922887460343,-1.9302890402386943,0.0
map,5,161,1788743269.062479,6.30296329283869,-1.906300697596084,0.0
map,5,162,1788743269.062479,6.310009801732754,-1.8823138808324025,0.0
map,5,163,1788743269.062479,6.3170730952950365,-1.858333167584437,0.0
map,5,164,1788743269.062479,6.324142492373035,-1.8343524543364715,0.0
map,5,165,1788743269.062479,6.331211889451033,-1.810373266967435,0.0
map,5,166,1788743269.062479,6.338287390044748,-1.7863956054773276,0.0
map,5,167,1788743269.062479,6.345362890638462,-1.76241794398722,0.0
map,5,168,1788743269.062479,6.352444494747893,-1.7384418083760416,0.0
map,5,169,1788743269.062479,6.359527624736252,-1.714465672764863,0.0
map,5,170,1788743269.062479,6.366630591150688,-1.6904956406694005,0.0
map,5,171,1788743269.062479,6.373733557565124,-1.666527134452867,0.0
map,5,172,1788743269.062479,6.3808411016163475,-1.6425586282363334,0.0
map,5,173,1788743269.062479,6.3879501715465,-1.6185901220197998,0.0
map,5,174,1788743269.062479,6.395063819113439,-1.5946231416821952,0.0
map,5,175,1788743269.062479,6.402177466680378,-1.5706576872235196,0.0
map,5,176,1788743269.062479,6.409298743641962,-1.546692232764844,0.0
map,5,177,1788743269.062479,6.416433753513907,-1.5227328818218844,0.0
map,5,178,1788743269.062479,6.42357181514371,-1.4987735308789247,0.0
map,5,179,1788743269.062479,6.430711402652442,-1.474814179935965,0.0
map,5,180,1788743269.062479,6.4378555677979605,-1.4508563548719344,0.0
map,5,181,1788743269.062479,6.445004310580266,-1.4269000556868328,0.0
map,5,182,1788743269.062479,6.452153053362572,-1.40294528238066,0.0
map,5,183,1788743269.062479,6.459307899660594,-1.3789905090744874,0.0
map,5,184,1788743269.062479,6.466474952990048,-1.3550403134051017,0.0
map,5,185,1788743269.062479,6.473646583956288,-1.331090117735716,0.0
map,5,186,1788743269.062479,6.480818214922529,-1.3071414479452592,0.0
map,5,187,1788743269.062479,6.487994423525556,-1.2831927781548025,0.0
map,5,188,1788743269.062479,6.495172158007513,-1.2592456342432747,0.0
map,5,189,1788743269.062479,6.502354470126257,-1.235300016210676,0.0
map,5,190,1788743269.062479,6.509538308123929,-1.2113543981780772,0.0
map,5,191,1788743269.062479,6.5167358790319625,-1.1874133577822654,0.0
map,5,192,1788743269.062479,6.523934975818925,-1.1634707915075246,0.0
map,5,193,1788743269.062479,6.531137124363745,-1.1395312769906418,0.0
map,5,194,1788743269.062479,6.538340798787495,-1.115591762473759,0.0
map,5,195,1788743269.062479,6.545549050848031,-1.0916537738358052,0.0
map,5,196,1788743269.062479,6.552758828787496,-1.0677157851978514,0.0
map,5,197,1788743269.062479,6.55997165848482,-1.0437793224388265,0.0
map,5,198,1788743269.062479,6.567195169334646,-1.0198459114376597,0.0
map,5,199,1788743269.062479,6.57442173194233,-0.9959125004364928,0.0
map,5,200,1788743269.062479,6.581649820428943,-0.971980615314255,0.0
map,5,201,1788743269.062479,6.588882486552343,-0.9480487301920171,0.0
map,5,202,1788743269.062479,6.596115152675743,-0.9241183709487082,0.0
map,5,203,1788743269.062479,6.603353922314859,-0.9001895375843283,0.0
map,5,204,1788743269.062479,6.6105942178329045,-0.8762607042199484,0.0
map,5,205,1788743269.062479,6.617845194503452,-0.8523349226134265,0.0
map,5,206,1788743269.062479,6.625097697052929,-0.8284106668858335,0.0
map,5,207,1788743269.062479,6.632353251360264,-0.8044864111582406,0.0
map,5,208,1788743269.062479,6.639610331546528,-0.7805636813095767,0.0
map,5,209,1788743269.062479,6.64687046349065,-0.7566409514609127,0.0
map,5,210,1788743269.062479,6.654135173071559,-0.7327182216122488,0.0
map,5,211,1788743269.062479,6.661399882652468,-0.7087985435214428,0.0
map,5,212,1788743269.062479,6.66867527338588,-0.6848803913095658,0.0
map,5,213,1788743269.062479,6.675950664119291,-0.6609622390976888,0.0
map,5,214,1788743269.062479,6.68323063248949,-0.6370456127647408,0.0
map,5,215,1788743269.062479,6.690512126738618,-0.6131289864317928,0.0
map,5,216,1788743269.062479,6.6977966727456035,-0.5892138859777738,0.0
map,5,217,1788743269.062479,6.705084270510447,-0.5653003114026838,0.0
map,5,218,1788743269.062479,6.712374920033149,-0.5413867368275938,0.0
map,5,219,1788743269.062479,6.719671673071566,-0.5174746881314327,0.0
map,5,220,1788743269.062479,6.726971477867842,-0.49356416531420066,0.0
map,5,221,1788743269.062479,6.7342728085430466,-0.4696551683758976,0.0
map,5,222,1788743269.062479,6.741578716855038,-0.44574617143759454,0.0
map,5,223,1788743269.062479,6.74888462516703,-0.4218371744992915,0.0
map,5,224,1788743269.062479,6.756195111115808,-0.3979297034399174,0.0
map,5,225,1788743269.062479,6.7635117005803025,-0.3740237582594723,0.0
map,5,226,1788743269.062479,6.770831341802655,-0.3501193389579562,0.0
map,5,227,1788743269.062479,6.778154034782865,-0.3262164455353691,0.0
map,5,228,1788743269.062479,6.785478253642005,-0.302313552112782,0.0
map,5,229,1788743269.062479,6.792805524259002,-0.27841218456912387,0.0
map,5,230,1788743269.062479,6.800135846633857,-0.25451081702546574,0.0
map,5,231,1788743269.062479,6.807467694887642,-0.23060944948180762,0.0
map,5,232,1788743269.062479,6.814807172536071,-0.20671113369600747,0.0
map,5,233,1788743269.062479,6.822148176063429,-0.18281281791020731,0.0
map,5,234,1788743269.062479,6.829492231348645,-0.15891602800333615,0.0
map,5,235,1788743269.062479,6.836839338391719,-0.13502076397539398,0.0
map,5,236,1788743269.062479,6.844187971313723,-0.11112397406852281,0.0
map,5,237,1788743269.062479,6.851538130114655,-0.08723023591950962,0.0
map,5,238,1788743269.062479,6.858891340673445,-0.06333497189156745,0.0
map,5,239,1788743269.062479,6.866250654747951,-0.03944275962148325,0.0
map,5,240,1788743269.062479,6.873611494701386,-0.015552073230328034,0.0
map,5,241,1788743269.062479,6.880975386412679,0.00833861316082718,0.0
map,5,242,1788743269.062479,6.888340804002901,0.03222929955198239,0.0
map,5,243,1788743269.062479,6.89571079922991,0.05611846006420862,0.0
map,5,244,1788743269.062479,6.903080794456919,0.08000762057643485,0.0
map,5,245,1788743269.062479,6.910455367320715,0.10389525520973208,0.0
map,5,246,1788743269.062479,6.917832991942369,0.12778136396410034,0.0
map,5,247,1788743269.062479,6.925213668321881,0.1516674727184686,0.0
map,5,248,1788743269.062479,6.932597396459251,0.17555205559390785,0.0
map,5,249,1788743269.062479,6.9399826504755495,0.19943663846934712,0.0
map,5,250,1788743269.062479,6.947372482128635,0.2233196954658574,0.0
map,5,251,1788743269.062479,6.954762313781721,0.24720275246236767,0.0
map,5,252,1788743269.062479,6.962156723071594,0.27108428357994896,0.0
map,5,253,1788743269.062479,6.969554184119325,0.29496428881860126,0.0
map,5,254,1788743269.062479,6.9769531710459844,0.31884429405725356,0.0
map,5,255,1788743269.062479,6.984355209730502,0.3427227734169769,0.0
map,5,256,1788743269.062479,6.991760300172878,0.3666012527767002,0.0
map,5,257,1788743269.062479,6.9991684423731115,0.3904782062574945,0.0
map,5,258,1788743269.062479,7.006578110452274,0.41435515973828885,0.0
map,5,259,1788743269.062479,7.013990830289295,0.4382305873401542,0.0
map,5,260,1788743269.062479,7.021406601884173,0.4621060149420195,0.0
map,5,261,1788743269.062479,7.028823899357981,0.4859799166649559,0.0
map,5,262,1788743269.062479,7.036245774468576,0.5098538183878922,0.0
map,5,263,1788743269.062479,7.04366764957917,0.5337261942318996,0.0
map,5,264,1788743269.062479,7.051094102326552,0.557597044196978,0.0
map,5,265,1788743269.062479,7.058520555073933,0.5814694200409853,0.0
map,5,266,1788743269.062479,7.065951585458102,0.6053387441271347,0.0
map,5,267,1788743269.062479,7.073385667600128,0.6292080682132841,0.0
map,5,268,1788743269.062479,7.0808212756210835,0.6530773922994335,0.0
map,5,269,1788743269.062479,7.088259935399897,0.6769451905066539,0.0
map,5,270,1788743269.062479,7.095700121057639,0.7008114628349453,0.0
map,5,271,1788743269.062479,7.10314335847324,0.7246777351632367,0.0
map,5,272,1788743269.062479,7.110588121767769,0.7485440074915282,0.0
map,5,273,1788743269.062479,7.118037462699085,0.7724087539408906,0.0
map,5,274,1788743269.062479,7.125488329509331,0.796271974511324,0.0
map,5,275,1788743269.062479,7.132942248077434,0.8201351950817575,0.0
map,5,276,1788743269.062479,7.140399218403395,0.8439968897732619,0.0
map,5,277,1788743269.062479,7.147857714608286,0.8678585844647664,0.0
map,5,278,1788743269.062479,7.155317736692105,0.8917187532773418,0.0
map,5,279,1788743269.062479,7.162780810533782,0.9155789220899173,0.0
map,5,280,1788743269.062479,7.170246936133317,0.9394390909024928,0.0
map,5,281,1788743269.062479,7.17771611349071,0.9632962079572103,0.0
map,5,282,1788743269.062479,7.1851868167270325,0.9871548508908567,0.0
map,5,283,1788743269.062479,7.192660571721213,1.0110119679455742,0.0
map,5,284,1788743269.062479,7.200134326715393,1.0348675591213627,0.0
map,5,285,1788743269.062479,7.20761265934636,1.0587231502971512,0.0
map,5,286,1788743269.062479,7.215092517856256,1.0825787414729398,0.0
map,5,287,1788743269.062479,7.222573902245081,1.1064312808908703,0.0
map,5,288,1788743269.062479,7.230058338391764,1.1302853461877298,0.0
map,5,289,1788743269.062479,7.237545826296305,1.1541378856056603,0.0
map,5,290,1788743269.062479,7.245034840079775,1.1779904250235909,0.0
map,5,291,1788743269.062479,7.252526905621103,1.2018414385625924,0.0
map,5,292,1788743269.062479,7.26002049704136,1.225690926222665,0.0
map,5,293,1788743269.062479,7.267517140219475,1.2495404138827375,0.0
map,5,294,1788743269.062479,7.275015309276519,1.27338990154281,0.0
map,5,295,1788743269.062479,7.282516530091421,1.2972378633239536,0.0
map,5,296,1788743269.062479,7.290019276785252,1.3210858251050972,0.0
map,5,297,1788743269.062479,7.2975266011158695,1.3449322610073118,0.0
map,5,298,1788743269.062479,7.305033925446487,1.3687771710305974,0.0
map,5,299,1788743269.062479,7.312545827413892,1.392623606932812,0.0
map,5,300,1788743269.062479,7.320057729381297,1.4164669910771686,0.0
map,5,301,1788743269.062479,7.327571157227631,1.4403119011004542,0.0
map,5,302,1788743269.062479,7.3350891627107515,1.4641552852448108,0.0
map,5,303,1788743269.062479,7.342608694072801,1.4879971435102384,0.0
map,5,304,1788743269.062479,7.350131277192709,1.511839001775666,0.0
map,5,305,1788743269.062479,7.357655386191546,1.5356793341621646,0.0
map,5,306,1788743269.062479,7.365179495190382,1.5595196665486633,0.0
map,5,307,1788743269.062479,7.372706655947077,1.5833599989351619,0.0
map,5,308,1788743269.062479,7.38023686846163,1.6071988054427315,0.0
map,5,309,1788743269.062479,7.38777013273404,1.6310376119503012,0.0
map,5,310,1788743269.062479,7.39530492288538,1.6548748925789418,0.0
map,5,311,1788743269.062479,7.402842764794578,1.6787106473286535,0.0
map,5,312,1788743269.062479,7.410382132582704,1.7025464020783652,0.0
map,5,313,1788743269.062479,7.41792302624976,1.7263821568280768,0.0
map,5,314,1788743269.062479,7.425465445795744,1.7502179115777885,0.0
map,5,315,1788743269.062479,7.433010917099587,1.7740521404485712,0.0
map,5,316,1788743269.062479,7.440559440161287,1.7978848434404249,0.0
map,5,317,1788743269.062479,7.448111014980846,1.8217175464322786,0.0
map,5,318,1788743269.062479,7.455665641558262,1.8455487235452033,0.0
map,5,319,1788743269.062479,7.463217216377821,1.869379900658128,0.0
map,5,320,1788743269.062479,7.470771842955237,1.8932110777710527,0.0
map,5,321,1788743269.062479,7.478331047169441,1.9170422548839774,0.0
map,5,322,1788743269.062479,7.485891777262573,1.9408703802390441,0.0
map,5,323,1788743269.062479,7.493457084992492,1.9646985055941109,0.0
map,5,324,1788743269.062479,7.501023918601341,1.9885266309491776,0.0
map,5,325,1788743269.062479,7.508592278089118,2.0123532304253153,0.0
map,5,326,1788743269.062479,7.5161606375768955,2.036179829901453,0.0
map,5,327,1788743269.062479,7.523730522943602,2.060006429377591,0.0
map,5,328,1788743269.062479,7.531303460068166,2.0838315029747996,0.0
map,5,329,1788743269.062479,7.538880974829517,2.1076550506930793,0.0
map,5,330,1788743269.062479,7.546460015469798,2.131478598411359,0.0
map,5,331,1788743269.062479,7.554043633746865,2.155302146129639,0.0
map,5,332,1788743269.062479,7.561627252023932,2.1791226420900607,0.0
map,5,333,1788743269.062479,7.56920934442207,2.2029461898083404,0.0
map,5,334,1788743269.062479,7.5767944885780665,2.2267666857687622,0.0
map,5,335,1788743269.062479,7.58438421037085,2.250587181729184,0.0
map,5,336,1788743269.062479,7.591975458042562,2.274406151810677,0.0
map,5,337,1788743269.062479,7.599571283351061,2.2982251218921697,0.0
map,5,338,1788743269.062479,7.607170160417418,2.3220425660947335,0.0
map,5,339,1788743269.062479,7.614762933968059,2.3458615361762263,0.0
map,5,340,1788743269.062479,7.622360285155487,2.36967898037879,0.0
map,5,341,1788743269.062479,7.629962213979702,2.393494898702425,0.0
map,5,342,1788743269.062479,7.637567194561775,2.4173108170260598,0.0
map,5,343,1788743269.062479,7.645175226901706,2.4411252094707656,0.0
map,5,344,1788743269.062479,7.652786310999495,2.4649380760365425,0.0
map,5,345,1788743269.062479,7.660398920976213,2.4887509426023193,0.0
map,5,346,1788743269.062479,7.668006953316144,2.512565335047025,0.0
map,5,347,1788743269.062479,7.675619563292862,2.536378201612802,0.0
map,5,348,1788743269.062479,7.683236750906367,2.56018954229965,0.0
map,5,349,1788743269.062479,7.690855464398801,2.583999357107569,0.0
map,5,350,1788743269.062479,7.698480281406951,2.6078091719154877,0.0
map,5,351,1788743269.062479,7.706105098415101,2.6316174608444776,0.0
map,5,352,1788743269.062479,7.713723811907535,2.6554288015313254,0.0
map,5,353,1788743269.062479,7.721345577157827,2.6792386163392443,0.0
map,5,354,1788743269.062479,7.728973445923835,2.7030453793893052,0.0
map,5,355,1788743269.062479,7.736605892326629,2.726852142439366,0.0
map,5,356,1788743269.062479,7.744241390487282,2.750657379610498,0.0
map,5,357,1788743269.062479,7.751879940405793,2.77446261678163,0.0
map,5,358,1788743269.062479,7.759523067961091,2.798264802194904,0.0
map,5,359,1788743269.062479,7.7671555143638855,2.822071565244965,0.0
map,5,360,1788743269.062479,7.774794064282396,2.8458768024160968,0.0
map,5,361,1788743269.062479,7.782438717716623,2.8696789878293707,0.0
map,5,362,1788743269.062479,7.790086422908708,2.8934811732426446,0.0
map,5,363,1788743269.062479,7.797738705737579,2.9172803068980606,0.0
map,5,364,1788743269.062479,7.805394040324309,2.9410794405534766,0.0
map,5,365,1788743269.062479,7.813035642000678,2.9648831518456795,0.0
map,5,366,1788743269.062479,7.820684873071691,2.9886838113800245,0.0
map,5,367,1788743269.062479,7.828340207658421,3.0124829450354405,0.0
map,5,368,1788743269.062479,7.836000119881938,3.0362805528119274,0.0
map,5,369,1788743269.062479,7.843664609742241,3.0600766347094854,0.0
map,5,370,1788743269.062479,7.851335203118261,3.0838711907281144,0.0
map,5,371,1788743269.062479,7.859007322373209,3.1076642208678145,0.0
map,5,372,1788743269.062479,7.866662656959939,3.1314633545232304,0.0
map,5,373,1788743269.062479,7.874322569183455,3.1552609622997174,0.0
map,5,374,1788743269.062479,7.881994688438404,3.1790555183183464,0.0
map,5,375,1788743269.062479,7.889668333572281,3.2028485484580465,0.0
map,5,376,1788743269.062479,7.897332823432585,3.2266446303556044,0.0
map,5,377,1788743269.062479,7.905011046203249,3.2504361346163755,0.0
map,5,378,1788743269.062479,7.912689268973914,3.2742276388771465,0.0
map,5,379,1788743269.062479,7.9707,3.31,0.7715
map,6,0,1788743270.0651124,5.862689238426533,-5.875772497468478,0.0
map,6,1,1788743270.0651124,5.862321501604647,-5.849335119144843,0.0
map,6,2,1788743270.0651124,5.86213687025424,-5.824336644651243,0.0
map,6,3,1788743270.0651124,5.861885100230957,-5.799336644278714,0.0
map,6,4,1788743270.0651124,5.8615707691715855,-5.774339695664043,0.0
map,6,5,1788743270.0651124,5.861166411255404,-5.749342747049372,0.0
map,6,6,1788743270.0651124,5.860679655877057,-5.72434732431363,0.0
map,6,7,1788743270.0651124,5.860081511336894,-5.699354953335746,0.0
map,6,8,1788743270.0651124,5.85937960702956,-5.674364108236791,0.0
map,6,9,1788743270.0651124,5.8585449512554035,-5.649377840774623,0.0
map,6,10,1788743270.0651124,5.8575882251669285,-5.6243961509492415,0.0
map,6,11,1788743270.0651124,5.856475859427697,-5.599420564639576,0.0
map,6,12,1788743270.0651124,5.855226164584856,-5.574452607724556,0.0
map,6,13,1788743270.0651124,5.853800993665182,-5.54949380608311,0.0
map,6,14,1788743270.0651124,5.85222170897368,-5.524542633836308,0.0
map,6,15,1788743270.0651124,5.8504501635371255,-5.499606720378797,0.0
map,6,16,1788743270.0651124,5.848510771418383,-5.474681488073788,0.0
map,6,17,1788743270.0651124,5.846363859765297,-5.449773040436998,0.0
map,6,18,1788743270.0651124,5.844035368519663,-5.424882903347356,0.0
map,6,19,1788743270.0651124,5.841488676587183,-5.400012602683791,0.0
map,6,20,1788743270.0651124,5.838751249788579,-5.375162138446303,0.0
map,6,21,1788743270.0651124,5.83578188939277,-5.350339140029536,0.0
map,6,22,1788743270.0651124,5.832615690615121,-5.325540555675634,0.0
map,6,23,1788743270.0651124,5.829206877087763,-5.30077401477924,0.0
map,6,24,1788743270.0651124,5.825560026447484,-5.2760425690982125,0.0
map,6,25,1788743270.0651124,5.821696500999288,-5.251341640995765,0.0
map,6,26,1788743270.0651124,5.817587309043525,-5.2266819116244,0.0
map,6,27,1788743270.0651124,5.8132583905219875,-5.20206032922626,0.0
map,6,28,1788743270.0651124,5.808862333327575,-5.177449427980623,0.0
map,6,29,1788743270.0651124,5.804455594980659,-5.152841578492843,0.0
map,6,30,1788743270.0651124,5.80000918378159,-5.12823983252078,0.0
map,6,31,1788743270.0651124,5.795550565551089,-5.103639612427646,0.0
map,6,32,1788743270.0651124,5.791056852105221,-5.079047021729156,0.0
map,6,33,1788743270.0651124,5.786550931627922,-5.054457482788525,0.0
map,6,34,1788743270.0651124,5.782011441814184,-5.0298725214846804,0.0
map,6,35,1788743270.0651124,5.777459744969015,-5.005290611938694,0.0
map,6,36,1788743270.0651124,5.772880582303124,-4.980713280029494,0.0
map,6,37,1788743270.0651124,5.768292264363659,-4.956137473999224,0.0
map,6,38,1788743270.0651124,5.76367953236133,-4.931567771484669,0.0
map,6,39,1788743270.0651124,5.759034756901492,-4.907002646606902,0.0
map,6,40,1788743270.0651124,5.754393033199513,-4.882437521729134,0.0
map,6,41,1788743270.0651124,5.749768094165752,-4.857869345093508,0.0
map,6,42,1788743270.0651124,5.745137051616275,-4.833301168457883,0.0
map,6,43,1788743270.0651124,5.740509060824657,-4.808732991822257,0.0
map,6,44,1788743270.0651124,5.735871914759464,-4.78416786694449,0.0
map,6,45,1788743270.0651124,5.727275112873549,-4.760692219622019,0.0
map,6,46,1788743270.0651124,5.721673611325237,-4.736326984883949,0.0
map,6,47,1788743270.0651124,5.721438625970173,-4.711328510390349,0.0
map,6,48,1788743270.0651124,5.721194485341535,-4.686330035896749,0.0
map,6,49,1788743270.0651124,5.720976284654689,-4.6613300355242195,0.0
map,6,50,1788743270.0651124,5.72074892869427,-4.6363315610306195,0.0
map,6,51,1788743270.0651124,5.720541409159928,-4.6113330865370195,0.0
map,6,52,1788743270.0651124,5.720318630836296,-4.58633308616449,0.0
map,6,53,1788743270.0651124,5.720097378391593,-4.56133461167089,0.0
map,6,54,1788743270.0651124,5.719827297821162,-4.53633613717729,0.0
map,6,55,1788743270.0651124,5.719477871546424,-4.511339188562619,0.0
map,6,56,1788743270.0651124,5.7189102445848405,-4.486345291705806,0.0
map,6,57,1788743270.0651124,5.717918423280999,-4.461365127759354,0.0
map,6,58,1788743270.0651124,5.716040066319415,-4.436435317817558,0.0
map,6,59,1788743270.0651124,5.712606838729194,-4.411671828679022,0.0
map,6,60,1788743270.0651124,5.706793240009752,-4.387356947945609,0.0
map,6,61,1788743270.0651124,5.698120144177388,-4.363910292322789,0.0
map,6,62,1788743270.0651124,5.71949923385143,-4.350951002578899,0.0
map,6,63,1788743270.0651124,5.740892056435833,-4.338016126897873,0.0
map,6,64,1788743270.0651124,5.762689236936417,-4.3257724743716786,0.0
map,6,65,1788743270.0651124,5.762689236936417,-4.2757724736266205,0.0
map,6,66,1788743270.0651124,5.762689236936417,-4.225772472881562,0.0
map,6,67,1788743270.0651124,5.734121731627916,-4.182091136781441,0.0
map,6,68,1788743270.0651124,5.7365524567617925,-4.157208629086444,0.0
map,6,69,1788743270.0651124,5.739035061779255,-4.132332224907163,0.0
map,6,70,1788743270.0651124,5.741192654584843,-4.107425303149302,0.0
map,6,71,1788743270.0651124,5.743405179031875,-4.082524484907157,0.0
map,6,72,1788743270.0651124,5.745430020370641,-4.057605356117865,0.0
map,6,73,1788743270.0651124,5.747528103897999,-4.032693856723217,0.0
map,6,74,1788743270.0651124,5.749543789963191,-4.007776253812853,0.0
map,6,75,1788743270.0651124,5.7516479770062645,-3.9828647544182054,0.0
map,6,76,1788743270.0651124,5.75373385350219,-3.9579517291446287,0.0
map,6,77,1788743270.0651124,5.755925015644216,-3.933047859144626,0.0
map,6,78,1788743270.0651124,5.758137540091248,-3.908145515023552,0.0
map,6,79,1788743270.0651124,5.7638443272856605,-3.8838062202272745,0.0
map,6,80,1788743270.0651124,5.769421414771109,-3.8594364078524173,0.0
map,6,81,1788743270.0651124,5.775024442198351,-3.835071173114347,0.0
map,6,82,1788743270.0651124,5.780552701558072,-3.810690679586987,0.0
map,6,83,1788743270.0651124,5.786129789043521,-3.7863208672121296,0.0
map,6,84,1788743270.0651124,5.791670255434674,-3.7619418995636984,0.0
map,6,85,1788743270.0651124,5.797271756982987,-3.737578190704557,0.0
map,6,86,1788743270.0651124,5.8028625773787965,-3.713211430087558,0.0
map,6,87,1788743270.0651124,5.80852358820534,-3.6888599282598484,0.0
map,6,88,1788743270.0651124,5.814596586342709,-3.664609134441452,0.0
map,6,89,1788743270.0651124,5.820686369148298,-3.640362918259843,0.0
map,6,90,1788743270.0651124,5.826739530859591,-3.6161060209257307,0.0
map,6,91,1788743270.0651124,5.8328186325126765,-3.5918567529862635,0.0
map,6,92,1788743270.0651124,5.838874845981827,-3.5676013815310803,0.0
map,6,93,1788743270.0651124,5.844966154666345,-3.543355165349471,0.0
map,6,94,1788743270.0651124,5.851048308077289,-3.519105897410004,0.0
map,6,95,1788743270.0651124,5.857170134340386,-3.4948673106230395,0.0
map,6,96,1788743270.0651124,5.8634979542588965,-3.4706806037196607,0.0
map,6,97,1788743270.0651124,5.869839507087768,-3.446498474453069,0.0
map,6,98,1788743270.0651124,5.876159697611634,-3.422310241670761,0.0
map,6,99,1788743270.0651124,5.882499724561576,-3.3981281124041693,0.0
map,6,100,1788743270.0651124,5.888827544480087,-3.3739414055007906,0.0
map,6,101,1788743270.0651124,5.895178252582532,-3.3497623279920568,0.0
map,6,102,1788743270.0651124,5.901522857169262,-3.325580198725465,0.0
map,6,103,1788743270.0651124,5.907894927576713,-3.301407224732447,0.0
map,6,104,1788743270.0651124,5.914413482361347,-3.277270871833725,0.0
map,6,105,1788743270.0651124,5.920921355993478,-3.2531329930560737,0.0
map,6,106,1788743270.0651124,5.927438384899183,-3.2289966401573515,0.0
map,6,107,1788743270.0651124,5.933947784410243,-3.2048602872586294,0.0
map,6,108,1788743270.0651124,5.940472442710593,-3.180725460238836,0.0
map,6,109,1788743270.0651124,5.946994049253085,-3.156592159097972,0.0
map,6,110,1788743270.0651124,5.953532440463796,-3.1324619097149657,0.0
map,6,111,1788743270.0651124,5.960072357553436,-3.1083331862108885,0.0
map,6,112,1788743270.0651124,5.966708405015602,-3.084228876769675,0.0
map,6,113,1788743270.0651124,5.973336823083123,-3.0601245673284616,0.0
map,6,114,1788743270.0651124,5.979975922303147,-3.036021783766177,0.0
map,6,115,1788743270.0651124,5.986610443886384,-3.0119174743249637,0.0
map,6,116,1788743270.0651124,5.993257172501053,-2.9878177425205372,0.0
map,6,117,1788743270.0651124,5.999903901115722,-2.9637180107161107,0.0
map,6,118,1788743270.0651124,6.006564362640752,-2.9396213306695422,0.0
map,6,119,1788743270.0651124,6.0132858593229415,-2.9155414352911926,0.0
map,6,120,1788743270.0651124,6.020016511278705,-2.891464591670701,0.0
map,6,121,1788743270.0651124,6.026742585597681,-2.8673862221712803,0.0
map,6,122,1788743270.0651124,6.033477815190231,-2.8433109044297176,0.0
map,6,123,1788743270.0651124,6.040209993024924,-2.819234060809226,0.0
map,6,124,1788743270.0651124,6.046954377891048,-2.795161794825521,0.0
map,6,125,1788743270.0651124,6.053698762757172,-2.7710880029628875,0.0
map,6,126,1788743270.0651124,6.060456880533657,-2.7470187887370408,0.0
map,6,127,1788743270.0651124,6.067256197041225,-2.722961781542626,0.0
map,6,128,1788743270.0651124,6.074064668822366,-2.69890630022714,0.0
map,6,129,1788743270.0651124,6.080868562966721,-2.674850818911654,0.0
map,6,130,1788743270.0651124,6.0876831382635785,-2.6507968634750974,0.0
map,6,131,1788743270.0651124,6.094505342955081,-2.6267459597963985,0.0
map,6,132,1788743270.0651124,6.101330599404442,-2.6026950561176996,0.0
map,6,133,1788743270.0651124,6.108163485248447,-2.5786472041968587,0.0
map,6,134,1788743270.0651124,6.115034518065677,-2.5546100334285207,0.0
map,6,135,1788743270.0651124,6.121910128519694,-2.5305743885391117,0.0
map,6,136,1788743270.0651124,6.128785738973711,-2.5065387436497026,0.0
map,6,137,1788743270.0651124,6.135667452943444,-2.4825046246392226,0.0
map,6,138,1788743270.0651124,6.142549166913177,-2.4584705056287426,0.0
map,6,139,1788743270.0651124,6.149440036156484,-2.4344379124971915,0.0
map,6,140,1788743270.0651124,6.15633243127872,-2.4104068452445695,0.0
map,6,141,1788743270.0651124,6.163261447495252,-2.3863864591444504,0.0
map,6,142,1788743270.0651124,6.1701904637117835,-2.362366073044331,0.0
map,6,143,1788743270.0651124,6.177124057565102,-2.338347212823141,0.0
map,6,144,1788743270.0651124,6.18405917729735,-2.314328352601951,0.0
map,6,145,1788743270.0651124,6.191000400545313,-2.2903110182596897,0.0
map,6,146,1788743270.0651124,6.197941623793277,-2.2662936839174286,0.0
map,6,147,1788743270.0651124,6.204892002314814,-2.2422794013330254,0.0
map,6,148,1788743270.0651124,6.211843906715281,-2.218265118748622,0.0
map,6,149,1788743270.0651124,6.218823276936469,-2.194259991437793,0.0
map,6,150,1788743270.0651124,6.225804173036586,-2.1702533382480347,0.0
map,6,151,1788743270.0651124,6.23278964677349,-2.1462497368161344,0.0
map,6,152,1788743270.0651124,6.239776646389323,-2.122246135384234,0.0
map,6,153,1788743270.0651124,6.2467697495208725,-2.098244059831263,0.0
map,6,154,1788743270.0651124,6.253764378531351,-2.0742419842782915,0.0
map,6,155,1788743270.0651124,6.260765111057545,-2.0502429604831782,0.0
map,6,156,1788743270.0651124,6.2677917835255315,-2.026250040203781,0.0
map,6,157,1788743270.0651124,6.274818455993518,-2.0022586458033125,0.0
map,6,158,1788743270.0651124,6.281851231977221,-1.978267251402844,0.0
map,6,159,1788743270.0651124,6.288884007960924,-1.9542773828813047,0.0
map,6,160,1788743270.0651124,6.295922887460343,-1.9302890402386943,0.0
map,6,161,1788743270.0651124,6.30296329283869,-1.906300697596084,0.0
map,6,162,1788743270.0651124,6.310009801732754,-1.8823138808324025,0.0
map,6,163,1788743270.0651124,6.3170730952950365,-1.858333167584437,0.0
map,6,164,1788743270.0651124,6.324142492373035,-1.8343524543364715,0.0
map,6,165,1788743270.0651124,6.331211889451033,-1.810373266967435,0.0
map,6,166,1788743270.0651124,6.338287390044748,-1.7863956054773276,0.0
map,6,167,1788743270.0651124,6.345362890638462,-1.76241794398722,0.0
map,6,168,1788743270.0651124,6.352444494747893,-1.7384418083760416,0.0
map,6,169,1788743270.0651124,6.359527624736252,-1.714465672764863,0.0
map,6,170,1788743270.0651124,6.366630591150688,-1.6904956406694005,0.0
map,6,171,1788743270.0651124,6.373733557565124,-1.666527134452867,0.0
map,6,172,1788743270.0651124,6.3808411016163475,-1.6425586282363334,0.0
map,6,173,1788743270.0651124,6.3879501715465,-1.6185901220197998,0.0
map,6,174,1788743270.0651124,6.395063819113439,-1.5946231416821952,0.0
map,6,175,1788743270.0651124,6.402177466680378,-1.5706576872235196,0.0
map,6,176,1788743270.0651124,6.409298743641962,-1.546692232764844,0.0
map,6,177,1788743270.0651124,6.416433753513907,-1.5227328818218844,0.0
map,6,178,1788743270.0651124,6.42357181514371,-1.4987735308789247,0.0
map,6,179,1788743270.0651124,6.430711402652442,-1.474814179935965,0.0
map,6,180,1788743270.0651124,6.4378555677979605,-1.4508563548719344,0.0
map,6,181,1788743270.0651124,6.445004310580266,-1.4269000556868328,0.0
map,6,182,1788743270.0651124,6.452153053362572,-1.40294528238066,0.0
map,6,183,1788743270.0651124,6.459307899660594,-1.3789905090744874,0.0
map,6,184,1788743270.0651124,6.466474952990048,-1.3550403134051017,0.0
map,6,185,1788743270.0651124,6.473646583956288,-1.331090117735716,0.0
map,6,186,1788743270.0651124,6.480818214922529,-1.3071414479452592,0.0
map,6,187,1788743270.0651124,6.487994423525556,-1.2831927781548025,0.0
map,6,188,1788743270.0651124,6.495172158007513,-1.2592456342432747,0.0
map,6,189,1788743270.0651124,6.502354470126257,-1.235300016210676,0.0
map,6,190,1788743270.0651124,6.509538308123929,-1.2113543981780772,0.0
map,6,191,1788743270.0651124,6.5167358790319625,-1.1874133577822654,0.0
map,6,192,1788743270.0651124,6.523934975818925,-1.1634707915075246,0.0
map,6,193,1788743270.0651124,6.531137124363745,-1.1395312769906418,0.0
map,6,194,1788743270.0651124,6.538340798787495,-1.115591762473759,0.0
map,6,195,1788743270.0651124,6.545549050848031,-1.0916537738358052,0.0
map,6,196,1788743270.0651124,6.552758828787496,-1.0677157851978514,0.0
map,6,197,1788743270.0651124,6.55997165848482,-1.0437793224388265,0.0
map,6,198,1788743270.0651124,6.567195169334646,-1.0198459114376597,0.0
map,6,199,1788743270.0651124,6.57442173194233,-0.9959125004364928,0.0
map,6,200,1788743270.0651124,6.581649820428943,-0.971980615314255,0.0
map,6,201,1788743270.0651124,6.588882486552343,-0.9480487301920171,0.0
map,6,202,1788743270.0651124,6.596115152675743,-0.9241183709487082,0.0
map,6,203,1788743270.0651124,6.603353922314859,-0.9001895375843283,0.0
map,6,204,1788743270.0651124,6.6105942178329045,-0.8762607042199484,0.0
map,6,205,1788743270.0651124,6.617845194503452,-0.8523349226134265,0.0
map,6,206,1788743270.0651124,6.625097697052929,-0.8284106668858335,0.0
map,6,207,1788743270.0651124,6.632353251360264,-0.8044864111582406,0.0
map,6,208,1788743270.0651124,6.639610331546528,-0.7805636813095767,0.0
map,6,209,1788743270.0651124,6.64687046349065,-0.7566409514609127,0.0
map,6,210,1788743270.0651124,6.654135173071559,-0.7327182216122488,0.0
map,6,211,1788743270.0651124,6.661399882652468,-0.7087985435214428,0.0
map,6,212,1788743270.0651124,6.66867527338588,-0.6848803913095658,0.0
map,6,213,1788743270.0651124,6.675950664119291,-0.6609622390976888,0.0
map,6,214,1788743270.0651124,6.68323063248949,-0.6370456127647408,0.0
map,6,215,1788743270.0651124,6.690512126738618,-0.6131289864317928,0.0
map,6,216,1788743270.0651124,6.6977966727456035,-0.5892138859777738,0.0
map,6,217,1788743270.0651124,6.705084270510447,-0.5653003114026838,0.0
map,6,218,1788743270.0651124,6.712374920033149,-0.5413867368275938,0.0
map,6,219,1788743270.0651124,6.719671673071566,-0.5174746881314327,0.0
map,6,220,1788743270.0651124,6.726971477867842,-0.49356416531420066,0.0
map,6,221,1788743270.0651124,6.7342728085430466,-0.4696551683758976,0.0
map,6,222,1788743270.0651124,6.741578716855038,-0.44574617143759454,0.0
map,6,223,1788743270.0651124,6.74888462516703,-0.4218371744992915,0.0
map,6,224,1788743270.0651124,6.756195111115808,-0.3979297034399174,0.0
map,6,225,1788743270.0651124,6.7635117005803025,-0.3740237582594723,0.0
map,6,226,1788743270.0651124,6.770831341802655,-0.3501193389579562,0.0
map,6,227,1788743270.0651124,6.778154034782865,-0.3262164455353691,0.0
map,6,228,1788743270.0651124,6.785478253642005,-0.302313552112782,0.0
map,6,229,1788743270.0651124,6.792805524259002,-0.27841218456912387,0.0
map,6,230,1788743270.0651124,6.800135846633857,-0.25451081702546574,0.0
map,6,231,1788743270.0651124,6.807467694887642,-0.23060944948180762,0.0
map,6,232,1788743270.0651124,6.814807172536071,-0.20671113369600747,0.0
map,6,233,1788743270.0651124,6.822148176063429,-0.18281281791020731,0.0
map,6,234,1788743270.0651124,6.829492231348645,-0.15891602800333615,0.0
map,6,235,1788743270.0651124,6.836839338391719,-0.13502076397539398,0.0
map,6,236,1788743270.0651124,6.844187971313723,-0.11112397406852281,0.0
map,6,237,1788743270.0651124,6.851538130114655,-0.08723023591950962,0.0
map,6,238,1788743270.0651124,6.858891340673445,-0.06333497189156745,0.0
map,6,239,1788743270.0651124,6.866250654747951,-0.03944275962148325,0.0
map,6,240,1788743270.0651124,6.873611494701386,-0.015552073230328034,0.0
map,6,241,1788743270.0651124,6.880975386412679,0.00833861316082718,0.0
map,6,242,1788743270.0651124,6.888340804002901,0.03222929955198239,0.0
map,6,243,1788743270.0651124,6.89571079922991,0.05611846006420862,0.0
map,6,244,1788743270.0651124,6.903080794456919,0.08000762057643485,0.0
map,6,245,1788743270.0651124,6.910455367320715,0.10389525520973208,0.0
map,6,246,1788743270.0651124,6.917832991942369,0.12778136396410034,0.0
map,6,247,1788743270.0651124,6.925213668321881,0.1516674727184686,0.0
map,6,248,1788743270.0651124,6.932597396459251,0.17555205559390785,0.0
map,6,249,1788743270.0651124,6.9399826504755495,0.19943663846934712,0.0
map,6,250,1788743270.0651124,6.947372482128635,0.2233196954658574,0.0
map,6,251,1788743270.0651124,6.954762313781721,0.24720275246236767,0.0
map,6,252,1788743270.0651124,6.962156723071594,0.27108428357994896,0.0
map,6,253,1788743270.0651124,6.969554184119325,0.29496428881860126,0.0
map,6,254,1788743270.0651124,6.9769531710459844,0.31884429405725356,0.0
map,6,255,1788743270.0651124,6.984355209730502,0.3427227734169769,0.0
map,6,256,1788743270.0651124,6.991760300172878,0.3666012527767002,0.0
map,6,257,1788743270.0651124,6.9991684423731115,0.3904782062574945,0.0
map,6,258,1788743270.0651124,7.006578110452274,0.41435515973828885,0.0
map,6,259,1788743270.0651124,7.013990830289295,0.4382305873401542,0.0
map,6,260,1788743270.0651124,7.021406601884173,0.4621060149420195,0.0
map,6,261,1788743270.0651124,7.028823899357981,0.4859799166649559,0.0
map,6,262,1788743270.0651124,7.036245774468576,0.5098538183878922,0.0
map,6,263,1788743270.0651124,7.04366764957917,0.5337261942318996,0.0
map,6,264,1788743270.0651124,7.051094102326552,0.557597044196978,0.0
map,6,265,1788743270.0651124,7.058520555073933,0.5814694200409853,0.0
map,6,266,1788743270.0651124,7.065951585458102,0.6053387441271347,0.0
map,6,267,1788743270.0651124,7.073385667600128,0.6292080682132841,0.0
map,6,268,1788743270.0651124,7.0808212756210835,0.6530773922994335,0.0
map,6,269,1788743270.0651124,7.088259935399897,0.6769451905066539,0.0
map,6,270,1788743270.0651124,7.095700121057639,0.7008114628349453,0.0
map,6,271,1788743270.0651124,7.10314335847324,0.7246777351632367,0.0
map,6,272,1788743270.0651124,7.110588121767769,0.7485440074915282,0.0
map,6,273,1788743270.0651124,7.118037462699085,0.7724087539408906,0.0
map,6,274,1788743270.0651124,7.125488329509331,0.796271974511324,0.0
map,6,275,1788743270.0651124,7.132942248077434,0.8201351950817575,0.0
map,6,276,1788743270.0651124,7.140399218403395,0.8439968897732619,0.0
map,6,277,1788743270.0651124,7.147857714608286,0.8678585844647664,0.0
map,6,278,1788743270.0651124,7.155317736692105,0.8917187532773418,0.0
map,6,279,1788743270.0651124,7.162780810533782,0.9155789220899173,0.0
map,6,280,1788743270.0651124,7.170246936133317,0.9394390909024928,0.0
map,6,281,1788743270.0651124,7.17771611349071,0.9632962079572103,0.0
map,6,282,1788743270.0651124,7.1851868167270325,0.9871548508908567,0.0
map,6,283,1788743270.0651124,7.192660571721213,1.0110119679455742,0.0
map,6,284,1788743270.0651124,7.200134326715393,1.0348675591213627,0.0
map,6,285,1788743270.0651124,7.20761265934636,1.0587231502971512,0.0
map,6,286,1788743270.0651124,7.215092517856256,1.0825787414729398,0.0
map,6,287,1788743270.0651124,7.222573902245081,1.1064312808908703,0.0
map,6,288,1788743270.0651124,7.230058338391764,1.1302853461877298,0.0
map,6,289,1788743270.0651124,7.237545826296305,1.1541378856056603,0.0
map,6,290,1788743270.0651124,7.245034840079775,1.1779904250235909,0.0
map,6,291,1788743270.0651124,7.252526905621103,1.2018414385625924,0.0
map,6,292,1788743270.0651124,7.26002049704136,1.225690926222665,0.0
map,6,293,1788743270.0651124,7.267517140219475,1.2495404138827375,0.0
map,6,294,1788743270.0651124,7.275015309276519,1.27338990154281,0.0
map,6,295,1788743270.0651124,7.282516530091421,1.2972378633239536,0.0
map,6,296,1788743270.0651124,7.290019276785252,1.3210858251050972,0.0
map,6,297,1788743270.0651124,7.2975266011158695,1.3449322610073118,0.0
map,6,298,1788743270.0651124,7.305033925446487,1.3687771710305974,0.0
map,6,299,1788743270.0651124,7.312545827413892,1.392623606932812,0.0
map,6,300,1788743270.0651124,7.320057729381297,1.4164669910771686,0.0
map,6,301,1788743270.0651124,7.327571157227631,1.4403119011004542,0.0
map,6,302,1788743270.0651124,7.3350891627107515,1.4641552852448108,0.0
map,6,303,1788743270.0651124,7.342608694072801,1.4879971435102384,0.0
map,6,304,1788743270.0651124,7.350131277192709,1.511839001775666,0.0
map,6,305,1788743270.0651124,7.357655386191546,1.5356793341621646,0.0
map,6,306,1788743270.0651124,7.365179495190382,1.5595196665486633,0.0
map,6,307,1788743270.0651124,7.372706655947077,1.5833599989351619,0.0
map,6,308,1788743270.0651124,7.38023686846163,1.6071988054427315,0.0
map,6,309,1788743270.0651124,7.38777013273404,1.6310376119503012,0.0
map,6,310,1788743270.0651124,7.39530492288538,1.6548748925789418,0.0
map,6,311,1788743270.0651124,7.402842764794578,1.6787106473286535,0.0
map,6,312,1788743270.0651124,7.410382132582704,1.7025464020783652,0.0
map,6,313,1788743270.0651124,7.41792302624976,1.7263821568280768,0.0
map,6,314,1788743270.0651124,7.425465445795744,1.7502179115777885,0.0
map,6,315,1788743270.0651124,7.433010917099587,1.7740521404485712,0.0
map,6,316,1788743270.0651124,7.440559440161287,1.7978848434404249,0.0
map,6,317,1788743270.0651124,7.448111014980846,1.8217175464322786,0.0
map,6,318,1788743270.0651124,7.455665641558262,1.8455487235452033,0.0
map,6,319,1788743270.0651124,7.463217216377821,1.869379900658128,0.0
map,6,320,1788743270.0651124,7.470771842955237,1.8932110777710527,0.0
map,6,321,1788743270.0651124,7.478331047169441,1.9170422548839774,0.0
map,6,322,1788743270.0651124,7.485891777262573,1.9408703802390441,0.0
map,6,323,1788743270.0651124,7.493457084992492,1.9646985055941109,0.0
map,6,324,1788743270.0651124,7.501023918601341,1.9885266309491776,0.0
map,6,325,1788743270.0651124,7.508592278089118,2.0123532304253153,0.0
map,6,326,1788743270.0651124,7.5161606375768955,2.036179829901453,0.0
map,6,327,1788743270.0651124,7.523730522943602,2.060006429377591,0.0
map,6,328,1788743270.0651124,7.531303460068166,2.0838315029747996,0.0
map,6,329,1788743270.0651124,7.538880974829517,2.1076550506930793,0.0
map,6,330,1788743270.0651124,7.546460015469798,2.131478598411359,0.0
map,6,331,1788743270.0651124,7.554043633746865,2.155302146129639,0.0
map,6,332,1788743270.0651124,7.561627252023932,2.1791226420900607,0.0
map,6,333,1788743270.0651124,7.56920934442207,2.2029461898083404,0.0
map,6,334,1788743270.0651124,7.5767944885780665,2.2267666857687622,0.0
map,6,335,1788743270.0651124,7.58438421037085,2.250587181729184,0.0
map,6,336,1788743270.0651124,7.591975458042562,2.274406151810677,0.0
map,6,337,1788743270.0651124,7.599571283351061,2.2982251218921697,0.0
map,6,338,1788743270.0651124,7.607170160417418,2.3220425660947335,0.0
map,6,339,1788743270.0651124,7.614762933968059,2.3458615361762263,0.0
map,6,340,1788743270.0651124,7.622360285155487,2.36967898037879,0.0
map,6,341,1788743270.0651124,7.629962213979702,2.393494898702425,0.0
map,6,342,1788743270.0651124,7.637567194561775,2.4173108170260598,0.0
map,6,343,1788743270.0651124,7.645175226901706,2.4411252094707656,0.0
map,6,344,1788743270.0651124,7.652786310999495,2.4649380760365425,0.0
map,6,345,1788743270.0651124,7.660398920976213,2.4887509426023193,0.0
map,6,346,1788743270.0651124,7.668006953316144,2.512565335047025,0.0
map,6,347,1788743270.0651124,7.675619563292862,2.536378201612802,0.0
map,6,348,1788743270.0651124,7.683236750906367,2.56018954229965,0.0
map,6,349,1788743270.0651124,7.690855464398801,2.583999357107569,0.0
map,6,350,1788743270.0651124,7.698480281406951,2.6078091719154877,0.0
map,6,351,1788743270.0651124,7.706105098415101,2.6316174608444776,0.0
map,6,352,1788743270.0651124,7.713723811907535,2.6554288015313254,0.0
map,6,353,1788743270.0651124,7.721345577157827,2.6792386163392443,0.0
map,6,354,1788743270.0651124,7.728973445923835,2.7030453793893052,0.0
map,6,355,1788743270.0651124,7.736605892326629,2.726852142439366,0.0
map,6,356,1788743270.0651124,7.744241390487282,2.750657379610498,0.0
map,6,357,1788743270.0651124,7.751879940405793,2.77446261678163,0.0
map,6,358,1788743270.0651124,7.759523067961091,2.798264802194904,0.0
map,6,359,1788743270.0651124,7.7671555143638855,2.822071565244965,0.0
map,6,360,1788743270.0651124,7.774794064282396,2.8458768024160968,0.0
map,6,361,1788743270.0651124,7.782438717716623,2.8696789878293707,0.0
map,6,362,1788743270.0651124,7.790086422908708,2.8934811732426446,0.0
map,6,363,1788743270.0651124,7.797738705737579,2.9172803068980606,0.0
map,6,364,1788743270.0651124,7.805394040324309,2.9410794405534766,0.0
map,6,365,1788743270.0651124,7.813035642000678,2.9648831518456795,0.0
map,6,366,1788743270.0651124,7.820684873071691,2.9886838113800245,0.0
map,6,367,1788743270.0651124,7.828340207658421,3.0124829450354405,0.0
map,6,368,1788743270.0651124,7.836000119881938,3.0362805528119274,0.0
map,6,369,1788743270.0651124,7.843664609742241,3.0600766347094854,0.0
map,6,370,1788743270.0651124,7.851335203118261,3.0838711907281144,0.0
map,6,371,1788743270.0651124,7.859007322373209,3.1076642208678145,0.0
map,6,372,1788743270.0651124,7.866662656959939,3.1314633545232304,0.0
map,6,373,1788743270.0651124,7.874322569183455,3.1552609622997174,0.0
map,6,374,1788743270.0651124,7.881994688438404,3.1790555183183464,0.0
map,6,375,1788743270.0651124,7.889668333572281,3.2028485484580465,0.0
map,6,376,1788743270.0651124,7.897332823432585,3.2266446303556044,0.0
map,6,377,1788743270.0651124,7.905011046203249,3.2504361346163755,0.0
map,6,378,1788743270.0651124,7.912689268973914,3.2742276388771465,0.0
map,6,379,1788743270.0651124,7.9707,3.31,0.7715
map,7,0,1788743271.0926552,5.862689238426533,-5.875772497468478,0.0
map,7,1,1788743271.0926552,5.862321501604647,-5.849335119144843,0.0
map,7,2,1788743271.0926552,5.86213687025424,-5.824336644651243,0.0
map,7,3,1788743271.0926552,5.861885100230957,-5.799336644278714,0.0
map,7,4,1788743271.0926552,5.8615707691715855,-5.774339695664043,0.0
map,7,5,1788743271.0926552,5.861166411255404,-5.749342747049372,0.0
map,7,6,1788743271.0926552,5.860679655877057,-5.72434732431363,0.0
map,7,7,1788743271.0926552,5.860081511336894,-5.699354953335746,0.0
map,7,8,1788743271.0926552,5.85937960702956,-5.674364108236791,0.0
map,7,9,1788743271.0926552,5.8585449512554035,-5.649377840774623,0.0
map,7,10,1788743271.0926552,5.8575882251669285,-5.6243961509492415,0.0
map,7,11,1788743271.0926552,5.856475859427697,-5.599420564639576,0.0
map,7,12,1788743271.0926552,5.855226164584856,-5.574452607724556,0.0
map,7,13,1788743271.0926552,5.853800993665182,-5.54949380608311,0.0
map,7,14,1788743271.0926552,5.85222170897368,-5.524542633836308,0.0
map,7,15,1788743271.0926552,5.8504501635371255,-5.499606720378797,0.0
map,7,16,1788743271.0926552,5.848510771418383,-5.474681488073788,0.0
map,7,17,1788743271.0926552,5.846363859765297,-5.449773040436998,0.0
map,7,18,1788743271.0926552,5.844035368519663,-5.424882903347356,0.0
map,7,19,1788743271.0926552,5.841488676587183,-5.400012602683791,0.0
map,7,20,1788743271.0926552,5.838751249788579,-5.375162138446303,0.0
map,7,21,1788743271.0926552,5.83578188939277,-5.350339140029536,0.0
map,7,22,1788743271.0926552,5.832615690615121,-5.325540555675634,0.0
map,7,23,1788743271.0926552,5.829206877087763,-5.30077401477924,0.0
map,7,24,1788743271.0926552,5.825560026447484,-5.2760425690982125,0.0
map,7,25,1788743271.0926552,5.821696500999288,-5.251341640995765,0.0
map,7,26,1788743271.0926552,5.817587309043525,-5.2266819116244,0.0
map,7,27,1788743271.0926552,5.8132583905219875,-5.20206032922626,0.0
map,7,28,1788743271.0926552,5.808862333327575,-5.177449427980623,0.0
map,7,29,1788743271.0926552,5.804455594980659,-5.152841578492843,0.0
map,7,30,1788743271.0926552,5.80000918378159,-5.12823983252078,0.0
map,7,31,1788743271.0926552,5.795550565551089,-5.103639612427646,0.0
map,7,32,1788743271.0926552,5.791056852105221,-5.079047021729156,0.0
map,7,33,1788743271.0926552,5.786550931627922,-5.054457482788525,0.0
map,7,34,1788743271.0926552,5.782011441814184,-5.0298725214846804,0.0
map,7,35,1788743271.0926552,5.777459744969015,-5.005290611938694,0.0
map,7,36,1788743271.0926552,5.772880582303124,-4.980713280029494,0.0
map,7,37,1788743271.0926552,5.768292264363659,-4.956137473999224,0.0
map,7,38,1788743271.0926552,5.76367953236133,-4.931567771484669,0.0
map,7,39,1788743271.0926552,5.759034756901492,-4.907002646606902,0.0
map,7,40,1788743271.0926552,5.754393033199513,-4.882437521729134,0.0
map,7,41,1788743271.0926552,5.749768094165752,-4.857869345093508,0.0
map,7,42,1788743271.0926552,5.745137051616275,-4.833301168457883,0.0
map,7,43,1788743271.0926552,5.740509060824657,-4.808732991822257,0.0
map,7,44,1788743271.0926552,5.735871914759464,-4.78416786694449,0.0
map,7,45,1788743271.0926552,5.727275112873549,-4.760692219622019,0.0
map,7,46,1788743271.0926552,5.721673611325237,-4.736326984883949,0.0
map,7,47,1788743271.0926552,5.721438625970173,-4.711328510390349,0.0
map,7,48,1788743271.0926552,5.721194485341535,-4.686330035896749,0.0
map,7,49,1788743271.0926552,5.720976284654689,-4.6613300355242195,0.0
map,7,50,1788743271.0926552,5.72074892869427,-4.6363315610306195,0.0
map,7,51,1788743271.0926552,5.720541409159928,-4.6113330865370195,0.0
map,7,52,1788743271.0926552,5.720318630836296,-4.58633308616449,0.0
map,7,53,1788743271.0926552,5.720097378391593,-4.56133461167089,0.0
map,7,54,1788743271.0926552,5.719827297821162,-4.53633613717729,0.0
map,7,55,1788743271.0926552,5.719477871546424,-4.511339188562619,0.0
map,7,56,1788743271.0926552,5.7189102445848405,-4.486345291705806,0.0
map,7,57,1788743271.0926552,5.717918423280999,-4.461365127759354,0.0
map,7,58,1788743271.0926552,5.716040066319415,-4.436435317817558,0.0
map,7,59,1788743271.0926552,5.712606838729194,-4.411671828679022,0.0
map,7,60,1788743271.0926552,5.706793240009752,-4.387356947945609,0.0
map,7,61,1788743271.0926552,5.698120144177388,-4.363910292322789,0.0
map,7,62,1788743271.0926552,5.71949923385143,-4.350951002578899,0.0
map,7,63,1788743271.0926552,5.740892056435833,-4.338016126897873,0.0
map,7,64,1788743271.0926552,5.762689236936417,-4.3257724743716786,0.0
map,7,65,1788743271.0926552,5.762689236936417,-4.2757724736266205,0.0
map,7,66,1788743271.0926552,5.762689236936417,-4.225772472881562,0.0
map,7,67,1788743271.0926552,5.734121731627916,-4.182091136781441,0.0
map,7,68,1788743271.0926552,5.7365524567617925,-4.157208629086444,0.0
map,7,69,1788743271.0926552,5.739035061779255,-4.132332224907163,0.0
map,7,70,1788743271.0926552,5.741192654584843,-4.107425303149302,0.0
map,7,71,1788743271.0926552,5.743405179031875,-4.082524484907157,0.0
map,7,72,1788743271.0926552,5.745430020370641,-4.057605356117865,0.0
map,7,73,1788743271.0926552,5.747528103897999,-4.032693856723217,0.0
map,7,74,1788743271.0926552,5.749543789963191,-4.007776253812853,0.0
map,7,75,1788743271.0926552,5.7516479770062645,-3.9828647544182054,0.0
map,7,76,1788743271.0926552,5.75373385350219,-3.9579517291446287,0.0
map,7,77,1788743271.0926552,5.755925015644216,-3.933047859144626,0.0
map,7,78,1788743271.0926552,5.758137540091248,-3.908145515023552,0.0
map,7,79,1788743271.0926552,5.7638443272856605,-3.8838062202272745,0.0
map,7,80,1788743271.0926552,5.769421414771109,-3.8594364078524173,0.0
map,7,81,1788743271.0926552,5.775024442198351,-3.835071173114347,0.0
map,7,82,1788743271.0926552,5.780552701558072,-3.810690679586987,0.0
map,7,83,1788743271.0926552,5.786129789043521,-3.7863208672121296,0.0
map,7,84,1788743271.0926552,5.791670255434674,-3.7619418995636984,0.0
map,7,85,1788743271.0926552,5.797271756982987,-3.737578190704557,0.0
map,7,86,1788743271.0926552,5.8028625773787965,-3.713211430087558,0.0
map,7,87,1788743271.0926552,5.80852358820534,-3.6888599282598484,0.0
map,7,88,1788743271.0926552,5.814596586342709,-3.664609134441452,0.0
map,7,89,1788743271.0926552,5.820686369148298,-3.640362918259843,0.0
map,7,90,1788743271.0926552,5.826739530859591,-3.6161060209257307,0.0
map,7,91,1788743271.0926552,5.8328186325126765,-3.5918567529862635,0.0
map,7,92,1788743271.0926552,5.838874845981827,-3.5676013815310803,0.0
map,7,93,1788743271.0926552,5.844966154666345,-3.543355165349471,0.0
map,7,94,1788743271.0926552,5.851048308077289,-3.519105897410004,0.0
map,7,95,1788743271.0926552,5.857170134340386,-3.4948673106230395,0.0
map,7,96,1788743271.0926552,5.8634979542588965,-3.4706806037196607,0.0
map,7,97,1788743271.0926552,5.869839507087768,-3.446498474453069,0.0
map,7,98,1788743271.0926552,5.876159697611634,-3.422310241670761,0.0
map,7,99,1788743271.0926552,5.882499724561576,-3.3981281124041693,0.0
map,7,100,1788743271.0926552,5.888827544480087,-3.3739414055007906,0.0
map,7,101,1788743271.0926552,5.895178252582532,-3.3497623279920568,0.0
map,7,102,1788743271.0926552,5.901522857169262,-3.325580198725465,0.0
map,7,103,1788743271.0926552,5.907894927576713,-3.301407224732447,0.0
map,7,104,1788743271.0926552,5.914413482361347,-3.277270871833725,0.0
map,7,105,1788743271.0926552,5.920921355993478,-3.2531329930560737,0.0
map,7,106,1788743271.0926552,5.927438384899183,-3.2289966401573515,0.0
map,7,107,1788743271.0926552,5.933947784410243,-3.2048602872586294,0.0
map,7,108,1788743271.0926552,5.940472442710593,-3.180725460238836,0.0
map,7,109,1788743271.0926552,5.946994049253085,-3.156592159097972,0.0
map,7,110,1788743271.0926552,5.953532440463796,-3.1324619097149657,0.0
map,7,111,1788743271.0926552,5.960072357553436,-3.1083331862108885,0.0
map,7,112,1788743271.0926552,5.966708405015602,-3.084228876769675,0.0
map,7,113,1788743271.0926552,5.973336823083123,-3.0601245673284616,0.0
map,7,114,1788743271.0926552,5.979975922303147,-3.036021783766177,0.0
map,7,115,1788743271.0926552,5.986610443886384,-3.0119174743249637,0.0
map,7,116,1788743271.0926552,5.993257172501053,-2.9878177425205372,0.0
map,7,117,1788743271.0926552,5.999903901115722,-2.9637180107161107,0.0
map,7,118,1788743271.0926552,6.006564362640752,-2.9396213306695422,0.0
map,7,119,1788743271.0926552,6.0132858593229415,-2.9155414352911926,0.0
map,7,120,1788743271.0926552,6.020016511278705,-2.891464591670701,0.0
map,7,121,1788743271.0926552,6.026742585597681,-2.8673862221712803,0.0
map,7,122,1788743271.0926552,6.033477815190231,-2.8433109044297176,0.0
map,7,123,1788743271.0926552,6.040209993024924,-2.819234060809226,0.0
map,7,124,1788743271.0926552,6.046954377891048,-2.795161794825521,0.0
map,7,125,1788743271.0926552,6.053698762757172,-2.7710880029628875,0.0
map,7,126,1788743271.0926552,6.060456880533657,-2.7470187887370408,0.0
map,7,127,1788743271.0926552,6.067256197041225,-2.722961781542626,0.0
map,7,128,1788743271.0926552,6.074064668822366,-2.69890630022714,0.0
map,7,129,1788743271.0926552,6.080868562966721,-2.674850818911654,0.0
map,7,130,1788743271.0926552,6.0876831382635785,-2.6507968634750974,0.0
map,7,131,1788743271.0926552,6.094505342955081,-2.6267459597963985,0.0
map,7,132,1788743271.0926552,6.101330599404442,-2.6026950561176996,0.0
map,7,133,1788743271.0926552,6.108163485248447,-2.5786472041968587,0.0
map,7,134,1788743271.0926552,6.115034518065677,-2.5546100334285207,0.0
map,7,135,1788743271.0926552,6.121910128519694,-2.5305743885391117,0.0
map,7,136,1788743271.0926552,6.128785738973711,-2.5065387436497026,0.0
map,7,137,1788743271.0926552,6.135667452943444,-2.4825046246392226,0.0
map,7,138,1788743271.0926552,6.142549166913177,-2.4584705056287426,0.0
map,7,139,1788743271.0926552,6.149440036156484,-2.4344379124971915,0.0
map,7,140,1788743271.0926552,6.15633243127872,-2.4104068452445695,0.0
map,7,141,1788743271.0926552,6.163261447495252,-2.3863864591444504,0.0
map,7,142,1788743271.0926552,6.1701904637117835,-2.362366073044331,0.0
map,7,143,1788743271.0926552,6.177124057565102,-2.338347212823141,0.0
map,7,144,1788743271.0926552,6.18405917729735,-2.314328352601951,0.0
map,7,145,1788743271.0926552,6.191000400545313,-2.2903110182596897,0.0
map,7,146,1788743271.0926552,6.197941623793277,-2.2662936839174286,0.0
map,7,147,1788743271.0926552,6.204892002314814,-2.2422794013330254,0.0
map,7,148,1788743271.0926552,6.211843906715281,-2.218265118748622,0.0
map,7,149,1788743271.0926552,6.218823276936469,-2.194259991437793,0.0
map,7,150,1788743271.0926552,6.225804173036586,-2.1702533382480347,0.0
map,7,151,1788743271.0926552,6.23278964677349,-2.1462497368161344,0.0
map,7,152,1788743271.0926552,6.239776646389323,-2.122246135384234,0.0
map,7,153,1788743271.0926552,6.2467697495208725,-2.098244059831263,0.0
map,7,154,1788743271.0926552,6.253764378531351,-2.0742419842782915,0.0
map,7,155,1788743271.0926552,6.260765111057545,-2.0502429604831782,0.0
map,7,156,1788743271.0926552,6.2677917835255315,-2.026250040203781,0.0
map,7,157,1788743271.0926552,6.274818455993518,-2.0022586458033125,0.0
map,7,158,1788743271.0926552,6.281851231977221,-1.978267251402844,0.0
map,7,159,1788743271.0926552,6.288884007960924,-1.9542773828813047,0.0
map,7,160,1788743271.0926552,6.295922887460343,-1.9302890402386943,0.0
map,7,161,1788743271.0926552,6.30296329283869,-1.906300697596084,0.0
map,7,162,1788743271.0926552,6.310009801732754,-1.8823138808324025,0.0
map,7,163,1788743271.0926552,6.3170730952950365,-1.858333167584437,0.0
map,7,164,1788743271.0926552,6.324142492373035,-1.8343524543364715,0.0
map,7,165,1788743271.0926552,6.331211889451033,-1.810373266967435,0.0
map,7,166,1788743271.0926552,6.338287390044748,-1.7863956054773276,0.0
map,7,167,1788743271.0926552,6.345362890638462,-1.76241794398722,0.0
map,7,168,1788743271.0926552,6.352444494747893,-1.7384418083760416,0.0
map,7,169,1788743271.0926552,6.359527624736252,-1.714465672764863,0.0
map,7,170,1788743271.0926552,6.366630591150688,-1.6904956406694005,0.0
map,7,171,1788743271.0926552,6.373733557565124,-1.666527134452867,0.0
map,7,172,1788743271.0926552,6.3808411016163475,-1.6425586282363334,0.0
map,7,173,1788743271.0926552,6.3879501715465,-1.6185901220197998,0.0
map,7,174,1788743271.0926552,6.395063819113439,-1.5946231416821952,0.0
map,7,175,1788743271.0926552,6.402177466680378,-1.5706576872235196,0.0
map,7,176,1788743271.0926552,6.409298743641962,-1.546692232764844,0.0
map,7,177,1788743271.0926552,6.416433753513907,-1.5227328818218844,0.0
map,7,178,1788743271.0926552,6.42357181514371,-1.4987735308789247,0.0
map,7,179,1788743271.0926552,6.430711402652442,-1.474814179935965,0.0
map,7,180,1788743271.0926552,6.4378555677979605,-1.4508563548719344,0.0
map,7,181,1788743271.0926552,6.445004310580266,-1.4269000556868328,0.0
map,7,182,1788743271.0926552,6.452153053362572,-1.40294528238066,0.0
map,7,183,1788743271.0926552,6.459307899660594,-1.3789905090744874,0.0
map,7,184,1788743271.0926552,6.466474952990048,-1.3550403134051017,0.0
map,7,185,1788743271.0926552,6.473646583956288,-1.331090117735716,0.0
map,7,186,1788743271.0926552,6.480818214922529,-1.3071414479452592,0.0
map,7,187,1788743271.0926552,6.487994423525556,-1.2831927781548025,0.0
map,7,188,1788743271.0926552,6.495172158007513,-1.2592456342432747,0.0
map,7,189,1788743271.0926552,6.502354470126257,-1.235300016210676,0.0
map,7,190,1788743271.0926552,6.509538308123929,-1.2113543981780772,0.0
map,7,191,1788743271.0926552,6.5167358790319625,-1.1874133577822654,0.0
map,7,192,1788743271.0926552,6.523934975818925,-1.1634707915075246,0.0
map,7,193,1788743271.0926552,6.531137124363745,-1.1395312769906418,0.0
map,7,194,1788743271.0926552,6.538340798787495,-1.115591762473759,0.0
map,7,195,1788743271.0926552,6.545549050848031,-1.0916537738358052,0.0
map,7,196,1788743271.0926552,6.552758828787496,-1.0677157851978514,0.0
map,7,197,1788743271.0926552,6.55997165848482,-1.0437793224388265,0.0
map,7,198,1788743271.0926552,6.567195169334646,-1.0198459114376597,0.0
map,7,199,1788743271.0926552,6.57442173194233,-0.9959125004364928,0.0
map,7,200,1788743271.0926552,6.581649820428943,-0.971980615314255,0.0
map,7,201,1788743271.0926552,6.588882486552343,-0.9480487301920171,0.0
map,7,202,1788743271.0926552,6.596115152675743,-0.9241183709487082,0.0
map,7,203,1788743271.0926552,6.603353922314859,-0.9001895375843283,0.0
map,7,204,1788743271.0926552,6.6105942178329045,-0.8762607042199484,0.0
map,7,205,1788743271.0926552,6.617845194503452,-0.8523349226134265,0.0
map,7,206,1788743271.0926552,6.625097697052929,-0.8284106668858335,0.0
map,7,207,1788743271.0926552,6.632353251360264,-0.8044864111582406,0.0
map,7,208,1788743271.0926552,6.639610331546528,-0.7805636813095767,0.0
map,7,209,1788743271.0926552,6.64687046349065,-0.7566409514609127,0.0
map,7,210,1788743271.0926552,6.654135173071559,-0.7327182216122488,0.0
map,7,211,1788743271.0926552,6.661399882652468,-0.7087985435214428,0.0
map,7,212,1788743271.0926552,6.66867527338588,-0.6848803913095658,0.0
map,7,213,1788743271.0926552,6.675950664119291,-0.6609622390976888,0.0
map,7,214,1788743271.0926552,6.68323063248949,-0.6370456127647408,0.0
map,7,215,1788743271.0926552,6.690512126738618,-0.6131289864317928,0.0
map,7,216,1788743271.0926552,6.6977966727456035,-0.5892138859777738,0.0
map,7,217,1788743271.0926552,6.705084270510447,-0.5653003114026838,0.0
map,7,218,1788743271.0926552,6.712374920033149,-0.5413867368275938,0.0
map,7,219,1788743271.0926552,6.719671673071566,-0.5174746881314327,0.0
map,7,220,1788743271.0926552,6.726971477867842,-0.49356416531420066,0.0
map,7,221,1788743271.0926552,6.7342728085430466,-0.4696551683758976,0.0
map,7,222,1788743271.0926552,6.741578716855038,-0.44574617143759454,0.0
map,7,223,1788743271.0926552,6.74888462516703,-0.4218371744992915,0.0
map,7,224,1788743271.0926552,6.756195111115808,-0.3979297034399174,0.0
map,7,225,1788743271.0926552,6.7635117005803025,-0.3740237582594723,0.0
map,7,226,1788743271.0926552,6.770831341802655,-0.3501193389579562,0.0
map,7,227,1788743271.0926552,6.778154034782865,-0.3262164455353691,0.0
map,7,228,1788743271.0926552,6.785478253642005,-0.302313552112782,0.0
map,7,229,1788743271.0926552,6.792805524259002,-0.27841218456912387,0.0
map,7,230,1788743271.0926552,6.800135846633857,-0.25451081702546574,0.0
map,7,231,1788743271.0926552,6.807467694887642,-0.23060944948180762,0.0
map,7,232,1788743271.0926552,6.814807172536071,-0.20671113369600747,0.0
map,7,233,1788743271.0926552,6.822148176063429,-0.18281281791020731,0.0
map,7,234,1788743271.0926552,6.829492231348645,-0.15891602800333615,0.0
map,7,235,1788743271.0926552,6.836839338391719,-0.13502076397539398,0.0
map,7,236,1788743271.0926552,6.844187971313723,-0.11112397406852281,0.0
map,7,237,1788743271.0926552,6.851538130114655,-0.08723023591950962,0.0
map,7,238,1788743271.0926552,6.858891340673445,-0.06333497189156745,0.0
map,7,239,1788743271.0926552,6.866250654747951,-0.03944275962148325,0.0
map,7,240,1788743271.0926552,6.873611494701386,-0.015552073230328034,0.0
map,7,241,1788743271.0926552,6.880975386412679,0.00833861316082718,0.0
map,7,242,1788743271.0926552,6.888340804002901,0.03222929955198239,0.0
map,7,243,1788743271.0926552,6.89571079922991,0.05611846006420862,0.0
map,7,244,1788743271.0926552,6.903080794456919,0.08000762057643485,0.0
map,7,245,1788743271.0926552,6.910455367320715,0.10389525520973208,0.0
map,7,246,1788743271.0926552,6.917832991942369,0.12778136396410034,0.0
map,7,247,1788743271.0926552,6.925213668321881,0.1516674727184686,0.0
map,7,248,1788743271.0926552,6.932597396459251,0.17555205559390785,0.0
map,7,249,1788743271.0926552,6.9399826504755495,0.19943663846934712,0.0
map,7,250,1788743271.0926552,6.947372482128635,0.2233196954658574,0.0
map,7,251,1788743271.0926552,6.954762313781721,0.24720275246236767,0.0
map,7,252,1788743271.0926552,6.962156723071594,0.27108428357994896,0.0
map,7,253,1788743271.0926552,6.969554184119325,0.29496428881860126,0.0
map,7,254,1788743271.0926552,6.9769531710459844,0.31884429405725356,0.0
map,7,255,1788743271.0926552,6.984355209730502,0.3427227734169769,0.0
map,7,256,1788743271.0926552,6.991760300172878,0.3666012527767002,0.0
map,7,257,1788743271.0926552,6.9991684423731115,0.3904782062574945,0.0
map,7,258,1788743271.0926552,7.006578110452274,0.41435515973828885,0.0
map,7,259,1788743271.0926552,7.013990830289295,0.4382305873401542,0.0
map,7,260,1788743271.0926552,7.021406601884173,0.4621060149420195,0.0
map,7,261,1788743271.0926552,7.028823899357981,0.4859799166649559,0.0
map,7,262,1788743271.0926552,7.036245774468576,0.5098538183878922,0.0
map,7,263,1788743271.0926552,7.04366764957917,0.5337261942318996,0.0
map,7,264,1788743271.0926552,7.051094102326552,0.557597044196978,0.0
map,7,265,1788743271.0926552,7.058520555073933,0.5814694200409853,0.0
map,7,266,1788743271.0926552,7.065951585458102,0.6053387441271347,0.0
map,7,267,1788743271.0926552,7.073385667600128,0.6292080682132841,0.0
map,7,268,1788743271.0926552,7.0808212756210835,0.6530773922994335,0.0
map,7,269,1788743271.0926552,7.088259935399897,0.6769451905066539,0.0
map,7,270,1788743271.0926552,7.095700121057639,0.7008114628349453,0.0
map,7,271,1788743271.0926552,7.10314335847324,0.7246777351632367,0.0
map,7,272,1788743271.0926552,7.110588121767769,0.7485440074915282,0.0
map,7,273,1788743271.0926552,7.118037462699085,0.7724087539408906,0.0
map,7,274,1788743271.0926552,7.125488329509331,0.796271974511324,0.0
map,7,275,1788743271.0926552,7.132942248077434,0.8201351950817575,0.0
map,7,276,1788743271.0926552,7.140399218403395,0.8439968897732619,0.0
map,7,277,1788743271.0926552,7.147857714608286,0.8678585844647664,0.0
map,7,278,1788743271.0926552,7.155317736692105,0.8917187532773418,0.0
map,7,279,1788743271.0926552,7.162780810533782,0.9155789220899173,0.0
map,7,280,1788743271.0926552,7.170246936133317,0.9394390909024928,0.0
map,7,281,1788743271.0926552,7.17771611349071,0.9632962079572103,0.0
map,7,282,1788743271.0926552,7.1851868167270325,0.9871548508908567,0.0
map,7,283,1788743271.0926552,7.192660571721213,1.0110119679455742,0.0
map,7,284,1788743271.0926552,7.200134326715393,1.0348675591213627,0.0
map,7,285,1788743271.0926552,7.20761265934636,1.0587231502971512,0.0
map,7,286,1788743271.0926552,7.215092517856256,1.0825787414729398,0.0
map,7,287,1788743271.0926552,7.222573902245081,1.1064312808908703,0.0
map,7,288,1788743271.0926552,7.230058338391764,1.1302853461877298,0.0
map,7,289,1788743271.0926552,7.237545826296305,1.1541378856056603,0.0
map,7,290,1788743271.0926552,7.245034840079775,1.1779904250235909,0.0
map,7,291,1788743271.0926552,7.252526905621103,1.2018414385625924,0.0
map,7,292,1788743271.0926552,7.26002049704136,1.225690926222665,0.0
map,7,293,1788743271.0926552,7.267517140219475,1.2495404138827375,0.0
map,7,294,1788743271.0926552,7.275015309276519,1.27338990154281,0.0
map,7,295,1788743271.0926552,7.282516530091421,1.2972378633239536,0.0
map,7,296,1788743271.0926552,7.290019276785252,1.3210858251050972,0.0
map,7,297,1788743271.0926552,7.2975266011158695,1.3449322610073118,0.0
map,7,298,1788743271.0926552,7.305033925446487,1.3687771710305974,0.0
map,7,299,1788743271.0926552,7.312545827413892,1.392623606932812,0.0
map,7,300,1788743271.0926552,7.320057729381297,1.4164669910771686,0.0
map,7,301,1788743271.0926552,7.327571157227631,1.4403119011004542,0.0
map,7,302,1788743271.0926552,7.3350891627107515,1.4641552852448108,0.0
map,7,303,1788743271.0926552,7.342608694072801,1.4879971435102384,0.0
map,7,304,1788743271.0926552,7.350131277192709,1.511839001775666,0.0
map,7,305,1788743271.0926552,7.357655386191546,1.5356793341621646,0.0
map,7,306,1788743271.0926552,7.365179495190382,1.5595196665486633,0.0
map,7,307,1788743271.0926552,7.372706655947077,1.5833599989351619,0.0
map,7,308,1788743271.0926552,7.38023686846163,1.6071988054427315,0.0
map,7,309,1788743271.0926552,7.38777013273404,1.6310376119503012,0.0
map,7,310,1788743271.0926552,7.39530492288538,1.6548748925789418,0.0
map,7,311,1788743271.0926552,7.402842764794578,1.6787106473286535,0.0
map,7,312,1788743271.0926552,7.410382132582704,1.7025464020783652,0.0
map,7,313,1788743271.0926552,7.41792302624976,1.7263821568280768,0.0
map,7,314,1788743271.0926552,7.425465445795744,1.7502179115777885,0.0
map,7,315,1788743271.0926552,7.433010917099587,1.7740521404485712,0.0
map,7,316,1788743271.0926552,7.440559440161287,1.7978848434404249,0.0
map,7,317,1788743271.0926552,7.448111014980846,1.8217175464322786,0.0
map,7,318,1788743271.0926552,7.455665641558262,1.8455487235452033,0.0
map,7,319,1788743271.0926552,7.463217216377821,1.869379900658128,0.0
map,7,320,1788743271.0926552,7.470771842955237,1.8932110777710527,0.0
map,7,321,1788743271.0926552,7.478331047169441,1.9170422548839774,0.0
map,7,322,1788743271.0926552,7.485891777262573,1.9408703802390441,0.0
map,7,323,1788743271.0926552,7.493457084992492,1.9646985055941109,0.0
map,7,324,1788743271.0926552,7.501023918601341,1.9885266309491776,0.0
map,7,325,1788743271.0926552,7.508592278089118,2.0123532304253153,0.0
map,7,326,1788743271.0926552,7.5161606375768955,2.036179829901453,0.0
map,7,327,1788743271.0926552,7.523730522943602,2.060006429377591,0.0
map,7,328,1788743271.0926552,7.531303460068166,2.0838315029747996,0.0
map,7,329,1788743271.0926552,7.538880974829517,2.1076550506930793,0.0
map,7,330,1788743271.0926552,7.546460015469798,2.131478598411359,0.0
map,7,331,1788743271.0926552,7.554043633746865,2.155302146129639,0.0
map,7,332,1788743271.0926552,7.561627252023932,2.1791226420900607,0.0
map,7,333,1788743271.0926552,7.56920934442207,2.2029461898083404,0.0
map,7,334,1788743271.0926552,7.5767944885780665,2.2267666857687622,0.0
map,7,335,1788743271.0926552,7.58438421037085,2.250587181729184,0.0
map,7,336,1788743271.0926552,7.591975458042562,2.274406151810677,0.0
map,7,337,1788743271.0926552,7.599571283351061,2.2982251218921697,0.0
map,7,338,1788743271.0926552,7.607170160417418,2.3220425660947335,0.0
map,7,339,1788743271.0926552,7.614762933968059,2.3458615361762263,0.0
map,7,340,1788743271.0926552,7.622360285155487,2.36967898037879,0.0
map,7,341,1788743271.0926552,7.629962213979702,2.393494898702425,0.0
map,7,342,1788743271.0926552,7.637567194561775,2.4173108170260598,0.0
map,7,343,1788743271.0926552,7.645175226901706,2.4411252094707656,0.0
map,7,344,1788743271.0926552,7.652786310999495,2.4649380760365425,0.0
map,7,345,1788743271.0926552,7.660398920976213,2.4887509426023193,0.0
map,7,346,1788743271.0926552,7.668006953316144,2.512565335047025,0.0
map,7,347,1788743271.0926552,7.675619563292862,2.536378201612802,0.0
map,7,348,1788743271.0926552,7.683236750906367,2.56018954229965,0.0
map,7,349,1788743271.0926552,7.690855464398801,2.583999357107569,0.0
map,7,350,1788743271.0926552,7.698480281406951,2.6078091719154877,0.0
map,7,351,1788743271.0926552,7.706105098415101,2.6316174608444776,0.0
map,7,352,1788743271.0926552,7.713723811907535,2.6554288015313254,0.0
map,7,353,1788743271.0926552,7.721345577157827,2.6792386163392443,0.0
map,7,354,1788743271.0926552,7.728973445923835,2.7030453793893052,0.0
map,7,355,1788743271.0926552,7.736605892326629,2.726852142439366,0.0
map,7,356,1788743271.0926552,7.744241390487282,2.750657379610498,0.0
map,7,357,1788743271.0926552,7.751879940405793,2.77446261678163,0.0
map,7,358,1788743271.0926552,7.759523067961091,2.798264802194904,0.0
map,7,359,1788743271.0926552,7.7671555143638855,2.822071565244965,0.0
map,7,360,1788743271.0926552,7.774794064282396,2.8458768024160968,0.0
map,7,361,1788743271.0926552,7.782438717716623,2.8696789878293707,0.0
map,7,362,1788743271.0926552,7.790086422908708,2.8934811732426446,0.0
map,7,363,1788743271.0926552,7.797738705737579,2.9172803068980606,0.0
map,7,364,1788743271.0926552,7.805394040324309,2.9410794405534766,0.0
map,7,365,1788743271.0926552,7.813035642000678,2.9648831518456795,0.0
map,7,366,1788743271.0926552,7.820684873071691,2.9886838113800245,0.0
map,7,367,1788743271.0926552,7.828340207658421,3.0124829450354405,0.0
map,7,368,1788743271.0926552,7.836000119881938,3.0362805528119274,0.0
map,7,369,1788743271.0926552,7.843664609742241,3.0600766347094854,0.0
map,7,370,1788743271.0926552,7.851335203118261,3.0838711907281144,0.0
map,7,371,1788743271.0926552,7.859007322373209,3.1076642208678145,0.0
map,7,372,1788743271.0926552,7.866662656959939,3.1314633545232304,0.0
map,7,373,1788743271.0926552,7.874322569183455,3.1552609622997174,0.0
map,7,374,1788743271.0926552,7.881994688438404,3.1790555183183464,0.0
map,7,375,1788743271.0926552,7.889668333572281,3.2028485484580465,0.0
map,7,376,1788743271.0926552,7.897332823432585,3.2266446303556044,0.0
map,7,377,1788743271.0926552,7.905011046203249,3.2504361346163755,0.0
map,7,378,1788743271.0926552,7.912689268973914,3.2742276388771465,0.0
map,7,379,1788743271.0926552,7.9707,3.31,0.7715
map,8,0,1788743272.1180475,5.862689238426533,-5.875772497468478,0.0
map,8,1,1788743272.1180475,5.862321501604647,-5.849335119144843,0.0
map,8,2,1788743272.1180475,5.86213687025424,-5.824336644651243,0.0
map,8,3,1788743272.1180475,5.861885100230957,-5.799336644278714,0.0
map,8,4,1788743272.1180475,5.8615707691715855,-5.774339695664043,0.0
map,8,5,1788743272.1180475,5.861166411255404,-5.749342747049372,0.0
map,8,6,1788743272.1180475,5.860679655877057,-5.72434732431363,0.0
map,8,7,1788743272.1180475,5.860081511336894,-5.699354953335746,0.0
map,8,8,1788743272.1180475,5.85937960702956,-5.674364108236791,0.0
map,8,9,1788743272.1180475,5.8585449512554035,-5.649377840774623,0.0
map,8,10,1788743272.1180475,5.8575882251669285,-5.6243961509492415,0.0
map,8,11,1788743272.1180475,5.856475859427697,-5.599420564639576,0.0
map,8,12,1788743272.1180475,5.855226164584856,-5.574452607724556,0.0
map,8,13,1788743272.1180475,5.853800993665182,-5.54949380608311,0.0
map,8,14,1788743272.1180475,5.85222170897368,-5.524542633836308,0.0
map,8,15,1788743272.1180475,5.8504501635371255,-5.499606720378797,0.0
map,8,16,1788743272.1180475,5.848510771418383,-5.474681488073788,0.0
map,8,17,1788743272.1180475,5.846363859765297,-5.449773040436998,0.0
map,8,18,1788743272.1180475,5.844035368519663,-5.424882903347356,0.0
map,8,19,1788743272.1180475,5.841488676587183,-5.400012602683791,0.0
map,8,20,1788743272.1180475,5.838751249788579,-5.375162138446303,0.0
map,8,21,1788743272.1180475,5.83578188939277,-5.350339140029536,0.0
map,8,22,1788743272.1180475,5.832615690615121,-5.325540555675634,0.0
map,8,23,1788743272.1180475,5.829206877087763,-5.30077401477924,0.0
map,8,24,1788743272.1180475,5.825560026447484,-5.2760425690982125,0.0
map,8,25,1788743272.1180475,5.821696500999288,-5.251341640995765,0.0
map,8,26,1788743272.1180475,5.817587309043525,-5.2266819116244,0.0
map,8,27,1788743272.1180475,5.8132583905219875,-5.20206032922626,0.0
map,8,28,1788743272.1180475,5.808862333327575,-5.177449427980623,0.0
map,8,29,1788743272.1180475,5.804455594980659,-5.152841578492843,0.0
map,8,30,1788743272.1180475,5.80000918378159,-5.12823983252078,0.0
map,8,31,1788743272.1180475,5.795550565551089,-5.103639612427646,0.0
map,8,32,1788743272.1180475,5.791056852105221,-5.079047021729156,0.0
map,8,33,1788743272.1180475,5.786550931627922,-5.054457482788525,0.0
map,8,34,1788743272.1180475,5.782011441814184,-5.0298725214846804,0.0
map,8,35,1788743272.1180475,5.777459744969015,-5.005290611938694,0.0
map,8,36,1788743272.1180475,5.772880582303124,-4.980713280029494,0.0
map,8,37,1788743272.1180475,5.768292264363659,-4.956137473999224,0.0
map,8,38,1788743272.1180475,5.76367953236133,-4.931567771484669,0.0
map,8,39,1788743272.1180475,5.759034756901492,-4.907002646606902,0.0
map,8,40,1788743272.1180475,5.754393033199513,-4.882437521729134,0.0
map,8,41,1788743272.1180475,5.749768094165752,-4.857869345093508,0.0
map,8,42,1788743272.1180475,5.745137051616275,-4.833301168457883,0.0
map,8,43,1788743272.1180475,5.740509060824657,-4.808732991822257,0.0
map,8,44,1788743272.1180475,5.735871914759464,-4.78416786694449,0.0
map,8,45,1788743272.1180475,5.727275112873549,-4.760692219622019,0.0
map,8,46,1788743272.1180475,5.721673611325237,-4.736326984883949,0.0
map,8,47,1788743272.1180475,5.721438625970173,-4.711328510390349,0.0
map,8,48,1788743272.1180475,5.721194485341535,-4.686330035896749,0.0
map,8,49,1788743272.1180475,5.720976284654689,-4.6613300355242195,0.0
map,8,50,1788743272.1180475,5.72074892869427,-4.6363315610306195,0.0
map,8,51,1788743272.1180475,5.720541409159928,-4.6113330865370195,0.0
map,8,52,1788743272.1180475,5.720318630836296,-4.58633308616449,0.0
map,8,53,1788743272.1180475,5.720097378391593,-4.56133461167089,0.0
map,8,54,1788743272.1180475,5.719827297821162,-4.53633613717729,0.0
map,8,55,1788743272.1180475,5.719477871546424,-4.511339188562619,0.0
map,8,56,1788743272.1180475,5.7189102445848405,-4.486345291705806,0.0
map,8,57,1788743272.1180475,5.717918423280999,-4.461365127759354,0.0
map,8,58,1788743272.1180475,5.716040066319415,-4.436435317817558,0.0
map,8,59,1788743272.1180475,5.712606838729194,-4.411671828679022,0.0
map,8,60,1788743272.1180475,5.706793240009752,-4.387356947945609,0.0
map,8,61,1788743272.1180475,5.698120144177388,-4.363910292322789,0.0
map,8,62,1788743272.1180475,5.71949923385143,-4.350951002578899,0.0
map,8,63,1788743272.1180475,5.740892056435833,-4.338016126897873,0.0
map,8,64,1788743272.1180475,5.762689236936417,-4.3257724743716786,0.0
map,8,65,1788743272.1180475,5.762689236936417,-4.2757724736266205,0.0
map,8,66,1788743272.1180475,5.762689236936417,-4.225772472881562,0.0
map,8,67,1788743272.1180475,5.734121731627916,-4.182091136781441,0.0
map,8,68,1788743272.1180475,5.7365524567617925,-4.157208629086444,0.0
map,8,69,1788743272.1180475,5.739035061779255,-4.132332224907163,0.0
map,8,70,1788743272.1180475,5.741192654584843,-4.107425303149302,0.0
map,8,71,1788743272.1180475,5.743405179031875,-4.082524484907157,0.0
map,8,72,1788743272.1180475,5.745430020370641,-4.057605356117865,0.0
map,8,73,1788743272.1180475,5.747528103897999,-4.032693856723217,0.0
map,8,74,1788743272.1180475,5.749543789963191,-4.007776253812853,0.0
map,8,75,1788743272.1180475,5.7516479770062645,-3.9828647544182054,0.0
map,8,76,1788743272.1180475,5.75373385350219,-3.9579517291446287,0.0
map,8,77,1788743272.1180475,5.755925015644216,-3.933047859144626,0.0
map,8,78,1788743272.1180475,5.758137540091248,-3.908145515023552,0.0
map,8,79,1788743272.1180475,5.7638443272856605,-3.8838062202272745,0.0
map,8,80,1788743272.1180475,5.769421414771109,-3.8594364078524173,0.0
map,8,81,1788743272.1180475,5.775024442198351,-3.835071173114347,0.0
map,8,82,1788743272.1180475,5.780552701558072,-3.810690679586987,0.0
map,8,83,1788743272.1180475,5.786129789043521,-3.7863208672121296,0.0
map,8,84,1788743272.1180475,5.791670255434674,-3.7619418995636984,0.0
map,8,85,1788743272.1180475,5.797271756982987,-3.737578190704557,0.0
map,8,86,1788743272.1180475,5.8028625773787965,-3.713211430087558,0.0
map,8,87,1788743272.1180475,5.80852358820534,-3.6888599282598484,0.0
map,8,88,1788743272.1180475,5.814596586342709,-3.664609134441452,0.0
map,8,89,1788743272.1180475,5.820686369148298,-3.640362918259843,0.0
map,8,90,1788743272.1180475,5.826739530859591,-3.6161060209257307,0.0
map,8,91,1788743272.1180475,5.8328186325126765,-3.5918567529862635,0.0
map,8,92,1788743272.1180475,5.838874845981827,-3.5676013815310803,0.0
map,8,93,1788743272.1180475,5.844966154666345,-3.543355165349471,0.0
map,8,94,1788743272.1180475,5.851048308077289,-3.519105897410004,0.0
map,8,95,1788743272.1180475,5.857170134340386,-3.4948673106230395,0.0
map,8,96,1788743272.1180475,5.8634979542588965,-3.4706806037196607,0.0
map,8,97,1788743272.1180475,5.869839507087768,-3.446498474453069,0.0
map,8,98,1788743272.1180475,5.876159697611634,-3.422310241670761,0.0
map,8,99,1788743272.1180475,5.882499724561576,-3.3981281124041693,0.0
map,8,100,1788743272.1180475,5.888827544480087,-3.3739414055007906,0.0
map,8,101,1788743272.1180475,5.895178252582532,-3.3497623279920568,0.0
map,8,102,1788743272.1180475,5.901522857169262,-3.325580198725465,0.0
map,8,103,1788743272.1180475,5.907894927576713,-3.301407224732447,0.0
map,8,104,1788743272.1180475,5.914413482361347,-3.277270871833725,0.0
map,8,105,1788743272.1180475,5.920921355993478,-3.2531329930560737,0.0
map,8,106,1788743272.1180475,5.927438384899183,-3.2289966401573515,0.0
map,8,107,1788743272.1180475,5.933947784410243,-3.2048602872586294,0.0
map,8,108,1788743272.1180475,5.940472442710593,-3.180725460238836,0.0
map,8,109,1788743272.1180475,5.946994049253085,-3.156592159097972,0.0
map,8,110,1788743272.1180475,5.953532440463796,-3.1324619097149657,0.0
map,8,111,1788743272.1180475,5.960072357553436,-3.1083331862108885,0.0
map,8,112,1788743272.1180475,5.966708405015602,-3.084228876769675,0.0
map,8,113,1788743272.1180475,5.973336823083123,-3.0601245673284616,0.0
map,8,114,1788743272.1180475,5.979975922303147,-3.036021783766177,0.0
map,8,115,1788743272.1180475,5.986610443886384,-3.0119174743249637,0.0
map,8,116,1788743272.1180475,5.993257172501053,-2.9878177425205372,0.0
map,8,117,1788743272.1180475,5.999903901115722,-2.9637180107161107,0.0
map,8,118,1788743272.1180475,6.006564362640752,-2.9396213306695422,0.0
map,8,119,1788743272.1180475,6.0132858593229415,-2.9155414352911926,0.0
map,8,120,1788743272.1180475,6.020016511278705,-2.891464591670701,0.0
map,8,121,1788743272.1180475,6.026742585597681,-2.8673862221712803,0.0
map,8,122,1788743272.1180475,6.033477815190231,-2.8433109044297176,0.0
map,8,123,1788743272.1180475,6.040209993024924,-2.819234060809226,0.0
map,8,124,1788743272.1180475,6.046954377891048,-2.795161794825521,0.0
map,8,125,1788743272.1180475,6.053698762757172,-2.7710880029628875,0.0
map,8,126,1788743272.1180475,6.060456880533657,-2.7470187887370408,0.0
map,8,127,1788743272.1180475,6.067256197041225,-2.722961781542626,0.0
map,8,128,1788743272.1180475,6.074064668822366,-2.69890630022714,0.0
map,8,129,1788743272.1180475,6.080868562966721,-2.674850818911654,0.0
map,8,130,1788743272.1180475,6.0876831382635785,-2.6507968634750974,0.0
map,8,131,1788743272.1180475,6.094505342955081,-2.6267459597963985,0.0
map,8,132,1788743272.1180475,6.101330599404442,-2.6026950561176996,0.0
map,8,133,1788743272.1180475,6.108163485248447,-2.5786472041968587,0.0
map,8,134,1788743272.1180475,6.115034518065677,-2.5546100334285207,0.0
map,8,135,1788743272.1180475,6.121910128519694,-2.5305743885391117,0.0
map,8,136,1788743272.1180475,6.128785738973711,-2.5065387436497026,0.0
map,8,137,1788743272.1180475,6.135667452943444,-2.4825046246392226,0.0
map,8,138,1788743272.1180475,6.142549166913177,-2.4584705056287426,0.0
map,8,139,1788743272.1180475,6.149440036156484,-2.4344379124971915,0.0
map,8,140,1788743272.1180475,6.15633243127872,-2.4104068452445695,0.0
map,8,141,1788743272.1180475,6.163261447495252,-2.3863864591444504,0.0
map,8,142,1788743272.1180475,6.1701904637117835,-2.362366073044331,0.0
map,8,143,1788743272.1180475,6.177124057565102,-2.338347212823141,0.0
map,8,144,1788743272.1180475,6.18405917729735,-2.314328352601951,0.0
map,8,145,1788743272.1180475,6.191000400545313,-2.2903110182596897,0.0
map,8,146,1788743272.1180475,6.197941623793277,-2.2662936839174286,0.0
map,8,147,1788743272.1180475,6.204892002314814,-2.2422794013330254,0.0
map,8,148,1788743272.1180475,6.211843906715281,-2.218265118748622,0.0
map,8,149,1788743272.1180475,6.218823276936469,-2.194259991437793,0.0
map,8,150,1788743272.1180475,6.225804173036586,-2.1702533382480347,0.0
map,8,151,1788743272.1180475,6.23278964677349,-2.1462497368161344,0.0
map,8,152,1788743272.1180475,6.239776646389323,-2.122246135384234,0.0
map,8,153,1788743272.1180475,6.2467697495208725,-2.098244059831263,0.0
map,8,154,1788743272.1180475,6.253764378531351,-2.0742419842782915,0.0
map,8,155,1788743272.1180475,6.260765111057545,-2.0502429604831782,0.0
map,8,156,1788743272.1180475,6.2677917835255315,-2.026250040203781,0.0
map,8,157,1788743272.1180475,6.274818455993518,-2.0022586458033125,0.0
map,8,158,1788743272.1180475,6.281851231977221,-1.978267251402844,0.0
map,8,159,1788743272.1180475,6.288884007960924,-1.9542773828813047,0.0
map,8,160,1788743272.1180475,6.295922887460343,-1.9302890402386943,0.0
map,8,161,1788743272.1180475,6.30296329283869,-1.906300697596084,0.0
map,8,162,1788743272.1180475,6.310009801732754,-1.8823138808324025,0.0
map,8,163,1788743272.1180475,6.3170730952950365,-1.858333167584437,0.0
map,8,164,1788743272.1180475,6.324142492373035,-1.8343524543364715,0.0
map,8,165,1788743272.1180475,6.331211889451033,-1.810373266967435,0.0
map,8,166,1788743272.1180475,6.338287390044748,-1.7863956054773276,0.0
map,8,167,1788743272.1180475,6.345362890638462,-1.76241794398722,0.0
map,8,168,1788743272.1180475,6.352444494747893,-1.7384418083760416,0.0
map,8,169,1788743272.1180475,6.359527624736252,-1.714465672764863,0.0
map,8,170,1788743272.1180475,6.366630591150688,-1.6904956406694005,0.0
map,8,171,1788743272.1180475,6.373733557565124,-1.666527134452867,0.0
map,8,172,1788743272.1180475,6.3808411016163475,-1.6425586282363334,0.0
map,8,173,1788743272.1180475,6.3879501715465,-1.6185901220197998,0.0
map,8,174,1788743272.1180475,6.395063819113439,-1.5946231416821952,0.0
map,8,175,1788743272.1180475,6.402177466680378,-1.5706576872235196,0.0
map,8,176,1788743272.1180475,6.409298743641962,-1.546692232764844,0.0
map,8,177,1788743272.1180475,6.416433753513907,-1.5227328818218844,0.0
map,8,178,1788743272.1180475,6.42357181514371,-1.4987735308789247,0.0
map,8,179,1788743272.1180475,6.430711402652442,-1.474814179935965,0.0
map,8,180,1788743272.1180475,6.4378555677979605,-1.4508563548719344,0.0
map,8,181,1788743272.1180475,6.445004310580266,-1.4269000556868328,0.0
map,8,182,1788743272.1180475,6.452153053362572,-1.40294528238066,0.0
map,8,183,1788743272.1180475,6.459307899660594,-1.3789905090744874,0.0
map,8,184,1788743272.1180475,6.466474952990048,-1.3550403134051017,0.0
map,8,185,1788743272.1180475,6.473646583956288,-1.331090117735716,0.0
map,8,186,1788743272.1180475,6.480818214922529,-1.3071414479452592,0.0
map,8,187,1788743272.1180475,6.487994423525556,-1.2831927781548025,0.0
map,8,188,1788743272.1180475,6.495172158007513,-1.2592456342432747,0.0
map,8,189,1788743272.1180475,6.502354470126257,-1.235300016210676,0.0
map,8,190,1788743272.1180475,6.509538308123929,-1.2113543981780772,0.0
map,8,191,1788743272.1180475,6.5167358790319625,-1.1874133577822654,0.0
map,8,192,1788743272.1180475,6.523934975818925,-1.1634707915075246,0.0
map,8,193,1788743272.1180475,6.531137124363745,-1.1395312769906418,0.0
map,8,194,1788743272.1180475,6.538340798787495,-1.115591762473759,0.0
map,8,195,1788743272.1180475,6.545549050848031,-1.0916537738358052,0.0
map,8,196,1788743272.1180475,6.552758828787496,-1.0677157851978514,0.0
map,8,197,1788743272.1180475,6.55997165848482,-1.0437793224388265,0.0
map,8,198,1788743272.1180475,6.567195169334646,-1.0198459114376597,0.0
map,8,199,1788743272.1180475,6.57442173194233,-0.9959125004364928,0.0
map,8,200,1788743272.1180475,6.581649820428943,-0.971980615314255,0.0
map,8,201,1788743272.1180475,6.588882486552343,-0.9480487301920171,0.0
map,8,202,1788743272.1180475,6.596115152675743,-0.9241183709487082,0.0
map,8,203,1788743272.1180475,6.603353922314859,-0.9001895375843283,0.0
map,8,204,1788743272.1180475,6.6105942178329045,-0.8762607042199484,0.0
map,8,205,1788743272.1180475,6.617845194503452,-0.8523349226134265,0.0
map,8,206,1788743272.1180475,6.625097697052929,-0.8284106668858335,0.0
map,8,207,1788743272.1180475,6.632353251360264,-0.8044864111582406,0.0
map,8,208,1788743272.1180475,6.639610331546528,-0.7805636813095767,0.0
map,8,209,1788743272.1180475,6.64687046349065,-0.7566409514609127,0.0
map,8,210,1788743272.1180475,6.654135173071559,-0.7327182216122488,0.0
map,8,211,1788743272.1180475,6.661399882652468,-0.7087985435214428,0.0
map,8,212,1788743272.1180475,6.66867527338588,-0.6848803913095658,0.0
map,8,213,1788743272.1180475,6.675950664119291,-0.6609622390976888,0.0
map,8,214,1788743272.1180475,6.68323063248949,-0.6370456127647408,0.0
map,8,215,1788743272.1180475,6.690512126738618,-0.6131289864317928,0.0
map,8,216,1788743272.1180475,6.6977966727456035,-0.5892138859777738,0.0
map,8,217,1788743272.1180475,6.705084270510447,-0.5653003114026838,0.0
map,8,218,1788743272.1180475,6.712374920033149,-0.5413867368275938,0.0
map,8,219,1788743272.1180475,6.719671673071566,-0.5174746881314327,0.0
map,8,220,1788743272.1180475,6.726971477867842,-0.49356416531420066,0.0
map,8,221,1788743272.1180475,6.7342728085430466,-0.4696551683758976,0.0
map,8,222,1788743272.1180475,6.741578716855038,-0.44574617143759454,0.0
map,8,223,1788743272.1180475,6.74888462516703,-0.4218371744992915,0.0
map,8,224,1788743272.1180475,6.756195111115808,-0.3979297034399174,0.0
map,8,225,1788743272.1180475,6.7635117005803025,-0.3740237582594723,0.0
map,8,226,1788743272.1180475,6.770831341802655,-0.3501193389579562,0.0
map,8,227,1788743272.1180475,6.778154034782865,-0.3262164455353691,0.0
map,8,228,1788743272.1180475,6.785478253642005,-0.302313552112782,0.0
map,8,229,1788743272.1180475,6.792805524259002,-0.27841218456912387,0.0
map,8,230,1788743272.1180475,6.800135846633857,-0.25451081702546574,0.0
map,8,231,1788743272.1180475,6.807467694887642,-0.23060944948180762,0.0
map,8,232,1788743272.1180475,6.814807172536071,-0.20671113369600747,0.0
map,8,233,1788743272.1180475,6.822148176063429,-0.18281281791020731,0.0
map,8,234,1788743272.1180475,6.829492231348645,-0.15891602800333615,0.0
map,8,235,1788743272.1180475,6.836839338391719,-0.13502076397539398,0.0
map,8,236,1788743272.1180475,6.844187971313723,-0.11112397406852281,0.0
map,8,237,1788743272.1180475,6.851538130114655,-0.08723023591950962,0.0
map,8,238,1788743272.1180475,6.858891340673445,-0.06333497189156745,0.0
map,8,239,1788743272.1180475,6.866250654747951,-0.03944275962148325,0.0
map,8,240,1788743272.1180475,6.873611494701386,-0.015552073230328034,0.0
map,8,241,1788743272.1180475,6.880975386412679,0.00833861316082718,0.0
map,8,242,1788743272.1180475,6.888340804002901,0.03222929955198239,0.0
map,8,243,1788743272.1180475,6.89571079922991,0.05611846006420862,0.0
map,8,244,1788743272.1180475,6.903080794456919,0.08000762057643485,0.0
map,8,245,1788743272.1180475,6.910455367320715,0.10389525520973208,0.0
map,8,246,1788743272.1180475,6.917832991942369,0.12778136396410034,0.0
map,8,247,1788743272.1180475,6.925213668321881,0.1516674727184686,0.0
map,8,248,1788743272.1180475,6.932597396459251,0.17555205559390785,0.0
map,8,249,1788743272.1180475,6.9399826504755495,0.19943663846934712,0.0
map,8,250,1788743272.1180475,6.947372482128635,0.2233196954658574,0.0
map,8,251,1788743272.1180475,6.954762313781721,0.24720275246236767,0.0
map,8,252,1788743272.1180475,6.962156723071594,0.27108428357994896,0.0
map,8,253,1788743272.1180475,6.969554184119325,0.29496428881860126,0.0
map,8,254,1788743272.1180475,6.9769531710459844,0.31884429405725356,0.0
map,8,255,1788743272.1180475,6.984355209730502,0.3427227734169769,0.0
map,8,256,1788743272.1180475,6.991760300172878,0.3666012527767002,0.0
map,8,257,1788743272.1180475,6.9991684423731115,0.3904782062574945,0.0
map,8,258,1788743272.1180475,7.006578110452274,0.41435515973828885,0.0
map,8,259,1788743272.1180475,7.013990830289295,0.4382305873401542,0.0
map,8,260,1788743272.1180475,7.021406601884173,0.4621060149420195,0.0
map,8,261,1788743272.1180475,7.028823899357981,0.4859799166649559,0.0
map,8,262,1788743272.1180475,7.036245774468576,0.5098538183878922,0.0
map,8,263,1788743272.1180475,7.04366764957917,0.5337261942318996,0.0
map,8,264,1788743272.1180475,7.051094102326552,0.557597044196978,0.0
map,8,265,1788743272.1180475,7.058520555073933,0.5814694200409853,0.0
map,8,266,1788743272.1180475,7.065951585458102,0.6053387441271347,0.0
map,8,267,1788743272.1180475,7.073385667600128,0.6292080682132841,0.0
map,8,268,1788743272.1180475,7.0808212756210835,0.6530773922994335,0.0
map,8,269,1788743272.1180475,7.088259935399897,0.6769451905066539,0.0
map,8,270,1788743272.1180475,7.095700121057639,0.7008114628349453,0.0
map,8,271,1788743272.1180475,7.10314335847324,0.7246777351632367,0.0
map,8,272,1788743272.1180475,7.110588121767769,0.7485440074915282,0.0
map,8,273,1788743272.1180475,7.118037462699085,0.7724087539408906,0.0
map,8,274,1788743272.1180475,7.125488329509331,0.796271974511324,0.0
map,8,275,1788743272.1180475,7.132942248077434,0.8201351950817575,0.0
map,8,276,1788743272.1180475,7.140399218403395,0.8439968897732619,0.0
map,8,277,1788743272.1180475,7.147857714608286,0.8678585844647664,0.0
map,8,278,1788743272.1180475,7.155317736692105,0.8917187532773418,0.0
map,8,279,1788743272.1180475,7.162780810533782,0.9155789220899173,0.0
map,8,280,1788743272.1180475,7.170246936133317,0.9394390909024928,0.0
map,8,281,1788743272.1180475,7.17771611349071,0.9632962079572103,0.0
map,8,282,1788743272.1180475,7.1851868167270325,0.9871548508908567,0.0
map,8,283,1788743272.1180475,7.192660571721213,1.0110119679455742,0.0
map,8,284,1788743272.1180475,7.200134326715393,1.0348675591213627,0.0
map,8,285,1788743272.1180475,7.20761265934636,1.0587231502971512,0.0
map,8,286,1788743272.1180475,7.215092517856256,1.0825787414729398,0.0
map,8,287,1788743272.1180475,7.222573902245081,1.1064312808908703,0.0
map,8,288,1788743272.1180475,7.230058338391764,1.1302853461877298,0.0
map,8,289,1788743272.1180475,7.237545826296305,1.1541378856056603,0.0
map,8,290,1788743272.1180475,7.245034840079775,1.1779904250235909,0.0
map,8,291,1788743272.1180475,7.252526905621103,1.2018414385625924,0.0
map,8,292,1788743272.1180475,7.26002049704136,1.225690926222665,0.0
map,8,293,1788743272.1180475,7.267517140219475,1.2495404138827375,0.0
map,8,294,1788743272.1180475,7.275015309276519,1.27338990154281,0.0
map,8,295,1788743272.1180475,7.282516530091421,1.2972378633239536,0.0
map,8,296,1788743272.1180475,7.290019276785252,1.3210858251050972,0.0
map,8,297,1788743272.1180475,7.2975266011158695,1.3449322610073118,0.0
map,8,298,1788743272.1180475,7.305033925446487,1.3687771710305974,0.0
map,8,299,1788743272.1180475,7.312545827413892,1.392623606932812,0.0
map,8,300,1788743272.1180475,7.320057729381297,1.4164669910771686,0.0
map,8,301,1788743272.1180475,7.327571157227631,1.4403119011004542,0.0
map,8,302,1788743272.1180475,7.3350891627107515,1.4641552852448108,0.0
map,8,303,1788743272.1180475,7.342608694072801,1.4879971435102384,0.0
map,8,304,1788743272.1180475,7.350131277192709,1.511839001775666,0.0
map,8,305,1788743272.1180475,7.357655386191546,1.5356793341621646,0.0
map,8,306,1788743272.1180475,7.365179495190382,1.5595196665486633,0.0
map,8,307,1788743272.1180475,7.372706655947077,1.5833599989351619,0.0
map,8,308,1788743272.1180475,7.38023686846163,1.6071988054427315,0.0
map,8,309,1788743272.1180475,7.38777013273404,1.6310376119503012,0.0
map,8,310,1788743272.1180475,7.39530492288538,1.6548748925789418,0.0
map,8,311,1788743272.1180475,7.402842764794578,1.6787106473286535,0.0
map,8,312,1788743272.1180475,7.410382132582704,1.7025464020783652,0.0
map,8,313,1788743272.1180475,7.41792302624976,1.7263821568280768,0.0
map,8,314,1788743272.1180475,7.425465445795744,1.7502179115777885,0.0
map,8,315,1788743272.1180475,7.433010917099587,1.7740521404485712,0.0
map,8,316,1788743272.1180475,7.440559440161287,1.7978848434404249,0.0
map,8,317,1788743272.1180475,7.448111014980846,1.8217175464322786,0.0
map,8,318,1788743272.1180475,7.455665641558262,1.8455487235452033,0.0
map,8,319,1788743272.1180475,7.463217216377821,1.869379900658128,0.0
map,8,320,1788743272.1180475,7.470771842955237,1.8932110777710527,0.0
map,8,321,1788743272.1180475,7.478331047169441,1.9170422548839774,0.0
map,8,322,1788743272.1180475,7.485891777262573,1.9408703802390441,0.0
map,8,323,1788743272.1180475,7.493457084992492,1.9646985055941109,0.0
map,8,324,1788743272.1180475,7.501023918601341,1.9885266309491776,0.0
map,8,325,1788743272.1180475,7.508592278089118,2.0123532304253153,0.0
map,8,326,1788743272.1180475,7.5161606375768955,2.036179829901453,0.0
map,8,327,1788743272.1180475,7.523730522943602,2.060006429377591,0.0
map,8,328,1788743272.1180475,7.531303460068166,2.0838315029747996,0.0
map,8,329,1788743272.1180475,7.538880974829517,2.1076550506930793,0.0
map,8,330,1788743272.1180475,7.546460015469798,2.131478598411359,0.0
map,8,331,1788743272.1180475,7.554043633746865,2.155302146129639,0.0
map,8,332,1788743272.1180475,7.561627252023932,2.1791226420900607,0.0
map,8,333,1788743272.1180475,7.56920934442207,2.2029461898083404,0.0
map,8,334,1788743272.1180475,7.5767944885780665,2.2267666857687622,0.0
map,8,335,1788743272.1180475,7.58438421037085,2.250587181729184,0.0
map,8,336,1788743272.1180475,7.591975458042562,2.274406151810677,0.0
map,8,337,1788743272.1180475,7.599571283351061,2.2982251218921697,0.0
map,8,338,1788743272.1180475,7.607170160417418,2.3220425660947335,0.0
map,8,339,1788743272.1180475,7.614762933968059,2.3458615361762263,0.0
map,8,340,1788743272.1180475,7.622360285155487,2.36967898037879,0.0
map,8,341,1788743272.1180475,7.629962213979702,2.393494898702425,0.0
map,8,342,1788743272.1180475,7.637567194561775,2.4173108170260598,0.0
map,8,343,1788743272.1180475,7.645175226901706,2.4411252094707656,0.0
map,8,344,1788743272.1180475,7.652786310999495,2.4649380760365425,0.0
map,8,345,1788743272.1180475,7.660398920976213,2.4887509426023193,0.0
map,8,346,1788743272.1180475,7.668006953316144,2.512565335047025,0.0
map,8,347,1788743272.1180475,7.675619563292862,2.536378201612802,0.0
map,8,348,1788743272.1180475,7.683236750906367,2.56018954229965,0.0
map,8,349,1788743272.1180475,7.690855464398801,2.583999357107569,0.0
map,8,350,1788743272.1180475,7.698480281406951,2.6078091719154877,0.0
map,8,351,1788743272.1180475,7.706105098415101,2.6316174608444776,0.0
map,8,352,1788743272.1180475,7.713723811907535,2.6554288015313254,0.0
map,8,353,1788743272.1180475,7.721345577157827,2.6792386163392443,0.0
map,8,354,1788743272.1180475,7.728973445923835,2.7030453793893052,0.0
map,8,355,1788743272.1180475,7.736605892326629,2.726852142439366,0.0
map,8,356,1788743272.1180475,7.744241390487282,2.750657379610498,0.0
map,8,357,1788743272.1180475,7.751879940405793,2.77446261678163,0.0
map,8,358,1788743272.1180475,7.759523067961091,2.798264802194904,0.0
map,8,359,1788743272.1180475,7.7671555143638855,2.822071565244965,0.0
map,8,360,1788743272.1180475,7.774794064282396,2.8458768024160968,0.0
map,8,361,1788743272.1180475,7.782438717716623,2.8696789878293707,0.0
map,8,362,1788743272.1180475,7.790086422908708,2.8934811732426446,0.0
map,8,363,1788743272.1180475,7.797738705737579,2.9172803068980606,0.0
map,8,364,1788743272.1180475,7.805394040324309,2.9410794405534766,0.0
map,8,365,1788743272.1180475,7.813035642000678,2.9648831518456795,0.0
map,8,366,1788743272.1180475,7.820684873071691,2.9886838113800245,0.0
map,8,367,1788743272.1180475,7.828340207658421,3.0124829450354405,0.0
map,8,368,1788743272.1180475,7.836000119881938,3.0362805528119274,0.0
map,8,369,1788743272.1180475,7.843664609742241,3.0600766347094854,0.0
map,8,370,1788743272.1180475,7.851335203118261,3.0838711907281144,0.0
map,8,371,1788743272.1180475,7.859007322373209,3.1076642208678145,0.0
map,8,372,1788743272.1180475,7.866662656959939,3.1314633545232304,0.0
map,8,373,1788743272.1180475,7.874322569183455,3.1552609622997174,0.0
map,8,374,1788743272.1180475,7.881994688438404,3.1790555183183464,0.0
map,8,375,1788743272.1180475,7.889668333572281,3.2028485484580465,0.0
map,8,376,1788743272.1180475,7.897332823432585,3.2266446303556044,0.0
map,8,377,1788743272.1180475,7.905011046203249,3.2504361346163755,0.0
map,8,378,1788743272.1180475,7.912689268973914,3.2742276388771465,0.0
map,8,379,1788743272.1180475,7.9707,3.31,0.7715
map,9,0,1788743273.1457884,5.862689238426533,-5.875772497468478,0.0
map,9,1,1788743273.1457884,5.862321501604647,-5.849335119144843,0.0
map,9,2,1788743273.1457884,5.86213687025424,-5.824336644651243,0.0
map,9,3,1788743273.1457884,5.861885100230957,-5.799336644278714,0.0
map,9,4,1788743273.1457884,5.8615707691715855,-5.774339695664043,0.0
map,9,5,1788743273.1457884,5.861166411255404,-5.749342747049372,0.0
map,9,6,1788743273.1457884,5.860679655877057,-5.72434732431363,0.0
map,9,7,1788743273.1457884,5.860081511336894,-5.699354953335746,0.0
map,9,8,1788743273.1457884,5.85937960702956,-5.674364108236791,0.0
map,9,9,1788743273.1457884,5.8585449512554035,-5.649377840774623,0.0
map,9,10,1788743273.1457884,5.8575882251669285,-5.6243961509492415,0.0
map,9,11,1788743273.1457884,5.856475859427697,-5.599420564639576,0.0
map,9,12,1788743273.1457884,5.855226164584856,-5.574452607724556,0.0
map,9,13,1788743273.1457884,5.853800993665182,-5.54949380608311,0.0
map,9,14,1788743273.1457884,5.85222170897368,-5.524542633836308,0.0
map,9,15,1788743273.1457884,5.8504501635371255,-5.499606720378797,0.0
map,9,16,1788743273.1457884,5.848510771418383,-5.474681488073788,0.0
map,9,17,1788743273.1457884,5.846363859765297,-5.449773040436998,0.0
map,9,18,1788743273.1457884,5.844035368519663,-5.424882903347356,0.0
map,9,19,1788743273.1457884,5.841488676587183,-5.400012602683791,0.0
map,9,20,1788743273.1457884,5.838751249788579,-5.375162138446303,0.0
map,9,21,1788743273.1457884,5.83578188939277,-5.350339140029536,0.0
map,9,22,1788743273.1457884,5.832615690615121,-5.325540555675634,0.0
map,9,23,1788743273.1457884,5.829206877087763,-5.30077401477924,0.0
map,9,24,1788743273.1457884,5.825560026447484,-5.2760425690982125,0.0
map,9,25,1788743273.1457884,5.821696500999288,-5.251341640995765,0.0
map,9,26,1788743273.1457884,5.817587309043525,-5.2266819116244,0.0
map,9,27,1788743273.1457884,5.8132583905219875,-5.20206032922626,0.0
map,9,28,1788743273.1457884,5.808862333327575,-5.177449427980623,0.0
map,9,29,1788743273.1457884,5.804455594980659,-5.152841578492843,0.0
map,9,30,1788743273.1457884,5.80000918378159,-5.12823983252078,0.0
map,9,31,1788743273.1457884,5.795550565551089,-5.103639612427646,0.0
map,9,32,1788743273.1457884,5.791056852105221,-5.079047021729156,0.0
map,9,33,1788743273.1457884,5.786550931627922,-5.054457482788525,0.0
map,9,34,1788743273.1457884,5.782011441814184,-5.0298725214846804,0.0
map,9,35,1788743273.1457884,5.777459744969015,-5.005290611938694,0.0
map,9,36,1788743273.1457884,5.772880582303124,-4.980713280029494,0.0
map,9,37,1788743273.1457884,5.768292264363659,-4.956137473999224,0.0
map,9,38,1788743273.1457884,5.76367953236133,-4.931567771484669,0.0
map,9,39,1788743273.1457884,5.759034756901492,-4.907002646606902,0.0
map,9,40,1788743273.1457884,5.754393033199513,-4.882437521729134,0.0
map,9,41,1788743273.1457884,5.749768094165752,-4.857869345093508,0.0
map,9,42,1788743273.1457884,5.745137051616275,-4.833301168457883,0.0
map,9,43,1788743273.1457884,5.740509060824657,-4.808732991822257,0.0
map,9,44,1788743273.1457884,5.735871914759464,-4.78416786694449,0.0
map,9,45,1788743273.1457884,5.727275112873549,-4.760692219622019,0.0
map,9,46,1788743273.1457884,5.721673611325237,-4.736326984883949,0.0
map,9,47,1788743273.1457884,5.721438625970173,-4.711328510390349,0.0
map,9,48,1788743273.1457884,5.721194485341535,-4.686330035896749,0.0
map,9,49,1788743273.1457884,5.720976284654689,-4.6613300355242195,0.0
map,9,50,1788743273.1457884,5.72074892869427,-4.6363315610306195,0.0
map,9,51,1788743273.1457884,5.720541409159928,-4.6113330865370195,0.0
map,9,52,1788743273.1457884,5.720318630836296,-4.58633308616449,0.0
map,9,53,1788743273.1457884,5.720097378391593,-4.56133461167089,0.0
map,9,54,1788743273.1457884,5.719827297821162,-4.53633613717729,0.0
map,9,55,1788743273.1457884,5.719477871546424,-4.511339188562619,0.0
map,9,56,1788743273.1457884,5.7189102445848405,-4.486345291705806,0.0
map,9,57,1788743273.1457884,5.717918423280999,-4.461365127759354,0.0
map,9,58,1788743273.1457884,5.716040066319415,-4.436435317817558,0.0
map,9,59,1788743273.1457884,5.712606838729194,-4.411671828679022,0.0
map,9,60,1788743273.1457884,5.706793240009752,-4.387356947945609,0.0
map,9,61,1788743273.1457884,5.698120144177388,-4.363910292322789,0.0
map,9,62,1788743273.1457884,5.71949923385143,-4.350951002578899,0.0
map,9,63,1788743273.1457884,5.740892056435833,-4.338016126897873,0.0
map,9,64,1788743273.1457884,5.762689236936417,-4.3257724743716786,0.0
map,9,65,1788743273.1457884,5.762689236936417,-4.2757724736266205,0.0
map,9,66,1788743273.1457884,5.762689236936417,-4.225772472881562,0.0
map,9,67,1788743273.1457884,5.734121731627916,-4.182091136781441,0.0
map,9,68,1788743273.1457884,5.7365524567617925,-4.157208629086444,0.0
map,9,69,1788743273.1457884,5.739035061779255,-4.132332224907163,0.0
map,9,70,1788743273.1457884,5.741192654584843,-4.107425303149302,0.0
map,9,71,1788743273.1457884,5.743405179031875,-4.082524484907157,0.0
map,9,72,1788743273.1457884,5.745430020370641,-4.057605356117865,0.0
map,9,73,1788743273.1457884,5.747528103897999,-4.032693856723217,0.0
map,9,74,1788743273.1457884,5.749543789963191,-4.007776253812853,0.0
map,9,75,1788743273.1457884,5.7516479770062645,-3.9828647544182054,0.0
map,9,76,1788743273.1457884,5.75373385350219,-3.9579517291446287,0.0
map,9,77,1788743273.1457884,5.755925015644216,-3.933047859144626,0.0
map,9,78,1788743273.1457884,5.758137540091248,-3.908145515023552,0.0
map,9,79,1788743273.1457884,5.7638443272856605,-3.8838062202272745,0.0
map,9,80,1788743273.1457884,5.769421414771109,-3.8594364078524173,0.0
map,9,81,1788743273.1457884,5.775024442198351,-3.835071173114347,0.0
map,9,82,1788743273.1457884,5.780552701558072,-3.810690679586987,0.0
map,9,83,1788743273.1457884,5.786129789043521,-3.7863208672121296,0.0
map,9,84,1788743273.1457884,5.791670255434674,-3.7619418995636984,0.0
map,9,85,1788743273.1457884,5.797271756982987,-3.737578190704557,0.0
map,9,86,1788743273.1457884,5.8028625773787965,-3.713211430087558,0.0
map,9,87,1788743273.1457884,5.80852358820534,-3.6888599282598484,0.0
map,9,88,1788743273.1457884,5.814596586342709,-3.664609134441452,0.0
map,9,89,1788743273.1457884,5.820686369148298,-3.640362918259843,0.0
map,9,90,1788743273.1457884,5.826739530859591,-3.6161060209257307,0.0
map,9,91,1788743273.1457884,5.8328186325126765,-3.5918567529862635,0.0
map,9,92,1788743273.1457884,5.838874845981827,-3.5676013815310803,0.0
map,9,93,1788743273.1457884,5.844966154666345,-3.543355165349471,0.0
map,9,94,1788743273.1457884,5.851048308077289,-3.519105897410004,0.0
map,9,95,1788743273.1457884,5.857170134340386,-3.4948673106230395,0.0
map,9,96,1788743273.1457884,5.8634979542588965,-3.4706806037196607,0.0
map,9,97,1788743273.1457884,5.869839507087768,-3.446498474453069,0.0
map,9,98,1788743273.1457884,5.876159697611634,-3.422310241670761,0.0
map,9,99,1788743273.1457884,5.882499724561576,-3.3981281124041693,0.0
map,9,100,1788743273.1457884,5.888827544480087,-3.3739414055007906,0.0
map,9,101,1788743273.1457884,5.895178252582532,-3.3497623279920568,0.0
map,9,102,1788743273.1457884,5.901522857169262,-3.325580198725465,0.0
map,9,103,1788743273.1457884,5.907894927576713,-3.301407224732447,0.0
map,9,104,1788743273.1457884,5.914413482361347,-3.277270871833725,0.0
map,9,105,1788743273.1457884,5.920921355993478,-3.2531329930560737,0.0
map,9,106,1788743273.1457884,5.927438384899183,-3.2289966401573515,0.0
map,9,107,1788743273.1457884,5.933947784410243,-3.2048602872586294,0.0
map,9,108,1788743273.1457884,5.940472442710593,-3.180725460238836,0.0
map,9,109,1788743273.1457884,5.946994049253085,-3.156592159097972,0.0
map,9,110,1788743273.1457884,5.953532440463796,-3.1324619097149657,0.0
map,9,111,1788743273.1457884,5.960072357553436,-3.1083331862108885,0.0
map,9,112,1788743273.1457884,5.966708405015602,-3.084228876769675,0.0
map,9,113,1788743273.1457884,5.973336823083123,-3.0601245673284616,0.0
map,9,114,1788743273.1457884,5.979975922303147,-3.036021783766177,0.0
map,9,115,1788743273.1457884,5.986610443886384,-3.0119174743249637,0.0
map,9,116,1788743273.1457884,5.993257172501053,-2.9878177425205372,0.0
map,9,117,1788743273.1457884,5.999903901115722,-2.9637180107161107,0.0
map,9,118,1788743273.1457884,6.006564362640752,-2.9396213306695422,0.0
map,9,119,1788743273.1457884,6.0132858593229415,-2.9155414352911926,0.0
map,9,120,1788743273.1457884,6.020016511278705,-2.891464591670701,0.0
map,9,121,1788743273.1457884,6.026742585597681,-2.8673862221712803,0.0
map,9,122,1788743273.1457884,6.033477815190231,-2.8433109044297176,0.0
map,9,123,1788743273.1457884,6.040209993024924,-2.819234060809226,0.0
map,9,124,1788743273.1457884,6.046954377891048,-2.795161794825521,0.0
map,9,125,1788743273.1457884,6.053698762757172,-2.7710880029628875,0.0
map,9,126,1788743273.1457884,6.060456880533657,-2.7470187887370408,0.0
map,9,127,1788743273.1457884,6.067256197041225,-2.722961781542626,0.0
map,9,128,1788743273.1457884,6.074064668822366,-2.69890630022714,0.0
map,9,129,1788743273.1457884,6.080868562966721,-2.674850818911654,0.0
map,9,130,1788743273.1457884,6.0876831382635785,-2.6507968634750974,0.0
map,9,131,1788743273.1457884,6.094505342955081,-2.6267459597963985,0.0
map,9,132,1788743273.1457884,6.101330599404442,-2.6026950561176996,0.0
map,9,133,1788743273.1457884,6.108163485248447,-2.5786472041968587,0.0
map,9,134,1788743273.1457884,6.115034518065677,-2.5546100334285207,0.0
map,9,135,1788743273.1457884,6.121910128519694,-2.5305743885391117,0.0
map,9,136,1788743273.1457884,6.128785738973711,-2.5065387436497026,0.0
map,9,137,1788743273.1457884,6.135667452943444,-2.4825046246392226,0.0
map,9,138,1788743273.1457884,6.142549166913177,-2.4584705056287426,0.0
map,9,139,1788743273.1457884,6.149440036156484,-2.4344379124971915,0.0
map,9,140,1788743273.1457884,6.15633243127872,-2.4104068452445695,0.0
map,9,141,1788743273.1457884,6.163261447495252,-2.3863864591444504,0.0
map,9,142,1788743273.1457884,6.1701904637117835,-2.362366073044331,0.0
map,9,143,1788743273.1457884,6.177124057565102,-2.338347212823141,0.0
map,9,144,1788743273.1457884,6.18405917729735,-2.314328352601951,0.0
map,9,145,1788743273.1457884,6.191000400545313,-2.2903110182596897,0.0
map,9,146,1788743273.1457884,6.197941623793277,-2.2662936839174286,0.0
map,9,147,1788743273.1457884,6.204892002314814,-2.2422794013330254,0.0
map,9,148,1788743273.1457884,6.211843906715281,-2.218265118748622,0.0
map,9,149,1788743273.1457884,6.218823276936469,-2.194259991437793,0.0
map,9,150,1788743273.1457884,6.225804173036586,-2.1702533382480347,0.0
map,9,151,1788743273.1457884,6.23278964677349,-2.1462497368161344,0.0
map,9,152,1788743273.1457884,6.239776646389323,-2.122246135384234,0.0
map,9,153,1788743273.1457884,6.2467697495208725,-2.098244059831263,0.0
map,9,154,1788743273.1457884,6.253764378531351,-2.0742419842782915,0.0
map,9,155,1788743273.1457884,6.260765111057545,-2.0502429604831782,0.0
map,9,156,1788743273.1457884,6.2677917835255315,-2.026250040203781,0.0
map,9,157,1788743273.1457884,6.274818455993518,-2.0022586458033125,0.0
map,9,158,1788743273.1457884,6.281851231977221,-1.978267251402844,0.0
map,9,159,1788743273.1457884,6.288884007960924,-1.9542773828813047,0.0
map,9,160,1788743273.1457884,6.295922887460343,-1.9302890402386943,0.0
map,9,161,1788743273.1457884,6.30296329283869,-1.906300697596084,0.0
map,9,162,1788743273.1457884,6.310009801732754,-1.8823138808324025,0.0
map,9,163,1788743273.1457884,6.3170730952950365,-1.858333167584437,0.0
map,9,164,1788743273.1457884,6.324142492373035,-1.8343524543364715,0.0
map,9,165,1788743273.1457884,6.331211889451033,-1.810373266967435,0.0
map,9,166,1788743273.1457884,6.338287390044748,-1.7863956054773276,0.0
map,9,167,1788743273.1457884,6.345362890638462,-1.76241794398722,0.0
map,9,168,1788743273.1457884,6.352444494747893,-1.7384418083760416,0.0
map,9,169,1788743273.1457884,6.359527624736252,-1.714465672764863,0.0
map,9,170,1788743273.1457884,6.366630591150688,-1.6904956406694005,0.0
map,9,171,1788743273.1457884,6.373733557565124,-1.666527134452867,0.0
map,9,172,1788743273.1457884,6.3808411016163475,-1.6425586282363334,0.0
map,9,173,1788743273.1457884,6.3879501715465,-1.6185901220197998,0.0
map,9,174,1788743273.1457884,6.395063819113439,-1.5946231416821952,0.0
map,9,175,1788743273.1457884,6.402177466680378,-1.5706576872235196,0.0
map,9,176,1788743273.1457884,6.409298743641962,-1.546692232764844,0.0
map,9,177,1788743273.1457884,6.416433753513907,-1.5227328818218844,0.0
map,9,178,1788743273.1457884,6.42357181514371,-1.4987735308789247,0.0
map,9,179,1788743273.1457884,6.430711402652442,-1.474814179935965,0.0
map,9,180,1788743273.1457884,6.4378555677979605,-1.4508563548719344,0.0
map,9,181,1788743273.1457884,6.445004310580266,-1.4269000556868328,0.0
map,9,182,1788743273.1457884,6.452153053362572,-1.40294528238066,0.0
map,9,183,1788743273.1457884,6.459307899660594,-1.3789905090744874,0.0
map,9,184,1788743273.1457884,6.466474952990048,-1.3550403134051017,0.0
map,9,185,1788743273.1457884,6.473646583956288,-1.331090117735716,0.0
map,9,186,1788743273.1457884,6.480818214922529,-1.3071414479452592,0.0
map,9,187,1788743273.1457884,6.487994423525556,-1.2831927781548025,0.0
map,9,188,1788743273.1457884,6.495172158007513,-1.2592456342432747,0.0
map,9,189,1788743273.1457884,6.502354470126257,-1.235300016210676,0.0
map,9,190,1788743273.1457884,6.509538308123929,-1.2113543981780772,0.0
map,9,191,1788743273.1457884,6.5167358790319625,-1.1874133577822654,0.0
map,9,192,1788743273.1457884,6.523934975818925,-1.1634707915075246,0.0
map,9,193,1788743273.1457884,6.531137124363745,-1.1395312769906418,0.0
map,9,194,1788743273.1457884,6.538340798787495,-1.115591762473759,0.0
map,9,195,1788743273.1457884,6.545549050848031,-1.0916537738358052,0.0
map,9,196,1788743273.1457884,6.552758828787496,-1.0677157851978514,0.0
map,9,197,1788743273.1457884,6.55997165848482,-1.0437793224388265,0.0
map,9,198,1788743273.1457884,6.567195169334646,-1.0198459114376597,0.0
map,9,199,1788743273.1457884,6.57442173194233,-0.9959125004364928,0.0
map,9,200,1788743273.1457884,6.581649820428943,-0.971980615314255,0.0
map,9,201,1788743273.1457884,6.588882486552343,-0.9480487301920171,0.0
map,9,202,1788743273.1457884,6.596115152675743,-0.9241183709487082,0.0
map,9,203,1788743273.1457884,6.603353922314859,-0.9001895375843283,0.0
map,9,204,1788743273.1457884,6.6105942178329045,-0.8762607042199484,0.0
map,9,205,1788743273.1457884,6.617845194503452,-0.8523349226134265,0.0
map,9,206,1788743273.1457884,6.625097697052929,-0.8284106668858335,0.0
map,9,207,1788743273.1457884,6.632353251360264,-0.8044864111582406,0.0
map,9,208,1788743273.1457884,6.639610331546528,-0.7805636813095767,0.0
map,9,209,1788743273.1457884,6.64687046349065,-0.7566409514609127,0.0
map,9,210,1788743273.1457884,6.654135173071559,-0.7327182216122488,0.0
map,9,211,1788743273.1457884,6.661399882652468,-0.7087985435214428,0.0
map,9,212,1788743273.1457884,6.66867527338588,-0.6848803913095658,0.0
map,9,213,1788743273.1457884,6.675950664119291,-0.6609622390976888,0.0
map,9,214,1788743273.1457884,6.68323063248949,-0.6370456127647408,0.0
map,9,215,1788743273.1457884,6.690512126738618,-0.6131289864317928,0.0
map,9,216,1788743273.1457884,6.6977966727456035,-0.5892138859777738,0.0
map,9,217,1788743273.1457884,6.705084270510447,-0.5653003114026838,0.0
map,9,218,1788743273.1457884,6.712374920033149,-0.5413867368275938,0.0
map,9,219,1788743273.1457884,6.719671673071566,-0.5174746881314327,0.0
map,9,220,1788743273.1457884,6.726971477867842,-0.49356416531420066,0.0
map,9,221,1788743273.1457884,6.7342728085430466,-0.4696551683758976,0.0
map,9,222,1788743273.1457884,6.741578716855038,-0.44574617143759454,0.0
map,9,223,1788743273.1457884,6.74888462516703,-0.4218371744992915,0.0
map,9,224,1788743273.1457884,6.756195111115808,-0.3979297034399174,0.0
map,9,225,1788743273.1457884,6.7635117005803025,-0.3740237582594723,0.0
map,9,226,1788743273.1457884,6.770831341802655,-0.3501193389579562,0.0
map,9,227,1788743273.1457884,6.778154034782865,-0.3262164455353691,0.0
map,9,228,1788743273.1457884,6.785478253642005,-0.302313552112782,0.0
map,9,229,1788743273.1457884,6.792805524259002,-0.27841218456912387,0.0
map,9,230,1788743273.1457884,6.800135846633857,-0.25451081702546574,0.0
map,9,231,1788743273.1457884,6.807467694887642,-0.23060944948180762,0.0
map,9,232,1788743273.1457884,6.814807172536071,-0.20671113369600747,0.0
map,9,233,1788743273.1457884,6.822148176063429,-0.18281281791020731,0.0
map,9,234,1788743273.1457884,6.829492231348645,-0.15891602800333615,0.0
map,9,235,1788743273.1457884,6.836839338391719,-0.13502076397539398,0.0
map,9,236,1788743273.1457884,6.844187971313723,-0.11112397406852281,0.0
map,9,237,1788743273.1457884,6.851538130114655,-0.08723023591950962,0.0
map,9,238,1788743273.1457884,6.858891340673445,-0.06333497189156745,0.0
map,9,239,1788743273.1457884,6.866250654747951,-0.03944275962148325,0.0
map,9,240,1788743273.1457884,6.873611494701386,-0.015552073230328034,0.0
map,9,241,1788743273.1457884,6.880975386412679,0.00833861316082718,0.0
map,9,242,1788743273.1457884,6.888340804002901,0.03222929955198239,0.0
map,9,243,1788743273.1457884,6.89571079922991,0.05611846006420862,0.0
map,9,244,1788743273.1457884,6.903080794456919,0.08000762057643485,0.0
map,9,245,1788743273.1457884,6.910455367320715,0.10389525520973208,0.0
map,9,246,1788743273.1457884,6.917832991942369,0.12778136396410034,0.0
map,9,247,1788743273.1457884,6.925213668321881,0.1516674727184686,0.0
map,9,248,1788743273.1457884,6.932597396459251,0.17555205559390785,0.0
map,9,249,1788743273.1457884,6.9399826504755495,0.19943663846934712,0.0
map,9,250,1788743273.1457884,6.947372482128635,0.2233196954658574,0.0
map,9,251,1788743273.1457884,6.954762313781721,0.24720275246236767,0.0
map,9,252,1788743273.1457884,6.962156723071594,0.27108428357994896,0.0
map,9,253,1788743273.1457884,6.969554184119325,0.29496428881860126,0.0
map,9,254,1788743273.1457884,6.9769531710459844,0.31884429405725356,0.0
map,9,255,1788743273.1457884,6.984355209730502,0.3427227734169769,0.0
map,9,256,1788743273.1457884,6.991760300172878,0.3666012527767002,0.0
map,9,257,1788743273.1457884,6.9991684423731115,0.3904782062574945,0.0
map,9,258,1788743273.1457884,7.006578110452274,0.41435515973828885,0.0
map,9,259,1788743273.1457884,7.013990830289295,0.4382305873401542,0.0
map,9,260,1788743273.1457884,7.021406601884173,0.4621060149420195,0.0
map,9,261,1788743273.1457884,7.028823899357981,0.4859799166649559,0.0
map,9,262,1788743273.1457884,7.036245774468576,0.5098538183878922,0.0
map,9,263,1788743273.1457884,7.04366764957917,0.5337261942318996,0.0
map,9,264,1788743273.1457884,7.051094102326552,0.557597044196978,0.0
map,9,265,1788743273.1457884,7.058520555073933,0.5814694200409853,0.0
map,9,266,1788743273.1457884,7.065951585458102,0.6053387441271347,0.0
map,9,267,1788743273.1457884,7.073385667600128,0.6292080682132841,0.0
map,9,268,1788743273.1457884,7.0808212756210835,0.6530773922994335,0.0
map,9,269,1788743273.1457884,7.088259935399897,0.6769451905066539,0.0
map,9,270,1788743273.1457884,7.095700121057639,0.7008114628349453,0.0
map,9,271,1788743273.1457884,7.10314335847324,0.7246777351632367,0.0
map,9,272,1788743273.1457884,7.110588121767769,0.7485440074915282,0.0
map,9,273,1788743273.1457884,7.118037462699085,0.7724087539408906,0.0
map,9,274,1788743273.1457884,7.125488329509331,0.796271974511324,0.0
map,9,275,1788743273.1457884,7.132942248077434,0.8201351950817575,0.0
map,9,276,1788743273.1457884,7.140399218403395,0.8439968897732619,0.0
map,9,277,1788743273.1457884,7.147857714608286,0.8678585844647664,0.0
map,9,278,1788743273.1457884,7.155317736692105,0.8917187532773418,0.0
map,9,279,1788743273.1457884,7.162780810533782,0.9155789220899173,0.0
map,9,280,1788743273.1457884,7.170246936133317,0.9394390909024928,0.0
map,9,281,1788743273.1457884,7.17771611349071,0.9632962079572103,0.0
map,9,282,1788743273.1457884,7.1851868167270325,0.9871548508908567,0.0
map,9,283,1788743273.1457884,7.192660571721213,1.0110119679455742,0.0
map,9,284,1788743273.1457884,7.200134326715393,1.0348675591213627,0.0
map,9,285,1788743273.1457884,7.20761265934636,1.0587231502971512,0.0
map,9,286,1788743273.1457884,7.215092517856256,1.0825787414729398,0.0
map,9,287,1788743273.1457884,7.222573902245081,1.1064312808908703,0.0
map,9,288,1788743273.1457884,7.230058338391764,1.1302853461877298,0.0
map,9,289,1788743273.1457884,7.237545826296305,1.1541378856056603,0.0
map,9,290,1788743273.1457884,7.245034840079775,1.1779904250235909,0.0
map,9,291,1788743273.1457884,7.252526905621103,1.2018414385625924,0.0
map,9,292,1788743273.1457884,7.26002049704136,1.225690926222665,0.0
map,9,293,1788743273.1457884,7.267517140219475,1.2495404138827375,0.0
map,9,294,1788743273.1457884,7.275015309276519,1.27338990154281,0.0
map,9,295,1788743273.1457884,7.282516530091421,1.2972378633239536,0.0
map,9,296,1788743273.1457884,7.290019276785252,1.3210858251050972,0.0
map,9,297,1788743273.1457884,7.2975266011158695,1.3449322610073118,0.0
map,9,298,1788743273.1457884,7.305033925446487,1.3687771710305974,0.0
map,9,299,1788743273.1457884,7.312545827413892,1.392623606932812,0.0
map,9,300,1788743273.1457884,7.320057729381297,1.4164669910771686,0.0
map,9,301,1788743273.1457884,7.327571157227631,1.4403119011004542,0.0
map,9,302,1788743273.1457884,7.3350891627107515,1.4641552852448108,0.0
map,9,303,1788743273.1457884,7.342608694072801,1.4879971435102384,0.0
map,9,304,1788743273.1457884,7.350131277192709,1.511839001775666,0.0
map,9,305,1788743273.1457884,7.357655386191546,1.5356793341621646,0.0
map,9,306,1788743273.1457884,7.365179495190382,1.5595196665486633,0.0
map,9,307,1788743273.1457884,7.372706655947077,1.5833599989351619,0.0
map,9,308,1788743273.1457884,7.38023686846163,1.6071988054427315,0.0
map,9,309,1788743273.1457884,7.38777013273404,1.6310376119503012,0.0
map,9,310,1788743273.1457884,7.39530492288538,1.6548748925789418,0.0
map,9,311,1788743273.1457884,7.402842764794578,1.6787106473286535,0.0
map,9,312,1788743273.1457884,7.410382132582704,1.7025464020783652,0.0
map,9,313,1788743273.1457884,7.41792302624976,1.7263821568280768,0.0
map,9,314,1788743273.1457884,7.425465445795744,1.7502179115777885,0.0
map,9,315,1788743273.1457884,7.433010917099587,1.7740521404485712,0.0
map,9,316,1788743273.1457884,7.440559440161287,1.7978848434404249,0.0
map,9,317,1788743273.1457884,7.448111014980846,1.8217175464322786,0.0
map,9,318,1788743273.1457884,7.455665641558262,1.8455487235452033,0.0
map,9,319,1788743273.1457884,7.463217216377821,1.869379900658128,0.0
map,9,320,1788743273.1457884,7.470771842955237,1.8932110777710527,0.0
map,9,321,1788743273.1457884,7.478331047169441,1.9170422548839774,0.0
map,9,322,1788743273.1457884,7.485891777262573,1.9408703802390441,0.0
map,9,323,1788743273.1457884,7.493457084992492,1.9646985055941109,0.0
map,9,324,1788743273.1457884,7.501023918601341,1.9885266309491776,0.0
map,9,325,1788743273.1457884,7.508592278089118,2.0123532304253153,0.0
map,9,326,1788743273.1457884,7.5161606375768955,2.036179829901453,0.0
map,9,327,1788743273.1457884,7.523730522943602,2.060006429377591,0.0
map,9,328,1788743273.1457884,7.531303460068166,2.0838315029747996,0.0
map,9,329,1788743273.1457884,7.538880974829517,2.1076550506930793,0.0
map,9,330,1788743273.1457884,7.546460015469798,2.131478598411359,0.0
map,9,331,1788743273.1457884,7.554043633746865,2.155302146129639,0.0
map,9,332,1788743273.1457884,7.561627252023932,2.1791226420900607,0.0
map,9,333,1788743273.1457884,7.56920934442207,2.2029461898083404,0.0
map,9,334,1788743273.1457884,7.5767944885780665,2.2267666857687622,0.0
map,9,335,1788743273.1457884,7.58438421037085,2.250587181729184,0.0
map,9,336,1788743273.1457884,7.591975458042562,2.274406151810677,0.0
map,9,337,1788743273.1457884,7.599571283351061,2.2982251218921697,0.0
map,9,338,1788743273.1457884,7.607170160417418,2.3220425660947335,0.0
map,9,339,1788743273.1457884,7.614762933968059,2.3458615361762263,0.0
map,9,340,1788743273.1457884,7.622360285155487,2.36967898037879,0.0
map,9,341,1788743273.1457884,7.629962213979702,2.393494898702425,0.0
map,9,342,1788743273.1457884,7.637567194561775,2.4173108170260598,0.0
map,9,343,1788743273.1457884,7.645175226901706,2.4411252094707656,0.0
map,9,344,1788743273.1457884,7.652786310999495,2.4649380760365425,0.0
map,9,345,1788743273.1457884,7.660398920976213,2.4887509426023193,0.0
map,9,346,1788743273.1457884,7.668006953316144,2.512565335047025,0.0
map,9,347,1788743273.1457884,7.675619563292862,2.536378201612802,0.0
map,9,348,1788743273.1457884,7.683236750906367,2.56018954229965,0.0
map,9,349,1788743273.1457884,7.690855464398801,2.583999357107569,0.0
map,9,350,1788743273.1457884,7.698480281406951,2.6078091719154877,0.0
map,9,351,1788743273.1457884,7.706105098415101,2.6316174608444776,0.0
map,9,352,1788743273.1457884,7.713723811907535,2.6554288015313254,0.0
map,9,353,1788743273.1457884,7.721345577157827,2.6792386163392443,0.0
map,9,354,1788743273.1457884,7.728973445923835,2.7030453793893052,0.0
map,9,355,1788743273.1457884,7.736605892326629,2.726852142439366,0.0
map,9,356,1788743273.1457884,7.744241390487282,2.750657379610498,0.0
map,9,357,1788743273.1457884,7.751879940405793,2.77446261678163,0.0
map,9,358,1788743273.1457884,7.759523067961091,2.798264802194904,0.0
map,9,359,1788743273.1457884,7.7671555143638855,2.822071565244965,0.0
map,9,360,1788743273.1457884,7.774794064282396,2.8458768024160968,0.0
map,9,361,1788743273.1457884,7.782438717716623,2.8696789878293707,0.0
map,9,362,1788743273.1457884,7.790086422908708,2.8934811732426446,0.0
map,9,363,1788743273.1457884,7.797738705737579,2.9172803068980606,0.0
map,9,364,1788743273.1457884,7.805394040324309,2.9410794405534766,0.0
map,9,365,1788743273.1457884,7.813035642000678,2.9648831518456795,0.0
map,9,366,1788743273.1457884,7.820684873071691,2.9886838113800245,0.0
map,9,367,1788743273.1457884,7.828340207658421,3.0124829450354405,0.0
map,9,368,1788743273.1457884,7.836000119881938,3.0362805528119274,0.0
map,9,369,1788743273.1457884,7.843664609742241,3.0600766347094854,0.0
map,9,370,1788743273.1457884,7.851335203118261,3.0838711907281144,0.0
map,9,371,1788743273.1457884,7.859007322373209,3.1076642208678145,0.0
map,9,372,1788743273.1457884,7.866662656959939,3.1314633545232304,0.0
map,9,373,1788743273.1457884,7.874322569183455,3.1552609622997174,0.0
map,9,374,1788743273.1457884,7.881994688438404,3.1790555183183464,0.0
map,9,375,1788743273.1457884,7.889668333572281,3.2028485484580465,0.0
map,9,376,1788743273.1457884,7.897332823432585,3.2266446303556044,0.0
map,9,377,1788743273.1457884,7.905011046203249,3.2504361346163755,0.0
map,9,378,1788743273.1457884,7.912689268973914,3.2742276388771465,0.0
map,9,379,1788743273.1457884,7.9707,3.31,0.7715
map,10,0,1788743274.1776464,5.862689238426533,-5.875772497468478,0.0
map,10,1,1788743274.1776464,5.862321501604647,-5.849335119144843,0.0
map,10,2,1788743274.1776464,5.86213687025424,-5.824336644651243,0.0
map,10,3,1788743274.1776464,5.861885100230957,-5.799336644278714,0.0
map,10,4,1788743274.1776464,5.8615707691715855,-5.774339695664043,0.0
map,10,5,1788743274.1776464,5.861166411255404,-5.749342747049372,0.0
map,10,6,1788743274.1776464,5.860679655877057,-5.72434732431363,0.0
map,10,7,1788743274.1776464,5.860081511336894,-5.699354953335746,0.0
map,10,8,1788743274.1776464,5.85937960702956,-5.674364108236791,0.0
map,10,9,1788743274.1776464,5.8585449512554035,-5.649377840774623,0.0
map,10,10,1788743274.1776464,5.8575882251669285,-5.6243961509492415,0.0
map,10,11,1788743274.1776464,5.856475859427697,-5.599420564639576,0.0
map,10,12,1788743274.1776464,5.855226164584856,-5.574452607724556,0.0
map,10,13,1788743274.1776464,5.853800993665182,-5.54949380608311,0.0
map,10,14,1788743274.1776464,5.85222170897368,-5.524542633836308,0.0
map,10,15,1788743274.1776464,5.8504501635371255,-5.499606720378797,0.0
map,10,16,1788743274.1776464,5.848510771418383,-5.474681488073788,0.0
map,10,17,1788743274.1776464,5.846363859765297,-5.449773040436998,0.0
map,10,18,1788743274.1776464,5.844035368519663,-5.424882903347356,0.0
map,10,19,1788743274.1776464,5.841488676587183,-5.400012602683791,0.0
map,10,20,1788743274.1776464,5.838751249788579,-5.375162138446303,0.0
map,10,21,1788743274.1776464,5.83578188939277,-5.350339140029536,0.0
map,10,22,1788743274.1776464,5.832615690615121,-5.325540555675634,0.0
map,10,23,1788743274.1776464,5.829206877087763,-5.30077401477924,0.0
map,10,24,1788743274.1776464,5.825560026447484,-5.2760425690982125,0.0
map,10,25,1788743274.1776464,5.821696500999288,-5.251341640995765,0.0
map,10,26,1788743274.1776464,5.817587309043525,-5.2266819116244,0.0
map,10,27,1788743274.1776464,5.8132583905219875,-5.20206032922626,0.0
map,10,28,1788743274.1776464,5.808862333327575,-5.177449427980623,0.0
map,10,29,1788743274.1776464,5.804455594980659,-5.152841578492843,0.0
map,10,30,1788743274.1776464,5.80000918378159,-5.12823983252078,0.0
map,10,31,1788743274.1776464,5.795550565551089,-5.103639612427646,0.0
map,10,32,1788743274.1776464,5.791056852105221,-5.079047021729156,0.0
map,10,33,1788743274.1776464,5.786550931627922,-5.054457482788525,0.0
map,10,34,1788743274.1776464,5.782011441814184,-5.0298725214846804,0.0
map,10,35,1788743274.1776464,5.777459744969015,-5.005290611938694,0.0
map,10,36,1788743274.1776464,5.772880582303124,-4.980713280029494,0.0
map,10,37,1788743274.1776464,5.768292264363659,-4.956137473999224,0.0
map,10,38,1788743274.1776464,5.76367953236133,-4.931567771484669,0.0
map,10,39,1788743274.1776464,5.759034756901492,-4.907002646606902,0.0
map,10,40,1788743274.1776464,5.754393033199513,-4.882437521729134,0.0
map,10,41,1788743274.1776464,5.749768094165752,-4.857869345093508,0.0
map,10,42,1788743274.1776464,5.745137051616275,-4.833301168457883,0.0
map,10,43,1788743274.1776464,5.740509060824657,-4.808732991822257,0.0
map,10,44,1788743274.1776464,5.735871914759464,-4.78416786694449,0.0
map,10,45,1788743274.1776464,5.727275112873549,-4.760692219622019,0.0
map,10,46,1788743274.1776464,5.721673611325237,-4.736326984883949,0.0
map,10,47,1788743274.1776464,5.721438625970173,-4.711328510390349,0.0
map,10,48,1788743274.1776464,5.721194485341535,-4.686330035896749,0.0
map,10,49,1788743274.1776464,5.720976284654689,-4.6613300355242195,0.0
map,10,50,1788743274.1776464,5.72074892869427,-4.6363315610306195,0.0
map,10,51,1788743274.1776464,5.720541409159928,-4.6113330865370195,0.0
map,10,52,1788743274.1776464,5.720318630836296,-4.58633308616449,0.0
map,10,53,1788743274.1776464,5.720097378391593,-4.56133461167089,0.0
map,10,54,1788743274.1776464,5.719827297821162,-4.53633613717729,0.0
map,10,55,1788743274.1776464,5.719477871546424,-4.511339188562619,0.0
map,10,56,1788743274.1776464,5.7189102445848405,-4.486345291705806,0.0
map,10,57,1788743274.1776464,5.717918423280999,-4.461365127759354,0.0
map,10,58,1788743274.1776464,5.716040066319415,-4.436435317817558,0.0
map,10,59,1788743274.1776464,5.712606838729194,-4.411671828679022,0.0
map,10,60,1788743274.1776464,5.706793240009752,-4.387356947945609,0.0
map,10,61,1788743274.1776464,5.698120144177388,-4.363910292322789,0.0
map,10,62,1788743274.1776464,5.71949923385143,-4.350951002578899,0.0
map,10,63,1788743274.1776464,5.740892056435833,-4.338016126897873,0.0
map,10,64,1788743274.1776464,5.762689236936417,-4.3257724743716786,0.0
map,10,65,1788743274.1776464,5.762689236936417,-4.2757724736266205,0.0
map,10,66,1788743274.1776464,5.762689236936417,-4.225772472881562,0.0
map,10,67,1788743274.1776464,5.734121731627916,-4.182091136781441,0.0
map,10,68,1788743274.1776464,5.7365524567617925,-4.157208629086444,0.0
map,10,69,1788743274.1776464,5.739035061779255,-4.132332224907163,0.0
map,10,70,1788743274.1776464,5.741192654584843,-4.107425303149302,0.0
map,10,71,1788743274.1776464,5.743405179031875,-4.082524484907157,0.0
map,10,72,1788743274.1776464,5.745430020370641,-4.057605356117865,0.0
map,10,73,1788743274.1776464,5.747528103897999,-4.032693856723217,0.0
map,10,74,1788743274.1776464,5.749543789963191,-4.007776253812853,0.0
map,10,75,1788743274.1776464,5.7516479770062645,-3.9828647544182054,0.0
map,10,76,1788743274.1776464,5.75373385350219,-3.9579517291446287,0.0
map,10,77,1788743274.1776464,5.755925015644216,-3.933047859144626,0.0
map,10,78,1788743274.1776464,5.758137540091248,-3.908145515023552,0.0
map,10,79,1788743274.1776464,5.7638443272856605,-3.8838062202272745,0.0
map,10,80,1788743274.1776464,5.769421414771109,-3.8594364078524173,0.0
map,10,81,1788743274.1776464,5.775024442198351,-3.835071173114347,0.0
map,10,82,1788743274.1776464,5.780552701558072,-3.810690679586987,0.0
map,10,83,1788743274.1776464,5.786129789043521,-3.7863208672121296,0.0
map,10,84,1788743274.1776464,5.791670255434674,-3.7619418995636984,0.0
map,10,85,1788743274.1776464,5.797271756982987,-3.737578190704557,0.0
map,10,86,1788743274.1776464,5.8028625773787965,-3.713211430087558,0.0
map,10,87,1788743274.1776464,5.80852358820534,-3.6888599282598484,0.0
map,10,88,1788743274.1776464,5.814596586342709,-3.664609134441452,0.0
map,10,89,1788743274.1776464,5.820686369148298,-3.640362918259843,0.0
map,10,90,1788743274.1776464,5.826739530859591,-3.6161060209257307,0.0
map,10,91,1788743274.1776464,5.8328186325126765,-3.5918567529862635,0.0
map,10,92,1788743274.1776464,5.838874845981827,-3.5676013815310803,0.0
map,10,93,1788743274.1776464,5.844966154666345,-3.543355165349471,0.0
map,10,94,1788743274.1776464,5.851048308077289,-3.519105897410004,0.0
map,10,95,1788743274.1776464,5.857170134340386,-3.4948673106230395,0.0
map,10,96,1788743274.1776464,5.8634979542588965,-3.4706806037196607,0.0
map,10,97,1788743274.1776464,5.869839507087768,-3.446498474453069,0.0
map,10,98,1788743274.1776464,5.876159697611634,-3.422310241670761,0.0
map,10,99,1788743274.1776464,5.882499724561576,-3.3981281124041693,0.0
map,10,100,1788743274.1776464,5.888827544480087,-3.3739414055007906,0.0
map,10,101,1788743274.1776464,5.895178252582532,-3.3497623279920568,0.0
map,10,102,1788743274.1776464,5.901522857169262,-3.325580198725465,0.0
map,10,103,1788743274.1776464,5.907894927576713,-3.301407224732447,0.0
map,10,104,1788743274.1776464,5.914413482361347,-3.277270871833725,0.0
map,10,105,1788743274.1776464,5.920921355993478,-3.2531329930560737,0.0
map,10,106,1788743274.1776464,5.927438384899183,-3.2289966401573515,0.0
map,10,107,1788743274.1776464,5.933947784410243,-3.2048602872586294,0.0
map,10,108,1788743274.1776464,5.940472442710593,-3.180725460238836,0.0
map,10,109,1788743274.1776464,5.946994049253085,-3.156592159097972,0.0
map,10,110,1788743274.1776464,5.953532440463796,-3.1324619097149657,0.0
map,10,111,1788743274.1776464,5.960072357553436,-3.1083331862108885,0.0
map,10,112,1788743274.1776464,5.966708405015602,-3.084228876769675,0.0
map,10,113,1788743274.1776464,5.973336823083123,-3.0601245673284616,0.0
map,10,114,1788743274.1776464,5.979975922303147,-3.036021783766177,0.0
map,10,115,1788743274.1776464,5.986610443886384,-3.0119174743249637,0.0
map,10,116,1788743274.1776464,5.993257172501053,-2.9878177425205372,0.0
map,10,117,1788743274.1776464,5.999903901115722,-2.9637180107161107,0.0
map,10,118,1788743274.1776464,6.006564362640752,-2.9396213306695422,0.0
map,10,119,1788743274.1776464,6.0132858593229415,-2.9155414352911926,0.0
map,10,120,1788743274.1776464,6.020016511278705,-2.891464591670701,0.0
map,10,121,1788743274.1776464,6.026742585597681,-2.8673862221712803,0.0
map,10,122,1788743274.1776464,6.033477815190231,-2.8433109044297176,0.0
map,10,123,1788743274.1776464,6.040209993024924,-2.819234060809226,0.0
map,10,124,1788743274.1776464,6.046954377891048,-2.795161794825521,0.0
map,10,125,1788743274.1776464,6.053698762757172,-2.7710880029628875,0.0
map,10,126,1788743274.1776464,6.060456880533657,-2.7470187887370408,0.0
map,10,127,1788743274.1776464,6.067256197041225,-2.722961781542626,0.0
map,10,128,1788743274.1776464,6.074064668822366,-2.69890630022714,0.0
map,10,129,1788743274.1776464,6.080868562966721,-2.674850818911654,0.0
map,10,130,1788743274.1776464,6.0876831382635785,-2.6507968634750974,0.0
map,10,131,1788743274.1776464,6.094505342955081,-2.6267459597963985,0.0
map,10,132,1788743274.1776464,6.101330599404442,-2.6026950561176996,0.0
map,10,133,1788743274.1776464,6.108163485248447,-2.5786472041968587,0.0
map,10,134,1788743274.1776464,6.115034518065677,-2.5546100334285207,0.0
map,10,135,1788743274.1776464,6.121910128519694,-2.5305743885391117,0.0
map,10,136,1788743274.1776464,6.128785738973711,-2.5065387436497026,0.0
map,10,137,1788743274.1776464,6.135667452943444,-2.4825046246392226,0.0
map,10,138,1788743274.1776464,6.142549166913177,-2.4584705056287426,0.0
map,10,139,1788743274.1776464,6.149440036156484,-2.4344379124971915,0.0
map,10,140,1788743274.1776464,6.15633243127872,-2.4104068452445695,0.0
map,10,141,1788743274.1776464,6.163261447495252,-2.3863864591444504,0.0
map,10,142,1788743274.1776464,6.1701904637117835,-2.362366073044331,0.0
map,10,143,1788743274.1776464,6.177124057565102,-2.338347212823141,0.0
map,10,144,1788743274.1776464,6.18405917729735,-2.314328352601951,0.0
map,10,145,1788743274.1776464,6.191000400545313,-2.2903110182596897,0.0
map,10,146,1788743274.1776464,6.197941623793277,-2.2662936839174286,0.0
map,10,147,1788743274.1776464,6.204892002314814,-2.2422794013330254,0.0
map,10,148,1788743274.1776464,6.211843906715281,-2.218265118748622,0.0
map,10,149,1788743274.1776464,6.218823276936469,-2.194259991437793,0.0
map,10,150,1788743274.1776464,6.225804173036586,-2.1702533382480347,0.0
map,10,151,1788743274.1776464,6.23278964677349,-2.1462497368161344,0.0
map,10,152,1788743274.1776464,6.239776646389323,-2.122246135384234,0.0
map,10,153,1788743274.1776464,6.2467697495208725,-2.098244059831263,0.0
map,10,154,1788743274.1776464,6.253764378531351,-2.0742419842782915,0.0
map,10,155,1788743274.1776464,6.260765111057545,-2.0502429604831782,0.0
map,10,156,1788743274.1776464,6.2677917835255315,-2.026250040203781,0.0
map,10,157,1788743274.1776464,6.274818455993518,-2.0022586458033125,0.0
map,10,158,1788743274.1776464,6.281851231977221,-1.978267251402844,0.0
map,10,159,1788743274.1776464,6.288884007960924,-1.9542773828813047,0.0
map,10,160,1788743274.1776464,6.295922887460343,-1.9302890402386943,0.0
map,10,161,1788743274.1776464,6.30296329283869,-1.906300697596084,0.0
map,10,162,1788743274.1776464,6.310009801732754,-1.8823138808324025,0.0
map,10,163,1788743274.1776464,6.3170730952950365,-1.858333167584437,0.0
map,10,164,1788743274.1776464,6.324142492373035,-1.8343524543364715,0.0
map,10,165,1788743274.1776464,6.331211889451033,-1.810373266967435,0.0
map,10,166,1788743274.1776464,6.338287390044748,-1.7863956054773276,0.0
map,10,167,1788743274.1776464,6.345362890638462,-1.76241794398722,0.0
map,10,168,1788743274.1776464,6.352444494747893,-1.7384418083760416,0.0
map,10,169,1788743274.1776464,6.359527624736252,-1.714465672764863,0.0
map,10,170,1788743274.1776464,6.366630591150688,-1.6904956406694005,0.0
map,10,171,1788743274.1776464,6.373733557565124,-1.666527134452867,0.0
map,10,172,1788743274.1776464,6.3808411016163475,-1.6425586282363334,0.0
map,10,173,1788743274.1776464,6.3879501715465,-1.6185901220197998,0.0
map,10,174,1788743274.1776464,6.395063819113439,-1.5946231416821952,0.0
map,10,175,1788743274.1776464,6.402177466680378,-1.5706576872235196,0.0
map,10,176,1788743274.1776464,6.409298743641962,-1.546692232764844,0.0
map,10,177,1788743274.1776464,6.416433753513907,-1.5227328818218844,0.0
map,10,178,1788743274.1776464,6.42357181514371,-1.4987735308789247,0.0
map,10,179,1788743274.1776464,6.430711402652442,-1.474814179935965,0.0
map,10,180,1788743274.1776464,6.4378555677979605,-1.4508563548719344,0.0
map,10,181,1788743274.1776464,6.445004310580266,-1.4269000556868328,0.0
map,10,182,1788743274.1776464,6.452153053362572,-1.40294528238066,0.0
map,10,183,1788743274.1776464,6.459307899660594,-1.3789905090744874,0.0
map,10,184,1788743274.1776464,6.466474952990048,-1.3550403134051017,0.0
map,10,185,1788743274.1776464,6.473646583956288,-1.331090117735716,0.0
map,10,186,1788743274.1776464,6.480818214922529,-1.3071414479452592,0.0
map,10,187,1788743274.1776464,6.487994423525556,-1.2831927781548025,0.0
map,10,188,1788743274.1776464,6.495172158007513,-1.2592456342432747,0.0
map,10,189,1788743274.1776464,6.502354470126257,-1.235300016210676,0.0
map,10,190,1788743274.1776464,6.509538308123929,-1.2113543981780772,0.0
map,10,191,1788743274.1776464,6.5167358790319625,-1.1874133577822654,0.0
map,10,192,1788743274.1776464,6.523934975818925,-1.1634707915075246,0.0
map,10,193,1788743274.1776464,6.531137124363745,-1.1395312769906418,0.0
map,10,194,1788743274.1776464,6.538340798787495,-1.115591762473759,0.0
map,10,195,1788743274.1776464,6.545549050848031,-1.0916537738358052,0.0
map,10,196,1788743274.1776464,6.552758828787496,-1.0677157851978514,0.0
map,10,197,1788743274.1776464,6.55997165848482,-1.0437793224388265,0.0
map,10,198,1788743274.1776464,6.567195169334646,-1.0198459114376597,0.0
map,10,199,1788743274.1776464,6.57442173194233,-0.9959125004364928,0.0
map,10,200,1788743274.1776464,6.581649820428943,-0.971980615314255,0.0
map,10,201,1788743274.1776464,6.588882486552343,-0.9480487301920171,0.0
map,10,202,1788743274.1776464,6.596115152675743,-0.9241183709487082,0.0
map,10,203,1788743274.1776464,6.603353922314859,-0.9001895375843283,0.0
map,10,204,1788743274.1776464,6.6105942178329045,-0.8762607042199484,0.0
map,10,205,1788743274.1776464,6.617845194503452,-0.8523349226134265,0.0
map,10,206,1788743274.1776464,6.625097697052929,-0.8284106668858335,0.0
map,10,207,1788743274.1776464,6.632353251360264,-0.8044864111582406,0.0
map,10,208,1788743274.1776464,6.639610331546528,-0.7805636813095767,0.0
map,10,209,1788743274.1776464,6.64687046349065,-0.7566409514609127,0.0
map,10,210,1788743274.1776464,6.654135173071559,-0.7327182216122488,0.0
map,10,211,1788743274.1776464,6.661399882652468,-0.7087985435214428,0.0
map,10,212,1788743274.1776464,6.66867527338588,-0.6848803913095658,0.0
map,10,213,1788743274.1776464,6.675950664119291,-0.6609622390976888,0.0
map,10,214,1788743274.1776464,6.68323063248949,-0.6370456127647408,0.0
map,10,215,1788743274.1776464,6.690512126738618,-0.6131289864317928,0.0
map,10,216,1788743274.1776464,6.6977966727456035,-0.5892138859777738,0.0
map,10,217,1788743274.1776464,6.705084270510447,-0.5653003114026838,0.0
map,10,218,1788743274.1776464,6.712374920033149,-0.5413867368275938,0.0
map,10,219,1788743274.1776464,6.719671673071566,-0.5174746881314327,0.0
map,10,220,1788743274.1776464,6.726971477867842,-0.49356416531420066,0.0
map,10,221,1788743274.1776464,6.7342728085430466,-0.4696551683758976,0.0
map,10,222,1788743274.1776464,6.741578716855038,-0.44574617143759454,0.0
map,10,223,1788743274.1776464,6.74888462516703,-0.4218371744992915,0.0
map,10,224,1788743274.1776464,6.756195111115808,-0.3979297034399174,0.0
map,10,225,1788743274.1776464,6.7635117005803025,-0.3740237582594723,0.0
map,10,226,1788743274.1776464,6.770831341802655,-0.3501193389579562,0.0
map,10,227,1788743274.1776464,6.778154034782865,-0.3262164455353691,0.0
map,10,228,1788743274.1776464,6.785478253642005,-0.302313552112782,0.0
map,10,229,1788743274.1776464,6.792805524259002,-0.27841218456912387,0.0
map,10,230,1788743274.1776464,6.800135846633857,-0.25451081702546574,0.0
map,10,231,1788743274.1776464,6.807467694887642,-0.23060944948180762,0.0
map,10,232,1788743274.1776464,6.814807172536071,-0.20671113369600747,0.0
map,10,233,1788743274.1776464,6.822148176063429,-0.18281281791020731,0.0
map,10,234,1788743274.1776464,6.829492231348645,-0.15891602800333615,0.0
map,10,235,1788743274.1776464,6.836839338391719,-0.13502076397539398,0.0
map,10,236,1788743274.1776464,6.844187971313723,-0.11112397406852281,0.0
map,10,237,1788743274.1776464,6.851538130114655,-0.08723023591950962,0.0
map,10,238,1788743274.1776464,6.858891340673445,-0.06333497189156745,0.0
map,10,239,1788743274.1776464,6.866250654747951,-0.03944275962148325,0.0
map,10,240,1788743274.1776464,6.873611494701386,-0.015552073230328034,0.0
map,10,241,1788743274.1776464,6.880975386412679,0.00833861316082718,0.0
map,10,242,1788743274.1776464,6.888340804002901,0.03222929955198239,0.0
map,10,243,1788743274.1776464,6.89571079922991,0.05611846006420862,0.0
map,10,244,1788743274.1776464,6.903080794456919,0.08000762057643485,0.0
map,10,245,1788743274.1776464,6.910455367320715,0.10389525520973208,0.0
map,10,246,1788743274.1776464,6.917832991942369,0.12778136396410034,0.0
map,10,247,1788743274.1776464,6.925213668321881,0.1516674727184686,0.0
map,10,248,1788743274.1776464,6.932597396459251,0.17555205559390785,0.0
map,10,249,1788743274.1776464,6.9399826504755495,0.19943663846934712,0.0
map,10,250,1788743274.1776464,6.947372482128635,0.2233196954658574,0.0
map,10,251,1788743274.1776464,6.954762313781721,0.24720275246236767,0.0
map,10,252,1788743274.1776464,6.962156723071594,0.27108428357994896,0.0
map,10,253,1788743274.1776464,6.969554184119325,0.29496428881860126,0.0
map,10,254,1788743274.1776464,6.9769531710459844,0.31884429405725356,0.0
map,10,255,1788743274.1776464,6.984355209730502,0.3427227734169769,0.0
map,10,256,1788743274.1776464,6.991760300172878,0.3666012527767002,0.0
map,10,257,1788743274.1776464,6.9991684423731115,0.3904782062574945,0.0
map,10,258,1788743274.1776464,7.006578110452274,0.41435515973828885,0.0
map,10,259,1788743274.1776464,7.013990830289295,0.4382305873401542,0.0
map,10,260,1788743274.1776464,7.021406601884173,0.4621060149420195,0.0
map,10,261,1788743274.1776464,7.028823899357981,0.4859799166649559,0.0
map,10,262,1788743274.1776464,7.036245774468576,0.5098538183878922,0.0
map,10,263,1788743274.1776464,7.04366764957917,0.5337261942318996,0.0
map,10,264,1788743274.1776464,7.051094102326552,0.557597044196978,0.0
map,10,265,1788743274.1776464,7.058520555073933,0.5814694200409853,0.0
map,10,266,1788743274.1776464,7.065951585458102,0.6053387441271347,0.0
map,10,267,1788743274.1776464,7.073385667600128,0.6292080682132841,0.0
map,10,268,1788743274.1776464,7.0808212756210835,0.6530773922994335,0.0
map,10,269,1788743274.1776464,7.088259935399897,0.6769451905066539,0.0
map,10,270,1788743274.1776464,7.095700121057639,0.7008114628349453,0.0
map,10,271,1788743274.1776464,7.10314335847324,0.7246777351632367,0.0
map,10,272,1788743274.1776464,7.110588121767769,0.7485440074915282,0.0
map,10,273,1788743274.1776464,7.118037462699085,0.7724087539408906,0.0
map,10,274,1788743274.1776464,7.125488329509331,0.796271974511324,0.0
map,10,275,1788743274.1776464,7.132942248077434,0.8201351950817575,0.0
map,10,276,1788743274.1776464,7.140399218403395,0.8439968897732619,0.0
map,10,277,1788743274.1776464,7.147857714608286,0.8678585844647664,0.0
map,10,278,1788743274.1776464,7.155317736692105,0.8917187532773418,0.0
map,10,279,1788743274.1776464,7.162780810533782,0.9155789220899173,0.0
map,10,280,1788743274.1776464,7.170246936133317,0.9394390909024928,0.0
map,10,281,1788743274.1776464,7.17771611349071,0.9632962079572103,0.0
map,10,282,1788743274.1776464,7.1851868167270325,0.9871548508908567,0.0
map,10,283,1788743274.1776464,7.192660571721213,1.0110119679455742,0.0
map,10,284,1788743274.1776464,7.200134326715393,1.0348675591213627,0.0
map,10,285,1788743274.1776464,7.20761265934636,1.0587231502971512,0.0
map,10,286,1788743274.1776464,7.215092517856256,1.0825787414729398,0.0
map,10,287,1788743274.1776464,7.222573902245081,1.1064312808908703,0.0
map,10,288,1788743274.1776464,7.230058338391764,1.1302853461877298,0.0
map,10,289,1788743274.1776464,7.237545826296305,1.1541378856056603,0.0
map,10,290,1788743274.1776464,7.245034840079775,1.1779904250235909,0.0
map,10,291,1788743274.1776464,7.252526905621103,1.2018414385625924,0.0
map,10,292,1788743274.1776464,7.26002049704136,1.225690926222665,0.0
map,10,293,1788743274.1776464,7.267517140219475,1.2495404138827375,0.0
map,10,294,1788743274.1776464,7.275015309276519,1.27338990154281,0.0
map,10,295,1788743274.1776464,7.282516530091421,1.2972378633239536,0.0
map,10,296,1788743274.1776464,7.290019276785252,1.3210858251050972,0.0
map,10,297,1788743274.1776464,7.2975266011158695,1.3449322610073118,0.0
map,10,298,1788743274.1776464,7.305033925446487,1.3687771710305974,0.0
map,10,299,1788743274.1776464,7.312545827413892,1.392623606932812,0.0
map,10,300,1788743274.1776464,7.320057729381297,1.4164669910771686,0.0
map,10,301,1788743274.1776464,7.327571157227631,1.4403119011004542,0.0
map,10,302,1788743274.1776464,7.3350891627107515,1.4641552852448108,0.0
map,10,303,1788743274.1776464,7.342608694072801,1.4879971435102384,0.0
map,10,304,1788743274.1776464,7.350131277192709,1.511839001775666,0.0
map,10,305,1788743274.1776464,7.357655386191546,1.5356793341621646,0.0
map,10,306,1788743274.1776464,7.365179495190382,1.5595196665486633,0.0
map,10,307,1788743274.1776464,7.372706655947077,1.5833599989351619,0.0
map,10,308,1788743274.1776464,7.38023686846163,1.6071988054427315,0.0
map,10,309,1788743274.1776464,7.38777013273404,1.6310376119503012,0.0
map,10,310,1788743274.1776464,7.39530492288538,1.6548748925789418,0.0
map,10,311,1788743274.1776464,7.402842764794578,1.6787106473286535,0.0
map,10,312,1788743274.1776464,7.410382132582704,1.7025464020783652,0.0
map,10,313,1788743274.1776464,7.41792302624976,1.7263821568280768,0.0
map,10,314,1788743274.1776464,7.425465445795744,1.7502179115777885,0.0
map,10,315,1788743274.1776464,7.433010917099587,1.7740521404485712,0.0
map,10,316,1788743274.1776464,7.440559440161287,1.7978848434404249,0.0
map,10,317,1788743274.1776464,7.448111014980846,1.8217175464322786,0.0
map,10,318,1788743274.1776464,7.455665641558262,1.8455487235452033,0.0
map,10,319,1788743274.1776464,7.463217216377821,1.869379900658128,0.0
map,10,320,1788743274.1776464,7.470771842955237,1.8932110777710527,0.0
map,10,321,1788743274.1776464,7.478331047169441,1.9170422548839774,0.0
map,10,322,1788743274.1776464,7.485891777262573,1.9408703802390441,0.0
map,10,323,1788743274.1776464,7.493457084992492,1.9646985055941109,0.0
map,10,324,1788743274.1776464,7.501023918601341,1.9885266309491776,0.0
map,10,325,1788743274.1776464,7.508592278089118,2.0123532304253153,0.0
map,10,326,1788743274.1776464,7.5161606375768955,2.036179829901453,0.0
map,10,327,1788743274.1776464,7.523730522943602,2.060006429377591,0.0
map,10,328,1788743274.1776464,7.531303460068166,2.0838315029747996,0.0
map,10,329,1788743274.1776464,7.538880974829517,2.1076550506930793,0.0
map,10,330,1788743274.1776464,7.546460015469798,2.131478598411359,0.0
map,10,331,1788743274.1776464,7.554043633746865,2.155302146129639,0.0
map,10,332,1788743274.1776464,7.561627252023932,2.1791226420900607,0.0
map,10,333,1788743274.1776464,7.56920934442207,2.2029461898083404,0.0
map,10,334,1788743274.1776464,7.5767944885780665,2.2267666857687622,0.0
map,10,335,1788743274.1776464,7.58438421037085,2.250587181729184,0.0
map,10,336,1788743274.1776464,7.591975458042562,2.274406151810677,0.0
map,10,337,1788743274.1776464,7.599571283351061,2.2982251218921697,0.0
map,10,338,1788743274.1776464,7.607170160417418,2.3220425660947335,0.0
map,10,339,1788743274.1776464,7.614762933968059,2.3458615361762263,0.0
map,10,340,1788743274.1776464,7.622360285155487,2.36967898037879,0.0
map,10,341,1788743274.1776464,7.629962213979702,2.393494898702425,0.0
map,10,342,1788743274.1776464,7.637567194561775,2.4173108170260598,0.0
map,10,343,1788743274.1776464,7.645175226901706,2.4411252094707656,0.0
map,10,344,1788743274.1776464,7.652786310999495,2.4649380760365425,0.0
map,10,345,1788743274.1776464,7.660398920976213,2.4887509426023193,0.0
map,10,346,1788743274.1776464,7.668006953316144,2.512565335047025,0.0
map,10,347,1788743274.1776464,7.675619563292862,2.536378201612802,0.0
map,10,348,1788743274.1776464,7.683236750906367,2.56018954229965,0.0
map,10,349,1788743274.1776464,7.690855464398801,2.583999357107569,0.0
map,10,350,1788743274.1776464,7.698480281406951,2.6078091719154877,0.0
map,10,351,1788743274.1776464,7.706105098415101,2.6316174608444776,0.0
map,10,352,1788743274.1776464,7.713723811907535,2.6554288015313254,0.0
map,10,353,1788743274.1776464,7.721345577157827,2.6792386163392443,0.0
map,10,354,1788743274.1776464,7.728973445923835,2.7030453793893052,0.0
map,10,355,1788743274.1776464,7.736605892326629,2.726852142439366,0.0
map,10,356,1788743274.1776464,7.744241390487282,2.750657379610498,0.0
map,10,357,1788743274.1776464,7.751879940405793,2.77446261678163,0.0
map,10,358,1788743274.1776464,7.759523067961091,2.798264802194904,0.0
map,10,359,1788743274.1776464,7.7671555143638855,2.822071565244965,0.0
map,10,360,1788743274.1776464,7.774794064282396,2.8458768024160968,0.0
map,10,361,1788743274.1776464,7.782438717716623,2.8696789878293707,0.0
map,10,362,1788743274.1776464,7.790086422908708,2.8934811732426446,0.0
map,10,363,1788743274.1776464,7.797738705737579,2.9172803068980606,0.0
map,10,364,1788743274.1776464,7.805394040324309,2.9410794405534766,0.0
map,10,365,1788743274.1776464,7.813035642000678,2.9648831518456795,0.0
map,10,366,1788743274.1776464,7.820684873071691,2.9886838113800245,0.0
map,10,367,1788743274.1776464,7.828340207658421,3.0124829450354405,0.0
map,10,368,1788743274.1776464,7.836000119881938,3.0362805528119274,0.0
map,10,369,1788743274.1776464,7.843664609742241,3.0600766347094854,0.0
map,10,370,1788743274.1776464,7.851335203118261,3.0838711907281144,0.0
map,10,371,1788743274.1776464,7.859007322373209,3.1076642208678145,0.0
map,10,372,1788743274.1776464,7.866662656959939,3.1314633545232304,0.0
map,10,373,1788743274.1776464,7.874322569183455,3.1552609622997174,0.0
map,10,374,1788743274.1776464,7.881994688438404,3.1790555183183464,0.0
map,10,375,1788743274.1776464,7.889668333572281,3.2028485484580465,0.0
map,10,376,1788743274.1776464,7.897332823432585,3.2266446303556044,0.0
map,10,377,1788743274.1776464,7.905011046203249,3.2504361346163755,0.0
map,10,378,1788743274.1776464,7.912689268973914,3.2742276388771465,0.0
map,10,379,1788743274.1776464,7.9707,3.31,0.7715
map,11,0,1788743275.2132428,5.862689238426533,-5.875772497468478,0.0
map,11,1,1788743275.2132428,5.862321501604647,-5.849335119144843,0.0
map,11,2,1788743275.2132428,5.86213687025424,-5.824336644651243,0.0
map,11,3,1788743275.2132428,5.861885100230957,-5.799336644278714,0.0
map,11,4,1788743275.2132428,5.8615707691715855,-5.774339695664043,0.0
map,11,5,1788743275.2132428,5.861166411255404,-5.749342747049372,0.0
map,11,6,1788743275.2132428,5.860679655877057,-5.72434732431363,0.0
map,11,7,1788743275.2132428,5.860081511336894,-5.699354953335746,0.0
map,11,8,1788743275.2132428,5.85937960702956,-5.674364108236791,0.0
map,11,9,1788743275.2132428,5.8585449512554035,-5.649377840774623,0.0
map,11,10,1788743275.2132428,5.8575882251669285,-5.6243961509492415,0.0
map,11,11,1788743275.2132428,5.856475859427697,-5.599420564639576,0.0
map,11,12,1788743275.2132428,5.855226164584856,-5.574452607724556,0.0
map,11,13,1788743275.2132428,5.853800993665182,-5.54949380608311,0.0
map,11,14,1788743275.2132428,5.85222170897368,-5.524542633836308,0.0
map,11,15,1788743275.2132428,5.8504501635371255,-5.499606720378797,0.0
map,11,16,1788743275.2132428,5.848510771418383,-5.474681488073788,0.0
map,11,17,1788743275.2132428,5.846363859765297,-5.449773040436998,0.0
map,11,18,1788743275.2132428,5.844035368519663,-5.424882903347356,0.0
map,11,19,1788743275.2132428,5.841488676587183,-5.400012602683791,0.0
map,11,20,1788743275.2132428,5.838751249788579,-5.375162138446303,0.0
map,11,21,1788743275.2132428,5.83578188939277,-5.350339140029536,0.0
map,11,22,1788743275.2132428,5.832615690615121,-5.325540555675634,0.0
map,11,23,1788743275.2132428,5.829206877087763,-5.30077401477924,0.0
map,11,24,1788743275.2132428,5.825560026447484,-5.2760425690982125,0.0
map,11,25,1788743275.2132428,5.821696500999288,-5.251341640995765,0.0
map,11,26,1788743275.2132428,5.817587309043525,-5.2266819116244,0.0
map,11,27,1788743275.2132428,5.8132583905219875,-5.20206032922626,0.0
map,11,28,1788743275.2132428,5.808862333327575,-5.177449427980623,0.0
map,11,29,1788743275.2132428,5.804455594980659,-5.152841578492843,0.0
map,11,30,1788743275.2132428,5.80000918378159,-5.12823983252078,0.0
map,11,31,1788743275.2132428,5.795550565551089,-5.103639612427646,0.0
map,11,32,1788743275.2132428,5.791056852105221,-5.079047021729156,0.0
map,11,33,1788743275.2132428,5.786550931627922,-5.054457482788525,0.0
map,11,34,1788743275.2132428,5.782011441814184,-5.0298725214846804,0.0
map,11,35,1788743275.2132428,5.777459744969015,-5.005290611938694,0.0
map,11,36,1788743275.2132428,5.772880582303124,-4.980713280029494,0.0
map,11,37,1788743275.2132428,5.768292264363659,-4.956137473999224,0.0
map,11,38,1788743275.2132428,5.76367953236133,-4.931567771484669,0.0
map,11,39,1788743275.2132428,5.759034756901492,-4.907002646606902,0.0
map,11,40,1788743275.2132428,5.754393033199513,-4.882437521729134,0.0
map,11,41,1788743275.2132428,5.749768094165752,-4.857869345093508,0.0
map,11,42,1788743275.2132428,5.745137051616275,-4.833301168457883,0.0
map,11,43,1788743275.2132428,5.740509060824657,-4.808732991822257,0.0
map,11,44,1788743275.2132428,5.735871914759464,-4.78416786694449,0.0
map,11,45,1788743275.2132428,5.727275112873549,-4.760692219622019,0.0
map,11,46,1788743275.2132428,5.721673611325237,-4.736326984883949,0.0
map,11,47,1788743275.2132428,5.721438625970173,-4.711328510390349,0.0
map,11,48,1788743275.2132428,5.721194485341535,-4.686330035896749,0.0
map,11,49,1788743275.2132428,5.720976284654689,-4.6613300355242195,0.0
map,11,50,1788743275.2132428,5.72074892869427,-4.6363315610306195,0.0
map,11,51,1788743275.2132428,5.720541409159928,-4.6113330865370195,0.0
map,11,52,1788743275.2132428,5.720318630836296,-4.58633308616449,0.0
map,11,53,1788743275.2132428,5.720097378391593,-4.56133461167089,0.0
map,11,54,1788743275.2132428,5.719827297821162,-4.53633613717729,0.0
map,11,55,1788743275.2132428,5.719477871546424,-4.511339188562619,0.0
map,11,56,1788743275.2132428,5.7189102445848405,-4.486345291705806,0.0
map,11,57,1788743275.2132428,5.717918423280999,-4.461365127759354,0.0
map,11,58,1788743275.2132428,5.716040066319415,-4.436435317817558,0.0
map,11,59,1788743275.2132428,5.712606838729194,-4.411671828679022,0.0
map,11,60,1788743275.2132428,5.706793240009752,-4.387356947945609,0.0
map,11,61,1788743275.2132428,5.698120144177388,-4.363910292322789,0.0
map,11,62,1788743275.2132428,5.71949923385143,-4.350951002578899,0.0
map,11,63,1788743275.2132428,5.740892056435833,-4.338016126897873,0.0
map,11,64,1788743275.2132428,5.762689236936417,-4.3257724743716786,0.0
map,11,65,1788743275.2132428,5.762689236936417,-4.2757724736266205,0.0
map,11,66,1788743275.2132428,5.762689236936417,-4.225772472881562,0.0
map,11,67,1788743275.2132428,5.734121731627916,-4.182091136781441,0.0
map,11,68,1788743275.2132428,5.7365524567617925,-4.157208629086444,0.0
map,11,69,1788743275.2132428,5.739035061779255,-4.132332224907163,0.0
map,11,70,1788743275.2132428,5.741192654584843,-4.107425303149302,0.0
map,11,71,1788743275.2132428,5.743405179031875,-4.082524484907157,0.0
map,11,72,1788743275.2132428,5.745430020370641,-4.057605356117865,0.0
map,11,73,1788743275.2132428,5.747528103897999,-4.032693856723217,0.0
map,11,74,1788743275.2132428,5.749543789963191,-4.007776253812853,0.0
map,11,75,1788743275.2132428,5.7516479770062645,-3.9828647544182054,0.0
map,11,76,1788743275.2132428,5.75373385350219,-3.9579517291446287,0.0
map,11,77,1788743275.2132428,5.755925015644216,-3.933047859144626,0.0
map,11,78,1788743275.2132428,5.758137540091248,-3.908145515023552,0.0
map,11,79,1788743275.2132428,5.7638443272856605,-3.8838062202272745,0.0
map,11,80,1788743275.2132428,5.769421414771109,-3.8594364078524173,0.0
map,11,81,1788743275.2132428,5.775024442198351,-3.835071173114347,0.0
map,11,82,1788743275.2132428,5.780552701558072,-3.810690679586987,0.0
map,11,83,1788743275.2132428,5.786129789043521,-3.7863208672121296,0.0
map,11,84,1788743275.2132428,5.791670255434674,-3.7619418995636984,0.0
map,11,85,1788743275.2132428,5.797271756982987,-3.737578190704557,0.0
map,11,86,1788743275.2132428,5.8028625773787965,-3.713211430087558,0.0
map,11,87,1788743275.2132428,5.80852358820534,-3.6888599282598484,0.0
map,11,88,1788743275.2132428,5.814596586342709,-3.664609134441452,0.0
map,11,89,1788743275.2132428,5.820686369148298,-3.640362918259843,0.0
map,11,90,1788743275.2132428,5.826739530859591,-3.6161060209257307,0.0
map,11,91,1788743275.2132428,5.8328186325126765,-3.5918567529862635,0.0
map,11,92,1788743275.2132428,5.838874845981827,-3.5676013815310803,0.0
map,11,93,1788743275.2132428,5.844966154666345,-3.543355165349471,0.0
map,11,94,1788743275.2132428,5.851048308077289,-3.519105897410004,0.0
map,11,95,1788743275.2132428,5.857170134340386,-3.4948673106230395,0.0
map,11,96,1788743275.2132428,5.8634979542588965,-3.4706806037196607,0.0
map,11,97,1788743275.2132428,5.869839507087768,-3.446498474453069,0.0
map,11,98,1788743275.2132428,5.876159697611634,-3.422310241670761,0.0
map,11,99,1788743275.2132428,5.882499724561576,-3.3981281124041693,0.0
map,11,100,1788743275.2132428,5.888827544480087,-3.3739414055007906,0.0
map,11,101,1788743275.2132428,5.895178252582532,-3.3497623279920568,0.0
map,11,102,1788743275.2132428,5.901522857169262,-3.325580198725465,0.0
map,11,103,1788743275.2132428,5.907894927576713,-3.301407224732447,0.0
map,11,104,1788743275.2132428,5.914413482361347,-3.277270871833725,0.0
map,11,105,1788743275.2132428,5.920921355993478,-3.2531329930560737,0.0
map,11,106,1788743275.2132428,5.927438384899183,-3.2289966401573515,0.0
map,11,107,1788743275.2132428,5.933947784410243,-3.2048602872586294,0.0
map,11,108,1788743275.2132428,5.940472442710593,-3.180725460238836,0.0
map,11,109,1788743275.2132428,5.946994049253085,-3.156592159097972,0.0
map,11,110,1788743275.2132428,5.953532440463796,-3.1324619097149657,0.0
map,11,111,1788743275.2132428,5.960072357553436,-3.1083331862108885,0.0
map,11,112,1788743275.2132428,5.966708405015602,-3.084228876769675,0.0
map,11,113,1788743275.2132428,5.973336823083123,-3.0601245673284616,0.0
map,11,114,1788743275.2132428,5.979975922303147,-3.036021783766177,0.0
map,11,115,1788743275.2132428,5.986610443886384,-3.0119174743249637,0.0
map,11,116,1788743275.2132428,5.993257172501053,-2.9878177425205372,0.0
map,11,117,1788743275.2132428,5.999903901115722,-2.9637180107161107,0.0
map,11,118,1788743275.2132428,6.006564362640752,-2.9396213306695422,0.0
map,11,119,1788743275.2132428,6.0132858593229415,-2.9155414352911926,0.0
map,11,120,1788743275.2132428,6.020016511278705,-2.891464591670701,0.0
map,11,121,1788743275.2132428,6.026742585597681,-2.8673862221712803,0.0
map,11,122,1788743275.2132428,6.033477815190231,-2.8433109044297176,0.0
map,11,123,1788743275.2132428,6.040209993024924,-2.819234060809226,0.0
map,11,124,1788743275.2132428,6.046954377891048,-2.795161794825521,0.0
map,11,125,1788743275.2132428,6.053698762757172,-2.7710880029628875,0.0
map,11,126,1788743275.2132428,6.060456880533657,-2.7470187887370408,0.0
map,11,127,1788743275.2132428,6.067256197041225,-2.722961781542626,0.0
map,11,128,1788743275.2132428,6.074064668822366,-2.69890630022714,0.0
map,11,129,1788743275.2132428,6.080868562966721,-2.674850818911654,0.0
map,11,130,1788743275.2132428,6.0876831382635785,-2.6507968634750974,0.0
map,11,131,1788743275.2132428,6.094505342955081,-2.6267459597963985,0.0
map,11,132,1788743275.2132428,6.101330599404442,-2.6026950561176996,0.0
map,11,133,1788743275.2132428,6.108163485248447,-2.5786472041968587,0.0
map,11,134,1788743275.2132428,6.115034518065677,-2.5546100334285207,0.0
map,11,135,1788743275.2132428,6.121910128519694,-2.5305743885391117,0.0
map,11,136,1788743275.2132428,6.128785738973711,-2.5065387436497026,0.0
map,11,137,1788743275.2132428,6.135667452943444,-2.4825046246392226,0.0
map,11,138,1788743275.2132428,6.142549166913177,-2.4584705056287426,0.0
map,11,139,1788743275.2132428,6.149440036156484,-2.4344379124971915,0.0
map,11,140,1788743275.2132428,6.15633243127872,-2.4104068452445695,0.0
map,11,141,1788743275.2132428,6.163261447495252,-2.3863864591444504,0.0
map,11,142,1788743275.2132428,6.1701904637117835,-2.362366073044331,0.0
map,11,143,1788743275.2132428,6.177124057565102,-2.338347212823141,0.0
map,11,144,1788743275.2132428,6.18405917729735,-2.314328352601951,0.0
map,11,145,1788743275.2132428,6.191000400545313,-2.2903110182596897,0.0
map,11,146,1788743275.2132428,6.197941623793277,-2.2662936839174286,0.0
map,11,147,1788743275.2132428,6.204892002314814,-2.2422794013330254,0.0
map,11,148,1788743275.2132428,6.211843906715281,-2.218265118748622,0.0
map,11,149,1788743275.2132428,6.218823276936469,-2.194259991437793,0.0
map,11,150,1788743275.2132428,6.225804173036586,-2.1702533382480347,0.0
map,11,151,1788743275.2132428,6.23278964677349,-2.1462497368161344,0.0
map,11,152,1788743275.2132428,6.239776646389323,-2.122246135384234,0.0
map,11,153,1788743275.2132428,6.2467697495208725,-2.098244059831263,0.0
map,11,154,1788743275.2132428,6.253764378531351,-2.0742419842782915,0.0
map,11,155,1788743275.2132428,6.260765111057545,-2.0502429604831782,0.0
map,11,156,1788743275.2132428,6.2677917835255315,-2.026250040203781,0.0
map,11,157,1788743275.2132428,6.274818455993518,-2.0022586458033125,0.0
map,11,158,1788743275.2132428,6.281851231977221,-1.978267251402844,0.0
map,11,159,1788743275.2132428,6.288884007960924,-1.9542773828813047,0.0
map,11,160,1788743275.2132428,6.295922887460343,-1.9302890402386943,0.0
map,11,161,1788743275.2132428,6.30296329283869,-1.906300697596084,0.0
map,11,162,1788743275.2132428,6.310009801732754,-1.8823138808324025,0.0
map,11,163,1788743275.2132428,6.3170730952950365,-1.858333167584437,0.0
map,11,164,1788743275.2132428,6.324142492373035,-1.8343524543364715,0.0
map,11,165,1788743275.2132428,6.331211889451033,-1.810373266967435,0.0
map,11,166,1788743275.2132428,6.338287390044748,-1.7863956054773276,0.0
map,11,167,1788743275.2132428,6.345362890638462,-1.76241794398722,0.0
map,11,168,1788743275.2132428,6.352444494747893,-1.7384418083760416,0.0
map,11,169,1788743275.2132428,6.359527624736252,-1.714465672764863,0.0
map,11,170,1788743275.2132428,6.366630591150688,-1.6904956406694005,0.0
map,11,171,1788743275.2132428,6.373733557565124,-1.666527134452867,0.0
map,11,172,1788743275.2132428,6.3808411016163475,-1.6425586282363334,0.0
map,11,173,1788743275.2132428,6.3879501715465,-1.6185901220197998,0.0
map,11,174,1788743275.2132428,6.395063819113439,-1.5946231416821952,0.0
map,11,175,1788743275.2132428,6.402177466680378,-1.5706576872235196,0.0
map,11,176,1788743275.2132428,6.409298743641962,-1.546692232764844,0.0
map,11,177,1788743275.2132428,6.416433753513907,-1.5227328818218844,0.0
map,11,178,1788743275.2132428,6.42357181514371,-1.4987735308789247,0.0
map,11,179,1788743275.2132428,6.430711402652442,-1.474814179935965,0.0
map,11,180,1788743275.2132428,6.4378555677979605,-1.4508563548719344,0.0
map,11,181,1788743275.2132428,6.445004310580266,-1.4269000556868328,0.0
map,11,182,1788743275.2132428,6.452153053362572,-1.40294528238066,0.0
map,11,183,1788743275.2132428,6.459307899660594,-1.3789905090744874,0.0
map,11,184,1788743275.2132428,6.466474952990048,-1.3550403134051017,0.0
map,11,185,1788743275.2132428,6.473646583956288,-1.331090117735716,0.0
map,11,186,1788743275.2132428,6.480818214922529,-1.3071414479452592,0.0
map,11,187,1788743275.2132428,6.487994423525556,-1.2831927781548025,0.0
map,11,188,1788743275.2132428,6.495172158007513,-1.2592456342432747,0.0
map,11,189,1788743275.2132428,6.502354470126257,-1.235300016210676,0.0
map,11,190,1788743275.2132428,6.509538308123929,-1.2113543981780772,0.0
map,11,191,1788743275.2132428,6.5167358790319625,-1.1874133577822654,0.0
map,11,192,1788743275.2132428,6.523934975818925,-1.1634707915075246,0.0
map,11,193,1788743275.2132428,6.531137124363745,-1.1395312769906418,0.0
map,11,194,1788743275.2132428,6.538340798787495,-1.115591762473759,0.0
map,11,195,1788743275.2132428,6.545549050848031,-1.0916537738358052,0.0
map,11,196,1788743275.2132428,6.552758828787496,-1.0677157851978514,0.0
map,11,197,1788743275.2132428,6.55997165848482,-1.0437793224388265,0.0
map,11,198,1788743275.2132428,6.567195169334646,-1.0198459114376597,0.0
map,11,199,1788743275.2132428,6.57442173194233,-0.9959125004364928,0.0
map,11,200,1788743275.2132428,6.581649820428943,-0.971980615314255,0.0
map,11,201,1788743275.2132428,6.588882486552343,-0.9480487301920171,0.0
map,11,202,1788743275.2132428,6.596115152675743,-0.9241183709487082,0.0
map,11,203,1788743275.2132428,6.603353922314859,-0.9001895375843283,0.0
map,11,204,1788743275.2132428,6.6105942178329045,-0.8762607042199484,0.0
map,11,205,1788743275.2132428,6.617845194503452,-0.8523349226134265,0.0
map,11,206,1788743275.2132428,6.625097697052929,-0.8284106668858335,0.0
map,11,207,1788743275.2132428,6.632353251360264,-0.8044864111582406,0.0
map,11,208,1788743275.2132428,6.639610331546528,-0.7805636813095767,0.0
map,11,209,1788743275.2132428,6.64687046349065,-0.7566409514609127,0.0
map,11,210,1788743275.2132428,6.654135173071559,-0.7327182216122488,0.0
map,11,211,1788743275.2132428,6.661399882652468,-0.7087985435214428,0.0
map,11,212,1788743275.2132428,6.66867527338588,-0.6848803913095658,0.0
map,11,213,1788743275.2132428,6.675950664119291,-0.6609622390976888,0.0
map,11,214,1788743275.2132428,6.68323063248949,-0.6370456127647408,0.0
map,11,215,1788743275.2132428,6.690512126738618,-0.6131289864317928,0.0
map,11,216,1788743275.2132428,6.6977966727456035,-0.5892138859777738,0.0
map,11,217,1788743275.2132428,6.705084270510447,-0.5653003114026838,0.0
map,11,218,1788743275.2132428,6.712374920033149,-0.5413867368275938,0.0
map,11,219,1788743275.2132428,6.719671673071566,-0.5174746881314327,0.0
map,11,220,1788743275.2132428,6.726971477867842,-0.49356416531420066,0.0
map,11,221,1788743275.2132428,6.7342728085430466,-0.4696551683758976,0.0
map,11,222,1788743275.2132428,6.741578716855038,-0.44574617143759454,0.0
map,11,223,1788743275.2132428,6.74888462516703,-0.4218371744992915,0.0
map,11,224,1788743275.2132428,6.756195111115808,-0.3979297034399174,0.0
map,11,225,1788743275.2132428,6.7635117005803025,-0.3740237582594723,0.0
map,11,226,1788743275.2132428,6.770831341802655,-0.3501193389579562,0.0
map,11,227,1788743275.2132428,6.778154034782865,-0.3262164455353691,0.0
map,11,228,1788743275.2132428,6.785478253642005,-0.302313552112782,0.0
map,11,229,1788743275.2132428,6.792805524259002,-0.27841218456912387,0.0
map,11,230,1788743275.2132428,6.800135846633857,-0.25451081702546574,0.0
map,11,231,1788743275.2132428,6.807467694887642,-0.23060944948180762,0.0
map,11,232,1788743275.2132428,6.814807172536071,-0.20671113369600747,0.0
map,11,233,1788743275.2132428,6.822148176063429,-0.18281281791020731,0.0
map,11,234,1788743275.2132428,6.829492231348645,-0.15891602800333615,0.0
map,11,235,1788743275.2132428,6.836839338391719,-0.13502076397539398,0.0
map,11,236,1788743275.2132428,6.844187971313723,-0.11112397406852281,0.0
map,11,237,1788743275.2132428,6.851538130114655,-0.08723023591950962,0.0
map,11,238,1788743275.2132428,6.858891340673445,-0.06333497189156745,0.0
map,11,239,1788743275.2132428,6.866250654747951,-0.03944275962148325,0.0
map,11,240,1788743275.2132428,6.873611494701386,-0.015552073230328034,0.0
map,11,241,1788743275.2132428,6.880975386412679,0.00833861316082718,0.0
map,11,242,1788743275.2132428,6.888340804002901,0.03222929955198239,0.0
map,11,243,1788743275.2132428,6.89571079922991,0.05611846006420862,0.0
map,11,244,1788743275.2132428,6.903080794456919,0.08000762057643485,0.0
map,11,245,1788743275.2132428,6.910455367320715,0.10389525520973208,0.0
map,11,246,1788743275.2132428,6.917832991942369,0.12778136396410034,0.0
map,11,247,1788743275.2132428,6.925213668321881,0.1516674727184686,0.0
map,11,248,1788743275.2132428,6.932597396459251,0.17555205559390785,0.0
map,11,249,1788743275.2132428,6.9399826504755495,0.19943663846934712,0.0
map,11,250,1788743275.2132428,6.947372482128635,0.2233196954658574,0.0
map,11,251,1788743275.2132428,6.954762313781721,0.24720275246236767,0.0
map,11,252,1788743275.2132428,6.962156723071594,0.27108428357994896,0.0
map,11,253,1788743275.2132428,6.969554184119325,0.29496428881860126,0.0
map,11,254,1788743275.2132428,6.9769531710459844,0.31884429405725356,0.0
map,11,255,1788743275.2132428,6.984355209730502,0.3427227734169769,0.0
map,11,256,1788743275.2132428,6.991760300172878,0.3666012527767002,0.0
map,11,257,1788743275.2132428,6.9991684423731115,0.3904782062574945,0.0
map,11,258,1788743275.2132428,7.006578110452274,0.41435515973828885,0.0
map,11,259,1788743275.2132428,7.013990830289295,0.4382305873401542,0.0
map,11,260,1788743275.2132428,7.021406601884173,0.4621060149420195,0.0
map,11,261,1788743275.2132428,7.028823899357981,0.4859799166649559,0.0
map,11,262,1788743275.2132428,7.036245774468576,0.5098538183878922,0.0
map,11,263,1788743275.2132428,7.04366764957917,0.5337261942318996,0.0
map,11,264,1788743275.2132428,7.051094102326552,0.557597044196978,0.0
map,11,265,1788743275.2132428,7.058520555073933,0.5814694200409853,0.0
map,11,266,1788743275.2132428,7.065951585458102,0.6053387441271347,0.0
map,11,267,1788743275.2132428,7.073385667600128,0.6292080682132841,0.0
map,11,268,1788743275.2132428,7.0808212756210835,0.6530773922994335,0.0
map,11,269,1788743275.2132428,7.088259935399897,0.6769451905066539,0.0
map,11,270,1788743275.2132428,7.095700121057639,0.7008114628349453,0.0
map,11,271,1788743275.2132428,7.10314335847324,0.7246777351632367,0.0
map,11,272,1788743275.2132428,7.110588121767769,0.7485440074915282,0.0
map,11,273,1788743275.2132428,7.118037462699085,0.7724087539408906,0.0
map,11,274,1788743275.2132428,7.125488329509331,0.796271974511324,0.0
map,11,275,1788743275.2132428,7.132942248077434,0.8201351950817575,0.0
map,11,276,1788743275.2132428,7.140399218403395,0.8439968897732619,0.0
map,11,277,1788743275.2132428,7.147857714608286,0.8678585844647664,0.0
map,11,278,1788743275.2132428,7.155317736692105,0.8917187532773418,0.0
map,11,279,1788743275.2132428,7.162780810533782,0.9155789220899173,0.0
map,11,280,1788743275.2132428,7.170246936133317,0.9394390909024928,0.0
map,11,281,1788743275.2132428,7.17771611349071,0.9632962079572103,0.0
map,11,282,1788743275.2132428,7.1851868167270325,0.9871548508908567,0.0
map,11,283,1788743275.2132428,7.192660571721213,1.0110119679455742,0.0
map,11,284,1788743275.2132428,7.200134326715393,1.0348675591213627,0.0
map,11,285,1788743275.2132428,7.20761265934636,1.0587231502971512,0.0
map,11,286,1788743275.2132428,7.215092517856256,1.0825787414729398,0.0
map,11,287,1788743275.2132428,7.222573902245081,1.1064312808908703,0.0
map,11,288,1788743275.2132428,7.230058338391764,1.1302853461877298,0.0
map,11,289,1788743275.2132428,7.237545826296305,1.1541378856056603,0.0
map,11,290,1788743275.2132428,7.245034840079775,1.1779904250235909,0.0
map,11,291,1788743275.2132428,7.252526905621103,1.2018414385625924,0.0
map,11,292,1788743275.2132428,7.26002049704136,1.225690926222665,0.0
map,11,293,1788743275.2132428,7.267517140219475,1.2495404138827375,0.0
map,11,294,1788743275.2132428,7.275015309276519,1.27338990154281,0.0
map,11,295,1788743275.2132428,7.282516530091421,1.2972378633239536,0.0
map,11,296,1788743275.2132428,7.290019276785252,1.3210858251050972,0.0
map,11,297,1788743275.2132428,7.2975266011158695,1.3449322610073118,0.0
map,11,298,1788743275.2132428,7.305033925446487,1.3687771710305974,0.0
map,11,299,1788743275.2132428,7.312545827413892,1.392623606932812,0.0
map,11,300,1788743275.2132428,7.320057729381297,1.4164669910771686,0.0
map,11,301,1788743275.2132428,7.327571157227631,1.4403119011004542,0.0
map,11,302,1788743275.2132428,7.3350891627107515,1.4641552852448108,0.0
map,11,303,1788743275.2132428,7.342608694072801,1.4879971435102384,0.0
map,11,304,1788743275.2132428,7.350131277192709,1.511839001775666,0.0
map,11,305,1788743275.2132428,7.357655386191546,1.5356793341621646,0.0
map,11,306,1788743275.2132428,7.365179495190382,1.5595196665486633,0.0
map,11,307,1788743275.2132428,7.372706655947077,1.5833599989351619,0.0
map,11,308,1788743275.2132428,7.38023686846163,1.6071988054427315,0.0
map,11,309,1788743275.2132428,7.38777013273404,1.6310376119503012,0.0
map,11,310,1788743275.2132428,7.39530492288538,1.6548748925789418,0.0
map,11,311,1788743275.2132428,7.402842764794578,1.6787106473286535,0.0
map,11,312,1788743275.2132428,7.410382132582704,1.7025464020783652,0.0
map,11,313,1788743275.2132428,7.41792302624976,1.7263821568280768,0.0
map,11,314,1788743275.2132428,7.425465445795744,1.7502179115777885,0.0
map,11,315,1788743275.2132428,7.433010917099587,1.7740521404485712,0.0
map,11,316,1788743275.2132428,7.440559440161287,1.7978848434404249,0.0
map,11,317,1788743275.2132428,7.448111014980846,1.8217175464322786,0.0
map,11,318,1788743275.2132428,7.455665641558262,1.8455487235452033,0.0
map,11,319,1788743275.2132428,7.463217216377821,1.869379900658128,0.0
map,11,320,1788743275.2132428,7.470771842955237,1.8932110777710527,0.0
map,11,321,1788743275.2132428,7.478331047169441,1.9170422548839774,0.0
map,11,322,1788743275.2132428,7.485891777262573,1.9408703802390441,0.0
map,11,323,1788743275.2132428,7.493457084992492,1.9646985055941109,0.0
map,11,324,1788743275.2132428,7.501023918601341,1.9885266309491776,0.0
map,11,325,1788743275.2132428,7.508592278089118,2.0123532304253153,0.0
map,11,326,1788743275.2132428,7.5161606375768955,2.036179829901453,0.0
map,11,327,1788743275.2132428,7.523730522943602,2.060006429377591,0.0
map,11,328,1788743275.2132428,7.531303460068166,2.0838315029747996,0.0
map,11,329,1788743275.2132428,7.538880974829517,2.1076550506930793,0.0
map,11,330,1788743275.2132428,7.546460015469798,2.131478598411359,0.0
map,11,331,1788743275.2132428,7.554043633746865,2.155302146129639,0.0
map,11,332,1788743275.2132428,7.561627252023932,2.1791226420900607,0.0
map,11,333,1788743275.2132428,7.56920934442207,2.2029461898083404,0.0
map,11,334,1788743275.2132428,7.5767944885780665,2.2267666857687622,0.0
map,11,335,1788743275.2132428,7.58438421037085,2.250587181729184,0.0
map,11,336,1788743275.2132428,7.591975458042562,2.274406151810677,0.0
map,11,337,1788743275.2132428,7.599571283351061,2.2982251218921697,0.0
map,11,338,1788743275.2132428,7.607170160417418,2.3220425660947335,0.0
map,11,339,1788743275.2132428,7.614762933968059,2.3458615361762263,0.0
map,11,340,1788743275.2132428,7.622360285155487,2.36967898037879,0.0
map,11,341,1788743275.2132428,7.629962213979702,2.393494898702425,0.0
map,11,342,1788743275.2132428,7.637567194561775,2.4173108170260598,0.0
map,11,343,1788743275.2132428,7.645175226901706,2.4411252094707656,0.0
map,11,344,1788743275.2132428,7.652786310999495,2.4649380760365425,0.0
map,11,345,1788743275.2132428,7.660398920976213,2.4887509426023193,0.0
map,11,346,1788743275.2132428,7.668006953316144,2.512565335047025,0.0
map,11,347,1788743275.2132428,7.675619563292862,2.536378201612802,0.0
map,11,348,1788743275.2132428,7.683236750906367,2.56018954229965,0.0
map,11,349,1788743275.2132428,7.690855464398801,2.583999357107569,0.0
map,11,350,1788743275.2132428,7.698480281406951,2.6078091719154877,0.0
map,11,351,1788743275.2132428,7.706105098415101,2.6316174608444776,0.0
map,11,352,1788743275.2132428,7.713723811907535,2.6554288015313254,0.0
map,11,353,1788743275.2132428,7.721345577157827,2.6792386163392443,0.0
map,11,354,1788743275.2132428,7.728973445923835,2.7030453793893052,0.0
map,11,355,1788743275.2132428,7.736605892326629,2.726852142439366,0.0
map,11,356,1788743275.2132428,7.744241390487282,2.750657379610498,0.0
map,11,357,1788743275.2132428,7.751879940405793,2.77446261678163,0.0
map,11,358,1788743275.2132428,7.759523067961091,2.798264802194904,0.0
map,11,359,1788743275.2132428,7.7671555143638855,2.822071565244965,0.0
map,11,360,1788743275.2132428,7.774794064282396,2.8458768024160968,0.0
map,11,361,1788743275.2132428,7.782438717716623,2.8696789878293707,0.0
map,11,362,1788743275.2132428,7.790086422908708,2.8934811732426446,0.0
map,11,363,1788743275.2132428,7.797738705737579,2.9172803068980606,0.0
map,11,364,1788743275.2132428,7.805394040324309,2.9410794405534766,0.0
map,11,365,1788743275.2132428,7.813035642000678,2.9648831518456795,0.0
map,11,366,1788743275.2132428,7.820684873071691,2.9886838113800245,0.0
map,11,367,1788743275.2132428,7.828340207658421,3.0124829450354405,0.0
map,11,368,1788743275.2132428,7.836000119881938,3.0362805528119274,0.0
map,11,369,1788743275.2132428,7.843664609742241,3.0600766347094854,0.0
map,11,370,1788743275.2132428,7.851335203118261,3.0838711907281144,0.0
map,11,371,1788743275.2132428,7.859007322373209,3.1076642208678145,0.0
map,11,372,1788743275.2132428,7.866662656959939,3.1314633545232304,0.0
map,11,373,1788743275.2132428,7.874322569183455,3.1552609622997174,0.0
map,11,374,1788743275.2132428,7.881994688438404,3.1790555183183464,0.0
map,11,375,1788743275.2132428,7.889668333572281,3.2028485484580465,0.0
map,11,376,1788743275.2132428,7.897332823432585,3.2266446303556044,0.0
map,11,377,1788743275.2132428,7.905011046203249,3.2504361346163755,0.0
map,11,378,1788743275.2132428,7.912689268973914,3.2742276388771465,0.0
map,11,379,1788743275.2132428,7.9707,3.31,0.7715
map,12,0,1788743276.240204,5.862689238426533,-5.875772497468478,0.0
map,12,1,1788743276.240204,5.862321501604647,-5.849335119144843,0.0
map,12,2,1788743276.240204,5.86213687025424,-5.824336644651243,0.0
map,12,3,1788743276.240204,5.861885100230957,-5.799336644278714,0.0
map,12,4,1788743276.240204,5.8615707691715855,-5.774339695664043,0.0
map,12,5,1788743276.240204,5.861166411255404,-5.749342747049372,0.0
map,12,6,1788743276.240204,5.860679655877057,-5.72434732431363,0.0
map,12,7,1788743276.240204,5.860081511336894,-5.699354953335746,0.0
map,12,8,1788743276.240204,5.85937960702956,-5.674364108236791,0.0
map,12,9,1788743276.240204,5.8585449512554035,-5.649377840774623,0.0
map,12,10,1788743276.240204,5.8575882251669285,-5.6243961509492415,0.0
map,12,11,1788743276.240204,5.856475859427697,-5.599420564639576,0.0
map,12,12,1788743276.240204,5.855226164584856,-5.574452607724556,0.0
map,12,13,1788743276.240204,5.853800993665182,-5.54949380608311,0.0
map,12,14,1788743276.240204,5.85222170897368,-5.524542633836308,0.0
map,12,15,1788743276.240204,5.8504501635371255,-5.499606720378797,0.0
map,12,16,1788743276.240204,5.848510771418383,-5.474681488073788,0.0
map,12,17,1788743276.240204,5.846363859765297,-5.449773040436998,0.0
map,12,18,1788743276.240204,5.844035368519663,-5.424882903347356,0.0
map,12,19,1788743276.240204,5.841488676587183,-5.400012602683791,0.0
map,12,20,1788743276.240204,5.838751249788579,-5.375162138446303,0.0
map,12,21,1788743276.240204,5.83578188939277,-5.350339140029536,0.0
map,12,22,1788743276.240204,5.832615690615121,-5.325540555675634,0.0
map,12,23,1788743276.240204,5.829206877087763,-5.30077401477924,0.0
map,12,24,1788743276.240204,5.825560026447484,-5.2760425690982125,0.0
map,12,25,1788743276.240204,5.821696500999288,-5.251341640995765,0.0
map,12,26,1788743276.240204,5.817587309043525,-5.2266819116244,0.0
map,12,27,1788743276.240204,5.8132583905219875,-5.20206032922626,0.0
map,12,28,1788743276.240204,5.808862333327575,-5.177449427980623,0.0
map,12,29,1788743276.240204,5.804455594980659,-5.152841578492843,0.0
map,12,30,1788743276.240204,5.80000918378159,-5.12823983252078,0.0
map,12,31,1788743276.240204,5.795550565551089,-5.103639612427646,0.0
map,12,32,1788743276.240204,5.791056852105221,-5.079047021729156,0.0
map,12,33,1788743276.240204,5.786550931627922,-5.054457482788525,0.0
map,12,34,1788743276.240204,5.782011441814184,-5.0298725214846804,0.0
map,12,35,1788743276.240204,5.777459744969015,-5.005290611938694,0.0
map,12,36,1788743276.240204,5.772880582303124,-4.980713280029494,0.0
map,12,37,1788743276.240204,5.768292264363659,-4.956137473999224,0.0
map,12,38,1788743276.240204,5.76367953236133,-4.931567771484669,0.0
map,12,39,1788743276.240204,5.759034756901492,-4.907002646606902,0.0
map,12,40,1788743276.240204,5.754393033199513,-4.882437521729134,0.0
map,12,41,1788743276.240204,5.749768094165752,-4.857869345093508,0.0
map,12,42,1788743276.240204,5.745137051616275,-4.833301168457883,0.0
map,12,43,1788743276.240204,5.740509060824657,-4.808732991822257,0.0
map,12,44,1788743276.240204,5.735871914759464,-4.78416786694449,0.0
map,12,45,1788743276.240204,5.727275112873549,-4.760692219622019,0.0
map,12,46,1788743276.240204,5.721673611325237,-4.736326984883949,0.0
map,12,47,1788743276.240204,5.721438625970173,-4.711328510390349,0.0
map,12,48,1788743276.240204,5.721194485341535,-4.686330035896749,0.0
map,12,49,1788743276.240204,5.720976284654689,-4.6613300355242195,0.0
map,12,50,1788743276.240204,5.72074892869427,-4.6363315610306195,0.0
map,12,51,1788743276.240204,5.720541409159928,-4.6113330865370195,0.0
map,12,52,1788743276.240204,5.720318630836296,-4.58633308616449,0.0
map,12,53,1788743276.240204,5.720097378391593,-4.56133461167089,0.0
map,12,54,1788743276.240204,5.719827297821162,-4.53633613717729,0.0
map,12,55,1788743276.240204,5.719477871546424,-4.511339188562619,0.0
map,12,56,1788743276.240204,5.7189102445848405,-4.486345291705806,0.0
map,12,57,1788743276.240204,5.717918423280999,-4.461365127759354,0.0
map,12,58,1788743276.240204,5.716040066319415,-4.436435317817558,0.0
map,12,59,1788743276.240204,5.712606838729194,-4.411671828679022,0.0
map,12,60,1788743276.240204,5.706793240009752,-4.387356947945609,0.0
map,12,61,1788743276.240204,5.698120144177388,-4.363910292322789,0.0
map,12,62,1788743276.240204,5.71949923385143,-4.350951002578899,0.0
map,12,63,1788743276.240204,5.740892056435833,-4.338016126897873,0.0
map,12,64,1788743276.240204,5.762689236936417,-4.3257724743716786,0.0
map,12,65,1788743276.240204,5.762689236936417,-4.2757724736266205,0.0
map,12,66,1788743276.240204,5.762689236936417,-4.225772472881562,0.0
map,12,67,1788743276.240204,5.734121731627916,-4.182091136781441,0.0
map,12,68,1788743276.240204,5.7365524567617925,-4.157208629086444,0.0
map,12,69,1788743276.240204,5.739035061779255,-4.132332224907163,0.0
map,12,70,1788743276.240204,5.741192654584843,-4.107425303149302,0.0
map,12,71,1788743276.240204,5.743405179031875,-4.082524484907157,0.0
map,12,72,1788743276.240204,5.745430020370641,-4.057605356117865,0.0
map,12,73,1788743276.240204,5.747528103897999,-4.032693856723217,0.0
map,12,74,1788743276.240204,5.749543789963191,-4.007776253812853,0.0
map,12,75,1788743276.240204,5.7516479770062645,-3.9828647544182054,0.0
map,12,76,1788743276.240204,5.75373385350219,-3.9579517291446287,0.0
map,12,77,1788743276.240204,5.755925015644216,-3.933047859144626,0.0
map,12,78,1788743276.240204,5.758137540091248,-3.908145515023552,0.0
map,12,79,1788743276.240204,5.7638443272856605,-3.8838062202272745,0.0
map,12,80,1788743276.240204,5.769421414771109,-3.8594364078524173,0.0
map,12,81,1788743276.240204,5.775024442198351,-3.835071173114347,0.0
map,12,82,1788743276.240204,5.780552701558072,-3.810690679586987,0.0
map,12,83,1788743276.240204,5.786129789043521,-3.7863208672121296,0.0
map,12,84,1788743276.240204,5.791670255434674,-3.7619418995636984,0.0
map,12,85,1788743276.240204,5.797271756982987,-3.737578190704557,0.0
map,12,86,1788743276.240204,5.8028625773787965,-3.713211430087558,0.0
map,12,87,1788743276.240204,5.80852358820534,-3.6888599282598484,0.0
map,12,88,1788743276.240204,5.814596586342709,-3.664609134441452,0.0
map,12,89,1788743276.240204,5.820686369148298,-3.640362918259843,0.0
map,12,90,1788743276.240204,5.826739530859591,-3.6161060209257307,0.0
map,12,91,1788743276.240204,5.8328186325126765,-3.5918567529862635,0.0
map,12,92,1788743276.240204,5.838874845981827,-3.5676013815310803,0.0
map,12,93,1788743276.240204,5.844966154666345,-3.543355165349471,0.0
map,12,94,1788743276.240204,5.851048308077289,-3.519105897410004,0.0
map,12,95,1788743276.240204,5.857170134340386,-3.4948673106230395,0.0
map,12,96,1788743276.240204,5.8634979542588965,-3.4706806037196607,0.0
map,12,97,1788743276.240204,5.869839507087768,-3.446498474453069,0.0
map,12,98,1788743276.240204,5.876159697611634,-3.422310241670761,0.0
map,12,99,1788743276.240204,5.882499724561576,-3.3981281124041693,0.0
map,12,100,1788743276.240204,5.888827544480087,-3.3739414055007906,0.0
map,12,101,1788743276.240204,5.895178252582532,-3.3497623279920568,0.0
map,12,102,1788743276.240204,5.901522857169262,-3.325580198725465,0.0
map,12,103,1788743276.240204,5.907894927576713,-3.301407224732447,0.0
map,12,104,1788743276.240204,5.914413482361347,-3.277270871833725,0.0
map,12,105,1788743276.240204,5.920921355993478,-3.2531329930560737,0.0
map,12,106,1788743276.240204,5.927438384899183,-3.2289966401573515,0.0
map,12,107,1788743276.240204,5.933947784410243,-3.2048602872586294,0.0
map,12,108,1788743276.240204,5.940472442710593,-3.180725460238836,0.0
map,12,109,1788743276.240204,5.946994049253085,-3.156592159097972,0.0
map,12,110,1788743276.240204,5.953532440463796,-3.1324619097149657,0.0
map,12,111,1788743276.240204,5.960072357553436,-3.1083331862108885,0.0
map,12,112,1788743276.240204,5.966708405015602,-3.084228876769675,0.0
map,12,113,1788743276.240204,5.973336823083123,-3.0601245673284616,0.0
map,12,114,1788743276.240204,5.979975922303147,-3.036021783766177,0.0
map,12,115,1788743276.240204,5.986610443886384,-3.0119174743249637,0.0
map,12,116,1788743276.240204,5.993257172501053,-2.9878177425205372,0.0
map,12,117,1788743276.240204,5.999903901115722,-2.9637180107161107,0.0
map,12,118,1788743276.240204,6.006564362640752,-2.9396213306695422,0.0
map,12,119,1788743276.240204,6.0132858593229415,-2.9155414352911926,0.0
map,12,120,1788743276.240204,6.020016511278705,-2.891464591670701,0.0
map,12,121,1788743276.240204,6.026742585597681,-2.8673862221712803,0.0
map,12,122,1788743276.240204,6.033477815190231,-2.8433109044297176,0.0
map,12,123,1788743276.240204,6.040209993024924,-2.819234060809226,0.0
map,12,124,1788743276.240204,6.046954377891048,-2.795161794825521,0.0
map,12,125,1788743276.240204,6.053698762757172,-2.7710880029628875,0.0
map,12,126,1788743276.240204,6.060456880533657,-2.7470187887370408,0.0
map,12,127,1788743276.240204,6.067256197041225,-2.722961781542626,0.0
map,12,128,1788743276.240204,6.074064668822366,-2.69890630022714,0.0
map,12,129,1788743276.240204,6.080868562966721,-2.674850818911654,0.0
map,12,130,1788743276.240204,6.0876831382635785,-2.6507968634750974,0.0
map,12,131,1788743276.240204,6.094505342955081,-2.6267459597963985,0.0
map,12,132,1788743276.240204,6.101330599404442,-2.6026950561176996,0.0
map,12,133,1788743276.240204,6.108163485248447,-2.5786472041968587,0.0
map,12,134,1788743276.240204,6.115034518065677,-2.5546100334285207,0.0
map,12,135,1788743276.240204,6.121910128519694,-2.5305743885391117,0.0
map,12,136,1788743276.240204,6.128785738973711,-2.5065387436497026,0.0
map,12,137,1788743276.240204,6.135667452943444,-2.4825046246392226,0.0
map,12,138,1788743276.240204,6.142549166913177,-2.4584705056287426,0.0
map,12,139,1788743276.240204,6.149440036156484,-2.4344379124971915,0.0
map,12,140,1788743276.240204,6.15633243127872,-2.4104068452445695,0.0
map,12,141,1788743276.240204,6.163261447495252,-2.3863864591444504,0.0
map,12,142,1788743276.240204,6.1701904637117835,-2.362366073044331,0.0
map,12,143,1788743276.240204,6.177124057565102,-2.338347212823141,0.0
map,12,144,1788743276.240204,6.18405917729735,-2.314328352601951,0.0
map,12,145,1788743276.240204,6.191000400545313,-2.2903110182596897,0.0
map,12,146,1788743276.240204,6.197941623793277,-2.2662936839174286,0.0
map,12,147,1788743276.240204,6.204892002314814,-2.2422794013330254,0.0
map,12,148,1788743276.240204,6.211843906715281,-2.218265118748622,0.0
map,12,149,1788743276.240204,6.218823276936469,-2.194259991437793,0.0
map,12,150,1788743276.240204,6.225804173036586,-2.1702533382480347,0.0
map,12,151,1788743276.240204,6.23278964677349,-2.1462497368161344,0.0
map,12,152,1788743276.240204,6.239776646389323,-2.122246135384234,0.0
map,12,153,1788743276.240204,6.2467697495208725,-2.098244059831263,0.0
map,12,154,1788743276.240204,6.253764378531351,-2.0742419842782915,0.0
map,12,155,1788743276.240204,6.260765111057545,-2.0502429604831782,0.0
map,12,156,1788743276.240204,6.2677917835255315,-2.026250040203781,0.0
map,12,157,1788743276.240204,6.274818455993518,-2.0022586458033125,0.0
map,12,158,1788743276.240204,6.281851231977221,-1.978267251402844,0.0
map,12,159,1788743276.240204,6.288884007960924,-1.9542773828813047,0.0
map,12,160,1788743276.240204,6.295922887460343,-1.9302890402386943,0.0
map,12,161,1788743276.240204,6.30296329283869,-1.906300697596084,0.0
map,12,162,1788743276.240204,6.310009801732754,-1.8823138808324025,0.0
map,12,163,1788743276.240204,6.3170730952950365,-1.858333167584437,0.0
map,12,164,1788743276.240204,6.324142492373035,-1.8343524543364715,0.0
map,12,165,1788743276.240204,6.331211889451033,-1.810373266967435,0.0
map,12,166,1788743276.240204,6.338287390044748,-1.7863956054773276,0.0
map,12,167,1788743276.240204,6.345362890638462,-1.76241794398722,0.0
map,12,168,1788743276.240204,6.352444494747893,-1.7384418083760416,0.0
map,12,169,1788743276.240204,6.359527624736252,-1.714465672764863,0.0
map,12,170,1788743276.240204,6.366630591150688,-1.6904956406694005,0.0
map,12,171,1788743276.240204,6.373733557565124,-1.666527134452867,0.0
map,12,172,1788743276.240204,6.3808411016163475,-1.6425586282363334,0.0
map,12,173,1788743276.240204,6.3879501715465,-1.6185901220197998,0.0
map,12,174,1788743276.240204,6.395063819113439,-1.5946231416821952,0.0
map,12,175,1788743276.240204,6.402177466680378,-1.5706576872235196,0.0
map,12,176,1788743276.240204,6.409298743641962,-1.546692232764844,0.0
map,12,177,1788743276.240204,6.416433753513907,-1.5227328818218844,0.0
map,12,178,1788743276.240204,6.42357181514371,-1.4987735308789247,0.0
map,12,179,1788743276.240204,6.430711402652442,-1.474814179935965,0.0
map,12,180,1788743276.240204,6.4378555677979605,-1.4508563548719344,0.0
map,12,181,1788743276.240204,6.445004310580266,-1.4269000556868328,0.0
map,12,182,1788743276.240204,6.452153053362572,-1.40294528238066,0.0
map,12,183,1788743276.240204,6.459307899660594,-1.3789905090744874,0.0
map,12,184,1788743276.240204,6.466474952990048,-1.3550403134051017,0.0
map,12,185,1788743276.240204,6.473646583956288,-1.331090117735716,0.0
map,12,186,1788743276.240204,6.480818214922529,-1.3071414479452592,0.0
map,12,187,1788743276.240204,6.487994423525556,-1.2831927781548025,0.0
map,12,188,1788743276.240204,6.495172158007513,-1.2592456342432747,0.0
map,12,189,1788743276.240204,6.502354470126257,-1.235300016210676,0.0
map,12,190,1788743276.240204,6.509538308123929,-1.2113543981780772,0.0
map,12,191,1788743276.240204,6.5167358790319625,-1.1874133577822654,0.0
map,12,192,1788743276.240204,6.523934975818925,-1.1634707915075246,0.0
map,12,193,1788743276.240204,6.531137124363745,-1.1395312769906418,0.0
map,12,194,1788743276.240204,6.538340798787495,-1.115591762473759,0.0
map,12,195,1788743276.240204,6.545549050848031,-1.0916537738358052,0.0
map,12,196,1788743276.240204,6.552758828787496,-1.0677157851978514,0.0
map,12,197,1788743276.240204,6.55997165848482,-1.0437793224388265,0.0
map,12,198,1788743276.240204,6.567195169334646,-1.0198459114376597,0.0
map,12,199,1788743276.240204,6.57442173194233,-0.9959125004364928,0.0
map,12,200,1788743276.240204,6.581649820428943,-0.971980615314255,0.0
map,12,201,1788743276.240204,6.588882486552343,-0.9480487301920171,0.0
map,12,202,1788743276.240204,6.596115152675743,-0.9241183709487082,0.0
map,12,203,1788743276.240204,6.603353922314859,-0.9001895375843283,0.0
map,12,204,1788743276.240204,6.6105942178329045,-0.8762607042199484,0.0
map,12,205,1788743276.240204,6.617845194503452,-0.8523349226134265,0.0
map,12,206,1788743276.240204,6.625097697052929,-0.8284106668858335,0.0
map,12,207,1788743276.240204,6.632353251360264,-0.8044864111582406,0.0
map,12,208,1788743276.240204,6.639610331546528,-0.7805636813095767,0.0
map,12,209,1788743276.240204,6.64687046349065,-0.7566409514609127,0.0
map,12,210,1788743276.240204,6.654135173071559,-0.7327182216122488,0.0
map,12,211,1788743276.240204,6.661399882652468,-0.7087985435214428,0.0
map,12,212,1788743276.240204,6.66867527338588,-0.6848803913095658,0.0
map,12,213,1788743276.240204,6.675950664119291,-0.6609622390976888,0.0
map,12,214,1788743276.240204,6.68323063248949,-0.6370456127647408,0.0
map,12,215,1788743276.240204,6.690512126738618,-0.6131289864317928,0.0
map,12,216,1788743276.240204,6.6977966727456035,-0.5892138859777738,0.0
map,12,217,1788743276.240204,6.705084270510447,-0.5653003114026838,0.0
map,12,218,1788743276.240204,6.712374920033149,-0.5413867368275938,0.0
map,12,219,1788743276.240204,6.719671673071566,-0.5174746881314327,0.0
map,12,220,1788743276.240204,6.726971477867842,-0.49356416531420066,0.0
map,12,221,1788743276.240204,6.7342728085430466,-0.4696551683758976,0.0
map,12,222,1788743276.240204,6.741578716855038,-0.44574617143759454,0.0
map,12,223,1788743276.240204,6.74888462516703,-0.4218371744992915,0.0
map,12,224,1788743276.240204,6.756195111115808,-0.3979297034399174,0.0
map,12,225,1788743276.240204,6.7635117005803025,-0.3740237582594723,0.0
map,12,226,1788743276.240204,6.770831341802655,-0.3501193389579562,0.0
map,12,227,1788743276.240204,6.778154034782865,-0.3262164455353691,0.0
map,12,228,1788743276.240204,6.785478253642005,-0.302313552112782,0.0
map,12,229,1788743276.240204,6.792805524259002,-0.27841218456912387,0.0
map,12,230,1788743276.240204,6.800135846633857,-0.25451081702546574,0.0
map,12,231,1788743276.240204,6.807467694887642,-0.23060944948180762,0.0
map,12,232,1788743276.240204,6.814807172536071,-0.20671113369600747,0.0
map,12,233,1788743276.240204,6.822148176063429,-0.18281281791020731,0.0
map,12,234,1788743276.240204,6.829492231348645,-0.15891602800333615,0.0
map,12,235,1788743276.240204,6.836839338391719,-0.13502076397539398,0.0
map,12,236,1788743276.240204,6.844187971313723,-0.11112397406852281,0.0
map,12,237,1788743276.240204,6.851538130114655,-0.08723023591950962,0.0
map,12,238,1788743276.240204,6.858891340673445,-0.06333497189156745,0.0
map,12,239,1788743276.240204,6.866250654747951,-0.03944275962148325,0.0
map,12,240,1788743276.240204,6.873611494701386,-0.015552073230328034,0.0
map,12,241,1788743276.240204,6.880975386412679,0.00833861316082718,0.0
map,12,242,1788743276.240204,6.888340804002901,0.03222929955198239,0.0
map,12,243,1788743276.240204,6.89571079922991,0.05611846006420862,0.0
map,12,244,1788743276.240204,6.903080794456919,0.08000762057643485,0.0
map,12,245,1788743276.240204,6.910455367320715,0.10389525520973208,0.0
map,12,246,1788743276.240204,6.917832991942369,0.12778136396410034,0.0
map,12,247,1788743276.240204,6.925213668321881,0.1516674727184686,0.0
map,12,248,1788743276.240204,6.932597396459251,0.17555205559390785,0.0
map,12,249,1788743276.240204,6.9399826504755495,0.19943663846934712,0.0
map,12,250,1788743276.240204,6.947372482128635,0.2233196954658574,0.0
map,12,251,1788743276.240204,6.954762313781721,0.24720275246236767,0.0
map,12,252,1788743276.240204,6.962156723071594,0.27108428357994896,0.0
map,12,253,1788743276.240204,6.969554184119325,0.29496428881860126,0.0
map,12,254,1788743276.240204,6.9769531710459844,0.31884429405725356,0.0
map,12,255,1788743276.240204,6.984355209730502,0.3427227734169769,0.0
map,12,256,1788743276.240204,6.991760300172878,0.3666012527767002,0.0
map,12,257,1788743276.240204,6.9991684423731115,0.3904782062574945,0.0
map,12,258,1788743276.240204,7.006578110452274,0.41435515973828885,0.0
map,12,259,1788743276.240204,7.013990830289295,0.4382305873401542,0.0
map,12,260,1788743276.240204,7.021406601884173,0.4621060149420195,0.0
map,12,261,1788743276.240204,7.028823899357981,0.4859799166649559,0.0
map,12,262,1788743276.240204,7.036245774468576,0.5098538183878922,0.0
map,12,263,1788743276.240204,7.04366764957917,0.5337261942318996,0.0
map,12,264,1788743276.240204,7.051094102326552,0.557597044196978,0.0
map,12,265,1788743276.240204,7.058520555073933,0.5814694200409853,0.0
map,12,266,1788743276.240204,7.065951585458102,0.6053387441271347,0.0
map,12,267,1788743276.240204,7.073385667600128,0.6292080682132841,0.0
map,12,268,1788743276.240204,7.0808212756210835,0.6530773922994335,0.0
map,12,269,1788743276.240204,7.088259935399897,0.6769451905066539,0.0
map,12,270,1788743276.240204,7.095700121057639,0.7008114628349453,0.0
map,12,271,1788743276.240204,7.10314335847324,0.7246777351632367,0.0
map,12,272,1788743276.240204,7.110588121767769,0.7485440074915282,0.0
map,12,273,1788743276.240204,7.118037462699085,0.7724087539408906,0.0
map,12,274,1788743276.240204,7.125488329509331,0.796271974511324,0.0
map,12,275,1788743276.240204,7.132942248077434,0.8201351950817575,0.0
map,12,276,1788743276.240204,7.140399218403395,0.8439968897732619,0.0
map,12,277,1788743276.240204,7.147857714608286,0.8678585844647664,0.0
map,12,278,1788743276.240204,7.155317736692105,0.8917187532773418,0.0
map,12,279,1788743276.240204,7.162780810533782,0.9155789220899173,0.0
map,12,280,1788743276.240204,7.170246936133317,0.9394390909024928,0.0
map,12,281,1788743276.240204,7.17771611349071,0.9632962079572103,0.0
map,12,282,1788743276.240204,7.1851868167270325,0.9871548508908567,0.0
map,12,283,1788743276.240204,7.192660571721213,1.0110119679455742,0.0
map,12,284,1788743276.240204,7.200134326715393,1.0348675591213627,0.0
map,12,285,1788743276.240204,7.20761265934636,1.0587231502971512,0.0
map,12,286,1788743276.240204,7.215092517856256,1.0825787414729398,0.0
map,12,287,1788743276.240204,7.222573902245081,1.1064312808908703,0.0
map,12,288,1788743276.240204,7.230058338391764,1.1302853461877298,0.0
map,12,289,1788743276.240204,7.237545826296305,1.1541378856056603,0.0
map,12,290,1788743276.240204,7.245034840079775,1.1779904250235909,0.0
map,12,291,1788743276.240204,7.252526905621103,1.2018414385625924,0.0
map,12,292,1788743276.240204,7.26002049704136,1.225690926222665,0.0
map,12,293,1788743276.240204,7.267517140219475,1.2495404138827375,0.0
map,12,294,1788743276.240204,7.275015309276519,1.27338990154281,0.0
map,12,295,1788743276.240204,7.282516530091421,1.2972378633239536,0.0
map,12,296,1788743276.240204,7.290019276785252,1.3210858251050972,0.0
map,12,297,1788743276.240204,7.2975266011158695,1.3449322610073118,0.0
map,12,298,1788743276.240204,7.305033925446487,1.3687771710305974,0.0
map,12,299,1788743276.240204,7.312545827413892,1.392623606932812,0.0
map,12,300,1788743276.240204,7.320057729381297,1.4164669910771686,0.0
map,12,301,1788743276.240204,7.327571157227631,1.4403119011004542,0.0
map,12,302,1788743276.240204,7.3350891627107515,1.4641552852448108,0.0
map,12,303,1788743276.240204,7.342608694072801,1.4879971435102384,0.0
map,12,304,1788743276.240204,7.350131277192709,1.511839001775666,0.0
map,12,305,1788743276.240204,7.357655386191546,1.5356793341621646,0.0
map,12,306,1788743276.240204,7.365179495190382,1.5595196665486633,0.0
map,12,307,1788743276.240204,7.372706655947077,1.5833599989351619,0.0
map,12,308,1788743276.240204,7.38023686846163,1.6071988054427315,0.0
map,12,309,1788743276.240204,7.38777013273404,1.6310376119503012,0.0
map,12,310,1788743276.240204,7.39530492288538,1.6548748925789418,0.0
map,12,311,1788743276.240204,7.402842764794578,1.6787106473286535,0.0
map,12,312,1788743276.240204,7.410382132582704,1.7025464020783652,0.0
map,12,313,1788743276.240204,7.41792302624976,1.7263821568280768,0.0
map,12,314,1788743276.240204,7.425465445795744,1.7502179115777885,0.0
map,12,315,1788743276.240204,7.433010917099587,1.7740521404485712,0.0
map,12,316,1788743276.240204,7.440559440161287,1.7978848434404249,0.0
map,12,317,1788743276.240204,7.448111014980846,1.8217175464322786,0.0
map,12,318,1788743276.240204,7.455665641558262,1.8455487235452033,0.0
map,12,319,1788743276.240204,7.463217216377821,1.869379900658128,0.0
map,12,320,1788743276.240204,7.470771842955237,1.8932110777710527,0.0
map,12,321,1788743276.240204,7.478331047169441,1.9170422548839774,0.0
map,12,322,1788743276.240204,7.485891777262573,1.9408703802390441,0.0
map,12,323,1788743276.240204,7.493457084992492,1.9646985055941109,0.0
map,12,324,1788743276.240204,7.501023918601341,1.9885266309491776,0.0
map,12,325,1788743276.240204,7.508592278089118,2.0123532304253153,0.0
map,12,326,1788743276.240204,7.5161606375768955,2.036179829901453,0.0
map,12,327,1788743276.240204,7.523730522943602,2.060006429377591,0.0
map,12,328,1788743276.240204,7.531303460068166,2.0838315029747996,0.0
map,12,329,1788743276.240204,7.538880974829517,2.1076550506930793,0.0
map,12,330,1788743276.240204,7.546460015469798,2.131478598411359,0.0
map,12,331,1788743276.240204,7.554043633746865,2.155302146129639,0.0
map,12,332,1788743276.240204,7.561627252023932,2.1791226420900607,0.0
map,12,333,1788743276.240204,7.56920934442207,2.2029461898083404,0.0
map,12,334,1788743276.240204,7.5767944885780665,2.2267666857687622,0.0
map,12,335,1788743276.240204,7.58438421037085,2.250587181729184,0.0
map,12,336,1788743276.240204,7.591975458042562,2.274406151810677,0.0
map,12,337,1788743276.240204,7.599571283351061,2.2982251218921697,0.0
map,12,338,1788743276.240204,7.607170160417418,2.3220425660947335,0.0
map,12,339,1788743276.240204,7.614762933968059,2.3458615361762263,0.0
map,12,340,1788743276.240204,7.622360285155487,2.36967898037879,0.0
map,12,341,1788743276.240204,7.629962213979702,2.393494898702425,0.0
map,12,342,1788743276.240204,7.637567194561775,2.4173108170260598,0.0
map,12,343,1788743276.240204,7.645175226901706,2.4411252094707656,0.0
map,12,344,1788743276.240204,7.652786310999495,2.4649380760365425,0.0
map,12,345,1788743276.240204,7.660398920976213,2.4887509426023193,0.0
map,12,346,1788743276.240204,7.668006953316144,2.512565335047025,0.0
map,12,347,1788743276.240204,7.675619563292862,2.536378201612802,0.0
map,12,348,1788743276.240204,7.683236750906367,2.56018954229965,0.0
map,12,349,1788743276.240204,7.690855464398801,2.583999357107569,0.0
map,12,350,1788743276.240204,7.698480281406951,2.6078091719154877,0.0
map,12,351,1788743276.240204,7.706105098415101,2.6316174608444776,0.0
map,12,352,1788743276.240204,7.713723811907535,2.6554288015313254,0.0
map,12,353,1788743276.240204,7.721345577157827,2.6792386163392443,0.0
map,12,354,1788743276.240204,7.728973445923835,2.7030453793893052,0.0
map,12,355,1788743276.240204,7.736605892326629,2.726852142439366,0.0
map,12,356,1788743276.240204,7.744241390487282,2.750657379610498,0.0
map,12,357,1788743276.240204,7.751879940405793,2.77446261678163,0.0
map,12,358,1788743276.240204,7.759523067961091,2.798264802194904,0.0
map,12,359,1788743276.240204,7.7671555143638855,2.822071565244965,0.0
map,12,360,1788743276.240204,7.774794064282396,2.8458768024160968,0.0
map,12,361,1788743276.240204,7.782438717716623,2.8696789878293707,0.0
map,12,362,1788743276.240204,7.790086422908708,2.8934811732426446,0.0
map,12,363,1788743276.240204,7.797738705737579,2.9172803068980606,0.0
map,12,364,1788743276.240204,7.805394040324309,2.9410794405534766,0.0
map,12,365,1788743276.240204,7.813035642000678,2.9648831518456795,0.0
map,12,366,1788743276.240204,7.820684873071691,2.9886838113800245,0.0
map,12,367,1788743276.240204,7.828340207658421,3.0124829450354405,0.0
map,12,368,1788743276.240204,7.836000119881938,3.0362805528119274,0.0
map,12,369,1788743276.240204,7.843664609742241,3.0600766347094854,0.0
map,12,370,1788743276.240204,7.851335203118261,3.0838711907281144,0.0
map,12,371,1788743276.240204,7.859007322373209,3.1076642208678145,0.0
map,12,372,1788743276.240204,7.866662656959939,3.1314633545232304,0.0
map,12,373,1788743276.240204,7.874322569183455,3.1552609622997174,0.0
map,12,374,1788743276.240204,7.881994688438404,3.1790555183183464,0.0
map,12,375,1788743276.240204,7.889668333572281,3.2028485484580465,0.0
map,12,376,1788743276.240204,7.897332823432585,3.2266446303556044,0.0
map,12,377,1788743276.240204,7.905011046203249,3.2504361346163755,0.0
map,12,378,1788743276.240204,7.912689268973914,3.2742276388771465,0.0
map,12,379,1788743276.240204,7.9707,3.31,0.7715
map,13,0,1788743277.2695715,5.862689238426533,-5.875772497468478,0.0
map,13,1,1788743277.2695715,5.862321501604647,-5.849335119144843,0.0
map,13,2,1788743277.2695715,5.86213687025424,-5.824336644651243,0.0
map,13,3,1788743277.2695715,5.861885100230957,-5.799336644278714,0.0
map,13,4,1788743277.2695715,5.8615707691715855,-5.774339695664043,0.0
map,13,5,1788743277.2695715,5.861166411255404,-5.749342747049372,0.0
map,13,6,1788743277.2695715,5.860679655877057,-5.72434732431363,0.0
map,13,7,1788743277.2695715,5.860081511336894,-5.699354953335746,0.0
map,13,8,1788743277.2695715,5.85937960702956,-5.674364108236791,0.0
map,13,9,1788743277.2695715,5.8585449512554035,-5.649377840774623,0.0
map,13,10,1788743277.2695715,5.8575882251669285,-5.6243961509492415,0.0
map,13,11,1788743277.2695715,5.856475859427697,-5.599420564639576,0.0
map,13,12,1788743277.2695715,5.855226164584856,-5.574452607724556,0.0
map,13,13,1788743277.2695715,5.853800993665182,-5.54949380608311,0.0
map,13,14,1788743277.2695715,5.85222170897368,-5.524542633836308,0.0
map,13,15,1788743277.2695715,5.8504501635371255,-5.499606720378797,0.0
map,13,16,1788743277.2695715,5.848510771418383,-5.474681488073788,0.0
map,13,17,1788743277.2695715,5.846363859765297,-5.449773040436998,0.0
map,13,18,1788743277.2695715,5.844035368519663,-5.424882903347356,0.0
map,13,19,1788743277.2695715,5.841488676587183,-5.400012602683791,0.0
map,13,20,1788743277.2695715,5.838751249788579,-5.375162138446303,0.0
map,13,21,1788743277.2695715,5.83578188939277,-5.350339140029536,0.0
map,13,22,1788743277.2695715,5.832615690615121,-5.325540555675634,0.0
map,13,23,1788743277.2695715,5.829206877087763,-5.30077401477924,0.0
map,13,24,1788743277.2695715,5.825560026447484,-5.2760425690982125,0.0
map,13,25,1788743277.2695715,5.821696500999288,-5.251341640995765,0.0
map,13,26,1788743277.2695715,5.817587309043525,-5.2266819116244,0.0
map,13,27,1788743277.2695715,5.8132583905219875,-5.20206032922626,0.0
map,13,28,1788743277.2695715,5.808862333327575,-5.177449427980623,0.0
map,13,29,1788743277.2695715,5.804455594980659,-5.152841578492843,0.0
map,13,30,1788743277.2695715,5.80000918378159,-5.12823983252078,0.0
map,13,31,1788743277.2695715,5.795550565551089,-5.103639612427646,0.0
map,13,32,1788743277.2695715,5.791056852105221,-5.079047021729156,0.0
map,13,33,1788743277.2695715,5.786550931627922,-5.054457482788525,0.0
map,13,34,1788743277.2695715,5.782011441814184,-5.0298725214846804,0.0
map,13,35,1788743277.2695715,5.777459744969015,-5.005290611938694,0.0
map,13,36,1788743277.2695715,5.772880582303124,-4.980713280029494,0.0
map,13,37,1788743277.2695715,5.768292264363659,-4.956137473999224,0.0
map,13,38,1788743277.2695715,5.76367953236133,-4.931567771484669,0.0
map,13,39,1788743277.2695715,5.759034756901492,-4.907002646606902,0.0
map,13,40,1788743277.2695715,5.754393033199513,-4.882437521729134,0.0
map,13,41,1788743277.2695715,5.749768094165752,-4.857869345093508,0.0
map,13,42,1788743277.2695715,5.745137051616275,-4.833301168457883,0.0
map,13,43,1788743277.2695715,5.740509060824657,-4.808732991822257,0.0
map,13,44,1788743277.2695715,5.735871914759464,-4.78416786694449,0.0
map,13,45,1788743277.2695715,5.727275112873549,-4.760692219622019,0.0
map,13,46,1788743277.2695715,5.721673611325237,-4.736326984883949,0.0
map,13,47,1788743277.2695715,5.721438625970173,-4.711328510390349,0.0
map,13,48,1788743277.2695715,5.721194485341535,-4.686330035896749,0.0
map,13,49,1788743277.2695715,5.720976284654689,-4.6613300355242195,0.0
map,13,50,1788743277.2695715,5.72074892869427,-4.6363315610306195,0.0
map,13,51,1788743277.2695715,5.720541409159928,-4.6113330865370195,0.0
map,13,52,1788743277.2695715,5.720318630836296,-4.58633308616449,0.0
map,13,53,1788743277.2695715,5.720097378391593,-4.56133461167089,0.0
map,13,54,1788743277.2695715,5.719827297821162,-4.53633613717729,0.0
map,13,55,1788743277.2695715,5.719477871546424,-4.511339188562619,0.0
map,13,56,1788743277.2695715,5.7189102445848405,-4.486345291705806,0.0
map,13,57,1788743277.2695715,5.717918423280999,-4.461365127759354,0.0
map,13,58,1788743277.2695715,5.716040066319415,-4.436435317817558,0.0
map,13,59,1788743277.2695715,5.712606838729194,-4.411671828679022,0.0
map,13,60,1788743277.2695715,5.706793240009752,-4.387356947945609,0.0
map,13,61,1788743277.2695715,5.698120144177388,-4.363910292322789,0.0
map,13,62,1788743277.2695715,5.71949923385143,-4.350951002578899,0.0
map,13,63,1788743277.2695715,5.740892056435833,-4.338016126897873,0.0
map,13,64,1788743277.2695715,5.762689236936417,-4.3257724743716786,0.0
map,13,65,1788743277.2695715,5.762689236936417,-4.2757724736266205,0.0
map,13,66,1788743277.2695715,5.762689236936417,-4.225772472881562,0.0
map,13,67,1788743277.2695715,5.734121731627916,-4.182091136781441,0.0
map,13,68,1788743277.2695715,5.7365524567617925,-4.157208629086444,0.0
map,13,69,1788743277.2695715,5.739035061779255,-4.132332224907163,0.0
map,13,70,1788743277.2695715,5.741192654584843,-4.107425303149302,0.0
map,13,71,1788743277.2695715,5.743405179031875,-4.082524484907157,0.0
map,13,72,1788743277.2695715,5.745430020370641,-4.057605356117865,0.0
map,13,73,1788743277.2695715,5.747528103897999,-4.032693856723217,0.0
map,13,74,1788743277.2695715,5.749543789963191,-4.007776253812853,0.0
map,13,75,1788743277.2695715,5.7516479770062645,-3.9828647544182054,0.0
map,13,76,1788743277.2695715,5.75373385350219,-3.9579517291446287,0.0
map,13,77,1788743277.2695715,5.755925015644216,-3.933047859144626,0.0
map,13,78,1788743277.2695715,5.758137540091248,-3.908145515023552,0.0
map,13,79,1788743277.2695715,5.7638443272856605,-3.8838062202272745,0.0
map,13,80,1788743277.2695715,5.769421414771109,-3.8594364078524173,0.0
map,13,81,1788743277.2695715,5.775024442198351,-3.835071173114347,0.0
map,13,82,1788743277.2695715,5.780552701558072,-3.810690679586987,0.0
map,13,83,1788743277.2695715,5.786129789043521,-3.7863208672121296,0.0
map,13,84,1788743277.2695715,5.791670255434674,-3.7619418995636984,0.0
map,13,85,1788743277.2695715,5.797271756982987,-3.737578190704557,0.0
map,13,86,1788743277.2695715,5.8028625773787965,-3.713211430087558,0.0
map,13,87,1788743277.2695715,5.80852358820534,-3.6888599282598484,0.0
map,13,88,1788743277.2695715,5.814596586342709,-3.664609134441452,0.0
map,13,89,1788743277.2695715,5.820686369148298,-3.640362918259843,0.0
map,13,90,1788743277.2695715,5.826739530859591,-3.6161060209257307,0.0
map,13,91,1788743277.2695715,5.8328186325126765,-3.5918567529862635,0.0
map,13,92,1788743277.2695715,5.838874845981827,-3.5676013815310803,0.0
map,13,93,1788743277.2695715,5.844966154666345,-3.543355165349471,0.0
map,13,94,1788743277.2695715,5.851048308077289,-3.519105897410004,0.0
map,13,95,1788743277.2695715,5.857170134340386,-3.4948673106230395,0.0
map,13,96,1788743277.2695715,5.8634979542588965,-3.4706806037196607,0.0
map,13,97,1788743277.2695715,5.869839507087768,-3.446498474453069,0.0
map,13,98,1788743277.2695715,5.876159697611634,-3.422310241670761,0.0
map,13,99,1788743277.2695715,5.882499724561576,-3.3981281124041693,0.0
map,13,100,1788743277.2695715,5.888827544480087,-3.3739414055007906,0.0
map,13,101,1788743277.2695715,5.895178252582532,-3.3497623279920568,0.0
map,13,102,1788743277.2695715,5.901522857169262,-3.325580198725465,0.0
map,13,103,1788743277.2695715,5.907894927576713,-3.301407224732447,0.0
map,13,104,1788743277.2695715,5.914413482361347,-3.277270871833725,0.0
map,13,105,1788743277.2695715,5.920921355993478,-3.2531329930560737,0.0
map,13,106,1788743277.2695715,5.927438384899183,-3.2289966401573515,0.0
map,13,107,1788743277.2695715,5.933947784410243,-3.2048602872586294,0.0
map,13,108,1788743277.2695715,5.940472442710593,-3.180725460238836,0.0
map,13,109,1788743277.2695715,5.946994049253085,-3.156592159097972,0.0
map,13,110,1788743277.2695715,5.953532440463796,-3.1324619097149657,0.0
map,13,111,1788743277.2695715,5.960072357553436,-3.1083331862108885,0.0
map,13,112,1788743277.2695715,5.966708405015602,-3.084228876769675,0.0
map,13,113,1788743277.2695715,5.973336823083123,-3.0601245673284616,0.0
map,13,114,1788743277.2695715,5.979975922303147,-3.036021783766177,0.0
map,13,115,1788743277.2695715,5.986610443886384,-3.0119174743249637,0.0
map,13,116,1788743277.2695715,5.993257172501053,-2.9878177425205372,0.0
map,13,117,1788743277.2695715,5.999903901115722,-2.9637180107161107,0.0
map,13,118,1788743277.2695715,6.006564362640752,-2.9396213306695422,0.0
map,13,119,1788743277.2695715,6.0132858593229415,-2.9155414352911926,0.0
map,13,120,1788743277.2695715,6.020016511278705,-2.891464591670701,0.0
map,13,121,1788743277.2695715,6.026742585597681,-2.8673862221712803,0.0
map,13,122,1788743277.2695715,6.033477815190231,-2.8433109044297176,0.0
map,13,123,1788743277.2695715,6.040209993024924,-2.819234060809226,0.0
map,13,124,1788743277.2695715,6.046954377891048,-2.795161794825521,0.0
map,13,125,1788743277.2695715,6.053698762757172,-2.7710880029628875,0.0
map,13,126,1788743277.2695715,6.060456880533657,-2.7470187887370408,0.0
map,13,127,1788743277.2695715,6.067256197041225,-2.722961781542626,0.0
map,13,128,1788743277.2695715,6.074064668822366,-2.69890630022714,0.0
map,13,129,1788743277.2695715,6.080868562966721,-2.674850818911654,0.0
map,13,130,1788743277.2695715,6.0876831382635785,-2.6507968634750974,0.0
map,13,131,1788743277.2695715,6.094505342955081,-2.6267459597963985,0.0
map,13,132,1788743277.2695715,6.101330599404442,-2.6026950561176996,0.0
map,13,133,1788743277.2695715,6.108163485248447,-2.5786472041968587,0.0
map,13,134,1788743277.2695715,6.115034518065677,-2.5546100334285207,0.0
map,13,135,1788743277.2695715,6.121910128519694,-2.5305743885391117,0.0
map,13,136,1788743277.2695715,6.128785738973711,-2.5065387436497026,0.0
map,13,137,1788743277.2695715,6.135667452943444,-2.4825046246392226,0.0
map,13,138,1788743277.2695715,6.142549166913177,-2.4584705056287426,0.0
map,13,139,1788743277.2695715,6.149440036156484,-2.4344379124971915,0.0
map,13,140,1788743277.2695715,6.15633243127872,-2.4104068452445695,0.0
map,13,141,1788743277.2695715,6.163261447495252,-2.3863864591444504,0.0
map,13,142,1788743277.2695715,6.1701904637117835,-2.362366073044331,0.0
map,13,143,1788743277.2695715,6.177124057565102,-2.338347212823141,0.0
map,13,144,1788743277.2695715,6.18405917729735,-2.314328352601951,0.0
map,13,145,1788743277.2695715,6.191000400545313,-2.2903110182596897,0.0
map,13,146,1788743277.2695715,6.197941623793277,-2.2662936839174286,0.0
map,13,147,1788743277.2695715,6.204892002314814,-2.2422794013330254,0.0
map,13,148,1788743277.2695715,6.211843906715281,-2.218265118748622,0.0
map,13,149,1788743277.2695715,6.218823276936469,-2.194259991437793,0.0
map,13,150,1788743277.2695715,6.225804173036586,-2.1702533382480347,0.0
map,13,151,1788743277.2695715,6.23278964677349,-2.1462497368161344,0.0
map,13,152,1788743277.2695715,6.239776646389323,-2.122246135384234,0.0
map,13,153,1788743277.2695715,6.2467697495208725,-2.098244059831263,0.0
map,13,154,1788743277.2695715,6.253764378531351,-2.0742419842782915,0.0
map,13,155,1788743277.2695715,6.260765111057545,-2.0502429604831782,0.0
map,13,156,1788743277.2695715,6.2677917835255315,-2.026250040203781,0.0
map,13,157,1788743277.2695715,6.274818455993518,-2.0022586458033125,0.0
map,13,158,1788743277.2695715,6.281851231977221,-1.978267251402844,0.0
map,13,159,1788743277.2695715,6.288884007960924,-1.9542773828813047,0.0
map,13,160,1788743277.2695715,6.295922887460343,-1.9302890402386943,0.0
map,13,161,1788743277.2695715,6.30296329283869,-1.906300697596084,0.0
map,13,162,1788743277.2695715,6.310009801732754,-1.8823138808324025,0.0
map,13,163,1788743277.2695715,6.3170730952950365,-1.858333167584437,0.0
map,13,164,1788743277.2695715,6.324142492373035,-1.8343524543364715,0.0
map,13,165,1788743277.2695715,6.331211889451033,-1.810373266967435,0.0
map,13,166,1788743277.2695715,6.338287390044748,-1.7863956054773276,0.0
map,13,167,1788743277.2695715,6.345362890638462,-1.76241794398722,0.0
map,13,168,1788743277.2695715,6.352444494747893,-1.7384418083760416,0.0
map,13,169,1788743277.2695715,6.359527624736252,-1.714465672764863,0.0
map,13,170,1788743277.2695715,6.366630591150688,-1.6904956406694005,0.0
map,13,171,1788743277.2695715,6.373733557565124,-1.666527134452867,0.0
map,13,172,1788743277.2695715,6.3808411016163475,-1.6425586282363334,0.0
map,13,173,1788743277.2695715,6.3879501715465,-1.6185901220197998,0.0
map,13,174,1788743277.2695715,6.395063819113439,-1.5946231416821952,0.0
map,13,175,1788743277.2695715,6.402177466680378,-1.5706576872235196,0.0
map,13,176,1788743277.2695715,6.409298743641962,-1.546692232764844,0.0
map,13,177,1788743277.2695715,6.416433753513907,-1.5227328818218844,0.0
map,13,178,1788743277.2695715,6.42357181514371,-1.4987735308789247,0.0
map,13,179,1788743277.2695715,6.430711402652442,-1.474814179935965,0.0
map,13,180,1788743277.2695715,6.4378555677979605,-1.4508563548719344,0.0
map,13,181,1788743277.2695715,6.445004310580266,-1.4269000556868328,0.0
map,13,182,1788743277.2695715,6.452153053362572,-1.40294528238066,0.0
map,13,183,1788743277.2695715,6.459307899660594,-1.3789905090744874,0.0
map,13,184,1788743277.2695715,6.466474952990048,-1.3550403134051017,0.0
map,13,185,1788743277.2695715,6.473646583956288,-1.331090117735716,0.0
map,13,186,1788743277.2695715,6.480818214922529,-1.3071414479452592,0.0
map,13,187,1788743277.2695715,6.487994423525556,-1.2831927781548025,0.0
map,13,188,1788743277.2695715,6.495172158007513,-1.2592456342432747,0.0
map,13,189,1788743277.2695715,6.502354470126257,-1.235300016210676,0.0
map,13,190,1788743277.2695715,6.509538308123929,-1.2113543981780772,0.0
map,13,191,1788743277.2695715,6.5167358790319625,-1.1874133577822654,0.0
map,13,192,1788743277.2695715,6.523934975818925,-1.1634707915075246,0.0
map,13,193,1788743277.2695715,6.531137124363745,-1.1395312769906418,0.0
map,13,194,1788743277.2695715,6.538340798787495,-1.115591762473759,0.0
map,13,195,1788743277.2695715,6.545549050848031,-1.0916537738358052,0.0
map,13,196,1788743277.2695715,6.552758828787496,-1.0677157851978514,0.0
map,13,197,1788743277.2695715,6.55997165848482,-1.0437793224388265,0.0
map,13,198,1788743277.2695715,6.567195169334646,-1.0198459114376597,0.0
map,13,199,1788743277.2695715,6.57442173194233,-0.9959125004364928,0.0
map,13,200,1788743277.2695715,6.581649820428943,-0.971980615314255,0.0
map,13,201,1788743277.2695715,6.588882486552343,-0.9480487301920171,0.0
map,13,202,1788743277.2695715,6.596115152675743,-0.9241183709487082,0.0
map,13,203,1788743277.2695715,6.603353922314859,-0.9001895375843283,0.0
map,13,204,1788743277.2695715,6.6105942178329045,-0.8762607042199484,0.0
map,13,205,1788743277.2695715,6.617845194503452,-0.8523349226134265,0.0
map,13,206,1788743277.2695715,6.625097697052929,-0.8284106668858335,0.0
map,13,207,1788743277.2695715,6.632353251360264,-0.8044864111582406,0.0
map,13,208,1788743277.2695715,6.639610331546528,-0.7805636813095767,0.0
map,13,209,1788743277.2695715,6.64687046349065,-0.7566409514609127,0.0
map,13,210,1788743277.2695715,6.654135173071559,-0.7327182216122488,0.0
map,13,211,1788743277.2695715,6.661399882652468,-0.7087985435214428,0.0
map,13,212,1788743277.2695715,6.66867527338588,-0.6848803913095658,0.0
map,13,213,1788743277.2695715,6.675950664119291,-0.6609622390976888,0.0
map,13,214,1788743277.2695715,6.68323063248949,-0.6370456127647408,0.0
map,13,215,1788743277.2695715,6.690512126738618,-0.6131289864317928,0.0
map,13,216,1788743277.2695715,6.6977966727456035,-0.5892138859777738,0.0
map,13,217,1788743277.2695715,6.705084270510447,-0.5653003114026838,0.0
map,13,218,1788743277.2695715,6.712374920033149,-0.5413867368275938,0.0
map,13,219,1788743277.2695715,6.719671673071566,-0.5174746881314327,0.0
map,13,220,1788743277.2695715,6.726971477867842,-0.49356416531420066,0.0
map,13,221,1788743277.2695715,6.7342728085430466,-0.4696551683758976,0.0
map,13,222,1788743277.2695715,6.741578716855038,-0.44574617143759454,0.0
map,13,223,1788743277.2695715,6.74888462516703,-0.4218371744992915,0.0
map,13,224,1788743277.2695715,6.756195111115808,-0.3979297034399174,0.0
map,13,225,1788743277.2695715,6.7635117005803025,-0.3740237582594723,0.0
map,13,226,1788743277.2695715,6.770831341802655,-0.3501193389579562,0.0
map,13,227,1788743277.2695715,6.778154034782865,-0.3262164455353691,0.0
map,13,228,1788743277.2695715,6.785478253642005,-0.302313552112782,0.0
map,13,229,1788743277.2695715,6.792805524259002,-0.27841218456912387,0.0
map,13,230,1788743277.2695715,6.800135846633857,-0.25451081702546574,0.0
map,13,231,1788743277.2695715,6.807467694887642,-0.23060944948180762,0.0
map,13,232,1788743277.2695715,6.814807172536071,-0.20671113369600747,0.0
map,13,233,1788743277.2695715,6.822148176063429,-0.18281281791020731,0.0
map,13,234,1788743277.2695715,6.829492231348645,-0.15891602800333615,0.0
map,13,235,1788743277.2695715,6.836839338391719,-0.13502076397539398,0.0
map,13,236,1788743277.2695715,6.844187971313723,-0.11112397406852281,0.0
map,13,237,1788743277.2695715,6.851538130114655,-0.08723023591950962,0.0
map,13,238,1788743277.2695715,6.858891340673445,-0.06333497189156745,0.0
map,13,239,1788743277.2695715,6.866250654747951,-0.03944275962148325,0.0
map,13,240,1788743277.2695715,6.873611494701386,-0.015552073230328034,0.0
map,13,241,1788743277.2695715,6.880975386412679,0.00833861316082718,0.0
map,13,242,1788743277.2695715,6.888340804002901,0.03222929955198239,0.0
map,13,243,1788743277.2695715,6.89571079922991,0.05611846006420862,0.0
map,13,244,1788743277.2695715,6.903080794456919,0.08000762057643485,0.0
map,13,245,1788743277.2695715,6.910455367320715,0.10389525520973208,0.0
map,13,246,1788743277.2695715,6.917832991942369,0.12778136396410034,0.0
map,13,247,1788743277.2695715,6.925213668321881,0.1516674727184686,0.0
map,13,248,1788743277.2695715,6.932597396459251,0.17555205559390785,0.0
map,13,249,1788743277.2695715,6.9399826504755495,0.19943663846934712,0.0
map,13,250,1788743277.2695715,6.947372482128635,0.2233196954658574,0.0
map,13,251,1788743277.2695715,6.954762313781721,0.24720275246236767,0.0
map,13,252,1788743277.2695715,6.962156723071594,0.27108428357994896,0.0
map,13,253,1788743277.2695715,6.969554184119325,0.29496428881860126,0.0
map,13,254,1788743277.2695715,6.9769531710459844,0.31884429405725356,0.0
map,13,255,1788743277.2695715,6.984355209730502,0.3427227734169769,0.0
map,13,256,1788743277.2695715,6.991760300172878,0.3666012527767002,0.0
map,13,257,1788743277.2695715,6.9991684423731115,0.3904782062574945,0.0
map,13,258,1788743277.2695715,7.006578110452274,0.41435515973828885,0.0
map,13,259,1788743277.2695715,7.013990830289295,0.4382305873401542,0.0
map,13,260,1788743277.2695715,7.021406601884173,0.4621060149420195,0.0
map,13,261,1788743277.2695715,7.028823899357981,0.4859799166649559,0.0
map,13,262,1788743277.2695715,7.036245774468576,0.5098538183878922,0.0
map,13,263,1788743277.2695715,7.04366764957917,0.5337261942318996,0.0
map,13,264,1788743277.2695715,7.051094102326552,0.557597044196978,0.0
map,13,265,1788743277.2695715,7.058520555073933,0.5814694200409853,0.0
map,13,266,1788743277.2695715,7.065951585458102,0.6053387441271347,0.0
map,13,267,1788743277.2695715,7.073385667600128,0.6292080682132841,0.0
map,13,268,1788743277.2695715,7.0808212756210835,0.6530773922994335,0.0
map,13,269,1788743277.2695715,7.088259935399897,0.6769451905066539,0.0
map,13,270,1788743277.2695715,7.095700121057639,0.7008114628349453,0.0
map,13,271,1788743277.2695715,7.10314335847324,0.7246777351632367,0.0
map,13,272,1788743277.2695715,7.110588121767769,0.7485440074915282,0.0
map,13,273,1788743277.2695715,7.118037462699085,0.7724087539408906,0.0
map,13,274,1788743277.2695715,7.125488329509331,0.796271974511324,0.0
map,13,275,1788743277.2695715,7.132942248077434,0.8201351950817575,0.0
map,13,276,1788743277.2695715,7.140399218403395,0.8439968897732619,0.0
map,13,277,1788743277.2695715,7.147857714608286,0.8678585844647664,0.0
map,13,278,1788743277.2695715,7.155317736692105,0.8917187532773418,0.0
map,13,279,1788743277.2695715,7.162780810533782,0.9155789220899173,0.0
map,13,280,1788743277.2695715,7.170246936133317,0.9394390909024928,0.0
map,13,281,1788743277.2695715,7.17771611349071,0.9632962079572103,0.0
map,13,282,1788743277.2695715,7.1851868167270325,0.9871548508908567,0.0
map,13,283,1788743277.2695715,7.192660571721213,1.0110119679455742,0.0
map,13,284,1788743277.2695715,7.200134326715393,1.0348675591213627,0.0
map,13,285,1788743277.2695715,7.20761265934636,1.0587231502971512,0.0
map,13,286,1788743277.2695715,7.215092517856256,1.0825787414729398,0.0
map,13,287,1788743277.2695715,7.222573902245081,1.1064312808908703,0.0
map,13,288,1788743277.2695715,7.230058338391764,1.1302853461877298,0.0
map,13,289,1788743277.2695715,7.237545826296305,1.1541378856056603,0.0
map,13,290,1788743277.2695715,7.245034840079775,1.1779904250235909,0.0
map,13,291,1788743277.2695715,7.252526905621103,1.2018414385625924,0.0
map,13,292,1788743277.2695715,7.26002049704136,1.225690926222665,0.0
map,13,293,1788743277.2695715,7.267517140219475,1.2495404138827375,0.0
map,13,294,1788743277.2695715,7.275015309276519,1.27338990154281,0.0
map,13,295,1788743277.2695715,7.282516530091421,1.2972378633239536,0.0
map,13,296,1788743277.2695715,7.290019276785252,1.3210858251050972,0.0
map,13,297,1788743277.2695715,7.2975266011158695,1.3449322610073118,0.0
map,13,298,1788743277.2695715,7.305033925446487,1.3687771710305974,0.0
map,13,299,1788743277.2695715,7.312545827413892,1.392623606932812,0.0
map,13,300,1788743277.2695715,7.320057729381297,1.4164669910771686,0.0
map,13,301,1788743277.2695715,7.327571157227631,1.4403119011004542,0.0
map,13,302,1788743277.2695715,7.3350891627107515,1.4641552852448108,0.0
map,13,303,1788743277.2695715,7.342608694072801,1.4879971435102384,0.0
map,13,304,1788743277.2695715,7.350131277192709,1.511839001775666,0.0
map,13,305,1788743277.2695715,7.357655386191546,1.5356793341621646,0.0
map,13,306,1788743277.2695715,7.365179495190382,1.5595196665486633,0.0
map,13,307,1788743277.2695715,7.372706655947077,1.5833599989351619,0.0
map,13,308,1788743277.2695715,7.38023686846163,1.6071988054427315,0.0
map,13,309,1788743277.2695715,7.38777013273404,1.6310376119503012,0.0
map,13,310,1788743277.2695715,7.39530492288538,1.6548748925789418,0.0
map,13,311,1788743277.2695715,7.402842764794578,1.6787106473286535,0.0
map,13,312,1788743277.2695715,7.410382132582704,1.7025464020783652,0.0
map,13,313,1788743277.2695715,7.41792302624976,1.7263821568280768,0.0
map,13,314,1788743277.2695715,7.425465445795744,1.7502179115777885,0.0
map,13,315,1788743277.2695715,7.433010917099587,1.7740521404485712,0.0
map,13,316,1788743277.2695715,7.440559440161287,1.7978848434404249,0.0
map,13,317,1788743277.2695715,7.448111014980846,1.8217175464322786,0.0
map,13,318,1788743277.2695715,7.455665641558262,1.8455487235452033,0.0
map,13,319,1788743277.2695715,7.463217216377821,1.869379900658128,0.0
map,13,320,1788743277.2695715,7.470771842955237,1.8932110777710527,0.0
map,13,321,1788743277.2695715,7.478331047169441,1.9170422548839774,0.0
map,13,322,1788743277.2695715,7.485891777262573,1.9408703802390441,0.0
map,13,323,1788743277.2695715,7.493457084992492,1.9646985055941109,0.0
map,13,324,1788743277.2695715,7.501023918601341,1.9885266309491776,0.0
map,13,325,1788743277.2695715,7.508592278089118,2.0123532304253153,0.0
map,13,326,1788743277.2695715,7.5161606375768955,2.036179829901453,0.0
map,13,327,1788743277.2695715,7.523730522943602,2.060006429377591,0.0
map,13,328,1788743277.2695715,7.531303460068166,2.0838315029747996,0.0
map,13,329,1788743277.2695715,7.538880974829517,2.1076550506930793,0.0
map,13,330,1788743277.2695715,7.546460015469798,2.131478598411359,0.0
map,13,331,1788743277.2695715,7.554043633746865,2.155302146129639,0.0
map,13,332,1788743277.2695715,7.561627252023932,2.1791226420900607,0.0
map,13,333,1788743277.2695715,7.56920934442207,2.2029461898083404,0.0
map,13,334,1788743277.2695715,7.5767944885780665,2.2267666857687622,0.0
map,13,335,1788743277.2695715,7.58438421037085,2.250587181729184,0.0
map,13,336,1788743277.2695715,7.591975458042562,2.274406151810677,0.0
map,13,337,1788743277.2695715,7.599571283351061,2.2982251218921697,0.0
map,13,338,1788743277.2695715,7.607170160417418,2.3220425660947335,0.0
map,13,339,1788743277.2695715,7.614762933968059,2.3458615361762263,0.0
map,13,340,1788743277.2695715,7.622360285155487,2.36967898037879,0.0
map,13,341,1788743277.2695715,7.629962213979702,2.393494898702425,0.0
map,13,342,1788743277.2695715,7.637567194561775,2.4173108170260598,0.0
map,13,343,1788743277.2695715,7.645175226901706,2.4411252094707656,0.0
map,13,344,1788743277.2695715,7.652786310999495,2.4649380760365425,0.0
map,13,345,1788743277.2695715,7.660398920976213,2.4887509426023193,0.0
map,13,346,1788743277.2695715,7.668006953316144,2.512565335047025,0.0
map,13,347,1788743277.2695715,7.675619563292862,2.536378201612802,0.0
map,13,348,1788743277.2695715,7.683236750906367,2.56018954229965,0.0
map,13,349,1788743277.2695715,7.690855464398801,2.583999357107569,0.0
map,13,350,1788743277.2695715,7.698480281406951,2.6078091719154877,0.0
map,13,351,1788743277.2695715,7.706105098415101,2.6316174608444776,0.0
map,13,352,1788743277.2695715,7.713723811907535,2.6554288015313254,0.0
map,13,353,1788743277.2695715,7.721345577157827,2.6792386163392443,0.0
map,13,354,1788743277.2695715,7.728973445923835,2.7030453793893052,0.0
map,13,355,1788743277.2695715,7.736605892326629,2.726852142439366,0.0
map,13,356,1788743277.2695715,7.744241390487282,2.750657379610498,0.0
map,13,357,1788743277.2695715,7.751879940405793,2.77446261678163,0.0
map,13,358,1788743277.2695715,7.759523067961091,2.798264802194904,0.0
map,13,359,1788743277.2695715,7.7671555143638855,2.822071565244965,0.0
map,13,360,1788743277.2695715,7.774794064282396,2.8458768024160968,0.0
map,13,361,1788743277.2695715,7.782438717716623,2.8696789878293707,0.0
map,13,362,1788743277.2695715,7.790086422908708,2.8934811732426446,0.0
map,13,363,1788743277.2695715,7.797738705737579,2.9172803068980606,0.0
map,13,364,1788743277.2695715,7.805394040324309,2.9410794405534766,0.0
map,13,365,1788743277.2695715,7.813035642000678,2.9648831518456795,0.0
map,13,366,1788743277.2695715,7.820684873071691,2.9886838113800245,0.0
map,13,367,1788743277.2695715,7.828340207658421,3.0124829450354405,0.0
map,13,368,1788743277.2695715,7.836000119881938,3.0362805528119274,0.0
map,13,369,1788743277.2695715,7.843664609742241,3.0600766347094854,0.0
map,13,370,1788743277.2695715,7.851335203118261,3.0838711907281144,0.0
map,13,371,1788743277.2695715,7.859007322373209,3.1076642208678145,0.0
map,13,372,1788743277.2695715,7.866662656959939,3.1314633545232304,0.0
map,13,373,1788743277.2695715,7.874322569183455,3.1552609622997174,0.0
map,13,374,1788743277.2695715,7.881994688438404,3.1790555183183464,0.0
map,13,375,1788743277.2695715,7.889668333572281,3.2028485484580465,0.0
map,13,376,1788743277.2695715,7.897332823432585,3.2266446303556044,0.0
map,13,377,1788743277.2695715,7.905011046203249,3.2504361346163755,0.0
map,13,378,1788743277.2695715,7.912689268973914,3.2742276388771465,0.0
map,13,379,1788743277.2695715,7.9707,3.31,0.7715
map,14,0,1788743278.296747,5.862689238426533,-5.875772497468478,0.0
map,14,1,1788743278.296747,5.862321501604647,-5.849335119144843,0.0
map,14,2,1788743278.296747,5.86213687025424,-5.824336644651243,0.0
map,14,3,1788743278.296747,5.861885100230957,-5.799336644278714,0.0
map,14,4,1788743278.296747,5.8615707691715855,-5.774339695664043,0.0
map,14,5,1788743278.296747,5.861166411255404,-5.749342747049372,0.0
map,14,6,1788743278.296747,5.860679655877057,-5.72434732431363,0.0
map,14,7,1788743278.296747,5.860081511336894,-5.699354953335746,0.0
map,14,8,1788743278.296747,5.85937960702956,-5.674364108236791,0.0
map,14,9,1788743278.296747,5.8585449512554035,-5.649377840774623,0.0
map,14,10,1788743278.296747,5.8575882251669285,-5.6243961509492415,0.0
map,14,11,1788743278.296747,5.856475859427697,-5.599420564639576,0.0
map,14,12,1788743278.296747,5.855226164584856,-5.574452607724556,0.0
map,14,13,1788743278.296747,5.853800993665182,-5.54949380608311,0.0
map,14,14,1788743278.296747,5.85222170897368,-5.524542633836308,0.0
map,14,15,1788743278.296747,5.8504501635371255,-5.499606720378797,0.0
map,14,16,1788743278.296747,5.848510771418383,-5.474681488073788,0.0
map,14,17,1788743278.296747,5.846363859765297,-5.449773040436998,0.0
map,14,18,1788743278.296747,5.844035368519663,-5.424882903347356,0.0
map,14,19,1788743278.296747,5.841488676587183,-5.400012602683791,0.0
map,14,20,1788743278.296747,5.838751249788579,-5.375162138446303,0.0
map,14,21,1788743278.296747,5.83578188939277,-5.350339140029536,0.0
map,14,22,1788743278.296747,5.832615690615121,-5.325540555675634,0.0
map,14,23,1788743278.296747,5.829206877087763,-5.30077401477924,0.0
map,14,24,1788743278.296747,5.825560026447484,-5.2760425690982125,0.0
map,14,25,1788743278.296747,5.821696500999288,-5.251341640995765,0.0
map,14,26,1788743278.296747,5.817587309043525,-5.2266819116244,0.0
map,14,27,1788743278.296747,5.8132583905219875,-5.20206032922626,0.0
map,14,28,1788743278.296747,5.808862333327575,-5.177449427980623,0.0
map,14,29,1788743278.296747,5.804455594980659,-5.152841578492843,0.0
map,14,30,1788743278.296747,5.80000918378159,-5.12823983252078,0.0
map,14,31,1788743278.296747,5.795550565551089,-5.103639612427646,0.0
map,14,32,1788743278.296747,5.791056852105221,-5.079047021729156,0.0
map,14,33,1788743278.296747,5.786550931627922,-5.054457482788525,0.0
map,14,34,1788743278.296747,5.782011441814184,-5.0298725214846804,0.0
map,14,35,1788743278.296747,5.777459744969015,-5.005290611938694,0.0
map,14,36,1788743278.296747,5.772880582303124,-4.980713280029494,0.0
map,14,37,1788743278.296747,5.768292264363659,-4.956137473999224,0.0
map,14,38,1788743278.296747,5.76367953236133,-4.931567771484669,0.0
map,14,39,1788743278.296747,5.759034756901492,-4.907002646606902,0.0
map,14,40,1788743278.296747,5.754393033199513,-4.882437521729134,0.0
map,14,41,1788743278.296747,5.749768094165752,-4.857869345093508,0.0
map,14,42,1788743278.296747,5.745137051616275,-4.833301168457883,0.0
map,14,43,1788743278.296747,5.740509060824657,-4.808732991822257,0.0
map,14,44,1788743278.296747,5.735871914759464,-4.78416786694449,0.0
map,14,45,1788743278.296747,5.727275112873549,-4.760692219622019,0.0
map,14,46,1788743278.296747,5.721673611325237,-4.736326984883949,0.0
map,14,47,1788743278.296747,5.721438625970173,-4.711328510390349,0.0
map,14,48,1788743278.296747,5.721194485341535,-4.686330035896749,0.0
map,14,49,1788743278.296747,5.720976284654689,-4.6613300355242195,0.0
map,14,50,1788743278.296747,5.72074892869427,-4.6363315610306195,0.0
map,14,51,1788743278.296747,5.720541409159928,-4.6113330865370195,0.0
map,14,52,1788743278.296747,5.720318630836296,-4.58633308616449,0.0
map,14,53,1788743278.296747,5.720097378391593,-4.56133461167089,0.0
map,14,54,1788743278.296747,5.719827297821162,-4.53633613717729,0.0
map,14,55,1788743278.296747,5.719477871546424,-4.511339188562619,0.0
map,14,56,1788743278.296747,5.7189102445848405,-4.486345291705806,0.0
map,14,57,1788743278.296747,5.717918423280999,-4.461365127759354,0.0
map,14,58,1788743278.296747,5.716040066319415,-4.436435317817558,0.0
map,14,59,1788743278.296747,5.712606838729194,-4.411671828679022,0.0
map,14,60,1788743278.296747,5.706793240009752,-4.387356947945609,0.0
map,14,61,1788743278.296747,5.698120144177388,-4.363910292322789,0.0
map,14,62,1788743278.296747,5.71949923385143,-4.350951002578899,0.0
map,14,63,1788743278.296747,5.740892056435833,-4.338016126897873,0.0
map,14,64,1788743278.296747,5.762689236936417,-4.3257724743716786,0.0
map,14,65,1788743278.296747,5.762689236936417,-4.2757724736266205,0.0
map,14,66,1788743278.296747,5.762689236936417,-4.225772472881562,0.0
map,14,67,1788743278.296747,5.734121731627916,-4.182091136781441,0.0
map,14,68,1788743278.296747,5.7365524567617925,-4.157208629086444,0.0
map,14,69,1788743278.296747,5.739035061779255,-4.132332224907163,0.0
map,14,70,1788743278.296747,5.741192654584843,-4.107425303149302,0.0
map,14,71,1788743278.296747,5.743405179031875,-4.082524484907157,0.0
map,14,72,1788743278.296747,5.745430020370641,-4.057605356117865,0.0
map,14,73,1788743278.296747,5.747528103897999,-4.032693856723217,0.0
map,14,74,1788743278.296747,5.749543789963191,-4.007776253812853,0.0
map,14,75,1788743278.296747,5.7516479770062645,-3.9828647544182054,0.0
map,14,76,1788743278.296747,5.75373385350219,-3.9579517291446287,0.0
map,14,77,1788743278.296747,5.755925015644216,-3.933047859144626,0.0
map,14,78,1788743278.296747,5.758137540091248,-3.908145515023552,0.0
map,14,79,1788743278.296747,5.7638443272856605,-3.8838062202272745,0.0
map,14,80,1788743278.296747,5.769421414771109,-3.8594364078524173,0.0
map,14,81,1788743278.296747,5.775024442198351,-3.835071173114347,0.0
map,14,82,1788743278.296747,5.780552701558072,-3.810690679586987,0.0
map,14,83,1788743278.296747,5.786129789043521,-3.7863208672121296,0.0
map,14,84,1788743278.296747,5.791670255434674,-3.7619418995636984,0.0
map,14,85,1788743278.296747,5.797271756982987,-3.737578190704557,0.0
map,14,86,1788743278.296747,5.8028625773787965,-3.713211430087558,0.0
map,14,87,1788743278.296747,5.80852358820534,-3.6888599282598484,0.0
map,14,88,1788743278.296747,5.814596586342709,-3.664609134441452,0.0
map,14,89,1788743278.296747,5.820686369148298,-3.640362918259843,0.0
map,14,90,1788743278.296747,5.826739530859591,-3.6161060209257307,0.0
map,14,91,1788743278.296747,5.8328186325126765,-3.5918567529862635,0.0
map,14,92,1788743278.296747,5.838874845981827,-3.5676013815310803,0.0
map,14,93,1788743278.296747,5.844966154666345,-3.543355165349471,0.0
map,14,94,1788743278.296747,5.851048308077289,-3.519105897410004,0.0
map,14,95,1788743278.296747,5.857170134340386,-3.4948673106230395,0.0
map,14,96,1788743278.296747,5.8634979542588965,-3.4706806037196607,0.0
map,14,97,1788743278.296747,5.869839507087768,-3.446498474453069,0.0
map,14,98,1788743278.296747,5.876159697611634,-3.422310241670761,0.0
map,14,99,1788743278.296747,5.882499724561576,-3.3981281124041693,0.0
map,14,100,1788743278.296747,5.888827544480087,-3.3739414055007906,0.0
map,14,101,1788743278.296747,5.895178252582532,-3.3497623279920568,0.0
map,14,102,1788743278.296747,5.901522857169262,-3.325580198725465,0.0
map,14,103,1788743278.296747,5.907894927576713,-3.301407224732447,0.0
map,14,104,1788743278.296747,5.914413482361347,-3.277270871833725,0.0
map,14,105,1788743278.296747,5.920921355993478,-3.2531329930560737,0.0
map,14,106,1788743278.296747,5.927438384899183,-3.2289966401573515,0.0
map,14,107,1788743278.296747,5.933947784410243,-3.2048602872586294,0.0
map,14,108,1788743278.296747,5.940472442710593,-3.180725460238836,0.0
map,14,109,1788743278.296747,5.946994049253085,-3.156592159097972,0.0
map,14,110,1788743278.296747,5.953532440463796,-3.1324619097149657,0.0
map,14,111,1788743278.296747,5.960072357553436,-3.1083331862108885,0.0
map,14,112,1788743278.296747,5.966708405015602,-3.084228876769675,0.0
map,14,113,1788743278.296747,5.973336823083123,-3.0601245673284616,0.0
map,14,114,1788743278.296747,5.979975922303147,-3.036021783766177,0.0
map,14,115,1788743278.296747,5.986610443886384,-3.0119174743249637,0.0
map,14,116,1788743278.296747,5.993257172501053,-2.9878177425205372,0.0
map,14,117,1788743278.296747,5.999903901115722,-2.9637180107161107,0.0
map,14,118,1788743278.296747,6.006564362640752,-2.9396213306695422,0.0
map,14,119,1788743278.296747,6.0132858593229415,-2.9155414352911926,0.0
map,14,120,1788743278.296747,6.020016511278705,-2.891464591670701,0.0
map,14,121,1788743278.296747,6.026742585597681,-2.8673862221712803,0.0
map,14,122,1788743278.296747,6.033477815190231,-2.8433109044297176,0.0
map,14,123,1788743278.296747,6.040209993024924,-2.819234060809226,0.0
map,14,124,1788743278.296747,6.046954377891048,-2.795161794825521,0.0
map,14,125,1788743278.296747,6.053698762757172,-2.7710880029628875,0.0
map,14,126,1788743278.296747,6.060456880533657,-2.7470187887370408,0.0
map,14,127,1788743278.296747,6.067256197041225,-2.722961781542626,0.0
map,14,128,1788743278.296747,6.074064668822366,-2.69890630022714,0.0
map,14,129,1788743278.296747,6.080868562966721,-2.674850818911654,0.0
map,14,130,1788743278.296747,6.0876831382635785,-2.6507968634750974,0.0
map,14,131,1788743278.296747,6.094505342955081,-2.6267459597963985,0.0
map,14,132,1788743278.296747,6.101330599404442,-2.6026950561176996,0.0
map,14,133,1788743278.296747,6.108163485248447,-2.5786472041968587,0.0
map,14,134,1788743278.296747,6.115034518065677,-2.5546100334285207,0.0
map,14,135,1788743278.296747,6.121910128519694,-2.5305743885391117,0.0
map,14,136,1788743278.296747,6.128785738973711,-2.5065387436497026,0.0
map,14,137,1788743278.296747,6.135667452943444,-2.4825046246392226,0.0
map,14,138,1788743278.296747,6.142549166913177,-2.4584705056287426,0.0
map,14,139,1788743278.296747,6.149440036156484,-2.4344379124971915,0.0
map,14,140,1788743278.296747,6.15633243127872,-2.4104068452445695,0.0
map,14,141,1788743278.296747,6.163261447495252,-2.3863864591444504,0.0
map,14,142,1788743278.296747,6.1701904637117835,-2.362366073044331,0.0
map,14,143,1788743278.296747,6.177124057565102,-2.338347212823141,0.0
map,14,144,1788743278.296747,6.18405917729735,-2.314328352601951,0.0
map,14,145,1788743278.296747,6.191000400545313,-2.2903110182596897,0.0
map,14,146,1788743278.296747,6.197941623793277,-2.2662936839174286,0.0
map,14,147,1788743278.296747,6.204892002314814,-2.2422794013330254,0.0
map,14,148,1788743278.296747,6.211843906715281,-2.218265118748622,0.0
map,14,149,1788743278.296747,6.218823276936469,-2.194259991437793,0.0
map,14,150,1788743278.296747,6.225804173036586,-2.1702533382480347,0.0
map,14,151,1788743278.296747,6.23278964677349,-2.1462497368161344,0.0
map,14,152,1788743278.296747,6.239776646389323,-2.122246135384234,0.0
map,14,153,1788743278.296747,6.2467697495208725,-2.098244059831263,0.0
map,14,154,1788743278.296747,6.253764378531351,-2.0742419842782915,0.0
map,14,155,1788743278.296747,6.260765111057545,-2.0502429604831782,0.0
map,14,156,1788743278.296747,6.2677917835255315,-2.026250040203781,0.0
map,14,157,1788743278.296747,6.274818455993518,-2.0022586458033125,0.0
map,14,158,1788743278.296747,6.281851231977221,-1.978267251402844,0.0
map,14,159,1788743278.296747,6.288884007960924,-1.9542773828813047,0.0
map,14,160,1788743278.296747,6.295922887460343,-1.9302890402386943,0.0
map,14,161,1788743278.296747,6.30296329283869,-1.906300697596084,0.0
map,14,162,1788743278.296747,6.310009801732754,-1.8823138808324025,0.0
map,14,163,1788743278.296747,6.3170730952950365,-1.858333167584437,0.0
map,14,164,1788743278.296747,6.324142492373035,-1.8343524543364715,0.0
map,14,165,1788743278.296747,6.331211889451033,-1.810373266967435,0.0
map,14,166,1788743278.296747,6.338287390044748,-1.7863956054773276,0.0
map,14,167,1788743278.296747,6.345362890638462,-1.76241794398722,0.0
map,14,168,1788743278.296747,6.352444494747893,-1.7384418083760416,0.0
map,14,169,1788743278.296747,6.359527624736252,-1.714465672764863,0.0
map,14,170,1788743278.296747,6.366630591150688,-1.6904956406694005,0.0
map,14,171,1788743278.296747,6.373733557565124,-1.666527134452867,0.0
map,14,172,1788743278.296747,6.3808411016163475,-1.6425586282363334,0.0
map,14,173,1788743278.296747,6.3879501715465,-1.6185901220197998,0.0
map,14,174,1788743278.296747,6.395063819113439,-1.5946231416821952,0.0
map,14,175,1788743278.296747,6.402177466680378,-1.5706576872235196,0.0
map,14,176,1788743278.296747,6.409298743641962,-1.546692232764844,0.0
map,14,177,1788743278.296747,6.416433753513907,-1.5227328818218844,0.0
map,14,178,1788743278.296747,6.42357181514371,-1.4987735308789247,0.0
map,14,179,1788743278.296747,6.430711402652442,-1.474814179935965,0.0
map,14,180,1788743278.296747,6.4378555677979605,-1.4508563548719344,0.0
map,14,181,1788743278.296747,6.445004310580266,-1.4269000556868328,0.0
map,14,182,1788743278.296747,6.452153053362572,-1.40294528238066,0.0
map,14,183,1788743278.296747,6.459307899660594,-1.3789905090744874,0.0
map,14,184,1788743278.296747,6.466474952990048,-1.3550403134051017,0.0
map,14,185,1788743278.296747,6.473646583956288,-1.331090117735716,0.0
map,14,186,1788743278.296747,6.480818214922529,-1.3071414479452592,0.0
map,14,187,1788743278.296747,6.487994423525556,-1.2831927781548025,0.0
map,14,188,1788743278.296747,6.495172158007513,-1.2592456342432747,0.0
map,14,189,1788743278.296747,6.502354470126257,-1.235300016210676,0.0
map,14,190,1788743278.296747,6.509538308123929,-1.2113543981780772,0.0
map,14,191,1788743278.296747,6.5167358790319625,-1.1874133577822654,0.0
map,14,192,1788743278.296747,6.523934975818925,-1.1634707915075246,0.0
map,14,193,1788743278.296747,6.531137124363745,-1.1395312769906418,0.0
map,14,194,1788743278.296747,6.538340798787495,-1.115591762473759,0.0
map,14,195,1788743278.296747,6.545549050848031,-1.0916537738358052,0.0
map,14,196,1788743278.296747,6.552758828787496,-1.0677157851978514,0.0
map,14,197,1788743278.296747,6.55997165848482,-1.0437793224388265,0.0
map,14,198,1788743278.296747,6.567195169334646,-1.0198459114376597,0.0
map,14,199,1788743278.296747,6.57442173194233,-0.9959125004364928,0.0
map,14,200,1788743278.296747,6.581649820428943,-0.971980615314255,0.0
map,14,201,1788743278.296747,6.588882486552343,-0.9480487301920171,0.0
map,14,202,1788743278.296747,6.596115152675743,-0.9241183709487082,0.0
map,14,203,1788743278.296747,6.603353922314859,-0.9001895375843283,0.0
map,14,204,1788743278.296747,6.6105942178329045,-0.8762607042199484,0.0
map,14,205,1788743278.296747,6.617845194503452,-0.8523349226134265,0.0
map,14,206,1788743278.296747,6.625097697052929,-0.8284106668858335,0.0
map,14,207,1788743278.296747,6.632353251360264,-0.8044864111582406,0.0
map,14,208,1788743278.296747,6.639610331546528,-0.7805636813095767,0.0
map,14,209,1788743278.296747,6.64687046349065,-0.7566409514609127,0.0
map,14,210,1788743278.296747,6.654135173071559,-0.7327182216122488,0.0
map,14,211,1788743278.296747,6.661399882652468,-0.7087985435214428,0.0
map,14,212,1788743278.296747,6.66867527338588,-0.6848803913095658,0.0
map,14,213,1788743278.296747,6.675950664119291,-0.6609622390976888,0.0
map,14,214,1788743278.296747,6.68323063248949,-0.6370456127647408,0.0
map,14,215,1788743278.296747,6.690512126738618,-0.6131289864317928,0.0
map,14,216,1788743278.296747,6.6977966727456035,-0.5892138859777738,0.0
map,14,217,1788743278.296747,6.705084270510447,-0.5653003114026838,0.0
map,14,218,1788743278.296747,6.712374920033149,-0.5413867368275938,0.0
map,14,219,1788743278.296747,6.719671673071566,-0.5174746881314327,0.0
map,14,220,1788743278.296747,6.726971477867842,-0.49356416531420066,0.0
map,14,221,1788743278.296747,6.7342728085430466,-0.4696551683758976,0.0
map,14,222,1788743278.296747,6.741578716855038,-0.44574617143759454,0.0
map,14,223,1788743278.296747,6.74888462516703,-0.4218371744992915,0.0
map,14,224,1788743278.296747,6.756195111115808,-0.3979297034399174,0.0
map,14,225,1788743278.296747,6.7635117005803025,-0.3740237582594723,0.0
map,14,226,1788743278.296747,6.770831341802655,-0.3501193389579562,0.0
map,14,227,1788743278.296747,6.778154034782865,-0.3262164455353691,0.0
map,14,228,1788743278.296747,6.785478253642005,-0.302313552112782,0.0
map,14,229,1788743278.296747,6.792805524259002,-0.27841218456912387,0.0
map,14,230,1788743278.296747,6.800135846633857,-0.25451081702546574,0.0
map,14,231,1788743278.296747,6.807467694887642,-0.23060944948180762,0.0
map,14,232,1788743278.296747,6.814807172536071,-0.20671113369600747,0.0
map,14,233,1788743278.296747,6.822148176063429,-0.18281281791020731,0.0
map,14,234,1788743278.296747,6.829492231348645,-0.15891602800333615,0.0
map,14,235,1788743278.296747,6.836839338391719,-0.13502076397539398,0.0
map,14,236,1788743278.296747,6.844187971313723,-0.11112397406852281,0.0
map,14,237,1788743278.296747,6.851538130114655,-0.08723023591950962,0.0
map,14,238,1788743278.296747,6.858891340673445,-0.06333497189156745,0.0
map,14,239,1788743278.296747,6.866250654747951,-0.03944275962148325,0.0
map,14,240,1788743278.296747,6.873611494701386,-0.015552073230328034,0.0
map,14,241,1788743278.296747,6.880975386412679,0.00833861316082718,0.0
map,14,242,1788743278.296747,6.888340804002901,0.03222929955198239,0.0
map,14,243,1788743278.296747,6.89571079922991,0.05611846006420862,0.0
map,14,244,1788743278.296747,6.903080794456919,0.08000762057643485,0.0
map,14,245,1788743278.296747,6.910455367320715,0.10389525520973208,0.0
map,14,246,1788743278.296747,6.917832991942369,0.12778136396410034,0.0
map,14,247,1788743278.296747,6.925213668321881,0.1516674727184686,0.0
map,14,248,1788743278.296747,6.932597396459251,0.17555205559390785,0.0
map,14,249,1788743278.296747,6.9399826504755495,0.19943663846934712,0.0
map,14,250,1788743278.296747,6.947372482128635,0.2233196954658574,0.0
map,14,251,1788743278.296747,6.954762313781721,0.24720275246236767,0.0
map,14,252,1788743278.296747,6.962156723071594,0.27108428357994896,0.0
map,14,253,1788743278.296747,6.969554184119325,0.29496428881860126,0.0
map,14,254,1788743278.296747,6.9769531710459844,0.31884429405725356,0.0
map,14,255,1788743278.296747,6.984355209730502,0.3427227734169769,0.0
map,14,256,1788743278.296747,6.991760300172878,0.3666012527767002,0.0
map,14,257,1788743278.296747,6.9991684423731115,0.3904782062574945,0.0
map,14,258,1788743278.296747,7.006578110452274,0.41435515973828885,0.0
map,14,259,1788743278.296747,7.013990830289295,0.4382305873401542,0.0
map,14,260,1788743278.296747,7.021406601884173,0.4621060149420195,0.0
map,14,261,1788743278.296747,7.028823899357981,0.4859799166649559,0.0
map,14,262,1788743278.296747,7.036245774468576,0.5098538183878922,0.0
map,14,263,1788743278.296747,7.04366764957917,0.5337261942318996,0.0
map,14,264,1788743278.296747,7.051094102326552,0.557597044196978,0.0
map,14,265,1788743278.296747,7.058520555073933,0.5814694200409853,0.0
map,14,266,1788743278.296747,7.065951585458102,0.6053387441271347,0.0
map,14,267,1788743278.296747,7.073385667600128,0.6292080682132841,0.0
map,14,268,1788743278.296747,7.0808212756210835,0.6530773922994335,0.0
map,14,269,1788743278.296747,7.088259935399897,0.6769451905066539,0.0
map,14,270,1788743278.296747,7.095700121057639,0.7008114628349453,0.0
map,14,271,1788743278.296747,7.10314335847324,0.7246777351632367,0.0
map,14,272,1788743278.296747,7.110588121767769,0.7485440074915282,0.0
map,14,273,1788743278.296747,7.118037462699085,0.7724087539408906,0.0
map,14,274,1788743278.296747,7.125488329509331,0.796271974511324,0.0
map,14,275,1788743278.296747,7.132942248077434,0.8201351950817575,0.0
map,14,276,1788743278.296747,7.140399218403395,0.8439968897732619,0.0
map,14,277,1788743278.296747,7.147857714608286,0.8678585844647664,0.0
map,14,278,1788743278.296747,7.155317736692105,0.8917187532773418,0.0
map,14,279,1788743278.296747,7.162780810533782,0.9155789220899173,0.0
map,14,280,1788743278.296747,7.170246936133317,0.9394390909024928,0.0
map,14,281,1788743278.296747,7.17771611349071,0.9632962079572103,0.0
map,14,282,1788743278.296747,7.1851868167270325,0.9871548508908567,0.0
map,14,283,1788743278.296747,7.192660571721213,1.0110119679455742,0.0
map,14,284,1788743278.296747,7.200134326715393,1.0348675591213627,0.0
map,14,285,1788743278.296747,7.20761265934636,1.0587231502971512,0.0
map,14,286,1788743278.296747,7.215092517856256,1.0825787414729398,0.0
map,14,287,1788743278.296747,7.222573902245081,1.1064312808908703,0.0
map,14,288,1788743278.296747,7.230058338391764,1.1302853461877298,0.0
map,14,289,1788743278.296747,7.237545826296305,1.1541378856056603,0.0
map,14,290,1788743278.296747,7.245034840079775,1.1779904250235909,0.0
map,14,291,1788743278.296747,7.252526905621103,1.2018414385625924,0.0
map,14,292,1788743278.296747,7.26002049704136,1.225690926222665,0.0
map,14,293,1788743278.296747,7.267517140219475,1.2495404138827375,0.0
map,14,294,1788743278.296747,7.275015309276519,1.27338990154281,0.0
map,14,295,1788743278.296747,7.282516530091421,1.2972378633239536,0.0
map,14,296,1788743278.296747,7.290019276785252,1.3210858251050972,0.0
map,14,297,1788743278.296747,7.2975266011158695,1.3449322610073118,0.0
map,14,298,1788743278.296747,7.305033925446487,1.3687771710305974,0.0
map,14,299,1788743278.296747,7.312545827413892,1.392623606932812,0.0
map,14,300,1788743278.296747,7.320057729381297,1.4164669910771686,0.0
map,14,301,1788743278.296747,7.327571157227631,1.4403119011004542,0.0
map,14,302,1788743278.296747,7.3350891627107515,1.4641552852448108,0.0
map,14,303,1788743278.296747,7.342608694072801,1.4879971435102384,0.0
map,14,304,1788743278.296747,7.350131277192709,1.511839001775666,0.0
map,14,305,1788743278.296747,7.357655386191546,1.5356793341621646,0.0
map,14,306,1788743278.296747,7.365179495190382,1.5595196665486633,0.0
map,14,307,1788743278.296747,7.372706655947077,1.5833599989351619,0.0
map,14,308,1788743278.296747,7.38023686846163,1.6071988054427315,0.0
map,14,309,1788743278.296747,7.38777013273404,1.6310376119503012,0.0
map,14,310,1788743278.296747,7.39530492288538,1.6548748925789418,0.0
map,14,311,1788743278.296747,7.402842764794578,1.6787106473286535,0.0
map,14,312,1788743278.296747,7.410382132582704,1.7025464020783652,0.0
map,14,313,1788743278.296747,7.41792302624976,1.7263821568280768,0.0
map,14,314,1788743278.296747,7.425465445795744,1.7502179115777885,0.0
map,14,315,1788743278.296747,7.433010917099587,1.7740521404485712,0.0
map,14,316,1788743278.296747,7.440559440161287,1.7978848434404249,0.0
map,14,317,1788743278.296747,7.448111014980846,1.8217175464322786,0.0
map,14,318,1788743278.296747,7.455665641558262,1.8455487235452033,0.0
map,14,319,1788743278.296747,7.463217216377821,1.869379900658128,0.0
map,14,320,1788743278.296747,7.470771842955237,1.8932110777710527,0.0
map,14,321,1788743278.296747,7.478331047169441,1.9170422548839774,0.0
map,14,322,1788743278.296747,7.485891777262573,1.9408703802390441,0.0
map,14,323,1788743278.296747,7.493457084992492,1.9646985055941109,0.0
map,14,324,1788743278.296747,7.501023918601341,1.9885266309491776,0.0
map,14,325,1788743278.296747,7.508592278089118,2.0123532304253153,0.0
map,14,326,1788743278.296747,7.5161606375768955,2.036179829901453,0.0
map,14,327,1788743278.296747,7.523730522943602,2.060006429377591,0.0
map,14,328,1788743278.296747,7.531303460068166,2.0838315029747996,0.0
map,14,329,1788743278.296747,7.538880974829517,2.1076550506930793,0.0
map,14,330,1788743278.296747,7.546460015469798,2.131478598411359,0.0
map,14,331,1788743278.296747,7.554043633746865,2.155302146129639,0.0
map,14,332,1788743278.296747,7.561627252023932,2.1791226420900607,0.0
map,14,333,1788743278.296747,7.56920934442207,2.2029461898083404,0.0
map,14,334,1788743278.296747,7.5767944885780665,2.2267666857687622,0.0
map,14,335,1788743278.296747,7.58438421037085,2.250587181729184,0.0
map,14,336,1788743278.296747,7.591975458042562,2.274406151810677,0.0
map,14,337,1788743278.296747,7.599571283351061,2.2982251218921697,0.0
map,14,338,1788743278.296747,7.607170160417418,2.3220425660947335,0.0
map,14,339,1788743278.296747,7.614762933968059,2.3458615361762263,0.0
map,14,340,1788743278.296747,7.622360285155487,2.36967898037879,0.0
map,14,341,1788743278.296747,7.629962213979702,2.393494898702425,0.0
map,14,342,1788743278.296747,7.637567194561775,2.4173108170260598,0.0
map,14,343,1788743278.296747,7.645175226901706,2.4411252094707656,0.0
map,14,344,1788743278.296747,7.652786310999495,2.4649380760365425,0.0
map,14,345,1788743278.296747,7.660398920976213,2.4887509426023193,0.0
map,14,346,1788743278.296747,7.668006953316144,2.512565335047025,0.0
map,14,347,1788743278.296747,7.675619563292862,2.536378201612802,0.0
map,14,348,1788743278.296747,7.683236750906367,2.56018954229965,0.0
map,14,349,1788743278.296747,7.690855464398801,2.583999357107569,0.0
map,14,350,1788743278.296747,7.698480281406951,2.6078091719154877,0.0
map,14,351,1788743278.296747,7.706105098415101,2.6316174608444776,0.0
map,14,352,1788743278.296747,7.713723811907535,2.6554288015313254,0.0
map,14,353,1788743278.296747,7.721345577157827,2.6792386163392443,0.0
map,14,354,1788743278.296747,7.728973445923835,2.7030453793893052,0.0
map,14,355,1788743278.296747,7.736605892326629,2.726852142439366,0.0
map,14,356,1788743278.296747,7.744241390487282,2.750657379610498,0.0
map,14,357,1788743278.296747,7.751879940405793,2.77446261678163,0.0
map,14,358,1788743278.296747,7.759523067961091,2.798264802194904,0.0
map,14,359,1788743278.296747,7.7671555143638855,2.822071565244965,0.0
map,14,360,1788743278.296747,7.774794064282396,2.8458768024160968,0.0
map,14,361,1788743278.296747,7.782438717716623,2.8696789878293707,0.0
map,14,362,1788743278.296747,7.790086422908708,2.8934811732426446,0.0
map,14,363,1788743278.296747,7.797738705737579,2.9172803068980606,0.0
map,14,364,1788743278.296747,7.805394040324309,2.9410794405534766,0.0
map,14,365,1788743278.296747,7.813035642000678,2.9648831518456795,0.0
map,14,366,1788743278.296747,7.820684873071691,2.9886838113800245,0.0
map,14,367,1788743278.296747,7.828340207658421,3.0124829450354405,0.0
map,14,368,1788743278.296747,7.836000119881938,3.0362805528119274,0.0
map,14,369,1788743278.296747,7.843664609742241,3.0600766347094854,0.0
map,14,370,1788743278.296747,7.851335203118261,3.0838711907281144,0.0
map,14,371,1788743278.296747,7.859007322373209,3.1076642208678145,0.0
map,14,372,1788743278.296747,7.866662656959939,3.1314633545232304,0.0
map,14,373,1788743278.296747,7.874322569183455,3.1552609622997174,0.0
map,14,374,1788743278.296747,7.881994688438404,3.1790555183183464,0.0
map,14,375,1788743278.296747,7.889668333572281,3.2028485484580465,0.0
map,14,376,1788743278.296747,7.897332823432585,3.2266446303556044,0.0
map,14,377,1788743278.296747,7.905011046203249,3.2504361346163755,0.0
map,14,378,1788743278.296747,7.912689268973914,3.2742276388771465,0.0
map,14,379,1788743278.296747,7.9707,3.31,0.7715
map,15,0,1788743279.3168757,5.912689239171591,-5.875772497468478,0.0
map,15,1,1788743279.3168757,5.912696868566236,-5.845906469191409,0.0
map,15,2,1788743279.3168757,5.912701446203023,-5.82090646881888,0.0
map,15,3,1788743279.3168757,5.91270602383981,-5.795906468446351,0.0
map,15,4,1788743279.3168757,5.912712127355526,-5.770906468073822,0.0
map,15,5,1788743279.3168757,5.9127212826291,-5.7459064677012925,0.0
map,15,6,1788743279.3168757,5.912730437902674,-5.7209064673287635,0.0
map,15,7,1788743279.3168757,5.912744170813035,-5.6959064669562345,0.0
map,15,8,1788743279.3168757,5.912757903723396,-5.6709064665837055,0.0
map,15,9,1788743279.3168757,5.912774688391615,-5.645906466211176,0.0
map,15,10,1788743279.3168757,5.912794524817691,-5.620906465838647,0.0
map,15,11,1788743279.3168757,5.912817413001626,-5.595906465466118,0.0
map,15,12,1788743279.3168757,5.91284182706449,-5.570906465093589,0.0
map,15,13,1788743279.3168757,5.912870818764141,-5.54590646472106,0.0
map,15,14,1788743279.3168757,5.9129028622216495,-5.520906464348531,0.0
map,15,15,1788743279.3168757,5.912937957437016,-5.495906463976002,0.0
map,15,16,1788743279.3168757,5.91297763028917,-5.470906463603473,0.0
map,15,17,1788743279.3168757,5.9130203548991815,-5.445906463230944,0.0
map,15,18,1788743279.3168757,5.913066131267051,-5.420906462858415,0.0
map,15,19,1788743279.3168757,5.913116485271708,-5.395906462485886,0.0
map,15,20,1788743279.3168757,5.913171416913151,-5.370907987992286,0.0
map,15,21,1788743279.3168757,5.913230926191382,-5.345907987619757,0.0
map,15,22,1788743279.3168757,5.91329348722747,-5.320907987247228,0.0
map,15,23,1788743279.3168757,5.913360625900346,-5.295907986874699,0.0
map,15,24,1788743279.3168757,5.913432342210008,-5.27090798650217,0.0
map,15,25,1788743279.3168757,5.9135086361564575,-5.245907986129641,0.0
map,15,26,1788743279.3168757,5.913362151779275,-5.220907985757112,0.0
map,15,27,1788743279.3168757,5.913328582442837,-5.195907985384583,0.0
map,15,28,1788743279.3168757,5.917152435038879,-5.171202479645348,0.0
map,15,29,1788743279.3168757,5.92733767688987,-5.148372279109839,0.0
map,15,30,1788743279.3168757,5.917890960440509,-5.125224695757101,0.0
map,15,31,1788743279.3168757,5.912689239171591,-5.1007724859200785,0.0
map,15,32,1788743279.3168757,5.912689239171591,-5.0757724855475495,0.0
map,15,33,1788743279.3168757,5.912689239171591,-5.025772484802491,0.0
map,15,34,1788743279.3168757,5.862689238426533,-4.975772484057433,0.0
map,15,35,1788743279.3168757,5.862689238426533,-4.925772483312375,0.0
map,15,36,1788743279.3168757,5.862689238426533,-4.875772482567317,0.0
map,15,37,1788743279.3168757,5.812689237681475,-4.825772481822259,0.0
map,15,38,1788743279.3168757,5.812689237681475,-4.775772481077201,0.0
map,15,39,1788743279.3168757,5.812689237681475,-4.725772480332143,0.0
map,15,40,1788743279.3168757,5.762689236936417,-4.675772479587085,0.0
map,15,41,1788743279.3168757,5.762689236936417,-4.625772478842027,0.0
map,15,42,1788743279.3168757,5.74214632891546,-4.594125749854829,0.0
map,15,43,1788743279.3168757,5.737808255120349,-4.569505693335618,0.0
map,15,44,1788743279.3168757,5.733885220393923,-4.544815446385673,0.0
map,15,45,1788743279.3168757,5.742425564759465,-4.521318436758197,0.0
map,15,46,1788743279.3168757,5.748326138577859,-4.497024918329789,0.0
map,15,47,1788743279.3168757,5.74924319181418,-4.472041702625479,0.0
map,15,48,1788743279.3168757,5.750312832943401,-4.447064590436884,0.0
map,15,49,1788743279.3168757,5.75145876801907,-4.422090530006148,0.0
map,15,50,1788743279.3168757,5.7527420321983485,-4.397124098970057,0.0
map,15,51,1788743279.3168757,5.754074124503354,-4.3721591938128945,0.0
map,15,52,1788743279.3168757,5.755537442396253,-4.347201918050377,0.0
map,15,53,1788743279.3168757,5.757048062535951,-4.322247694045718,0.0
map,15,54,1788743279.3168757,5.758689908263541,-4.297302625314632,0.0
map,15,55,1788743279.3168757,5.760388211511504,-4.272360608341405,0.0
map,15,56,1788743279.3168757,5.762219266226289,-4.247427746641751,0.0
map,15,57,1788743279.3168757,5.766816739439328,-4.22285346649041,0.0
map,15,58,1788743279.3168757,5.771533231208828,-4.198302074523003,0.0
map,15,59,1788743279.3168757,5.776255826494044,-4.173752208434525,0.0
map,15,60,1788743279.3168757,5.781092862698934,-4.149225230529982,0.0
map,15,61,1788743279.3168757,5.785946683572043,-4.124701304383297,0.0
map,15,62,1788743279.3168757,5.7909088418491095,-4.100198740541618,0.0
map,15,63,1788743279.3168757,5.795893888310111,-4.075700754336726,0.0
map,15,64,1788743279.3168757,5.800982694538284,-4.0512241304368395,0.0
map,15,65,1788743279.3168757,5.806161527623267,-4.026765817084101,0.0
map,15,66,1788743279.3168757,5.811380033560404,-4.002316659004936,0.0
map,15,67,1788743279.3168757,5.8169952680190775,-3.977954476024724,0.0
map,15,68,1788743279.3168757,5.82259676956739,-3.9535907671655828,0.0
map,15,69,1788743279.3168757,5.8282364180889275,-3.9292346877010864,0.0
map,15,70,1788743279.3168757,5.833873014852607,-3.90487860823659,0.0
map,15,71,1788743279.3168757,5.839552336226298,-3.8805332099245966,0.0
map,15,72,1788743279.3168757,5.845236235236776,-3.856187811612603,0.0
map,15,73,1788743279.3168757,5.850962858857265,-3.8318515685741836,0.0
map,15,74,1788743279.3168757,5.856698637751329,-3.807519903172551,0.0
map,15,75,1788743279.3168757,5.862481718892191,-3.7831973930444924,0.0
map,15,76,1788743279.3168757,5.868421965562739,-3.7589130298896585,0.0
map,15,77,1788743279.3168757,5.874385100417221,-3.7346347702505405,0.0
map,15,78,1788743279.3168757,5.880343657634917,-3.7103549847324935,0.0
map,15,79,1788743279.3168757,5.8863266289154765,-3.6860813027301624,0.0
map,15,80,1788743279.3168757,5.892309600196036,-3.6618076207278314,0.0
map,15,81,1788743279.3168757,5.898320037297317,-3.6375415681201453,0.0
map,15,82,1788743279.3168757,5.9043335261564565,-3.613275515512459,0.0
map,15,83,1788743279.3168757,5.910377532594175,-3.589017092299418,0.0
map,15,84,1788743279.3168757,5.9165237729201365,-3.5647846090281696,0.0
map,15,85,1788743279.3168757,5.9226867979143165,-3.540555177514779,0.0
map,15,86,1788743279.3168757,5.9288437193927805,-3.516325746001389,0.0
map,15,87,1788743279.3168757,5.935018951418392,-3.4921008921247854,0.0
map,15,88,1788743279.3168757,5.941192657565075,-3.467874512369253,0.0
map,15,89,1788743279.3168757,5.947386200137835,-3.4436542361294364,0.0
map,15,90,1788743279.3168757,5.953581268589524,-3.41943395988962,0.0
map,15,91,1788743279.3168757,5.959797699346218,-3.3952197871655194,0.0
map,15,92,1788743279.3168757,5.966084320533646,-3.3710223991096377,0.0
map,15,93,1788743279.3168757,5.972383148752506,-3.346829588690543,0.0
map,15,94,1788743279.3168757,5.978677399334579,-3.3226337265135903,0.0
map,15,95,1788743279.3168757,5.984986908705942,-3.2984439678523536,0.0
map,15,96,1788743279.3168757,5.9912948921983755,-3.274252683312188,0.0
map,15,97,1788743279.3168757,5.997619660359028,-3.250065976408809,0.0
map,15,98,1788743279.3168757,6.003956635551113,-3.2258823212632883,0.0
map,15,99,1788743279.3168757,6.010298188379984,-3.2017001919966965,0.0
map,15,100,1788743279.3168757,6.016702302244944,-3.1775348473983236,0.0
map,15,101,1788743279.3168757,6.023104890230975,-3.1533679769210217,0.0
map,15,102,1788743279.3168757,6.029518159369509,-3.1292041582015777,0.0
map,15,103,1788743279.3168757,6.035929902629114,-3.1050403394821338,0.0
map,15,104,1788743279.3168757,6.042352327041222,-3.080879572520548,0.0
map,15,105,1788743279.3168757,6.048776277332259,-3.056718805558962,0.0
map,15,106,1788743279.3168757,6.055212434654727,-3.032561090355234,0.0
map,15,107,1788743279.3168757,6.061651643735054,-3.008404901030435,0.0
map,15,108,1788743279.3168757,6.068127473909676,-2.9842578669792097,0.0
map,15,109,1788743279.3168757,6.074604829963228,-2.9601123588069136,0.0
map,15,110,1788743279.3168757,6.081092867169282,-2.9359683765135465,0.0
map,15,111,1788743279.3168757,6.087582430254265,-2.9118259200991083,0.0
map,15,112,1788743279.3168757,6.094082674491752,-2.887684989563599,0.0
map,15,113,1788743279.3168757,6.100585970487096,-2.863545584907019,0.0
map,15,114,1788743279.3168757,6.107099947634943,-2.839409232008297,0.0
map,15,115,1788743279.3168757,6.113624605935293,-2.8152759308674327,0.0
map,15,116,1788743279.3168757,6.120162997146004,-2.7911456814844264,0.0
map,15,117,1788743279.3168757,6.1267029142356435,-2.767016957980349,0.0
map,15,118,1788743279.3168757,6.133256564235644,-2.74289128623413,0.0
map,15,119,1788743279.3168757,6.139811740114574,-2.7187656144879107,0.0
map,15,120,1788743279.3168757,6.146379123024936,-2.6946445203784783,0.0
map,15,121,1788743279.3168757,6.152949557693155,-2.670523426269046,0.0
map,15,122,1788743279.3168757,6.159530673513878,-2.6464038580385427,0.0
map,15,123,1788743279.3168757,6.166117892850316,-2.6222888674448264,0.0
map,15,124,1788743279.3168757,6.1727188450971155,-2.598175402730039,0.0
map,15,125,1788743279.3168757,6.179322849101773,-2.5740634638941806,0.0
map,15,126,1788743279.3168757,6.185937534258933,-2.54995457681618,0.0
map,15,127,1788743279.3168757,6.192561374689667,-2.525847215617109,0.0
map,15,128,1788743279.3168757,6.199189792757188,-2.5017429061758953,0.0
map,15,129,1788743279.3168757,6.205828891977212,-2.477640122613611,0.0
map,15,130,1788743279.3168757,6.2124710429550944,-2.4535388649302554,0.0
map,15,131,1788743279.3168757,6.219125400964408,-2.429440659004758,0.0
map,15,132,1788743279.3168757,6.225785862489438,-2.4053439789581894,0.0
map,15,133,1788743279.3168757,6.232453953409113,-2.381250350669479,0.0
map,15,134,1788743279.3168757,6.239128147844504,-2.3571567223807683,0.0
map,15,135,1788743279.3168757,6.245809971674539,-2.333066145849916,0.0
map,15,136,1788743279.3168757,6.252494847262433,-2.308977095197992,0.0
map,15,137,1788743279.3168757,6.25919040400283,-2.2848895704249976,0.0
map,15,138,1788743279.3168757,6.265892064258942,-2.260805097409861,0.0
map,15,139,1788743279.3168757,6.272602879788629,-2.2367221502736534,0.0
map,15,140,1788743279.3168757,6.279318272955102,-2.2126407290163748,0.0
map,15,141,1788743279.3168757,6.28604129551622,-2.188562359516954,0.0
map,15,142,1788743279.3168757,6.292767369835197,-2.1644839900175334,0.0
map,15,143,1788743279.3168757,6.299501073548818,-2.1404086722759708,0.0
map,15,144,1788743279.3168757,6.306239354899226,-2.116333354534408,0.0
map,15,145,1788743279.3168757,6.312989843281066,-2.0922626144296324,0.0
map,15,146,1788743279.3168757,6.319741857541835,-2.0681918743248566,0.0
map,15,147,1788743279.3168757,6.326503027076178,-2.04412266009901,0.0
map,15,148,1788743279.3168757,6.333267248368379,-2.020054971752092,0.0
map,15,149,1788743279.3168757,6.340039099055225,-1.9959903351630324,0.0
map,15,150,1788743279.3168757,6.346814001499929,-1.9719256985739726,0.0
map,15,151,1788743279.3168757,6.353595007460349,-1.9478625878638418,0.0
map,15,152,1788743279.3168757,6.360380591057556,-1.92380100303264,0.0
map,15,153,1788743279.3168757,6.367176855807266,-1.8997424699592962,0.0
map,15,154,1788743279.3168757,6.373976172314833,-1.8756854627648814,0.0
map,15,155,1788743279.3168757,6.380781592338117,-1.8516284555704665,0.0
map,15,156,1788743279.3168757,6.387594641756046,-1.8275745001339097,0.0
map,15,157,1788743279.3168757,6.394409217052903,-1.8035220705762818,0.0
map,15,158,1788743279.3168757,6.401231421744406,-1.779471166897583,0.0
map,15,159,1788743279.3168757,6.408056678193766,-1.755420263218884,0.0
map,15,160,1788743279.3168757,6.41489261579563,-1.731372411298043,0.0
map,15,161,1788743279.3168757,6.421730079276422,-1.7073260852561312,0.0
map,15,162,1788743279.3168757,6.428575172151859,-1.6832812850931482,0.0
map,15,163,1788743279.3168757,6.435421790906226,-1.6592380108090943,0.0
map,15,164,1788743279.3168757,6.442274513176308,-1.6351947365250403,0.0
map,15,165,1788743279.3168757,6.449130287204248,-1.6111529881199154,0.0
map,15,166,1788743279.3168757,6.455992164747904,-1.5871142914726484,0.0
map,15,167,1788743279.3168757,6.4628601458072765,-1.5630755948253814,0.0
map,15,168,1788743279.3168757,6.469735756261294,-1.5390399499359724,0.0
map,15,169,1788743279.3168757,6.476611366715311,-1.5150043050465634,0.0
map,15,170,1788743279.3168757,6.483494606563973,-1.4909701860360833,0.0
map,15,171,1788743279.3168757,6.490377846412635,-1.4669360670256033,0.0
map,15,172,1788743279.3168757,6.497268715655942,-1.4429049997729813,0.0
map,15,173,1788743279.3168757,6.504161110778178,-1.4188739325203592,0.0
map,15,174,1788743279.3168757,6.5110580835372005,-1.3948443911466661,0.0
map,15,175,1788743279.3168757,6.517961159811939,-1.370816375651902,0.0
map,15,176,1788743279.3168757,6.524870339602394,-1.346789886036067,0.0
map,15,177,1788743279.3168757,6.531781045271778,-1.3227633964202319,0.0
map,15,178,1788743279.3168757,6.538697854456878,-1.2987399585622548,0.0
map,15,179,1788743279.3168757,6.545616189520906,-1.2747149948253487,0.0
map,15,180,1788743279.3168757,6.552539102221722,-1.2506930828463005,0.0
map,15,181,1788743279.3168757,6.559468118438254,-1.2266726967461814,0.0
map,15,182,1788743279.3168757,6.566401712291572,-1.2026538365249912,0.0
map,15,183,1788743279.3168757,6.573341409660607,-1.17863650218273,0.0
map,15,184,1788743279.3168757,6.58028263290857,-1.154619167840469,0.0
map,15,185,1788743279.3168757,6.587228433793321,-1.1306033593771367,0.0
map,15,186,1788743279.3168757,6.594177286435929,-1.1065875509138046,0.0
map,15,187,1788743279.3168757,6.601129190836396,-1.0825747942083304,0.0
map,15,188,1788743279.3168757,6.60808414699472,-1.0585620375028562,0.0
map,15,189,1788743279.3168757,6.615048258426619,-1.034550806676311,0.0
map,15,190,1788743279.3168757,6.622013895737446,-1.0105411017286947,0.0
map,15,191,1788743279.3168757,6.628982584806131,-0.9865313967810785,0.0
map,15,192,1788743279.3168757,6.6359543256326745,-0.9625232177123912,0.0
map,15,193,1788743279.3168757,6.642930644096005,-0.938516564522633,0.0
map,15,194,1788743279.3168757,6.649908488438264,-0.9145099113328747,0.0
map,15,195,1788743279.3168757,6.65689091041731,-0.8905047840220455,0.0
map,15,196,1788743279.3168757,6.663879435912072,-0.8665011825901452,0.0
map,15,197,1788743279.3168757,6.670871013164692,-0.8424991070371739,0.0
map,15,198,1788743279.3168757,6.6778641162962415,-0.8184970314842026,0.0
map,15,199,1788743279.3168757,6.684861797064578,-0.7944964818101603,0.0
map,15,200,1788743279.3168757,6.691861003711843,-0.770495932136118,0.0
map,15,201,1788743279.3168757,6.698866313874824,-0.7464984342199337,0.0
map,15,202,1788743279.3168757,6.705871624037805,-0.7224994104248204,0.0
map,15,203,1788743279.3168757,6.712884563595431,-0.698503438387565,0.0
map,15,204,1788743279.3168757,6.7198990290319855,-0.6745074663503097,0.0
map,15,205,1788743279.3168757,6.726918072105327,-0.6505130201919833,0.0
map,15,206,1788743279.3168757,6.733940166936527,-0.626520099912586,0.0
map,15,207,1788743279.3168757,6.740963787646656,-0.6025271796331886,0.0
map,15,208,1788743279.3168757,6.747991985993572,-0.5785342593537912,0.0
map,15,209,1788743279.3168757,6.755023236098346,-0.5545443908322518,0.0
map,15,210,1788743279.3168757,6.7620575379609775,-0.5305529964317834,0.0
map,15,211,1788743279.3168757,6.769096417460396,-0.506564653789173,0.0
map,15,212,1788743279.3168757,6.776138348717673,-0.4825778370254916,0.0
map,15,213,1788743279.3168757,6.783181805853879,-0.4585894943828812,0.0
map,15,214,1788743279.3168757,6.790229840626871,-0.4346042034981288,0.0
map,15,215,1788743279.3168757,6.797279401278793,-0.41061891261337635,0.0
map,15,216,1788743279.3168757,6.8043320136885725,-0.3866336217286239,0.0
map,15,217,1788743279.3168757,6.81138767785621,-0.3626498567228005,0.0
map,15,218,1788743279.3168757,6.818447919660635,-0.338667617595906,0.0
map,15,219,1788743279.3168757,6.825511213222917,-0.31468690434794055,0.0
map,15,220,1788743279.3168757,6.832576032664129,-0.2907061910999751,0.0
map,15,221,1788743279.3168757,6.839645429742127,-0.2667254778520096,0.0
map,15,222,1788743279.3168757,6.846716352699055,-0.24274629048297314,0.0
map,15,223,1788743279.3168757,6.85379032741384,-0.21876862899286564,0.0
map,15,224,1788743279.3168757,6.8608673538864835,-0.19479096750275815,0.0
map,15,225,1788743279.3168757,6.867947432116985,-0.17081483189157964,0.0
map,15,226,1788743279.3168757,6.875030562105344,-0.14683869628040114,0.0
map,15,227,1788743279.3168757,6.882116743851562,-0.12286408654815162,0.0
map,15,228,1788743279.3168757,6.889205977355637,-0.09889100269483109,0.0
map,15,229,1788743279.3168757,6.896296736738641,-0.07491639296258157,0.0
map,15,230,1788743279.3168757,6.9033905478795035,-0.050944834988190024,0.0
map,15,231,1788743279.3168757,6.910488936657153,-0.02697327701379848,0.0
map,15,232,1788743279.3168757,6.917588851313731,-0.0030032449183359233,0.0
map,15,233,1788743279.3168757,6.924693343607096,0.020966787177126633,0.0
map,15,234,1788743279.3168757,6.93179936177939,0.0449352933936602,0.0
map,15,235,1788743279.3168757,6.938908431709542,0.06890379961019377,0.0
map,15,236,1788743279.3168757,6.9460190275186235,0.09287077994779835,0.0
map,15,237,1788743279.3168757,6.953134200964492,0.11683623440647395,0.0
map,15,238,1788743279.3168757,6.96024937441036,0.14080321474407853,0.0
map,15,239,1788743279.3168757,6.967370651371944,0.16476714332382514,0.0
map,15,240,1788743279.3168757,6.974491928333528,0.18873107190357175,0.0
map,15,241,1788743279.3168757,6.981617782931899,0.21269500048331835,0.0
map,15,242,1788743279.3168757,6.988745163409199,0.23665740318413597,0.0
map,15,243,1788743279.3168757,6.995875595644357,0.2606182800060246,0.0
map,15,244,1788743279.3168757,7.003007553758444,0.28457915682791324,0.0
map,15,245,1788743279.3168757,7.010142563630389,0.30854003364980187,0.0
map,15,246,1788743279.3168757,7.017280625260192,0.3324993845927615,0.0
map,15,247,1788743279.3168757,7.0244217386478525,0.3564572096567922,0.0
map,15,248,1788743279.3168757,7.031564377914442,0.38041503472082283,0.0
map,15,249,1788743279.3168757,7.038711594817819,0.4043713339059245,0.0
map,15,250,1788743279.3168757,7.045858811721196,0.42832763309102617,0.0
map,15,251,1788743279.3168757,7.05301060626136,0.45228393227612784,0.0
map,15,252,1788743279.3168757,7.060162400801524,0.4762387055823005,0.0
map,15,253,1788743279.3168757,7.067318772978474,0.5001919530095442,0.0
map,15,254,1788743279.3168757,7.074478196913283,0.5241452004367879,0.0
map,15,255,1788743279.3168757,7.081639146727021,0.5480984478640316,0.0
map,15,256,1788743279.3168757,7.0888031482986165,0.5720501694123463,0.0
map,15,257,1788743279.3168757,7.095968675749141,0.596000365081732,0.0
map,15,258,1788743279.3168757,7.103138780836453,0.6199505607511178,0.0
map,15,259,1788743279.3168757,7.110308885923764,0.6439007564205035,0.0
map,15,260,1788743279.3168757,7.117482042768934,0.6678494262109602,0.0
map,15,261,1788743279.3168757,7.124658251371962,0.691796570122488,0.0
map,15,262,1788743279.3168757,7.131837511732847,0.7157437140340157,0.0
map,15,263,1788743279.3168757,7.139018297972662,0.7396908579455435,0.0
map,15,264,1788743279.3168757,7.146202135970334,0.7636364759781422,0.0
map,15,265,1788743279.3168757,7.153387499846936,0.787580568131812,0.0
map,15,266,1788743279.3168757,7.160575915481395,0.8115261861644107,0.0
map,15,267,1788743279.3168757,7.167764331115855,0.8354702783180805,0.0
map,15,268,1788743279.3168757,7.174957324387101,0.8594128445928213,0.0
map,15,269,1788743279.3168757,7.182150317658348,0.8833554108675621,0.0
map,15,270,1788743279.3168757,7.189347888566381,0.9072964512633739,0.0
map,15,271,1788743279.3168757,7.1965485112322725,0.9312374916591857,0.0
map,15,272,1788743279.3168757,7.203750659777093,0.9551770061760685,0.0
map,15,273,1788743279.3168757,7.210954334200842,0.9791165206929513,0.0
map,15,274,1788743279.3168757,7.2181610603824495,1.003056035209834,0.0
map,15,275,1788743279.3168757,7.225369312442986,1.026994023847788,0.0
map,15,276,1788743279.3168757,7.232579090382451,1.0509320124857418,0.0
map,15,277,1788743279.3168757,7.239793445958703,1.0748684752447666,0.0
map,15,278,1788743279.3168757,7.247009327413885,1.0988049380037914,0.0
map,15,279,1788743279.3168757,7.254228260626924,1.1227398748838873,0.0
map,15,280,1788743279.3168757,7.261448719718892,1.1466748117639831,0.0
map,15,281,1788743279.3168757,7.268670704689789,1.17060822276515,0.0
map,15,282,1788743279.3168757,7.275894215539616,1.1945416337663168,0.0
map,15,283,1788743279.3168757,7.2831207781473,1.2184750447674837,0.0
map,15,284,1788743279.3168757,7.290350392512842,1.2424069298897216,0.0
map,15,285,1788743279.3168757,7.297583058636242,1.2663372891330305,0.0
map,15,286,1788743279.3168757,7.304817250638571,1.2902676483763393,0.0
map,15,287,1788743279.3168757,7.312054494398758,1.3141980076196482,0.0
map,15,288,1788743279.3168757,7.319290212280016,1.3381268409840281,0.0
map,15,289,1788743279.3168757,7.326530507798061,1.362055674348408,0.0
map,15,290,1788743279.3168757,7.333772329195035,1.385984507712788,0.0
map,15,291,1788743279.3168757,7.341018728228796,1.4099102893193098,0.0
map,15,292,1788743279.3168757,7.348265127262557,1.4338375968047608,0.0
map,15,293,1788743279.3168757,7.355516103933105,1.4577633784112827,0.0
map,15,294,1788743279.3168757,7.362764028845795,1.4816891600178046,0.0
map,15,295,1788743279.3168757,7.370016531395272,1.5056149416243265,0.0
map,15,296,1788743279.3168757,7.377270559823678,1.5295391973519195,0.0
map,15,297,1788743279.3168757,7.384529165888871,1.5534619272005834,0.0
map,15,298,1788743279.3168757,7.391789297832993,1.5773846570492474,0.0
map,15,299,1788743279.3168757,7.399050955656044,1.6013058610189823,0.0
map,15,300,1788743279.3168757,7.406317191115882,1.6252270649887173,0.0
map,15,301,1788743279.3168757,7.413580374817862,1.6491482689584522,0.0
map,15,302,1788743279.3168757,7.4208466102776995,1.6730694729281872,0.0
map,15,303,1788743279.3168757,7.428117423374324,1.6969891510189932,0.0
map,15,304,1788743279.3168757,7.435389762349878,1.7209073032308702,0.0
map,15,305,1788743279.3168757,7.44266515308329,1.7448254554427471,0.0
map,15,306,1788743279.3168757,7.44994359557456,1.7687420817756951,0.0
map,15,307,1788743279.3168757,7.457225089823687,1.7926587081086431,0.0
map,15,308,1788743279.3168757,7.464502006436028,1.8165768603205201,0.0
map,15,309,1788743279.3168757,7.471783500685156,1.8404919607745391,0.0
map,15,310,1788743279.3168757,7.4790680466921415,1.8644070612285581,0.0
map,15,311,1788743279.3168757,7.486355644456985,1.8883221616825772,0.0
map,15,312,1788743279.3168757,7.493646293979687,1.9122357362576672,0.0
map,15,313,1788743279.3168757,7.5009399952602465,1.9361477849538282,0.0
map,15,314,1788743279.3168757,7.508235222419735,1.9600598336499893,0.0
map,15,315,1788743279.3168757,7.515527397821366,1.9839718823461503,0.0
map,15,316,1788743279.3168757,7.522822624980854,2.0078839310423113,0.0
map,15,317,1788743279.3168757,7.530120903898201,2.0317944538595434,0.0
map,15,318,1788743279.3168757,7.537423760452334,2.0557049766767754,0.0
map,15,319,1788743279.3168757,7.544728142885397,2.0796139736150785,0.0
map,15,320,1788743279.3168757,7.552037102955246,2.1035214446744526,0.0
map,15,321,1788743279.3168757,7.559347588904025,2.1274289157338266,0.0
map,15,322,1788743279.3168757,7.566653497216016,2.1513379126721297,0.0
map,15,323,1788743279.3168757,7.573963983164795,2.175245383731504,0.0
map,15,324,1788743279.3168757,7.581277520871431,2.199151328911949,0.0
map,15,325,1788743279.3168757,7.588595636214855,2.223055748213465,0.0
map,15,326,1788743279.3168757,7.595916803316136,2.246960167514981,0.0
map,15,327,1788743279.3168757,7.6032410221752755,2.270863060937568,0.0
map,15,328,1788743279.3168757,7.610566766913344,2.2947659543601553,0.0
map,15,329,1788743279.3168757,7.617887934014625,2.3186703736616714,0.0
map,15,330,1788743279.3168757,7.625212152873765,2.3425732670842585,0.0
map,15,331,1788743279.3168757,7.632540949369691,2.3664746346279166,0.0
map,15,332,1788743279.3168757,7.639874323502404,2.3903744762926458,0.0
map,15,333,1788743279.3168757,7.6472122752719045,2.414274317957375,0.0
map,15,334,1788743279.3168757,7.654551752920334,2.438171107864246,0.0
map,15,335,1788743279.3168757,7.66189580820555,2.462069423650046,0.0
map,15,336,1788743279.3168757,7.669229182338263,2.4859692653147754,0.0
map,15,337,1788743279.3168757,7.6765686599866925,2.5098675811005755,0.0
map,15,338,1788743279.3168757,7.683912715271909,2.5337643710074467,0.0
map,15,339,1788743279.3168757,7.691261348193912,2.557659635035389,0.0
map,15,340,1788743279.3168757,7.698614558752702,2.581554899063331,0.0
map,15,341,1788743279.3168757,7.70597082106935,2.6054471113334152,0.0
map,15,342,1788743279.3168757,7.713313350475637,2.6293454271192154,0.0
map,15,343,1788743279.3168757,7.72066198339764,2.6532406911471575,0.0
map,15,344,1788743279.3168757,7.7280182457142885,2.6771344292961707,0.0
map,15,345,1788743279.3168757,7.735377559788795,2.701025115687326,0.0
map,15,346,1788743279.3168757,7.742742977379017,2.724915802078481,0.0
map,15,347,1788743279.3168757,7.750111446727097,2.7488049625907074,0.0
map,15,348,1788743279.3168757,7.757484493711964,2.7726941231029336,0.0
map,15,349,1788743279.3168757,7.764840756028612,2.796586335373018,0.0
map,15,350,1788743279.3168757,7.772206173618834,2.820477021764173,0.0
map,15,351,1788743279.3168757,7.779576168845843,2.8443661822763993,0.0
map,15,352,1788743279.3168757,7.786952267588568,2.8682538169096965,0.0
map,15,353,1788743279.3168757,7.7943344698470085,2.8921383997851358,0.0
map,15,354,1788743279.3168757,7.801719723863307,2.916022982660575,0.0
map,15,355,1788743279.3168757,7.809109555516393,2.9399060396570853,0.0
map,15,356,1788743279.3168757,7.81648260250126,2.9637936742903825,0.0
map,15,357,1788743279.3168757,7.823863278880772,2.987679783044751,0.0
map,15,358,1788743279.3168757,7.831250058776,3.011562840041261,0.0
map,15,359,1788743279.3168757,7.838644468065873,3.0354443711588424,0.0
map,15,360,1788743279.3168757,7.846041929113603,3.0593243763974947,0.0
map,15,361,1788743279.3168757,7.85344549367705,3.083202855757218,0.0
map,15,362,1788743279.3168757,7.860852109998355,3.1070813351169413,0.0
map,15,363,1788743279.3168757,7.868238889893583,3.1309643921134516,0.0
map,15,364,1788743279.3168757,7.8756332991834554,3.154847449109962,0.0
map,15,365,1788743279.3168757,7.883041441383689,3.178724402590756,0.0
map,15,366,1788743279.3168757,7.890449583583923,3.2026013560715505,0.0
map,15,367,1788743279.3168757,7.897860777542014,3.226476783673416,0.0
map,15,368,1788743279.3168757,7.905278075015822,3.250350685396352,0.0
map,15,369,1788743279.3168757,7.912689268973914,3.2742276388771465,0.0
map,15,370,1788743279.3168757,7.9707,3.31,0.7715
map,16,0,1788743280.3469408,6.1126892421518235,-5.875772497468478,0.0
map,16,1,1788743280.3469408,6.110292086354384,-5.847293493137858,0.0
map,16,2,1788743280.3469408,6.1090729090901235,-5.822324010343909,0.0
map,16,3,1788743280.3469408,6.107395968147166,-5.797380467491752,0.0
map,16,4,1788743280.3469408,6.105285677588377,-5.772468968097105,0.0
map,16,5,1788743280.3469408,6.102555880184418,-5.747618503859616,0.0
map,16,6,1788743280.3469408,6.099246248787445,-5.7228382300528615,0.0
map,16,7,1788743280.3469408,6.095150789742043,-5.698176974802568,0.0
map,16,8,1788743280.3469408,6.0903412193578745,-5.673643893382309,0.0
map,16,9,1788743280.3469408,6.084599336948095,-5.649312227980676,0.0
map,16,10,1788743280.3469408,6.078038057553449,-5.625188082113386,0.0
map,16,11,1788743280.3469408,6.070440706366021,-5.601370637910822,0.0
map,16,12,1788743280.3469408,6.061880525574402,-5.577881257677991,0.0
map,16,13,1788743280.3469408,6.053318818903854,-5.554393403324088,0.0
map,16,14,1788743280.3469408,6.044618257250768,-5.530955902974842,0.0
map,16,15,1788743280.3469408,6.0358749709876705,-5.507535187293815,0.0
map,16,16,1788743280.3469408,6.026979096831674,-5.48417092913316,0.0
map,16,17,1788743280.3469408,6.018017609881731,-5.460832610914299,0.0
map,16,18,1788743280.3469408,6.0089310008596115,-5.437541594942235,0.0
map,16,19,1788743280.3469408,5.999848969474279,-5.414250578970172,0.0
map,16,20,1788743280.3469408,5.990679962989994,-5.390993132334547,0.0
map,16,21,1788743280.3469408,5.981489594200703,-5.367743315093566,0.0
map,16,22,1788743280.3469408,5.9722061467967436,-5.3445316448258104,0.0
map,16,23,1788743280.3469408,5.962849457204193,-5.321347440378776,0.0
map,16,24,1788743280.3469408,5.953460724154134,-5.298178494721032,0.0
map,16,25,1788743280.3469408,5.94383700574901,-5.275104153556885,0.0
map,16,26,1788743280.3469408,5.934297210684981,-5.2519962430563005,0.0
map,16,27,1788743280.3469408,5.924797088473106,-5.228871547887497,0.0
map,16,28,1788743280.3469408,5.914646941837482,-5.206024562683769,0.0
map,16,29,1788743280.3469408,5.905087310347376,-5.182924281577829,0.0
map,16,30,1788743280.3469408,5.895652800929447,-5.159772120588304,0.0
map,16,31,1788743280.3469408,5.886279326668678,-5.136597071414844,0.0
map,16,32,1788743280.3469408,5.874092131662856,-5.114767847456751,0.0
map,16,33,1788743280.3469408,5.86430667009126,-5.091763696723337,0.0
map,16,34,1788743280.3469408,5.847027617099407,-5.073695764325198,0.0
map,16,35,1788743280.3469408,5.833360319532467,-5.05276223129842,0.0
map,16,36,1788743280.3469408,5.822935514689625,-5.03003884228794,0.0
map,16,37,1788743280.3469408,5.825747709555749,-5.005197533324026,0.0
map,16,38,1788743280.3469408,5.821928434596494,-4.980490501705862,0.0
map,16,39,1788743280.3469408,5.813084440324083,-4.95710793299806,0.0
map,16,40,1788743280.3469408,5.803820829346201,-4.93388710745673,0.0
map,16,41,1788743280.3469408,5.786961393059819,-4.915427024173841,0.0
map,16,42,1788743280.3469408,5.771708707285661,-4.895619589796656,0.0
map,16,43,1788743280.3469408,5.773486356237932,-4.870683676339144,0.0
map,16,44,1788743280.3469408,5.78420260395621,-4.848096090553344,0.0
map,16,45,1788743280.3469408,5.805891447052836,-4.835663229039955,0.0
map,16,46,1788743280.3469408,5.7974350260283884,-4.812137227712828,0.0
map,16,47,1788743280.3469408,5.788066129404406,-4.78895912678151,0.0
map,16,48,1788743280.3469408,5.768363980673321,-4.773570637782672,0.0
map,16,49,1788743280.3469408,5.750508145446311,-4.756073384103974,0.0
map,16,50,1788743280.3469408,5.735658291709406,-4.735960773940992,0.0
map,16,51,1788743280.3469408,5.726438931220464,-4.712723163731443,0.0
map,16,52,1788743280.3469408,5.7058670314998565,-4.6985187567815,0.0
map,16,53,1788743280.3469408,5.730847195446309,-4.699495319296052,0.0
map,16,54,1788743280.3469408,5.753849820300793,-4.68970375420874,0.0
map,16,55,1788743280.3469408,5.756874112338046,-4.664886859307689,0.0
map,16,56,1788743280.3469408,5.760374478601143,-4.640134051321656,0.0
map,16,57,1788743280.3469408,5.760188321371807,-4.615134050949127,0.0
map,16,58,1788743280.3469408,5.75961153913665,-4.590141679971243,0.0
map,16,59,1788743280.3469408,5.765763882978327,-4.5659091966999945,0.0
map,16,60,1788743280.3469408,5.775648526680307,-4.542946244697664,0.0
map,16,61,1788743280.3469408,5.773204068636069,-4.518066788760525,0.0
map,16,62,1788743280.3469408,5.77015841429381,-4.493252945617332,0.0
map,16,63,1788743280.3469408,5.775053433898002,-4.468736648865292,0.0
map,16,64,1788743280.3469408,5.779982022838631,-4.444226455628968,0.0
map,16,65,1788743280.3469408,5.776452664875883,-4.419476699400793,0.0
map,16,66,1788743280.3469408,5.771508817145964,-4.394971083801256,0.0
map,16,67,1788743280.3469408,5.772851590603473,-4.370007704523022,0.0
map,16,68,1788743280.3469408,5.772396878682635,-4.34501228178728,0.0
map,16,69,1788743280.3469408,5.760606412198349,-4.3229679089002,0.0
map,16,70,1788743280.3469408,5.7662674230248925,-4.29861640707249,0.0
map,16,71,1788743280.3469408,5.767344693548758,-4.273639294883896,0.0
map,16,72,1788743280.3469408,5.768930081755975,-4.248689648516024,0.0
map,16,73,1788743280.3469408,5.774371366016744,-4.224289318562587,0.0
map,16,74,1788743280.3469408,5.778982572140144,-4.199718090169103,0.0
map,16,75,1788743280.3469408,5.779762296272857,-4.174730296828006,0.0
map,16,76,1788743280.3469408,5.78106844863607,-4.149765391670844,0.0
map,16,77,1788743280.3469408,5.785672025364825,-4.125192637398431,0.0
map,16,78,1788743280.3469408,5.789738492710576,-4.100525278632421,0.0
map,16,79,1788743280.3469408,5.791107206109878,-4.075563425233117,0.0
map,16,80,1788743280.3469408,5.7930740640493426,-4.050639718807037,0.0
map,16,81,1788743280.3469408,5.795675687623266,-4.025775521659188,0.0
map,16,82,1788743280.3469408,5.799015836598819,-4.00099982548922,0.0
map,16,83,1788743280.3469408,5.802835111558075,-3.976294319749986,0.0
map,16,84,1788743280.3469408,5.8070877361331625,-3.951657478562556,0.0
map,16,85,1788743280.3469408,5.811694364619775,-3.927086250169072,0.0
map,16,86,1788743280.3469408,5.81599734319952,-3.902458564255216,0.0
map,16,87,1788743280.3469408,5.819378690906156,-3.877688971600964,0.0
map,16,88,1788743280.3469408,5.8198990156209405,-3.852693548865222,0.0
map,16,89,1788743280.3469408,5.820961027355516,-3.827716436676628,0.0
map,16,90,1788743280.3469408,5.824504118228624,-3.8029697322063107,0.0
map,16,91,1788743280.3469408,5.827211027448648,-3.7781162162109645,0.0
map,16,92,1788743280.3469408,5.827236967390441,-3.7531162158384355,0.0
map,16,93,1788743280.3469408,5.827789335562734,-3.7281223189816224,0.0
map,16,94,1788743280.3469408,5.830720548985319,-3.703294742928069,0.0
map,16,95,1788743280.3469408,5.832933073432351,-3.678392398806995,0.0
map,16,96,1788743280.3469408,5.832733183292653,-3.653393924313395,0.0
map,16,97,1788743280.3469408,5.83302462616809,-3.628395449819795,0.0
map,16,98,1788743280.3469408,5.835516386459126,-3.603519045640514,0.0
map,16,99,1788743280.3469408,5.837396269299639,-3.5785907615776473,0.0
map,16,100,1788743280.3469408,5.837136869881711,-3.5535922870840473,0.0
map,16,101,1788743280.3469408,5.83733370826355,-3.5285922867115183,0.0
map,16,102,1788743280.3469408,5.839527922163434,-3.5036899425904444,0.0
map,16,103,1788743280.3469408,5.841214018379965,-3.478746399738288,0.0
map,16,104,1788743280.3469408,5.8410385423031315,-3.453746399365759,0.0
map,16,105,1788743280.3469408,5.841294889963201,-3.428747924872159,0.0
map,16,106,1788743280.3469408,5.8433304124544705,-3.403831847840724,0.0
map,16,107,1788743280.3469408,5.844969206424203,-3.3788852532307097,0.0
map,16,108,1788743280.3469408,5.845101957891025,-3.3538852528581806,0.0
map,16,109,1788743280.3469408,5.845646696668673,-3.3288913560013675,0.0
map,16,110,1788743280.3469408,5.8476806932810135,-3.303973753091004,0.0
map,16,111,1788743280.3469408,5.849452238717568,-3.2790363137545633,0.0
map,16,112,1788743280.3469408,5.850151091267044,-3.254046994534537,0.0
map,16,113,1788743280.3469408,5.851292448705927,-3.229072934103801,0.0
map,16,114,1788743280.3469408,5.85354769776297,-3.204175167619514,0.0
map,16,115,1788743280.3469408,5.855778532757149,-3.179274349377369,0.0
map,16,116,1788743280.3469408,5.857760649485904,-3.1543536947091475,0.0
map,16,117,1788743280.3469408,5.860301237902668,-3.1294818681666534,0.0
map,16,118,1788743280.3469408,5.863301115877057,-3.104663447386674,0.0
map,16,119,1788743280.3469408,5.866729765830492,-3.079899958248138,0.0
map,16,120,1788743280.3469408,5.877563506226302,-3.0573688299827104,0.0
map,16,121,1788743280.3469408,5.886145049322927,-3.033887079144524,0.0
map,16,122,1788743280.3469408,5.88107760539976,-3.0094074034867795,0.0
map,16,123,1788743280.3469408,5.874955779136663,-2.985167290820886,0.0
map,16,124,1788743280.3469408,5.86945956323445,-2.960779167898881,0.0
map,16,125,1788743280.3469408,5.861621123176242,-2.9370395435216956,0.0
map,16,126,1788743280.3469408,5.862982207180899,-2.9120776901223913,0.0
map,16,127,1788743280.3469408,5.866078215527814,-2.8872699504949146,0.0
map,16,128,1788743280.3469408,5.886726409194871,-2.8731754068278583,0.0
map,16,129,1788743280.3469408,5.904943877728051,-2.85605504524462,0.0
map,16,130,1788743280.3469408,5.92013552834505,-2.8361987827417074,0.0
map,16,131,1788743280.3469408,5.9108520809410905,-2.8129871124739516,0.0
map,16,132,1788743280.3469408,5.901626616936433,-2.789751028143332,0.0
map,16,133,1788743280.3469408,5.904394561313616,-2.7649051415426307,0.0
map,16,134,1788743280.3469408,5.9069046321518,-2.7400317891212076,0.0
map,16,135,1788743280.3469408,5.907644683432359,-2.7150424699011815,0.0
map,16,136,1788743280.3469408,5.908409148775782,-2.6900546765600843,0.0
map,16,137,1788743280.3469408,5.908844024270543,-2.6650577279454133,0.0
map,16,138,1788743280.3469408,5.9092804256442335,-2.6400623052096712,0.0
map,16,139,1788743280.3469408,5.909565765003954,-2.615063830716071,0.0
map,16,140,1788743280.3469408,5.909846526726888,-2.590065356222471,0.0
map,16,141,1788743280.3469408,5.910047942745514,-2.565065355849942,0.0
map,16,142,1788743280.3469408,5.9102432552484245,-2.540066881356342,0.0
map,16,143,1788743280.3469408,5.910391265504536,-2.515066880983813,0.0
map,16,144,1788743280.3469408,5.910534698123861,-2.490066880611284,0.0
map,16,145,1788743280.3469408,5.910646087285677,-2.465066880238755,0.0
map,16,146,1788743280.3469408,5.916426116668681,-2.4407443701106963,0.0
map,16,147,1788743280.3469408,5.922120696831662,-2.416402023556561,0.0
map,16,148,1788743280.3469408,5.9278808897885895,-2.3920749357917153,0.0
map,16,149,1788743280.3469408,5.933592254619789,-2.3677356409954378,0.0
map,16,150,1788743280.3469408,5.939378387518509,-2.343414656746308,0.0
map,16,151,1788743280.3469408,5.945144683991153,-2.3190890948603915,0.0
map,16,152,1788743280.3469408,5.950993377925961,-2.2947818435216227,0.0
map,16,153,1788743280.3469408,5.95684207186077,-2.270476118061783,0.0
map,16,154,1788743280.3469408,5.963063080254251,-2.2462619453376824,0.0
map,16,155,1788743280.3469408,5.969271881616301,-2.222046246734653,0.0
map,16,156,1788743280.3469408,5.975535614619794,-2.1978427551630553,0.0
map,16,157,1788743280.3469408,5.981788666470784,-2.1736377377125287,0.0
map,16,158,1788743280.3469408,5.988096649963218,-2.149446453172363,0.0
map,16,159,1788743280.3469408,5.994401581697794,-2.125255168632197,0.0
map,16,160,1788743280.3469408,6.000762970952742,-2.1010776170023924,0.0
map,16,161,1788743280.3469408,6.007171662454489,-2.0769122724040194,0.0
map,16,162,1788743280.3469408,6.013702424270555,-2.052780497142084,0.0
map,16,163,1788743280.3469408,6.020271333059846,-2.028659403032652,0.0
map,16,164,1788743280.3469408,6.026847871243781,-2.0045398348021486,0.0
map,16,165,1788743280.3469408,6.033461030522012,-1.9804309477241482,0.0
map,16,166,1788743280.3469408,6.040081819194889,-1.9563235865250768,0.0
map,16,167,1788743280.3469408,6.0467392289620605,-1.9322253805995793,0.0
map,16,168,1788743280.3469408,6.053404268123877,-1.9081302264319397,0.0
map,16,169,1788743280.3469408,6.060107454258919,-1.8840457534168031,0.0
map,16,170,1788743280.3469408,6.066873201430049,-1.8599795909488144,0.0
map,16,171,1788743280.3469408,6.0736725179376165,-1.8359210578754706,0.0
map,16,172,1788743280.3469408,6.0804779379609,-1.8118655765599847,0.0
map,16,173,1788743280.3469408,6.087313875562764,-1.7878177246391438,0.0
map,16,174,1788743280.3469408,6.094155916680343,-1.7637729244761609,0.0
map,16,175,1788743280.3469408,6.101028475376502,-1.7397357537078229,0.0
map,16,176,1788743280.3469408,6.107908663467306,-1.7157016346973428,0.0
map,16,177,1788743280.3469408,6.114852938473128,-1.6916858262340106,0.0
map,16,178,1788743280.3469408,6.121803316994665,-1.6676700177706785,0.0
map,16,179,1788743280.3469408,6.128779635457995,-1.6436633645809202,0.0
map,16,180,1788743280.3469408,6.1357620574370415,-1.619658237270091,0.0
map,16,181,1788743280.3469408,6.1427688934789515,-1.5956607393539066,0.0
map,16,182,1788743280.3469408,6.149781833036577,-1.5716647673166513,0.0
map,16,183,1788743280.3469408,6.156820712535996,-1.5476764246740409,0.0
map,16,184,1788743280.3469408,6.163888583735066,-1.5236957114260754,0.0
map,16,185,1788743280.3469408,6.170980868996999,-1.4997226275727549,0.0
map,16,186,1788743280.3469408,6.178077731895719,-1.4757510695983633,0.0
map,16,187,1788743280.3469408,6.185195957099445,-1.4517856151396877,0.0
map,16,188,1788743280.3469408,6.192335544608177,-1.427827790075657,0.0
map,16,189,1788743280.3469408,6.199481235632625,-1.4038699650116264,0.0
map,16,190,1788743280.3469408,6.20664676308315,-1.3799197693422407,0.0
map,16,191,1788743280.3469408,6.21381839404939,-1.355969573672855,0.0
map,16,192,1788743280.3469408,6.221011387320637,-1.3320270073981142,0.0
map,16,193,1788743280.3469408,6.228216587623315,-1.3080874928812314,0.0
map,16,194,1788743280.3469408,6.235440098473141,-1.2841540818800645,0.0
map,16,195,1788743280.3469408,6.242672764596541,-1.2602237226367556,0.0
map,16,196,1788743280.3469408,6.249925267146018,-1.2362979410302337,0.0
map,16,197,1788743280.3469408,6.25718539909014,-1.2123752111815698,0.0
map,16,198,1788743280.3469408,6.264450108671049,-1.1884540072118348,0.0
map,16,199,1788743280.3469408,6.271728551162319,-1.1645373808788868,0.0
map,16,200,1788743280.3469408,6.279028355958594,-1.1406268580616548,0.0
map,16,201,1788743280.3469408,6.286337316028444,-1.1167193870022807,0.0
map,16,202,1788743280.3469408,6.293664586645441,-1.0928180194586226,0.0
map,16,203,1788743280.3469408,6.3010010125360125,-1.0689181777938934,0.0
map,16,204,1788743280.3469408,6.308354223094803,-1.0450244396448802,0.0
map,16,205,1788743280.3469408,6.315689123106445,-1.021124597980151,0.0
map,16,206,1788743280.3469408,6.323048437180951,-0.9972308598311379,0.0
map,16,207,1788743280.3469408,6.330419958286889,-0.9733432251978407,0.0
map,16,208,1788743280.3469408,6.337812841697833,-0.9494616940802594,0.0
map,16,209,1788743280.3469408,6.3452148803823505,-0.9255816888416071,0.0
map,16,210,1788743280.3469408,6.352635229614016,-0.9017093129975997,0.0
map,16,211,1788743280.3469408,6.3600738893928295,-0.8778415147903793,0.0
map,16,212,1788743280.3469408,6.367491186866637,-0.853966087188514,0.0
map,16,213,1788743280.3469408,6.3749313725243795,-0.8300998148602226,0.0
map,16,214,1788743280.3469408,6.382385291092483,-0.8062365942897891,0.0
map,16,215,1788743280.3469408,6.389859046086663,-0.7823794772350716,0.0
map,16,216,1788743280.3469408,6.397345008112275,-0.7585269378171411,0.0
map,16,217,1788743280.3469408,6.404846228927177,-0.7346789760359975,0.0
map,16,218,1788743280.3469408,6.412356605015653,-0.7108340660127119,0.0
map,16,219,1788743280.3469408,6.419847144678052,-0.6869830524737104,0.0
map,16,220,1788743280.3469408,6.4273544690086695,-0.6631366165714958,0.0
map,16,221,1788743280.3469408,6.434884681523222,-0.6392978100639262,0.0
map,16,222,1788743280.3469408,6.442427101069207,-0.6154620553142145,0.0
map,16,223,1788743280.3469408,6.449989357041268,-0.5916324040802188,0.0
map,16,224,1788743280.3469408,6.457559242407974,-0.56780733048301,0.0
map,16,225,1788743280.3469408,6.465103187832888,-0.5439731016122273,0.0
map,16,226,1788743280.3469408,6.472665443804949,-0.5201434503782316,0.0
map,16,227,1788743280.3469408,6.4802521138398745,-0.4963229544178098,0.0
map,16,228,1788743280.3469408,6.487850990906232,-0.472505510215246,0.0
map,16,229,1788743280.3469408,6.4954697043986656,-0.44869416952839813,0.0
map,16,230,1788743280.3469408,6.503099099043602,-0.4248874064783372,0.0
map,16,231,1788743280.3469408,6.510746804235687,-0.4010852210650633,0.0
map,16,232,1788743280.3469408,6.518360940091334,-0.3772738803782154,0.0
map,16,233,1788743280.3469408,6.525996438251987,-0.3534686432070835,0.0
map,16,234,1788743280.3469408,6.533654824596574,-0.3296695095516675,0.0
map,16,235,1788743280.3469408,6.541328469730452,-0.3058764794119675,0.0
map,16,236,1788743280.3469408,6.549020425411477,-0.2820895527879834,0.0
map,16,237,1788743280.3469408,6.556724588123934,-0.2583056779218573,0.0
map,16,238,1788743280.3469408,6.564390603863167,-0.23451112190322831,0.0
map,16,239,1788743280.3469408,6.572079507786334,-0.21072266940031525,0.0
map,16,240,1788743280.3469408,6.5797912998934365,-0.18694184629204713,0.0
map,16,241,1788743280.3469408,6.5875183507898285,-0.16316560082056597,0.0
map,16,242,1788743280.3469408,6.595265238112297,-0.13939545886480076,0.0
map,16,243,1788743280.3469408,6.603024332466198,-0.1156314204247515,0.0
map,16,244,1788743280.3469408,6.610800211488318,-0.09187043374256021,0.0
map,16,245,1788743280.3469408,6.618536417658284,-0.06809724002893702,0.0
map,16,246,1788743280.3469408,6.6262970378911135,-0.04433320158888776,0.0
map,16,247,1788743280.3469408,6.634075968671091,-0.02057374078562546,0.0
map,16,248,1788743280.3469408,6.6418762617560745,0.0031780906229919026,0.0
map,16,249,1788743280.3469408,6.64968876187249,0.02692687027375129,0.0
map,16,250,1788743280.3469408,6.657519572536053,0.05066802052986574,0.0
map,16,251,1788743280.3469408,6.665286296284599,0.07443053309098602,0.0
map,16,252,1788743280.3469408,6.673085063490653,0.09818389037853237,0.0
map,16,253,1788743280.3469408,6.680911296517429,0.12192656651357581,0.0
map,16,254,1788743280.3469408,6.688757365970282,0.1456631391329033,0.0
map,16,255,1788743280.3469408,6.69662632360707,0.16939360823651484,0.0
map,16,256,1788743280.3469408,6.704509014154219,0.19311797382441043,0.0
map,16,257,1788743280.3469408,6.7124100152485155,0.21683623589659007,0.0
map,16,258,1788743280.3469408,6.720257610580298,0.24057280851591756,0.0
map,16,259,1788743280.3469408,6.72813419761173,0.2643002258616711,0.0
map,16,260,1788743280.3469408,6.736033672827098,0.28801848793385076,0.0
map,16,261,1788743280.3469408,6.7439560362264,0.31173064649031446,0.0
map,16,262,1788743280.3469408,6.751895184293922,0.3354367015310622,0.0
map,16,263,1788743280.3469408,6.759852642908591,0.359135127177165,0.0
map,16,264,1788743280.3469408,6.767746014608242,0.3828564410072026,0.0
map,16,265,1788743280.3469408,6.775671429765403,0.4065670736847373,0.0
map,16,266,1788743280.3469408,6.783622784864356,0.4302700769676271,0.0
map,16,267,1788743280.3469408,6.791600079905102,0.45396239909801395,0.0
map,16,268,1788743280.3469408,6.799594159614067,0.47765014359161384,0.0
map,16,269,1788743280.3469408,6.807609601628037,0.5013302586905688,0.0
map,16,270,1788743280.3469408,6.815533490906269,0.5250408913681035,0.0
map,16,271,1788743280.3469408,6.823495527157725,0.5487393170142063,0.0
map,16,272,1788743280.3469408,6.831494184503477,0.5724255356288772,0.0
map,16,273,1788743280.3469408,6.83952030766995,0.5961025989699742,0.0
map,16,274,1788743280.3469408,6.847572370778217,0.6197689811585683,0.0
map,16,275,1788743280.3469408,6.85564427031256,0.6434307857103754,0.0
map,16,276,1788743280.3469408,6.863624617111164,0.6671231078407622,0.0
map,16,277,1788743280.3469408,6.871643110882992,0.6908016970607882,0.0
map,16,278,1788743280.3469408,6.879701277506975,0.7144680792493823,0.0
map,16,279,1788743280.3469408,6.88778538407275,0.7381237802854734,0.0
map,16,280,1788743280.3469408,6.8959000082171045,0.7617703260479907,0.0
map,16,281,1788743280.3469408,6.904034468787536,0.785410768294792,0.0
map,16,282,1788743280.3469408,6.912191817541903,0.8090420552680193,0.0
map,16,283,1788743280.3469408,6.920265242955175,0.8327023339408974,0.0
map,16,284,1788743280.3469408,6.928381392978459,0.8563488797034147,0.0
map,16,285,1788743280.3469408,6.936528060580322,0.879984744313429,0.0
map,16,286,1788743280.3469408,6.944705245760765,0.9036084018920114,0.0
map,16,287,1788743280.3469408,6.9529053191251435,0.9272259559548779,0.0
map,16,288,1788743280.3469408,6.9611282806734565,0.9508343547441704,0.0
map,16,289,1788743280.3469408,6.969239853059953,0.9744824263856167,0.0
map,16,290,1788743280.3469408,6.977400253572178,0.998112187479915,0.0
map,16,291,1788743280.3469408,6.985604904573343,1.0217282156638525,0.0
map,16,292,1788743280.3469408,6.993841599032017,1.0453320368163581,0.0
map,16,293,1788743280.3469408,7.002110336948199,1.0689251768163608,0.0
map,16,294,1788743280.3469408,7.0104019630483165,1.0925106874217185,0.0
map,16,295,1788743280.3469408,7.018588303502334,1.116131293242443,0.0
map,16,296,1788743280.3469408,7.026823472082079,1.1397366402738776,0.0
map,16,297,1788743280.3469408,7.035102891150764,1.1633252026370933,0.0
map,16,298,1788743280.3469408,7.043415879555887,1.186903083847806,0.0
map,16,299,1788743280.3469408,7.051762437297448,1.210468758027087,0.0
map,16,300,1788743280.3469408,7.060130357344015,1.234026802811723,0.0
map,16,301,1788743280.3469408,7.0683823105919785,1.2576260463274416,0.0
map,16,302,1788743280.3469408,7.076687669602457,1.2812054534170834,0.0
map,16,303,1788743280.3469408,7.085040330859734,1.3047696017174353,0.0
map,16,304,1788743280.3469408,7.093429613211306,1.3283200171074263,0.0
map,16,305,1788743280.3469408,7.101853990778245,1.3518582254659854,0.0
map,16,306,1788743280.3469408,7.1103012565291195,1.3753872785509706,0.0
map,16,307,1788743280.3469408,7.118589830871379,1.3989727891563284,0.0
map,16,308,1788743280.3469408,7.126947069765443,1.4225354115777513,0.0
map,16,309,1788743280.3469408,7.135360766179879,1.4460766716941684,0.0
map,16,310,1788743280.3469408,7.143823290720043,1.4695996212634377,0.0
map,16,311,1788743280.3469408,7.152325488112361,1.493110363801275,0.0
map,16,312,1788743280.3469408,7.160862780720045,1.5166073734287515,0.0
map,16,313,1788743280.3469408,7.169165087972665,1.5401883063973223,0.0
map,16,314,1788743280.3469408,7.177558947961025,1.5637371959083843,0.0
map,16,315,1788743280.3469408,7.1860306277747625,1.5872586195987246,0.0
map,16,316,1788743280.3469408,7.194566394503518,1.610755629226201,0.0
map,16,317,1788743280.3469408,7.203154041115859,1.6342343283065297,0.0
map,16,318,1788743280.3469408,7.211784412338211,1.6576977685975685,0.0
map,16,319,1788743280.3469408,7.220227100452298,1.6812298734404116,0.0
map,16,320,1788743280.3469408,7.228755237786409,1.704729934825746,0.0
map,16,321,1788743280.3469408,7.237355091430182,1.7282040562692877,0.0
map,16,322,1788743280.3469408,7.246017506110043,1.7516552895288946,0.0
map,16,323,1788743280.3469408,7.254728748915632,1.7750882122413536,0.0
map,16,324,1788743280.3469408,7.263151600603642,1.7986264205999127,0.0
map,16,325,1788743280.3469408,7.271690419090255,1.8221234302273892,0.0
map,16,326,1788743280.3469408,7.280326893828324,1.84558381876057,0.0
map,16,327,1788743280.3469408,7.289044240149629,1.8690152155941,0.0
map,16,328,1788743280.3469408,7.29782719926488,1.8924221983647662,0.0
map,16,329,1788743280.3469408,7.306665090021575,1.9158078188304266,0.0
map,16,330,1788743280.3469408,7.315083364072798,1.9393475530679147,0.0
map,16,331,1788743280.3469408,7.323652700137991,1.9628323556639593,0.0
map,16,332,1788743280.3469408,7.332357839427864,1.9862683301342763,0.0
map,16,333,1788743280.3469408,7.341168264363837,2.0096646317524396,0.0
map,16,334,1788743280.3469408,7.350061086761976,2.033028889913094,0.0
map,16,335,1788743280.3469408,7.359024099590847,2.056367208131956,0.0
map,16,336,1788743280.3469408,7.367392019637414,2.079925252916592,0.0
map,16,337,1788743280.3469408,7.375968985097252,2.1034070037547785,0.0
map,16,338,1788743280.3469408,7.384742788938929,2.1268170382833027,0.0
map,16,339,1788743280.3469408,7.393656973642074,2.1501736670493123,0.0
map,16,340,1788743280.3469408,7.402693228659537,2.1734845194474524,0.0
map,16,341,1788743280.3469408,7.411817984654881,2.1967587507512967,0.0
map,16,342,1788743280.3469408,7.420556693281192,2.2201825181901818,0.0
map,16,343,1788743280.3469408,7.429484610894697,2.2435345693194044,0.0
map,16,344,1788743280.3469408,7.438563590522172,2.2668271111703966,0.0
map,16,345,1788743280.3469408,7.447763114585037,2.29007235077459,0.0
map,16,346,1788743280.3469408,7.457066398415073,2.31327791752663,0.0
map,16,347,1788743280.3469408,7.46568914024278,2.3367428836965978,0.0
map,16,348,1788743280.3469408,7.474571281488416,2.3601117194940393,0.0
map,16,349,1788743280.3469408,7.483688408089115,2.3833905284346706,0.0
map,16,350,1788743280.3469408,7.492976433129861,2.4066006728234974,0.0
map,16,351,1788743280.3469408,7.502401787274216,2.4297558855708807,0.0
map,16,352,1788743280.3469408,7.511938530580387,2.4528653219503944,0.0
map,16,353,1788743280.3469408,7.520428520941273,2.4763806421250187,0.0
map,16,354,1788743280.3469408,7.529296929276548,2.4997540555592472,0.0
map,16,355,1788743280.3469408,7.5384949274604836,2.52300082104237,0.0
map,16,356,1788743280.3469408,7.547967583851637,2.5461361973636762,0.0
map,16,357,1788743280.3469408,7.557643182140346,2.5691876503438884,0.0
map,16,358,1788743280.3469408,7.564625604119392,2.5931927776547177,0.0
map,16,359,1788743280.3469408,7.572424371325447,2.616946134942264,0.0
map,16,360,1788743280.3469408,7.581097467157811,2.640392790565084,0.0
map,16,361,1788743280.3469408,7.590261896005309,2.6636532889585673,0.0
map,16,362,1788743280.3469408,7.5998688297422134,2.6867337336384303,0.0
map,16,363,1788743280.3469408,7.6097626287177675,2.709692108003974,0.0
map,16,364,1788743280.3469408,7.618505914980865,2.7331128236850013,0.0
map,16,365,1788743280.3469408,7.6277695259587475,2.756333649226331,0.0
map,16,366,1788743280.3469408,7.63751531467819,2.7793561105068925,0.0
map,16,367,1788743280.3469408,7.647589167367364,2.802236665047058,0.0
map,16,368,1788743280.3469408,7.657991084026271,2.824969209331112,0.0
map,16,369,1788743280.3469408,7.664686640766668,2.8490567341041064,0.0
map,16,370,1788743280.3469408,7.672477778578077,2.8728116172705818,0.0
map,16,371,1788743280.3469408,7.6815155594744695,2.896120943789793,0.0
map,16,372,1788743280.3469408,7.691157588426741,2.919186129680366,0.0
map,16,373,1788743280.3469408,7.701341304398802,2.942017856094804,0.0
map,16,374,1788743280.3469408,7.711848506703809,2.964703098132059,0.0
map,16,375,1788743280.3469408,7.722637996610679,2.9872555887024923,0.0
map,16,376,1788743280.3469408,7.732998714538503,3.010007969412623,0.0
map,16,377,1788743280.3469408,7.742334041826048,3.033198277375373,0.0
map,16,378,1788743280.3469408,7.752578792955269,3.056002537969089,0.0
map,16,379,1788743280.3469408,7.763485775539671,3.07849857101915,0.0
map,16,380,1788743280.3469408,7.774499569649102,3.100941198306696,0.0
map,16,381,1788743280.3469408,7.7857529267503836,3.1232663329167103,0.0
map,16,382,1788743280.3469408,7.7971176730134815,3.145533484127423,0.0
map,16,383,1788743280.3469408,7.809289609230014,3.167370337480161,0.0
map,16,384,1788743280.3469408,7.823437558659585,3.1879819100529225,0.0
map,16,385,1788743280.3469408,7.83762365506238,3.208567542683891,0.0
map,16,386,1788743280.3469408,7.854695188519891,3.226829261706012,0.0
map,16,387,1788743280.3469408,7.875117552105458,3.2412518693428005,0.0
map,16,388,1788743280.3469408,7.894213926901735,3.257384987258984,0.0
map,16,389,1788743280.3469408,7.912689268973914,3.2742276388771465,0.0
map,16,390,1788743280.3469408,7.9707,3.31,0.7715
map,17,0,1788743281.3650923,6.312689245132056,-5.9757724989585945,0.0
map,17,1,1788743281.3650923,6.312689245132056,-5.9257724982135365,0.0
map,17,2,1788743281.3650923,6.312689245132056,-5.900772497841007,0.0
map,17,3,1788743281.3650923,6.312689245132056,-5.875772497468478,0.0
map,17,4,1788743281.3650923,6.312689245132056,-5.850772497095949,0.0
map,17,5,1788743281.3650923,6.312689245132056,-5.82577249672342,0.0
map,17,6,1788743281.3650923,6.312689245132056,-5.800772496350891,0.0
map,17,7,1788743281.3650923,6.312689245132056,-5.775772495978362,0.0
map,17,8,1788743281.3650923,6.312689245132056,-5.750772495605833,0.0
map,17,9,1788743281.3650923,6.312689245132056,-5.725772495233304,0.0
map,17,10,1788743281.3650923,6.312689245132056,-5.700772494860775,0.0
map,17,11,1788743281.3650923,6.312689245132056,-5.675772494488246,0.0
map,17,12,1788743281.3650923,6.312689245132056,-5.650772494115717,0.0
map,17,13,1788743281.3650923,6.312689245132056,-5.625772493743188,0.0
map,17,14,1788743281.3650923,6.312689245132056,-5.600772493370659,0.0
map,17,15,1788743281.3650923,6.312689245132056,-5.57577249299813,0.0
map,17,16,1788743281.3650923,6.312689245132056,-5.550772492625601,0.0
map,17,17,1788743281.3650923,6.312689245132056,-5.525772492253072,0.0
map,17,18,1788743281.3650923,6.312689245132056,-5.475772491508014,0.0
map,17,19,1788743281.3650923,6.262689244386998,-5.425772490762956,0.0
map,17,20,1788743281.3650923,6.21268924364194,-5.375772490017898,0.0
map,17,21,1788743281.3650923,6.162689242896882,-5.32577248927284,0.0
map,17,22,1788743281.3650923,6.162689242896882,-5.275772488527782,0.0
map,17,23,1788743281.3650923,6.1126892421518235,-5.225772487782724,0.0
map,17,24,1788743281.3650923,6.0626892414067655,-5.175772487037666,0.0
map,17,25,1788743281.3650923,6.012689240661707,-5.1257724862926075,0.0
map,17,26,1788743281.3650923,5.962689239916649,-5.0757724855475495,0.0
map,17,27,1788743281.3650923,5.912689239171591,-5.025772484802491,0.0
map,17,28,1788743281.3650923,5.862689238426533,-4.975772484057433,0.0
map,17,29,1788743281.3650923,5.862689238426533,-4.925772483312375,0.0
map,17,30,1788743281.3650923,5.862689238426533,-4.875772482567317,0.0
map,17,31,1788743281.3650923,5.815889005795562,-4.831505208958465,0.0
map,17,32,1788743281.3650923,5.804849271744338,-4.80907478870235,0.0
map,17,33,1788743281.3650923,5.793215970789738,-4.786946492474176,0.0
map,17,34,1788743281.3650923,5.772621182885196,-4.772772603102812,0.0
map,17,35,1788743281.3650923,5.752870206028383,-4.757446675140063,0.0
map,17,36,1788743281.3650923,5.736228970428847,-4.738789753475334,0.0
map,17,37,1788743281.3650923,5.726420620673316,-4.715794758015495,0.0
map,17,38,1788743281.3650923,5.705435207762953,-4.702208332031791,0.0
map,17,39,1788743281.3650923,5.730401638799044,-4.7034885444532115,0.0
map,17,40,1788743281.3650923,5.753627041977161,-4.694237140506761,0.0
map,17,41,1788743281.3650923,5.7563583652600485,-4.669386676269273,0.0
map,17,42,1788743281.3650923,5.75970156599346,-4.644610980099305,0.0
map,17,43,1788743281.3650923,5.759532193432342,-4.619610979726776,0.0
map,17,44,1788743281.3650923,5.7588943760400255,-4.594620134627821,0.0
map,17,45,1788743281.3650923,5.765138272617442,-4.570412065419436,0.0
map,17,46,1788743281.3650923,5.775901822582519,-4.547847367817571,0.0
map,17,47,1788743281.3650923,5.773374967076116,-4.522975541275077,0.0
map,17,48,1788743281.3650923,5.770118741441657,-4.498189163952606,0.0
map,17,49,1788743281.3650923,5.775602750312437,-4.473797989272743,0.0
map,17,50,1788743281.3650923,5.781556729893346,-4.449516677875767,0.0
map,17,51,1788743281.3650923,5.7773819251436365,-4.424867629656905,0.0
map,17,52,1788743281.3650923,5.772256497821168,-4.400398635151664,0.0
map,17,53,1788743281.3650923,5.776281766435837,-4.375725172869938,0.0
map,17,54,1788743281.3650923,5.780070523816512,-4.351013563614988,0.0
map,17,55,1788743281.3650923,5.783523587832811,-4.326254652113239,0.0
map,17,56,1788743281.3650923,5.780726651755977,-4.301410291391466,0.0
map,17,57,1788743281.3650923,5.778239469101727,-4.276535413091114,0.0
map,17,58,1788743281.3650923,5.7818451210109245,-4.251796338015442,0.0
map,17,59,1788743281.3650923,5.785156278286827,-4.227016064208687,0.0
map,17,60,1788743281.3650923,5.782177762617444,-4.20219459167085,0.0
map,17,61,1788743281.3650923,5.779472379276349,-4.177341075675503,0.0
map,17,62,1788743281.3650923,5.783000211360168,-4.152591319447328,0.0
map,17,63,1788743281.3650923,5.78626711814713,-4.1278064680037865,0.0
map,17,64,1788743281.3650923,5.783161954526641,-4.103000254255239,0.0
map,17,65,1788743281.3650923,5.780294828019073,-4.0781650488070404,0.0
map,17,66,1788743281.3650923,5.783789090766454,-4.053410714942078,0.0
map,17,67,1788743281.3650923,5.787054471674487,-4.028624337619608,0.0
map,17,68,1788743281.3650923,5.783837918892182,-4.003831856781421,0.0
map,17,69,1788743281.3650923,5.780815152733858,-3.9790149618803703,0.0
map,17,70,1788743281.3650923,5.784269742629085,-3.9542560503786213,0.0
map,17,71,1788743281.3650923,5.787501554200681,-3.9294650954193635,0.0
map,17,72,1788743281.3650923,5.78408205952082,-3.9047000804018985,0.0
map,17,73,1788743281.3650923,5.780735807029551,-3.8799243842319306,0.0
map,17,74,1788743281.3650923,5.783860807076117,-3.855121222241241,0.0
map,17,75,1788743281.3650923,5.786535672838632,-3.8302646544880368,0.0
map,17,76,1788743281.3650923,5.781976346598817,-3.8056842708209793,0.0
map,17,77,1788743281.3650923,5.776716641930598,-3.7812427421364596,0.0
map,17,78,1788743281.3650923,5.776887540370645,-3.7562442676428596,0.0
map,17,79,1788743281.3650923,5.774510220999282,-3.7313571823110756,0.0
map,17,80,1788743281.3650923,5.762210110952715,-3.709592045268,0.0
map,17,81,1788743281.3650923,5.765254239416045,-3.6847782021248072,0.0
map,17,82,1788743281.3650923,5.774523953909643,-3.6615604283413354,0.0
map,17,83,1788743281.3650923,5.7836532875417745,-3.638286197037491,0.0
map,17,84,1788743281.3650923,5.79985812176762,-3.6192508573983737,0.0
map,17,85,1788743281.3650923,5.812669401255398,-3.5977817408675214,0.0
map,17,86,1788743281.3650923,5.812658720102895,-3.5727817404949924,0.0
map,17,87,1788743281.3650923,5.8126419354346766,-3.5477817401224634,0.0
map,17,88,1788743281.3650923,5.812608366098239,-3.5227817397499344,0.0
map,17,89,1788743281.3650923,5.812558012093582,-3.4977832652563343,0.0
map,17,90,1788743281.3650923,5.812492399299636,-3.4727832648838053,0.0
map,17,91,1788743281.3650923,5.8124038983217545,-3.4477832645112763,0.0
map,17,92,1788743281.3650923,5.8122925091599384,-3.4227832641387472,0.0
map,17,93,1788743281.3650923,5.812152128298472,-3.397783263766218,0.0
map,17,94,1788743281.3650923,5.811982755737354,-3.372783263393689,0.0
map,17,95,1788743281.3650923,5.811773710324083,-3.347784788900089,0.0
map,17,96,1788743281.3650923,5.811531095574374,-3.322786314406489,0.0
map,17,97,1788743281.3650923,5.811244230335724,-3.297787839912889,0.0
map,17,98,1788743281.3650923,5.810914640487063,-3.272789365419289,0.0
map,17,99,1788743281.3650923,5.810534696633745,-3.247792416804618,0.0
map,17,100,1788743281.3650923,5.815927152768786,-3.223381405698678,0.0
map,17,101,1788743281.3650923,5.8213760664242,-3.19898260162417,0.0
map,17,102,1788743281.3650923,5.826757841406739,-3.174568538760372,0.0
map,17,103,1788743281.3650923,5.832208280941082,-3.150169734685864,0.0
map,17,104,1788743281.3650923,5.837712126237939,-3.125783137642788,0.0
map,17,105,1788743281.3650923,5.8432068162612225,-3.101395014720783,0.0
map,17,106,1788743281.3650923,5.8487640673205945,-3.0770206247091387,0.0
map,17,107,1788743281.3650923,5.854328947774611,-3.0526477605764235,0.0
map,17,108,1788743281.3650923,5.859962492780433,-3.028290155232998,0.0
map,17,109,1788743281.3650923,5.865870695993472,-3.0039981626835193,0.0
map,17,110,1788743281.3650923,5.871818572058665,-2.9797153254076143,0.0
map,17,111,1788743281.3650923,5.8777603446081415,-2.9554324881317093,0.0
map,17,112,1788743281.3650923,5.88374484176763,-2.9311588061293783,0.0
map,17,113,1788743281.3650923,5.889727813048189,-2.9068866500059762,0.0
map,17,114,1788743281.3650923,5.8957550348176895,-2.882623649156148,0.0
map,17,115,1788743281.3650923,5.9017868342239765,-2.858362174185249,0.0
map,17,116,1788743281.3650923,5.907862884119204,-2.8341113803668527,0.0
map,17,117,1788743281.3650923,5.914061004328751,-2.8098911041270362,0.0
map,17,118,1788743281.3650923,5.920291167995806,-2.7856799831607937,0.0
map,17,119,1788743281.3650923,5.926522857541791,-2.76147038807348,0.0
map,17,120,1788743281.3650923,5.932786590545284,-2.7372668965018825,0.0
map,17,121,1788743281.3650923,5.939054901185564,-2.713066456688143,0.0
map,17,122,1788743281.3650923,5.945355255283353,-2.688872120390119,0.0
map,17,123,1788743281.3650923,5.951660187017929,-2.6646808358499534,0.0
map,17,124,1788743281.3650923,5.957997162210013,-2.6404971807044326,0.0
map,17,125,1788743281.3650923,5.964404327832831,-2.6163318361060597,0.0
map,17,126,1788743281.3650923,5.970837433397442,-2.5921741209023317,0.0
map,17,127,1788743281.3650923,5.977272064840982,-2.5680164056986037,0.0
map,17,128,1788743281.3650923,5.983734162105243,-2.5438663198895206,0.0
map,17,129,1788743281.3650923,5.990199311127363,-2.5197162340804375,0.0
map,17,130,1788743281.3650923,5.996690400091275,-2.4955737776659994,0.0
map,17,131,1788743281.3650923,6.003186066691974,-2.4714328471304903,0.0
map,17,132,1788743281.3650923,6.009707673234466,-2.447298020110697,0.0
map,17,133,1788743281.3650923,6.016273530265899,-2.423175400122336,0.0
map,17,134,1788743281.3650923,6.022860749602337,-2.3990588836496904,0.0
map,17,135,1788743281.3650923,6.029451020696634,-2.374943893055974,0.0
map,17,136,1788743281.3650923,6.036062654095936,-2.3508334800990447,0.0
map,17,137,1788743281.3650923,6.042694123921315,-2.3267291706578312,0.0
map,17,138,1788743281.3650923,6.04933169726241,-2.302626387095547,0.0
map,17,139,1788743281.3650923,6.055987581150653,-2.2785281811700493,0.0
map,17,140,1788743281.3650923,6.062649568554612,-2.2544330270024098,0.0
map,17,141,1788743281.3650923,6.06935733232644,-2.230350079866202,0.0
map,17,142,1788743281.3650923,6.076069673735056,-2.2062671327299945,0.0
map,17,143,1788743281.3650923,6.082797273932961,-2.182190289109503,0.0
map,17,144,1788743281.3650923,6.089530977646582,-2.158113445489011,0.0
map,17,145,1788743281.3650923,6.096279940149493,-2.1340411795053065,0.0
map,17,146,1788743281.3650923,6.1030350061681204,-2.1099719652794597,0.0
map,17,147,1788743281.3650923,6.109805330976037,-2.085905802811471,0.0
map,17,148,1788743281.3650923,6.116592440452173,-2.061844217980269,0.0
map,17,149,1788743281.3650923,6.123396334596528,-2.0377887366647833,0.0
map,17,150,1788743281.3650923,6.1302048063776695,-2.0137332553492975,0.0
map,17,151,1788743281.3650923,6.13703006282703,-1.9896823516705986,0.0
map,17,152,1788743281.3650923,6.1438598969131775,-1.9656344997497577,0.0
map,17,153,1788743281.3650923,6.150704989788615,-1.9415896995867747,0.0
map,17,154,1788743281.3650923,6.157556186179768,-1.9175464253027208,0.0
map,17,155,1788743281.3650923,6.164422641360211,-1.8935077286554538,0.0
map,17,156,1788743281.3650923,6.171296725935299,-1.8694720837660448,0.0
map,17,157,1788743281.3650923,6.178187595178606,-1.8454394906344938,0.0
map,17,158,1788743281.3650923,6.1850830420587,-1.8214099492608007,0.0
map,17,159,1788743281.3650923,6.191993747728084,-1.7973834596449656,0.0
map,17,160,1788743281.3650923,6.198909031034255,-1.7733600217869885,0.0
map,17,161,1788743281.3650923,6.205838047250786,-1.7493396356868693,0.0
map,17,162,1788743281.3650923,6.21276401170946,-1.7253177237078212,0.0
map,17,163,1788743281.3650923,6.219705234957424,-1.70130038936556,0.0
map,17,164,1788743281.3650923,6.226663242873606,-1.6772876326600858,0.0
map,17,165,1788743281.3650923,6.233628880184433,-1.6532779277124696,0.0
map,17,166,1788743281.3650923,6.2406082504056215,-1.6292712745227114,0.0
map,17,167,1788743281.3650923,6.247593724142526,-1.605267673090811,0.0
map,17,168,1788743281.3650923,6.254592930789791,-1.5812671234167688,0.0
map,17,169,1788743281.3650923,6.261598240952772,-1.5572696255005845,0.0
map,17,170,1788743281.3650923,6.268605076994682,-1.5332706017054711,0.0
map,17,171,1788743281.3650923,6.275621068310166,-1.5092761555471448,0.0
map,17,172,1788743281.3650923,6.28265079253601,-1.4852847611466764,0.0
map,17,173,1788743281.3650923,6.289689672035429,-1.461296418504066,0.0
map,17,174,1788743281.3650923,6.29674075856628,-1.4373111276193136,0.0
map,17,175,1788743281.3650923,6.303799474491775,-1.4133273626134901,0.0
map,17,176,1788743281.3650923,6.310868871569774,-1.3893481752444536,0.0
map,17,177,1788743281.3650923,6.317927587495269,-1.3653659361175592,0.0
map,17,178,1788743281.3650923,6.325003088088984,-1.3413882746274517,0.0
map,17,179,1788743281.3650923,6.332087743956272,-1.3174121390162732,0.0
map,17,180,1788743281.3650923,6.339186132733921,-1.2934405810418816,0.0
map,17,181,1788743281.3650923,6.346290625027287,-1.269472074825348,0.0
map,17,182,1788743281.3650923,6.353408850231013,-1.2455066203666725,0.0
map,17,183,1788743281.3650923,6.360533178950455,-1.2215442176658549,0.0
map,17,184,1788743281.3650923,6.367640723001678,-1.1975757114493213,0.0
map,17,185,1788743281.3650923,6.374761999963262,-1.1736102569906457,0.0
map,17,186,1788743281.3650923,6.381898535714136,-1.149650906047686,0.0
map,17,187,1788743281.3650923,6.389045752617513,-1.1256946068625844,0.0
map,17,188,1788743281.3650923,6.39620670243125,-1.1017428853142697,0.0
map,17,189,1788743281.3650923,6.403381385155349,-1.077794215523813,0.0
map,17,190,1788743281.3650923,6.4105621713951635,-1.0538470716122852,0.0
map,17,191,1788743281.3650923,6.417723121208901,-1.0298953500639705,0.0
map,17,192,1788743281.3650923,6.424897803933,-1.0059466802735137,0.0
map,17,193,1788743281.3650923,6.432089271325317,-0.982002588119844,0.0
map,17,194,1788743281.3650923,6.439292945749067,-0.9580630736029612,0.0
map,17,195,1788743281.3650923,6.446510353083177,-0.9341281367228653,0.0
map,17,196,1788743281.3650923,6.453735389811932,-0.9101947257216985,0.0
map,17,197,1788743281.3650923,6.460972633572119,-0.8862658923573186,0.0
map,17,198,1788743281.3650923,6.4681824115115845,-0.8623279037193647,0.0
map,17,199,1788743281.3650923,6.475412025877127,-0.8383960185971269,0.0
map,17,200,1788743281.3650923,6.482652321395172,-0.814467185232747,0.0
map,17,201,1788743281.3650923,6.489909401581436,-0.790542929505154,0.0
map,17,202,1788743281.3650923,6.497177162920202,-0.7666232514143481,0.0
map,17,203,1788743281.3650923,6.504457131290401,-0.7427066250814001,0.0
map,17,204,1788743281.3650923,6.511744729055245,-0.71879305050631,0.0
map,17,205,1788743281.3650923,6.519001809241509,-0.6948687947787171,0.0
map,17,206,1788743281.3650923,6.5262771999749205,-0.6709506425668401,0.0
map,17,207,1788743281.3650923,6.533569375376551,-0.6470385938706791,0.0
map,17,208,1788743281.3650923,6.540873757809614,-0.623129596932376,0.0
map,17,209,1788743281.3650923,6.548194924910895,-0.5992251776308599,0.0
map,17,210,1788743281.3650923,6.555523721406821,-0.5753238100872018,0.0
map,17,211,1788743281.3650923,6.562812845050594,-0.5514102355121118,0.0
map,17,212,1788743281.3650923,6.5701248568783015,-0.5275027644527377,0.0
map,17,213,1788743281.3650923,6.577453653374228,-0.5036013969090796,0.0
map,17,214,1788743281.3650923,6.584800760417302,-0.4797046070022084,0.0
map,17,215,1788743281.3650923,6.592160074491808,-0.4558123947321242,0.0
map,17,216,1788743281.3650923,6.599536173234533,-0.43192628597775595,0.0
map,17,217,1788743281.3650923,6.606921427250832,-0.4080417031023167,0.0
map,17,218,1788743281.3650923,6.614265482536048,-0.3841449131954455,0.0
map,17,219,1788743281.3650923,6.621629374247341,-0.3602527009253613,0.0
map,17,220,1788743281.3650923,6.629013102384711,-0.33636811804992206,0.0
map,17,221,1788743281.3650923,6.636410563432442,-0.31248811281126976,0.0
map,17,222,1788743281.3650923,6.64382633502732,-0.2886142110883334,0.0
map,17,223,1788743281.3650923,6.651252787774702,-0.26474183524432604,0.0
map,17,224,1788743281.3650923,6.658694499311373,-0.24087556291603462,0.0
map,17,225,1788743281.3650923,6.666084330964459,-0.21699250591952435,0.0
map,17,226,1788743281.3650923,6.673500102559338,-0.193117078317659,0.0
map,17,227,1788743281.3650923,6.680932658822435,-0.16924775423150962,0.0
map,17,228,1788743281.3650923,6.6883850515116094,-0.14538453366107618,0.0
map,17,229,1788743281.3650923,6.695851177111145,-0.1215258907274297,0.0
map,17,230,1788743281.3650923,6.703334087378899,-0.09767182543057018,0.0
map,17,231,1788743281.3650923,6.710826152920227,-0.07382081189156864,0.0
map,17,232,1788743281.3650923,6.718277019730472,-0.04995606544220621,0.0
map,17,233,1788743281.3650923,6.725750774724652,-0.026100474266417706,0.0
map,17,234,1788743281.3650923,6.73324284026598,-0.0022494607274161638,0.0
map,17,235,1788743281.3650923,6.740754742233385,0.02159544929586943,0.0
map,17,236,1788743281.3650923,6.748278851232222,0.04543578168236806,0.0
map,17,237,1788743281.3650923,6.755819744899277,0.06927153643207973,0.0
map,17,238,1788743281.3650923,6.763302655167031,0.09312560172893924,0.0
map,17,239,1788743281.3650923,6.770813031255507,0.11697051175222484,0.0
map,17,240,1788743281.3650923,6.77834324377006,0.14081084413872347,0.0
map,17,241,1788743281.3650923,6.785894818589618,0.16464202125164817,0.0
map,17,242,1788743281.3650923,6.7934601263195376,0.1884701466067149,0.0
map,17,243,1788743281.3650923,6.801043744596605,0.2122921684460657,0.0
map,17,244,1788743281.3650923,6.808639569905104,0.2361111385275585,0.0
map,17,245,1788743281.3650923,6.8161774118143015,0.25994689327727016,0.0
map,17,246,1788743281.3650923,6.823739667786363,0.2837750186323369,0.0
map,17,247,1788743281.3650923,6.831326337821288,0.3075970404716877,0.0
map,17,248,1788743281.3650923,6.83893284428229,0.3314114329163935,0.0
map,17,249,1788743281.3650923,6.84655766129044,0.3552197218453834,0.0
map,17,250,1788743281.3650923,6.854196211208951,0.37902495901651534,0.0
map,17,251,1788743281.3650923,6.861850019916751,0.4028240926719313,0.0
map,17,252,1788743281.3650923,6.8694366899516766,0.4266445886323531,0.0
map,17,253,1788743281.3650923,6.8770538775651815,0.450455929319201,0.0
map,17,254,1788743281.3650923,6.88469547924155,0.4742596406114039,0.0
map,17,255,1788743281.3650923,6.892359969101854,0.4980557225089619,0.0
map,17,256,1788743281.3650923,6.900044295388234,0.521845700890804,0.0
map,17,257,1788743281.3650923,6.907743880463904,0.545631101635859,0.0
map,17,258,1788743281.3650923,6.915371749229912,0.5694393905648489,0.0
map,17,259,1788743281.3650923,6.923028609695571,0.5932369983413359,0.0
map,17,260,1788743281.3650923,6.930715987739809,0.617025450844249,0.0
map,17,261,1788743281.3650923,6.938426253967982,0.6408077998314461,0.0
map,17,262,1788743281.3650923,6.946157882501161,0.6645809935450693,0.0
map,17,263,1788743281.3650923,6.953907821581488,0.6883496096219055,0.0
map,17,264,1788743281.3650923,6.961674545330034,0.7121136480619548,0.0
map,17,265,1788743281.3650923,6.969374130405704,0.7358975229280809,0.0
map,17,266,1788743281.3650923,6.977105758938883,0.759672242520633,0.0
map,17,267,1788743281.3650923,6.984861801534926,0.7834393327185403,0.0
map,17,268,1788743281.3650923,6.9926437840727615,0.8071972676428736,0.0
map,17,269,1788743281.3650923,7.000442551278816,0.830949099051491,0.0
map,17,270,1788743281.3650923,7.008262680789876,0.8546948269443924,0.0
map,17,271,1788743281.3650923,7.015992783444126,0.8784695465369445,0.0
map,17,272,1788743281.3650923,7.023761033071601,0.9022320590980648,0.0
map,17,273,1788743281.3650923,7.031558274398726,0.9259854163856112,0.0
map,17,274,1788743281.3650923,7.039386033304432,0.9497280925206546,0.0
map,17,275,1788743281.3650923,7.047238206273001,0.9734631392610531,0.0
map,17,276,1788743281.3650923,7.055110215667646,0.9971905566068067,0.0
map,17,277,1788743281.3650923,7.062855577111186,1.0209606985625719,0.0
map,17,278,1788743281.3650923,7.070648240801525,1.0447155817290472,0.0
map,17,279,1788743281.3650923,7.078483629101875,1.0684552061062327,0.0
map,17,280,1788743281.3650923,7.086351060859734,1.0921856752098442,0.0
map,17,281,1788743281.3650923,7.09425206195403,1.1159039372820239,0.0
map,17,282,1788743281.3650923,7.102174425353333,1.1396160958384876,0.0
map,17,283,1788743281.3650923,7.110121202815499,1.1633190991213773,0.0
map,17,284,1788743281.3650923,7.117930651174056,1.1870678787721367,0.0
map,17,285,1788743281.3650923,7.125793505295128,1.2107998737546772,0.0
map,17,286,1788743281.3650923,7.13370213578407,1.234515084068999,0.0
map,17,287,1788743281.3650923,7.141648913246236,1.2582180873518887,0.0
map,17,288,1788743281.3650923,7.149627734165911,1.2819119353612045,0.0
map,17,289,1788743281.3650923,7.157635546785237,1.3055935763390885,0.0
map,17,290,1788743281.3650923,7.165509082058811,1.329322519563771,0.0
map,17,291,1788743281.3650923,7.173436023094901,1.3530316263623767,0.0
map,17,292,1788743281.3650923,7.181410266377789,1.3767254743716926,0.0
map,17,293,1788743281.3650923,7.189427234270688,1.4004055894706475,0.0
map,17,294,1788743281.3650923,7.197480823257884,1.4240734975381706,0.0
map,17,295,1788743281.3650923,7.205561878065801,1.4477307244531907,0.0
map,17,296,1788743281.3650923,7.213493396738677,1.4714398312517964,0.0
map,17,297,1788743281.3650923,7.221485950568713,1.4951275757453963,0.0
map,17,298,1788743281.3650923,7.229530384282334,1.5187985355707774,0.0
map,17,299,1788743281.3650923,7.2376175426059675,1.5424542366068685,0.0
map,17,300,1788743281.3650923,7.245744373781754,1.5660962047325988,0.0
map,17,301,1788743281.3650923,7.253900196657192,1.5897274917058262,0.0
map,17,302,1788743281.3650923,7.262086537111209,1.6133496234054796,0.0
map,17,303,1788743281.3650923,7.270121815551256,1.6370236349887186,0.0
map,17,304,1788743281.3650923,7.278221180906321,1.6606747583880228,0.0
map,17,305,1788743281.3650923,7.286373952023901,1.6843090971191081,0.0
map,17,306,1788743281.3650923,7.29457249950935,1.7079251253030456,0.0
map,17,307,1788743281.3650923,7.302806142210166,1.7315304723344802,0.0
map,17,308,1788743281.3650923,7.311074880126348,1.7551236123344829,0.0
map,17,309,1788743281.3650923,7.319133046750331,1.778789994523077,0.0
map,17,310,1788743281.3650923,7.327275136715407,1.8024273850120203,0.0
map,17,311,1788743281.3650923,7.335484365353359,1.8260403614380998,0.0
map,17,312,1788743281.3650923,7.343753103269542,1.8496335014381025,0.0
map,17,313,1788743281.3650923,7.35207372106931,1.8732083308909573,0.0
map,17,314,1788743281.3650923,7.360430959963374,1.8967694274334512,0.0
map,17,315,1788743281.3650923,7.368490652466285,1.9204342837431163,0.0
map,17,316,1788743281.3650923,7.376666311767799,1.9440594672006277,0.0
map,17,317,1788743281.3650923,7.384935049683982,1.9676526072006304,0.0
map,17,318,1788743281.3650923,7.393281607425543,1.9912182813799113,0.0
map,17,319,1788743281.3650923,7.40169377796105,2.0147610673752574,0.0
map,17,320,1788743281.3650923,7.410154776622285,2.0382855428234556,0.0
map,17,321,1788743281.3650923,7.418380789928456,2.061893941612748,0.0
map,17,322,1788743281.3650923,7.426710563001798,2.085465719307745,0.0
map,17,323,1788743281.3650923,7.435128837053021,2.109005453545233,0.0
map,17,324,1788743281.3650923,7.443617301534978,2.1325192478409285,0.0
map,17,325,1788743281.3650923,7.452169852931952,2.156011679831618,0.0
map,17,326,1788743281.3650923,7.460768180696796,2.1794858012751597,0.0
map,17,327,1788743281.3650923,7.469108634922641,2.2030530013333696,0.0
map,17,328,1788743281.3650923,7.477565055947089,2.226580528539426,0.0
map,17,329,1788743281.3650923,7.486114555586205,2.2500729605301153,0.0
map,17,330,1788743281.3650923,7.494743400929629,2.273536400821154,0.0
map,17,331,1788743281.3650923,7.503434807309141,2.296976952928258,0.0
map,17,332,1788743281.3650923,7.512184197087954,2.320396142730356,0.0
map,17,333,1788743281.3650923,7.520555168892379,2.343952661636063,0.0
map,17,334,1788743281.3650923,7.5290772027107735,2.3674557747792555,0.0
map,17,335,1788743281.3650923,7.537725884480274,2.3909115856756493,0.0
map,17,336,1788743281.3650923,7.5464768001380165,2.4143307754777474,0.0
map,17,337,1788743281.3650923,7.555307061500066,2.437719447701266,0.0
map,17,338,1788743281.3650923,7.563349969334759,2.461390407526647,0.0
map,17,339,1788743281.3650923,7.571693475318462,2.4849560817059277,0.0
map,17,340,1788743281.3650923,7.580244500836507,2.5084485136966173,0.0
map,17,341,1788743281.3650923,7.588975580068173,2.5318738070144313,0.0
map,17,342,1788743281.3650923,7.597847040161305,2.55524722044866,0.0
map,17,343,1788743281.3650923,7.606826837658396,2.5785794351518057,0.0
map,17,344,1788743281.3650923,7.614651544806243,2.602322111286849,0.0
map,17,345,1788743281.3650923,7.6229340156327865,2.625910673650065,0.0
map,17,346,1788743281.3650923,7.6315033516979796,2.6493970021250384,0.0
map,17,347,1788743281.3650923,7.64031835427074,2.6727917778642727,0.0
map,17,348,1788743281.3650923,7.649340876377842,2.6961056820202707,0.0
map,17,349,1788743281.3650923,7.65852056401463,2.719360076898038,0.0
map,17,350,1788743281.3650923,7.665960749672372,2.7432263492263296,0.0
map,17,351,1788743281.3650923,7.673954829381337,2.7669140937199295,0.0
map,17,352,1788743281.3650923,7.682498225504737,2.790409577468477,0.0
map,17,353,1788743281.3650923,7.691392573781805,2.8137738356291315,0.0
map,17,354,1788743281.3650923,7.700595149602528,2.837019075233325,0.0
map,17,355,1788743281.3650923,7.710011348473309,2.8601773397385664,0.0
map,17,356,1788743281.3650923,7.716641292419759,2.88428164917978,0.0
map,17,357,1788743281.3650923,7.724093685108933,2.9081448697502132,0.0
map,17,358,1788743281.3650923,7.732470760429074,2.9316998627769912,0.0
map,17,359,1788743281.3650923,7.741357479311496,2.955067172695504,0.0
map,17,360,1788743281.3650923,7.750778255819064,2.978223911321816,0.0
map,17,361,1788743281.3650923,7.76047369053385,3.0012677349073833,0.0
map,17,362,1788743281.3650923,7.775343380696832,3.021365086281076,0.0
map,17,363,1788743281.3650923,7.78273016059206,3.045248143277586,0.0
map,17,364,1788743281.3650923,7.791264401441886,3.0687466787839917,0.0
map,17,365,1788743281.3650923,7.800929318578092,3.091802709400991,0.0
map,17,366,1788743281.3650923,7.8112396825012596,3.1145779782950562,0.0
map,17,367,1788743281.3650923,7.81321264395644,3.139500158842207,0.0
map,17,368,1788743281.3650923,7.819589292000678,3.1636731328352248,0.0
map,17,369,1788743281.3650923,7.837468015411623,3.181147498329988,0.0
map,17,370,1788743281.3650923,7.851294004387178,3.2019757457106657,0.0
map,17,371,1788743281.3650923,7.862689268228856,3.2242276381320885,0.0
map,17,372,1788743281.3650923,7.912689268973914,3.2742276388771465,0.0
map,17,373,1788743281.3650923,7.9707,3.31,0.7715
map,18,0,1788743282.3984776,6.312689245132056,-5.9757724989585945,0.0
map,18,1,1788743282.3984776,6.309761083467329,-5.94891245217163,0.0
map,18,2,1788743282.3984776,6.3082535150854895,-5.9239582281669705,0.0
map,18,3,1788743282.3984776,6.306170690347422,-5.899045202893394,0.0
map,18,4,1788743282.3984776,6.3035416009527765,-5.874184057503403,0.0
map,18,5,1788743282.3984776,6.300126683909703,-5.849417516607009,0.0
map,18,6,1788743282.3984776,6.295982396738573,-5.82476389075136,0.0
map,18,7,1788743282.3984776,6.290846288263602,-5.800297948003976,0.0
map,18,8,1788743282.3984776,6.284622228112262,-5.776083775279876,0.0
map,18,9,1788743282.3984776,6.277386510231004,-5.752154941915496,0.0
map,18,10,1788743282.3984776,6.268933140964414,-5.72862741470944,0.0
map,18,11,1788743282.3984776,6.259776341511561,-5.705363864558098,0.0
map,18,12,1788743282.3984776,6.250473057681525,-5.682159823684987,0.0
map,18,13,1788743282.3984776,6.241148411546483,-5.658963412206521,0.0
map,18,14,1788743282.3984776,6.231649815213537,-5.635838717037718,0.0
map,18,15,1788743282.3984776,6.222093235481289,-5.612736910052849,0.0
map,18,16,1788743282.3984776,6.212355076156491,-5.58971139701443,0.0
map,18,17,1788743282.3984776,6.202626072105268,-5.566682832218152,0.0
map,18,18,1788743282.3984776,6.192808567076163,-5.543690888516171,0.0
map,18,19,1788743282.3984776,6.18285373294345,-5.5207584540924195,0.0
map,18,20,1788743282.3984776,6.172871432990014,-5.4978382267001,0.0
map,18,21,1788743282.3984776,6.1624634128153915,-5.475107208294975,0.0
map,18,22,1788743282.3984776,6.152240023991176,-5.452293792427685,0.0
map,18,23,1788743282.3984776,6.142147860754854,-5.429420867282165,0.0
map,18,24,1788743282.3984776,6.128550753618647,-5.408441557887517,0.0
map,18,25,1788743282.3984776,6.117906222210031,-5.38582040276528,0.0
map,18,26,1788743282.3984776,6.107841524794431,-5.362936796467256,0.0
map,18,27,1788743282.3984776,6.09788211302493,-5.340005887922434,0.0
map,18,28,1788743282.3984776,6.082707247076151,-5.320137418388089,0.0
map,18,29,1788743282.3984776,6.071051057937616,-5.2980213291913465,0.0
map,18,30,1788743282.3984776,6.073327669299665,-5.273125088585989,0.0
map,18,31,1788743282.3984776,6.078703340766488,-5.248709499843262,0.0
map,18,32,1788743282.3984776,6.076055940824695,-5.2238498803321995,0.0
map,18,33,1788743282.3984776,6.070883211255428,-5.199391566979461,0.0
map,18,34,1788743282.3984776,6.0626892414067655,-5.175772487037666,0.0
map,18,35,1788743282.3984776,6.012689240661707,-5.1257724862926075,0.0
map,18,36,1788743282.3984776,5.962689239916649,-5.0757724855475495,0.0
map,18,37,1788743282.3984776,5.912689239171591,-5.025772484802491,0.0
map,18,38,1788743282.3984776,5.862689238426533,-4.975772484057433,0.0
map,18,39,1788743282.3984776,5.862689238426533,-4.925772483312375,0.0
map,18,40,1788743282.3984776,5.862689238426533,-4.875772482567317,0.0
map,18,41,1788743282.3984776,5.815602140556912,-4.8311618861994425,0.0
map,18,42,1788743282.3984776,5.804524259532464,-4.808749776490476,0.0
map,18,43,1788743282.3984776,5.7928375528153495,-4.786650471961952,0.0
map,18,44,1788743282.3984776,5.772218350847943,-4.772513203684884,0.0
map,18,45,1788743282.3984776,5.752523831511503,-4.757114033533544,0.0
map,18,46,1788743282.3984776,5.735934475795553,-4.738411335500945,0.0
map,18,47,1788743282.3984776,5.727195767169242,-4.714989093940989,0.0
map,18,48,1788743282.3984776,5.706452969008588,-4.7010349311354,0.0
map,18,49,1788743282.3984776,5.731452969381117,-4.700972370099311,0.0
map,18,50,1788743282.3984776,5.754031399893343,-4.690240863591743,0.0
map,18,51,1788743282.3984776,5.756877164095904,-4.665402606385687,0.0
map,18,52,1788743282.3984776,5.760310391686126,-4.64064064312608,0.0
map,18,53,1788743282.3984776,5.760127286214647,-4.615640642753551,0.0
map,18,54,1788743282.3984776,5.759542874584845,-4.590646745896738,0.0
map,18,55,1788743282.3984776,5.765733365399747,-4.566426469656921,0.0
map,18,56,1788743282.3984776,5.775833158030714,-4.543556596269259,0.0
map,18,57,1788743282.3984776,5.773555020789736,-4.518660355663901,0.0
map,18,58,1788743282.3984776,5.770787076412553,-4.493814469063199,0.0
map,18,59,1788743282.3984776,5.776142911453299,-4.4693958285626145,0.0
map,18,60,1788743282.3984776,5.781898526773439,-4.44506721491884,0.0
map,18,61,1788743282.3984776,5.778419522815348,-4.42030982929602,0.0
map,18,62,1788743282.3984776,5.7744781775417735,-4.395622634103933,0.0
map,18,63,1788743282.3984776,5.779385404177397,-4.371109389109751,0.0
map,18,64,1788743282.3984776,5.78475954976529,-4.346693800367024,0.0
map,18,65,1788743282.3984776,5.780926541895674,-4.32198829462779,0.0
map,18,66,1788743282.3984776,5.776557950521983,-4.297372815745366,0.0
map,18,67,1788743282.3984776,5.781343106843288,-4.27283515668832,0.0
map,18,68,1788743282.3984776,5.786694364247246,-4.248414990308806,0.0
map,18,69,1788743282.3984776,5.78274081194224,-4.223729320995648,0.0
map,18,70,1788743282.3984776,5.778257779648875,-4.19913520441823,0.0
map,18,71,1788743282.3984776,5.783314542419539,-4.174650951123699,0.0
map,18,72,1788743282.3984776,5.789238004421868,-4.150363536211007,0.0
map,18,73,1788743282.3984776,5.786114530254231,-4.125558848341388,0.0
map,18,74,1788743282.3984776,5.783125333432345,-4.10073890168248,0.0
map,18,75,1788743282.3984776,5.780467252338049,-4.075880808050346,0.0
map,18,76,1788743282.3984776,5.783833341255395,-4.0511081636382364,0.0
map,18,77,1788743282.3984776,5.786872892081938,-4.026292794616115,0.0
map,18,78,1788743282.3984776,5.783763150824662,-4.001488106746496,0.0
map,18,79,1788743282.3984776,5.78093264541139,-3.976648323661511,0.0
map,18,80,1788743282.3984776,5.784214810987642,-3.951864998096898,0.0
map,18,81,1788743282.3984776,5.78714144677344,-3.9270358961644156,0.0
map,18,82,1788743282.3984776,5.783706693304289,-3.9022739329048086,0.0
map,18,83,1788743282.3984776,5.780340604386943,-3.8775012884926987,0.0
map,18,84,1788743282.3984776,5.782923917413719,-3.8526355654659206,0.0
map,18,85,1788743282.3984776,5.784642057087758,-3.827693548492693,0.0
map,18,86,1788743282.3984776,5.77897341686657,-3.8033450984228416,0.0
map,18,87,1788743282.3984776,5.7719436926407255,-3.7793537040223733,0.0
map,18,88,1788743282.3984776,5.768855313688455,-3.7545459643948966,0.0
map,18,89,1788743282.3984776,5.761662320417209,-3.730603398120156,0.0
map,18,90,1788743282.3984776,5.763345364875882,-3.7056598552679993,0.0
map,18,91,1788743282.3984776,5.766781644223961,-3.6808963661294634,0.0
map,18,92,1788743282.3984776,5.776025418775767,-3.6576694370724177,0.0
map,18,93,1788743282.3984776,5.785122708950389,-3.6343829987371414,0.0
map,18,94,1788743282.3984776,5.800610380079611,-3.614757143952506,0.0
map,18,95,1788743282.3984776,5.812687711802546,-3.592868410716182,0.0
map,18,96,1788743282.3984776,5.812686185923617,-3.567868410343653,0.0
map,18,97,1788743282.3984776,5.812683134165759,-3.542868409971124,0.0
map,18,98,1788743282.3984776,5.81268160828683,-3.517868409598595,0.0
map,18,99,1788743282.3984776,5.812678556528972,-3.492868409226066,0.0
map,18,100,1788743282.3984776,5.812670927134327,-3.467868408853537,0.0
map,18,101,1788743282.3984776,5.812661771860753,-3.442868408481008,0.0
map,18,102,1788743282.3984776,5.8126434613136055,-3.417868408108479,0.0
map,18,103,1788743282.3984776,5.812615995492884,-3.39286840773595,0.0
map,18,104,1788743282.3984776,5.812580900277517,-3.367868407363421,0.0
map,18,105,1788743282.3984776,5.8125320721517895,-3.342868406990892,0.0
map,18,106,1788743282.3984776,5.812472562873559,-3.317868406618363,0.0
map,18,107,1788743282.3984776,5.81239626892711,-3.2928684062458338,0.0
map,18,108,1788743282.3984776,5.81230471619137,-3.2678684058733047,0.0
map,18,109,1788743282.3984776,5.812193327029554,-3.2428684055007757,0.0
map,18,110,1788743282.3984776,5.81206362732059,-3.2178699310071757,0.0
map,18,111,1788743282.3984776,5.811911039427692,-3.1928699306346466,0.0
map,18,112,1788743282.3984776,5.811735563350858,-3.1678699302621176,0.0
map,18,113,1788743282.3984776,5.811532621453303,-3.1428714557685176,0.0
map,18,114,1788743282.3984776,5.81693118110406,-3.1184604446625777,0.0
map,18,115,1788743282.3984776,5.822383146517332,-3.0940631664669986,0.0
map,18,116,1788743282.3984776,5.827777128531302,-3.0696521553610587,0.0
map,18,117,1788743282.3984776,5.83323519746029,-3.0452548771654797,0.0
map,18,118,1788743282.3984776,5.838661222931769,-3.0208514954541847,0.0
map,18,119,1788743282.3984776,5.84416049059184,-2.9964633725321796,0.0
map,18,120,1788743282.3984776,5.849650602978336,-2.9720737237312456,0.0
map,18,121,1788743282.3984776,5.855218535190211,-2.9477008595985303,0.0
map,18,122,1788743282.3984776,5.860791045038873,-2.923329521344744,0.0
map,18,123,1788743282.3984776,5.866691618857267,-2.8990360029163362,0.0
map,18,124,1788743282.3984776,5.872576933886371,-2.8747394327300704,0.0
map,18,125,1788743282.3984776,5.878509551162274,-2.8504535436963074,0.0
map,18,126,1788743282.3984776,5.884481841290331,-2.8261768099361184,0.0
map,18,127,1788743282.3984776,5.890455657297316,-2.8019016020548584,0.0
map,18,128,1788743282.3984776,5.896469146156456,-2.7776355494471723,0.0
map,18,129,1788743282.3984776,5.902491790289169,-2.753371022718415,0.0
map,18,130,1788743282.3984776,5.9085556331529645,-2.72911870302109,0.0
map,18,131,1788743282.3984776,5.91474002045215,-2.7048953750234155,0.0
map,18,132,1788743282.3984776,5.920956451208845,-2.680681202299315,0.0
map,18,133,1788743282.3984776,5.927175933723397,-2.6564670295752144,0.0
map,18,134,1788743282.3984776,5.93342593381653,-2.632260486245759,0.0
map,18,135,1788743282.3984776,5.939680511546449,-2.608055468795232,0.0
map,18,136,1788743282.3984776,5.945965606854948,-2.5838580807393505,0.0
map,18,137,1788743282.3984776,5.952258331558092,-2.559663744441327,0.0
map,18,138,1788743282.3984776,5.958581573839815,-2.535475511659019,0.0
map,18,139,1788743282.3984776,5.964973480673343,-2.511307115302788,0.0
map,18,140,1788743282.3984776,5.971391327448664,-2.487144822462273,0.0
map,18,141,1788743282.3984776,5.977812225981843,-2.4629825296217582,0.0
map,18,142,1788743282.3984776,5.984257538577886,-2.438827866175888,0.0
map,18,143,1788743282.3984776,5.990707428810715,-2.414674728608947,0.0
map,18,144,1788743282.3984776,5.997183258985338,-2.390527694557722,0.0
map,18,145,1788743282.3984776,6.003662140917818,-2.366382186385426,0.0
map,18,146,1788743282.3984776,6.01016848867102,-2.342244307607775,0.0
map,18,147,1788743282.3984776,6.016717561034234,-2.3181171099826265,0.0
map,18,148,1788743282.3984776,6.023289521581383,-2.2939960158731942,0.0
map,18,149,1788743282.3984776,6.02986300800746,-2.269874921763762,0.0
map,18,150,1788743282.3984776,6.036457856738544,-2.2457614570489746,0.0
map,18,151,1788743282.3984776,6.043055757227485,-2.221647992334187,0.0
map,18,152,1788743282.3984776,6.049675020021432,-2.1975406311351158,0.0
map,18,153,1788743282.3984776,6.056298860452166,-2.1734332699360444,0.0
map,18,154,1788743282.3984776,6.062951692582551,-2.149335064010547,0.0
map,18,155,1788743282.3984776,6.069610628228652,-2.1252383839639784,0.0
map,18,156,1788743282.3984776,6.076292452058688,-2.101147807433126,0.0
map,18,157,1788743282.3984776,6.082992586435871,-2.07706180853906,0.0
map,18,158,1788743282.3984776,6.089701876086629,-2.0529788614028526,0.0
map,18,159,1788743282.3984776,6.096426424526676,-2.028900491903432,0.0
map,18,160,1788743282.3984776,6.103160128240297,-2.0048236482829402,0.0
map,18,161,1788743282.3984776,6.1099090907432085,-1.9807529081781645,0.0
map,18,162,1788743282.3984776,6.116664156761836,-1.9566821680733888,0.0
map,18,163,1788743282.3984776,6.1234390592065395,-1.932617531484329,0.0
map,18,164,1788743282.3984776,6.130221591045888,-1.9085559466531272,0.0
map,18,165,1788743282.3984776,6.137022433432385,-1.8844989394587124,0.0
map,18,166,1788743282.3984776,6.143830905213527,-1.8604434581432265,0.0
map,18,167,1788743282.3984776,6.150654635783958,-1.8363925544645276,0.0
map,18,168,1788743282.3984776,6.157485995749035,-1.8123447025436867,0.0
map,18,169,1788743282.3984776,6.164314303956253,-1.7882953247439168,0.0
map,18,170,1788743282.3984776,6.1711563450738325,-1.764248998702005,0.0
map,18,171,1788743282.3984776,6.17801669673856,-1.740208776175809,0.0
map,18,172,1788743282.3984776,6.184886203676861,-1.716171605407471,0.0
map,18,173,1788743282.3984776,6.19177402116231,-1.69213901227592,0.0
map,18,174,1788743282.3984776,6.198669468042404,-1.6681079450232978,0.0
map,18,175,1788743282.3984776,6.2055801737117875,-1.6440829812863917,0.0
map,18,176,1788743282.3984776,6.212498508775816,-1.6200595434284146,0.0
map,18,177,1788743282.3984776,6.219413792081987,-1.5960345796915085,0.0
map,18,178,1788743282.3984776,6.22634128241959,-1.5720141935913894,0.0
map,18,179,1788743282.3984776,6.23328708330434,-1.5479968592491282,0.0
map,18,180,1788743282.3984776,6.2402405135837355,-1.523984102543654,0.0
map,18,181,1788743282.3984776,6.24721072853135,-1.4999759234749668,0.0
map,18,182,1788743282.3984776,6.254196202268254,-1.4759707961641375,0.0
map,18,183,1788743282.3984776,6.261189305399803,-1.4519687206111662,0.0
map,18,184,1788743282.3984776,6.268168675620991,-1.427963593300337,0.0
map,18,185,1788743282.3984776,6.27516177875254,-1.4039615177473657,0.0
map,18,186,1788743282.3984776,6.282173192431237,-1.3799655457101103,0.0
map,18,187,1788743282.3984776,6.289196813141366,-1.355971099551784,0.0
map,18,188,1788743282.3984776,6.296234166761856,-1.3319827569091736,0.0
map,18,189,1788743282.3984776,6.30328067565592,-1.3079959401454921,0.0
map,18,190,1788743282.3984776,6.310342443339273,-1.2840137010185977,0.0
map,18,191,1788743282.3984776,6.317382848717621,-1.2600253583759873,0.0
map,18,192,1788743282.3984776,6.3244430905220455,-1.2360431192490928,0.0
map,18,193,1788743282.3984776,6.331514013478973,-1.2120639318800563,0.0
map,18,194,1788743282.3984776,6.338603246983048,-1.1880908480267358,0.0
map,18,195,1788743282.3984776,6.3457001098817685,-1.1641192900523443,0.0
map,18,196,1788743282.3984776,6.352812231569779,-1.1401523097147397,0.0
map,18,197,1788743282.3984776,6.359933508531363,-1.116186855256064,0.0
map,18,198,1788743282.3984776,6.367033423187941,-1.0922168231606015,0.0
map,18,199,1788743282.3984776,6.374148596633809,-1.068251368701926,0.0
map,18,200,1788743282.3984776,6.381282080626825,-1.0442904918800373,0.0
map,18,201,1788743282.3984776,6.388426245772344,-1.0203326668160067,0.0
map,18,202,1788743282.3984776,6.3955856697071525,-0.996379419388763,0.0
map,18,203,1788743282.3984776,6.402754248915535,-0.9724292237193772,0.0
map,18,204,1788743282.3984776,6.40993503515535,-0.9484836056867785,0.0
map,18,205,1788743282.3984776,6.4170822520587265,-0.9245273065016768,0.0
map,18,206,1788743282.3984776,6.424250831267109,-0.9005771108322911,0.0
map,18,207,1788743282.3984776,6.43143772102264,-0.8766314927996923,0.0
map,18,208,1788743282.3984776,6.43863986956746,-0.8526919782828095,0.0
map,18,209,1788743282.3984776,6.445855751022641,-0.8287555155237847,0.0
map,18,210,1788743282.3984776,6.4530838395092545,-0.8048236304015468,0.0
map,18,211,1788743282.3984776,6.4603241350272995,-0.7808947970371669,0.0
map,18,212,1788743282.3984776,6.467529335329978,-0.7569552825202841,0.0
map,18,213,1788743282.3984776,6.474755897937662,-0.7330233973980462,0.0
map,18,214,1788743282.3984776,6.481999245213565,-0.7090945640336663,0.0
map,18,215,1788743282.3984776,6.489259377157687,-0.6851718341850024,0.0
map,18,216,1788743282.3984776,6.496530190254312,-0.6612536819731254,0.0
map,18,217,1788743282.3984776,6.5038162621402265,-0.6373385815191064,0.0
map,18,218,1788743282.3984776,6.511111489299715,-0.6134265328229453,0.0
map,18,219,1788743282.3984776,6.518374673001695,-0.5895053288532104,0.0
map,18,220,1788743282.3984776,6.525656167250823,-0.5655887025202624,0.0
map,18,221,1788743282.3984776,6.532955972047098,-0.5416781797030303,0.0
map,18,222,1788743282.3984776,6.540269509753735,-0.5177722345225853,0.0
map,18,223,1788743282.3984776,6.54759983212859,-0.4938708669789271,0.0
map,18,224,1788743282.3984776,6.554940835655948,-0.469972551193127,0.0
map,18,225,1788743282.3984776,6.562294046214738,-0.4460788130441138,0.0
map,18,226,1788743282.3984776,6.569604532163517,-0.4221713419847397,0.0
map,18,227,1788743282.3984776,6.576939432175159,-0.3982715003200106,0.0
map,18,228,1788743282.3984776,6.584289590976091,-0.3743762362920684,0.0
map,18,229,1788743282.3984776,6.5916595862031,-0.35048860165877116,0.0
map,18,230,1788743282.3984776,6.599046366098328,-0.3266040187833319,0.0
map,18,231,1788743282.3984776,6.606445353024988,-0.3027240135446796,0.0
map,18,232,1788743282.3984776,6.613774149520914,-0.27882264600102147,0.0
map,18,233,1788743282.3984776,6.621131937716491,-0.2549289078520083,0.0
map,18,234,1788743282.3984776,6.628515665853861,-0.23104432497656902,0.0
map,18,235,1788743282.3984776,6.635920756296237,-0.2071658456168457,0.0
map,18,236,1788743282.3984776,6.64334415728576,-0.18329499565176732,0.0
map,18,237,1788743282.3984776,6.650784342943503,-0.15942719744454692,0.0
map,18,238,1788743282.3984776,6.658239787390535,-0.13556397687411348,0.0
map,18,239,1788743282.3984776,6.66563114492255,-0.11168244575653219,0.0
map,18,240,1788743282.3984776,6.673051494154215,-0.08780854403359584,0.0
map,18,241,1788743282.3984776,6.680494731569816,-0.06394227170530442,0.0
map,18,242,1788743282.3984776,6.68796238304828,-0.04008362877165794,0.0
map,18,243,1788743282.3984776,6.695445293316034,-0.016229563474798425,0.0
map,18,244,1788743282.3984776,6.702948040009865,0.007618398306345142,0.0
map,18,245,1788743282.3984776,6.710461467856199,0.03146178245070175,0.0
map,18,246,1788743282.3984776,6.717919964061089,0.0553234771422062,0.0
map,18,247,1788743282.3984776,6.725402874328843,0.07917754243906572,0.0
map,18,248,1788743282.3984776,6.73291172453839,0.10302245246235131,0.0
map,18,249,1788743282.3984776,6.7404388852950845,0.12686278484884994,0.0
map,18,250,1788743282.3984776,6.747987408356785,0.15069548784070363,0.0
map,18,251,1788743282.3984776,6.755549664328846,0.17452513907469935,0.0
map,18,252,1788743282.3984776,6.7630310487176715,0.19837920437155887,0.0
map,18,253,1788743282.3984776,6.770547528321863,0.22222258851591548,0.0
map,18,254,1788743282.3984776,6.778091473746777,0.24605681738669816,0.0
map,18,255,1788743282.3984776,6.785662884992412,0.2698834168628359,0.0
map,18,256,1788743282.3984776,6.793254132664124,0.2937023869443287,0.0
map,18,257,1788743282.3984776,6.800866742640842,0.31751525351010557,0.0
map,18,258,1788743282.3984776,6.80849461140685,0.34132354243909546,0.0
map,18,259,1788743282.3984776,6.816027875679261,0.3651608230677361,0.0
map,18,260,1788743282.3984776,6.823597761045967,0.38898742254387386,0.0
map,18,261,1788743282.3984776,6.83120274162804,0.4128033408675087,0.0
map,18,262,1788743282.3984776,6.838833662151906,0.4366101039175696,0.0
map,18,263,1788743282.3984776,6.8464905226175645,0.4604077116940566,0.0
map,18,264,1788743282.3984776,6.854165693630371,0.4842007418337566,0.0
map,18,265,1788743282.3984776,6.861860701069254,0.5079876684577407,0.0
map,18,266,1788743282.3984776,6.86947636280383,0.5317990091445886,0.0
map,18,267,1788743282.3984776,6.877128645632702,0.5555996686789335,0.0
map,18,268,1788743282.3984776,6.884809920161224,0.5793896470607756,0.0
map,18,269,1788743282.3984776,6.8925186605104685,0.6031719960479727,0.0
map,18,270,1788743282.3984776,6.9002487631647185,0.6269467156405248,0.0
map,18,271,1788743282.3984776,6.908000228123974,0.6507138058384321,0.0
map,18,272,1788743282.3984776,6.915660140347491,0.674512939493848,0.0
map,18,273,1788743282.3984776,6.923358199544232,0.6982968143599741,0.0
map,18,274,1788743282.3984776,6.931092879835269,0.7220700080735973,0.0
map,18,275,1788743282.3984776,6.938855025947028,0.7458355723925756,0.0
map,18,276,1788743282.3984776,6.946644637879508,0.7695904555590509,0.0
map,18,277,1788743282.3984776,6.954454086238066,0.7933392352098103,0.0
map,18,278,1788743282.3984776,6.962284896901629,0.8170819113448538,0.0
map,18,279,1788743282.3984776,6.970019577192666,0.8408551050584769,0.0
map,18,280,1788743282.3984776,6.9777969820937145,0.8646145658617392,0.0
map,18,281,1788743282.3984776,6.985607956331201,0.8883633455124986,0.0
map,18,282,1788743282.3984776,6.993449448147267,0.9121014440107551,0.0
map,18,283,1788743282.3984776,7.001316879905126,0.9358319131143666,0.0
map,18,284,1788743282.3984776,7.009207199846919,0.9595532269444043,0.0
map,18,285,1788743282.3984776,7.016961716564033,0.9833203171423115,0.0
map,18,286,1788743282.3984776,7.024768113164733,1.0070706226719999,0.0
map,18,287,1788743282.3984776,7.032620286133302,1.0308056694123984,0.0
map,18,288,1788743282.3984776,7.040512131954024,1.054526983242436,0.0
map,18,289,1788743282.3984776,7.048432969474398,1.0782391417988997,0.0
map,18,290,1788743282.3984776,7.056384324573351,1.1019406192028605,0.0
map,18,291,1788743282.3984776,7.064140367169394,1.1257061835218387,0.0
map,18,292,1788743282.3984776,7.07196660019617,1.1494503855358111,0.0
map,18,293,1788743282.3984776,7.079852342501177,1.1731732252447777,0.0
map,18,294,1788743282.3984776,7.087789964689769,1.1968808061644545,0.0
map,18,295,1788743282.3984776,7.095770311488373,1.2205731282948413,0.0
map,18,296,1788743282.3984776,7.103784227623414,1.2442532433937963,0.0
map,18,297,1788743282.3984776,7.111831713094894,1.2679226773402483,0.0
map,18,298,1788743282.3984776,7.119668627274173,1.2916623017174338,0.0
map,18,299,1788743282.3984776,7.127584887157759,1.3153759861528265,0.0
map,18,300,1788743282.3984776,7.13556981159315,1.3390667824042843,0.0
map,18,301,1788743282.3984776,7.143611193548914,1.3627377422296654,0.0
map,18,302,1788743282.3984776,7.151698351872547,1.3863934432657565,0.0
map,18,303,1788743282.3984776,7.1598267089272625,1.4100354113914868,0.0
map,18,304,1788743282.3984776,7.167767382873713,1.4337414664322345,0.0
map,18,305,1788743282.3984776,7.175788928403399,1.4574200556522605,0.0
map,18,306,1788743282.3984776,7.183873034969174,1.4810757566883517,0.0
map,18,307,1788743282.3984776,7.19201665081318,1.504713147177295,0.0
map,18,308,1788743282.3984776,7.200204517146126,1.5283337529980194,0.0
map,18,309,1788743282.3984776,7.208435108089084,1.551939100029454,0.0
map,18,310,1788743282.3984776,7.216462757134487,1.575616163370551,0.0
map,18,311,1788743282.3984776,7.2245728036420545,1.5992642350119972,0.0
map,18,312,1788743282.3984776,7.232757618217143,1.6228863667116507,0.0
map,18,313,1788743282.3984776,7.2410004161915325,1.6464886619852273,0.0
map,18,314,1788743282.3984776,7.249298145807366,1.670071120832727,0.0
map,18,315,1788743282.3984776,7.257634022396424,1.693639846769866,0.0
map,18,316,1788743282.3984776,7.265678456110045,1.717310806595247,0.0
map,18,317,1788743282.3984776,7.273837330743341,1.7409420935684743,0.0
map,18,318,1788743282.3984776,7.282089283991304,1.764541337084193,0.0
map,18,319,1788743282.3984776,7.290416005306788,1.7881131147791898,0.0
map,18,320,1788743282.3984776,7.298808339416219,1.8116635301691808,0.0
map,18,321,1788743282.3984776,7.307249501651377,1.835194109133095,0.0
map,18,322,1788743282.3984776,7.315266469544277,1.85887422423205,0.0
map,18,323,1788743282.3984776,7.323446706482578,1.8824978818106324,0.0
map,18,324,1788743282.3984776,7.331749013735198,1.9060788147792032,0.0
map,18,325,1788743282.3984776,7.34015508075499,1.9296231266534782,0.0
map,18,326,1788743282.3984776,7.348645071115875,1.9531369209491736,0.0
map,18,327,1788743282.3984776,7.3572006742707075,1.976627827060934,0.0
map,18,328,1788743282.3984776,7.365147451732874,2.000332356222753,0.0
map,18,329,1788743282.3984776,7.373303274608311,2.02396364319598,0.0
map,18,330,1788743282.3984776,7.381646780592014,2.04753084325419,0.0
map,18,331,1788743282.3984776,7.390130667437184,2.0710461634288144,0.0
map,18,332,1788743282.3984776,7.398730521080957,2.094520284872356,0.0
map,18,333,1788743282.3984776,7.407426505097256,2.117959311100531,0.0
map,18,334,1788743282.3984776,7.415245108729387,2.1417065648723614,0.0
map,18,335,1788743282.3984776,7.423353629358026,2.1653546365138077,0.0
map,18,336,1788743282.3984776,7.431730704678166,2.1889096295405857,0.0
map,18,337,1788743282.3984776,7.4403030925012175,2.2123929062577012,0.0
map,18,338,1788743282.3984776,7.44903874936967,2.2358181995755153,0.0
map,18,339,1788743282.3984776,7.457904105947087,2.259193138888673,0.0
map,18,340,1788743282.3984776,7.466241508415074,2.2827618648258117,0.0
map,18,341,1788743282.3984776,7.474809318601338,2.3062481933007852,0.0
map,18,342,1788743282.3984776,7.48357549304837,2.3296612795871674,0.0
map,18,343,1788743282.3984776,7.492500358904017,2.35301333071639,0.0
map,18,344,1788743282.3984776,7.501550346831841,2.376318079598814,0.0
map,18,345,1788743282.3984776,7.510708672163624,2.3995785779922976,0.0
map,18,346,1788743282.3984776,7.519131523851634,2.4231183122297857,0.0
map,18,347,1788743282.3984776,7.527880913630447,2.446537502031884,0.0
map,18,348,1788743282.3984776,7.536862237006467,2.4698681908561007,0.0
map,18,349,1788743282.3984776,7.546032769369681,2.493125637491726,0.0
map,18,350,1788743282.3984776,7.555354363746865,2.516322048970192,0.0
map,18,351,1788743282.3984776,7.562919671476784,2.540150174325259,0.0
map,18,352,1788743282.3984776,7.571026666226494,2.563798245966705,0.0
map,18,353,1788743282.3984776,7.5796845032695686,2.58725253098417,0.0
map,18,354,1788743282.3984776,7.588685663071665,2.6105755904137418,0.0
map,18,355,1788743282.3984776,7.59799047278063,2.6337796312868527,0.0
map,18,356,1788743282.3984776,7.607505853781795,2.6568982229399403,0.0
map,18,357,1788743282.3984776,7.614088495481447,2.6810162652915146,0.0
map,18,358,1788743282.3984776,7.621498163560609,2.70489169289338,0.0
map,18,359,1788743282.3984776,7.629864557728247,2.728451263556945,0.0
map,18,360,1788743282.3984776,7.638748224852812,2.7518185734754574,0.0
map,18,361,1788743282.3984776,7.648115595597865,2.7749982002857045,0.0
map,18,362,1788743282.3984776,7.657798823281219,2.7980466015080587,0.0
map,18,363,1788743282.3984776,7.666111811686342,2.8216244827187715,0.0
map,18,364,1788743282.3984776,7.672288569590883,2.845849336595375,0.0
map,18,365,1788743282.3984776,7.679608210813235,2.869753755896891,0.0
map,18,366,1788743282.3984776,7.688215693851653,2.8932248255825748,0.0
map,18,367,1788743282.3984776,7.697489985982038,2.9164410734871176,0.0
map,18,368,1788743282.3984776,7.707339534468652,2.9394192842787383,0.0
map,18,369,1788743282.3984776,7.714621028717779,2.9633343847327573,0.0
map,18,370,1788743282.3984776,7.724935970277734,2.986108127747894,0.0
map,18,371,1788743282.3984776,7.7348724938633,3.00904819156629,0.0
map,18,372,1788743282.3984776,7.743829403176456,3.0323880356640807,0.0
map,18,373,1788743282.3984776,7.7537430385780866,3.0553387806349797,0.0
map,18,374,1788743282.3984776,7.764456234538507,3.0779278922997086,0.0
map,18,375,1788743282.3984776,7.775286923176459,3.100459020565136,0.0
map,18,376,1788743282.3984776,7.7863693818376944,3.1228696043951736,0.0
map,18,377,1788743282.3984776,7.797549496750385,3.1452298342205545,0.0
map,18,378,1788743282.3984776,7.809570370952947,3.167149085035458,0.0
map,18,379,1788743282.3984776,7.823596250068199,3.1878445809493137,0.0
map,18,380,1788743282.3984776,7.837687741977398,3.2084943004952997,0.0
map,18,381,1788743282.3984776,7.8547363872509735,3.2267804335802843,0.0
map,18,382,1788743282.3984776,7.8751434920472505,3.2412213517642208,0.0
map,18,383,1788743282.3984776,7.8942261339331665,3.257372780227552,0.0
map,18,384,1788743282.3984776,7.912689268973914,3.2742276388771465,0.0
map,18,385,1788743282.3984776,7.9707,3.31,0.7715
map,19,0,1788743283.4181008,6.312689245132056,-5.9757724989585945,0.0
map,19,1,1788743283.4181008,6.309861791476642,-5.948880408714121,0.0
map,19,2,1788743283.4181008,6.308407628857317,-5.923921607072675,0.0
map,19,3,1788743283.4181008,6.30639957218677,-5.899002478283382,0.0
map,19,4,1788743283.4181008,6.303865087285722,-5.874132177619817,0.0
map,19,5,1788743283.4181008,6.300575292314825,-5.849348852055204,0.0
map,19,6,1788743283.4181008,6.296583593036594,-5.8246692862577625,0.0
map,19,7,1788743283.4181008,6.291636693548817,-5.800165196537154,0.0
map,19,8,1788743283.4181008,6.285638463478968,-5.775894566292681,0.0
map,19,9,1788743283.4181008,6.2786636708945665,-5.751887913102923,0.0
map,19,10,1788743283.4181008,6.2705063221402,-5.728255100250767,0.0
map,19,11,1788743283.4181008,6.261457860091305,-5.704950351368343,0.0
map,19,12,1788743283.4181008,6.252267491302014,-5.681700534127362,0.0
map,19,13,1788743283.4181008,6.243058811965575,-5.6584583462810265,0.0
map,19,14,1788743283.4181008,6.233682285946948,-5.635283297107566,0.0
map,19,15,1788743283.4181008,6.224249302407948,-5.612131136118041,0.0
map,19,16,1788743283.4181008,6.2146362651553275,-5.589053743196036,0.0
map,19,17,1788743283.4181008,6.205014072629133,-5.565979402031889,0.0
map,19,18,1788743283.4181008,6.1953064308829155,-5.542941681962038,0.0
map,19,19,1788743283.4181008,6.185456882396302,-5.519963471170417,0.0
map,19,20,1788743283.4181008,6.175587497483612,-5.49699441565237,0.0
map,19,21,1788743283.4181008,6.164717135993506,-5.474480072055162,0.0
map,19,22,1788743283.4181008,6.154574618752527,-5.451631560972505,0.0
map,19,23,1788743283.4181008,6.144572482373015,-5.4287189629748305,0.0
map,19,24,1788743283.4181008,6.130743441639602,-5.407892241473082,0.0
map,19,25,1788743283.4181008,6.1200577114999035,-5.385290922776921,0.0
map,19,26,1788743283.4181008,6.110078463304326,-5.362369169505673,0.0
map,19,27,1788743283.4181008,6.100212130149494,-5.339398588108697,0.0
map,19,28,1788743283.4181008,6.0847931235720765,-5.319719327561547,0.0
map,19,29,1788743283.4181008,6.0729584065988504,-5.297697842858401,0.0
map,19,30,1788743283.4181008,6.067576631616312,-5.273283779994603,0.0
map,19,31,1788743283.4181008,6.057827791139012,-5.250262844592971,0.0
map,19,32,1788743283.4181008,6.048083528298498,-5.2272403833124095,0.0
map,19,33,1788743283.4181008,6.038360627762991,-5.204208766758274,0.0
map,19,34,1788743283.4181008,6.028590424980685,-5.181196986630216,0.0
map,19,35,1788743283.4181008,6.017578156750183,-5.1587528334637405,0.0
map,19,36,1788743283.4181008,6.007370026715257,-5.135933314080734,0.0
map,19,37,1788743283.4181008,5.9915420845848715,-5.116580591624388,0.0
map,19,38,1788743283.4181008,5.977722199125033,-5.095747766606923,0.0
map,19,39,1788743283.4181008,5.962689239916649,-5.0757724855475495,0.0
map,19,40,1788743283.4181008,5.912689239171591,-5.025772484802491,0.0
map,19,41,1788743283.4181008,5.862689238426533,-4.975772484057433,0.0
map,19,42,1788743283.4181008,5.812689237681475,-4.925772483312375,0.0
map,19,43,1788743283.4181008,5.762689236936417,-4.875772482567317,0.0
map,19,44,1788743283.4181008,5.766310147634904,-4.841159444942168,0.0
map,19,45,1788743283.4181008,5.7474167147361825,-4.824786764034133,0.0
map,19,46,1788743283.4181008,5.726351956121512,-4.811322408364749,0.0
map,19,47,1788743283.4181008,5.7055038723147575,-4.797525411088845,0.0
map,19,48,1788743283.4181008,5.688165310044674,-4.779515462090007,0.0
map,19,49,1788743283.4181008,5.687405422338038,-4.75452766874891,0.0
map,19,50,1788743283.4181008,5.680250576040017,-4.730572895442737,0.0
map,19,51,1788743283.4181008,5.6611801411855325,-4.714406208190116,0.0
map,19,52,1788743283.4181008,5.678999355318247,-4.696870807538193,0.0
map,19,53,1788743283.4181008,5.6941498072041625,-4.67698555333563,0.0
map,19,54,1788743283.4181008,5.693594387274011,-4.651991656478817,0.0
map,19,55,1788743283.4181008,5.693501308659343,-4.626991656106288,0.0
map,19,56,1788743283.4181008,5.695852688088912,-4.602103044895575,0.0
map,19,57,1788743283.4181008,5.698268154433499,-4.577219011321649,0.0
map,19,58,1788743283.4181008,5.700102260906142,-4.552287675500924,0.0
map,19,59,1788743283.4181008,5.701791408880531,-4.527344132648768,0.0
map,19,60,1788743283.4181008,5.702638271686119,-4.5023578651866,0.0
map,19,61,1788743283.4181008,5.703503445038855,-4.4773731236033605,0.0
map,19,62,1788743283.4181008,5.704209926982976,-4.452383804383334,0.0
map,19,63,1788743283.4181008,5.704930141837458,-4.427394485163308,0.0
map,19,64,1788743283.4181008,5.705563381592988,-4.402402114185424,0.0
map,19,65,1788743283.4181008,5.706210354258879,-4.37740974320754,0.0
map,19,66,1788743283.4181008,5.706806972920113,-4.352417372229656,0.0
map,19,67,1788743283.4181008,5.707421902128495,-4.327425001251772,0.0
map,19,68,1788743283.4181008,5.708010891395084,-4.302431104394959,0.0
map,19,69,1788743283.4181008,5.708622768845608,-4.277438733417075,0.0
map,19,70,1788743283.4181008,5.709223965143629,-4.252446362439191,0.0
map,19,71,1788743283.4181008,5.7098511013834425,-4.2274539914613065,0.0
map,19,72,1788743283.4181008,5.713865688845608,-4.202779003300652,0.0
map,19,73,1788743283.4181008,5.717973354922442,-4.178119273929287,0.0
map,19,74,1788743283.4181008,5.72212069385143,-4.153465648073638,0.0
map,19,75,1788743283.4181008,5.726351956121512,-4.12882575512835,0.0
map,19,76,1788743283.4181008,5.730613735970174,-4.104191965698778,0.0
map,19,77,1788743283.4181008,5.734951809765285,-4.079570383300638,0.0
map,19,78,1788743283.4181008,5.739318875260047,-4.054954904418214,0.0
map,19,79,1788743283.4181008,5.743756131185542,-4.030351632567221,0.0
map,19,80,1788743283.4181008,5.748220852931759,-4.005754464231945,0.0
map,19,81,1788743283.4181008,5.75275423922978,-3.9811679770491715,0.0
map,19,82,1788743283.4181008,5.757312039590666,-3.956587593382114,0.0
map,19,83,1788743283.4181008,5.761933926866568,-3.9320178908675594,0.0
map,19,84,1788743283.4181008,5.766410855644217,-3.907422248411212,0.0
map,19,85,1788743283.4181008,5.7709732336418895,-3.8828418647441545,0.0
map,19,86,1788743283.4181008,5.775592069159934,-3.8582721622296,0.0
map,19,87,1788743283.4181008,5.7802795692297835,-3.833716192625406,0.0
map,19,88,1788743283.4181008,5.785006742151786,-3.8091678524158574,0.0
map,19,89,1788743283.4181008,5.78979342435202,-3.7846301933588116,0.0
map,19,90,1788743283.4181008,5.794607572372975,-3.7600971119385527,0.0
map,19,91,1788743283.4181008,5.799473600277516,-3.7355762375497257,0.0
map,19,92,1788743283.4181008,5.804360990487062,-3.7110584149187567,0.0
map,19,93,1788743283.4181008,5.809294157064478,-3.6865497475613616,0.0
map,19,94,1788743283.4181008,5.813943510161103,-3.661986148562523,0.0
map,19,95,1788743283.4181008,5.81867983835668,-3.637437808352974,0.0
map,19,96,1788743283.4181008,5.823483305225132,-3.6129047269327152,0.0
map,19,97,1788743283.4181008,5.8283554366453885,-3.5883838525438883,0.0
map,19,98,1788743283.4181008,5.833273344433515,-3.563872133428635,0.0
map,19,99,1788743283.4181008,5.838247709742014,-3.539371095465885,0.0
map,19,100,1788743283.4181008,5.843254118508021,-3.51487768689778,0.0
map,19,101,1788743283.4181008,5.848306303641898,-3.4903949594821775,0.0
map,19,102,1788743283.4181008,5.853382902838639,-3.465915283824433,0.0
map,19,103,1788743283.4181008,5.858499174887534,-3.4414447634402627,0.0
map,19,104,1788743283.4181008,5.863330107576708,-3.416914733777862,0.0
map,19,105,1788743283.4181008,5.868240385970189,-3.3924030146626087,0.0
map,19,106,1788743283.4181008,5.873214751278688,-3.3679019766998586,0.0
map,19,107,1788743283.4181008,5.878253203502204,-3.3434146716474693,0.0
map,19,108,1788743283.4181008,5.883335906214661,-3.318938047747583,0.0
map,19,109,1788743283.4181008,5.888468962931775,-3.2944705791212705,0.0
map,19,110,1788743283.4181008,5.893635588985326,-3.270009214010674,0.0
map,19,111,1788743283.4181008,5.89884341376996,-3.2455585300525804,0.0
map,19,112,1788743283.4181008,5.904074126738529,-3.221110897852345,0.0
map,19,113,1788743283.4181008,5.909339934922464,-3.196672420925683,0.0
map,19,114,1788743283.4181008,5.9143554989620455,-3.172180538236507,0.0
map,19,115,1788743283.4181008,5.919442779311289,-3.1477039143366206,0.0
map,19,116,1788743283.4181008,5.924586517180906,-3.123237971589237,0.0
map,19,117,1788743283.4181008,5.929786712570895,-3.0987857617522145,0.0
map,19,118,1788743283.4181008,5.935026580813037,-3.074341181309837,0.0
map,19,119,1788743283.4181008,5.94031222542305,-3.049905756141033,0.0
map,19,120,1788743283.4181008,5.945626861732713,-3.0254764344879455,0.0
map,19,121,1788743283.4181008,5.9509796450156,-3.0010562681084316,0.0
map,19,122,1788743283.4181008,5.956364471755997,-2.9766437311235627,0.0
map,19,123,1788743283.4181008,5.96176913492247,-2.952235771775481,0.0
map,19,124,1788743283.4181008,5.966970856191388,-2.9277820360595292,0.0
map,19,125,1788743283.4181008,5.972232086738536,-2.9033420332539386,0.0
map,19,126,1788743283.4181008,5.977548248927128,-2.87891423747978,0.0
map,19,127,1788743283.4181008,5.982907135725732,-2.854495596979195,0.0
map,19,128,1788743283.4181008,5.988310273013276,-2.830086111752184,0.0
map,19,129,1788743283.4181008,5.993745453758329,-2.805684255919818,0.0
map,19,130,1788743283.4181008,5.999215729718749,-2.781290029482097,0.0
map,19,131,1788743283.4181008,6.0047088938631035,-2.756900380681163,0.0
map,19,132,1788743283.4181008,6.010231049707109,-2.732518361274874,0.0
map,19,133,1788743283.4181008,6.015547211895701,-2.708089039621786,0.0
map,19,134,1788743283.4181008,6.020922883362523,-2.683674976757988,0.0
map,19,135,1788743283.4181008,6.026348908834002,-2.659270069167764,0.0
map,19,136,1788743283.4181008,6.03182223655228,-2.634877368608972,0.0
map,19,137,1788743283.4181008,6.037332185364853,-2.610492297444825,0.0
map,19,138,1788743283.4181008,6.0428802811506515,-2.586114855675323,0.0
map,19,139,1788743283.4181008,6.048454316878242,-2.5617450433004656,0.0
map,19,140,1788743283.4181008,6.054058870184413,-2.5373813344413243,0.0
map,19,141,1788743283.4181008,6.05968325991666,-2.51302220321897,0.0
map,19,142,1788743283.4181008,6.06494296458488,-2.4885806745344503,0.0
map,19,143,1788743283.4181008,6.0702972737466965,-2.4641620340338655,0.0
map,19,144,1788743283.4181008,6.0757278768549625,-2.4397586523225705,0.0
map,19,145,1788743283.4181008,6.081225618636104,-2.4153705294005654,0.0
map,19,146,1788743283.4181008,6.086781343816547,-2.390996139388921,0.0
map,19,147,1788743283.4181008,6.09238284536486,-2.366630904650851,0.0
map,19,148,1788743283.4181008,6.098030123281042,-2.3422778769442125,0.0
map,19,149,1788743283.4181008,6.103710970533662,-2.31793095275329,0.0
map,19,150,1788743283.4181008,6.1094253871227195,-2.2935931838359416,0.0
map,19,151,1788743283.4181008,6.11478885155811,-2.2691760692142857,0.0
map,19,152,1788743283.4181008,6.120242342850311,-2.2447772651397777,0.0
map,19,153,1788743283.4181008,6.12577365396789,-2.2203967716124176,0.0
map,19,154,1788743283.4181008,6.131373629637274,-2.1960315368743473,0.0
map,19,155,1788743283.4181008,6.137031588705959,-2.171680035046638,0.0
map,19,156,1788743283.4181008,6.142742953537159,-2.1473422661292894,0.0
map,19,157,1788743283.4181008,6.148492465341583,-2.123012126606586,0.0
map,19,158,1788743283.4181008,6.154286227634948,-2.098692668236385,0.0
map,19,159,1788743283.4181008,6.160107455749035,-2.0743793133819004,0.0
map,19,160,1788743283.4181008,6.165383945085473,-2.0499423623341677,0.0
map,19,161,1788743283.4181008,6.170802341162307,-2.0255374547439438,0.0
map,19,162,1788743283.4181008,6.1763290746431,-2.0011554353376546,0.0
map,19,163,1788743283.4181008,6.181951938496418,-1.9767963041153003,0.0
map,19,164,1788743283.4181008,6.18766025156976,-1.9524570093190228,0.0
map,19,165,1788743283.4181008,6.193438755073835,-1.9281344991909641,0.0
map,19,166,1788743283.4181008,6.199276767856141,-1.9038241960943374,0.0
map,19,167,1788743283.4181008,6.205168186400961,-1.8795291517870005,0.0
map,19,168,1788743283.4181008,6.211099277797935,-1.8552432627532376,0.0
map,19,169,1788743283.4181008,6.216110264200729,-1.8307498541851324,0.0
map,19,170,1788743283.4181008,6.221357761837517,-1.8063067996216837,0.0
map,19,171,1788743283.4181008,6.226776157914351,-1.7819018920314598,0.0
map,19,172,1788743283.4181008,6.232356297157658,-1.7575320796566025,0.0
map,19,173,1788743283.4181008,6.238063084352071,-1.733191258981396,0.0
map,19,174,1788743283.4181008,6.24387973482937,-1.7088779041269113,0.0
map,19,175,1788743283.4181008,6.2497879380424095,-1.6845859115774324,0.0
map,19,176,1788743283.4181008,6.255770909322969,-1.6603122295751014,0.0
map,19,177,1788743283.4181008,6.261821019276404,-1.6360553322409892,0.0
map,19,178,1788743283.4181008,6.266429173641946,-1.6114841038475056,0.0
map,19,179,1788743283.4181008,6.271340977914356,-1.5869723847322526,0.0
map,19,180,1788743283.4181008,6.276573216761854,-1.562524752532017,0.0
map,19,181,1788743283.4181008,6.282026708054055,-1.538127474336438,0.0
map,19,182,1788743283.4181008,6.287693822396314,-1.5137774983876575,0.0
map,19,183,1788743283.4181008,6.293522679905045,-1.4894671952910308,0.0
map,19,184,1788743283.4181008,6.299493444154173,-1.4651904615308418,0.0
map,19,185,1788743283.4181008,6.305581701080833,-1.4409427194703035,0.0
map,19,186,1788743283.4181008,6.311761510743231,-1.416719391472629,0.0
map,19,187,1788743283.4181008,6.315399206109937,-1.3919848940337438,0.0
map,19,188,1788743283.4181008,6.319711339963256,-1.3673602598777457,0.0
map,19,189,1788743283.4181008,6.32442172821704,-1.34280734203141,0.0
map,19,190,1788743283.4181008,6.329570043723443,-1.3183429251629555,0.0
map,19,191,1788743283.4181008,6.335008276226354,-1.2939425952095185,0.0
map,19,192,1788743283.4181008,6.340731848088986,-1.269606352171099,0.0
map,19,193,1788743283.4181008,6.3466659912438175,-1.245320463137336,0.0
map,19,194,1788743283.4181008,6.352784765749057,-1.2210803504714427,0.0
map,19,195,1788743283.4181008,6.359054602268266,-1.196879910657703,0.0
map,19,196,1788743283.4181008,6.364204443653598,-1.1724154937892486,0.0
map,19,197,1788743283.4181008,6.368397558950456,-1.1477710232071736,0.0
map,19,198,1788743283.4181008,6.367910803572109,-1.1227756004714315,0.0
map,19,199,1788743283.4181008,6.36813510777467,-1.0977756000989025,0.0
map,19,200,1788743283.4181008,6.369911230848011,-1.072839686641391,0.0
map,19,201,1788743283.4181008,6.372341955981888,-1.047957178946394,0.0
map,19,202,1788743283.4181008,6.375766028298536,-1.023193689807858,0.0
map,19,203,1788743283.4181008,6.379701270056394,-0.9985049687368424,0.0
map,19,204,1788743283.4181008,6.384262122175137,-0.9739245850697849,0.0
map,19,205,1788743283.4181008,6.389196814631482,-0.9494159177123898,0.0
map,19,206,1788743283.4181008,6.394523657972577,-0.92498964781716,0.0
map,19,207,1788743283.4181008,6.400117530126245,-0.9006244130790897,0.0
map,19,208,1788743283.4181008,6.405947913513906,-0.876314109982463,0.0
map,19,209,1788743283.4181008,6.411981238799122,-0.8520526350115638,0.0
map,19,210,1788743283.4181008,6.415132178787481,-0.8272525247787321,0.0
map,19,211,1788743283.4181008,6.415094031814256,-0.8022525244062031,0.0
map,19,212,1788743283.4181008,6.415812720789809,-0.777261679307248,0.0
map,19,213,1788743283.4181008,6.4196167369597745,-0.7525531218101555,0.0
map,19,214,1788743283.4181008,6.422543372745572,-0.7277255457566021,0.0
map,19,215,1788743283.4181008,6.422596778508087,-0.7027255453840731,0.0
map,19,216,1788743283.4181008,6.4233703991250835,-0.6777377520429759,0.0
map,19,217,1788743283.4181008,6.426972999276423,-0.6529986769673037,0.0
map,19,218,1788743283.4181008,6.429847755178635,-0.6281634715191053,0.0
map,19,219,1788743283.4181008,6.4302475354580295,-0.6031680487833633,0.0
map,19,220,1788743283.4181008,6.4313324353765395,-0.5781909365947691,0.0
map,19,221,1788743283.4181008,6.434852638065713,-0.553439654487665,0.0
map,19,222,1788743283.4181008,6.4378570936768895,-0.5286212337076854,0.0
map,19,223,1788743283.4181008,6.43910678851973,-0.5036517509137362,0.0
map,19,224,1788743283.4181008,6.440968360813095,-0.47872194097194054,0.0
map,19,225,1788743283.4181008,6.444613685574446,-0.4539889694119843,0.0
map,19,226,1788743283.4181008,6.4480041885546555,-0.42921937675773236,0.0
map,19,227,1788743283.4181008,6.450489845329976,-0.4043444984573803,0.0
map,19,228,1788743283.4181008,6.453651466470838,-0.3795443882245486,0.0
map,19,229,1788743283.4181008,6.457753029031956,-0.3548831329742548,0.0
map,19,230,1788743283.4181008,6.4621368791949365,-0.33027070584968854,0.0
map,19,231,1788743283.4181008,6.474194374491795,-0.30837129146086184,0.0
map,19,232,1788743283.4181008,6.483686867309025,-0.2852435445342003,0.0
map,19,233,1788743283.4181008,6.477793922885276,-0.26094697434793446,0.0
map,19,234,1788743283.4181008,6.470317116133238,-0.23709138317214595,0.0
map,19,235,1788743283.4181008,6.460212745865483,-0.21422456154234126,0.0
map,19,236,1788743283.4181008,6.468602028217056,-0.19067414615235023,0.0
map,19,237,1788743283.4181008,6.4871414572042525,-0.1739016849649211,0.0
map,19,238,1788743283.4181008,6.501675454002857,-0.1535601929625905,0.0
map,19,239,1788743283.4181008,6.512498513246165,-0.13102448706037606,0.0
map,19,240,1788743283.4181008,6.512394753478993,-0.10602448668784703,0.0
map,19,241,1788743283.4181008,6.512233010312521,-0.08102601219424699,0.0
map,19,242,1788743283.4181008,6.511944619194942,-0.056027537700646945,0.0
map,19,243,1788743283.4181008,6.511529580126258,-0.03103058908597589,0.0
map,19,244,1788743283.4181008,6.510995522501112,-0.00603669222916281,0.0
map,19,245,1788743283.4181008,6.510292092314849,0.018954152869792296,0.0
map,19,246,1788743283.4181008,6.509423867204255,0.04393889445303145,0.0
map,19,247,1788743283.4181008,6.508342019043603,0.06891448076269668,0.0
map,19,248,1788743283.4181008,6.507054177227538,0.09388243767771698,0.0
map,19,249,1788743283.4181008,6.514959755958621,0.11759917387096763,0.0
map,19,250,1788743283.4181008,6.522621194061067,0.14139525576852563,0.0
map,19,251,1788743283.4181008,6.530319253257808,0.16518065651358071,0.0
map,19,252,1788743283.4181008,6.537887612745585,0.18900725598971846,0.0
map,19,253,1788743283.4181008,6.545538369695528,0.21280791552406342,0.0
map,19,254,1788743283.4181008,6.553134195004027,0.23662688560555623,0.0
map,19,255,1788743283.4181008,6.560841409474342,0.26040923459275334,0.0
map,19,256,1788743283.4181008,6.569052163991223,0.28402221101883285,0.0
map,19,257,1788743283.4181008,6.577302591360258,0.3076214545345515,0.0
map,19,258,1788743283.4181008,6.585493509451062,0.3312420603552759,0.0
map,19,259,1788743283.4181008,6.593742410941168,0.35484130387099455,0.0
map,19,260,1788743283.4181008,6.601960794852694,0.3784527544181451,0.0
map,19,261,1788743283.4181008,6.610249369194953,0.4020382650235028,0.0
map,19,262,1788743283.4181008,6.618736307797981,0.42555358519812714,0.0
map,19,263,1788743283.4181008,6.627267496889949,0.4490521207045326,0.0
map,19,264,1788743283.4181008,6.6358353070762135,0.47253844917950616,0.0
map,19,265,1788743283.4181008,6.644397013746762,0.4960278294123377,0.0
map,19,266,1788743283.4181008,6.652999919148392,0.5195004249769504,0.0
map,19,267,1788743283.4181008,6.661605876307881,0.5429714946626341,0.0
map,19,268,1788743283.4181008,6.670344584934192,0.5663952621015191,0.0
map,19,269,1788743283.4181008,6.679084819439431,0.5898175036614752,0.0
map,19,270,1788743283.4181008,6.687864726796825,0.6132244864321414,0.0
map,19,271,1788743283.4181008,6.696646160033147,0.6366314692028077,0.0
map,19,272,1788743283.4181008,6.705468792000552,0.660023193184184,0.0
map,19,273,1788743283.4181008,6.71433262269904,0.6833996583762705,0.0
map,19,274,1788743283.4181008,6.723239178007539,0.7067593389001381,0.0
map,19,275,1788743283.4181008,6.732153362710683,0.7301159676661477,0.0
map,19,276,1788743283.4181008,6.741105694387052,0.7534573376428675,0.0
map,19,277,1788743283.4181008,6.750064129579137,0.7767987076195872,0.0
map,19,278,1788743283.4181008,6.759060711744446,0.8001232929280881,0.0
map,19,279,1788743283.4181008,6.7680969667619095,0.8234326194472992,0.0
map,19,280,1788743283.4181008,6.7771530582054496,0.8467343165718653,0.0
map,19,281,1788743283.4181008,6.786242718985427,0.8700238066649995,0.0
map,19,282,1788743283.4181008,6.795346112675766,0.8933071932424177,0.0
map,19,283,1788743283.4181008,6.804481549823613,0.916578372788404,0.0
map,19,284,1788743283.4181008,6.813616986971461,0.9398495523343904,0.0
map,19,285,1788743283.4181008,6.822792096971462,0.9631054730910868,0.0
map,19,286,1788743283.4181008,6.831982465760753,0.9863552903320674,0.0
map,19,287,1788743283.4181008,6.841204878007552,1.009591374662687,0.0
map,19,288,1788743283.4181008,6.850441023164713,1.0328228813565197,0.0
map,19,289,1788743283.4181008,6.859706160021524,1.0560421810189204,0.0
map,19,290,1788743283.4181008,6.868969770999406,1.0792630065602502,0.0
map,19,291,1788743283.4181008,6.878268477192655,1.102470099191219,0.0
map,19,292,1788743283.4181008,6.887580916296265,1.125669562427543,0.0
map,19,293,1788743283.4181008,6.896923872978455,1.148858344511364,0.0
map,19,294,1788743283.4181008,6.906294295481366,1.1720364454426822,0.0
map,19,295,1788743283.4181008,6.915602156948189,1.195238960436864,0.0
map,19,296,1788743283.4181008,6.924955794782882,1.2184231648838981,0.0
map,19,297,1788743283.4181008,6.934343001954012,1.2415936364205713,0.0
map,19,298,1788743283.4181008,6.943766830219438,1.2647488491679546,0.0
map,19,299,1788743283.4181008,6.95321202078987,1.287896432520693,0.0
map,19,300,1788743283.4181008,6.962686203059953,1.3110318088419994,0.0
map,19,301,1788743283.4181008,6.972100876051805,1.3341915992261697,0.0
map,19,302,1788743283.4181008,6.981565903048313,1.3573300273053341,0.0
map,19,303,1788743283.4181008,6.991061447623402,1.3804562483530667,0.0
map,19,304,1788743283.4181008,7.000595139171715,1.4035672106115094,0.0
map,19,305,1788743283.4181008,7.010150193025034,1.426670543475307,0.0
map,19,306,1788743283.4181008,7.019656418752625,1.4497921868862527,0.0
map,19,307,1788743283.4181008,7.029212998484873,1.4728939938711214,0.0
map,19,308,1788743283.4181008,7.038801621674629,1.4959805420667003,0.0
map,19,309,1788743283.4181008,7.048428391837611,1.5190533573519183,0.0
map,19,310,1788743283.4181008,7.058078050184527,1.5421154914846333,0.0
map,19,311,1788743283.4181008,7.067607164096053,1.565227979622005,0.0
map,19,312,1788743283.4181008,7.0772018908015255,1.5883145278175839,0.0
map,19,313,1788743283.4181008,7.0868546009063,1.61137513607137,0.0
map,19,314,1788743283.4181008,7.096545457984298,1.6344204855358662,0.0
map,19,315,1788743283.4181008,7.106279039672309,1.6574475244532145,0.0
map,19,316,1788743283.4181008,7.115873766377781,1.6805325467698644,0.0
map,19,317,1788743283.4181008,7.125544787029703,1.7035870515079345,0.0
map,19,318,1788743283.4181008,7.135273791080927,1.7266171421831409,0.0
map,19,319,1788743283.4181008,7.145054675015736,1.7496243446744124,0.0
map,19,320,1788743283.4181008,7.154881335318414,1.772611710739607,0.0
map,19,321,1788743283.4181008,7.164588977064632,1.7956494308094584,0.0
map,19,322,1788743283.4181008,7.174368335120512,1.818658159179659,0.0
map,19,323,1788743283.4181008,7.184202624817836,1.8416424734869956,0.0
map,19,324,1788743283.4181008,7.194088794398745,1.8646038996103975,0.0
map,19,325,1788743283.4181008,7.204010059195021,1.8875515928234385,0.0
map,19,326,1788743283.4181008,7.21371464918338,1.9105908387722188,0.0
map,19,327,1788743283.4181008,7.223522998938911,1.9335858342320584,0.0
map,19,328,1788743283.4181008,7.233413746156607,1.9565472603554603,0.0
map,19,329,1788743283.4181008,7.243367054410392,1.9794796947792115,0.0
map,19,330,1788743283.4181008,7.25337529430562,2.002389241019028,0.0
map,19,331,1788743283.4181008,7.26316991115079,2.0253903399945834,0.0
map,19,332,1788743283.4181008,7.273066761884202,2.0483487143601273,0.0
map,19,333,1788743283.4181008,7.283052113595495,2.0712674158735176,0.0
map,19,334,1788743283.4181008,7.293104603979664,2.094157125687257,0.0
map,19,335,1788743283.4181008,7.303218129520992,2.117020895559204,0.0
map,19,336,1788743283.4181008,7.312922719509352,2.140060141507984,0.0
map,19,337,1788743283.4181008,7.322790578543113,2.16303072290496,0.0
map,19,338,1788743283.4181008,7.3328003443172705,2.1859387432658473,0.0
map,19,339,1788743283.4181008,7.342913869858599,2.208800987258865,0.0
map,19,340,1788743283.4181008,7.353109792862092,2.231628136036516,0.0
map,19,341,1788743283.4181008,7.362933401406913,2.2546170279806397,0.0
map,19,342,1788743283.4181008,7.372941641302141,2.277526574220456,0.0
map,19,343,1788743283.4181008,7.383081106785262,2.300378137060971,0.0
map,19,344,1788743283.4181008,7.39333043555127,2.323180871775758,0.0
map,19,345,1788743283.4181008,7.403666739416231,2.3459439336383916,0.0
map,19,346,1788743283.4181008,7.4132477332113424,2.3690350594707574,0.0
map,19,347,1788743283.4181008,7.423167472128689,2.3919827526837985,0.0
map,19,348,1788743283.4181008,7.4332962564593075,2.4148388931611002,0.0
map,19,349,1788743283.4181008,7.443611198019262,2.4376111102973077,0.0
map,19,350,1788743283.4181008,7.454049735772465,2.4603283957920716,0.0
map,19,351,1788743283.4181008,7.463931327716587,2.4832928736733315,0.0
map,19,352,1788743283.4181008,7.474061637926134,2.5061474882717043,0.0
map,19,353,1788743283.4181008,7.4844193040961,2.528901394860764,0.0
map,19,354,1788743283.4181008,7.494931084037894,2.551583585140161,0.0
map,19,355,1788743283.4181008,7.505571037809723,2.574206266141328,0.0
map,19,356,1788743283.4181008,7.514929253281203,2.597388944709433,0.0
map,19,357,1788743283.4181008,7.52475743946281,2.6203763107746276,0.0
map,19,358,1788743283.4181008,7.535044915202043,2.643160734942267,0.0
map,19,359,1788743283.4181008,7.545590264480275,2.6658291923113033,0.0
map,19,360,1788743283.4181008,7.556355340324281,2.6883923640342395,0.0
map,19,361,1788743283.4181008,7.566142327774806,2.711396514767653,0.0
map,19,362,1788743283.4181008,7.576474054002979,2.7341626283881446,0.0
map,19,363,1788743283.4181008,7.587097223106589,2.7567929387839563,0.0
map,19,364,1788743283.4181008,7.598068292606008,2.7792569283765083,0.0
map,19,365,1788743283.4181008,7.6091599065408175,2.80166140869083,0.0
map,19,366,1788743283.4181008,7.61800084905537,2.825045503277561,0.0
map,19,367,1788743283.4181008,7.627577265213695,2.848139680867785,0.0
map,19,368,1788743283.4181008,7.6377914987643365,2.870957674371862,0.0
map,19,369,1788743283.4181008,7.6486557567387266,2.8934735438479997,0.0
map,19,370,1788743283.4181008,7.65980077643605,2.9158520842205284,0.0
map,19,371,1788743283.4181008,7.669514521697984,2.9388882784114507,0.0
map,19,372,1788743283.4181008,7.679818782105436,2.961665073184445,0.0
map,19,373,1788743283.4181008,7.691119441453516,2.9839642678526666,0.0
map,19,374,1788743283.4181008,7.702497920626975,3.0062253155476633,0.0
map,19,375,1788743283.4181008,7.714715633211377,3.0280377548375377,0.0
map,19,376,1788743283.4181008,7.726249752035592,3.050216405070369,0.0
map,19,377,1788743283.4181008,7.737426815190425,3.072579686653608,0.0
map,19,378,1788743283.4181008,7.748324642501252,3.0950787714615267,0.0
map,19,379,1788743283.4181008,7.76309515053385,3.1152493650238107,0.0
map,19,380,1788743283.4181008,7.776030026214876,3.1366421876082136,0.0
map,19,381,1788743283.4181008,7.788844357460512,3.158108252381208,0.0
map,19,382,1788743283.4181008,7.7998962985431675,3.180532569121606,0.0
map,19,383,1788743283.4181008,7.81806493895062,3.197706336467359,0.0
map,19,384,1788743283.4181008,7.83506170434061,3.2160397717991422,0.0
map,19,385,1788743283.4181008,7.848867856890088,3.2368817520901807,0.0
map,19,386,1788743283.4181008,7.872628843572279,3.2446530534755134,0.0
map,19,387,1788743283.4181008,7.894003355609534,3.257619972614048,0.0
map,19,388,1788743283.4181008,7.912689268973914,3.2742276388771465,0.0
map,19,389,1788743283.4181008,7.9707,3.31,0.7715
map,20,0,1788743284.2153199,6.312689245132056,-5.9757724989585945,0.0
map,20,1,1788743284.2153199,6.308747899858481,-5.945903418923667,0.0
map,20,2,1788743284.2153199,6.306726110277573,-5.920984290134374,0.0
map,20,3,1788743284.2153199,6.303933751837526,-5.896141455291531,0.0
map,20,4,1788743284.2153199,6.3004059197537075,-5.871391699063356,0.0
map,20,5,1788743284.2153199,6.295828282966745,-5.846814367154156,0.0
map,20,6,1788743284.2153199,6.290284764817734,-5.822436925384654,0.0
map,20,7,1788743284.2153199,6.283441197821226,-5.798392125221671,0.0
map,20,8,1788743284.2153199,6.275460851022622,-5.774699803091284,0.0
map,20,9,1788743284.2153199,6.266032445120409,-5.75154611622283,0.0
map,20,10,1788743284.2153199,6.256047093409116,-5.728625888830511,0.0
map,20,11,1788743284.2153199,6.246066319334609,-5.705705661438191,0.0
map,20,12,1788743284.2153199,6.2359039656675535,-5.6828632538712505,0.0
map,20,13,1788743284.2153199,6.225688206237983,-5.660046786246102,0.0
map,20,14,1788743284.2153199,6.215267979031928,-5.6373218713566935,0.0
map,20,15,1788743284.2153199,6.2048538553415895,-5.614593904709427,0.0
map,20,16,1788743284.2153199,6.194339023641938,-5.591913240308958,0.0
map,20,17,1788743284.2153199,6.183821140184428,-5.56923257590849,0.0
map,20,18,1788743284.2153199,6.173185764049386,-5.5466083690283945,0.0
map,20,19,1788743284.2153199,6.162522922093622,-5.523996369179731,0.0
map,20,20,1788743284.2153199,6.151791415586054,-5.501416412788576,0.0
map,20,21,1788743284.2153199,6.140998873921326,-5.478865448097071,0.0
map,20,22,1788743284.2153199,6.130195651104096,-5.456320586921283,0.0
map,20,23,1788743284.2153199,6.119317660219345,-5.433810820960861,0.0
map,20,24,1788743284.2153199,6.108421358787446,-5.411310210274014,0.0
map,20,25,1788743284.2153199,6.097457918682672,-5.388843168923604,0.0
map,20,26,1788743284.2153199,6.0864853233043235,-5.366379179331052,0.0
map,20,27,1788743284.2153199,6.075444063374171,-5.343948759074937,0.0
map,20,28,1788743284.2153199,6.064392122291515,-5.321525968213468,0.0
map,20,29,1788743284.2153199,6.053195222710606,-5.299173367782732,0.0
map,20,30,1788743284.2153199,6.04187320105752,-5.2768833283880845,0.0
map,20,31,1788743284.2153199,6.030502351278706,-5.25461922893523,0.0
map,20,32,1788743284.2153199,6.019041474643082,-5.232400905850245,0.0
map,20,33,1788743284.2153199,6.006953461767644,-5.210518276129637,0.0
map,20,34,1788743284.2153199,5.99365390102259,-5.189348231868866,0.0
map,20,35,1788743284.2153199,5.975277741080795,-5.1723987687256745,0.0
map,20,36,1788743284.2153199,5.957852203711759,-5.154472743067931,0.0
map,20,37,1788743284.2153199,5.9420135804288705,-5.135129175885158,0.0
map,20,38,1788743284.2153199,5.919578582535969,-5.124098597107508,0.0
map,20,39,1788743284.2153199,5.898487883979506,-5.1106754401692065,0.0
map,20,40,1788743284.2153199,5.880423003339224,-5.093393335419496,0.0
map,20,41,1788743284.2153199,5.862689238426533,-5.0757724855475495,0.0
map,20,42,1788743284.2153199,5.812689237681475,-5.025772484802491,0.0
map,20,43,1788743284.2153199,5.762689236936417,-4.975772484057433,0.0
map,20,44,1788743284.2153199,5.712689236191359,-4.925772483312375,0.0
map,20,45,1788743284.2153199,5.662689235446301,-4.875772482567317,0.0
map,20,46,1788743284.2153199,5.6683075216628325,-4.8603534759899,0.0
map,20,47,1788743284.2153199,5.658612086948047,-4.837309652404333,0.0
map,20,48,1788743284.2153199,5.638168361057474,-4.822920614103982,0.0
map,20,49,1788743284.2153199,5.615966822640708,-4.81142616813192,0.0
map,20,50,1788743284.2153199,5.595623804759448,-4.796893697212244,0.0
map,20,51,1788743284.2153199,5.578416468077258,-4.778760152020158,0.0
map,20,52,1788743284.2153199,5.566406275027198,-4.75683327181061,0.0
map,20,53,1788743284.2153199,5.547573877285636,-4.740390400471842,0.0
map,20,54,1788743284.2153199,5.567376734026034,-4.725130085303039,0.0
map,20,55,1788743284.2153199,5.585830713793207,-4.708264545500942,0.0
map,20,56,1788743284.2153199,5.603370692081917,-4.6904499090050145,0.0
map,20,57,1788743284.2153199,5.607870509043501,-4.665858844185454,0.0
map,20,58,1788743284.2153199,5.6126129407547936,-4.641312029854834,0.0
map,20,59,1788743284.2153199,5.612513758624409,-4.616312029482305,0.0
map,20,60,1788743284.2153199,5.612329127274002,-4.591313554988705,0.0
map,20,61,1788743284.2153199,5.6187820692646895,-4.567160417421764,0.0
map,20,62,1788743284.2153199,5.6254287978793585,-4.543060685617338,0.0
map,20,63,1788743284.2153199,5.623442103513817,-4.518140030949116,0.0
map,20,64,1788743284.2153199,5.620799281208811,-4.493278885559125,0.0
map,20,65,1788743284.2153199,5.625009181173887,-4.468635940855979,0.0
map,20,66,1788743284.2153199,5.628630091872374,-4.443899917538165,0.0
map,20,67,1788743284.2153199,5.623184229974818,-4.419499587584728,0.0
map,20,68,1788743284.2153199,5.615731837285644,-4.395636367014294,0.0
map,20,69,1788743284.2153199,5.614946009637215,-4.370648573673197,0.0
map,20,70,1788743284.2153199,5.6114059705219645,-4.345900343323951,0.0
map,20,71,1788743284.2153199,5.6128662366570055,-4.3209430675614335,0.0
map,20,72,1788743284.2153199,5.614862086296121,-4.296023938772141,0.0
map,20,73,1788743284.2153199,5.620729090778077,-4.271721265070159,0.0
map,20,74,1788743284.2153199,5.6256683608712095,-4.247214123591693,0.0
map,20,75,1788743284.2153199,5.6266327163543295,-4.222232433766312,0.0
map,20,76,1788743284.2153199,5.628149440009743,-4.197278209761652,0.0
map,20,77,1788743284.2153199,5.630676295516146,-4.172406383219158,0.0
map,20,78,1788743284.2153199,5.633656337064458,-4.147584910681321,0.0
map,20,79,1788743284.2153199,5.63721010909007,-4.122838206211004,0.0
map,20,80,1788743284.2153199,5.641111781511491,-4.098144907503201,0.0
map,20,81,1788743284.2153199,5.6453491472972885,-4.073506540436842,0.0
map,20,82,1788743284.2153199,5.649856593653517,-4.048917001496211,0.0
map,20,83,1788743284.2153199,5.654570033665159,-4.024365609528804,0.0
map,20,84,1788743284.2153199,5.659494044969001,-3.9998554162924798,0.0
map,20,85,1788743284.2153199,5.664549281860737,-3.9753711629979485,0.0
map,20,86,1788743284.2153199,5.6685516622914704,-3.9506931230794358,0.0
map,20,87,1788743284.2153199,5.671589687239084,-3.925879279936243,0.0
map,20,88,1788743284.2153199,5.67179262913664,-3.900879279563714,0.0
map,20,89,1788743284.2153199,5.672596767332216,-3.875893012101546,0.0
map,20,90,1788743284.2153199,5.675904872850261,-3.851112738294791,0.0
map,20,91,1788743284.2153199,5.678384426109865,-3.82623633411551,0.0
map,20,92,1788743284.2153199,5.678309658042345,-3.801236333742981,0.0
map,20,93,1788743284.2153199,5.678796413420692,-3.776240911007239,0.0
map,20,94,1788743284.2153199,5.681597927134312,-3.7513980761643957,0.0
map,20,95,1788743284.2153199,5.683697536540599,-3.726486576769748,0.0
map,20,96,1788743284.2153199,5.683532741616268,-3.701486576397219,0.0
map,20,97,1788743284.2153199,5.6838852196488645,-3.676489627782548,0.0
map,20,98,1788743284.2153199,5.686340358845605,-3.651610171845409,0.0
map,20,99,1788743284.2153199,5.688212612291473,-3.626680361903613,0.0
map,20,100,1788743284.2153199,5.6881164819189465,-3.601680361531084,0.0
map,20,101,1788743284.2153199,5.688507106924767,-3.576683412916413,0.0
map,20,102,1788743284.2153199,5.6907684594975265,-3.5517856464321262,0.0
map,20,103,1788743284.2153199,5.69257204839159,-3.5268512588535437,0.0
map,20,104,1788743284.2153199,5.692758205620926,-3.5018527843599436,0.0
map,20,105,1788743284.2153199,5.693418911197178,-3.4768604133820595,0.0
map,20,106,1788743284.2153199,5.695698574317085,-3.4519656986556306,0.0
map,20,107,1788743284.2153199,5.697668484014407,-3.42704351810848,0.0
map,20,108,1788743284.2153199,5.698490932757132,-3.402055724767383,0.0
map,20,109,1788743284.2153199,5.699794033362487,-3.3770908196102205,0.0
map,20,110,1788743284.2153199,5.70227511250102,-3.3522144154309395,0.0
map,20,111,1788743284.2153199,5.704708889392755,-3.3273319077359425,0.0
map,20,112,1788743284.2153199,5.706845119893337,-3.3024234600991527,0.0
map,20,113,1788743284.2153199,5.709565762023722,-3.2775729958616644,0.0
map,20,114,1788743284.2153199,5.712805202989962,-3.2527835667813356,0.0
map,20,115,1788743284.2153199,5.716479519450964,-3.2280551728581663,0.0
map,20,116,1788743284.2153199,5.727264431721046,-3.205501156408804,0.0
map,20,117,1788743284.2153199,5.735693386924773,-3.181964473929174,0.0
map,20,118,1788743284.2153199,5.73069460755341,-3.1574695394821397,0.0
map,20,119,1788743284.2153199,5.724690273967845,-3.1332004351165956,0.0
map,20,120,1788743284.2153199,5.719253567343863,-3.1088001051631586,0.0
map,20,121,1788743284.2153199,5.711558559904979,-3.0850131785391746,0.0
map,20,122,1788743284.2153199,5.71323092321115,-3.060069635687018,0.0
map,20,123,1788743284.2153199,5.716654995527797,-3.035304620669553,0.0
map,20,124,1788743284.2153199,5.737097195539441,-3.0209125306113442,0.0
map,20,125,1788743284.2153199,5.75493929785609,-3.003401544022285,0.0
map,20,126,1788743284.2153199,5.7695205969014935,-2.9830936213563923,0.0
map,20,127,1788743284.2153199,5.760516385341539,-2.9597720878057494,0.0
map,20,128,1788743284.2153199,5.751806668414879,-2.9363376392143614,0.0
map,20,129,1788743284.2153199,5.754461697751317,-2.911479545582228,0.0
map,20,130,1788743284.2153199,5.75682375833339,-2.8865909343715153,0.0
map,20,131,1788743284.2153199,5.757476834514996,-2.86160008927256,0.0
map,20,132,1788743284.2153199,5.758111600149455,-2.836607718294676,0.0
map,20,133,1788743284.2153199,5.758403043024892,-2.811609243801076,0.0
map,20,134,1788743284.2153199,5.7586517612903165,-2.786610769307476,0.0
map,20,135,1788743284.2153199,5.758715848205334,-2.761610768934947,0.0
map,20,136,1788743284.2153199,5.75872195172105,-2.736610768562418,0.0
map,20,137,1788743284.2153199,5.75860140728566,-2.711610768189889,0.0
map,20,138,1788743284.2153199,5.7584121982984655,-2.686612293696289,0.0
map,20,139,1788743284.2153199,5.7581192295441,-2.661613819202689,0.0
map,20,140,1788743284.2153199,5.757748440964356,-2.6366168705880177,0.0
map,20,141,1788743284.2153199,5.763870267227453,-2.6123767579221244,0.0
map,20,142,1788743284.2153199,5.7700073522798405,-2.588142748771947,0.0
map,20,143,1788743284.2153199,5.776023892896838,-2.563876696164261,0.0
map,20,144,1788743284.2153199,5.7820877357606335,-2.5396243764669357,0.0
map,20,145,1788743284.2153199,5.788085965830483,-2.5153537462224627,0.0
map,20,146,1788743284.2153199,5.794152860452137,-2.4911014265251374,0.0
map,20,147,1788743284.2153199,5.800192289253069,-2.4668414774331673,0.0
map,20,148,1788743284.2153199,5.806311063758308,-2.442602890646203,0.0
map,20,149,1788743284.2153199,5.812899808973675,-2.4184863741735576,0.0
map,20,150,1788743284.2153199,5.819511442372978,-2.394375961216628,0.0
map,20,151,1788743284.2153199,5.826075773525481,-2.370253341228267,0.0
map,20,152,1788743284.2153199,5.832675199893352,-2.3461398765134795,0.0
map,20,153,1788743284.2153199,5.8392471604405,-2.3220187824040472,0.0
map,20,154,1788743284.2153199,5.8458618455976605,-2.297909895326047,0.0
map,20,155,1788743284.2153199,5.852464323723389,-2.2737979564901885,0.0
map,20,156,1788743284.2153199,5.859115629974845,-2.249699750564691,0.0
map,20,157,1788743284.2153199,5.865962248729211,-2.225654950401708,0.0
map,20,158,1788743284.2153199,5.872831755667512,-2.20161777963337,0.0
map,20,159,1788743284.2153199,5.879722624910819,-2.177585186501819,0.0
map,20,160,1788743284.2153199,5.886604338880552,-2.153551067491339,0.0
map,20,161,1788743284.2153199,5.893510466913149,-2.129524577875504,0.0
map,20,162,1788743284.2153199,5.900415069066817,-2.10549656238074,0.0
map,20,163,1788743284.2153199,5.9073501887990645,-2.0814777021595496,0.0
map,20,164,1788743284.2153199,5.914401275329915,-2.057492411274797,0.0
map,20,165,1788743284.2153199,5.921469146528985,-2.0335132239057607,0.0
map,20,166,1788743284.2153199,5.928530914212338,-2.0095309847788663,0.0
map,20,167,1788743284.2153199,5.9356140442006975,-1.9855548491676878,0.0
map,20,168,1788743284.2153199,5.942694122431199,-1.9615787135565093,0.0
map,20,169,1788743284.2153199,5.949797088845635,-1.9376086814610467,0.0
map,20,170,1788743284.2153199,5.956901581139,-1.9136401752445131,0.0
map,20,171,1788743284.2153199,5.964102203804892,-1.8896991348487013,0.0
map,20,172,1788743284.2153199,5.971299774712925,-1.8657580944528895,0.0
map,20,173,1788743284.2153199,5.978514130289177,-1.8418216316938647,0.0
map,20,174,1788743284.2153199,5.985726959986501,-1.8178836430559109,0.0
map,20,175,1788743284.2153199,5.992959626109901,-1.793953283812602,0.0
map,20,176,1788743284.2153199,6.000192292233301,-1.770022924569293,0.0
map,20,177,1788743284.2153199,6.007446320661707,-1.7460971429627712,0.0
map,20,178,1788743284.2153199,6.0147308666686925,-1.7221835683876812,0.0
map,20,179,1788743284.2153199,6.022038300859613,-1.698274571449378,0.0
map,20,180,1788743284.2153199,6.0293472609294625,-1.674367100390004,0.0
map,20,181,1788743284.2153199,6.036676057425389,-1.650465732846346,0.0
map,20,182,1788743284.2153199,6.044021638589534,-1.6265689429394747,0.0
map,20,183,1788743284.2153199,6.051373323269395,-1.6026736789115326,0.0
map,20,184,1788743284.2153199,6.058743318496404,-1.5787845183993063,0.0
map,20,185,1788743284.2153199,6.066128572512703,-1.554901461402796,0.0
map,20,186,1788743284.2153199,6.07353213707615,-1.5310229820430727,0.0
map,20,187,1788743284.2153199,6.080943331034241,-1.5071460285622784,0.0
map,20,188,1788743284.2153199,6.088372835539481,-1.4832751785972,0.0
map,20,189,1788743284.2153199,6.095808443560436,-1.4594073803899796,0.0
map,20,190,1788743284.2153199,6.10326236212854,-1.4355441598195462,0.0
map,20,191,1788743284.2153199,6.110722384212359,-1.4116824651280417,0.0
map,20,192,1788743284.2153199,6.118202242722255,-1.3878283998311822,0.0
map,20,193,1788743284.2153199,6.125689730626796,-1.3639758604132517,0.0
map,20,194,1788743284.2153199,6.133195529078485,-1.3401294245110371,0.0
map,20,195,1788743284.2153199,6.14070743104589,-1.3162845144877515,0.0
map,20,196,1788743284.2153199,6.148237643560442,-1.2924457079801819,0.0
map,20,197,1788743284.2153199,6.155772433711782,-1.2686084273515412,0.0
map,20,198,1788743284.2153199,6.163311801499908,-1.2447711467229006,0.0
map,20,199,1788743284.2153199,6.170861850440538,-1.2209399696099759,0.0
map,20,200,1788743284.2153199,6.178431735807244,-1.1971133701338381,0.0
map,20,201,1788743284.2153199,6.1860092505685955,-1.1732882965366294,0.0
map,20,202,1788743284.2153199,6.193605075877095,-1.1494708523340655,0.0
map,20,203,1788743284.2153199,6.20120700470131,-1.1256549340104307,0.0
map,20,204,1788743284.2153199,6.208824192314815,-1.1018435933235828,0.0
map,20,205,1788743284.2153199,6.21644137992832,-1.078032252636735,0.0
map,20,206,1788743284.2153199,6.224069248694327,-1.054223963707745,0.0
map,20,207,1788743284.2153199,6.231716953886412,-1.0304217782944711,0.0
map,20,208,1788743284.2153199,6.239372288473142,-1.0066241705179841,0.0
map,20,209,1788743284.2153199,6.24704440772809,-0.9828296144993551,0.0
map,20,210,1788743284.2153199,6.254725682256613,-0.9590396361175131,0.0
map,20,211,1788743284.2153199,6.262419163816567,-0.935252709493529,0.0
map,20,212,1788743284.2153199,6.270100438345089,-0.911461205232758,0.0
map,20,213,1788743284.2153199,6.27780002342076,-0.8876758044877029,0.0
map,20,214,1788743284.2153199,6.285510289648933,-0.8638949813794348,0.0
map,20,215,1788743284.2153199,6.293240392303183,-0.8401202617868826,0.0
map,20,216,1788743284.2153199,6.300976598473149,-0.8163485939521884,0.0
map,20,217,1788743284.2153199,6.3087295893113335,-0.7925799778753522,0.0
map,20,218,1788743284.2153199,6.3164612178445125,-0.7688052582828,0.0
map,20,219,1788743284.2153199,6.324212682803768,-0.7450381680848928,0.0
map,20,220,1788743284.2153199,6.331977880673385,-0.7212741296448435,0.0
map,20,221,1788743284.2153199,6.33976138909015,-0.6975161947205102,0.0
map,20,222,1788743284.2153199,6.347554052780488,-0.6737628374329638,0.0
map,20,223,1788743284.2153199,6.3553619752601165,-0.6500125319032755,0.0
map,20,224,1788743284.2153199,6.363140906040094,-0.6262545969789421,0.0
map,20,225,1788743284.2153199,6.3709381473672195,-0.6025012396913958,0.0
map,20,226,1788743284.2153199,6.378756750999351,-0.5787555117984944,0.0
map,20,227,1788743284.2153199,6.386590613420772,-0.5550143615423799,0.0
map,20,228,1788743284.2153199,6.394441260510412,-0.5312793148019814,0.0
map,20,229,1788743284.2153199,6.402304114631484,-0.5075473198194409,0.0
map,20,230,1788743284.2153199,6.410180701662917,-0.48381990247368734,0.0
map,20,231,1788743284.2153199,6.41802677111577,-0.46008485573328883,0.0
map,20,232,1788743284.2153199,6.4258972546314865,-0.4363543866296773,0.0
map,20,233,1788743284.2153199,6.433781471057564,-0.4126315469207107,0.0
map,20,234,1788743284.2153199,6.44168399803079,-0.38891328484853105,0.0
map,20,235,1788743284.2153199,6.449598732035447,-0.36519960041313837,0.0
map,20,236,1788743284.2153199,6.457530250708324,-0.34149049361453265,0.0
map,20,237,1788743284.2153199,6.465420570650117,-0.31776765390556605,0.0
map,20,238,1788743284.2153199,6.473336830533704,-0.29405396947017337,0.0
map,20,239,1788743284.2153199,6.48126834920658,-0.27034638855049664,0.0
map,20,240,1788743284.2153199,6.489221230184462,-0.24664491114653586,0.0
map,20,241,1788743284.2153199,6.497186318193776,-0.22294801137936204,0.0
map,20,242,1788743284.2153199,6.505169716750238,-0.1992556892489752,0.0
map,20,243,1788743284.2153199,6.5131088648177595,-0.17554963420822745,0.0
map,20,244,1788743284.2153199,6.521072426948145,-0.15185273444105363,0.0
map,20,245,1788743284.2153199,6.5290604031413935,-0.12816346406852475,0.0
map,20,246,1788743284.2153199,6.537063638123932,-0.10447877133278283,0.0
map,20,247,1788743284.2153199,6.545085183653619,-0.08080018211275686,0.0
map,20,248,1788743284.2153199,6.553118936214737,-0.05712617052951785,0.0
map,20,249,1788743284.2153199,6.561167947565146,-0.03345826246199479,0.0
map,20,250,1788743284.2153199,6.5691772860634,-0.00977509560518186,0.0
map,20,251,1788743284.2153199,6.577211038624519,0.013898915978057147,0.0
map,20,252,1788743284.2153199,6.585263101732785,0.03756529816665122,0.0
map,20,253,1788743284.2153199,6.593335001267128,0.061227102718458326,0.0
map,20,254,1788743284.2153199,6.601420633711832,0.08488280375454949,0.0
map,20,255,1788743284.2153199,6.609521524945826,0.10853392715385368,0.0
map,20,256,1788743284.2153199,6.617565958659448,0.13220488697923471,0.0
map,20,257,1788743284.2153199,6.62563938407272,0.15586516565211284,0.0
map,20,258,1788743284.2153199,6.633734171790998,0.17951781493034602,0.0
map,20,259,1788743284.2153199,6.64185337357214,0.20316283481393427,0.0
map,20,260,1788743284.2153199,6.649987834142571,0.22680327706073555,0.0
map,20,261,1788743284.2153199,6.658140605260151,0.2504360899128919,0.0
map,20,262,1788743284.2153199,6.666232341220571,0.2740902650700541,0.0
map,20,263,1788743284.2153199,6.674353068880642,0.2977352849536423,0.0
map,20,264,1788743284.2153199,6.682502788240363,0.32136962368472766,0.0
map,20,265,1788743284.2153199,6.6906738699050905,0.34499633302116806,0.0
map,20,266,1788743284.2153199,6.698864787995895,0.3686169388418925,0.0
map,20,267,1788743284.2153199,6.707070964875989,0.392231441146901,0.0
map,20,268,1788743284.2153199,6.715206951325349,0.4158703575147733,0.0
map,20,269,1788743284.2153199,6.723376507111148,0.4394985927301427,0.0
map,20,270,1788743284.2153199,6.731575054596597,0.4631146209140802,0.0
map,20,271,1788743284.2153199,6.73979801614491,0.4867245455823017,0.0
map,20,272,1788743284.2153199,6.748042339998229,0.5103253149769493,0.0
map,20,273,1788743284.2153199,6.756304974398695,0.53392150673481,0.0
map,20,274,1788743284.2153199,6.764468426668778,0.5575512678291084,0.0
map,20,275,1788743284.2153199,6.772673077669943,0.5811657701341169,0.0
map,20,276,1788743284.2153199,6.780914349765403,0.6047680654076935,0.0
map,20,277,1788743284.2153199,6.789184613560515,0.6283612054076961,0.0
map,20,278,1788743284.2153199,6.797482343176348,0.6519436642551959,0.0
map,20,279,1788743284.2153199,6.805798383339329,0.6755200195869797,0.0
map,20,280,1788743284.2153199,6.814019819008713,0.6991299442552013,0.0
map,20,281,1788743284.2153199,6.822285505167038,0.7227230842552039,0.0
map,20,282,1788743284.2153199,6.830586286540729,0.7463055431027037,0.0
map,20,283,1788743284.2153199,6.838920637250858,0.7698757949187716,0.0
map,20,284,1788743284.2153199,6.847279402023851,0.7934353655823365,0.0
map,20,285,1788743284.2153199,6.855664106738637,0.8169888327301855,0.0
map,20,286,1788743284.2153199,6.863937422291606,0.8405789209723302,0.0
map,20,287,1788743284.2153199,6.872258040091374,0.864153750425185,0.0
map,20,288,1788743284.2153199,6.880618330743296,0.887714846967679,0.0
map,20,289,1788743284.2153199,6.8890152424895135,0.911262210599812,0.0
map,20,290,1788743284.2153199,6.897438094177524,0.9348004189583712,0.0
map,20,291,1788743284.2153199,6.905888411686256,0.9583294720433564,0.0
map,20,292,1788743284.2153199,6.914187667181018,0.9819119308908562,0.0
map,20,293,1788743284.2153199,6.922546431954011,1.00547302743335,0.0
map,20,294,1788743284.2153199,6.93095555073166,1.0290158134286962,0.0
map,20,295,1788743284.2153199,6.939407394119321,1.0525433406347524,0.0
map,20,296,1788743284.2153199,6.94789280684342,1.0760601866883057,0.0
map,20,297,1788743284.2153199,6.9564087371460985,1.0995648257104271,0.0
map,20,298,1788743284.2153199,6.964788864224097,1.1231182928582761,0.0
map,20,299,1788743284.2153199,6.973226974701397,1.1466519235800483,0.0
map,20,300,1788743284.2153199,6.981716965062283,1.1701657178757436,0.0
map,20,301,1788743284.2153199,6.990248154154251,1.193665779261078,0.0
map,20,302,1788743284.2153199,6.9988159643405154,1.2171505818571227,0.0
map,20,303,1788743284.2153199,7.00741276622643,1.2406262291795933,0.0
map,20,304,1788743284.2153199,7.015858506098375,1.2641568081435075,0.0
map,20,305,1788743284.2153199,7.024371384643196,1.287662973044558,0.0
map,20,306,1788743284.2153199,7.032937668950531,1.3111493015195315,0.0
map,20,307,1788743284.2153199,7.041548203746807,1.3346188453262862,0.0
map,20,308,1788743284.2153199,7.050198411395236,1.35807465622268,0.0
map,20,309,1788743284.2153199,7.058879136622245,1.3815197859665709,0.0
map,20,310,1788743284.2153199,7.067352342314912,1.4050396837779822,0.0
map,20,311,1788743284.2153199,7.07591404898546,1.4285275381318847,0.0
map,20,312,1788743284.2153199,7.084542894328884,1.4519925043018524,0.0
map,20,313,1788743284.2153199,7.09322819719268,1.4754345822878854,0.0
map,20,314,1788743284.2153199,7.1019608023032745,1.4988598756056994,0.0
map,20,315,1788743284.2153199,7.110731554387094,1.5222714360131526,0.0
map,20,316,1788743284.2153199,7.119331408030867,1.5457455574566943,0.0
map,20,317,1788743284.2153199,7.128010607378947,1.5691906872005852,0.0
map,20,318,1788743284.2153199,7.1367538936420445,1.5926114028816123,0.0
map,20,319,1788743284.2153199,7.145552111546586,1.6160122821365626,0.0
map,20,320,1788743284.2153199,7.1543930540611385,1.639397902602223,0.0
map,20,321,1788743284.2153199,7.162974597157763,1.6628781275614806,0.0
map,20,322,1788743284.2153199,7.1716660035372755,1.6863186796685845,0.0
map,20,323,1788743284.2153199,7.180439807378953,1.7097287141971087,0.0
map,20,324,1788743284.2153199,7.189285327530293,1.7331112829049111,0.0
map,20,325,1788743284.2153199,7.198187305202005,1.7564724893077077,0.0
map,20,326,1788743284.2153199,7.207136585120516,1.7798153851633565,0.0
map,20,327,1788743284.2153199,7.215713550580354,1.803298661880472,0.0
map,20,328,1788743284.2153199,7.2244446298120195,1.8267239551982861,0.0
map,20,329,1788743284.2153199,7.233282520568714,1.8501095756639465,0.0
map,20,330,1788743284.2153199,7.242213489940077,1.8734601009142402,0.0
map,20,331,1788743284.2153199,7.251217701500032,1.8967816344648831,0.0
map,20,332,1788743284.2153199,7.260282948217146,1.9200818057105202,0.0
map,20,333,1788743284.2153199,7.269085743758474,1.9434796332076125,0.0
map,20,334,1788743284.2153199,7.278009083735192,1.9668332102157642,0.0
map,20,335,1788743284.2153199,7.287034657600152,1.9901471143717622,0.0
map,20,336,1788743284.2153199,7.29613957716942,2.0134305009491804,0.0
map,20,337,1788743284.2153199,7.305310109532634,2.036687947584806,0.0
map,20,338,1788743284.2153199,7.314039662885371,2.060114766781549,0.0
map,20,339,1788743284.2153199,7.322958425225302,2.0834683437897006,0.0
map,20,340,1788743284.2153199,7.332006887274197,2.1067746185510536,0.0
map,20,341,1788743284.2153199,7.341172842000624,2.130033591065608,0.0
map,20,342,1788743284.2153199,7.350419668310288,2.153260520122654,0.0
map,20,343,1788743284.2153199,7.359745840324258,2.1764554057221908,0.0
map,20,344,1788743284.2153199,7.368397573851617,2.1999112166185846,0.0
map,20,345,1788743284.2153199,7.377291922128684,2.223275474779239,0.0
map,20,346,1788743284.2153199,7.386407522850455,2.2465542837198704,0.0
map,20,347,1788743284.2153199,7.395671133828337,2.2697751092612,0.0
map,20,348,1788743284.2153199,7.405064444515183,2.2929425290400154,0.0
map,20,349,1788743284.2153199,7.413887076482588,2.3163342530213917,0.0
map,20,350,1788743284.2153199,7.422972159625779,2.339623743114526,0.0
map,20,351,1788743284.2153199,7.432241874119377,2.3628430427769267,0.0
map,20,352,1788743284.2153199,7.441676383537306,2.385993677887523,0.0
map,20,353,1788743284.2153199,7.45122380799598,2.4091000625091787,0.0
map,20,354,1788743284.2153199,7.460864311069322,2.432165248399752,0.0
map,20,355,1788743284.2153199,7.469737297041384,2.4555386618339803,0.0
map,20,356,1788743284.2153199,7.478974968077473,2.478768642648884,0.0
map,20,357,1788743284.2153199,7.488421684526834,2.5019147001226933,0.0
map,20,358,1788743284.2153199,7.498065239358034,2.5249814118921954,0.0
map,20,359,1788743284.2153199,7.507830864503553,2.547994717899183,0.0
map,20,360,1788743284.2153199,7.515501457879573,2.571787748038883,0.0
map,20,361,1788743284.2153199,7.524050957518689,2.5952817059085014,0.0
map,20,362,1788743284.2153199,7.5330627984732885,2.6186001877012863,0.0
map,20,363,1788743284.2153199,7.542572075958738,2.641720305233303,0.0
map,20,364,1788743284.2153199,7.552305657646748,2.6647488700295803,0.0
map,20,365,1788743284.2153199,7.562242181232314,2.6876889338479764,0.0
map,20,366,1788743284.2153199,7.568603570487262,2.711866485477781,0.0
map,20,367,1788743284.2153199,7.57650304570263,2.735584747549961,0.0
map,20,368,1788743284.2153199,7.585087640557113,2.7590649725092184,0.0
map,20,369,1788743284.2153199,7.594386346750362,2.7822720651401873,0.0
map,20,370,1788743284.2153199,7.604066522675858,2.8053219922414705,0.0
map,20,371,1788743284.2153199,7.61446080994012,2.8280575882833823,0.0
map,20,372,1788743284.2153199,7.624214228054207,2.8510769978060857,0.0
map,20,373,1788743284.2153199,7.6317566476001915,2.8749112266768684,0.0
map,20,374,1788743284.2153199,7.640184076924989,2.8984479091564985,0.0
map,20,375,1788743284.2153199,7.649406489171788,2.921685519366047,0.0
map,20,376,1788743284.2153199,7.659236201232325,2.944671359552313,0.0
map,20,377,1788743284.2153199,7.668728694049555,2.9677991064789744,0.0
map,20,378,1788743284.2153199,7.677444514491931,2.9912320291914334,0.0
map,20,379,1788743284.2153199,7.686805781721269,3.0144131818806095,0.0
map,20,380,1788743284.2153199,7.69680944397971,3.037324253999355,0.0
map,20,381,1788743284.2153199,7.706993159951772,3.0601559804137928,0.0
map,20,382,1788743284.2153199,7.7225876426060225,3.079696385978405,0.0
map,20,383,1788743284.2153199,7.737486324468655,3.099770849168163,0.0
map,20,384,1788743284.2153199,7.752015743630473,3.1201153929283514,0.0
map,20,385,1788743284.2153199,7.769282589590894,3.1381955323579227,0.0
map,20,386,1788743284.2153199,7.7864868745152265,3.1563336551867955,0.0
map,20,387,1788743284.2153199,7.8023056613720385,3.1756924811588583,0.0
map,20,388,1788743284.2153199,7.818548642571109,3.194695777340467,0.0
map,20,389,1788743284.2153199,7.835080014887758,3.2134503552566507,0.0
map,20,390,1788743284.2153199,7.851368772454698,3.2324155044650347,0.0
map,20,391,1788743284.2153199,7.874276792815586,3.24242832199705,0.0
map,20,392,1788743284.2153199,7.894644224759709,3.2569241718224298,0.0
map,20,393,1788743284.2153199,7.912689268973914,3.2742276388771465,0.0
map,20,394,1788743284.2153199,7.9707,3.31,0.7715
map,21,0,1788743285.2445285,6.312689245132056,-5.9757724989585945,0.0
map,21,1,1788743285.2445285,6.308747899858481,-5.945903418923667,0.0
map,21,2,1788743285.2445285,6.306726110277573,-5.920984290134374,0.0
map,21,3,1788743285.2445285,6.303933751837526,-5.896141455291531,0.0
map,21,4,1788743285.2445285,6.3004059197537075,-5.871391699063356,0.0
map,21,5,1788743285.2445285,6.295828282966745,-5.846814367154156,0.0
map,21,6,1788743285.2445285,6.290284764817734,-5.822436925384654,0.0
map,21,7,1788743285.2445285,6.283441197821226,-5.798392125221671,0.0
map,21,8,1788743285.2445285,6.275460851022622,-5.774699803091284,0.0
map,21,9,1788743285.2445285,6.266032445120409,-5.75154611622283,0.0
map,21,10,1788743285.2445285,6.256047093409116,-5.728625888830511,0.0
map,21,11,1788743285.2445285,6.246066319334609,-5.705705661438191,0.0
map,21,12,1788743285.2445285,6.2359039656675535,-5.6828632538712505,0.0
map,21,13,1788743285.2445285,6.225688206237983,-5.660046786246102,0.0
map,21,14,1788743285.2445285,6.215267979031928,-5.6373218713566935,0.0
map,21,15,1788743285.2445285,6.2048538553415895,-5.614593904709427,0.0
map,21,16,1788743285.2445285,6.194339023641938,-5.591913240308958,0.0
map,21,17,1788743285.2445285,6.183821140184428,-5.56923257590849,0.0
map,21,18,1788743285.2445285,6.173185764049386,-5.5466083690283945,0.0
map,21,19,1788743285.2445285,6.162522922093622,-5.523996369179731,0.0
map,21,20,1788743285.2445285,6.151791415586054,-5.501416412788576,0.0
map,21,21,1788743285.2445285,6.140998873921326,-5.478865448097071,0.0
map,21,22,1788743285.2445285,6.130195651104096,-5.456320586921283,0.0
map,21,23,1788743285.2445285,6.119317660219345,-5.433810820960861,0.0
map,21,24,1788743285.2445285,6.108421358787446,-5.411310210274014,0.0
map,21,25,1788743285.2445285,6.097457918682672,-5.388843168923604,0.0
map,21,26,1788743285.2445285,6.0864853233043235,-5.366379179331052,0.0
map,21,27,1788743285.2445285,6.075444063374171,-5.343948759074937,0.0
map,21,28,1788743285.2445285,6.064392122291515,-5.321525968213468,0.0
map,21,29,1788743285.2445285,6.053195222710606,-5.299173367782732,0.0
map,21,30,1788743285.2445285,6.04187320105752,-5.2768833283880845,0.0
map,21,31,1788743285.2445285,6.030502351278706,-5.25461922893523,0.0
map,21,32,1788743285.2445285,6.019041474643082,-5.232400905850245,0.0
map,21,33,1788743285.2445285,6.006953461767644,-5.210518276129637,0.0
map,21,34,1788743285.2445285,5.99365390102259,-5.189348231868866,0.0
map,21,35,1788743285.2445285,5.975277741080795,-5.1723987687256745,0.0
map,21,36,1788743285.2445285,5.957852203711759,-5.154472743067931,0.0
map,21,37,1788743285.2445285,5.9420135804288705,-5.135129175885158,0.0
map,21,38,1788743285.2445285,5.919578582535969,-5.124098597107508,0.0
map,21,39,1788743285.2445285,5.898487883979506,-5.1106754401692065,0.0
map,21,40,1788743285.2445285,5.880423003339224,-5.093393335419496,0.0
map,21,41,1788743285.2445285,5.862689238426533,-5.0757724855475495,0.0
map,21,42,1788743285.2445285,5.812689237681475,-5.025772484802491,0.0
map,21,43,1788743285.2445285,5.762689236936417,-4.975772484057433,0.0
map,21,44,1788743285.2445285,5.712689236191359,-4.925772483312375,0.0
map,21,45,1788743285.2445285,5.662689235446301,-4.875772482567317,0.0
map,21,46,1788743285.2445285,5.6683075216628325,-4.8603534759899,0.0
map,21,47,1788743285.2445285,5.658612086948047,-4.837309652404333,0.0
map,21,48,1788743285.2445285,5.638168361057474,-4.822920614103982,0.0
map,21,49,1788743285.2445285,5.615966822640708,-4.81142616813192,0.0
map,21,50,1788743285.2445285,5.595623804759448,-4.796893697212244,0.0
map,21,51,1788743285.2445285,5.578416468077258,-4.778760152020158,0.0
map,21,52,1788743285.2445285,5.566406275027198,-4.75683327181061,0.0
map,21,53,1788743285.2445285,5.547573877285636,-4.740390400471842,0.0
map,21,54,1788743285.2445285,5.567376734026034,-4.725130085303039,0.0
map,21,55,1788743285.2445285,5.585830713793207,-4.708264545500942,0.0
map,21,56,1788743285.2445285,5.603370692081917,-4.6904499090050145,0.0
map,21,57,1788743285.2445285,5.607870509043501,-4.665858844185454,0.0
map,21,58,1788743285.2445285,5.6126129407547936,-4.641312029854834,0.0
map,21,59,1788743285.2445285,5.612513758624409,-4.616312029482305,0.0
map,21,60,1788743285.2445285,5.612329127274002,-4.591313554988705,0.0
map,21,61,1788743285.2445285,5.6187820692646895,-4.567160417421764,0.0
map,21,62,1788743285.2445285,5.6254287978793585,-4.543060685617338,0.0
map,21,63,1788743285.2445285,5.623442103513817,-4.518140030949116,0.0
map,21,64,1788743285.2445285,5.620799281208811,-4.493278885559125,0.0
map,21,65,1788743285.2445285,5.625009181173887,-4.468635940855979,0.0
map,21,66,1788743285.2445285,5.628630091872374,-4.443899917538165,0.0
map,21,67,1788743285.2445285,5.623184229974818,-4.419499587584728,0.0
map,21,68,1788743285.2445285,5.615731837285644,-4.395636367014294,0.0
map,21,69,1788743285.2445285,5.614946009637215,-4.370648573673197,0.0
map,21,70,1788743285.2445285,5.6114059705219645,-4.345900343323951,0.0
map,21,71,1788743285.2445285,5.6128662366570055,-4.3209430675614335,0.0
map,21,72,1788743285.2445285,5.614862086296121,-4.296023938772141,0.0
map,21,73,1788743285.2445285,5.620729090778077,-4.271721265070159,0.0
map,21,74,1788743285.2445285,5.6256683608712095,-4.247214123591693,0.0
map,21,75,1788743285.2445285,5.6266327163543295,-4.222232433766312,0.0
map,21,76,1788743285.2445285,5.628149440009743,-4.197278209761652,0.0
map,21,77,1788743285.2445285,5.630676295516146,-4.172406383219158,0.0
map,21,78,1788743285.2445285,5.633656337064458,-4.147584910681321,0.0
map,21,79,1788743285.2445285,5.63721010909007,-4.122838206211004,0.0
map,21,80,1788743285.2445285,5.641111781511491,-4.098144907503201,0.0
map,21,81,1788743285.2445285,5.6453491472972885,-4.073506540436842,0.0
map,21,82,1788743285.2445285,5.649856593653517,-4.048917001496211,0.0
map,21,83,1788743285.2445285,5.654570033665159,-4.024365609528804,0.0
map,21,84,1788743285.2445285,5.659494044969001,-3.9998554162924798,0.0
map,21,85,1788743285.2445285,5.664549281860737,-3.9753711629979485,0.0
map,21,86,1788743285.2445285,5.6685516622914704,-3.9506931230794358,0.0
map,21,87,1788743285.2445285,5.671589687239084,-3.925879279936243,0.0
map,21,88,1788743285.2445285,5.67179262913664,-3.900879279563714,0.0
map,21,89,1788743285.2445285,5.672596767332216,-3.875893012101546,0.0
map,21,90,1788743285.2445285,5.675904872850261,-3.851112738294791,0.0
map,21,91,1788743285.2445285,5.678384426109865,-3.82623633411551,0.0
map,21,92,1788743285.2445285,5.678309658042345,-3.801236333742981,0.0
map,21,93,1788743285.2445285,5.678796413420692,-3.776240911007239,0.0
map,21,94,1788743285.2445285,5.681597927134312,-3.7513980761643957,0.0
map,21,95,1788743285.2445285,5.683697536540599,-3.726486576769748,0.0
map,21,96,1788743285.2445285,5.683532741616268,-3.701486576397219,0.0
map,21,97,1788743285.2445285,5.6838852196488645,-3.676489627782548,0.0
map,21,98,1788743285.2445285,5.686340358845605,-3.651610171845409,0.0
map,21,99,1788743285.2445285,5.688212612291473,-3.626680361903613,0.0
map,21,100,1788743285.2445285,5.6881164819189465,-3.601680361531084,0.0
map,21,101,1788743285.2445285,5.688507106924767,-3.576683412916413,0.0
map,21,102,1788743285.2445285,5.6907684594975265,-3.5517856464321262,0.0
map,21,103,1788743285.2445285,5.69257204839159,-3.5268512588535437,0.0
map,21,104,1788743285.2445285,5.692758205620926,-3.5018527843599436,0.0
map,21,105,1788743285.2445285,5.693418911197178,-3.4768604133820595,0.0
map,21,106,1788743285.2445285,5.695698574317085,-3.4519656986556306,0.0
map,21,107,1788743285.2445285,5.697668484014407,-3.42704351810848,0.0
map,21,108,1788743285.2445285,5.698490932757132,-3.402055724767383,0.0
map,21,109,1788743285.2445285,5.699794033362487,-3.3770908196102205,0.0
map,21,110,1788743285.2445285,5.70227511250102,-3.3522144154309395,0.0
map,21,111,1788743285.2445285,5.704708889392755,-3.3273319077359425,0.0
map,21,112,1788743285.2445285,5.706845119893337,-3.3024234600991527,0.0
map,21,113,1788743285.2445285,5.709565762023722,-3.2775729958616644,0.0
map,21,114,1788743285.2445285,5.712805202989962,-3.2527835667813356,0.0
map,21,115,1788743285.2445285,5.716479519450964,-3.2280551728581663,0.0
map,21,116,1788743285.2445285,5.727264431721046,-3.205501156408804,0.0
map,21,117,1788743285.2445285,5.735693386924773,-3.181964473929174,0.0
map,21,118,1788743285.2445285,5.73069460755341,-3.1574695394821397,0.0
map,21,119,1788743285.2445285,5.724690273967845,-3.1332004351165956,0.0
map,21,120,1788743285.2445285,5.719253567343863,-3.1088001051631586,0.0
map,21,121,1788743285.2445285,5.711558559904979,-3.0850131785391746,0.0
map,21,122,1788743285.2445285,5.71323092321115,-3.060069635687018,0.0
map,21,123,1788743285.2445285,5.716654995527797,-3.035304620669553,0.0
map,21,124,1788743285.2445285,5.737097195539441,-3.0209125306113442,0.0
map,21,125,1788743285.2445285,5.75493929785609,-3.003401544022285,0.0
map,21,126,1788743285.2445285,5.7695205969014935,-2.9830936213563923,0.0
map,21,127,1788743285.2445285,5.760516385341539,-2.9597720878057494,0.0
map,21,128,1788743285.2445285,5.751806668414879,-2.9363376392143614,0.0
map,21,129,1788743285.2445285,5.754461697751317,-2.911479545582228,0.0
map,21,130,1788743285.2445285,5.75682375833339,-2.8865909343715153,0.0
map,21,131,1788743285.2445285,5.757476834514996,-2.86160008927256,0.0
map,21,132,1788743285.2445285,5.758111600149455,-2.836607718294676,0.0
map,21,133,1788743285.2445285,5.758403043024892,-2.811609243801076,0.0
map,21,134,1788743285.2445285,5.7586517612903165,-2.786610769307476,0.0
map,21,135,1788743285.2445285,5.758715848205334,-2.761610768934947,0.0
map,21,136,1788743285.2445285,5.75872195172105,-2.736610768562418,0.0
map,21,137,1788743285.2445285,5.75860140728566,-2.711610768189889,0.0
map,21,138,1788743285.2445285,5.7584121982984655,-2.686612293696289,0.0
map,21,139,1788743285.2445285,5.7581192295441,-2.661613819202689,0.0
map,21,140,1788743285.2445285,5.757748440964356,-2.6366168705880177,0.0
map,21,141,1788743285.2445285,5.763870267227453,-2.6123767579221244,0.0
map,21,142,1788743285.2445285,5.7700073522798405,-2.588142748771947,0.0
map,21,143,1788743285.2445285,5.776023892896838,-2.563876696164261,0.0
map,21,144,1788743285.2445285,5.7820877357606335,-2.5396243764669357,0.0
map,21,145,1788743285.2445285,5.788085965830483,-2.5153537462224627,0.0
map,21,146,1788743285.2445285,5.794152860452137,-2.4911014265251374,0.0
map,21,147,1788743285.2445285,5.800192289253069,-2.4668414774331673,0.0
map,21,148,1788743285.2445285,5.806311063758308,-2.442602890646203,0.0
map,21,149,1788743285.2445285,5.812899808973675,-2.4184863741735576,0.0
map,21,150,1788743285.2445285,5.819511442372978,-2.394375961216628,0.0
map,21,151,1788743285.2445285,5.826075773525481,-2.370253341228267,0.0
map,21,152,1788743285.2445285,5.832675199893352,-2.3461398765134795,0.0
map,21,153,1788743285.2445285,5.8392471604405,-2.3220187824040472,0.0
map,21,154,1788743285.2445285,5.8458618455976605,-2.297909895326047,0.0
map,21,155,1788743285.2445285,5.852464323723389,-2.2737979564901885,0.0
map,21,156,1788743285.2445285,5.859115629974845,-2.249699750564691,0.0
map,21,157,1788743285.2445285,5.865962248729211,-2.225654950401708,0.0
map,21,158,1788743285.2445285,5.872831755667512,-2.20161777963337,0.0
map,21,159,1788743285.2445285,5.879722624910819,-2.177585186501819,0.0
map,21,160,1788743285.2445285,5.886604338880552,-2.153551067491339,0.0
map,21,161,1788743285.2445285,5.893510466913149,-2.129524577875504,0.0
map,21,162,1788743285.2445285,5.900415069066817,-2.10549656238074,0.0
map,21,163,1788743285.2445285,5.9073501887990645,-2.0814777021595496,0.0
map,21,164,1788743285.2445285,5.914401275329915,-2.057492411274797,0.0
map,21,165,1788743285.2445285,5.921469146528985,-2.0335132239057607,0.0
map,21,166,1788743285.2445285,5.928530914212338,-2.0095309847788663,0.0
map,21,167,1788743285.2445285,5.9356140442006975,-1.9855548491676878,0.0
map,21,168,1788743285.2445285,5.942694122431199,-1.9615787135565093,0.0
map,21,169,1788743285.2445285,5.949797088845635,-1.9376086814610467,0.0
map,21,170,1788743285.2445285,5.956901581139,-1.9136401752445131,0.0
map,21,171,1788743285.2445285,5.964102203804892,-1.8896991348487013,0.0
map,21,172,1788743285.2445285,5.971299774712925,-1.8657580944528895,0.0
map,21,173,1788743285.2445285,5.978514130289177,-1.8418216316938647,0.0
map,21,174,1788743285.2445285,5.985726959986501,-1.8178836430559109,0.0
map,21,175,1788743285.2445285,5.992959626109901,-1.793953283812602,0.0
map,21,176,1788743285.2445285,6.000192292233301,-1.770022924569293,0.0
map,21,177,1788743285.2445285,6.007446320661707,-1.7460971429627712,0.0
map,21,178,1788743285.2445285,6.0147308666686925,-1.7221835683876812,0.0
map,21,179,1788743285.2445285,6.022038300859613,-1.698274571449378,0.0
map,21,180,1788743285.2445285,6.0293472609294625,-1.674367100390004,0.0
map,21,181,1788743285.2445285,6.036676057425389,-1.650465732846346,0.0
map,21,182,1788743285.2445285,6.044021638589534,-1.6265689429394747,0.0
map,21,183,1788743285.2445285,6.051373323269395,-1.6026736789115326,0.0
map,21,184,1788743285.2445285,6.058743318496404,-1.5787845183993063,0.0
map,21,185,1788743285.2445285,6.066128572512703,-1.554901461402796,0.0
map,21,186,1788743285.2445285,6.07353213707615,-1.5310229820430727,0.0
map,21,187,1788743285.2445285,6.080943331034241,-1.5071460285622784,0.0
map,21,188,1788743285.2445285,6.088372835539481,-1.4832751785972,0.0
map,21,189,1788743285.2445285,6.095808443560436,-1.4594073803899796,0.0
map,21,190,1788743285.2445285,6.10326236212854,-1.4355441598195462,0.0
map,21,191,1788743285.2445285,6.110722384212359,-1.4116824651280417,0.0
map,21,192,1788743285.2445285,6.118202242722255,-1.3878283998311822,0.0
map,21,193,1788743285.2445285,6.125689730626796,-1.3639758604132517,0.0
map,21,194,1788743285.2445285,6.133195529078485,-1.3401294245110371,0.0
map,21,195,1788743285.2445285,6.14070743104589,-1.3162845144877515,0.0
map,21,196,1788743285.2445285,6.148237643560442,-1.2924457079801819,0.0
map,21,197,1788743285.2445285,6.155772433711782,-1.2686084273515412,0.0
map,21,198,1788743285.2445285,6.163311801499908,-1.2447711467229006,0.0
map,21,199,1788743285.2445285,6.170861850440538,-1.2209399696099759,0.0
map,21,200,1788743285.2445285,6.178431735807244,-1.1971133701338381,0.0
map,21,201,1788743285.2445285,6.1860092505685955,-1.1732882965366294,0.0
map,21,202,1788743285.2445285,6.193605075877095,-1.1494708523340655,0.0
map,21,203,1788743285.2445285,6.20120700470131,-1.1256549340104307,0.0
map,21,204,1788743285.2445285,6.208824192314815,-1.1018435933235828,0.0
map,21,205,1788743285.2445285,6.21644137992832,-1.078032252636735,0.0
map,21,206,1788743285.2445285,6.224069248694327,-1.054223963707745,0.0
map,21,207,1788743285.2445285,6.231716953886412,-1.0304217782944711,0.0
map,21,208,1788743285.2445285,6.239372288473142,-1.0066241705179841,0.0
map,21,209,1788743285.2445285,6.24704440772809,-0.9828296144993551,0.0
map,21,210,1788743285.2445285,6.254725682256613,-0.9590396361175131,0.0
map,21,211,1788743285.2445285,6.262419163816567,-0.935252709493529,0.0
map,21,212,1788743285.2445285,6.270100438345089,-0.911461205232758,0.0
map,21,213,1788743285.2445285,6.27780002342076,-0.8876758044877029,0.0
map,21,214,1788743285.2445285,6.285510289648933,-0.8638949813794348,0.0
map,21,215,1788743285.2445285,6.293240392303183,-0.8401202617868826,0.0
map,21,216,1788743285.2445285,6.300976598473149,-0.8163485939521884,0.0
map,21,217,1788743285.2445285,6.3087295893113335,-0.7925799778753522,0.0
map,21,218,1788743285.2445285,6.3164612178445125,-0.7688052582828,0.0
map,21,219,1788743285.2445285,6.324212682803768,-0.7450381680848928,0.0
map,21,220,1788743285.2445285,6.331977880673385,-0.7212741296448435,0.0
map,21,221,1788743285.2445285,6.33976138909015,-0.6975161947205102,0.0
map,21,222,1788743285.2445285,6.347554052780488,-0.6737628374329638,0.0
map,21,223,1788743285.2445285,6.3553619752601165,-0.6500125319032755,0.0
map,21,224,1788743285.2445285,6.363140906040094,-0.6262545969789421,0.0
map,21,225,1788743285.2445285,6.3709381473672195,-0.6025012396913958,0.0
map,21,226,1788743285.2445285,6.378756750999351,-0.5787555117984944,0.0
map,21,227,1788743285.2445285,6.386590613420772,-0.5550143615423799,0.0
map,21,228,1788743285.2445285,6.394441260510412,-0.5312793148019814,0.0
map,21,229,1788743285.2445285,6.402304114631484,-0.5075473198194409,0.0
map,21,230,1788743285.2445285,6.410180701662917,-0.48381990247368734,0.0
map,21,231,1788743285.2445285,6.41802677111577,-0.46008485573328883,0.0
map,21,232,1788743285.2445285,6.4258972546314865,-0.4363543866296773,0.0
map,21,233,1788743285.2445285,6.433781471057564,-0.4126315469207107,0.0
map,21,234,1788743285.2445285,6.44168399803079,-0.38891328484853105,0.0
map,21,235,1788743285.2445285,6.449598732035447,-0.36519960041313837,0.0
map,21,236,1788743285.2445285,6.457530250708324,-0.34149049361453265,0.0
map,21,237,1788743285.2445285,6.465420570650117,-0.31776765390556605,0.0
map,21,238,1788743285.2445285,6.473336830533704,-0.29405396947017337,0.0
map,21,239,1788743285.2445285,6.48126834920658,-0.27034638855049664,0.0
map,21,240,1788743285.2445285,6.489221230184462,-0.24664491114653586,0.0
map,21,241,1788743285.2445285,6.497186318193776,-0.22294801137936204,0.0
map,21,242,1788743285.2445285,6.505169716750238,-0.1992556892489752,0.0
map,21,243,1788743285.2445285,6.5131088648177595,-0.17554963420822745,0.0
map,21,244,1788743285.2445285,6.521072426948145,-0.15185273444105363,0.0
map,21,245,1788743285.2445285,6.5290604031413935,-0.12816346406852475,0.0
map,21,246,1788743285.2445285,6.537063638123932,-0.10447877133278283,0.0
map,21,247,1788743285.2445285,6.545085183653619,-0.08080018211275686,0.0
map,21,248,1788743285.2445285,6.553118936214737,-0.05712617052951785,0.0
map,21,249,1788743285.2445285,6.561167947565146,-0.03345826246199479,0.0
map,21,250,1788743285.2445285,6.5691772860634,-0.00977509560518186,0.0
map,21,251,1788743285.2445285,6.577211038624519,0.013898915978057147,0.0
map,21,252,1788743285.2445285,6.585263101732785,0.03756529816665122,0.0
map,21,253,1788743285.2445285,6.593335001267128,0.061227102718458326,0.0
map,21,254,1788743285.2445285,6.601420633711832,0.08488280375454949,0.0
map,21,255,1788743285.2445285,6.609521524945826,0.10853392715385368,0.0
map,21,256,1788743285.2445285,6.617565958659448,0.13220488697923471,0.0
map,21,257,1788743285.2445285,6.62563938407272,0.15586516565211284,0.0
map,21,258,1788743285.2445285,6.633734171790998,0.17951781493034602,0.0
map,21,259,1788743285.2445285,6.64185337357214,0.20316283481393427,0.0
map,21,260,1788743285.2445285,6.649987834142571,0.22680327706073555,0.0
map,21,261,1788743285.2445285,6.658140605260151,0.2504360899128919,0.0
map,21,262,1788743285.2445285,6.666232341220571,0.2740902650700541,0.0
map,21,263,1788743285.2445285,6.674353068880642,0.2977352849536423,0.0
map,21,264,1788743285.2445285,6.682502788240363,0.32136962368472766,0.0
map,21,265,1788743285.2445285,6.6906738699050905,0.34499633302116806,0.0
map,21,266,1788743285.2445285,6.698864787995895,0.3686169388418925,0.0
map,21,267,1788743285.2445285,6.707070964875989,0.392231441146901,0.0
map,21,268,1788743285.2445285,6.715206951325349,0.4158703575147733,0.0
map,21,269,1788743285.2445285,6.723376507111148,0.4394985927301427,0.0
map,21,270,1788743285.2445285,6.731575054596597,0.4631146209140802,0.0
map,21,271,1788743285.2445285,6.73979801614491,0.4867245455823017,0.0
map,21,272,1788743285.2445285,6.748042339998229,0.5103253149769493,0.0
map,21,273,1788743285.2445285,6.756304974398695,0.53392150673481,0.0
map,21,274,1788743285.2445285,6.764468426668778,0.5575512678291084,0.0
map,21,275,1788743285.2445285,6.772673077669943,0.5811657701341169,0.0
map,21,276,1788743285.2445285,6.780914349765403,0.6047680654076935,0.0
map,21,277,1788743285.2445285,6.789184613560515,0.6283612054076961,0.0
map,21,278,1788743285.2445285,6.797482343176348,0.6519436642551959,0.0
map,21,279,1788743285.2445285,6.805798383339329,0.6755200195869797,0.0
map,21,280,1788743285.2445285,6.814019819008713,0.6991299442552013,0.0
map,21,281,1788743285.2445285,6.822285505167038,0.7227230842552039,0.0
map,21,282,1788743285.2445285,6.830586286540729,0.7463055431027037,0.0
map,21,283,1788743285.2445285,6.838920637250858,0.7698757949187716,0.0
map,21,284,1788743285.2445285,6.847279402023851,0.7934353655823365,0.0
map,21,285,1788743285.2445285,6.855664106738637,0.8169888327301855,0.0
map,21,286,1788743285.2445285,6.863937422291606,0.8405789209723302,0.0
map,21,287,1788743285.2445285,6.872258040091374,0.864153750425185,0.0
map,21,288,1788743285.2445285,6.880618330743296,0.887714846967679,0.0
map,21,289,1788743285.2445285,6.8890152424895135,0.911262210599812,0.0
map,21,290,1788743285.2445285,6.897438094177524,0.9348004189583712,0.0
map,21,291,1788743285.2445285,6.905888411686256,0.9583294720433564,0.0
map,21,292,1788743285.2445285,6.914187667181018,0.9819119308908562,0.0
map,21,293,1788743285.2445285,6.922546431954011,1.00547302743335,0.0
map,21,294,1788743285.2445285,6.93095555073166,1.0290158134286962,0.0
map,21,295,1788743285.2445285,6.939407394119321,1.0525433406347524,0.0
map,21,296,1788743285.2445285,6.94789280684342,1.0760601866883057,0.0
map,21,297,1788743285.2445285,6.9564087371460985,1.0995648257104271,0.0
map,21,298,1788743285.2445285,6.964788864224097,1.1231182928582761,0.0
map,21,299,1788743285.2445285,6.973226974701397,1.1466519235800483,0.0
map,21,300,1788743285.2445285,6.981716965062283,1.1701657178757436,0.0
map,21,301,1788743285.2445285,6.990248154154251,1.193665779261078,0.0
map,21,302,1788743285.2445285,6.9988159643405154,1.2171505818571227,0.0
map,21,303,1788743285.2445285,7.00741276622643,1.2406262291795933,0.0
map,21,304,1788743285.2445285,7.015858506098375,1.2641568081435075,0.0
map,21,305,1788743285.2445285,7.024371384643196,1.287662973044558,0.0
map,21,306,1788743285.2445285,7.032937668950531,1.3111493015195315,0.0
map,21,307,1788743285.2445285,7.041548203746807,1.3346188453262862,0.0
map,21,308,1788743285.2445285,7.050198411395236,1.35807465622268,0.0
map,21,309,1788743285.2445285,7.058879136622245,1.3815197859665709,0.0
map,21,310,1788743285.2445285,7.067352342314912,1.4050396837779822,0.0
map,21,311,1788743285.2445285,7.07591404898546,1.4285275381318847,0.0
map,21,312,1788743285.2445285,7.084542894328884,1.4519925043018524,0.0
map,21,313,1788743285.2445285,7.09322819719268,1.4754345822878854,0.0
map,21,314,1788743285.2445285,7.1019608023032745,1.4988598756056994,0.0
map,21,315,1788743285.2445285,7.110731554387094,1.5222714360131526,0.0
map,21,316,1788743285.2445285,7.119331408030867,1.5457455574566943,0.0
map,21,317,1788743285.2445285,7.128010607378947,1.5691906872005852,0.0
map,21,318,1788743285.2445285,7.1367538936420445,1.5926114028816123,0.0
map,21,319,1788743285.2445285,7.145552111546586,1.6160122821365626,0.0
map,21,320,1788743285.2445285,7.1543930540611385,1.639397902602223,0.0
map,21,321,1788743285.2445285,7.162974597157763,1.6628781275614806,0.0
map,21,322,1788743285.2445285,7.1716660035372755,1.6863186796685845,0.0
map,21,323,1788743285.2445285,7.180439807378953,1.7097287141971087,0.0
map,21,324,1788743285.2445285,7.189285327530293,1.7331112829049111,0.0
map,21,325,1788743285.2445285,7.198187305202005,1.7564724893077077,0.0
map,21,326,1788743285.2445285,7.207136585120516,1.7798153851633565,0.0
map,21,327,1788743285.2445285,7.215713550580354,1.803298661880472,0.0
map,21,328,1788743285.2445285,7.2244446298120195,1.8267239551982861,0.0
map,21,329,1788743285.2445285,7.233282520568714,1.8501095756639465,0.0
map,21,330,1788743285.2445285,7.242213489940077,1.8734601009142402,0.0
map,21,331,1788743285.2445285,7.251217701500032,1.8967816344648831,0.0
map,21,332,1788743285.2445285,7.260282948217146,1.9200818057105202,0.0
map,21,333,1788743285.2445285,7.269085743758474,1.9434796332076125,0.0
map,21,334,1788743285.2445285,7.278009083735192,1.9668332102157642,0.0
map,21,335,1788743285.2445285,7.287034657600152,1.9901471143717622,0.0
map,21,336,1788743285.2445285,7.29613957716942,2.0134305009491804,0.0
map,21,337,1788743285.2445285,7.305310109532634,2.036687947584806,0.0
map,21,338,1788743285.2445285,7.314039662885371,2.060114766781549,0.0
map,21,339,1788743285.2445285,7.322958425225302,2.0834683437897006,0.0
map,21,340,1788743285.2445285,7.332006887274197,2.1067746185510536,0.0
map,21,341,1788743285.2445285,7.341172842000624,2.130033591065608,0.0
map,21,342,1788743285.2445285,7.350419668310288,2.153260520122654,0.0
map,21,343,1788743285.2445285,7.359745840324258,2.1764554057221908,0.0
map,21,344,1788743285.2445285,7.368397573851617,2.1999112166185846,0.0
map,21,345,1788743285.2445285,7.377291922128684,2.223275474779239,0.0
map,21,346,1788743285.2445285,7.386407522850455,2.2465542837198704,0.0
map,21,347,1788743285.2445285,7.395671133828337,2.2697751092612,0.0
map,21,348,1788743285.2445285,7.405064444515183,2.2929425290400154,0.0
map,21,349,1788743285.2445285,7.413887076482588,2.3163342530213917,0.0
map,21,350,1788743285.2445285,7.422972159625779,2.339623743114526,0.0
map,21,351,1788743285.2445285,7.432241874119377,2.3628430427769267,0.0
map,21,352,1788743285.2445285,7.441676383537306,2.385993677887523,0.0
map,21,353,1788743285.2445285,7.45122380799598,2.4091000625091787,0.0
map,21,354,1788743285.2445285,7.460864311069322,2.432165248399752,0.0
map,21,355,1788743285.2445285,7.469737297041384,2.4555386618339803,0.0
map,21,356,1788743285.2445285,7.478974968077473,2.478768642648884,0.0
map,21,357,1788743285.2445285,7.488421684526834,2.5019147001226933,0.0
map,21,358,1788743285.2445285,7.498065239358034,2.5249814118921954,0.0
map,21,359,1788743285.2445285,7.507830864503553,2.547994717899183,0.0
map,21,360,1788743285.2445285,7.515501457879573,2.571787748038883,0.0
map,21,361,1788743285.2445285,7.524050957518689,2.5952817059085014,0.0
map,21,362,1788743285.2445285,7.5330627984732885,2.6186001877012863,0.0
map,21,363,1788743285.2445285,7.542572075958738,2.641720305233303,0.0
map,21,364,1788743285.2445285,7.552305657646748,2.6647488700295803,0.0
map,21,365,1788743285.2445285,7.562242181232314,2.6876889338479764,0.0
map,21,366,1788743285.2445285,7.568603570487262,2.711866485477781,0.0
map,21,367,1788743285.2445285,7.57650304570263,2.735584747549961,0.0
map,21,368,1788743285.2445285,7.585087640557113,2.7590649725092184,0.0
map,21,369,1788743285.2445285,7.594386346750362,2.7822720651401873,0.0
map,21,370,1788743285.2445285,7.604066522675858,2.8053219922414705,0.0
map,21,371,1788743285.2445285,7.61446080994012,2.8280575882833823,0.0
map,21,372,1788743285.2445285,7.624214228054207,2.8510769978060857,0.0
map,21,373,1788743285.2445285,7.6317566476001915,2.8749112266768684,0.0
map,21,374,1788743285.2445285,7.640184076924989,2.8984479091564985,0.0
map,21,375,1788743285.2445285,7.649406489171788,2.921685519366047,0.0
map,21,376,1788743285.2445285,7.659236201232325,2.944671359552313,0.0
map,21,377,1788743285.2445285,7.668728694049555,2.9677991064789744,0.0
map,21,378,1788743285.2445285,7.677444514491931,2.9912320291914334,0.0
map,21,379,1788743285.2445285,7.686805781721269,3.0144131818806095,0.0
map,21,380,1788743285.2445285,7.69680944397971,3.037324253999355,0.0
map,21,381,1788743285.2445285,7.706993159951772,3.0601559804137928,0.0
map,21,382,1788743285.2445285,7.7225876426060225,3.079696385978405,0.0
map,21,383,1788743285.2445285,7.737486324468655,3.099770849168163,0.0
map,21,384,1788743285.2445285,7.752015743630473,3.1201153929283514,0.0
map,21,385,1788743285.2445285,7.769282589590894,3.1381955323579227,0.0
map,21,386,1788743285.2445285,7.7864868745152265,3.1563336551867955,0.0
map,21,387,1788743285.2445285,7.8023056613720385,3.1756924811588583,0.0
map,21,388,1788743285.2445285,7.818548642571109,3.194695777340467,0.0
map,21,389,1788743285.2445285,7.835080014887758,3.2134503552566507,0.0
map,21,390,1788743285.2445285,7.851368772454698,3.2324155044650347,0.0
map,21,391,1788743285.2445285,7.874276792815586,3.24242832199705,0.0
map,21,392,1788743285.2445285,7.894644224759709,3.2569241718224298,0.0
map,21,393,1788743285.2445285,7.912689268973914,3.2742276388771465,0.0
map,21,394,1788743285.2445285,7.9707,3.31,0.7715
map,22,0,1788743286.2728896,6.262689244386998,-5.9757724989585945,0.0
map,22,1,1788743286.2728896,6.257678257984203,-5.938432715687345,0.0
map,22,2,1788743286.2728896,6.255163609509232,-5.913559363265922,0.0
map,22,3,1788743286.2728896,6.2517197007665075,-5.888797400006315,0.0
map,22,4,1788743286.2728896,6.247383152850325,-5.864175817608174,0.0
map,22,5,1788743286.2728896,6.24180148772809,-5.839807531112246,0.0
map,22,6,1788743286.2728896,6.235070835772326,-5.8157306874917545,0.0
map,22,7,1788743286.2728896,6.226846348345084,-5.792122288702462,0.0
map,22,8,1788743286.2728896,6.217330967343919,-5.769003697049374,0.0
map,22,9,1788743286.2728896,6.207040439846828,-5.746219272881735,0.0
map,22,10,1788743286.2728896,6.196789585201891,-5.723418064045877,0.0
map,22,11,1788743286.2728896,6.186323581627967,-5.700714511461474,0.0
map,22,12,1788743286.2728896,6.175663791430061,-5.678100985733881,0.0
map,22,13,1788743286.2728896,6.164924655527848,-5.655525606979513,0.0
map,22,14,1788743286.2728896,6.154074130463819,-5.63300210810873,0.0
map,22,15,1788743286.2728896,6.143235812431222,-5.610474031601161,0.0
map,22,16,1788743286.2728896,6.132289156994666,-5.587997834977177,0.0
map,22,17,1788743286.2728896,6.121321139253105,-5.565532319505696,0.0
map,22,18,1788743286.2728896,6.110240206470799,-5.543121735675658,0.0
map,22,19,1788743286.2728896,6.099182161872427,-5.520700470693118,0.0
map,22,20,1788743286.2728896,6.0880478233276065,-5.498317352683802,0.0
map,22,21,1788743286.2728896,6.076843294352052,-5.475967804010924,0.0
map,22,22,1788743286.2728896,6.065617403071492,-5.453630462369478,0.0
map,22,23,1788743286.2728896,6.054315217844483,-5.431331267701257,0.0
map,22,24,1788743286.2728896,6.0429992997071125,-5.40903970242768,0.0
map,22,25,1788743286.2728896,6.03161166526008,-5.386783232369471,0.0
map,22,26,1788743286.2728896,6.020211823781615,-5.364534391705906,0.0
map,22,27,1788743286.2728896,6.0086899119888315,-5.3423481120784295,0.0
map,22,28,1788743286.2728896,5.997062714549948,-5.320215238213468,0.0
map,22,29,1788743286.2728896,5.985285980976023,-5.298163235931742,0.0
map,22,30,1788743286.2728896,5.973391754724567,-5.276173794686105,0.0
map,22,31,1788743286.2728896,5.961450226226312,-5.254210293382261,0.0
map,22,32,1788743286.2728896,5.948963958950408,-5.2325519678642145,0.0
map,22,33,1788743286.2728896,5.933969146715249,-5.21254769510519,0.0
map,22,34,1788743286.2728896,5.917790252431196,-5.193487941403209,0.0
map,22,35,1788743286.2728896,5.9044449153182725,-5.172348414721018,0.0
map,22,36,1788743286.2728896,5.889891082093591,-5.152022181507977,0.0
map,22,37,1788743286.2728896,5.873959380196034,-5.132754908271654,0.0
map,22,38,1788743286.2728896,5.858862334072633,-5.112828455338008,0.0
map,22,39,1788743286.2728896,5.840110807914307,-5.0962955571424295,0.0
map,22,40,1788743286.2728896,5.821177702163432,-5.079968652602265,0.0
map,22,41,1788743286.2728896,5.801693754119192,-5.06430397951728,0.0
map,22,42,1788743286.2728896,5.779779080941076,-5.052273950041144,0.0
map,22,43,1788743286.2728896,5.756994656773436,-5.041981896665124,0.0
map,22,44,1788743286.2728896,5.745744351430012,-5.01965676205511,0.0
map,22,45,1788743286.2728896,5.726312283269358,-5.003929527934037,0.0
map,22,46,1788743286.2728896,5.705473354736178,-4.990118797747773,0.0
map,22,47,1788743286.2728896,5.689231899416036,-4.971110923929377,0.0
map,22,48,1788743286.2728896,5.667630031418362,-4.958530052159876,0.0
map,22,49,1788743286.2728896,5.6466766619655075,-4.944893272171516,0.0
map,22,50,1788743286.2728896,5.627270533746646,-4.9291324687140055,0.0
map,22,51,1788743286.2728896,5.634219386389255,-4.905116660250673,0.0
map,22,52,1788743286.2728896,5.655450465807185,-4.8919178075149325,0.0
map,22,53,1788743286.2728896,5.644218471010909,-4.8695819917524155,0.0
map,22,54,1788743286.2728896,5.632394435190186,-4.847554403533554,0.0
map,22,55,1788743286.2728896,5.6188965101843635,-4.826512533102818,0.0
map,22,56,1788743286.2728896,5.597779871686107,-4.81312904901667,0.0
map,22,57,1788743286.2728896,5.578576685364801,-4.797122579051592,0.0
map,22,58,1788743286.2728896,5.582508875364802,-4.772433857980577,0.0
map,22,59,1788743286.2728896,5.565300012803682,-4.754300312788491,0.0
map,22,60,1788743286.2728896,5.5435302981238195,-4.742009358015498,0.0
map,22,61,1788743286.2728896,5.56848299624955,-4.743533711065556,0.0
map,22,62,1788743286.2728896,5.591860987320565,-4.734675983882784,0.0
map,22,63,1788743286.2728896,5.587941004351997,-4.709984211053911,0.0
map,22,64,1788743286.2728896,5.584759546785058,-4.685188678457866,0.0
map,22,65,1788743286.2728896,5.595782496168063,-4.662749102928178,0.0
map,22,66,1788743286.2728896,5.602818323909624,-4.638759234406638,0.0
map,22,67,1788743286.2728896,5.603112818542918,-4.613760759913038,0.0
map,22,68,1788743286.2728896,5.603538538764106,-4.588765337177296,0.0
map,22,69,1788743286.2728896,5.604626490440474,-4.563788224988702,0.0
map,22,70,1788743286.2728896,5.605662562233256,-4.538809586921179,0.0
map,22,71,1788743286.2728896,5.606086756575515,-4.513814164185437,0.0
map,22,72,1788743286.2728896,5.606549097890998,-4.488818741449695,0.0
map,22,73,1788743286.2728896,5.606959559322895,-4.463821792835024,0.0
map,22,74,1788743286.2728896,5.607397486575515,-4.438824844220353,0.0
map,22,75,1788743286.2728896,5.607798792733838,-4.413827895605682,0.0
map,22,76,1788743286.2728896,5.608222987076097,-4.3888324728699395,0.0
map,22,77,1788743286.2728896,5.614726283071441,-4.364693068213359,0.0
map,22,78,1788743286.2728896,5.620282008251884,-4.340318678201715,0.0
map,22,79,1788743286.2728896,5.622215296854911,-4.3153934458967065,0.0
map,22,80,1788743286.2728896,5.624739100603456,-4.290520093475283,0.0
map,22,81,1788743286.2728896,5.628149440009743,-4.265753552578889,0.0
map,22,82,1788743286.2728896,5.632020594852584,-4.2410556762343,0.0
map,22,83,1788743286.2728896,5.636392237984133,-4.216440197351876,0.0
map,22,84,1788743286.2728896,5.641111781511491,-4.191890331263398,0.0
map,22,85,1788743286.2728896,5.646121242035356,-4.167396922695293,0.0
map,22,86,1788743286.2728896,5.651402309008581,-4.142961497526489,0.0
map,22,87,1788743286.2728896,5.656864955574356,-4.118565745209839,0.0
map,22,88,1788743286.2728896,5.662545802826976,-4.0942203468978455,0.0
map,22,89,1788743286.2728896,5.668391445003927,-4.069913095559077,0.0
map,22,90,1788743286.2728896,5.673333766854917,-4.045405954080611,0.0
map,22,91,1788743286.2728896,5.674336269311262,-4.0204257901341585,0.0
map,22,92,1788743286.2728896,5.675996425586,-3.995482247282002,0.0
map,22,93,1788743286.2728896,5.678833034514987,-3.9706424641970166,0.0
map,22,94,1788743286.2728896,5.682208278705907,-3.9458713456638357,0.0
map,22,95,1788743286.2728896,5.686270168414872,-3.921203986897826,0.0
map,22,96,1788743286.2728896,5.690737941918947,-3.8966068185625495,0.0
map,22,97,1788743286.2728896,5.6956070215813455,-3.8720859441737225,0.0
map,22,98,1788743286.2728896,5.700781277029542,-3.847626104942055,0.0
map,22,99,1788743286.2728896,5.706198147227447,-3.823221197351831,0.0
map,22,100,1788743286.2728896,5.7118438992647,-3.7988666437662637,0.0
map,22,101,1788743286.2728896,5.717414883234433,-3.7744953055124775,0.0
map,22,102,1788743286.2728896,5.722076443362489,-3.749933232392568,0.0
map,22,103,1788743286.2728896,5.72233126514363,-3.7249347578989678,0.0
map,22,104,1788743286.2728896,5.723202542012082,-3.6999500163157286,0.0
map,22,105,1788743286.2728896,5.725355557180883,-3.675043094557868,0.0
map,22,106,1788743286.2728896,5.728053311127333,-3.6501880526835926,0.0
map,22,107,1788743286.2728896,5.731532315085424,-3.6254321929397015,0.0
map,22,108,1788743286.2728896,5.735438565143632,-3.600738894231899,0.0
map,22,109,1788743286.2728896,5.739749173118021,-3.576112734196972,0.0
map,22,110,1788743286.2728896,5.744450406098231,-3.551559816350636,0.0
map,22,111,1788743286.2728896,5.749444607832807,-3.527063356024673,0.0
map,22,112,1788743286.2728896,5.754687527832807,-3.5026187755822953,0.0
map,22,113,1788743286.2728896,5.760145596761795,-3.4782230232656453,0.0
map,22,114,1788743286.2728896,5.76431277211686,-3.4535724491678543,0.0
map,22,115,1788743286.2728896,5.767463712105219,-3.4287708130560937,0.0
map,22,116,1788743286.2728896,5.7673584264591184,-3.4037723385624936,0.0
map,22,117,1788743286.2728896,5.767912320510341,-3.3787784417056805,0.0
map,22,118,1788743286.2728896,5.771472196051668,-3.3540317372353634,0.0
map,22,119,1788743286.2728896,5.77413638066168,-3.329175169482159,0.0
map,22,120,1788743286.2728896,5.773808316691948,-3.304176694988559,0.0
map,22,121,1788743286.2728896,5.774102811325243,-3.279178220494959,0.0
map,22,122,1788743286.2728896,5.777218656098235,-3.2543735326253405,0.0
map,22,123,1788743286.2728896,5.779562406133159,-3.2294833955356985,0.0
map,22,124,1788743286.2728896,5.779206876342705,-3.2044864469210275,0.0
map,22,125,1788743286.2728896,5.7794357581820535,-3.1794879724274274,0.0
map,22,126,1788743286.2728896,5.782260160079609,-3.154648189342442,0.0
map,22,127,1788743286.2728896,5.784431485795558,-3.1297427934635103,0.0
map,22,128,1788743286.2728896,5.784228543898003,-3.1047427930909812,0.0
map,22,129,1788743286.2728896,5.784574918414883,-3.07974584447631,0.0
map,22,130,1788743286.2728896,5.787234525388108,-3.054887750844177,0.0
map,22,131,1788743286.2728896,5.789372281767619,-3.029979303207387,0.0
map,22,132,1788743286.2728896,5.789532499055163,-3.004979302834858,0.0
map,22,133,1788743286.2728896,5.79022982572571,-2.979988457735903,0.0
map,22,134,1788743286.2728896,5.792945890219308,-2.955136467619486,0.0
map,22,135,1788743286.2728896,5.795282010859587,-2.930246330529844,0.0
map,22,136,1788743286.2728896,5.796171598275187,-2.9052615889466047,0.0
map,22,137,1788743286.2728896,5.797578458647713,-2.8803012614262293,0.0
map,22,138,1788743286.2728896,5.800412015818843,-2.855463004220173,0.0
map,22,139,1788743286.2728896,5.803149442617446,-2.8306125399826847,0.0
map,22,140,1788743286.2728896,5.8054031657955605,-2.805714773498398,0.0
map,22,141,1788743286.2728896,5.80828249933456,-2.7808810939291284,0.0
map,22,142,1788743286.2728896,5.811792020871231,-2.7561298118220243,0.0
map,22,143,1788743286.2728896,5.815701322687296,-2.7314365131142218,0.0
map,22,144,1788743286.2728896,5.827317838973677,-2.709299061612473,0.0
map,22,145,1788743286.2728896,5.836735563723387,-2.6861407971072317,0.0
map,22,146,1788743286.2728896,5.832310514829324,-2.6615359993773104,0.0
map,22,147,1788743286.2728896,5.827212553327577,-2.637060901356353,0.0
map,22,148,1788743286.2728896,5.823912077204177,-2.6122791016706692,0.0
map,22,149,1788743286.2728896,5.819018583478915,-2.587762804918629,0.0
map,22,150,1788743286.2728896,5.811637907099403,-2.563876696164261,0.0
map,22,151,1788743286.2728896,5.8148178387874125,-2.5390811635682162,0.0
map,22,152,1788743286.2728896,5.835891752675657,-2.5256305408091926,0.0
map,22,153,1788743286.2728896,5.854747038601154,-2.5092136094122175,0.0
map,22,154,1788743286.2728896,5.870809966086604,-2.49005772533771,0.0
map,22,155,1788743286.2728896,5.861146574829327,-2.467000168841782,0.0
map,22,156,1788743286.2728896,5.85124209470127,-2.444046372113025,0.0
map,22,157,1788743286.2728896,5.854095488298476,-2.4192111666648266,0.0
map,22,158,1788743286.2728896,5.85671237066169,-2.3943484953959064,0.0
map,22,159,1788743286.2728896,5.857408171453308,-2.3693576502969513,0.0
map,22,160,1788743286.2728896,5.858117705155287,-2.3443668051979962,0.0
map,22,161,1788743286.2728896,5.858461027914309,-2.319369856583325,0.0
map,22,162,1788743286.2728896,5.858779936610468,-2.294371382089725,0.0
map,22,163,1788743286.2728896,5.8589126880772895,-2.269372907596125,0.0
map,22,164,1788743286.2728896,5.859004240813029,-2.244372907223596,0.0
map,22,165,1788743286.2728896,5.858976774992307,-2.219372906851067,0.0
map,22,166,1788743286.2728896,5.858897429288,-2.194372906478538,0.0
map,22,167,1788743286.2728896,5.858726530847953,-2.169372906106009,0.0
map,22,168,1788743286.2728896,5.858494597250747,-2.144374431612409,0.0
map,22,169,1788743286.2728896,5.864785796074962,-2.1201785694354562,0.0
map,22,170,1788743286.2728896,5.8711059865988275,-2.0959903366531485,0.0
map,22,171,1788743286.2728896,5.8772949515348,-2.071768534534403,0.0
map,22,172,1788743286.2728896,5.883543425749004,-2.0475619912049474,0.0
map,22,173,1788743286.2728896,5.889723235411402,-2.023338663207273,0.0
map,22,174,1788743286.2728896,5.895979339020251,-1.9991336457567463,0.0
map,22,175,1788743286.2728896,5.902206450929448,-1.9749209989115748,0.0
map,22,176,1788743286.2728896,5.908523589695456,-1.950732766129267,0.0
map,22,177,1788743286.2728896,5.915374786086609,-1.926689491845213,0.0
map,22,178,1788743286.2728896,5.922178680230964,-1.9026340105297272,0.0
map,22,179,1788743286.2728896,5.929005462559253,-1.8785846327299573,0.0
map,22,180,1788743286.2728896,5.93580630494575,-1.8545260996566135,0.0
map,22,181,1788743286.2728896,5.942642242547613,-1.8304797736147016,0.0
map,22,182,1788743286.2728896,5.949467498996974,-1.8064288699360027,0.0
map,22,183,1788743286.2728896,5.956335480056346,-1.7823916991676647,0.0
map,22,184,1788743286.2728896,5.963423187681492,-1.7584170894354152,0.0
map,22,185,1788743286.2728896,5.970529205853786,-1.7344470573399526,0.0
map,22,186,1788743286.2728896,5.977618439357862,-1.710473973486632,0.0
map,22,187,1788743286.2728896,5.984732086924801,-1.6865069931490275,0.0
map,22,188,1788743286.2728896,5.991839630976024,-1.662538486932494,0.0
map,22,189,1788743286.2728896,5.998976166726898,-1.6385791359895343,0.0
map,22,190,1788743286.2728896,6.006111176598843,-1.6146197850465747,0.0
map,22,191,1788743286.2728896,6.0133987743636865,-1.5907046845925557,0.0
map,22,192,1788743286.2728896,6.020675690976027,-1.5667880582596077,0.0
map,22,193,1788743286.2728896,6.027975495772303,-1.5428775354423756,0.0
map,22,194,1788743286.2728896,6.0352691970528625,-1.5189639608672856,0.0
map,22,195,1788743286.2728896,6.042587312396286,-1.4950595415657695,0.0
map,22,196,1788743286.2728896,6.04990390186078,-1.4711535963853244,0.0
map,22,197,1788743286.2728896,6.0572494830249255,-1.4472568064784532,0.0
map,22,198,1788743286.2728896,6.064665254619804,-1.4233829047555169,0.0
map,22,199,1788743286.2728896,6.0721023885196885,-1.3995151065482965,0.0
map,22,200,1788743286.2728896,6.079534944782786,-1.375645782462147,0.0
map,22,201,1788743286.2728896,6.086990389229818,-1.3517825618917136,0.0
map,22,202,1788743286.2728896,6.094464144223998,-1.3279254448369961,0.0
map,22,203,1788743286.2728896,6.1019424768549655,-1.3040713795401366,0.0
map,22,204,1788743286.2728896,6.109440645912009,-1.280221891880064,0.0
map,22,205,1788743286.2728896,6.116967806668704,-1.2563815594935654,0.0
map,22,206,1788743286.2728896,6.124514803851476,-1.2325488565017118,0.0
map,22,207,1788743286.2728896,6.132069430428892,-1.208717679388787,0.0
map,22,208,1788743286.2728896,6.139645419311314,-1.1848926057915783,0.0
map,22,209,1788743286.2728896,6.147227511709453,-1.1610690580732985,0.0
map,22,210,1788743286.2728896,6.154829440533668,-1.1372531397496637,0.0
map,22,211,1788743286.2728896,6.162437472873599,-1.1134387473049578,0.0
map,22,212,1788743286.2728896,6.1700683933974645,-1.089631984254897,0.0
map,22,213,1788743286.2728896,6.177709995073833,-1.065829798841623,0.0
map,22,214,1788743286.2728896,6.185372959055208,-1.042032191065136,0.0
map,22,215,1788743286.2728896,6.193045078310156,-1.018239160925436,0.0
map,22,216,1788743286.2728896,6.200737033991182,-0.9944507084225229,0.0
map,22,217,1788743286.2728896,6.208435093187923,-0.9706668335563968,0.0
map,22,218,1788743286.2728896,6.216149937052883,-0.9468860104481287,0.0
map,22,219,1788743286.2728896,6.223873936191417,-0.9231097649766475,0.0
map,22,220,1788743286.2728896,6.231620823513886,-0.8993396230208823,0.0
map,22,221,1788743286.2728896,6.239375340231,-0.8755725328229751,0.0
map,22,222,1788743286.2728896,6.24714969337419,-0.8518130720197128,0.0
map,22,223,1788743286.2728896,6.2549408311856,-0.8280581888532375,0.0
map,22,224,1788743286.2728896,6.2627167102077195,-0.8042972021710462,0.0
map,22,225,1788743286.2728896,6.270517003292703,-0.7805453707624288,0.0
map,22,226,1788743286.2728896,6.278332555166976,-0.7567981169905984,0.0
map,22,227,1788743286.2728896,6.286166417588397,-0.7330584926134129,0.0
map,22,228,1788743286.2728896,6.294014012920179,-0.7093219199940854,0.0
map,22,229,1788743286.2728896,6.30187839292018,-0.6855899250115449,0.0
map,22,230,1788743286.2728896,6.309751928193755,-0.6618625076657914,0.0
map,22,231,1788743286.2728896,6.317616308193756,-0.6381320385621798,0.0
map,22,232,1788743286.2728896,6.325497472861976,-0.6144076729742842,0.0
map,22,233,1788743286.2728896,6.33340152571413,-0.5906894109021046,0.0
map,22,234,1788743286.2728896,6.341316259718788,-0.5669757264667119,0.0
map,22,235,1788743286.2728896,6.349249304270593,-0.5432666196681062,0.0
map,22,236,1788743286.2728896,6.357191504095972,-0.5195620905062874,0.0
map,22,237,1788743286.2728896,6.365107763979559,-0.49584840607089475,0.0
map,22,238,1788743286.2728896,6.373043860289222,-0.472142351030147,0.0
map,22,239,1788743286.2728896,6.381005896540678,-0.4484439253840442,0.0
map,22,240,1788743286.2728896,6.388981665702495,-0.42475007737472836,0.0
map,22,241,1788743286.2728896,6.396978797169318,-0.40106385876005746,0.0
map,22,242,1788743286.2728896,6.40499271330436,-0.3773837436611025,0.0
map,22,243,1788743286.2728896,6.412966956587248,-0.35368836977285767,0.0
map,22,244,1788743286.2728896,6.420968665690857,-0.33000367703711575,0.0
map,22,245,1788743286.2728896,6.428991737099473,-0.30632661369601877,0.0
map,22,246,1788743286.2728896,6.437036170813094,-0.28265565387063774,0.0
map,22,247,1788743286.2728896,6.445097389194935,-0.25899079756097265,0.0
map,22,248,1788743286.2728896,6.453175392244994,-0.23533204476702352,0.0
map,22,249,1788743286.2728896,6.461265602326485,-0.21167786960986135,0.0
map,22,250,1788743286.2728896,6.46931919131368,-0.1880099615423383,0.0
map,22,251,1788743286.2728896,6.477397194363739,-0.16435120874838915,0.0
map,22,252,1788743286.2728896,6.485499611476662,-0.14070008534908496,0.0
map,22,253,1788743286.2728896,6.493620339136733,-0.1170565913444257,0.0
map,22,254,1788743286.2728896,6.5017609032228805,-0.09341920085548239,0.0
map,22,255,1788743286.2728896,6.50991367434046,-0.06978486212439705,0.0
map,22,256,1788743286.2728896,6.518026772605886,-0.046138316361879816,0.0
map,22,257,1788743286.2728896,6.526165810813104,-0.022500925872936506,0.0
map,22,258,1788743286.2728896,6.534330788962116,0.001128835221361868,0.0
map,22,259,1788743286.2728896,6.542512551779346,0.024752492799944292,0.0
map,22,260,1788743286.2728896,6.550715676901582,0.04836699510495279,0.0
map,22,261,1788743286.2728896,6.558938638449895,0.07197691977317433,0.0
map,22,262,1788743286.2728896,6.5671036165989065,0.09560515498854372,0.0
map,22,263,1788743286.2728896,6.575300638205427,0.11922423493033918,0.0
map,22,264,1788743286.2728896,6.58352359975374,0.14283263371963173,0.0
map,22,265,1788743286.2728896,6.591770975364916,0.16643340311427934,0.0
map,22,266,1788743286.2728896,6.600035135644312,0.190028068993211,0.0
map,22,267,1788743286.2728896,6.608320658228713,0.21361510547749774,0.0
map,22,268,1788743286.2728896,6.616548197413813,0.2372219783878613,0.0
map,22,269,1788743286.2728896,6.624807780056422,0.26081817014572195,0.0
map,22,270,1788743286.2728896,6.633093302640823,0.2844052066300087,0.0
map,22,271,1788743286.2728896,6.641404765167017,0.3079830878407215,0.0
map,22,272,1788743286.2728896,6.649734538240359,0.33155486553571833,0.0
map,22,273,1788743286.2728896,6.658082621860849,0.35511901383607025,0.0
map,22,274,1788743286.2728896,6.666363566808464,0.37870757619928597,0.0
map,22,275,1788743286.2728896,6.674681132850374,0.4022839315310698,0.0
map,22,276,1788743286.2728896,6.683024638834077,0.4258511315892797,0.0
map,22,277,1788743286.2728896,6.6913971365174305,0.44940765049498665,0.0
map,22,278,1788743286.2728896,6.699792522384719,0.4729550141271197,0.0
map,22,279,1788743286.2728896,6.708206218799155,0.4964978001224658,0.0
map,22,280,1788743286.2728896,6.716555828298574,0.5200619484228177,0.0
map,22,281,1788743286.2728896,6.724939007134431,0.5436138896917377,0.0
map,22,282,1788743286.2728896,6.733352703548867,0.5671551498081548,0.0
map,22,283,1788743286.2728896,6.741790814026167,0.590688780529927,0.0
map,22,284,1788743286.2728896,6.750253338566331,0.6142132559781253,0.0
map,22,285,1788743286.2728896,6.758732647774714,0.6377316279106076,0.0
map,22,286,1788743286.2728896,6.7671387147945055,0.6612759397848826,0.0
map,22,287,1788743286.2728896,6.775581402908593,0.6848065187487968,0.0
map,22,288,1788743286.2728896,6.784057660359117,0.7083264165602081,0.0
map,22,289,1788743286.2728896,6.792559857751435,0.7318356332191165,0.0
map,22,290,1788743286.2728896,6.801086469206616,0.7553372204833799,0.0
map,22,291,1788743286.2728896,6.809631391208946,0.7788311783529984,0.0
map,22,292,1788743286.2728896,6.818071027565175,0.8023632831958416,0.0
map,22,293,1788743286.2728896,6.8265594920471315,0.8258786033704659,0.0
map,22,294,1788743286.2728896,6.835087629381242,0.8493786647558004,0.0
map,22,295,1788743286.2728896,6.843650861930719,0.8728665191097029,0.0
map,22,296,1788743286.2728896,6.852241560300918,0.8963436923111026,0.0
map,22,297,1788743286.2728896,6.860856672733981,0.9198117102389283,0.0
map,22,298,1788743286.2728896,6.869372603036659,0.9433178751399787,0.0
map,22,299,1788743286.2728896,6.877937361465065,0.9668042036149522,0.0
map,22,300,1788743286.2728896,6.886541792745625,0.9902767991795649,0.0
map,22,301,1788743286.2728896,6.895181319241551,1.0137371877127457,0.0
map,22,302,1788743286.2728896,6.9038483115582,1.0371868950934235,0.0
map,22,303,1788743286.2728896,6.912541243816641,1.0606259213215985,0.0
map,22,304,1788743286.2728896,6.921124312792195,1.084107672159785,0.0
map,22,305,1788743286.2728896,6.929759261651334,1.1075680606929659,0.0
map,22,306,1788743286.2728896,6.938439986878343,1.1310131904368568,0.0
map,22,307,1788743286.2728896,6.947157333199648,1.1544430613914578,0.0
map,22,308,1788743286.2728896,6.955905197099533,1.177863777072485,0.0
map,22,309,1788743286.2728896,6.964524887169382,1.2013302691213816,0.0
map,22,310,1788743286.2728896,6.9732056123963915,1.2247738729863435,0.0
map,22,311,1788743286.2728896,6.981936691628057,1.2482006921830866,0.0
map,22,312,1788743286.2728896,6.990708969590806,1.2716107267116108,0.0
map,22,313,1788743286.2728896,6.999516342768921,1.295008554208703,0.0
map,22,314,1788743286.2728896,7.0083527076466865,1.3183941746743635,0.0
map,22,315,1788743286.2728896,7.0170471657840565,1.3418332009025384,0.0
map,22,316,1788743286.2728896,7.025805710836444,1.3652493389467786,0.0
map,22,317,1788743286.2728896,7.034617661651346,1.3886456405649419,0.0
map,22,318,1788743286.2728896,7.043473862955189,1.4120236316359573,0.0
map,22,319,1788743286.2728896,7.052365159474398,1.435389415675541,0.0
map,22,320,1788743286.2728896,7.061286973572187,1.4587429926836926,0.0
map,22,321,1788743286.2728896,7.070013475167066,1.4821698118804356,0.0
map,22,322,1788743286.2728896,7.078820848345181,1.505567639377528,0.0
map,22,323,1788743286.2728896,7.087699937832959,1.5289380010538984,0.0
map,22,324,1788743286.2728896,7.096632433083251,1.5522870004252631,0.0
map,22,325,1788743286.2728896,7.10561375645927,1.575619215128409,0.0
map,22,326,1788743286.2728896,7.114375353269516,1.5990338272937201,0.0
map,22,327,1788743286.2728896,7.1232300286944294,1.6224118183647356,0.0
map,22,328,1788743286.2728896,7.1321655757025795,1.6457608177361003,0.0
map,22,329,1788743286.2728896,7.141163683746818,1.6690854030446012,0.0
map,22,330,1788743286.2728896,7.150215197553571,1.6923886260480963,0.0
map,22,331,1788743286.2728896,7.159309435970336,1.7156765902623015,0.0
map,22,332,1788743286.2728896,7.1681610596373915,1.739057633091175,0.0
map,22,333,1788743286.2728896,7.17711339131376,1.7623990030678947,0.0
map,22,334,1788743286.2728896,7.1861572757258685,1.7857068037081767,0.0
map,22,335,1788743286.2728896,7.195266772931923,1.808987138527737,0.0
map,22,336,1788743286.2728896,7.204434253537279,1.8322461110422914,0.0
map,22,337,1788743286.2728896,7.21308293530678,1.8557019219386852,0.0
map,22,338,1788743286.2728896,7.221943714247409,1.8790799130097007,0.0
map,22,339,1788743286.2728896,7.230935718775932,1.9024060241971306,0.0
map,22,340,1788743286.2728896,7.240055897134489,1.9256833072588329,0.0
map,22,341,1788743286.2728896,7.249256947076283,1.9489285468630264,0.0
map,22,342,1788743286.2728896,7.258529713327739,1.9721447947675692,0.0
map,22,343,1788743286.2728896,7.267472889730534,1.995490742381076,0.0
map,22,344,1788743286.2728896,7.276561024631583,2.01878023247421,0.0
map,22,345,1788743286.2728896,7.285775807483738,2.0420208944416167,0.0
map,22,346,1788743286.2728896,7.295082143071632,2.0652234094357986,0.0
map,22,347,1788743286.2728896,7.304473927879549,2.088392355093543,0.0
map,22,348,1788743286.2728896,7.3132568869948,2.11179781198528,0.0
map,22,349,1788743286.2728896,7.32229771964905,2.135107138504491,0.0
map,22,350,1788743286.2728896,7.331498769590844,2.1583523781086846,0.0
map,22,351,1788743286.2728896,7.340860036820182,2.1815335307978607,0.0
map,22,352,1788743286.2728896,7.3503143826641875,2.204676536513812,0.0
map,22,353,1788743286.2728896,7.3598557036071455,2.227784447014397,0.0
map,22,354,1788743286.2728896,7.368450979614131,2.2512600943368675,0.0
map,22,355,1788743286.2728896,7.37746434644766,2.2745785761296524,0.0
map,22,356,1788743286.2728896,7.386703543362678,2.297808556944556,0.0
map,22,357,1788743286.2728896,7.396131949264891,2.3209622438130104,0.0
map,22,358,1788743286.2728896,7.405725150091435,2.3440487920085893,0.0
map,22,359,1788743286.2728896,7.412951712699119,2.367982203009756,0.0
map,22,360,1788743286.2728896,7.421128897879562,2.3916073864672676,0.0
map,22,361,1788743286.2728896,7.429800467832997,2.4150540420900874,0.0
map,22,362,1788743286.2728896,7.438961844922638,2.438314540483571,0.0
map,22,363,1788743286.2728896,7.448414664887714,2.4614590720784513,0.0
map,22,364,1788743286.2728896,7.458149772454654,2.4844861109957996,0.0
map,22,365,1788743286.2728896,7.463795524491907,2.508840664581367,0.0
map,22,366,1788743286.2728896,7.47103887176781,2.532767972066818,0.0
map,22,367,1788743286.2728896,7.479048210266065,2.556449613044702,0.0
map,22,368,1788743286.2728896,7.48799138666886,2.5797955606582086,0.0
map,22,369,1788743286.2728896,7.497343498624623,2.6029812909841716,0.0
map,22,370,1788743286.2728896,7.507402092524508,2.625867949040053,0.0
map,22,371,1788743286.2728896,7.516795403211354,2.6490353688188684,0.0
map,22,372,1788743286.2728896,7.525682122093777,2.672402678737381,0.0
map,22,373,1788743286.2728896,7.533027703257922,2.696299468644252,0.0
map,22,374,1788743286.2728896,7.541392571546631,2.719859039307817,0.0
map,22,375,1788743286.2728896,7.55105291104605,2.742916595803745,0.0
map,22,376,1788743286.2728896,7.5610855650041415,2.7658154608910586,0.0
map,22,377,1788743286.2728896,7.568779046564096,2.7896023875150426,0.0
map,22,378,1788743286.2728896,7.57716527715781,2.8131543287839627,0.0
map,22,379,1788743286.2728896,7.587411554165961,2.835958589377679,0.0
map,22,380,1788743286.2728896,7.597300775504728,2.858918489622152,0.0
map,22,381,1788743286.2728896,7.606237848391807,2.8822674889935165,0.0
map,22,382,1788743286.2728896,7.621640070301005,2.9019574306931695,0.0
map,22,383,1788743286.2728896,7.635876520708457,2.9225094939877003,0.0
map,22,384,1788743286.2728896,7.647546442757353,2.9446179537897983,0.0
map,22,385,1788743286.2728896,7.664047297495422,2.963398471647775,0.0
map,22,386,1788743286.2728896,7.6786148636304645,2.9837155495872416,0.0
map,22,387,1788743286.2728896,7.693284663653749,3.003959385338117,0.0
map,22,388,1788743286.2728896,7.708023128228838,3.024151341205407,0.0
map,22,389,1788743286.2728896,7.723042354526861,3.0441388292962124,0.0
map,22,390,1788743286.2728896,7.738098201919179,3.064095799808438,0.0
map,22,391,1788743286.2728896,7.752829037099623,3.084295385070373,0.0
map,22,392,1788743286.2728896,7.76785741867122,3.1042737178876045,0.0
map,22,393,1788743286.2728896,7.78268438422419,3.124403112718806,0.0
map,22,394,1788743286.2728896,7.797619687181118,3.144450110087842,0.0
map,22,395,1788743286.2728896,7.812643491115928,3.1644330205418605,0.0
map,22,396,1788743286.2728896,7.827368222780656,3.184637183440582,0.0
map,22,397,1788743286.2728896,7.842297422221868,3.204688758446405,0.0
map,22,398,1788743286.2728896,7.857402097739914,3.2246106337432643,0.0
map,22,399,1788743286.2728896,7.878688108799288,3.2377225113800527,0.0
map,22,400,1788743286.2728896,7.8969177843639,3.254830665931859,0.0
map,22,401,1788743286.2728896,7.912689268973914,3.2742276388771465,0.0
map,22,402,1788743286.2728896,7.9707,3.31,0.7715
map,23,0,1788743287.2965846,6.162689242896882,-5.625772493743188,0.0
map,23,1,1788743287.2965846,6.154626498636112,-5.59483377257904,0.0
map,23,2,1788743287.2965846,6.1503753999399535,-5.570198457270539,0.0
map,23,3,1788743287.2965846,6.144442782664051,-5.545911042357847,0.0
map,23,4,1788743287.2965846,6.1369675017909415,-5.522055451182059,0.0
map,23,5,1788743287.2965846,6.127351412780463,-5.498978058260054,0.0
map,23,6,1788743287.2965846,6.115493807623302,-5.476970306467269,0.0
map,23,7,1788743287.2965846,6.103350863106421,-5.455116668446312,0.0
map,23,8,1788743287.2965846,6.090991243781623,-5.433386626618603,0.0
map,23,9,1788743287.2965846,6.078640779730399,-5.411648955396249,0.0
map,23,10,1788743287.2965846,6.066020235108745,-5.390069975582509,0.0
map,23,11,1788743287.2965846,6.053456148007463,-5.368455900553403,0.0
map,23,12,1788743287.2965846,6.040763887076146,-5.346916593591818,0.0
map,23,13,1788743287.2965846,6.028108247239125,-5.325357450204155,0.0
map,23,14,1788743287.2965846,6.01529239011456,-5.303891385431161,0.0
map,23,15,1788743287.2965846,6.002392609648901,-5.282477200541752,0.0
map,23,16,1788743287.2965846,5.989527924398608,-5.261041653347338,0.0
map,23,17,1788743287.2965846,5.976571686412576,-5.239661037794367,0.0
map,23,18,1788743287.2965846,5.963621551942261,-5.218275844604609,0.0
map,23,19,1788743287.2965846,5.950508148426543,-5.196991359424164,0.0
map,23,20,1788743287.2965846,5.937261993444004,-5.175789271705884,0.0
map,23,21,1788743287.2965846,5.923005706610475,-5.1552524672006435,0.0
map,23,22,1788743287.2965846,5.909288055038878,-5.1343509776313745,0.0
map,23,23,1788743287.2965846,5.892114287693126,-5.116183863102851,0.0
map,23,24,1788743287.2965846,5.877815276249585,-5.09567757617619,0.0
map,23,25,1788743287.2965846,5.862689238426533,-5.0757724855475495,0.0
map,23,26,1788743287.2965846,5.812689237681475,-5.025772484802491,0.0
map,23,27,1788743287.2965846,5.762689236936417,-4.975772484057433,0.0
map,23,28,1788743287.2965846,5.712689236191359,-4.925772483312375,0.0
map,23,29,1788743287.2965846,5.662689235446301,-4.875772482567317,0.0
map,23,30,1788743287.2965846,5.667114284340364,-4.84129219640899,0.0
map,23,31,1788743287.2965846,5.649182155166905,-4.82387276255567,0.0
map,23,32,1788743287.2965846,5.628639247145948,-4.809625630995715,0.0
map,23,33,1788743287.2965846,5.6074249523962365,-4.796399312439252,0.0
map,23,34,1788743287.2965846,5.588296534142451,-4.780302815617365,0.0
map,23,35,1788743287.2965846,5.585101343665151,-4.75550728302132,0.0
map,23,36,1788743287.2965846,5.570648218449783,-4.735109333498617,0.0
map,23,37,1788743287.2965846,5.5534149418258,-4.716998676490466,0.0
map,23,38,1788743287.2965846,5.574217249264684,-4.7031345405416864,0.0
map,23,39,1788743287.2965846,5.5930465952483885,-4.686687091566132,0.0
map,23,40,1788743287.2965846,5.592282129904966,-4.6616992982250345,0.0
map,23,41,1788743287.2965846,5.591835047378773,-4.636702349610363,0.0
map,23,42,1788743287.2965846,5.5942550913601465,-4.611819841915366,0.0
map,23,43,1788743287.2965846,5.596827723234419,-4.586952593009659,0.0
map,23,44,1788743287.2965846,5.598867823362475,-4.562036515978225,0.0
map,23,45,1788743287.2965846,5.600811793118005,-4.537112809552145,0.0
map,23,46,1788743287.2965846,5.60172426871754,-4.512128067968906,0.0
map,23,47,1788743287.2965846,5.602680994806015,-4.487146378143525,0.0
map,23,48,1788743287.2965846,5.603460718938727,-4.462158584802427,0.0
map,23,49,1788743287.2965846,5.604272486528949,-4.437172317340259,0.0
map,23,50,1788743287.2965846,5.604988123746644,-4.412182998120233,0.0
map,23,51,1788743287.2965846,5.6057327526639895,-4.387193678900207,0.0
map,23,52,1788743287.2965846,5.606422449939892,-4.362202833801252,0.0
map,23,53,1788743287.2965846,5.607145716552232,-4.337213514581226,0.0
map,23,54,1788743287.2965846,5.60784151734385,-4.312222669482271,0.0
map,23,55,1788743287.2965846,5.608572413350835,-4.287234876141174,0.0
map,23,56,1788743287.2965846,5.609297205842104,-4.2622440310422185,0.0
map,23,57,1788743287.2965846,5.610060145306598,-4.237256237701121,0.0
map,23,58,1788743287.2965846,5.614169337262361,-4.2125965083297565,0.0
map,23,59,1788743287.2965846,5.618382288985295,-4.1879535636266105,0.0
map,23,60,1788743287.2965846,5.622634913560383,-4.1633182483181095,0.0
map,23,61,1788743287.2965846,5.626982142629068,-4.138698191798898,0.0
map,23,62,1788743287.2965846,5.631356837518474,-4.114084238795403,0.0
map,23,63,1788743287.2965846,5.6358169816279045,-4.089485544581198,0.0
map,23,64,1788743287.2965846,5.640303065679127,-4.064891428003779,0.0
map,23,65,1788743287.2965846,5.6448700213135865,-4.040312570215651,0.0
map,23,66,1788743287.2965846,5.6494629168898385,-4.015738290064309,0.0
map,23,67,1788743287.2965846,5.654129054654682,-3.9911777428233286,0.0
map,23,68,1788743287.2965846,5.658821132361318,-3.966621773219135,0.0
map,23,69,1788743287.2965846,5.663690212023717,-3.942099372951379,0.0
map,23,70,1788743287.2965846,5.668571498717547,-3.91758155032041,0.0
map,23,71,1788743287.2965846,5.6735046652949634,-3.893072882963015,0.0
map,23,72,1788743287.2965846,5.6784469871459535,-3.8685657414845487,0.0
map,23,73,1788743287.2965846,5.683436611243742,-3.8440692811585855,0.0
map,23,74,1788743287.2965846,5.688436916494034,-3.8195743467115513,0.0
map,23,75,1788743287.2965846,5.693481472233266,-3.795088567538091,0.0
map,23,76,1788743287.2965846,5.698536709125001,-3.7706043142435597,0.0
map,23,77,1788743287.2965846,5.703634670626748,-3.7461307421015313,0.0
map,23,78,1788743287.2965846,5.708741787402069,-3.721657169959503,0.0
map,23,79,1788743287.2965846,5.713945034549916,-3.6972049601224803,0.0
map,23,80,1788743287.2965846,5.7191513334556205,-3.672752750285458,0.0
map,23,81,1788743287.2965846,5.724389675818834,-3.64830816984308,0.0
map,23,82,1788743287.2965846,5.729632595818835,-3.6238635894007025,0.0
map,23,83,1788743287.2965846,5.734906033397415,-3.59942663835297,0.0
map,23,84,1788743287.2965846,5.740182522733853,-3.574989687305237,0.0
map,23,85,1788743287.2965846,5.7454895296488715,-3.5505588397732204,0.0
map,23,86,1788743287.2965846,5.750820950626753,-3.5261340957569196,0.0
map,23,87,1788743287.2965846,5.756161526878209,-3.501712403498477,0.0
map,23,88,1788743287.2965846,5.761526517192529,-3.477293762997892,0.0
map,23,89,1788743287.2965846,5.766893033385777,-3.452876648376236,0.0
map,23,90,1788743287.2965846,5.772285489520819,-3.428465637270296,0.0
map,23,91,1788743287.2965846,5.777690152687292,-3.4040561520432853,0.0
map,23,92,1788743287.2965846,5.7831177040377,-3.3796527703319903,0.0
map,23,93,1788743287.2965846,5.788555936540611,-3.3552509144996243,0.0
map,23,94,1788743287.2965846,5.794015531348528,-3.3308551621829743,0.0
map,23,95,1788743287.2965846,5.7994842814300185,-3.3064609357452532,0.0
map,23,96,1788743287.2965846,5.804971342058657,-3.28206976106539,0.0
map,23,97,1788743287.2965846,5.8104675579608696,-3.257681638143385,0.0
map,23,98,1788743287.2965846,5.815925626889857,-3.233284359947806,0.0
map,23,99,1788743287.2965846,5.821405058123851,-3.208893185267943,0.0
map,23,100,1788743287.2965846,5.826911955178566,-3.184506588224867,0.0
map,23,101,1788743287.2965846,5.832434111022572,-3.1601245688185777,0.0
map,23,102,1788743287.2965846,5.837979155050512,-3.1357471270490755,0.0
map,23,103,1788743287.2965846,5.843534880230955,-3.1113727370374313,0.0
map,23,104,1788743287.2965846,5.849111967716404,-3.087002924662574,0.0
map,23,105,1788743287.2965846,5.854698210475426,-3.062634638166646,0.0
map,23,106,1788743287.2965846,5.860302763781597,-3.0382709293075045,0.0
map,23,107,1788743287.2965846,5.865831023141318,-3.0138889099012154,0.0
map,23,108,1788743287.2965846,5.871391325958548,-2.9895160457685,0.0
map,23,109,1788743287.2965846,5.876972991080784,-2.965146233393643,0.0
map,23,110,1788743287.2965846,5.8825821220237415,-2.9407840504134306,0.0
map,23,111,1788743287.2965846,5.888206511755989,-2.9164249191910763,0.0
map,23,112,1788743287.2965846,5.893853789672171,-2.892070365605509,0.0
map,23,113,1788743287.2965846,5.899511748740856,-2.8677203896567285,0.0
map,23,114,1788743287.2965846,5.905189544235618,-2.843373465465806,0.0
map,23,115,1788743287.2965846,5.910876495003954,-2.8190280671538126,0.0
map,23,116,1788743287.2965846,5.916479522431196,-2.7946643582946713,0.0
map,23,117,1788743287.2965846,5.922111541558088,-2.770306752951246,0.0
map,23,118,1788743287.2965846,5.92777407826356,-2.7459567770024655,0.0
map,23,119,1788743287.2965846,5.933457977274038,-2.721611378690472,0.0
map,23,120,1788743287.2965846,5.93916629034738,-2.6972720838941946,0.0
map,23,121,1788743287.2965846,5.944888336331083,-2.672935840855775,0.0
map,23,122,1788743287.2965846,5.950631744619791,-2.6486041754541425,0.0
map,23,123,1788743287.2965846,5.9563858340610025,-2.624275561810368,0.0
map,23,124,1788743287.2965846,5.962158234049362,-2.5999515258033803,0.0
map,23,125,1788743287.2965846,5.967837555423053,-2.575604601612458,0.0
map,23,126,1788743287.2965846,5.973550446133181,-2.5512668326951093,0.0
map,23,127,1788743287.2965846,5.97929385442189,-2.526935167293477,0.0
map,23,128,1788743287.2965846,5.985058625015604,-2.502608079528631,0.0
map,23,129,1788743287.2965846,5.990847809672182,-2.4782886211584305,0.0
map,23,130,1788743287.2965846,5.996653778996979,-2.453972214546088,0.0
map,23,131,1788743287.2965846,6.002479584747853,-2.429660385570532,0.0
map,23,132,1788743287.2965846,6.008317597530159,-2.4053516083528343,0.0
map,23,133,1788743287.2965846,6.014044221150648,-2.381015365314415,0.0
map,23,134,1788743287.2965846,6.0198044141075755,-2.356688277549569,0.0
map,23,135,1788743287.2965846,6.0255981764009405,-2.3323688191793686,0.0
map,23,136,1788743287.2965846,6.031417878636098,-2.308055464324884,0.0
map,23,137,1788743287.2965846,6.037263520813049,-2.283748212986115,0.0
map,23,138,1788743287.2965846,6.043128999416076,-2.2594470651630623,0.0
map,23,139,1788743287.2965846,6.04901584032411,-2.2351489690978674,0.0
map,23,140,1788743287.2965846,6.054916414142504,-2.2108554506694595,0.0
map,23,141,1788743287.2965846,6.060835298508046,-2.1865665098778386,0.0
map,23,142,1788743287.2965846,6.066644319590701,-2.162251629144425,0.0
map,23,143,1788743287.2965846,6.07249148764658,-2.137944377805656,0.0
map,23,144,1788743287.2965846,6.078366121523182,-2.1136447558615323,0.0
map,23,145,1788743287.2965846,6.084268221220505,-2.0893512374331245,0.0
map,23,146,1788743287.2965846,6.090193209101763,-2.0650638225204325,0.0
map,23,147,1788743287.2965846,6.0961410851669555,-2.0407809852445276,0.0
map,23,148,1788743287.2965846,6.102104220021438,-2.0165027256054096,0.0
map,23,149,1788743287.2965846,6.108085665423069,-1.9922290436030785,0.0
map,23,150,1788743287.2965846,6.11394504051038,-1.9679248440221677,0.0
map,23,151,1788743287.2965846,6.119842562570916,-1.9436313255937598,0.0
map,23,152,1788743287.2965846,6.125772128088961,-1.919343910681068,0.0
map,23,153,1788743287.2965846,6.131730685306657,-1.895064125163021,0.0
map,23,154,1788743287.2965846,6.137713656587216,-1.8707904431606899,0.0
map,23,155,1788743287.2965846,6.14372104193064,-1.8465228646740748,0.0
map,23,156,1788743287.2965846,6.149743686063353,-1.8222598638242467,0.0
map,23,157,1788743287.2965846,6.155787692501072,-1.7980014406112055,0.0
map,23,158,1788743287.2965846,6.161843905970223,-1.7737460691560223,0.0
map,23,159,1788743287.2965846,6.167794833793273,-1.7494647577590463,0.0
map,23,160,1788743287.2965846,6.173780856831691,-1.7251926016356443,0.0
map,23,161,1788743287.2965846,6.179798923327617,-1.7009265490279581,0.0
map,23,162,1788743287.2965846,6.185844455644265,-1.676669651693846,0.0
map,23,163,1788743287.2965846,6.191912876144848,-1.6524173319965207,0.0
map,23,164,1788743287.2965846,6.198002658950436,-1.6281695899359825,0.0
map,23,165,1788743287.2965846,6.204109226424244,-1.6039264255122312,0.0
map,23,166,1788743287.2965846,6.210234104445199,-1.5796893646041958,0.0
map,23,167,1788743287.2965846,6.216241489788622,-1.5554217861175808,0.0
map,23,168,1788743287.2965846,6.22228702210527,-1.5311633629045396,0.0
map,23,169,1788743287.2965846,6.228363072000498,-1.5069125690861433,0.0
map,23,170,1788743287.2965846,6.234469639474305,-1.482670930541321,0.0
map,23,171,1788743287.2965846,6.240599095132048,-1.4584338696332857,0.0
map,23,172,1788743287.2965846,6.246751438973725,-1.4342029122409663,0.0
map,23,173,1788743287.2965846,6.252920567483621,-1.4099750066065049,0.0
map,23,174,1788743287.2965846,6.259108006540664,-1.3857532044877594,0.0
map,23,175,1788743287.2965846,6.26517184940446,-1.3614993589115052,0.0
map,23,176,1788743287.2965846,6.27127536512041,-1.337256194487754,0.0
map,23,177,1788743287.2965846,6.277412450172797,-1.3130206594586475,0.0
map,23,178,1788743287.2965846,6.283578526924835,-1.2887927538241861,0.0
map,23,179,1788743287.2965846,6.2897674918608075,-1.2645724775843696,0.0
map,23,180,1788743287.2965846,6.295982396738573,-1.2403567789813401,0.0
map,23,181,1788743287.2965846,6.3022140862845575,-1.2161456580150976,0.0
map,23,182,1788743287.2965846,6.30846408637769,-1.191939114685642,0.0
map,23,183,1788743287.2965846,6.314585912640787,-1.1677005278986776,0.0
map,23,184,1788743287.2965846,6.320747411756038,-1.1434726222642162,0.0
map,23,185,1788743287.2965846,6.326942480207727,-1.1192523460243997,0.0
map,23,186,1788743287.2965846,6.333169592116924,-1.0950396991792282,0.0
map,23,187,1788743287.2965846,6.3394211180889855,-1.0708331558497726,0.0
map,23,188,1788743287.2965846,6.3456970581239105,-1.046634241914962,0.0
map,23,189,1788743287.2965846,6.351989782827054,-1.0224399056169382,0.0
map,23,190,1788743287.2965846,6.358300818077346,-0.9982486210767725,0.0
map,23,191,1788743287.2965846,6.364482153618674,-0.974025293079098,0.0
map,23,192,1788743287.2965846,6.3707031620121555,-0.9498111203549975,0.0
map,23,193,1788743287.2965846,6.376957739742075,-0.9256061029044709,0.0
map,23,194,1788743287.2965846,6.383244360929503,-0.9014102407275182,0.0
map,23,195,1788743287.2965846,6.389556922058723,-0.8772204820662814,0.0
map,23,196,1788743287.2965846,6.39589084549295,-0.8530353010418317,0.0
map,23,197,1788743287.2965846,6.402244605353253,-0.8288562235330978,0.0
map,23,198,1788743287.2965846,6.408613624002847,-0.804681723661151,0.0
map,23,199,1788743287.2965846,6.414852942943476,-0.7804721285738374,0.0
map,23,200,1788743287.2965846,6.421133460615188,-0.7562747405179557,0.0
map,23,201,1788743287.2965846,6.427447547623338,-0.732084981856719,0.0
map,23,202,1788743287.2965846,6.433793678088996,-0.7079043784690562,0.0
map,23,203,1788743287.2965846,6.440164222617518,-0.6837298785971093,0.0
map,23,204,1788743287.2965846,6.4465576553299755,-0.6595599563619494,0.0
map,23,205,1788743287.2965846,6.452970924468509,-0.6353961376425055,0.0
map,23,206,1788743287.2965846,6.459397926517404,-0.6112368965598485,0.0
map,23,207,1788743287.2965846,6.465695228857335,-0.5870440861407538,0.0
map,23,208,1788743287.2965846,6.472035255807278,-0.562860430995233,0.0
map,23,209,1788743287.2965846,6.478410377972587,-0.5386874570022151,0.0
map,23,210,1788743287.2965846,6.484814491837547,-0.5145205865249132,0.0
map,23,211,1788743287.2965846,6.4912445456442995,-0.49036287132118517,0.0
map,23,212,1788743287.2965846,6.497694435877129,-0.46620820787531514,0.0
map,23,213,1788743287.2965846,6.504162636657107,-0.44205964794516106,0.0
map,23,214,1788743287.2965846,6.510647622105303,-0.41791566565179394,0.0
map,23,215,1788743287.2965846,6.51692051038237,-0.3937152258380543,0.0
map,23,216,1788743287.2965846,6.5232574855744545,-0.3695315706925335,0.0
map,23,217,1788743287.2965846,6.529640237134409,-0.3453601225784446,0.0
map,23,218,1788743287.2965846,6.5360657133043745,-0.3212008814957876,0.0
map,23,219,1788743287.2965846,6.542524758810778,-0.2970492698077756,0.0
map,23,220,1788743287.2965846,6.54901584777469,-0.27290681339333744,0.0
map,23,221,1788743287.2965846,6.55552524728575,-0.24876893461568628,0.0
map,23,222,1788743287.2965846,6.562056009101816,-0.22463715935375106,0.0
map,23,223,1788743287.2965846,6.568360940836392,-0.20044434893465635,0.0
map,23,224,1788743287.2965846,6.574728433607056,-0.17626984906270948,0.0
map,23,225,1788743287.2965846,6.581152383898093,-0.1521090821011235,0.0
map,23,226,1788743287.2965846,6.587619058799142,-0.12795899629204044,0.0
map,23,227,1788743287.2965846,6.594126932431273,-0.10382111751438927,0.0
map,23,228,1788743287.2965846,6.600662271884126,-0.07969086813138304,0.0
map,23,229,1788743287.2965846,6.607223551278771,-0.05556672226409276,0.0
map,23,230,1788743287.2965846,6.613511698345128,-0.03137086008714007,0.0
map,23,231,1788743287.2965846,6.619880716994722,-0.007196360215193209,0.0
map,23,232,1788743287.2965846,6.626309244922545,0.01696288086746378,0.0
map,23,233,1788743287.2965846,6.632795756249671,0.0411068631608309,0.0
map,23,234,1788743287.2965846,6.63932194042895,0.0652401643016951,0.0
map,23,235,1788743287.2965846,6.645884745702524,0.0893627842900564,0.0
map,23,236,1788743287.2965846,6.652471965038963,0.11348082664163073,0.0
map,23,237,1788743287.2965846,6.659082072559336,0.13759123959856012,0.0
map,23,238,1788743287.2965846,6.665229838764226,0.16182219699087952,0.0
map,23,239,1788743287.2965846,6.671516459951654,0.1860195850467612,0.0
map,23,240,1788743287.2965846,6.677888530359105,0.21019408491870806,0.0
map,23,241,1788743287.2965846,6.684349101744438,0.23434417072779112,0.0
map,23,242,1788743287.2965846,6.690863078892285,0.2584805236265133,0.0
map,23,243,1788743287.2965846,6.6974335135605045,0.2826016177359456,0.0
map,23,244,1788743287.2965846,6.704037517565162,0.306713556571804,0.0
map,23,245,1788743287.2965846,6.710691875574476,0.3308117624973015,0.0
map,23,246,1788743287.2965846,6.716445965015687,0.3551403761410761,0.0
map,23,247,1788743287.2965846,6.722454876238039,0.37940795462769117,0.0
map,23,248,1788743287.2965846,6.72861637535329,0.4036373861410816,0.0
map,23,249,1788743287.2965846,6.734939617635014,0.42782409304446034,0.0
map,23,250,1788743287.2965846,6.74136509380498,0.4519848600060463,0.0
map,23,251,1788743287.2965846,6.747915692047123,0.4761105317522656,0.0
map,23,252,1788743287.2965846,6.754518170172851,0.500222470588124,0.0
map,23,253,1788743287.2965846,6.761177105818952,0.5243206765136215,0.0
map,23,254,1788743287.2965846,6.766059918391711,0.5488384991445905,0.0
map,23,255,1788743287.2965846,6.771322674817789,0.5732785019501812,0.0
map,23,256,1788743287.2965846,6.776985211523261,0.5976284778989616,0.0
map,23,257,1788743287.2965846,6.782904095888803,0.6219174186905825,0.0
map,23,258,1788743287.2965846,6.789090009066918,0.6461407466882569,0.0
map,23,259,1788743287.2965846,6.795431561895789,0.6703228759548487,0.0
map,23,260,1788743287.2965846,6.8019241767386305,0.6944653323692869,0.0
map,23,261,1788743287.2965846,6.808508344317211,0.7185818488419322,0.0
map,23,262,1788743287.2965846,6.813291974759586,0.7431210337779071,0.0
map,23,263,1788743287.2965846,6.817070050987759,0.7678326430328575,0.0
map,23,264,1788743287.2965846,6.817343183316048,0.7928311175264575,0.0
map,23,265,1788743287.2965846,6.818391462140262,0.8178097555939807,0.0
map,23,266,1788743287.2965846,6.822862287402195,0.8424069239292571,0.0
map,23,267,1788743287.2965846,6.826515241558191,0.8671383696102843,0.0
map,23,268,1788743287.2965846,6.827395673700217,0.8921231111935235,0.0
map,23,269,1788743287.2965846,6.828889509171695,0.9170788610771119,0.0
map,23,270,1788743287.2965846,6.833049055132115,0.9417294351749028,0.0
map,23,271,1788743287.2965846,6.836560102547715,0.9664822431609359,0.0
map,23,272,1788743287.2965846,6.837803693874839,0.9914517259548852,0.0
map,23,273,1788743287.2965846,6.839633222710695,1.0163845876545388,0.0
map,23,274,1788743287.2965846,6.843409773059939,1.0410977227884182,0.0
map,23,275,1788743287.2965846,6.846916242838752,1.0658505307744512,0.0
map,23,276,1788743287.2965846,6.849169966016866,1.0907482972587381,0.0
map,23,277,1788743287.2965846,6.8521744216280425,1.1155667180387177,0.0
map,23,278,1788743287.2965846,6.8576065506152375,1.1399700997500126,0.0
map,23,279,1788743287.2965846,6.862521406645506,1.1644818188652657,0.0
map,23,280,1788743287.2965846,6.884558150137941,1.176287544138841,0.0
map,23,281,1788743287.2965846,6.904093978065767,1.1918881303088078,0.0
map,23,282,1788743287.2965846,6.920442244910937,1.2108013996336062,0.0
map,23,283,1788743287.2965846,6.918049666750285,1.2356869590864612,0.0
map,23,284,1788743287.2965846,6.914849898636199,1.260480965803577,0.0
map,23,285,1788743287.2965846,6.912110945958666,1.2853299041621362,0.0
map,23,286,1788743287.2965846,6.9085831138748475,1.3100796603903113,0.0
map,23,287,1788743287.2965846,6.904705855516291,1.3347775367349008,0.0
map,23,288,1788743287.2965846,6.914453170114662,1.3577984721365333,0.0
map,23,289,1788743287.2965846,6.923786971523278,1.3809903059782123,0.0
map,23,290,1788743287.2965846,6.933195540999414,1.4041531481202405,0.0
map,23,291,1788743287.2965846,6.942381332151918,1.42740449124015,0.0
map,23,292,1788743287.2965846,6.9517029265291015,1.450602428597545,0.0
map,23,293,1788743287.2965846,6.96113743594703,1.4737530637081413,0.0
map,23,294,1788743287.2965846,6.971090744200815,1.4966854981318924,0.0
map,23,295,1788743287.2965846,6.981091354701398,1.5195980961295668,0.0
map,23,296,1788743287.2965846,6.991023300650177,1.5425412117058208,0.0
map,23,297,1788743287.2965846,7.001026962908618,1.5654522838245661,0.0
map,23,298,1788743287.2965846,7.010997055830622,1.5883786147326013,0.0
map,23,299,1788743287.2965846,7.021189927076257,1.6112072893891813,0.0
map,23,300,1788743287.2965846,7.031376694806177,1.6340359640457613,0.0
map,23,301,1788743287.2965846,7.041642808240404,1.6568325952448326,0.0
map,23,302,1788743287.2965846,7.051896714643199,1.6796322782017619,0.0
map,23,303,1788743287.2965846,7.0622284408713725,1.7023968659433244,0.0
map,23,304,1788743287.2965846,7.072552537704901,1.725166031321674,0.0
map,23,305,1788743287.2965846,7.082972764910956,1.7478909462110828,0.0
map,23,306,1788743287.2965846,7.09346928606346,1.770580765885125,0.0
map,23,307,1788743287.2965846,7.103990221278828,1.7932583785277352,0.0
map,23,308,1788743287.2965846,7.114431810789888,1.8159741381435701,0.0
map,23,309,1788743287.2965846,7.124958849520972,1.8386502249072514,0.0
map,23,310,1788743287.2965846,7.135583544503511,1.861279009424134,0.0
map,23,311,1788743287.2965846,7.146247912338204,1.8838910092727978,0.0
map,23,312,1788743287.2965846,7.156991625877204,1.906464862148237,0.0
map,23,313,1788743287.2965846,7.167607165586169,1.9290982243019066,0.0
map,23,314,1788743287.2965846,7.178338672093737,1.9516781806930616,0.0
map,23,315,1788743287.2965846,7.189128162000607,1.974230671263495,0.0
map,23,316,1788743287.2965846,7.200004627006429,1.9967404372239166,0.0
map,23,317,1788743287.2965846,7.210952808321913,2.0192151079689715,0.0
map,23,318,1788743287.2965846,7.221780445202008,2.041749287992257,0.0
map,23,319,1788743287.2965846,7.232717945364989,2.064230062253028,0.0
map,23,320,1788743287.2965846,7.243719532442988,2.08667879305629,0.0
map,23,321,1788743287.2965846,7.254800465225294,2.1090878510073985,0.0
map,23,322,1788743287.2965846,7.265712025446483,2.1315823581785303,0.0
map,23,323,1788743287.2965846,7.2767487077398485,2.1540143043135735,0.0
map,23,324,1788743287.2965846,7.2878601581007345,2.176408103475392,0.0
map,23,325,1788743287.2965846,7.299061635318431,2.198759178027199,0.0
map,23,326,1788743287.2965846,7.310336354724718,2.2210721056057814,0.0
map,23,327,1788743287.2965846,7.321466115632752,2.243458275372955,0.0
map,23,328,1788743287.2965846,7.332711843339389,2.265786461740827,0.0
map,23,329,1788743287.2965846,7.3440292873556885,2.2880780270144037,0.0
map,23,330,1788743287.2965846,7.355427602955224,2.3103283935568975,0.0
map,23,331,1788743287.2965846,7.36664433896221,2.3326703128351305,0.0
map,23,332,1788743287.2965846,7.377987722920302,2.354949671077275,0.0
map,23,333,1788743287.2965846,7.38941350434056,2.377184778830479,0.0
map,23,334,1788743287.2965846,7.4009262608597695,2.3993771619736712,0.0
map,23,335,1788743287.2965846,7.412509207809713,2.421531398143639,0.0
map,23,336,1788743287.2965846,7.42395024801926,2.443758876502198,0.0
map,23,337,1788743287.2965846,7.435505729148481,2.4659283714614553,0.0
map,23,338,1788743287.2965846,7.447139030103081,2.48805666768963,0.0
map,23,339,1788743287.2965846,7.458845573246272,2.51014681694458,0.0
map,23,340,1788743287.2965846,7.470382743828345,2.5323254671774116,0.0
map,23,341,1788743287.2965846,7.48203893296688,2.5544415563741545,0.0
map,23,342,1788743287.2965846,7.493783623083296,2.5765118692030278,0.0
map,23,343,1788743287.2965846,7.505603081267232,2.5985409833008184,0.0
map,23,344,1788743287.2965846,7.517219597553613,2.620678434802567,0.0
map,23,345,1788743287.2965846,7.528970391185744,2.6427441699946534,0.0
map,23,346,1788743287.2965846,7.540826470463976,2.6647534476663672,0.0
map,23,347,1788743287.2965846,7.5527573178097285,2.6867230524859274,0.0
map,23,348,1788743287.2965846,7.563720757914503,2.7091916197152663,0.0
map,23,349,1788743287.2965846,7.575170953397624,2.7314160463159673,0.0
map,23,350,1788743287.2965846,7.586868341267241,2.7535092473287754,0.0
map,23,351,1788743287.2965846,7.59881902503907,2.7754681709958327,0.0
map,23,352,1788743287.2965846,7.610887201488431,2.7973630077478724,0.0
map,23,353,1788743287.2965846,7.622239740720097,2.819636262474301,0.0
map,23,354,1788743287.2965846,7.634010370778306,2.8416913165138844,0.0
map,23,355,1788743287.2965846,7.646034296738726,2.863610567328788,0.0
map,23,356,1788743287.2965846,7.658273371628134,2.8854092737083015,0.0
map,23,357,1788743287.2965846,7.669873103246296,2.907555880483624,0.0
map,23,358,1788743287.2965846,7.681939753816728,2.929450717235664,0.0
map,23,359,1788743287.2965846,7.694223079195076,2.9512250095523136,0.0
map,23,360,1788743287.2965846,7.713470516005323,2.9671795996338055,0.0
map,23,361,1788743287.2965846,7.723378047891238,2.9901333963625625,0.0
map,23,362,1788743287.2965846,7.734416256063533,3.012563816618677,0.0
map,23,363,1788743287.2965846,7.746546993548982,3.03442355815535,0.0
map,23,364,1788743287.2965846,7.759271297937808,3.0559430286908587,0.0
map,23,365,1788743287.2965846,7.769250546133385,3.078864781962107,0.0
map,23,366,1788743287.2965846,7.780458126866797,3.101211278877127,0.0
map,23,367,1788743287.2965846,7.792744504003004,3.1229840453148476,0.0
map,23,368,1788743287.2965846,7.805955563770176,3.144209021217062,0.0
map,23,369,1788743287.2965846,7.825894223735254,3.159289282672244,0.0
map,23,370,1788743287.2965846,7.835270749753882,3.182464331845704,0.0
map,23,371,1788743287.2965846,7.848138486762032,3.2038983531611898,0.0
map,23,372,1788743287.2965846,7.862689268228856,3.2242276381320885,0.0
map,23,373,1788743287.2965846,7.912689268973914,3.2742276388771465,0.0
map,23,374,1788743287.2965846,7.9707,3.31,0.7715
map,24,0,1788743288.3192112,6.162689242896882,-5.625772493743188,0.0
map,24,1,1788743288.3192112,6.154626498636112,-5.59483377257904,0.0
map,24,2,1788743288.3192112,6.1503753999399535,-5.570198457270539,0.0
map,24,3,1788743288.3192112,6.144442782664051,-5.545911042357847,0.0
map,24,4,1788743288.3192112,6.1369675017909415,-5.522055451182059,0.0
map,24,5,1788743288.3192112,6.127351412780463,-5.498978058260054,0.0
map,24,6,1788743288.3192112,6.115493807623302,-5.476970306467269,0.0
map,24,7,1788743288.3192112,6.103350863106421,-5.455116668446312,0.0
map,24,8,1788743288.3192112,6.090991243781623,-5.433386626618603,0.0
map,24,9,1788743288.3192112,6.078640779730399,-5.411648955396249,0.0
map,24,10,1788743288.3192112,6.066020235108745,-5.390069975582509,0.0
map,24,11,1788743288.3192112,6.053456148007463,-5.368455900553403,0.0
map,24,12,1788743288.3192112,6.040763887076146,-5.346916593591818,0.0
map,24,13,1788743288.3192112,6.028108247239125,-5.325357450204155,0.0
map,24,14,1788743288.3192112,6.01529239011456,-5.303891385431161,0.0
map,24,15,1788743288.3192112,6.002392609648901,-5.282477200541752,0.0
map,24,16,1788743288.3192112,5.989527924398608,-5.261041653347338,0.0
map,24,17,1788743288.3192112,5.976571686412576,-5.239661037794367,0.0
map,24,18,1788743288.3192112,5.963621551942261,-5.218275844604609,0.0
map,24,19,1788743288.3192112,5.950508148426543,-5.196991359424164,0.0
map,24,20,1788743288.3192112,5.937261993444004,-5.175789271705884,0.0
map,24,21,1788743288.3192112,5.923005706610475,-5.1552524672006435,0.0
map,24,22,1788743288.3192112,5.909288055038878,-5.1343509776313745,0.0
map,24,23,1788743288.3192112,5.892114287693126,-5.116183863102851,0.0
map,24,24,1788743288.3192112,5.877815276249585,-5.09567757617619,0.0
map,24,25,1788743288.3192112,5.862689238426533,-5.0757724855475495,0.0
map,24,26,1788743288.3192112,5.812689237681475,-5.025772484802491,0.0
map,24,27,1788743288.3192112,5.762689236936417,-4.975772484057433,0.0
map,24,28,1788743288.3192112,5.712689236191359,-4.925772483312375,0.0
map,24,29,1788743288.3192112,5.662689235446301,-4.875772482567317,0.0
map,24,30,1788743288.3192112,5.667114284340364,-4.84129219640899,0.0
map,24,31,1788743288.3192112,5.649182155166905,-4.82387276255567,0.0
map,24,32,1788743288.3192112,5.628639247145948,-4.809625630995715,0.0
map,24,33,1788743288.3192112,5.6074249523962365,-4.796399312439252,0.0
map,24,34,1788743288.3192112,5.588296534142451,-4.780302815617365,0.0
map,24,35,1788743288.3192112,5.585101343665151,-4.75550728302132,0.0
map,24,36,1788743288.3192112,5.570648218449783,-4.735109333498617,0.0
map,24,37,1788743288.3192112,5.5534149418258,-4.716998676490466,0.0
map,24,38,1788743288.3192112,5.574217249264684,-4.7031345405416864,0.0
map,24,39,1788743288.3192112,5.5930465952483885,-4.686687091566132,0.0
map,24,40,1788743288.3192112,5.592282129904966,-4.6616992982250345,0.0
map,24,41,1788743288.3192112,5.591835047378773,-4.636702349610363,0.0
map,24,42,1788743288.3192112,5.5942550913601465,-4.611819841915366,0.0
map,24,43,1788743288.3192112,5.596827723234419,-4.586952593009659,0.0
map,24,44,1788743288.3192112,5.598867823362475,-4.562036515978225,0.0
map,24,45,1788743288.3192112,5.600811793118005,-4.537112809552145,0.0
map,24,46,1788743288.3192112,5.60172426871754,-4.512128067968906,0.0
map,24,47,1788743288.3192112,5.602680994806015,-4.487146378143525,0.0
map,24,48,1788743288.3192112,5.603460718938727,-4.462158584802427,0.0
map,24,49,1788743288.3192112,5.604272486528949,-4.437172317340259,0.0
map,24,50,1788743288.3192112,5.604988123746644,-4.412182998120233,0.0
map,24,51,1788743288.3192112,5.6057327526639895,-4.387193678900207,0.0
map,24,52,1788743288.3192112,5.606422449939892,-4.362202833801252,0.0
map,24,53,1788743288.3192112,5.607145716552232,-4.337213514581226,0.0
map,24,54,1788743288.3192112,5.60784151734385,-4.312222669482271,0.0
map,24,55,1788743288.3192112,5.608572413350835,-4.287234876141174,0.0
map,24,56,1788743288.3192112,5.609297205842104,-4.2622440310422185,0.0
map,24,57,1788743288.3192112,5.610060145306598,-4.237256237701121,0.0
map,24,58,1788743288.3192112,5.614169337262361,-4.2125965083297565,0.0
map,24,59,1788743288.3192112,5.618382288985295,-4.1879535636266105,0.0
map,24,60,1788743288.3192112,5.622634913560383,-4.1633182483181095,0.0
map,24,61,1788743288.3192112,5.626982142629068,-4.138698191798898,0.0
map,24,62,1788743288.3192112,5.631356837518474,-4.114084238795403,0.0
map,24,63,1788743288.3192112,5.6358169816279045,-4.089485544581198,0.0
map,24,64,1788743288.3192112,5.640303065679127,-4.064891428003779,0.0
map,24,65,1788743288.3192112,5.6448700213135865,-4.040312570215651,0.0
map,24,66,1788743288.3192112,5.6494629168898385,-4.015738290064309,0.0
map,24,67,1788743288.3192112,5.654129054654682,-3.9911777428233286,0.0
map,24,68,1788743288.3192112,5.658821132361318,-3.966621773219135,0.0
map,24,69,1788743288.3192112,5.663690212023717,-3.942099372951379,0.0
map,24,70,1788743288.3192112,5.668571498717547,-3.91758155032041,0.0
map,24,71,1788743288.3192112,5.6735046652949634,-3.893072882963015,0.0
map,24,72,1788743288.3192112,5.6784469871459535,-3.8685657414845487,0.0
map,24,73,1788743288.3192112,5.683436611243742,-3.8440692811585855,0.0
map,24,74,1788743288.3192112,5.688436916494034,-3.8195743467115513,0.0
map,24,75,1788743288.3192112,5.693481472233266,-3.795088567538091,0.0
map,24,76,1788743288.3192112,5.698536709125001,-3.7706043142435597,0.0
map,24,77,1788743288.3192112,5.703634670626748,-3.7461307421015313,0.0
map,24,78,1788743288.3192112,5.708741787402069,-3.721657169959503,0.0
map,24,79,1788743288.3192112,5.713945034549916,-3.6972049601224803,0.0
map,24,80,1788743288.3192112,5.7191513334556205,-3.672752750285458,0.0
map,24,81,1788743288.3192112,5.724389675818834,-3.64830816984308,0.0
map,24,82,1788743288.3192112,5.729632595818835,-3.6238635894007025,0.0
map,24,83,1788743288.3192112,5.734906033397415,-3.59942663835297,0.0
map,24,84,1788743288.3192112,5.740182522733853,-3.574989687305237,0.0
map,24,85,1788743288.3192112,5.7454895296488715,-3.5505588397732204,0.0
map,24,86,1788743288.3192112,5.750820950626753,-3.5261340957569196,0.0
map,24,87,1788743288.3192112,5.756161526878209,-3.501712403498477,0.0
map,24,88,1788743288.3192112,5.761526517192529,-3.477293762997892,0.0
map,24,89,1788743288.3192112,5.766893033385777,-3.452876648376236,0.0
map,24,90,1788743288.3192112,5.772285489520819,-3.428465637270296,0.0
map,24,91,1788743288.3192112,5.777690152687292,-3.4040561520432853,0.0
map,24,92,1788743288.3192112,5.7831177040377,-3.3796527703319903,0.0
map,24,93,1788743288.3192112,5.788555936540611,-3.3552509144996243,0.0
map,24,94,1788743288.3192112,5.794015531348528,-3.3308551621829743,0.0
map,24,95,1788743288.3192112,5.7994842814300185,-3.3064609357452532,0.0
map,24,96,1788743288.3192112,5.804971342058657,-3.28206976106539,0.0
map,24,97,1788743288.3192112,5.8104675579608696,-3.257681638143385,0.0
map,24,98,1788743288.3192112,5.815925626889857,-3.233284359947806,0.0
map,24,99,1788743288.3192112,5.821405058123851,-3.208893185267943,0.0
map,24,100,1788743288.3192112,5.826911955178566,-3.184506588224867,0.0
map,24,101,1788743288.3192112,5.832434111022572,-3.1601245688185777,0.0
map,24,102,1788743288.3192112,5.837979155050512,-3.1357471270490755,0.0
map,24,103,1788743288.3192112,5.843534880230955,-3.1113727370374313,0.0
map,24,104,1788743288.3192112,5.849111967716404,-3.087002924662574,0.0
map,24,105,1788743288.3192112,5.854698210475426,-3.062634638166646,0.0
map,24,106,1788743288.3192112,5.860302763781597,-3.0382709293075045,0.0
map,24,107,1788743288.3192112,5.865831023141318,-3.0138889099012154,0.0
map,24,108,1788743288.3192112,5.871391325958548,-2.9895160457685,0.0
map,24,109,1788743288.3192112,5.876972991080784,-2.965146233393643,0.0
map,24,110,1788743288.3192112,5.8825821220237415,-2.9407840504134306,0.0
map,24,111,1788743288.3192112,5.888206511755989,-2.9164249191910763,0.0
map,24,112,1788743288.3192112,5.893853789672171,-2.892070365605509,0.0
map,24,113,1788743288.3192112,5.899511748740856,-2.8677203896567285,0.0
map,24,114,1788743288.3192112,5.905189544235618,-2.843373465465806,0.0
map,24,115,1788743288.3192112,5.910876495003954,-2.8190280671538126,0.0
map,24,116,1788743288.3192112,5.916479522431196,-2.7946643582946713,0.0
map,24,117,1788743288.3192112,5.922111541558088,-2.770306752951246,0.0
map,24,118,1788743288.3192112,5.92777407826356,-2.7459567770024655,0.0
map,24,119,1788743288.3192112,5.933457977274038,-2.721611378690472,0.0
map,24,120,1788743288.3192112,5.93916629034738,-2.6972720838941946,0.0
map,24,121,1788743288.3192112,5.944888336331083,-2.672935840855775,0.0
map,24,122,1788743288.3192112,5.950631744619791,-2.6486041754541425,0.0
map,24,123,1788743288.3192112,5.9563858340610025,-2.624275561810368,0.0
map,24,124,1788743288.3192112,5.962158234049362,-2.5999515258033803,0.0
map,24,125,1788743288.3192112,5.967837555423053,-2.575604601612458,0.0
map,24,126,1788743288.3192112,5.973550446133181,-2.5512668326951093,0.0
map,24,127,1788743288.3192112,5.97929385442189,-2.526935167293477,0.0
map,24,128,1788743288.3192112,5.985058625015604,-2.502608079528631,0.0
map,24,129,1788743288.3192112,5.990847809672182,-2.4782886211584305,0.0
map,24,130,1788743288.3192112,5.996653778996979,-2.453972214546088,0.0
map,24,131,1788743288.3192112,6.002479584747853,-2.429660385570532,0.0
map,24,132,1788743288.3192112,6.008317597530159,-2.4053516083528343,0.0
map,24,133,1788743288.3192112,6.014044221150648,-2.381015365314415,0.0
map,24,134,1788743288.3192112,6.0198044141075755,-2.356688277549569,0.0
map,24,135,1788743288.3192112,6.0255981764009405,-2.3323688191793686,0.0
map,24,136,1788743288.3192112,6.031417878636098,-2.308055464324884,0.0
map,24,137,1788743288.3192112,6.037263520813049,-2.283748212986115,0.0
map,24,138,1788743288.3192112,6.043128999416076,-2.2594470651630623,0.0
map,24,139,1788743288.3192112,6.04901584032411,-2.2351489690978674,0.0
map,24,140,1788743288.3192112,6.054916414142504,-2.2108554506694595,0.0
map,24,141,1788743288.3192112,6.060835298508046,-2.1865665098778386,0.0
map,24,142,1788743288.3192112,6.066644319590701,-2.162251629144425,0.0
map,24,143,1788743288.3192112,6.07249148764658,-2.137944377805656,0.0
map,24,144,1788743288.3192112,6.078366121523182,-2.1136447558615323,0.0
map,24,145,1788743288.3192112,6.084268221220505,-2.0893512374331245,0.0
map,24,146,1788743288.3192112,6.090193209101763,-2.0650638225204325,0.0
map,24,147,1788743288.3192112,6.0961410851669555,-2.0407809852445276,0.0
map,24,148,1788743288.3192112,6.102104220021438,-2.0165027256054096,0.0
map,24,149,1788743288.3192112,6.108085665423069,-1.9922290436030785,0.0
map,24,150,1788743288.3192112,6.11394504051038,-1.9679248440221677,0.0
map,24,151,1788743288.3192112,6.119842562570916,-1.9436313255937598,0.0
map,24,152,1788743288.3192112,6.125772128088961,-1.919343910681068,0.0
map,24,153,1788743288.3192112,6.131730685306657,-1.895064125163021,0.0
map,24,154,1788743288.3192112,6.137713656587216,-1.8707904431606899,0.0
map,24,155,1788743288.3192112,6.14372104193064,-1.8465228646740748,0.0
map,24,156,1788743288.3192112,6.149743686063353,-1.8222598638242467,0.0
map,24,157,1788743288.3192112,6.155787692501072,-1.7980014406112055,0.0
map,24,158,1788743288.3192112,6.161843905970223,-1.7737460691560223,0.0
map,24,159,1788743288.3192112,6.167794833793273,-1.7494647577590463,0.0
map,24,160,1788743288.3192112,6.173780856831691,-1.7251926016356443,0.0
map,24,161,1788743288.3192112,6.179798923327617,-1.7009265490279581,0.0
map,24,162,1788743288.3192112,6.185844455644265,-1.676669651693846,0.0
map,24,163,1788743288.3192112,6.191912876144848,-1.6524173319965207,0.0
map,24,164,1788743288.3192112,6.198002658950436,-1.6281695899359825,0.0
map,24,165,1788743288.3192112,6.204109226424244,-1.6039264255122312,0.0
map,24,166,1788743288.3192112,6.210234104445199,-1.5796893646041958,0.0
map,24,167,1788743288.3192112,6.216241489788622,-1.5554217861175808,0.0
map,24,168,1788743288.3192112,6.22228702210527,-1.5311633629045396,0.0
map,24,169,1788743288.3192112,6.228363072000498,-1.5069125690861433,0.0
map,24,170,1788743288.3192112,6.234469639474305,-1.482670930541321,0.0
map,24,171,1788743288.3192112,6.240599095132048,-1.4584338696332857,0.0
map,24,172,1788743288.3192112,6.246751438973725,-1.4342029122409663,0.0
map,24,173,1788743288.3192112,6.252920567483621,-1.4099750066065049,0.0
map,24,174,1788743288.3192112,6.259108006540664,-1.3857532044877594,0.0
map,24,175,1788743288.3192112,6.26517184940446,-1.3614993589115052,0.0
map,24,176,1788743288.3192112,6.27127536512041,-1.337256194487754,0.0
map,24,177,1788743288.3192112,6.277412450172797,-1.3130206594586475,0.0
map,24,178,1788743288.3192112,6.283578526924835,-1.2887927538241861,0.0
map,24,179,1788743288.3192112,6.2897674918608075,-1.2645724775843696,0.0
map,24,180,1788743288.3192112,6.295982396738573,-1.2403567789813401,0.0
map,24,181,1788743288.3192112,6.3022140862845575,-1.2161456580150976,0.0
map,24,182,1788743288.3192112,6.30846408637769,-1.191939114685642,0.0
map,24,183,1788743288.3192112,6.314585912640787,-1.1677005278986776,0.0
map,24,184,1788743288.3192112,6.320747411756038,-1.1434726222642162,0.0
map,24,185,1788743288.3192112,6.326942480207727,-1.1192523460243997,0.0
map,24,186,1788743288.3192112,6.333169592116924,-1.0950396991792282,0.0
map,24,187,1788743288.3192112,6.3394211180889855,-1.0708331558497726,0.0
map,24,188,1788743288.3192112,6.3456970581239105,-1.046634241914962,0.0
map,24,189,1788743288.3192112,6.351989782827054,-1.0224399056169382,0.0
map,24,190,1788743288.3192112,6.358300818077346,-0.9982486210767725,0.0
map,24,191,1788743288.3192112,6.364482153618674,-0.974025293079098,0.0
map,24,192,1788743288.3192112,6.3707031620121555,-0.9498111203549975,0.0
map,24,193,1788743288.3192112,6.376957739742075,-0.9256061029044709,0.0
map,24,194,1788743288.3192112,6.383244360929503,-0.9014102407275182,0.0
map,24,195,1788743288.3192112,6.389556922058723,-0.8772204820662814,0.0
map,24,196,1788743288.3192112,6.39589084549295,-0.8530353010418317,0.0
map,24,197,1788743288.3192112,6.402244605353253,-0.8288562235330978,0.0
map,24,198,1788743288.3192112,6.408613624002847,-0.804681723661151,0.0
map,24,199,1788743288.3192112,6.414852942943476,-0.7804721285738374,0.0
map,24,200,1788743288.3192112,6.421133460615188,-0.7562747405179557,0.0
map,24,201,1788743288.3192112,6.427447547623338,-0.732084981856719,0.0
map,24,202,1788743288.3192112,6.433793678088996,-0.7079043784690562,0.0
map,24,203,1788743288.3192112,6.440164222617518,-0.6837298785971093,0.0
map,24,204,1788743288.3192112,6.4465576553299755,-0.6595599563619494,0.0
map,24,205,1788743288.3192112,6.452970924468509,-0.6353961376425055,0.0
map,24,206,1788743288.3192112,6.459397926517404,-0.6112368965598485,0.0
map,24,207,1788743288.3192112,6.465695228857335,-0.5870440861407538,0.0
map,24,208,1788743288.3192112,6.472035255807278,-0.562860430995233,0.0
map,24,209,1788743288.3192112,6.478410377972587,-0.5386874570022151,0.0
map,24,210,1788743288.3192112,6.484814491837547,-0.5145205865249132,0.0
map,24,211,1788743288.3192112,6.4912445456442995,-0.49036287132118517,0.0
map,24,212,1788743288.3192112,6.497694435877129,-0.46620820787531514,0.0
map,24,213,1788743288.3192112,6.504162636657107,-0.44205964794516106,0.0
map,24,214,1788743288.3192112,6.510647622105303,-0.41791566565179394,0.0
map,24,215,1788743288.3192112,6.51692051038237,-0.3937152258380543,0.0
map,24,216,1788743288.3192112,6.5232574855744545,-0.3695315706925335,0.0
map,24,217,1788743288.3192112,6.529640237134409,-0.3453601225784446,0.0
map,24,218,1788743288.3192112,6.5360657133043745,-0.3212008814957876,0.0
map,24,219,1788743288.3192112,6.542524758810778,-0.2970492698077756,0.0
map,24,220,1788743288.3192112,6.54901584777469,-0.27290681339333744,0.0
map,24,221,1788743288.3192112,6.55552524728575,-0.24876893461568628,0.0
map,24,222,1788743288.3192112,6.562056009101816,-0.22463715935375106,0.0
map,24,223,1788743288.3192112,6.568360940836392,-0.20044434893465635,0.0
map,24,224,1788743288.3192112,6.574728433607056,-0.17626984906270948,0.0
map,24,225,1788743288.3192112,6.581152383898093,-0.1521090821011235,0.0
map,24,226,1788743288.3192112,6.587619058799142,-0.12795899629204044,0.0
map,24,227,1788743288.3192112,6.594126932431273,-0.10382111751438927,0.0
map,24,228,1788743288.3192112,6.600662271884126,-0.07969086813138304,0.0
map,24,229,1788743288.3192112,6.607223551278771,-0.05556672226409276,0.0
map,24,230,1788743288.3192112,6.613511698345128,-0.03137086008714007,0.0
map,24,231,1788743288.3192112,6.619880716994722,-0.007196360215193209,0.0
map,24,232,1788743288.3192112,6.626309244922545,0.01696288086746378,0.0
map,24,233,1788743288.3192112,6.632795756249671,0.0411068631608309,0.0
map,24,234,1788743288.3192112,6.63932194042895,0.0652401643016951,0.0
map,24,235,1788743288.3192112,6.645884745702524,0.0893627842900564,0.0
map,24,236,1788743288.3192112,6.652471965038963,0.11348082664163073,0.0
map,24,237,1788743288.3192112,6.659082072559336,0.13759123959856012,0.0
map,24,238,1788743288.3192112,6.665229838764226,0.16182219699087952,0.0
map,24,239,1788743288.3192112,6.671516459951654,0.1860195850467612,0.0
map,24,240,1788743288.3192112,6.677888530359105,0.21019408491870806,0.0
map,24,241,1788743288.3192112,6.684349101744438,0.23434417072779112,0.0
map,24,242,1788743288.3192112,6.690863078892285,0.2584805236265133,0.0
map,24,243,1788743288.3192112,6.6974335135605045,0.2826016177359456,0.0
map,24,244,1788743288.3192112,6.704037517565162,0.306713556571804,0.0
map,24,245,1788743288.3192112,6.710691875574476,0.3308117624973015,0.0
map,24,246,1788743288.3192112,6.716445965015687,0.3551403761410761,0.0
map,24,247,1788743288.3192112,6.722454876238039,0.37940795462769117,0.0
map,24,248,1788743288.3192112,6.72861637535329,0.4036373861410816,0.0
map,24,249,1788743288.3192112,6.734939617635014,0.42782409304446034,0.0
map,24,250,1788743288.3192112,6.74136509380498,0.4519848600060463,0.0
map,24,251,1788743288.3192112,6.747915692047123,0.4761105317522656,0.0
map,24,252,1788743288.3192112,6.754518170172851,0.500222470588124,0.0
map,24,253,1788743288.3192112,6.761177105818952,0.5243206765136215,0.0
map,24,254,1788743288.3192112,6.766059918391711,0.5488384991445905,0.0
map,24,255,1788743288.3192112,6.771322674817789,0.5732785019501812,0.0
map,24,256,1788743288.3192112,6.776985211523261,0.5976284778989616,0.0
map,24,257,1788743288.3192112,6.782904095888803,0.6219174186905825,0.0
map,24,258,1788743288.3192112,6.789090009066918,0.6461407466882569,0.0
map,24,259,1788743288.3192112,6.795431561895789,0.6703228759548487,0.0
map,24,260,1788743288.3192112,6.8019241767386305,0.6944653323692869,0.0
map,24,261,1788743288.3192112,6.808508344317211,0.7185818488419322,0.0
map,24,262,1788743288.3192112,6.813291974759586,0.7431210337779071,0.0
map,24,263,1788743288.3192112,6.817070050987759,0.7678326430328575,0.0
map,24,264,1788743288.3192112,6.817343183316048,0.7928311175264575,0.0
map,24,265,1788743288.3192112,6.818391462140262,0.8178097555939807,0.0
map,24,266,1788743288.3192112,6.822862287402195,0.8424069239292571,0.0
map,24,267,1788743288.3192112,6.826515241558191,0.8671383696102843,0.0
map,24,268,1788743288.3192112,6.827395673700217,0.8921231111935235,0.0
map,24,269,1788743288.3192112,6.828889509171695,0.9170788610771119,0.0
map,24,270,1788743288.3192112,6.833049055132115,0.9417294351749028,0.0
map,24,271,1788743288.3192112,6.836560102547715,0.9664822431609359,0.0
map,24,272,1788743288.3192112,6.837803693874839,0.9914517259548852,0.0
map,24,273,1788743288.3192112,6.839633222710695,1.0163845876545388,0.0
map,24,274,1788743288.3192112,6.843409773059939,1.0410977227884182,0.0
map,24,275,1788743288.3192112,6.846916242838752,1.0658505307744512,0.0
map,24,276,1788743288.3192112,6.849169966016866,1.0907482972587381,0.0
map,24,277,1788743288.3192112,6.8521744216280425,1.1155667180387177,0.0
map,24,278,1788743288.3192112,6.8576065506152375,1.1399700997500126,0.0
map,24,279,1788743288.3192112,6.862521406645506,1.1644818188652657,0.0
map,24,280,1788743288.3192112,6.884558150137941,1.176287544138841,0.0
map,24,281,1788743288.3192112,6.904093978065767,1.1918881303088078,0.0
map,24,282,1788743288.3192112,6.920442244910937,1.2108013996336062,0.0
map,24,283,1788743288.3192112,6.918049666750285,1.2356869590864612,0.0
map,24,284,1788743288.3192112,6.914849898636199,1.260480965803577,0.0
map,24,285,1788743288.3192112,6.912110945958666,1.2853299041621362,0.0
map,24,286,1788743288.3192112,6.9085831138748475,1.3100796603903113,0.0
map,24,287,1788743288.3192112,6.904705855516291,1.3347775367349008,0.0
map,24,288,1788743288.3192112,6.914453170114662,1.3577984721365333,0.0
map,24,289,1788743288.3192112,6.923786971523278,1.3809903059782123,0.0
map,24,290,1788743288.3192112,6.933195540999414,1.4041531481202405,0.0
map,24,291,1788743288.3192112,6.942381332151918,1.42740449124015,0.0
map,24,292,1788743288.3192112,6.9517029265291015,1.450602428597545,0.0
map,24,293,1788743288.3192112,6.96113743594703,1.4737530637081413,0.0
map,24,294,1788743288.3192112,6.971090744200815,1.4966854981318924,0.0
map,24,295,1788743288.3192112,6.981091354701398,1.5195980961295668,0.0
map,24,296,1788743288.3192112,6.991023300650177,1.5425412117058208,0.0
map,24,297,1788743288.3192112,7.001026962908618,1.5654522838245661,0.0
map,24,298,1788743288.3192112,7.010997055830622,1.5883786147326013,0.0
map,24,299,1788743288.3192112,7.021189927076257,1.6112072893891813,0.0
map,24,300,1788743288.3192112,7.031376694806177,1.6340359640457613,0.0
map,24,301,1788743288.3192112,7.041642808240404,1.6568325952448326,0.0
map,24,302,1788743288.3192112,7.051896714643199,1.6796322782017619,0.0
map,24,303,1788743288.3192112,7.0622284408713725,1.7023968659433244,0.0
map,24,304,1788743288.3192112,7.072552537704901,1.725166031321674,0.0
map,24,305,1788743288.3192112,7.082972764910956,1.7478909462110828,0.0
map,24,306,1788743288.3192112,7.09346928606346,1.770580765885125,0.0
map,24,307,1788743288.3192112,7.103990221278828,1.7932583785277352,0.0
map,24,308,1788743288.3192112,7.114431810789888,1.8159741381435701,0.0
map,24,309,1788743288.3192112,7.124958849520972,1.8386502249072514,0.0
map,24,310,1788743288.3192112,7.135583544503511,1.861279009424134,0.0
map,24,311,1788743288.3192112,7.146247912338204,1.8838910092727978,0.0
map,24,312,1788743288.3192112,7.156991625877204,1.906464862148237,0.0
map,24,313,1788743288.3192112,7.167607165586169,1.9290982243019066,0.0
map,24,314,1788743288.3192112,7.178338672093737,1.9516781806930616,0.0
map,24,315,1788743288.3192112,7.189128162000607,1.974230671263495,0.0
map,24,316,1788743288.3192112,7.200004627006429,1.9967404372239166,0.0
map,24,317,1788743288.3192112,7.210952808321913,2.0192151079689715,0.0
map,24,318,1788743288.3192112,7.221780445202008,2.041749287992257,0.0
map,24,319,1788743288.3192112,7.232717945364989,2.064230062253028,0.0
map,24,320,1788743288.3192112,7.243719532442988,2.08667879305629,0.0
map,24,321,1788743288.3192112,7.254800465225294,2.1090878510073985,0.0
map,24,322,1788743288.3192112,7.265712025446483,2.1315823581785303,0.0
map,24,323,1788743288.3192112,7.2767487077398485,2.1540143043135735,0.0
map,24,324,1788743288.3192112,7.2878601581007345,2.176408103475392,0.0
map,24,325,1788743288.3192112,7.299061635318431,2.198759178027199,0.0
map,24,326,1788743288.3192112,7.310336354724718,2.2210721056057814,0.0
map,24,327,1788743288.3192112,7.321466115632752,2.243458275372955,0.0
map,24,328,1788743288.3192112,7.332711843339389,2.265786461740827,0.0
map,24,329,1788743288.3192112,7.3440292873556885,2.2880780270144037,0.0
map,24,330,1788743288.3192112,7.355427602955224,2.3103283935568975,0.0
map,24,331,1788743288.3192112,7.36664433896221,2.3326703128351305,0.0
map,24,332,1788743288.3192112,7.377987722920302,2.354949671077275,0.0
map,24,333,1788743288.3192112,7.38941350434056,2.377184778830479,0.0
map,24,334,1788743288.3192112,7.4009262608597695,2.3993771619736712,0.0
map,24,335,1788743288.3192112,7.412509207809713,2.421531398143639,0.0
map,24,336,1788743288.3192112,7.42395024801926,2.443758876502198,0.0
map,24,337,1788743288.3192112,7.435505729148481,2.4659283714614553,0.0
map,24,338,1788743288.3192112,7.447139030103081,2.48805666768963,0.0
map,24,339,1788743288.3192112,7.458845573246272,2.51014681694458,0.0
map,24,340,1788743288.3192112,7.470382743828345,2.5323254671774116,0.0
map,24,341,1788743288.3192112,7.48203893296688,2.5544415563741545,0.0
map,24,342,1788743288.3192112,7.493783623083296,2.5765118692030278,0.0
map,24,343,1788743288.3192112,7.505603081267232,2.5985409833008184,0.0
map,24,344,1788743288.3192112,7.517219597553613,2.620678434802567,0.0
map,24,345,1788743288.3192112,7.528970391185744,2.6427441699946534,0.0
map,24,346,1788743288.3192112,7.540826470463976,2.6647534476663672,0.0
map,24,347,1788743288.3192112,7.5527573178097285,2.6867230524859274,0.0
map,24,348,1788743288.3192112,7.563720757914503,2.7091916197152663,0.0
map,24,349,1788743288.3192112,7.575170953397624,2.7314160463159673,0.0
map,24,350,1788743288.3192112,7.586868341267241,2.7535092473287754,0.0
map,24,351,1788743288.3192112,7.59881902503907,2.7754681709958327,0.0
map,24,352,1788743288.3192112,7.610887201488431,2.7973630077478724,0.0
map,24,353,1788743288.3192112,7.622239740720097,2.819636262474301,0.0
map,24,354,1788743288.3192112,7.634010370778306,2.8416913165138844,0.0
map,24,355,1788743288.3192112,7.646034296738726,2.863610567328788,0.0
map,24,356,1788743288.3192112,7.658273371628134,2.8854092737083015,0.0
map,24,357,1788743288.3192112,7.669873103246296,2.907555880483624,0.0
map,24,358,1788743288.3192112,7.681939753816728,2.929450717235664,0.0
map,24,359,1788743288.3192112,7.694223079195076,2.9512250095523136,0.0
map,24,360,1788743288.3192112,7.713470516005323,2.9671795996338055,0.0
map,24,361,1788743288.3192112,7.723378047891238,2.9901333963625625,0.0
map,24,362,1788743288.3192112,7.734416256063533,3.012563816618677,0.0
map,24,363,1788743288.3192112,7.746546993548982,3.03442355815535,0.0
map,24,364,1788743288.3192112,7.759271297937808,3.0559430286908587,0.0
map,24,365,1788743288.3192112,7.769250546133385,3.078864781962107,0.0
map,24,366,1788743288.3192112,7.780458126866797,3.101211278877127,0.0
map,24,367,1788743288.3192112,7.792744504003004,3.1229840453148476,0.0
map,24,368,1788743288.3192112,7.805955563770176,3.144209021217062,0.0
map,24,369,1788743288.3192112,7.825894223735254,3.159289282672244,0.0
map,24,370,1788743288.3192112,7.835270749753882,3.182464331845704,0.0
map,24,371,1788743288.3192112,7.848138486762032,3.2038983531611898,0.0
map,24,372,1788743288.3192112,7.862689268228856,3.2242276381320885,0.0
map,24,373,1788743288.3192112,7.912689268973914,3.2742276388771465,0.0
map,24,374,1788743288.3192112,7.9707,3.31,0.7715
map,25,0,1788743289.3524098,6.162689242896882,-5.625772493743188,0.0
map,25,1,1788743289.3524098,6.154626498636112,-5.59483377257904,0.0
map,25,2,1788743289.3524098,6.1503753999399535,-5.570198457270539,0.0
map,25,3,1788743289.3524098,6.144442782664051,-5.545911042357847,0.0
map,25,4,1788743289.3524098,6.1369675017909415,-5.522055451182059,0.0
map,25,5,1788743289.3524098,6.127351412780463,-5.498978058260054,0.0
map,25,6,1788743289.3524098,6.115493807623302,-5.476970306467269,0.0
map,25,7,1788743289.3524098,6.103350863106421,-5.455116668446312,0.0
map,25,8,1788743289.3524098,6.090991243781623,-5.433386626618603,0.0
map,25,9,1788743289.3524098,6.078640779730399,-5.411648955396249,0.0
map,25,10,1788743289.3524098,6.066020235108745,-5.390069975582509,0.0
map,25,11,1788743289.3524098,6.053456148007463,-5.368455900553403,0.0
map,25,12,1788743289.3524098,6.040763887076146,-5.346916593591818,0.0
map,25,13,1788743289.3524098,6.028108247239125,-5.325357450204155,0.0
map,25,14,1788743289.3524098,6.01529239011456,-5.303891385431161,0.0
map,25,15,1788743289.3524098,6.002392609648901,-5.282477200541752,0.0
map,25,16,1788743289.3524098,5.989527924398608,-5.261041653347338,0.0
map,25,17,1788743289.3524098,5.976571686412576,-5.239661037794367,0.0
map,25,18,1788743289.3524098,5.963621551942261,-5.218275844604609,0.0
map,25,19,1788743289.3524098,5.950508148426543,-5.196991359424164,0.0
map,25,20,1788743289.3524098,5.937261993444004,-5.175789271705884,0.0
map,25,21,1788743289.3524098,5.923005706610475,-5.1552524672006435,0.0
map,25,22,1788743289.3524098,5.909288055038878,-5.1343509776313745,0.0
map,25,23,1788743289.3524098,5.892114287693126,-5.116183863102851,0.0
map,25,24,1788743289.3524098,5.877815276249585,-5.09567757617619,0.0
map,25,25,1788743289.3524098,5.862689238426533,-5.0757724855475495,0.0
map,25,26,1788743289.3524098,5.812689237681475,-5.025772484802491,0.0
map,25,27,1788743289.3524098,5.762689236936417,-4.975772484057433,0.0
map,25,28,1788743289.3524098,5.712689236191359,-4.925772483312375,0.0
map,25,29,1788743289.3524098,5.662689235446301,-4.875772482567317,0.0
map,25,30,1788743289.3524098,5.667114284340364,-4.84129219640899,0.0
map,25,31,1788743289.3524098,5.649182155166905,-4.82387276255567,0.0
map,25,32,1788743289.3524098,5.628639247145948,-4.809625630995715,0.0
map,25,33,1788743289.3524098,5.6074249523962365,-4.796399312439252,0.0
map,25,34,1788743289.3524098,5.588296534142451,-4.780302815617365,0.0
map,25,35,1788743289.3524098,5.585101343665151,-4.75550728302132,0.0
map,25,36,1788743289.3524098,5.570648218449783,-4.735109333498617,0.0
map,25,37,1788743289.3524098,5.5534149418258,-4.716998676490466,0.0
map,25,38,1788743289.3524098,5.574217249264684,-4.7031345405416864,0.0
map,25,39,1788743289.3524098,5.5930465952483885,-4.686687091566132,0.0
map,25,40,1788743289.3524098,5.592282129904966,-4.6616992982250345,0.0
map,25,41,1788743289.3524098,5.591835047378773,-4.636702349610363,0.0
map,25,42,1788743289.3524098,5.5942550913601465,-4.611819841915366,0.0
map,25,43,1788743289.3524098,5.596827723234419,-4.586952593009659,0.0
map,25,44,1788743289.3524098,5.598867823362475,-4.562036515978225,0.0
map,25,45,1788743289.3524098,5.600811793118005,-4.537112809552145,0.0
map,25,46,1788743289.3524098,5.60172426871754,-4.512128067968906,0.0
map,25,47,1788743289.3524098,5.602680994806015,-4.487146378143525,0.0
map,25,48,1788743289.3524098,5.603460718938727,-4.462158584802427,0.0
map,25,49,1788743289.3524098,5.604272486528949,-4.437172317340259,0.0
map,25,50,1788743289.3524098,5.604988123746644,-4.412182998120233,0.0
map,25,51,1788743289.3524098,5.6057327526639895,-4.387193678900207,0.0
map,25,52,1788743289.3524098,5.606422449939892,-4.362202833801252,0.0
map,25,53,1788743289.3524098,5.607145716552232,-4.337213514581226,0.0
map,25,54,1788743289.3524098,5.60784151734385,-4.312222669482271,0.0
map,25,55,1788743289.3524098,5.608572413350835,-4.287234876141174,0.0
map,25,56,1788743289.3524098,5.609297205842104,-4.2622440310422185,0.0
map,25,57,1788743289.3524098,5.610060145306598,-4.237256237701121,0.0
map,25,58,1788743289.3524098,5.614169337262361,-4.2125965083297565,0.0
map,25,59,1788743289.3524098,5.618382288985295,-4.1879535636266105,0.0
map,25,60,1788743289.3524098,5.622634913560383,-4.1633182483181095,0.0
map,25,61,1788743289.3524098,5.626982142629068,-4.138698191798898,0.0
map,25,62,1788743289.3524098,5.631356837518474,-4.114084238795403,0.0
map,25,63,1788743289.3524098,5.6358169816279045,-4.089485544581198,0.0
map,25,64,1788743289.3524098,5.640303065679127,-4.064891428003779,0.0
map,25,65,1788743289.3524098,5.6448700213135865,-4.040312570215651,0.0
map,25,66,1788743289.3524098,5.6494629168898385,-4.015738290064309,0.0
map,25,67,1788743289.3524098,5.654129054654682,-3.9911777428233286,0.0
map,25,68,1788743289.3524098,5.658821132361318,-3.966621773219135,0.0
map,25,69,1788743289.3524098,5.663690212023717,-3.942099372951379,0.0
map,25,70,1788743289.3524098,5.668571498717547,-3.91758155032041,0.0
map,25,71,1788743289.3524098,5.6735046652949634,-3.893072882963015,0.0
map,25,72,1788743289.3524098,5.6784469871459535,-3.8685657414845487,0.0
map,25,73,1788743289.3524098,5.683436611243742,-3.8440692811585855,0.0
map,25,74,1788743289.3524098,5.688436916494034,-3.8195743467115513,0.0
map,25,75,1788743289.3524098,5.693481472233266,-3.795088567538091,0.0
map,25,76,1788743289.3524098,5.698536709125001,-3.7706043142435597,0.0
map,25,77,1788743289.3524098,5.703634670626748,-3.7461307421015313,0.0
map,25,78,1788743289.3524098,5.708741787402069,-3.721657169959503,0.0
map,25,79,1788743289.3524098,5.713945034549916,-3.6972049601224803,0.0
map,25,80,1788743289.3524098,5.7191513334556205,-3.672752750285458,0.0
map,25,81,1788743289.3524098,5.724389675818834,-3.64830816984308,0.0
map,25,82,1788743289.3524098,5.729632595818835,-3.6238635894007025,0.0
map,25,83,1788743289.3524098,5.734906033397415,-3.59942663835297,0.0
map,25,84,1788743289.3524098,5.740182522733853,-3.574989687305237,0.0
map,25,85,1788743289.3524098,5.7454895296488715,-3.5505588397732204,0.0
map,25,86,1788743289.3524098,5.750820950626753,-3.5261340957569196,0.0
map,25,87,1788743289.3524098,5.756161526878209,-3.501712403498477,0.0
map,25,88,1788743289.3524098,5.761526517192529,-3.477293762997892,0.0
map,25,89,1788743289.3524098,5.766893033385777,-3.452876648376236,0.0
map,25,90,1788743289.3524098,5.772285489520819,-3.428465637270296,0.0
map,25,91,1788743289.3524098,5.777690152687292,-3.4040561520432853,0.0
map,25,92,1788743289.3524098,5.7831177040377,-3.3796527703319903,0.0
map,25,93,1788743289.3524098,5.788555936540611,-3.3552509144996243,0.0
map,25,94,1788743289.3524098,5.794015531348528,-3.3308551621829743,0.0
map,25,95,1788743289.3524098,5.7994842814300185,-3.3064609357452532,0.0
map,25,96,1788743289.3524098,5.804971342058657,-3.28206976106539,0.0
map,25,97,1788743289.3524098,5.8104675579608696,-3.257681638143385,0.0
map,25,98,1788743289.3524098,5.815925626889857,-3.233284359947806,0.0
map,25,99,1788743289.3524098,5.821405058123851,-3.208893185267943,0.0
map,25,100,1788743289.3524098,5.826911955178566,-3.184506588224867,0.0
map,25,101,1788743289.3524098,5.832434111022572,-3.1601245688185777,0.0
map,25,102,1788743289.3524098,5.837979155050512,-3.1357471270490755,0.0
map,25,103,1788743289.3524098,5.843534880230955,-3.1113727370374313,0.0
map,25,104,1788743289.3524098,5.849111967716404,-3.087002924662574,0.0
map,25,105,1788743289.3524098,5.854698210475426,-3.062634638166646,0.0
map,25,106,1788743289.3524098,5.860302763781597,-3.0382709293075045,0.0
map,25,107,1788743289.3524098,5.865831023141318,-3.0138889099012154,0.0
map,25,108,1788743289.3524098,5.871391325958548,-2.9895160457685,0.0
map,25,109,1788743289.3524098,5.876972991080784,-2.965146233393643,0.0
map,25,110,1788743289.3524098,5.8825821220237415,-2.9407840504134306,0.0
map,25,111,1788743289.3524098,5.888206511755989,-2.9164249191910763,0.0
map,25,112,1788743289.3524098,5.893853789672171,-2.892070365605509,0.0
map,25,113,1788743289.3524098,5.899511748740856,-2.8677203896567285,0.0
map,25,114,1788743289.3524098,5.905189544235618,-2.843373465465806,0.0
map,25,115,1788743289.3524098,5.910876495003954,-2.8190280671538126,0.0
map,25,116,1788743289.3524098,5.916479522431196,-2.7946643582946713,0.0
map,25,117,1788743289.3524098,5.922111541558088,-2.770306752951246,0.0
map,25,118,1788743289.3524098,5.92777407826356,-2.7459567770024655,0.0
map,25,119,1788743289.3524098,5.933457977274038,-2.721611378690472,0.0
map,25,120,1788743289.3524098,5.93916629034738,-2.6972720838941946,0.0
map,25,121,1788743289.3524098,5.944888336331083,-2.672935840855775,0.0
map,25,122,1788743289.3524098,5.950631744619791,-2.6486041754541425,0.0
map,25,123,1788743289.3524098,5.9563858340610025,-2.624275561810368,0.0
map,25,124,1788743289.3524098,5.962158234049362,-2.5999515258033803,0.0
map,25,125,1788743289.3524098,5.967837555423053,-2.575604601612458,0.0
map,25,126,1788743289.3524098,5.973550446133181,-2.5512668326951093,0.0
map,25,127,1788743289.3524098,5.97929385442189,-2.526935167293477,0.0
map,25,128,1788743289.3524098,5.985058625015604,-2.502608079528631,0.0
map,25,129,1788743289.3524098,5.990847809672182,-2.4782886211584305,0.0
map,25,130,1788743289.3524098,5.996653778996979,-2.453972214546088,0.0
map,25,131,1788743289.3524098,6.002479584747853,-2.429660385570532,0.0
map,25,132,1788743289.3524098,6.008317597530159,-2.4053516083528343,0.0
map,25,133,1788743289.3524098,6.014044221150648,-2.381015365314415,0.0
map,25,134,1788743289.3524098,6.0198044141075755,-2.356688277549569,0.0
map,25,135,1788743289.3524098,6.0255981764009405,-2.3323688191793686,0.0
map,25,136,1788743289.3524098,6.031417878636098,-2.308055464324884,0.0
map,25,137,1788743289.3524098,6.037263520813049,-2.283748212986115,0.0
map,25,138,1788743289.3524098,6.043128999416076,-2.2594470651630623,0.0
map,25,139,1788743289.3524098,6.04901584032411,-2.2351489690978674,0.0
map,25,140,1788743289.3524098,6.054916414142504,-2.2108554506694595,0.0
map,25,141,1788743289.3524098,6.060835298508046,-2.1865665098778386,0.0
map,25,142,1788743289.3524098,6.066644319590701,-2.162251629144425,0.0
map,25,143,1788743289.3524098,6.07249148764658,-2.137944377805656,0.0
map,25,144,1788743289.3524098,6.078366121523182,-2.1136447558615323,0.0
map,25,145,1788743289.3524098,6.084268221220505,-2.0893512374331245,0.0
map,25,146,1788743289.3524098,6.090193209101763,-2.0650638225204325,0.0
map,25,147,1788743289.3524098,6.0961410851669555,-2.0407809852445276,0.0
map,25,148,1788743289.3524098,6.102104220021438,-2.0165027256054096,0.0
map,25,149,1788743289.3524098,6.108085665423069,-1.9922290436030785,0.0
map,25,150,1788743289.3524098,6.11394504051038,-1.9679248440221677,0.0
map,25,151,1788743289.3524098,6.119842562570916,-1.9436313255937598,0.0
map,25,152,1788743289.3524098,6.125772128088961,-1.919343910681068,0.0
map,25,153,1788743289.3524098,6.131730685306657,-1.895064125163021,0.0
map,25,154,1788743289.3524098,6.137713656587216,-1.8707904431606899,0.0
map,25,155,1788743289.3524098,6.14372104193064,-1.8465228646740748,0.0
map,25,156,1788743289.3524098,6.149743686063353,-1.8222598638242467,0.0
map,25,157,1788743289.3524098,6.155787692501072,-1.7980014406112055,0.0
map,25,158,1788743289.3524098,6.161843905970223,-1.7737460691560223,0.0
map,25,159,1788743289.3524098,6.167794833793273,-1.7494647577590463,0.0
map,25,160,1788743289.3524098,6.173780856831691,-1.7251926016356443,0.0
map,25,161,1788743289.3524098,6.179798923327617,-1.7009265490279581,0.0
map,25,162,1788743289.3524098,6.185844455644265,-1.676669651693846,0.0
map,25,163,1788743289.3524098,6.191912876144848,-1.6524173319965207,0.0
map,25,164,1788743289.3524098,6.198002658950436,-1.6281695899359825,0.0
map,25,165,1788743289.3524098,6.204109226424244,-1.6039264255122312,0.0
map,25,166,1788743289.3524098,6.210234104445199,-1.5796893646041958,0.0
map,25,167,1788743289.3524098,6.216241489788622,-1.5554217861175808,0.0
map,25,168,1788743289.3524098,6.22228702210527,-1.5311633629045396,0.0
map,25,169,1788743289.3524098,6.228363072000498,-1.5069125690861433,0.0
map,25,170,1788743289.3524098,6.234469639474305,-1.482670930541321,0.0
map,25,171,1788743289.3524098,6.240599095132048,-1.4584338696332857,0.0
map,25,172,1788743289.3524098,6.246751438973725,-1.4342029122409663,0.0
map,25,173,1788743289.3524098,6.252920567483621,-1.4099750066065049,0.0
map,25,174,1788743289.3524098,6.259108006540664,-1.3857532044877594,0.0
map,25,175,1788743289.3524098,6.26517184940446,-1.3614993589115052,0.0
map,25,176,1788743289.3524098,6.27127536512041,-1.337256194487754,0.0
map,25,177,1788743289.3524098,6.277412450172797,-1.3130206594586475,0.0
map,25,178,1788743289.3524098,6.283578526924835,-1.2887927538241861,0.0
map,25,179,1788743289.3524098,6.2897674918608075,-1.2645724775843696,0.0
map,25,180,1788743289.3524098,6.295982396738573,-1.2403567789813401,0.0
map,25,181,1788743289.3524098,6.3022140862845575,-1.2161456580150976,0.0
map,25,182,1788743289.3524098,6.30846408637769,-1.191939114685642,0.0
map,25,183,1788743289.3524098,6.314585912640787,-1.1677005278986776,0.0
map,25,184,1788743289.3524098,6.320747411756038,-1.1434726222642162,0.0
map,25,185,1788743289.3524098,6.326942480207727,-1.1192523460243997,0.0
map,25,186,1788743289.3524098,6.333169592116924,-1.0950396991792282,0.0
map,25,187,1788743289.3524098,6.3394211180889855,-1.0708331558497726,0.0
map,25,188,1788743289.3524098,6.3456970581239105,-1.046634241914962,0.0
map,25,189,1788743289.3524098,6.351989782827054,-1.0224399056169382,0.0
map,25,190,1788743289.3524098,6.358300818077346,-0.9982486210767725,0.0
map,25,191,1788743289.3524098,6.364482153618674,-0.974025293079098,0.0
map,25,192,1788743289.3524098,6.3707031620121555,-0.9498111203549975,0.0
map,25,193,1788743289.3524098,6.376957739742075,-0.9256061029044709,0.0
map,25,194,1788743289.3524098,6.383244360929503,-0.9014102407275182,0.0
map,25,195,1788743289.3524098,6.389556922058723,-0.8772204820662814,0.0
map,25,196,1788743289.3524098,6.39589084549295,-0.8530353010418317,0.0
map,25,197,1788743289.3524098,6.402244605353253,-0.8288562235330978,0.0
map,25,198,1788743289.3524098,6.408613624002847,-0.804681723661151,0.0
map,25,199,1788743289.3524098,6.414852942943476,-0.7804721285738374,0.0
map,25,200,1788743289.3524098,6.421133460615188,-0.7562747405179557,0.0
map,25,201,1788743289.3524098,6.427447547623338,-0.732084981856719,0.0
map,25,202,1788743289.3524098,6.433793678088996,-0.7079043784690562,0.0
map,25,203,1788743289.3524098,6.440164222617518,-0.6837298785971093,0.0
map,25,204,1788743289.3524098,6.4465576553299755,-0.6595599563619494,0.0
map,25,205,1788743289.3524098,6.452970924468509,-0.6353961376425055,0.0
map,25,206,1788743289.3524098,6.459397926517404,-0.6112368965598485,0.0
map,25,207,1788743289.3524098,6.465695228857335,-0.5870440861407538,0.0
map,25,208,1788743289.3524098,6.472035255807278,-0.562860430995233,0.0
map,25,209,1788743289.3524098,6.478410377972587,-0.5386874570022151,0.0
map,25,210,1788743289.3524098,6.484814491837547,-0.5145205865249132,0.0
map,25,211,1788743289.3524098,6.4912445456442995,-0.49036287132118517,0.0
map,25,212,1788743289.3524098,6.497694435877129,-0.46620820787531514,0.0
map,25,213,1788743289.3524098,6.504162636657107,-0.44205964794516106,0.0
map,25,214,1788743289.3524098,6.510647622105303,-0.41791566565179394,0.0
map,25,215,1788743289.3524098,6.51692051038237,-0.3937152258380543,0.0
map,25,216,1788743289.3524098,6.5232574855744545,-0.3695315706925335,0.0
map,25,217,1788743289.3524098,6.529640237134409,-0.3453601225784446,0.0
map,25,218,1788743289.3524098,6.5360657133043745,-0.3212008814957876,0.0
map,25,219,1788743289.3524098,6.542524758810778,-0.2970492698077756,0.0
map,25,220,1788743289.3524098,6.54901584777469,-0.27290681339333744,0.0
map,25,221,1788743289.3524098,6.55552524728575,-0.24876893461568628,0.0
map,25,222,1788743289.3524098,6.562056009101816,-0.22463715935375106,0.0
map,25,223,1788743289.3524098,6.568360940836392,-0.20044434893465635,0.0
map,25,224,1788743289.3524098,6.574728433607056,-0.17626984906270948,0.0
map,25,225,1788743289.3524098,6.581152383898093,-0.1521090821011235,0.0
map,25,226,1788743289.3524098,6.587619058799142,-0.12795899629204044,0.0
map,25,227,1788743289.3524098,6.594126932431273,-0.10382111751438927,0.0
map,25,228,1788743289.3524098,6.600662271884126,-0.07969086813138304,0.0
map,25,229,1788743289.3524098,6.607223551278771,-0.05556672226409276,0.0
map,25,230,1788743289.3524098,6.613511698345128,-0.03137086008714007,0.0
map,25,231,1788743289.3524098,6.619880716994722,-0.007196360215193209,0.0
map,25,232,1788743289.3524098,6.626309244922545,0.01696288086746378,0.0
map,25,233,1788743289.3524098,6.632795756249671,0.0411068631608309,0.0
map,25,234,1788743289.3524098,6.63932194042895,0.0652401643016951,0.0
map,25,235,1788743289.3524098,6.645884745702524,0.0893627842900564,0.0
map,25,236,1788743289.3524098,6.652471965038963,0.11348082664163073,0.0
map,25,237,1788743289.3524098,6.659082072559336,0.13759123959856012,0.0
map,25,238,1788743289.3524098,6.665229838764226,0.16182219699087952,0.0
map,25,239,1788743289.3524098,6.671516459951654,0.1860195850467612,0.0
map,25,240,1788743289.3524098,6.677888530359105,0.21019408491870806,0.0
map,25,241,1788743289.3524098,6.684349101744438,0.23434417072779112,0.0
map,25,242,1788743289.3524098,6.690863078892285,0.2584805236265133,0.0
map,25,243,1788743289.3524098,6.6974335135605045,0.2826016177359456,0.0
map,25,244,1788743289.3524098,6.704037517565162,0.306713556571804,0.0
map,25,245,1788743289.3524098,6.710691875574476,0.3308117624973015,0.0
map,25,246,1788743289.3524098,6.716445965015687,0.3551403761410761,0.0
map,25,247,1788743289.3524098,6.722454876238039,0.37940795462769117,0.0
map,25,248,1788743289.3524098,6.72861637535329,0.4036373861410816,0.0
map,25,249,1788743289.3524098,6.734939617635014,0.42782409304446034,0.0
map,25,250,1788743289.3524098,6.74136509380498,0.4519848600060463,0.0
map,25,251,1788743289.3524098,6.747915692047123,0.4761105317522656,0.0
map,25,252,1788743289.3524098,6.754518170172851,0.500222470588124,0.0
map,25,253,1788743289.3524098,6.761177105818952,0.5243206765136215,0.0
map,25,254,1788743289.3524098,6.766059918391711,0.5488384991445905,0.0
map,25,255,1788743289.3524098,6.771322674817789,0.5732785019501812,0.0
map,25,256,1788743289.3524098,6.776985211523261,0.5976284778989616,0.0
map,25,257,1788743289.3524098,6.782904095888803,0.6219174186905825,0.0
map,25,258,1788743289.3524098,6.789090009066918,0.6461407466882569,0.0
map,25,259,1788743289.3524098,6.795431561895789,0.6703228759548487,0.0
map,25,260,1788743289.3524098,6.8019241767386305,0.6944653323692869,0.0
map,25,261,1788743289.3524098,6.808508344317211,0.7185818488419322,0.0
map,25,262,1788743289.3524098,6.813291974759586,0.7431210337779071,0.0
map,25,263,1788743289.3524098,6.817070050987759,0.7678326430328575,0.0
map,25,264,1788743289.3524098,6.817343183316048,0.7928311175264575,0.0
map,25,265,1788743289.3524098,6.818391462140262,0.8178097555939807,0.0
map,25,266,1788743289.3524098,6.822862287402195,0.8424069239292571,0.0
map,25,267,1788743289.3524098,6.826515241558191,0.8671383696102843,0.0
map,25,268,1788743289.3524098,6.827395673700217,0.8921231111935235,0.0
map,25,269,1788743289.3524098,6.828889509171695,0.9170788610771119,0.0
map,25,270,1788743289.3524098,6.833049055132115,0.9417294351749028,0.0
map,25,271,1788743289.3524098,6.836560102547715,0.9664822431609359,0.0
map,25,272,1788743289.3524098,6.837803693874839,0.9914517259548852,0.0
map,25,273,1788743289.3524098,6.839633222710695,1.0163845876545388,0.0
map,25,274,1788743289.3524098,6.843409773059939,1.0410977227884182,0.0
map,25,275,1788743289.3524098,6.846916242838752,1.0658505307744512,0.0
map,25,276,1788743289.3524098,6.849169966016866,1.0907482972587381,0.0
map,25,277,1788743289.3524098,6.8521744216280425,1.1155667180387177,0.0
map,25,278,1788743289.3524098,6.8576065506152375,1.1399700997500126,0.0
map,25,279,1788743289.3524098,6.862521406645506,1.1644818188652657,0.0
map,25,280,1788743289.3524098,6.884558150137941,1.176287544138841,0.0
map,25,281,1788743289.3524098,6.904093978065767,1.1918881303088078,0.0
map,25,282,1788743289.3524098,6.920442244910937,1.2108013996336062,0.0
map,25,283,1788743289.3524098,6.918049666750285,1.2356869590864612,0.0
map,25,284,1788743289.3524098,6.914849898636199,1.260480965803577,0.0
map,25,285,1788743289.3524098,6.912110945958666,1.2853299041621362,0.0
map,25,286,1788743289.3524098,6.9085831138748475,1.3100796603903113,0.0
map,25,287,1788743289.3524098,6.904705855516291,1.3347775367349008,0.0
map,25,288,1788743289.3524098,6.914453170114662,1.3577984721365333,0.0
map,25,289,1788743289.3524098,6.923786971523278,1.3809903059782123,0.0
map,25,290,1788743289.3524098,6.933195540999414,1.4041531481202405,0.0
map,25,291,1788743289.3524098,6.942381332151918,1.42740449124015,0.0
map,25,292,1788743289.3524098,6.9517029265291015,1.450602428597545,0.0
map,25,293,1788743289.3524098,6.96113743594703,1.4737530637081413,0.0
map,25,294,1788743289.3524098,6.971090744200815,1.4966854981318924,0.0
map,25,295,1788743289.3524098,6.981091354701398,1.5195980961295668,0.0
map,25,296,1788743289.3524098,6.991023300650177,1.5425412117058208,0.0
map,25,297,1788743289.3524098,7.001026962908618,1.5654522838245661,0.0
map,25,298,1788743289.3524098,7.010997055830622,1.5883786147326013,0.0
map,25,299,1788743289.3524098,7.021189927076257,1.6112072893891813,0.0
map,25,300,1788743289.3524098,7.031376694806177,1.6340359640457613,0.0
map,25,301,1788743289.3524098,7.041642808240404,1.6568325952448326,0.0
map,25,302,1788743289.3524098,7.051896714643199,1.6796322782017619,0.0
map,25,303,1788743289.3524098,7.0622284408713725,1.7023968659433244,0.0
map,25,304,1788743289.3524098,7.072552537704901,1.725166031321674,0.0
map,25,305,1788743289.3524098,7.082972764910956,1.7478909462110828,0.0
map,25,306,1788743289.3524098,7.09346928606346,1.770580765885125,0.0
map,25,307,1788743289.3524098,7.103990221278828,1.7932583785277352,0.0
map,25,308,1788743289.3524098,7.114431810789888,1.8159741381435701,0.0
map,25,309,1788743289.3524098,7.124958849520972,1.8386502249072514,0.0
map,25,310,1788743289.3524098,7.135583544503511,1.861279009424134,0.0
map,25,311,1788743289.3524098,7.146247912338204,1.8838910092727978,0.0
map,25,312,1788743289.3524098,7.156991625877204,1.906464862148237,0.0
map,25,313,1788743289.3524098,7.167607165586169,1.9290982243019066,0.0
map,25,314,1788743289.3524098,7.178338672093737,1.9516781806930616,0.0
map,25,315,1788743289.3524098,7.189128162000607,1.974230671263495,0.0
map,25,316,1788743289.3524098,7.200004627006429,1.9967404372239166,0.0
map,25,317,1788743289.3524098,7.210952808321913,2.0192151079689715,0.0
map,25,318,1788743289.3524098,7.221780445202008,2.041749287992257,0.0
map,25,319,1788743289.3524098,7.232717945364989,2.064230062253028,0.0
map,25,320,1788743289.3524098,7.243719532442988,2.08667879305629,0.0
map,25,321,1788743289.3524098,7.254800465225294,2.1090878510073985,0.0
map,25,322,1788743289.3524098,7.265712025446483,2.1315823581785303,0.0
map,25,323,1788743289.3524098,7.2767487077398485,2.1540143043135735,0.0
map,25,324,1788743289.3524098,7.2878601581007345,2.176408103475392,0.0
map,25,325,1788743289.3524098,7.299061635318431,2.198759178027199,0.0
map,25,326,1788743289.3524098,7.310336354724718,2.2210721056057814,0.0
map,25,327,1788743289.3524098,7.321466115632752,2.243458275372955,0.0
map,25,328,1788743289.3524098,7.332711843339389,2.265786461740827,0.0
map,25,329,1788743289.3524098,7.3440292873556885,2.2880780270144037,0.0
map,25,330,1788743289.3524098,7.355427602955224,2.3103283935568975,0.0
map,25,331,1788743289.3524098,7.36664433896221,2.3326703128351305,0.0
map,25,332,1788743289.3524098,7.377987722920302,2.354949671077275,0.0
map,25,333,1788743289.3524098,7.38941350434056,2.377184778830479,0.0
map,25,334,1788743289.3524098,7.4009262608597695,2.3993771619736712,0.0
map,25,335,1788743289.3524098,7.412509207809713,2.421531398143639,0.0
map,25,336,1788743289.3524098,7.42395024801926,2.443758876502198,0.0
map,25,337,1788743289.3524098,7.435505729148481,2.4659283714614553,0.0
map,25,338,1788743289.3524098,7.447139030103081,2.48805666768963,0.0
map,25,339,1788743289.3524098,7.458845573246272,2.51014681694458,0.0
map,25,340,1788743289.3524098,7.470382743828345,2.5323254671774116,0.0
map,25,341,1788743289.3524098,7.48203893296688,2.5544415563741545,0.0
map,25,342,1788743289.3524098,7.493783623083296,2.5765118692030278,0.0
map,25,343,1788743289.3524098,7.505603081267232,2.5985409833008184,0.0
map,25,344,1788743289.3524098,7.517219597553613,2.620678434802567,0.0
map,25,345,1788743289.3524098,7.528970391185744,2.6427441699946534,0.0
map,25,346,1788743289.3524098,7.540826470463976,2.6647534476663672,0.0
map,25,347,1788743289.3524098,7.5527573178097285,2.6867230524859274,0.0
map,25,348,1788743289.3524098,7.563720757914503,2.7091916197152663,0.0
map,25,349,1788743289.3524098,7.575170953397624,2.7314160463159673,0.0
map,25,350,1788743289.3524098,7.586868341267241,2.7535092473287754,0.0
map,25,351,1788743289.3524098,7.59881902503907,2.7754681709958327,0.0
map,25,352,1788743289.3524098,7.610887201488431,2.7973630077478724,0.0
map,25,353,1788743289.3524098,7.622239740720097,2.819636262474301,0.0
map,25,354,1788743289.3524098,7.634010370778306,2.8416913165138844,0.0
map,25,355,1788743289.3524098,7.646034296738726,2.863610567328788,0.0
map,25,356,1788743289.3524098,7.658273371628134,2.8854092737083015,0.0
map,25,357,1788743289.3524098,7.669873103246296,2.907555880483624,0.0
map,25,358,1788743289.3524098,7.681939753816728,2.929450717235664,0.0
map,25,359,1788743289.3524098,7.694223079195076,2.9512250095523136,0.0
map,25,360,1788743289.3524098,7.713470516005323,2.9671795996338055,0.0
map,25,361,1788743289.3524098,7.723378047891238,2.9901333963625625,0.0
map,25,362,1788743289.3524098,7.734416256063533,3.012563816618677,0.0
map,25,363,1788743289.3524098,7.746546993548982,3.03442355815535,0.0
map,25,364,1788743289.3524098,7.759271297937808,3.0559430286908587,0.0
map,25,365,1788743289.3524098,7.769250546133385,3.078864781962107,0.0
map,25,366,1788743289.3524098,7.780458126866797,3.101211278877127,0.0
map,25,367,1788743289.3524098,7.792744504003004,3.1229840453148476,0.0
map,25,368,1788743289.3524098,7.805955563770176,3.144209021217062,0.0
map,25,369,1788743289.3524098,7.825894223735254,3.159289282672244,0.0
map,25,370,1788743289.3524098,7.835270749753882,3.182464331845704,0.0
map,25,371,1788743289.3524098,7.848138486762032,3.2038983531611898,0.0
map,25,372,1788743289.3524098,7.862689268228856,3.2242276381320885,0.0
map,25,373,1788743289.3524098,7.912689268973914,3.2742276388771465,0.0
map,25,374,1788743289.3524098,7.9707,3.31,0.7715
map,26,0,1788743290.3703163,6.162689242896882,-5.625772493743188,0.0
map,26,1,1788743290.3703163,6.154626498636112,-5.59483377257904,0.0
map,26,2,1788743290.3703163,6.1503753999399535,-5.570198457270539,0.0
map,26,3,1788743290.3703163,6.144442782664051,-5.545911042357847,0.0
map,26,4,1788743290.3703163,6.1369675017909415,-5.522055451182059,0.0
map,26,5,1788743290.3703163,6.127351412780463,-5.498978058260054,0.0
map,26,6,1788743290.3703163,6.115493807623302,-5.476970306467269,0.0
map,26,7,1788743290.3703163,6.103350863106421,-5.455116668446312,0.0
map,26,8,1788743290.3703163,6.090991243781623,-5.433386626618603,0.0
map,26,9,1788743290.3703163,6.078640779730399,-5.411648955396249,0.0
map,26,10,1788743290.3703163,6.066020235108745,-5.390069975582509,0.0
map,26,11,1788743290.3703163,6.053456148007463,-5.368455900553403,0.0
map,26,12,1788743290.3703163,6.040763887076146,-5.346916593591818,0.0
map,26,13,1788743290.3703163,6.028108247239125,-5.325357450204155,0.0
map,26,14,1788743290.3703163,6.01529239011456,-5.303891385431161,0.0
map,26,15,1788743290.3703163,6.002392609648901,-5.282477200541752,0.0
map,26,16,1788743290.3703163,5.989527924398608,-5.261041653347338,0.0
map,26,17,1788743290.3703163,5.976571686412576,-5.239661037794367,0.0
map,26,18,1788743290.3703163,5.963621551942261,-5.218275844604609,0.0
map,26,19,1788743290.3703163,5.950508148426543,-5.196991359424164,0.0
map,26,20,1788743290.3703163,5.937261993444004,-5.175789271705884,0.0
map,26,21,1788743290.3703163,5.923005706610475,-5.1552524672006435,0.0
map,26,22,1788743290.3703163,5.909288055038878,-5.1343509776313745,0.0
map,26,23,1788743290.3703163,5.892114287693126,-5.116183863102851,0.0
map,26,24,1788743290.3703163,5.877815276249585,-5.09567757617619,0.0
map,26,25,1788743290.3703163,5.862689238426533,-5.0757724855475495,0.0
map,26,26,1788743290.3703163,5.812689237681475,-5.025772484802491,0.0
map,26,27,1788743290.3703163,5.762689236936417,-4.975772484057433,0.0
map,26,28,1788743290.3703163,5.712689236191359,-4.925772483312375,0.0
map,26,29,1788743290.3703163,5.662689235446301,-4.875772482567317,0.0
map,26,30,1788743290.3703163,5.667114284340364,-4.84129219640899,0.0
map,26,31,1788743290.3703163,5.649182155166905,-4.82387276255567,0.0
map,26,32,1788743290.3703163,5.628639247145948,-4.809625630995715,0.0
map,26,33,1788743290.3703163,5.6074249523962365,-4.796399312439252,0.0
map,26,34,1788743290.3703163,5.588296534142451,-4.780302815617365,0.0
map,26,35,1788743290.3703163,5.585101343665151,-4.75550728302132,0.0
map,26,36,1788743290.3703163,5.570648218449783,-4.735109333498617,0.0
map,26,37,1788743290.3703163,5.5534149418258,-4.716998676490466,0.0
map,26,38,1788743290.3703163,5.574217249264684,-4.7031345405416864,0.0
map,26,39,1788743290.3703163,5.5930465952483885,-4.686687091566132,0.0
map,26,40,1788743290.3703163,5.592282129904966,-4.6616992982250345,0.0
map,26,41,1788743290.3703163,5.591835047378773,-4.636702349610363,0.0
map,26,42,1788743290.3703163,5.5942550913601465,-4.611819841915366,0.0
map,26,43,1788743290.3703163,5.596827723234419,-4.586952593009659,0.0
map,26,44,1788743290.3703163,5.598867823362475,-4.562036515978225,0.0
map,26,45,1788743290.3703163,5.600811793118005,-4.537112809552145,0.0
map,26,46,1788743290.3703163,5.60172426871754,-4.512128067968906,0.0
map,26,47,1788743290.3703163,5.602680994806015,-4.487146378143525,0.0
map,26,48,1788743290.3703163,5.603460718938727,-4.462158584802427,0.0
map,26,49,1788743290.3703163,5.604272486528949,-4.437172317340259,0.0
map,26,50,1788743290.3703163,5.604988123746644,-4.412182998120233,0.0
map,26,51,1788743290.3703163,5.6057327526639895,-4.387193678900207,0.0
map,26,52,1788743290.3703163,5.606422449939892,-4.362202833801252,0.0
map,26,53,1788743290.3703163,5.607145716552232,-4.337213514581226,0.0
map,26,54,1788743290.3703163,5.60784151734385,-4.312222669482271,0.0
map,26,55,1788743290.3703163,5.608572413350835,-4.287234876141174,0.0
map,26,56,1788743290.3703163,5.609297205842104,-4.2622440310422185,0.0
map,26,57,1788743290.3703163,5.610060145306598,-4.237256237701121,0.0
map,26,58,1788743290.3703163,5.614169337262361,-4.2125965083297565,0.0
map,26,59,1788743290.3703163,5.618382288985295,-4.1879535636266105,0.0
map,26,60,1788743290.3703163,5.622634913560383,-4.1633182483181095,0.0
map,26,61,1788743290.3703163,5.626982142629068,-4.138698191798898,0.0
map,26,62,1788743290.3703163,5.631356837518474,-4.114084238795403,0.0
map,26,63,1788743290.3703163,5.6358169816279045,-4.089485544581198,0.0
map,26,64,1788743290.3703163,5.640303065679127,-4.064891428003779,0.0
map,26,65,1788743290.3703163,5.6448700213135865,-4.040312570215651,0.0
map,26,66,1788743290.3703163,5.6494629168898385,-4.015738290064309,0.0
map,26,67,1788743290.3703163,5.654129054654682,-3.9911777428233286,0.0
map,26,68,1788743290.3703163,5.658821132361318,-3.966621773219135,0.0
map,26,69,1788743290.3703163,5.663690212023717,-3.942099372951379,0.0
map,26,70,1788743290.3703163,5.668571498717547,-3.91758155032041,0.0
map,26,71,1788743290.3703163,5.6735046652949634,-3.893072882963015,0.0
map,26,72,1788743290.3703163,5.6784469871459535,-3.8685657414845487,0.0
map,26,73,1788743290.3703163,5.683436611243742,-3.8440692811585855,0.0
map,26,74,1788743290.3703163,5.688436916494034,-3.8195743467115513,0.0
map,26,75,1788743290.3703163,5.693481472233266,-3.795088567538091,0.0
map,26,76,1788743290.3703163,5.698536709125001,-3.7706043142435597,0.0
map,26,77,1788743290.3703163,5.703634670626748,-3.7461307421015313,0.0
map,26,78,1788743290.3703163,5.708741787402069,-3.721657169959503,0.0
map,26,79,1788743290.3703163,5.713945034549916,-3.6972049601224803,0.0
map,26,80,1788743290.3703163,5.7191513334556205,-3.672752750285458,0.0
map,26,81,1788743290.3703163,5.724389675818834,-3.64830816984308,0.0
map,26,82,1788743290.3703163,5.729632595818835,-3.6238635894007025,0.0
map,26,83,1788743290.3703163,5.734906033397415,-3.59942663835297,0.0
map,26,84,1788743290.3703163,5.740182522733853,-3.574989687305237,0.0
map,26,85,1788743290.3703163,5.7454895296488715,-3.5505588397732204,0.0
map,26,86,1788743290.3703163,5.750820950626753,-3.5261340957569196,0.0
map,26,87,1788743290.3703163,5.756161526878209,-3.501712403498477,0.0
map,26,88,1788743290.3703163,5.761526517192529,-3.477293762997892,0.0
map,26,89,1788743290.3703163,5.766893033385777,-3.452876648376236,0.0
map,26,90,1788743290.3703163,5.772285489520819,-3.428465637270296,0.0
map,26,91,1788743290.3703163,5.777690152687292,-3.4040561520432853,0.0
map,26,92,1788743290.3703163,5.7831177040377,-3.3796527703319903,0.0
map,26,93,1788743290.3703163,5.788555936540611,-3.3552509144996243,0.0
map,26,94,1788743290.3703163,5.794015531348528,-3.3308551621829743,0.0
map,26,95,1788743290.3703163,5.7994842814300185,-3.3064609357452532,0.0
map,26,96,1788743290.3703163,5.804971342058657,-3.28206976106539,0.0
map,26,97,1788743290.3703163,5.8104675579608696,-3.257681638143385,0.0
map,26,98,1788743290.3703163,5.815925626889857,-3.233284359947806,0.0
map,26,99,1788743290.3703163,5.821405058123851,-3.208893185267943,0.0
map,26,100,1788743290.3703163,5.826911955178566,-3.184506588224867,0.0
map,26,101,1788743290.3703163,5.832434111022572,-3.1601245688185777,0.0
map,26,102,1788743290.3703163,5.837979155050512,-3.1357471270490755,0.0
map,26,103,1788743290.3703163,5.843534880230955,-3.1113727370374313,0.0
map,26,104,1788743290.3703163,5.849111967716404,-3.087002924662574,0.0
map,26,105,1788743290.3703163,5.854698210475426,-3.062634638166646,0.0
map,26,106,1788743290.3703163,5.860302763781597,-3.0382709293075045,0.0
map,26,107,1788743290.3703163,5.865831023141318,-3.0138889099012154,0.0
map,26,108,1788743290.3703163,5.871391325958548,-2.9895160457685,0.0
map,26,109,1788743290.3703163,5.876972991080784,-2.965146233393643,0.0
map,26,110,1788743290.3703163,5.8825821220237415,-2.9407840504134306,0.0
map,26,111,1788743290.3703163,5.888206511755989,-2.9164249191910763,0.0
map,26,112,1788743290.3703163,5.893853789672171,-2.892070365605509,0.0
map,26,113,1788743290.3703163,5.899511748740856,-2.8677203896567285,0.0
map,26,114,1788743290.3703163,5.905189544235618,-2.843373465465806,0.0
map,26,115,1788743290.3703163,5.910876495003954,-2.8190280671538126,0.0
map,26,116,1788743290.3703163,5.916479522431196,-2.7946643582946713,0.0
map,26,117,1788743290.3703163,5.922111541558088,-2.770306752951246,0.0
map,26,118,1788743290.3703163,5.92777407826356,-2.7459567770024655,0.0
map,26,119,1788743290.3703163,5.933457977274038,-2.721611378690472,0.0
map,26,120,1788743290.3703163,5.93916629034738,-2.6972720838941946,0.0
map,26,121,1788743290.3703163,5.944888336331083,-2.672935840855775,0.0
map,26,122,1788743290.3703163,5.950631744619791,-2.6486041754541425,0.0
map,26,123,1788743290.3703163,5.9563858340610025,-2.624275561810368,0.0
map,26,124,1788743290.3703163,5.962158234049362,-2.5999515258033803,0.0
map,26,125,1788743290.3703163,5.967837555423053,-2.575604601612458,0.0
map,26,126,1788743290.3703163,5.973550446133181,-2.5512668326951093,0.0
map,26,127,1788743290.3703163,5.97929385442189,-2.526935167293477,0.0
map,26,128,1788743290.3703163,5.985058625015604,-2.502608079528631,0.0
map,26,129,1788743290.3703163,5.990847809672182,-2.4782886211584305,0.0
map,26,130,1788743290.3703163,5.996653778996979,-2.453972214546088,0.0
map,26,131,1788743290.3703163,6.002479584747853,-2.429660385570532,0.0
map,26,132,1788743290.3703163,6.008317597530159,-2.4053516083528343,0.0
map,26,133,1788743290.3703163,6.014044221150648,-2.381015365314415,0.0
map,26,134,1788743290.3703163,6.0198044141075755,-2.356688277549569,0.0
map,26,135,1788743290.3703163,6.0255981764009405,-2.3323688191793686,0.0
map,26,136,1788743290.3703163,6.031417878636098,-2.308055464324884,0.0
map,26,137,1788743290.3703163,6.037263520813049,-2.283748212986115,0.0
map,26,138,1788743290.3703163,6.043128999416076,-2.2594470651630623,0.0
map,26,139,1788743290.3703163,6.04901584032411,-2.2351489690978674,0.0
map,26,140,1788743290.3703163,6.054916414142504,-2.2108554506694595,0.0
map,26,141,1788743290.3703163,6.060835298508046,-2.1865665098778386,0.0
map,26,142,1788743290.3703163,6.066644319590701,-2.162251629144425,0.0
map,26,143,1788743290.3703163,6.07249148764658,-2.137944377805656,0.0
map,26,144,1788743290.3703163,6.078366121523182,-2.1136447558615323,0.0
map,26,145,1788743290.3703163,6.084268221220505,-2.0893512374331245,0.0
map,26,146,1788743290.3703163,6.090193209101763,-2.0650638225204325,0.0
map,26,147,1788743290.3703163,6.0961410851669555,-2.0407809852445276,0.0
map,26,148,1788743290.3703163,6.102104220021438,-2.0165027256054096,0.0
map,26,149,1788743290.3703163,6.108085665423069,-1.9922290436030785,0.0
map,26,150,1788743290.3703163,6.11394504051038,-1.9679248440221677,0.0
map,26,151,1788743290.3703163,6.119842562570916,-1.9436313255937598,0.0
map,26,152,1788743290.3703163,6.125772128088961,-1.919343910681068,0.0
map,26,153,1788743290.3703163,6.131730685306657,-1.895064125163021,0.0
map,26,154,1788743290.3703163,6.137713656587216,-1.8707904431606899,0.0
map,26,155,1788743290.3703163,6.14372104193064,-1.8465228646740748,0.0
map,26,156,1788743290.3703163,6.149743686063353,-1.8222598638242467,0.0
map,26,157,1788743290.3703163,6.155787692501072,-1.7980014406112055,0.0
map,26,158,1788743290.3703163,6.161843905970223,-1.7737460691560223,0.0
map,26,159,1788743290.3703163,6.167794833793273,-1.7494647577590463,0.0
map,26,160,1788743290.3703163,6.173780856831691,-1.7251926016356443,0.0
map,26,161,1788743290.3703163,6.179798923327617,-1.7009265490279581,0.0
map,26,162,1788743290.3703163,6.185844455644265,-1.676669651693846,0.0
map,26,163,1788743290.3703163,6.191912876144848,-1.6524173319965207,0.0
map,26,164,1788743290.3703163,6.198002658950436,-1.6281695899359825,0.0
map,26,165,1788743290.3703163,6.204109226424244,-1.6039264255122312,0.0
map,26,166,1788743290.3703163,6.210234104445199,-1.5796893646041958,0.0
map,26,167,1788743290.3703163,6.216241489788622,-1.5554217861175808,0.0
map,26,168,1788743290.3703163,6.22228702210527,-1.5311633629045396,0.0
map,26,169,1788743290.3703163,6.228363072000498,-1.5069125690861433,0.0
map,26,170,1788743290.3703163,6.234469639474305,-1.482670930541321,0.0
map,26,171,1788743290.3703163,6.240599095132048,-1.4584338696332857,0.0
map,26,172,1788743290.3703163,6.246751438973725,-1.4342029122409663,0.0
map,26,173,1788743290.3703163,6.252920567483621,-1.4099750066065049,0.0
map,26,174,1788743290.3703163,6.259108006540664,-1.3857532044877594,0.0
map,26,175,1788743290.3703163,6.26517184940446,-1.3614993589115052,0.0
map,26,176,1788743290.3703163,6.27127536512041,-1.337256194487754,0.0
map,26,177,1788743290.3703163,6.277412450172797,-1.3130206594586475,0.0
map,26,178,1788743290.3703163,6.283578526924835,-1.2887927538241861,0.0
map,26,179,1788743290.3703163,6.2897674918608075,-1.2645724775843696,0.0
map,26,180,1788743290.3703163,6.295982396738573,-1.2403567789813401,0.0
map,26,181,1788743290.3703163,6.3022140862845575,-1.2161456580150976,0.0
map,26,182,1788743290.3703163,6.30846408637769,-1.191939114685642,0.0
map,26,183,1788743290.3703163,6.314585912640787,-1.1677005278986776,0.0
map,26,184,1788743290.3703163,6.320747411756038,-1.1434726222642162,0.0
map,26,185,1788743290.3703163,6.326942480207727,-1.1192523460243997,0.0
map,26,186,1788743290.3703163,6.333169592116924,-1.0950396991792282,0.0
map,26,187,1788743290.3703163,6.3394211180889855,-1.0708331558497726,0.0
map,26,188,1788743290.3703163,6.3456970581239105,-1.046634241914962,0.0
map,26,189,1788743290.3703163,6.351989782827054,-1.0224399056169382,0.0
map,26,190,1788743290.3703163,6.358300818077346,-0.9982486210767725,0.0
map,26,191,1788743290.3703163,6.364482153618674,-0.974025293079098,0.0
map,26,192,1788743290.3703163,6.3707031620121555,-0.9498111203549975,0.0
map,26,193,1788743290.3703163,6.376957739742075,-0.9256061029044709,0.0
map,26,194,1788743290.3703163,6.383244360929503,-0.9014102407275182,0.0
map,26,195,1788743290.3703163,6.389556922058723,-0.8772204820662814,0.0
map,26,196,1788743290.3703163,6.39589084549295,-0.8530353010418317,0.0
map,26,197,1788743290.3703163,6.402244605353253,-0.8288562235330978,0.0
map,26,198,1788743290.3703163,6.408613624002847,-0.804681723661151,0.0
map,26,199,1788743290.3703163,6.414852942943476,-0.7804721285738374,0.0
map,26,200,1788743290.3703163,6.421133460615188,-0.7562747405179557,0.0
map,26,201,1788743290.3703163,6.427447547623338,-0.732084981856719,0.0
map,26,202,1788743290.3703163,6.433793678088996,-0.7079043784690562,0.0
map,26,203,1788743290.3703163,6.440164222617518,-0.6837298785971093,0.0
map,26,204,1788743290.3703163,6.4465576553299755,-0.6595599563619494,0.0
map,26,205,1788743290.3703163,6.452970924468509,-0.6353961376425055,0.0
map,26,206,1788743290.3703163,6.459397926517404,-0.6112368965598485,0.0
map,26,207,1788743290.3703163,6.465695228857335,-0.5870440861407538,0.0
map,26,208,1788743290.3703163,6.472035255807278,-0.562860430995233,0.0
map,26,209,1788743290.3703163,6.478410377972587,-0.5386874570022151,0.0
map,26,210,1788743290.3703163,6.484814491837547,-0.5145205865249132,0.0
map,26,211,1788743290.3703163,6.4912445456442995,-0.49036287132118517,0.0
map,26,212,1788743290.3703163,6.497694435877129,-0.46620820787531514,0.0
map,26,213,1788743290.3703163,6.504162636657107,-0.44205964794516106,0.0
map,26,214,1788743290.3703163,6.510647622105303,-0.41791566565179394,0.0
map,26,215,1788743290.3703163,6.51692051038237,-0.3937152258380543,0.0
map,26,216,1788743290.3703163,6.5232574855744545,-0.3695315706925335,0.0
map,26,217,1788743290.3703163,6.529640237134409,-0.3453601225784446,0.0
map,26,218,1788743290.3703163,6.5360657133043745,-0.3212008814957876,0.0
map,26,219,1788743290.3703163,6.542524758810778,-0.2970492698077756,0.0
map,26,220,1788743290.3703163,6.54901584777469,-0.27290681339333744,0.0
map,26,221,1788743290.3703163,6.55552524728575,-0.24876893461568628,0.0
map,26,222,1788743290.3703163,6.562056009101816,-0.22463715935375106,0.0
map,26,223,1788743290.3703163,6.568360940836392,-0.20044434893465635,0.0
map,26,224,1788743290.3703163,6.574728433607056,-0.17626984906270948,0.0
map,26,225,1788743290.3703163,6.581152383898093,-0.1521090821011235,0.0
map,26,226,1788743290.3703163,6.587619058799142,-0.12795899629204044,0.0
map,26,227,1788743290.3703163,6.594126932431273,-0.10382111751438927,0.0
map,26,228,1788743290.3703163,6.600662271884126,-0.07969086813138304,0.0
map,26,229,1788743290.3703163,6.607223551278771,-0.05556672226409276,0.0
map,26,230,1788743290.3703163,6.613511698345128,-0.03137086008714007,0.0
map,26,231,1788743290.3703163,6.619880716994722,-0.007196360215193209,0.0
map,26,232,1788743290.3703163,6.626309244922545,0.01696288086746378,0.0
map,26,233,1788743290.3703163,6.632795756249671,0.0411068631608309,0.0
map,26,234,1788743290.3703163,6.63932194042895,0.0652401643016951,0.0
map,26,235,1788743290.3703163,6.645884745702524,0.0893627842900564,0.0
map,26,236,1788743290.3703163,6.652471965038963,0.11348082664163073,0.0
map,26,237,1788743290.3703163,6.659082072559336,0.13759123959856012,0.0
map,26,238,1788743290.3703163,6.665229838764226,0.16182219699087952,0.0
map,26,239,1788743290.3703163,6.671516459951654,0.1860195850467612,0.0
map,26,240,1788743290.3703163,6.677888530359105,0.21019408491870806,0.0
map,26,241,1788743290.3703163,6.684349101744438,0.23434417072779112,0.0
map,26,242,1788743290.3703163,6.690863078892285,0.2584805236265133,0.0
map,26,243,1788743290.3703163,6.6974335135605045,0.2826016177359456,0.0
map,26,244,1788743290.3703163,6.704037517565162,0.306713556571804,0.0
map,26,245,1788743290.3703163,6.710691875574476,0.3308117624973015,0.0
map,26,246,1788743290.3703163,6.716445965015687,0.3551403761410761,0.0
map,26,247,1788743290.3703163,6.722454876238039,0.37940795462769117,0.0
map,26,248,1788743290.3703163,6.72861637535329,0.4036373861410816,0.0
map,26,249,1788743290.3703163,6.734939617635014,0.42782409304446034,0.0
map,26,250,1788743290.3703163,6.74136509380498,0.4519848600060463,0.0
map,26,251,1788743290.3703163,6.747915692047123,0.4761105317522656,0.0
map,26,252,1788743290.3703163,6.754518170172851,0.500222470588124,0.0
map,26,253,1788743290.3703163,6.761177105818952,0.5243206765136215,0.0
map,26,254,1788743290.3703163,6.766059918391711,0.5488384991445905,0.0
map,26,255,1788743290.3703163,6.771322674817789,0.5732785019501812,0.0
map,26,256,1788743290.3703163,6.776985211523261,0.5976284778989616,0.0
map,26,257,1788743290.3703163,6.782904095888803,0.6219174186905825,0.0
map,26,258,1788743290.3703163,6.789090009066918,0.6461407466882569,0.0
map,26,259,1788743290.3703163,6.795431561895789,0.6703228759548487,0.0
map,26,260,1788743290.3703163,6.8019241767386305,0.6944653323692869,0.0
map,26,261,1788743290.3703163,6.808508344317211,0.7185818488419322,0.0
map,26,262,1788743290.3703163,6.813291974759586,0.7431210337779071,0.0
map,26,263,1788743290.3703163,6.817070050987759,0.7678326430328575,0.0
map,26,264,1788743290.3703163,6.817343183316048,0.7928311175264575,0.0
map,26,265,1788743290.3703163,6.818391462140262,0.8178097555939807,0.0
map,26,266,1788743290.3703163,6.822862287402195,0.8424069239292571,0.0
map,26,267,1788743290.3703163,6.826515241558191,0.8671383696102843,0.0
map,26,268,1788743290.3703163,6.827395673700217,0.8921231111935235,0.0
map,26,269,1788743290.3703163,6.828889509171695,0.9170788610771119,0.0
map,26,270,1788743290.3703163,6.833049055132115,0.9417294351749028,0.0
map,26,271,1788743290.3703163,6.836560102547715,0.9664822431609359,0.0
map,26,272,1788743290.3703163,6.837803693874839,0.9914517259548852,0.0
map,26,273,1788743290.3703163,6.839633222710695,1.0163845876545388,0.0
map,26,274,1788743290.3703163,6.843409773059939,1.0410977227884182,0.0
map,26,275,1788743290.3703163,6.846916242838752,1.0658505307744512,0.0
map,26,276,1788743290.3703163,6.849169966016866,1.0907482972587381,0.0
map,26,277,1788743290.3703163,6.8521744216280425,1.1155667180387177,0.0
map,26,278,1788743290.3703163,6.8576065506152375,1.1399700997500126,0.0
map,26,279,1788743290.3703163,6.862521406645506,1.1644818188652657,0.0
map,26,280,1788743290.3703163,6.884558150137941,1.176287544138841,0.0
map,26,281,1788743290.3703163,6.904093978065767,1.1918881303088078,0.0
map,26,282,1788743290.3703163,6.920442244910937,1.2108013996336062,0.0
map,26,283,1788743290.3703163,6.918049666750285,1.2356869590864612,0.0
map,26,284,1788743290.3703163,6.914849898636199,1.260480965803577,0.0
map,26,285,1788743290.3703163,6.912110945958666,1.2853299041621362,0.0
map,26,286,1788743290.3703163,6.9085831138748475,1.3100796603903113,0.0
map,26,287,1788743290.3703163,6.904705855516291,1.3347775367349008,0.0
map,26,288,1788743290.3703163,6.914453170114662,1.3577984721365333,0.0
map,26,289,1788743290.3703163,6.923786971523278,1.3809903059782123,0.0
map,26,290,1788743290.3703163,6.933195540999414,1.4041531481202405,0.0
map,26,291,1788743290.3703163,6.942381332151918,1.42740449124015,0.0
map,26,292,1788743290.3703163,6.9517029265291015,1.450602428597545,0.0
map,26,293,1788743290.3703163,6.96113743594703,1.4737530637081413,0.0
map,26,294,1788743290.3703163,6.971090744200815,1.4966854981318924,0.0
map,26,295,1788743290.3703163,6.981091354701398,1.5195980961295668,0.0
map,26,296,1788743290.3703163,6.991023300650177,1.5425412117058208,0.0
map,26,297,1788743290.3703163,7.001026962908618,1.5654522838245661,0.0
map,26,298,1788743290.3703163,7.010997055830622,1.5883786147326013,0.0
map,26,299,1788743290.3703163,7.021189927076257,1.6112072893891813,0.0
map,26,300,1788743290.3703163,7.031376694806177,1.6340359640457613,0.0
map,26,301,1788743290.3703163,7.041642808240404,1.6568325952448326,0.0
map,26,302,1788743290.3703163,7.051896714643199,1.6796322782017619,0.0
map,26,303,1788743290.3703163,7.0622284408713725,1.7023968659433244,0.0
map,26,304,1788743290.3703163,7.072552537704901,1.725166031321674,0.0
map,26,305,1788743290.3703163,7.082972764910956,1.7478909462110828,0.0
map,26,306,1788743290.3703163,7.09346928606346,1.770580765885125,0.0
map,26,307,1788743290.3703163,7.103990221278828,1.7932583785277352,0.0
map,26,308,1788743290.3703163,7.114431810789888,1.8159741381435701,0.0
map,26,309,1788743290.3703163,7.124958849520972,1.8386502249072514,0.0
map,26,310,1788743290.3703163,7.135583544503511,1.861279009424134,0.0
map,26,311,1788743290.3703163,7.146247912338204,1.8838910092727978,0.0
map,26,312,1788743290.3703163,7.156991625877204,1.906464862148237,0.0
map,26,313,1788743290.3703163,7.167607165586169,1.9290982243019066,0.0
map,26,314,1788743290.3703163,7.178338672093737,1.9516781806930616,0.0
map,26,315,1788743290.3703163,7.189128162000607,1.974230671263495,0.0
map,26,316,1788743290.3703163,7.200004627006429,1.9967404372239166,0.0
map,26,317,1788743290.3703163,7.210952808321913,2.0192151079689715,0.0
map,26,318,1788743290.3703163,7.221780445202008,2.041749287992257,0.0
map,26,319,1788743290.3703163,7.232717945364989,2.064230062253028,0.0
map,26,320,1788743290.3703163,7.243719532442988,2.08667879305629,0.0
map,26,321,1788743290.3703163,7.254800465225294,2.1090878510073985,0.0
map,26,322,1788743290.3703163,7.265712025446483,2.1315823581785303,0.0
map,26,323,1788743290.3703163,7.2767487077398485,2.1540143043135735,0.0
map,26,324,1788743290.3703163,7.2878601581007345,2.176408103475392,0.0
map,26,325,1788743290.3703163,7.299061635318431,2.198759178027199,0.0
map,26,326,1788743290.3703163,7.310336354724718,2.2210721056057814,0.0
map,26,327,1788743290.3703163,7.321466115632752,2.243458275372955,0.0
map,26,328,1788743290.3703163,7.332711843339389,2.265786461740827,0.0
map,26,329,1788743290.3703163,7.3440292873556885,2.2880780270144037,0.0
map,26,330,1788743290.3703163,7.355427602955224,2.3103283935568975,0.0
map,26,331,1788743290.3703163,7.36664433896221,2.3326703128351305,0.0
map,26,332,1788743290.3703163,7.377987722920302,2.354949671077275,0.0
map,26,333,1788743290.3703163,7.38941350434056,2.377184778830479,0.0
map,26,334,1788743290.3703163,7.4009262608597695,2.3993771619736712,0.0
map,26,335,1788743290.3703163,7.412509207809713,2.421531398143639,0.0
map,26,336,1788743290.3703163,7.42395024801926,2.443758876502198,0.0
map,26,337,1788743290.3703163,7.435505729148481,2.4659283714614553,0.0
map,26,338,1788743290.3703163,7.447139030103081,2.48805666768963,0.0
map,26,339,1788743290.3703163,7.458845573246272,2.51014681694458,0.0
map,26,340,1788743290.3703163,7.470382743828345,2.5323254671774116,0.0
map,26,341,1788743290.3703163,7.48203893296688,2.5544415563741545,0.0
map,26,342,1788743290.3703163,7.493783623083296,2.5765118692030278,0.0
map,26,343,1788743290.3703163,7.505603081267232,2.5985409833008184,0.0
map,26,344,1788743290.3703163,7.517219597553613,2.620678434802567,0.0
map,26,345,1788743290.3703163,7.528970391185744,2.6427441699946534,0.0
map,26,346,1788743290.3703163,7.540826470463976,2.6647534476663672,0.0
map,26,347,1788743290.3703163,7.5527573178097285,2.6867230524859274,0.0
map,26,348,1788743290.3703163,7.563720757914503,2.7091916197152663,0.0
map,26,349,1788743290.3703163,7.575170953397624,2.7314160463159673,0.0
map,26,350,1788743290.3703163,7.586868341267241,2.7535092473287754,0.0
map,26,351,1788743290.3703163,7.59881902503907,2.7754681709958327,0.0
map,26,352,1788743290.3703163,7.610887201488431,2.7973630077478724,0.0
map,26,353,1788743290.3703163,7.622239740720097,2.819636262474301,0.0
map,26,354,1788743290.3703163,7.634010370778306,2.8416913165138844,0.0
map,26,355,1788743290.3703163,7.646034296738726,2.863610567328788,0.0
map,26,356,1788743290.3703163,7.658273371628134,2.8854092737083015,0.0
map,26,357,1788743290.3703163,7.669873103246296,2.907555880483624,0.0
map,26,358,1788743290.3703163,7.681939753816728,2.929450717235664,0.0
map,26,359,1788743290.3703163,7.694223079195076,2.9512250095523136,0.0
map,26,360,1788743290.3703163,7.713470516005323,2.9671795996338055,0.0
map,26,361,1788743290.3703163,7.723378047891238,2.9901333963625625,0.0
map,26,362,1788743290.3703163,7.734416256063533,3.012563816618677,0.0
map,26,363,1788743290.3703163,7.746546993548982,3.03442355815535,0.0
map,26,364,1788743290.3703163,7.759271297937808,3.0559430286908587,0.0
map,26,365,1788743290.3703163,7.769250546133385,3.078864781962107,0.0
map,26,366,1788743290.3703163,7.780458126866797,3.101211278877127,0.0
map,26,367,1788743290.3703163,7.792744504003004,3.1229840453148476,0.0
map,26,368,1788743290.3703163,7.805955563770176,3.144209021217062,0.0
map,26,369,1788743290.3703163,7.825894223735254,3.159289282672244,0.0
map,26,370,1788743290.3703163,7.835270749753882,3.182464331845704,0.0
map,26,371,1788743290.3703163,7.848138486762032,3.2038983531611898,0.0
map,26,372,1788743290.3703163,7.862689268228856,3.2242276381320885,0.0
map,26,373,1788743290.3703163,7.912689268973914,3.2742276388771465,0.0
map,26,374,1788743290.3703163,7.9707,3.31,0.7715
map,27,0,1788743291.3975968,6.21268924364194,-5.9757724989585945,0.0
map,27,1,1788743291.3975968,6.209880100533674,-5.950241492718778,0.0
map,27,2,1788743291.3975968,6.208428989672207,-5.9252842169562605,0.0
map,27,3,1788743291.3975968,6.2064194071227305,-5.900365088166968,0.0
map,27,4,1788743291.3975968,6.2038818704638246,-5.875494787503403,0.0
map,27,5,1788743291.3975968,6.200582920219354,-5.850712987817719,0.0
map,27,6,1788743291.3975968,6.196406589590715,-5.826063939598857,0.0
map,27,7,1788743291.3975968,6.19138187027756,-5.801575108667539,0.0
map,27,8,1788743291.3975968,6.1852844580773265,-5.777328892485929,0.0
map,27,9,1788743291.3975968,6.178192172815393,-5.753355808632609,0.0
map,27,10,1788743291.3975968,6.16989444319956,-5.729773349785109,0.0
map,27,11,1788743291.3975968,6.160778842477789,-5.706494540844478,0.0
map,27,12,1788743291.3975968,6.151516757378836,-5.683273715303148,0.0
map,27,13,1788743291.3975968,6.142236361732735,-5.660060519156463,0.0
map,27,14,1788743291.3975968,6.132785067646587,-5.636915987561583,0.0
map,27,15,1788743291.3975968,6.123275790161138,-5.613794344150637,0.0
map,27,16,1788743291.3975968,6.11358340720421,-5.59075052056507,0.0
map,27,17,1788743291.3975968,6.103901705399785,-5.567700593463787,0.0
map,27,18,1788743291.3975968,6.094126924980692,-5.544690339214657,0.0
map,27,19,1788743291.3975968,6.084342989288025,-5.521684662602315,0.0
map,27,20,1788743291.3975968,6.0744507161914,-5.498724762357842,0.0
map,27,21,1788743291.3975968,6.06446078684332,-5.475807586723381,0.0
map,27,22,1788743291.3975968,6.0544647539795236,-5.452893462846777,0.0
map,27,23,1788743291.3975968,6.044413789474284,-5.430002227154109,0.0
map,27,24,1788743291.3975968,6.034352143816541,-5.407117094977156,0.0
map,27,25,1788743291.3975968,6.024221833606994,-5.3842609544998545,0.0
map,27,26,1788743291.3975968,6.014068635213512,-5.361415495175056,0.0
map,27,27,1788743291.3975968,6.0038589792996575,-5.33859597579205,0.0
map,27,28,1788743291.3975968,5.993641693991158,-5.3157795081669015,0.0
map,27,29,1788743291.3975968,5.983366425283357,-5.292987454604617,0.0
map,27,30,1788743291.3975968,5.973078949544124,-5.270203030436978,0.0
map,27,31,1788743291.3975968,5.962731964526661,-5.247444546211131,0.0
map,27,32,1788743291.3975968,5.95233615138347,-5.224708950169219,0.0
map,27,33,1788743291.3975968,5.941854889020256,-5.202011501100532,0.0
map,27,34,1788743291.3975968,5.931303436226308,-5.179347621368283,0.0
map,27,35,1788743291.3975968,5.920072967308961,-5.157011805605766,0.0
map,27,36,1788743291.3975968,5.909220916366003,-5.134489832613912,0.0
map,27,37,1788743291.3975968,5.892547637308958,-5.115861902648835,0.0
map,27,38,1788743291.3975968,5.878076201546442,-5.095476160157563,0.0
map,27,39,1788743291.3975968,5.862689238426533,-5.0757724855475495,0.0
map,27,40,1788743291.3975968,5.812689237681475,-5.025772484802491,0.0
map,27,41,1788743291.3975968,5.762689236936417,-4.975772484057433,0.0
map,27,42,1788743291.3975968,5.712689236191359,-4.925772483312375,0.0
map,27,43,1788743291.3975968,5.662689235446301,-4.875772482567317,0.0
map,27,44,1788743291.3975968,5.670901515842111,-4.87558785121691,0.0
map,27,45,1788743291.3975968,5.660316493711726,-4.85293923027395,0.0
map,27,46,1788743291.3975968,5.64991305117389,-4.830206685989896,0.0
map,27,47,1788743291.3975968,5.6286209365988,-4.817105489505611,0.0
map,27,48,1788743291.3975968,5.606959559322895,-4.804625325745423,0.0
map,27,49,1788743291.3975968,5.58840334566748,-4.787872700984071,0.0
map,27,50,1788743291.3975968,5.586473108822311,-4.762947468679062,0.0
map,27,51,1788743291.3975968,5.574353052489364,-4.741081623626673,0.0
map,27,52,1788743291.3975968,5.554353357367127,-4.7260807078757985,0.0
map,27,53,1788743291.3975968,5.574726892826966,-4.711594013323992,0.0
map,27,54,1788743291.3975968,5.594097925830461,-4.69579048525647,0.0
map,27,55,1788743291.3975968,5.593023707064454,-4.670813373067876,0.0
map,27,56,1788743291.3975968,5.5922012583217295,-4.645827105605708,0.0
map,27,57,1788743291.3975968,5.59461214702953,-4.620943072031782,0.0
map,27,58,1788743291.3975968,5.597256495213465,-4.59608345252072,0.0
map,27,59,1788743291.3975968,5.599319483525456,-4.571168901368214,0.0
map,27,60,1788743291.3975968,5.601350428379938,-4.54625129845785,0.0
map,27,61,1788743291.3975968,5.6022339122798215,-4.521266556874611,0.0
map,27,62,1788743291.3975968,5.603181483094723,-4.49628486704923,0.0
map,27,63,1788743291.3975968,5.6039276378909975,-4.471295547829204,0.0
map,27,64,1788743291.3975968,5.604716517297284,-4.446307754488107,0.0
map,27,65,1788743291.3975968,5.605397059299612,-4.4213184352680805,0.0
map,27,66,1788743291.3975968,5.606114222396236,-4.396327590169125,0.0
map,27,67,1788743291.3975968,5.606770350335701,-4.37133674507017,0.0
map,27,68,1788743291.3975968,5.607463099369461,-4.346345899971215,0.0
map,27,69,1788743291.3975968,5.608125330824642,-4.32135505487226,0.0
map,27,70,1788743291.3975968,5.608827235131976,-4.296364209773305,0.0
map,27,71,1788743291.3975968,5.609518458286807,-4.271374890553279,0.0
map,27,72,1788743291.3975968,5.610253931930579,-4.246385571333253,0.0
map,27,73,1788743291.3975968,5.614450098985294,-4.221739574872249,0.0
map,27,74,1788743291.3975968,5.618762232838613,-4.197114940716251,0.0
map,27,75,1788743291.3975968,5.623114039544085,-4.1724964100759685,0.0
map,27,76,1788743291.3975968,5.627568080137799,-4.147896189982834,0.0
map,27,77,1788743291.3975968,5.632049586552235,-4.123300547526487,0.0
map,27,78,1788743291.3975968,5.636627223339197,-4.098723215617287,0.0
map,27,79,1788743291.3975968,5.641226222431165,-4.074150461344875,0.0
map,27,80,1788743291.3975968,5.645915248379943,-4.049594491740681,0.0
map,27,81,1788743291.3975968,5.650628688391585,-4.025043099773274,0.0
map,27,82,1788743291.3975968,5.655422999986463,-4.000506966595157,0.0
map,27,83,1788743291.3975968,5.660289027891004,-3.9759845663274014,0.0
map,27,84,1788743291.3975968,5.6649261739561965,-3.9514179155707048,0.0
map,27,85,1788743291.3975968,5.669673183304276,-3.926874152997943,0.0
map,27,86,1788743291.3975968,5.674505641872379,-3.902344123335542,0.0
map,27,87,1788743291.3975968,5.679423549660505,-3.877833930099218,0.0
map,27,88,1788743291.3975968,5.684397914969004,-3.853332892136468,0.0
map,27,89,1788743291.3975968,5.6894424707082365,-3.8288471129630075,0.0
map,27,90,1788743291.3975968,5.694528225178551,-3.804370489063121,0.0
map,27,91,1788743291.3975968,5.699673488927097,-3.7799060721946667,0.0
map,27,92,1788743291.3975968,5.704850796133151,-3.755447758841928,0.0
map,27,93,1788743291.3975968,5.710078457343862,-3.7310001266416926,0.0
map,27,94,1788743291.3975968,5.714941433490544,-3.7064777263739366,0.0
map,27,95,1788743291.3975968,5.719914272920114,-3.6819766884111864,0.0
map,27,96,1788743291.3975968,5.724978665085423,-3.657495486874513,0.0
map,27,97,1788743291.3975968,5.730128506470756,-3.6330325958849876,0.0
map,27,98,1788743291.3975968,5.7353424347711055,-3.608581911926894,0.0
map,27,99,1788743291.3975968,5.740621975865402,-3.5841449608791613,0.0
map,27,100,1788743291.3975968,5.745947293327568,-3.5597186909839316,0.0
map,27,101,1788743291.3975968,5.751326016552248,-3.5353046281201337,0.0
map,27,102,1788743291.3975968,5.756736783234437,-3.5108966687720518,0.0
map,27,103,1788743291.3975968,5.762194852163425,-3.4865009164554017,0.0
map,27,104,1788743291.3975968,5.766830472349689,-3.461934265698705,0.0
map,27,105,1788743291.3975968,5.771646146249573,-3.437402710157375,0.0
map,27,106,1788743291.3975968,5.77663882210522,-3.412906249831412,0.0
map,27,107,1788743291.3975968,5.781764249427688,-3.3884372553261706,0.0
map,27,108,1788743291.3975968,5.787007169427689,-3.363992674883793,0.0
map,27,109,1788743291.3975968,5.7923507974370025,-3.339569456746421,0.0
map,27,110,1788743291.3975968,5.797772245271695,-3.315164549156197,0.0
map,27,111,1788743291.3975968,5.803269987052836,-3.290776426234192,0.0
map,27,112,1788743291.3975968,5.808819608717563,-3.266400510343619,0.0
map,27,113,1788743291.3975968,5.81358645449172,-3.241859799528715,0.0
map,27,114,1788743291.3975968,5.8185608198002186,-3.217358761565965,0.0
map,27,115,1788743291.3975968,5.823687773001616,-3.1928912929396525,0.0
map,27,116,1788743291.3975968,5.8289566329434095,-3.168452816012991,0.0
map,27,117,1788743291.3975968,5.834342985562735,-3.144040279028122,0.0
map,27,118,1788743291.3975968,5.8398269944335155,-3.119649104348259,0.0
map,27,119,1788743291.3975968,5.845402556040035,-3.0952777660944726,0.0
map,27,120,1788743291.3975968,5.851043730440502,-3.070923212508905,0.0
map,27,121,1788743291.3975968,5.85675662115063,-3.0465839177126277,0.0
map,27,122,1788743291.3975968,5.862515288228629,-3.022256829947782,0.0
map,27,123,1788743291.3975968,5.867117339078455,-2.9976840756753695,0.0
map,27,124,1788743291.3975968,5.872026091593007,-2.9731708306811875,0.0
map,27,125,1788743291.3975968,5.877140837762973,-2.948698784418088,0.0
map,27,126,1788743291.3975968,5.8824600517094225,-2.9242725145228583,0.0
map,27,127,1788743291.3975968,5.8879333794277,-2.8998782880851373,0.0
map,27,128,1788743291.3975968,5.8935394586128,-2.875514579225996,0.0
map,27,129,1788743291.3975968,5.899263030475431,-2.8511783361875764,0.0
map,27,130,1788743291.3975968,5.905085784468447,-2.8268665072120207,0.0
map,27,131,1788743291.3975968,5.910984832407912,-2.802572988783613,0.0
map,27,132,1788743291.3975968,5.914561492617459,-2.7778293360711537,0.0
map,27,133,1788743291.3975968,5.918722564456807,-2.7531787619733628,0.0
map,27,134,1788743291.3975968,5.923245269602326,-2.7285907489116603,0.0
map,27,135,1788743291.3975968,5.928149444480091,-2.7040759780385493,0.0
map,27,136,1788743291.3975968,5.9333160705336425,-2.6796161388068818,0.0
map,27,137,1788743291.3975968,5.938732940731548,-2.655209705337729,0.0
map,27,138,1788743291.3975968,5.944339019916647,-2.6308475223575165,0.0
map,27,139,1788743291.3975968,5.9501098940260775,-2.6065219604716,0.0
map,27,140,1788743291.3975968,5.956018097239117,-2.582229967922121,0.0
map,27,141,1788743291.3975968,5.962031586098256,-2.557963915314435,0.0
map,27,142,1788743291.3975968,5.965057404014438,-2.5331485462923133,0.0
map,27,143,1788743291.3975968,5.9642380070295715,-2.508160752951216,0.0
map,27,144,1788743291.3975968,5.964135773141329,-2.483160752578687,0.0
map,27,145,1788743291.3975968,5.967800934328757,-2.458432358655518,0.0
map,27,146,1788743291.3975968,5.970513947064497,-2.4335788426601717,0.0
map,27,147,1788743291.3975968,5.969638092559258,-2.4085941010769325,0.0
map,27,148,1788743291.3975968,5.9694397282984895,-2.3835956265833325,0.0
map,27,149,1788743291.3975968,5.972796661942262,-2.3588214562922936,0.0
map,27,150,1788743291.3975968,5.975303681022588,-2.3339481038708705,0.0
map,27,151,1788743291.3975968,5.974499542827012,-2.3089603105297734,0.0
map,27,152,1788743291.3975968,5.974330170265894,-2.2839618360361733,0.0
map,27,153,1788743291.3975968,5.977464325586034,-2.2591586740454837,0.0
map,27,154,1788743291.3975968,5.979852326109899,-2.2342731145926287,0.0
map,27,155,1788743291.3975968,5.979254181569736,-2.2092807436147446,0.0
map,27,156,1788743291.3975968,5.979252655690807,-2.1842807432422156,0.0
map,27,157,1788743291.3975968,5.982252533665196,-2.159460796583307,0.0
map,27,158,1788743291.3975968,5.984614594247269,-2.134572185372594,0.0
map,27,159,1788743291.3975968,5.984353668950412,-2.109573710878994,0.0
map,27,160,1788743291.3975968,5.9846557929783515,-2.084576762264323,0.0
map,27,161,1788743291.3975968,5.987583954643078,-2.0597476603318405,0.0
map,27,162,1788743291.3975968,5.9900223091716,-2.0348666785157725,0.0
map,27,163,1788743291.3975968,5.990443451756001,-2.0098712557800305,0.0
map,27,164,1788743291.3975968,5.99137881553947,-1.9848880400757203,0.0
map,27,165,1788743291.3975968,5.994360382966711,-1.9600665675378828,0.0
map,27,166,1788743291.3975968,5.997021515818865,-1.9352084739057496,0.0
map,27,167,1788743291.3975968,5.998313935271717,-1.9102420428696583,0.0
map,27,168,1788743291.3975968,6.000158722896863,-1.8853107070489337,0.0
map,27,169,1788743291.3975968,6.003332551069157,-1.860512122695031,0.0
map,27,170,1788743291.3975968,6.006541474456817,-1.8357196418568442,0.0
map,27,171,1788743291.3975968,6.01865237551619,-1.8138492191676683,0.0
map,27,172,1788743291.3975968,6.027824433758333,-1.7905932984109718,0.0
map,27,173,1788743291.3975968,6.017243989264735,-1.7679416257101543,0.0
map,27,174,1788743291.3975968,6.003561432908505,-1.7470187738358796,0.0
map,27,175,1788743291.3975968,6.013000519963221,-1.7238696646042122,0.0
map,27,176,1788743291.3975968,6.022203095783944,-1.7006244250000186,0.0
map,27,177,1788743291.3975968,6.024742158321779,-1.6757541243364535,0.0
map,27,178,1788743291.3975968,6.0291061720586825,-1.6511371195751003,0.0
map,27,179,1788743291.3975968,6.035524018834003,-1.6269748267345854,0.0
map,27,180,1788743291.3975968,6.054917940021433,-1.611200290366714,0.0
map,27,181,1788743291.3975968,6.071339449055195,-1.592349582078004,0.0
map,27,182,1788743291.3975968,6.069751009090119,-1.5673999357101316,0.0
map,27,183,1788743291.3975968,6.067782625271725,-1.542477755162981,0.0
map,27,184,1788743291.3975968,6.066709932384647,-1.5175006429743867,0.0
map,27,185,1788743291.3975968,6.065435823478943,-1.4925326860593664,0.0
map,27,186,1788743291.3975968,6.064347871802575,-1.4675570997497012,0.0
map,27,187,1788743291.3975968,6.0630462970761485,-1.4425906687136099,0.0
map,27,188,1788743291.3975968,6.061706575376498,-1.4176257635564475,0.0
map,27,189,1788743291.3975968,6.060113557774635,-1.392677643067504,0.0
map,27,190,1788743291.3975968,6.058371004037731,-1.3677386778521345,0.0
map,27,191,1788743291.3975968,6.065295442617476,-1.3437167658730864,0.0
map,27,192,1788743291.3975968,6.072023042815381,-1.3196383963736658,0.0
map,27,193,1788743291.3975968,6.078800997017943,-1.295575285663535,0.0
map,27,194,1788743291.3975968,6.085469087937618,-1.2714801314958954,0.0
map,27,195,1788743291.3975968,6.0922165245616,-1.2474078655121907,0.0
map,27,196,1788743291.3975968,6.098912081301997,-1.2233218666181251,0.0
map,27,197,1788743291.3975968,6.105703768414919,-1.1992618076658523,0.0
map,27,198,1788743291.3975968,6.113020357879414,-1.1753558624854072,0.0
map,27,199,1788743291.3975968,6.120368990801417,-1.151460598457465,0.0
map,27,200,1788743291.3975968,6.127740511907355,-1.1275729638241678,0.0
map,27,201,1788743291.3975968,6.135078463676855,-1.1036731221594387,0.0
map,27,202,1788743291.3975968,6.14245456241958,-1.0797870134050704,0.0
map,27,203,1788743291.3975968,6.149815402373015,-1.0558948011349862,0.0
map,27,204,1788743291.3975968,6.157226596331107,-1.032017847654192,0.0
map,27,205,1788743291.3975968,6.164859042733902,-1.00821261048306,0.0
map,27,206,1788743291.3975968,6.17251590319956,-0.984413476827644,0.0
map,27,207,1788743291.3975968,6.180155978997,-0.9606097655354411,0.0
map,27,208,1788743291.3975968,6.1878280982519485,-0.9368152095168121,0.0
map,27,209,1788743291.3975968,6.195491062233323,-0.9130191276192541,0.0
map,27,210,1788743291.3975968,6.203192173187922,-0.889235252753128,0.0
map,27,211,1788743291.3975968,6.2108917582635925,-0.8654498520080729,0.0
map,27,212,1788743291.3975968,6.218737827716446,-0.8417132793887454,0.0
map,27,213,1788743291.3975968,6.226574741895725,-0.8179736550115599,0.0
map,27,214,1788743291.3975968,6.2344421736535836,-0.7942431859079484,0.0
map,27,215,1788743291.3975968,6.2423050277746555,-0.7705127168043369,0.0
map,27,216,1788743291.3975968,6.250201451232165,-0.7467914029742992,0.0
map,27,217,1788743291.3975968,6.258096348810746,-0.7230716150231906,0.0
map,27,218,1788743291.3975968,6.266087376761853,-0.6993823446506617,0.0
map,27,219,1788743291.3975968,6.27407687883403,-0.6756946001570618,0.0
map,27,220,1788743291.3975968,6.28209384672693,-0.6520144850581069,0.0
map,27,221,1788743291.3975968,6.2901352286826935,-0.6283419993537969,0.0
map,27,222,1788743291.3975968,6.298181188275244,-0.6046725654073448,0.0
map,27,223,1788743291.3975968,6.306251561930658,-0.5810107608555377,0.0
map,27,224,1788743291.3975968,6.314366186075013,-0.5573642150930205,0.0
map,27,225,1788743291.3975968,6.3225021725243735,-0.5337252987251482,0.0
map,27,226,1788743291.3975968,6.330645788368379,-0.5100894341151339,0.0
map,27,227,1788743291.3975968,6.3388107665173905,-0.4864596730208355,0.0
map,27,228,1788743291.3975968,6.346980322303189,-0.4628329636843951,0.0
map,27,229,1788743291.3975968,6.355172766272922,-0.4392138837425996,0.0
map,27,230,1788743291.3975968,6.363394201942306,-0.4156039590743781,0.0
map,27,231,1788743291.3975968,6.371638525795625,-0.3920016638008015,0.0
map,27,232,1788743291.3975968,6.379888953164659,-0.36840242028508285,0.0
map,27,233,1788743291.3975968,6.388159216959771,-0.34481080616400916,0.0
map,27,234,1788743291.3975968,6.3964340583916695,-0.3212191920429355,0.0
map,27,235,1788743291.3975968,6.404731788007503,-0.2976367331954357,0.0
map,27,236,1788743291.3975968,6.413047828170484,-0.2740603778636519,0.0
map,27,237,1788743291.3975968,6.4213867565174,-0.250491651926513,0.0
map,27,238,1788743291.3975968,6.429742469532535,-0.22693055538401907,0.0
map,27,239,1788743291.3975968,6.4381058119423145,-0.20337098472045412,0.0
map,27,240,1788743291.3975968,6.446487464899242,-0.1798175175726051,0.0
map,27,241,1788743291.3975968,6.454875221371886,-0.15626710218261408,0.0
map,27,242,1788743291.3975968,6.463272133118103,-0.13271821267155204,0.0
map,27,243,1788743291.3975968,6.4716827777746815,-0.10917542667620594,0.0
map,27,244,1788743291.3975968,6.480114784736266,-0.08564027007550479,0.0
map,27,245,1788743291.3975968,6.488555946971424,-0.062108165232661605,0.0
map,27,246,1788743291.3975968,6.49701541975373,-0.03858368978446336,0.0
map,27,247,1788743291.3975968,6.50548404780961,-0.015062266094123089,0.0
map,27,248,1788743291.3975968,6.513949624107632,0.008462209354075156,0.0
map,27,249,1788743291.3975968,6.522428933316014,0.031979055407628465,0.0
map,27,250,1788743291.3975968,6.530932656587261,0.05548827206653684,0.0
map,27,251,1788743291.3975968,6.5394470610110105,0.07899443696758723,0.0
map,27,252,1788743291.3975968,6.547979775981908,0.1024929724739927,0.0
map,27,253,1788743291.3975968,6.556521646226379,0.12598845622254018,0.0
map,27,254,1788743291.3975968,6.565060464712992,0.14948546585001665,0.0
map,27,255,1788743291.3975968,6.5736221713835405,0.1729733202039192,0.0
map,27,256,1788743291.3975968,6.5821976109644496,0.1964565969210348,0.0
map,27,257,1788743291.3975968,6.590792886971435,0.21993224424350544,0.0
map,27,258,1788743291.3975968,6.599397318251995,0.2434048398081181,0.0
map,27,259,1788743291.3975968,6.608020060079703,0.26686980597808585,0.0
map,27,260,1788743291.3975968,6.616619913723476,0.2903454533005565,0.0
map,27,261,1788743291.3975968,6.625242655551183,0.31381041947052424,0.0
map,27,262,1788743291.3975968,6.63388218204711,0.337270808003705,0.0
map,27,263,1788743291.3975968,6.642543070848042,0.36072204126331187,0.0
map,27,264,1788743291.3975968,6.651214640801477,0.38417022276506074,0.0
map,27,265,1788743291.3975968,6.65990452130206,0.4076107748721647,0.0
map,27,266,1788743291.3975968,6.6685669359819215,0.43106200813177153,0.0
map,27,267,1788743291.3975968,6.677256816482505,0.45450408611780446,0.0
map,27,268,1788743291.3975968,6.6859619557723775,0.47794006058812144,0.0
map,27,269,1788743291.3975968,6.694686931488327,0.5013668797848645,0.0
map,27,270,1788743291.3975968,6.703425640114638,0.5247906472237496,0.0
map,27,271,1788743291.3975968,6.712181133409167,0.5482067852679897,0.0
map,27,272,1788743291.3975968,6.720903057367259,0.5716366562225907,0.0
map,27,273,1788743291.3975968,6.729650921267144,0.5950558460246889,0.0
map,27,274,1788743291.3975968,6.738421673350963,0.618465880553213,0.0
map,27,275,1788743291.3975968,6.747212261860859,0.6418713374449503,0.0
map,27,276,1788743291.3975968,6.7560211609179035,0.6652676390631136,0.0
map,27,277,1788743291.3975968,6.764775128333504,0.6886837771073537,0.0
map,27,278,1788743291.3975968,6.773562665085542,0.712089233999091,0.0
map,27,279,1788743291.3975968,6.782376141779373,0.7354840097383253,0.0
map,27,280,1788743291.3975968,6.791214032536068,0.7588696302039857,0.0
map,27,281,1788743291.3975968,6.800070233839911,0.7822476212750011,0.0
map,27,282,1788743291.3975968,6.808947797448759,0.8056195088303006,0.0
map,27,283,1788743291.3975968,6.817756696505803,0.829015810448464,0.0
map,27,284,1788743291.3975968,6.826603742536072,0.8523983791562664,0.0
map,27,285,1788743291.3975968,6.835479780265992,0.8757687408326369,0.0
map,27,286,1788743291.3975968,6.844384809695562,0.8991299472354335,0.0
map,27,287,1788743291.3975968,6.853314253187996,0.9224804724857272,0.0
map,27,288,1788743291.3975968,6.862260481348649,0.9458248942203049,0.0
map,27,289,1788743291.3975968,6.87114872611,0.9691922041388175,0.0
map,27,290,1788743291.3975968,6.8800720660867185,0.9925442552680401,0.0
map,27,291,1788743291.3975968,6.889027449520945,1.01588562524476,0.0
map,27,292,1788743291.3975968,6.898007247018036,1.0392178399479057,0.0
map,27,293,1788743291.3975968,6.9070114585779905,1.0625393734985487,0.0
map,27,294,1788743291.3975968,6.915916488007561,1.0858990540224163,0.0
map,27,295,1788743291.3975968,6.924870345562859,1.109241949878065,0.0
map,27,296,1788743291.3975968,6.93386387597031,1.132568061065495,0.0
map,27,297,1788743291.3975968,6.942892501593128,1.155880439342564,0.0
map,27,298,1788743291.3975968,6.9519455412788105,1.179183662346059,0.0
map,27,299,1788743291.3975968,6.961026046785214,1.2024762041970511,0.0
map,27,300,1788743291.3975968,6.970022628950524,1.225802315384481,0.0
map,27,301,1788743291.3975968,6.979064987483703,1.249108590145834,0.0
map,27,302,1788743291.3975968,6.988150070626894,1.2723996061178973,0.0
map,27,303,1788743291.3975968,6.997264145469735,1.2956784150585285,0.0
map,27,304,1788743291.3975968,7.006408737891157,1.318946542846657,0.0
map,27,305,1788743291.3975968,7.015420578845756,1.3422665505183708,0.0
map,27,306,1788743291.3975968,7.024491929078586,1.365562144127221,0.0
map,27,307,1788743291.3975968,7.033615159195001,1.3888379013099943,0.0
map,27,308,1788743291.3975968,7.0427826398003575,1.4120968738245487,0.0
map,27,309,1788743291.3975968,7.051980637984293,1.4353421134287423,0.0
map,27,310,1788743291.3975968,7.061212205504667,1.458576671880433,0.0
map,27,311,1788743291.3975968,7.070335435621082,1.4818524290632062,0.0
map,27,312,1788743291.3975968,7.079516649136799,1.5051052980620447,0.0
map,27,313,1788743291.3975968,7.088742113141457,1.5283398565137354,0.0
map,27,314,1788743291.3975968,7.098010301756126,1.5515591561761362,0.0
map,27,315,1788743291.3975968,7.107307482070446,1.574766248807105,0.0
map,27,316,1788743291.3975968,7.116441393339365,1.5980374283530914,0.0
map,27,317,1788743291.3975968,7.125653124433661,1.621278090320498,0.0
map,27,318,1788743291.3975968,7.134925890685118,1.6444958641039698,0.0
map,27,319,1788743291.3975968,7.144252062699088,1.6676907497035067,0.0
map,27,320,1788743291.3975968,7.153617907565213,1.6908703765137538,0.0
map,27,321,1788743291.3975968,7.162808276354504,1.7141201937547343,0.0
map,27,322,1788743291.3975968,7.17208104260596,1.7373364416592771,0.0
map,27,323,1788743291.3975968,7.181422473409221,1.7605252237430982,0.0
map,27,324,1788743291.3975968,7.190820361732854,1.7836911176429844,0.0
map,27,325,1788743291.3975968,7.200265552303286,1.8068387009957227,0.0
map,27,326,1788743291.3975968,7.209745838089084,1.8299710255591712,0.0
map,27,327,1788743291.3975968,7.219029285493043,1.853184221705856,0.0
map,27,328,1788743291.3975968,7.2284073373906,1.8763577450003872,0.0
map,27,329,1788743291.3975968,7.2378601573556764,1.8995022765952676,0.0
map,27,330,1788743291.3975968,7.247375538356842,1.9226208682483552,0.0
map,27,331,1788743291.3975968,7.2569397474837345,1.945719623475366,0.0
map,27,332,1788743291.3975968,7.266297962955214,1.968900776164542,0.0
map,27,333,1788743291.3975968,7.275758412314936,1.9920422560015645,0.0
map,27,334,1788743291.3975968,7.285299733257894,2.015150166502149,0.0
map,27,335,1788743291.3975968,7.294905141115869,2.038230611182012,0.0
map,27,336,1788743291.3975968,7.304565480615288,2.061289693556869,0.0
map,27,337,1788743291.3975968,7.313896230266046,2.084483053277477,0.0
map,27,338,1788743291.3975968,7.323359731383626,2.1076214813566416,0.0
map,27,339,1788743291.3975968,7.332942251057666,2.1307126071890075,0.0
map,27,340,1788743291.3975968,7.342611745830659,2.1537671119270776,0.0
map,27,341,1788743291.3975968,7.352356008671173,2.176789573207639,0.0
map,27,342,1788743291.3975968,7.3621536772742004,2.1997891463042656,0.0
map,27,343,1788743291.3975968,7.371730093432525,2.2228833238944894,0.0
map,27,344,1788743291.3975968,7.381425528147311,2.2459256216011276,0.0
map,27,345,1788743291.3975968,7.391215567355694,2.268929772334541,0.0
map,27,346,1788743291.3975968,7.401080374631597,2.291901879610446,0.0
map,27,347,1788743291.3975968,7.411004691185731,2.314846521065629,0.0
map,27,348,1788743291.3975968,7.420550589765476,2.3379529056872848,0.0
map,27,349,1788743291.3975968,7.430262809148481,2.360989099878207,0.0
map,27,350,1788743291.3975968,7.440121512908668,2.383962733033041,0.0
map,27,351,1788743291.3975968,7.4500824505570975,2.406893641577863,0.0
map,27,352,1788743291.3975968,7.460139518578053,2.4297802996337445,0.0
map,27,353,1788743291.3975968,7.4698486862032,2.452818019703596,0.0
map,27,354,1788743291.3975968,7.479745536936612,2.4757763940691397,0.0
map,27,355,1788743291.3975968,7.489762932105414,2.498681362672169,0.0
map,27,356,1788743291.3975968,7.499882561162458,2.521542080786258,0.0
map,27,357,1788743291.3975968,7.510089165318455,2.544363126048193,0.0
map,27,358,1788743291.3975968,7.519615227472123,2.5674771400644936,0.0
map,27,359,1788743291.3975968,7.529460198321949,2.5904568767350433,0.0
map,27,360,1788743291.3975968,7.539502007553615,2.6133526900644988,0.0
map,27,361,1788743291.3975968,7.5497299740146175,2.636163054173931,0.0
map,27,362,1788743291.3975968,7.560064752000649,2.6589276419154935,0.0
map,27,363,1788743291.3975968,7.568927056820208,2.68230410710758,0.0
map,27,364,1788743291.3975968,7.578291375807403,2.705483733917827,0.0
map,27,365,1788743291.3975968,7.588185174782957,2.7284436341623,0.0
map,27,366,1788743291.3975968,7.598358209602516,2.751279938213525,0.0
map,27,367,1788743291.3975968,7.608761652140352,2.7740124824975787,0.0
map,27,368,1788743291.3975968,7.618125971127547,2.797192109307826,0.0
map,27,369,1788743291.3975968,7.627954157309155,2.8201794753730205,0.0
map,27,370,1788743291.3975968,7.6382721506269675,2.842950166630299,0.0
map,27,371,1788743291.3975968,7.648805292873767,2.8656232016361223,0.0
map,27,372,1788743291.3975968,7.659526118228833,2.8882077356640643,0.0
map,27,373,1788743291.3975968,7.66709447771661,2.912034335140202,0.0
map,27,374,1788743291.3975968,7.676178034980872,2.935326876991194,0.0
map,27,375,1788743291.3975968,7.68585515914851,2.9583768040924774,0.0
map,27,376,1788743291.3975968,7.696521052862131,2.980987278062212,0.0
map,27,377,1788743291.3975968,7.707293758100782,3.0035473980272904,0.0
map,27,378,1788743291.3975968,7.718576106901715,3.0258572738480147,0.0
map,27,379,1788743291.3975968,7.729274044072845,3.0484524890284597,0.0
map,27,380,1788743291.3975968,7.73970953006819,3.0711713004021526,0.0
map,27,381,1788743291.3975968,7.749966488228843,3.093969457480153,0.0
map,27,382,1788743291.3975968,7.764427242838856,3.114362829366069,0.0
map,27,383,1788743291.3975968,7.776933346540837,3.136010473731613,0.0
map,27,384,1788743291.3975968,7.7893784150856575,3.1576932133125233,0.0
map,27,385,1788743291.3975968,7.80017858614503,3.1802396003672406,0.0
map,27,386,1788743291.3975968,7.8182556738167435,3.1975079722065907,0.0
map,27,387,1788743291.3975968,7.8351685158656394,3.2159192273637522,0.0
map,27,388,1788743291.3975968,7.848912107379029,3.2368024063858734,0.0
map,27,389,1788743291.3975968,7.872662412908717,3.2446057512287148,0.0
map,27,390,1788743291.3975968,7.894020140277753,3.257600136187971,0.0
map,27,391,1788743291.3975968,7.912689268973914,3.2742276388771465,0.0
map,27,392,1788743291.3975968,7.9707,3.31,0.7715
map,28,0,1788743299.2198017,5.912689239171591,-5.9757724989585945,0.0
map,28,1,1788743299.2198017,5.912753326086609,-5.948318885268254,0.0
map,28,2,1788743299.2198017,5.9127838436651885,-5.923318884895725,0.0
map,28,3,1788743299.2198017,5.912828094154129,-5.898318884523196,0.0
map,28,4,1788743299.2198017,5.912881499916644,-5.873318884150667,0.0
map,28,5,1788743299.2198017,5.912950164468448,-5.848318883778138,0.0
map,28,6,1788743299.2198017,5.913032561930613,-5.823318883405609,0.0
map,28,7,1788743299.2198017,5.913133269939927,-5.79831888303308,0.0
map,28,8,1788743299.2198017,5.913252288496388,-5.773318882660551,0.0
map,28,9,1788743299.2198017,5.9133926693578545,-5.748320408166951,0.0
map,28,10,1788743299.2198017,5.913554412524327,-5.7233204077944215,0.0
map,28,11,1788743299.2198017,5.913740569753664,-5.6983204074218925,0.0
map,28,12,1788743299.2198017,5.913949615166935,-5.6733219329282925,0.0
map,28,13,1788743299.2198017,5.914187652279857,-5.648323458434692,0.0
map,28,14,1788743299.2198017,5.914451629334572,-5.623324983941092,0.0
map,28,15,1788743299.2198017,5.914747649846795,-5.598326509447492,0.0
map,28,16,1788743299.2198017,5.915071136179741,-5.573328034953892,0.0
map,28,17,1788743299.2198017,5.915428191849124,-5.548331086339221,0.0
map,28,18,1788743299.2198017,5.915815765097086,-5.52333413772455,0.0
map,28,19,1788743299.2198017,5.916238433560416,-5.498337189109879,0.0
map,28,20,1788743299.2198017,5.916693145481254,-5.473341766374137,0.0
map,28,21,1788743299.2198017,5.917186004375317,-5.448346343638395,0.0
map,28,22,1788743299.2198017,5.917710906726889,-5.423352446781582,0.0
map,28,23,1788743299.2198017,5.918277007809543,-5.398358549924769,0.0
map,28,24,1788743299.2198017,5.918876678228635,-5.373366178946885,0.0
map,28,25,1788743299.2198017,5.91951754737881,-5.348373807969001,0.0
map,28,26,1788743299.2198017,5.920193511744351,-5.3233829628700455,0.0
map,28,27,1788743299.2198017,5.920912200719904,-5.298393643650019,0.0
map,28,28,1788743299.2198017,5.921665984910824,-5.273404324429993,0.0
map,28,29,1788743299.2198017,5.922464019590684,-5.248416531088896,0.0
map,28,30,1788743299.2198017,5.923300201243769,-5.223431789505657,0.0
map,28,31,1788743299.2198017,5.924180633385795,-5.198447047922418,0.0
map,28,32,1788743299.2198017,5.925621063094759,-5.1734882462809715,0.0
map,28,33,1788743299.2198017,5.926898223758322,-5.148520289365951,0.0
map,28,34,1788743299.2198017,5.917749053700113,-5.125255213335681,0.0
map,28,35,1788743299.2198017,5.912689239171591,-5.1007724859200785,0.0
map,28,36,1788743299.2198017,5.912689239171591,-5.0757724855475495,0.0
map,28,37,1788743299.2198017,5.912689239171591,-5.025772484802491,0.0
map,28,38,1788743299.2198017,5.862689238426533,-4.975772484057433,0.0
map,28,39,1788743299.2198017,5.812689237681475,-4.925772483312375,0.0
map,28,40,1788743299.2198017,5.812689237681475,-4.875772482567317,0.0
map,28,41,1788743299.2198017,5.812689237681475,-4.825772481822259,0.0
map,28,42,1788743299.2198017,5.762689236936417,-4.775772481077201,0.0
map,28,43,1788743299.2198017,5.762689236936417,-4.725772480332143,0.0
map,28,44,1788743299.2198017,5.762689236936417,-4.675772479587085,0.0
map,28,45,1788743299.2198017,5.762689236936417,-4.625772478842027,0.0
map,28,46,1788743299.2198017,5.740882901162259,-4.593756487154014,0.0
map,28,47,1788743299.2198017,5.736341885469592,-4.5691730517290985,0.0
map,28,48,1788743299.2198017,5.73227694400277,-4.544505692963089,0.0
map,28,49,1788743299.2198017,5.7412658967734345,-4.52117805589673,0.0
map,28,50,1788743299.2198017,5.747471646377626,-4.496960831414771,0.0
map,28,51,1788743299.2198017,5.748425320708243,-4.47197914158939,0.0
map,28,52,1788743299.2198017,5.749542264084262,-4.447003555279725,0.0
map,28,53,1788743299.2198017,5.750753811953878,-4.422032546606847,0.0
map,28,54,1788743299.2198017,5.752111844200677,-4.397070693207542,0.0
map,28,55,1788743299.2198017,5.753529385725706,-4.372110365687167,0.0
map,28,56,1788743299.2198017,5.755087308112202,-4.3471591934403655,0.0
map,28,57,1788743299.2198017,5.756698636261213,-4.322211072951422,0.0
map,28,58,1788743299.2198017,5.758448819392761,-4.2972721077360525,0.0
map,28,59,1788743299.2198017,5.76025851180254,-4.27233772015747,0.0
map,28,60,1788743299.2198017,5.762207059194857,-4.24741401373139,0.0
map,28,61,1788743299.2198017,5.766803006528967,-4.222839733580049,0.0
map,28,62,1788743299.2198017,5.771519498298467,-4.198288341612642,0.0
map,28,63,1788743299.2198017,5.776240567704754,-4.173738475524164,0.0
map,28,64,1788743299.2198017,5.781077603909644,-4.149211497619621,0.0
map,28,65,1788743299.2198017,5.785929898903824,-4.124686045594007,0.0
map,28,66,1788743299.2198017,5.790890531301962,-4.100183481752328,0.0
map,28,67,1788743299.2198017,5.795874051884034,-4.075685495547436,0.0
map,28,68,1788743299.2198017,5.800961332233278,-4.05120887164755,0.0
map,28,69,1788743299.2198017,5.806138639439332,-4.026750558294811,0.0
map,28,70,1788743299.2198017,5.81135561949754,-4.0023014002156465,0.0
map,28,71,1788743299.2198017,5.816969328077285,-3.977939217235434,0.0
map,28,72,1788743299.2198017,5.822570829625597,-3.953573982497364,0.0
map,28,73,1788743299.2198017,5.828210478147135,-3.9292194289117965,0.0
map,28,74,1788743299.2198017,5.833845549031885,-3.904861823568371,0.0
map,28,75,1788743299.2198017,5.839523344526647,-3.8805164252563777,0.0
map,28,76,1788743299.2198017,5.845204191779267,-3.8561695010654553,0.0
map,28,77,1788743299.2198017,5.850930815399757,-3.8318347839059648,0.0
map,28,78,1788743299.2198017,5.856665068414891,-3.807501592625403,0.0
map,28,79,1788743299.2198017,5.862446623676824,-3.7831790824973446,0.0
map,28,80,1788743299.2198017,5.868385344468443,-3.7588947193425106,0.0
map,28,81,1788743299.2198017,5.874348479322926,-3.7346164597033926,0.0
map,28,82,1788743299.2198017,5.880303984782763,-3.7103351483064166,0.0
map,28,83,1788743299.2198017,5.886286956063323,-3.6860614663040856,0.0
map,28,84,1788743299.2198017,5.892266875586024,-3.6617877843017546,0.0
map,28,85,1788743299.2198017,5.898277312687306,-3.6375217316940684,0.0
map,28,86,1788743299.2198017,5.904289275667516,-3.6132541532074534,0.0
map,28,87,1788743299.2198017,5.910330230347377,-3.588995729994412,0.0
map,28,88,1788743299.2198017,5.916476470673338,-3.564763246723164,0.0
map,28,89,1788743299.2198017,5.922637969788589,-3.5405338152097734,0.0
map,28,90,1788743299.2198017,5.928793365388124,-3.516304383696383,0.0
map,28,91,1788743299.2198017,5.934968597413736,-3.4920780039408506,0.0
map,28,92,1788743299.2198017,5.941139251802561,-3.467851624185318,0.0
map,28,93,1788743299.2198017,5.9473327943753205,-3.4436313479455016,0.0
map,28,94,1788743299.2198017,5.953524811069151,-3.419411071705685,0.0
map,28,95,1788743299.2198017,5.959739715946917,-3.3951953731026556,0.0
map,28,96,1788743299.2198017,5.966024811255416,-3.370997985046774,0.0
map,28,97,1788743299.2198017,5.972323639474276,-3.3468036487487502,0.0
map,28,98,1788743299.2198017,5.9786163641774195,-3.3226093124507265,0.0
map,28,99,1788743299.2198017,5.984924347669853,-3.298418027910561,0.0
map,28,100,1788743299.2198017,5.991230805283358,-3.274226743370395,0.0
map,28,101,1788743299.2198017,5.997552521686153,-3.2500400364670163,0.0
map,28,102,1788743299.2198017,6.003889496878237,-3.2258563813214955,0.0
map,28,103,1788743299.2198017,6.01022952382818,-3.2016727261759748,0.0
map,28,104,1788743299.2198017,6.016632111814211,-3.177507381577602,0.0
map,28,105,1788743299.2198017,6.023033173921313,-3.1533405111003,0.0
map,28,106,1788743299.2198017,6.029444917180918,-3.129176692380856,0.0
map,28,107,1788743299.2198017,6.035855134561594,-3.105011347782483,0.0
map,28,108,1788743299.2198017,6.0422760330947725,-3.080850580820897,0.0
map,28,109,1788743299.2198017,6.04869845750688,-3.056689813859311,0.0
map,28,110,1788743299.2198017,6.05513308895042,-3.032532098655583,0.0
map,28,111,1788743299.2198017,6.061570772151818,-3.008375909330784,0.0
map,28,112,1788743299.2198017,6.068045076447511,-2.984228875279559,0.0
map,28,113,1788743299.2198017,6.0745209066221335,-2.960081841228334,0.0
map,28,114,1788743299.2198017,6.081007417949259,-2.9359378589349667,0.0
map,28,115,1788743299.2198017,6.087495455155313,-2.9117938766415996,0.0
map,28,116,1788743299.2198017,6.09399417351387,-2.8876529461060905,0.0
map,28,117,1788743299.2198017,6.1004959436302855,-2.8635135414495103,0.0
map,28,118,1788743299.2198017,6.1070083948992036,-2.839377188550788,0.0
map,28,119,1788743299.2198017,6.1135315273206245,-2.815242361530995,0.0
map,28,120,1788743299.2198017,6.120068392652406,-2.7911121121479887,0.0
map,28,121,1788743299.2198017,6.126608309742046,-2.7669833886439115,0.0
map,28,122,1788743299.2198017,6.133158907984189,-2.742856191018763,0.0
map,28,123,1788743299.2198017,6.13971255798419,-2.718730519272544,0.0
map,28,124,1788743299.2198017,6.146278415015622,-2.6946078992841827,0.0
map,28,125,1788743299.2198017,6.152847323804913,-2.6704868051747503,0.0
map,28,126,1788743299.2198017,6.159426913746707,-2.646368762823176,0.0
map,28,127,1788743299.2198017,6.166012607204216,-2.6222507204716017,0.0
map,28,128,1788743299.2198017,6.1726105076931574,-2.5981372557568143,0.0
map,28,129,1788743299.2198017,6.179212985818886,-2.574025316920956,0.0
map,28,130,1788743299.2198017,6.185826145097117,-2.5499164298429555,0.0
map,28,131,1788743299.2198017,6.192448459648922,-2.525809068643884,0.0
map,28,132,1788743299.2198017,6.199075351837514,-2.5017032333237417,0.0
map,28,133,1788743299.2198017,6.205712925178609,-2.477600449761457,0.0
map,28,134,1788743299.2198017,6.212353550277562,-2.4534991920781017,0.0
map,28,135,1788743299.2198017,6.219006382407947,-2.4293994602736753,0.0
map,28,136,1788743299.2198017,6.225665318054048,-2.4053027802271068,0.0
map,28,137,1788743299.2198017,6.232331883094794,-2.381209151938396,0.0
map,28,138,1788743299.2198017,6.239003025772327,-2.3571155236496857,0.0
map,28,139,1788743299.2198017,6.2456833237234335,-2.333023421239904,0.0
map,28,140,1788743299.2198017,6.252368199311327,-2.3089343705879806,0.0
map,28,141,1788743299.2198017,6.259060704293866,-2.284846845814986,0.0
map,28,142,1788743299.2198017,6.265760838671049,-2.2607608469209204,0.0
map,28,143,1788743299.2198017,6.272470128321807,-2.2366778997847128,0.0
map,28,144,1788743299.2198017,6.279182469730422,-2.212596478527434,0.0
map,28,145,1788743299.2198017,6.2859039664126115,-2.1885165831490845,0.0
map,28,146,1788743299.2198017,6.292628514852659,-2.164438213649664,0.0
map,28,147,1788743299.2198017,6.29936221856628,-2.140361370029172,0.0
map,28,148,1788743299.2198017,6.30609744815883,-2.1162860522876095,0.0
map,28,149,1788743299.2198017,6.3128464106617415,-2.0922153121828337,0.0
map,28,150,1788743299.2198017,6.319598424922511,-2.068143046199129,0.0
map,28,151,1788743299.2198017,6.326358068577925,-2.0440753578522113,0.0
map,28,152,1788743299.2198017,6.333119238112268,-2.0200061436263645,0.0
map,28,153,1788743299.2198017,6.339889562920185,-1.9959415070373048,0.0
map,28,154,1788743299.2198017,6.3466614136070305,-1.971875344569316,0.0
map,28,155,1788743299.2198017,6.35344241956745,-1.9478122338591852,0.0
map,28,156,1788743299.2198017,6.360224951406799,-1.9237506490279834,0.0
map,28,157,1788743299.2198017,6.36701969027758,-1.8996921159546396,0.0
map,28,158,1788743299.2198017,6.37381595502729,-1.8756335828812958,0.0
map,28,159,1788743299.2198017,6.380621375050573,-1.851576575686881,0.0
map,28,160,1788743299.2198017,6.387431372710644,-1.827522620250324,0.0
map,28,161,1788743299.2198017,6.394244422128573,-1.8034686648137672,0.0
map,28,162,1788743299.2198017,6.401065100941146,-1.7794177611350683,0.0
map,28,163,1788743299.2198017,6.407888831511578,-1.7553668574563694,0.0
map,28,164,1788743299.2198017,6.414721717355583,-1.7313190055355285,0.0
map,28,165,1788743299.2198017,6.4215591808363754,-1.7072711536146876,0.0
map,28,166,1788743299.2198017,6.428401221953955,-1.6832263534517047,0.0
map,28,167,1788743299.2198017,6.435246314829392,-1.6591815532887217,0.0
map,28,168,1788743299.2198017,6.442097511220545,-1.6351382790046678,0.0
map,28,169,1788743299.2198017,6.448951759369557,-1.6110965305995428,0.0
map,28,170,1788743299.2198017,6.455812111034284,-1.5870563080733469,0.0
map,28,171,1788743299.2198017,6.46267398857794,-1.5630160855471509,0.0
map,28,172,1788743299.2198017,6.469546547274099,-1.5389789147788129,0.0
map,28,173,1788743299.2198017,6.476420631849187,-1.5149432698894039,0.0
map,28,174,1788743299.2198017,6.483300819939991,-1.4909091508789238,0.0
map,28,175,1788743299.2198017,6.490184059788653,-1.4668750318684438,0.0
map,28,176,1788743299.2198017,6.497071877274102,-1.4428424387368928,0.0
map,28,177,1788743299.2198017,6.503962746517409,-1.4188113714842707,0.0
map,28,178,1788743299.2198017,6.510858193397503,-1.3947803042316487,0.0
map,28,179,1788743299.2198017,6.517759743793313,-1.3707522887368846,0.0
map,28,180,1788743299.2198017,6.524667397704839,-1.3467257991210495,0.0
map,28,181,1788743299.2198017,6.531576577495294,-1.3226993095052144,0.0
map,28,182,1788743299.2198017,6.538490334922535,-1.2986743457683083,0.0
map,28,183,1788743299.2198017,6.545407144107635,-1.2746493820314022,0.0
map,28,184,1788743299.2198017,6.552328530929522,-1.250627470052354,0.0
map,28,185,1788743299.2198017,6.5592544953881955,-1.226605558073306,0.0
map,28,186,1788743299.2198017,6.566186563362585,-1.2025866978521158,0.0
map,28,187,1788743299.2198017,6.573124734852691,-1.1785678376309257,0.0
map,28,188,1788743299.2198017,6.580062906342796,-1.1545505032886645,0.0
map,28,189,1788743299.2198017,6.587007181348618,-1.1305346948253323,0.0
map,28,190,1788743299.2198017,6.593954508112297,-1.1065188863620001,0.0
map,28,191,1788743299.2198017,6.600904886633835,-1.082504603777597,0.0
map,28,192,1788743299.2198017,6.60785831691323,-1.0584903211931938,0.0
map,28,193,1788743299.2198017,6.6148193765872705,-1.0344790903666485,0.0
map,28,194,1788743299.2198017,6.621783488019169,-1.0104678595401033,0.0
map,28,195,1788743299.2198017,6.628750651208925,-0.9864596804714161,0.0
map,28,196,1788743299.2198017,6.635720866156539,-0.9624499755237998,0.0
map,28,197,1788743299.2198017,6.642694132862012,-0.9384433223340416,0.0
map,28,198,1788743299.2198017,6.649670451325342,-0.9144351432653544,0.0
map,28,199,1788743299.2198017,6.656651347425459,-0.8904300159545251,0.0
map,28,200,1788743299.2198017,6.663636821162363,-0.8664264145226248,0.0
map,28,201,1788743299.2198017,6.6706268725360545,-0.8424228130907245,0.0
map,28,202,1788743299.2198017,6.677618449788675,-0.8184207375377532,0.0
map,28,203,1788743299.2198017,6.684614604678082,-0.7944201878637109,0.0
map,28,204,1788743299.2198017,6.691612285446418,-0.7704196381896686,0.0
map,28,205,1788743299.2198017,6.698614543851541,-0.7464190885156263,0.0
map,28,206,1788743299.2198017,6.705618328135593,-0.722420064720513,0.0
map,28,207,1788743299.2198017,6.712626690056432,-0.6984225668043287,0.0
map,28,208,1788743299.2198017,6.719639629614058,-0.6744265947670733,0.0
map,28,209,1788743299.2198017,6.726655620929542,-0.650432148608747,0.0
map,28,210,1788743299.2198017,6.7336761898818125,-0.6264377024504206,0.0
map,28,211,1788743299.2198017,6.740698284713012,-0.6024447821710233,0.0
map,28,212,1788743299.2198017,6.747724957180999,-0.5784518618916259,0.0
map,28,213,1788743299.2198017,6.754753155527915,-0.5544604674911575,0.0
map,28,214,1788743299.2198017,6.761785931511618,-0.5304690730906891,0.0
map,28,215,1788743299.2198017,6.7688232851321075,-0.5064807304480787,0.0
map,28,216,1788743299.2198017,6.775862164631526,-0.4824923878054683,0.0
map,28,217,1788743299.2198017,6.782904095888803,-0.4585040451628579,0.0
map,28,218,1788743299.2198017,6.789950604782867,-0.4345172283991765,0.0
map,28,219,1788743299.2198017,6.796998639555859,-0.4105319375144241,0.0
map,28,220,1788743299.2198017,6.80404972608671,-0.38654664662967164,0.0
map,28,221,1788743299.2198017,6.8111038643754185,-0.3625628816238482,0.0
map,28,222,1788743299.2198017,6.818162580300914,-0.33858064249695374,0.0
map,28,223,1788743299.2198017,6.825222822105339,-0.3145968774911303,0.0
map,28,224,1788743299.2198017,6.83228764154655,-0.29061616424316483,0.0
map,28,225,1788743299.2198017,6.839352460987762,-0.26663545099519936,0.0
map,28,226,1788743299.2198017,6.846423383944689,-0.24265626362616288,0.0
map,28,227,1788743299.2198017,6.8534943069016165,-0.2186770762571264,0.0
map,28,228,1788743299.2198017,6.860569807495331,-0.1946994147670189,0.0
map,28,229,1788743299.2198017,6.867648359846903,-0.1707232791558404,0.0
map,28,230,1788743299.2198017,6.874731489835263,-0.1467471435446619,0.0
map,28,231,1788743299.2198017,6.881814619823622,-0.12277100793348339,0.0
map,28,232,1788743299.2198017,6.888902327448768,-0.09879639820123387,0.0
map,28,233,1788743299.2198017,6.895991560952844,-0.07482331434791334,0.0
map,28,234,1788743299.2198017,6.903085372093706,-0.05085023049459281,0.0
map,28,235,1788743299.2198017,6.910180709113497,-0.026878672520201263,0.0
map,28,236,1788743299.2198017,6.9172806237700755,-0.0029086404247387065,0.0
map,28,237,1788743299.2198017,6.924382064305583,0.02106139167072385,0.0
map,28,238,1788743299.2198017,6.931486556598948,0.04503142376618641,0.0
map,28,239,1788743299.2198017,6.938594100650171,0.06899992998271998,0.0
map,28,240,1788743299.2198017,6.945704696459252,0.09296691032032456,0.0
map,28,241,1788743299.2198017,6.952818344026191,0.11693389065792914,0.0
map,28,242,1788743299.2198017,6.959933517472059,0.14089934511660474,0.0
map,28,243,1788743299.2198017,6.967051742675785,0.16486479957528033,0.0
map,28,244,1788743299.2198017,6.9741730196373695,0.18882872815502694,0.0
map,28,245,1788743299.2198017,6.9812973483568115,0.21279265673477354,0.0
map,28,246,1788743299.2198017,6.9884232029551825,0.23675505943559116,0.0
map,28,247,1788743299.2198017,6.9955536351903405,0.2607174621364088,0.0
map,28,248,1788743299.2198017,7.002684067425498,0.2846783389582974,0.0
map,28,249,1788743299.2198017,7.009819077297443,0.30863921578018605,0.0
map,28,250,1788743299.2198017,7.016955613048317,0.3325985667231457,0.0
map,28,251,1788743299.2198017,7.024095200557049,0.35655791766610534,0.0
map,28,252,1788743299.2198017,7.03123631394471,0.380515742730136,0.0
map,28,253,1788743299.2198017,7.038382004969158,0.40447356779416666,0.0
map,28,254,1788743299.2198017,7.045529221872535,0.4284298669792683,0.0
map,28,255,1788743299.2198017,7.0526794905337695,0.452384640285441,0.0
map,28,256,1788743299.2198017,7.059831285073933,0.4763409394705427,0.0
map,28,257,1788743299.2198017,7.066986131371955,0.5002941868977864,0.0
map,28,258,1788743299.2198017,7.074142503548906,0.5242489602039591,0.0
map,28,259,1788743299.2198017,7.0813034533626436,0.5482006817522738,0.0
map,28,260,1788743299.2198017,7.088467454934239,0.5721524033005885,0.0
map,28,261,1788743299.2198017,7.095632982384764,0.5961041248489032,0.0
map,28,262,1788743299.2198017,7.102801561593147,0.6200543205182889,0.0
map,28,263,1788743299.2198017,7.109973192559387,0.6440029903087456,0.0
map,28,264,1788743299.2198017,7.117144823525628,0.6679531859781314,0.0
map,28,265,1788743299.2198017,7.124319506249726,0.6919003298896591,0.0
map,28,266,1788743299.2198017,7.131497240731683,0.7158474738011869,0.0
map,28,267,1788743299.2198017,7.138678026971498,0.7397946177127146,0.0
map,28,268,1788743299.2198017,7.14586186496917,0.7637402357453134,0.0
map,28,269,1788743299.2198017,7.153047228845772,0.7876858537779121,0.0
map,28,270,1788743299.2198017,7.160235644480231,0.8116299459315819,0.0
map,28,271,1788743299.2198017,7.16742558599362,0.8355740380852517,0.0
map,28,272,1788743299.2198017,7.174617053385937,0.8595166043599924,0.0
map,28,273,1788743299.2198017,7.1818115725361125,0.8834591706347332,0.0
map,28,274,1788743299.2198017,7.189009143444146,0.907400211030545,0.0
map,28,275,1788743299.2198017,7.196209766110037,0.9313412514263568,0.0
map,28,276,1788743299.2198017,7.203411914654858,0.9552807659432396,0.0
map,28,277,1788743299.2198017,7.210617114957536,0.9792202804601224,0.0
map,28,278,1788743299.2198017,7.217823841139143,1.0031597949770052,0.0
map,28,279,1788743299.2198017,7.225030567320751,1.027097783614959,0.0
map,28,280,1788743299.2198017,7.232243397018074,1.051035772252913,0.0
map,28,281,1788743299.2198017,7.239456226715397,1.0749722350119377,0.0
map,28,282,1788743299.2198017,7.2466721081705785,1.0989071718920336,0.0
map,28,283,1788743299.2198017,7.253892567262547,1.1228421087721294,0.0
map,28,284,1788743299.2198017,7.261114552233444,1.1467770456522253,0.0
map,28,285,1788743299.2198017,7.268336537204341,1.1707104566533921,0.0
map,28,286,1788743299.2198017,7.275561573933096,1.194643867654559,0.0
map,28,287,1788743299.2198017,7.2827896624197095,1.2185757527767969,0.0
map,28,288,1788743299.2198017,7.290019276785252,1.2425076378990347,0.0
map,28,289,1788743299.2198017,7.297253468787581,1.2664379971423436,0.0
map,28,290,1788743299.2198017,7.304489186668839,1.2903683563856525,0.0
map,28,291,1788743299.2198017,7.311727956307955,1.3142971897500324,0.0
map,28,292,1788743299.2198017,7.318965200068142,1.3382275489933413,0.0
map,28,293,1788743299.2198017,7.326207021465116,1.3621548564787922,0.0
map,28,294,1788743299.2198017,7.333450368741019,1.386083689843172,0.0
map,28,295,1788743299.2198017,7.34069676777478,1.410009471449694,0.0
map,28,296,1788743299.2198017,7.347946218566399,1.433935253056216,0.0
map,28,297,1788743299.2198017,7.355198721115876,1.4578610346627379,0.0
map,28,298,1788743299.2198017,7.362452749544282,1.4817852903903308,0.0
map,28,299,1788743299.2198017,7.369706777972688,1.5057095461179237,0.0
map,28,300,1788743299.2198017,7.376962332280023,1.5296338018455167,0.0
map,28,301,1788743299.2198017,7.384222464224145,1.5535565316941806,0.0
map,28,302,1788743299.2198017,7.391484122047196,1.5774777356639156,0.0
map,28,303,1788743299.2198017,7.3987488316281045,1.6013989396336505,0.0
map,28,304,1788743299.2198017,7.406016592966871,1.6253201436033855,0.0
map,28,305,1788743299.2198017,7.41328130254778,1.6492413475731205,0.0
map,28,306,1788743299.2198017,7.420550589765476,1.6731610256639264,0.0
map,28,307,1788743299.2198017,7.427821402862101,1.6970791778758034,0.0
map,28,308,1788743299.2198017,7.435096793595513,1.7209973300876804,0.0
map,28,309,1788743299.2198017,7.442375236086782,1.7449154822995574,0.0
map,28,310,1788743299.2198017,7.44965673033591,1.7688305827535764,0.0
map,28,311,1788743299.2198017,7.456941276342896,1.7927456832075954,0.0
map,28,312,1788743299.2198017,7.4642212447130944,1.8166623095405434,0.0
map,28,313,1788743299.2198017,7.471504264841151,1.8405789358734914,0.0
map,28,314,1788743299.2198017,7.478791862605995,1.8644925104485814,0.0
map,28,315,1788743299.2198017,7.4860825121286965,1.8884060850236715,0.0
map,28,316,1788743299.2198017,7.493377739288185,1.9123181337198325,0.0
map,28,317,1788743299.2198017,7.500674492326603,1.9362301824159935,0.0
map,28,318,1788743299.2198017,7.507974297122878,1.9601407052332256,0.0
map,28,319,1788743299.2198017,7.515267998403438,1.9840527539293866,0.0
map,28,320,1788743299.2198017,7.522566277320784,2.0079632767466187,0.0
map,28,321,1788743299.2198017,7.529869133874918,2.0318722736849217,0.0
map,28,322,1788743299.2198017,7.5371750421869095,2.055781270623225,0.0
map,28,323,1788743299.2198017,7.544484002256759,2.079688741682599,0.0
map,28,324,1788743299.2198017,7.551797539963395,2.103596212741973,0.0
map,28,325,1788743299.2198017,7.559112603548961,2.127502157922418,0.0
map,28,326,1788743299.2198017,7.56642156361881,2.151409628981792,0.0
map,28,327,1788743299.2198017,7.573735101325447,2.175315574162237,0.0
map,28,328,1788743299.2198017,7.581054742547799,2.1992199934637533,0.0
map,28,329,1788743299.2198017,7.588375909649081,2.2231244127652694,0.0
map,28,330,1788743299.2198017,7.595701654387149,2.2470257803089275,0.0
map,28,331,1788743299.2198017,7.603030450883075,2.2709286737315146,0.0
map,28,332,1788743299.2198017,7.61036229913686,2.2948285153962438,0.0
map,28,333,1788743299.2198017,7.617686517995999,2.318731408818831,0.0
map,28,334,1788743299.2198017,7.625016840370854,2.342632776362489,0.0
map,28,335,1788743299.2198017,7.6323502145035675,2.366532618027218,0.0
map,28,336,1788743299.2198017,7.639688166273068,2.3904324596919473,0.0
map,28,337,1788743299.2198017,7.647030695679355,2.4143292495988184,0.0
map,28,338,1788743299.2198017,7.654374750964571,2.4382260395056896,0.0
map,28,339,1788743299.2198017,7.661723383886574,2.4621228294125608,0.0
map,28,340,1788743299.2198017,7.669062861535004,2.486021145198361,0.0
map,28,341,1788743299.2198017,7.67640691682022,2.509917935105232,0.0
map,28,342,1788743299.2198017,7.683757075621152,2.5338131991331743,0.0
map,28,343,1788743299.2198017,7.691110286179942,2.5577069372821875,0.0
map,28,344,1788743299.2198017,7.698468074375519,2.5815991495522717,0.0
map,28,345,1788743299.2198017,7.705828914328954,2.605491361822356,0.0
map,28,346,1788743299.2198017,7.713176021372028,2.629386625850298,0.0
map,28,347,1788743299.2198017,7.7205307578097475,2.653280363999311,0.0
map,28,348,1788743299.2198017,7.727890071884254,2.6771725762693954,0.0
map,28,349,1788743299.2198017,7.735255489474476,2.7010632626605506,0.0
map,28,350,1788743299.2198017,7.742625484701485,2.724952423172777,0.0
map,28,351,1788743299.2198017,7.7500000575652805,2.748840057806074,0.0
map,28,352,1788743299.2198017,7.7573776821869345,2.7727261665604424,0.0
map,28,353,1788743299.2198017,7.7647400480192985,2.7966183788305266,0.0
map,28,354,1788743299.2198017,7.7721115691252365,2.820506013463824,0.0
map,28,355,1788743299.2198017,7.779487667867961,2.844393648097121,0.0
map,28,356,1788743299.2198017,7.786869870126402,2.8682782309725603,0.0
map,28,357,1788743299.2198017,7.79425665002163,2.8921628138479996,0.0
map,28,358,1788743299.2198017,7.801648007553645,2.916044344965581,0.0
map,28,359,1788743299.2198017,7.809043942722447,2.939925876083162,0.0
map,28,360,1788743299.2198017,7.816420041465172,2.9638135107164594,0.0
map,28,361,1788743299.2198017,7.8238037696025415,2.9876980935918986,0.0
map,28,362,1788743299.2198017,7.831195127134556,3.01157962470948,0.0
map,28,363,1788743299.2198017,7.838594114061216,3.0354596299481322,0.0
map,28,364,1788743299.2198017,7.845996152745734,3.0593396351867845,0.0
map,28,365,1788743299.2198017,7.8534058208248965,3.08321506278865,0.0
map,28,366,1788743299.2198017,7.860818540661917,3.107092016269444,0.0
map,28,367,1788743299.2198017,7.868208372315003,3.1309750732659545,0.0
map,28,368,1788743299.2198017,7.875605833362734,3.154855078504607,0.0
map,28,369,1788743299.2198017,7.883018553199754,3.178730506106472,0.0
map,28,370,1788743299.2198017,7.890432798915704,3.2026059337083375,0.0
map,28,371,1788743299.2198017,7.8978500963895115,3.226479835431274,0.0
map,28,372,1788743299.2198017,7.905271971500106,3.25035373715421,0.0
map,28,373,1788743299.2198017,7.912689268973914,3.2742276388771465,0.0
map,28,374,1788743299.2198017,7.9707,3.31,0.7715
