stamp,vx,vy,vz,wx,wy,wz
1788745170.9191415,0.0,0.0,0.0,0.0,0.0,0.0
1788745170.969204,0.0,0.0,0.0,0.0,0.0,0.0
1788745171.0190697,0.0,0.0,0.0,0.0,0.0,0.0
1788745171.0690973,0.0,0.0,0.0,0.0,0.0,0.0
1788745171.1191761,0.0,0.0,0.0,0.0,0.0,0.0
1788745171.1689413,0.0,0.0,0.0,0.0,0.0,0.0
1788745171.2192028,0.0,0.0,0.0,0.0,0.0,0.0
1788745171.2692099,0.0,0.0,0.0,0.0,0.0,0.0
1788745171.3192313,0.0,0.0,0.0,0.0,0.0,0.0
1788745171.3691623,0.0,0.0,0.0,0.0,0.0,0.0
1788745171.419256,0.0,0.0,0.0,0.0,0.0,0.0
1788745171.4692695,0.0,0.0,0.0,0.0,0.0,0.0
1788745171.5191355,0.0,0.0,0.0,0.0,0.0,0.0
1788745171.5692525,0.0,0.0,0.0,0.0,0.0,0.0
1788745171.619252,0.0,0.0,0.0,0.0,0.0,0.0
1788745171.6691456,0.0,0.0,0.0,0.0,0.0,0.0
1788745171.7192261,0.0,0.0,0.0,0.0,0.0,0.0
1788745171.7689626,0.0,0.0,0.0,0.0,0.0,0.0
1788745171.8191807,0.0,0.0,0.0,0.0,0.0,0.0
1788745171.869123,0.0,0.0,0.0,0.0,0.0,0.0
1788745171.9190326,0.0,0.0,0.0,0.0,0.0,0.0
1788745171.9690654,0.0,0.0,0.0,0.0,0.0,0.0
1788745172.019256,0.0,0.0,0.0,0.0,0.0,0.0
1788745172.0688524,0.0,0.0,0.0,0.0,0.0,0.0
1788745172.119057,0.0,0.0,0.0,0.0,0.0,0.0
1788745172.1693041,0.0,0.0,0.0,0.0,0.0,0.0
1788745172.2189984,0.0,0.0,0.0,0.0,0.0,0.0
1788745172.2691824,0.0,0.0,0.0,0.0,0.0,0.0
1788745172.319219,0.0,0.0,0.0,0.0,0.0,0.0
1788745172.3690064,0.0,0.0,0.0,0.0,0.0,0.0
1788745172.4191573,0.0,0.0,0.0,0.0,0.0,0.0
1788745172.4691381,0.0,0.0,0.0,0.0,0.0,0.0
1788745172.5190532,0.0,0.0,0.0,0.0,0.0,0.0
1788745172.569052,0.0,0.0,0.0,0.0,0.0,0.0
1788745172.6191816,0.0,0.0,0.0,0.0,0.0,0.0
1788745172.6691477,0.0,0.0,0.0,0.0,0.0,0.0
1788745172.7193525,0.0,0.0,0.0,0.0,0.0,0.0
1788745172.769075,0.0,0.0,0.0,0.0,0.0,0.0
1788745172.8191147,0.0,0.0,0.0,0.0,0.0,0.0
1788745172.868875,0.0,0.0,0.0,0.0,0.0,0.0
1788745172.9190352,0.0,0.0,0.0,0.0,0.0,0.0
1788745172.9690685,0.0,0.0,0.0,0.0,0.0,0.0
1788745173.0193121,0.0,0.0,0.0,0.0,0.0,0.0
1788745173.0688972,0.0,0.0,0.0,0.0,0.0,0.0
1788745173.1190007,0.0,0.0,0.0,0.0,0.0,0.0
1788745173.1689498,0.0,0.0,0.0,0.0,0.0,0.0
1788745173.2192583,0.0,0.0,0.0,0.0,0.0,0.0
1788745173.268885,0.0,0.0,0.0,0.0,0.0,0.0
1788745173.3191762,0.0,0.0,0.0,0.0,0.0,0.0
1788745173.3687565,0.0,0.0,0.0,0.0,0.0,0.0
1788745173.4189394,0.0,0.0,0.0,0.0,0.0,0.0
1788745173.4690845,0.0,0.0,0.0,0.0,0.0,0.0
1788745173.5188432,0.0,0.0,0.0,0.0,0.0,0.0
1788745173.5688865,0.0,0.0,0.0,0.0,0.0,0.0
1788745173.6191785,0.0,0.0,0.0,0.0,0.0,0.0
1788745173.6690323,0.0,0.0,0.0,0.0,0.0,0.0
1788745173.7189686,0.0,0.0,0.0,0.0,0.0,0.0
1788745173.7689137,0.0,0.0,0.0,0.0,0.0,0.0
1788745173.8193822,0.0,0.0,0.0,0.0,0.0,0.0
1788745173.8691337,0.0,0.0,0.0,0.0,0.0,0.0
1788745173.919259,0.0,0.0,0.0,0.0,0.0,0.0
1788745173.9691367,0.0,0.0,0.0,0.0,0.0,0.0
1788745174.0191512,0.0,0.0,0.0,0.0,0.0,0.0
1788745174.0691662,0.0,0.0,0.0,0.0,0.0,0.0
1788745174.1191123,0.0,0.0,0.0,0.0,0.0,0.0
1788745174.1688633,0.0,0.0,0.0,0.0,0.0,0.0
1788745174.2190185,0.0,0.0,0.0,0.0,0.0,0.0
1788745174.268761,0.0,0.0,0.0,0.0,0.0,0.0
1788745174.31893,0.0,0.0,0.0,0.0,0.0,0.0
1788745174.3691325,0.0,0.0,0.0,0.0,0.0,0.0
1788745174.4194677,0.0,0.0,0.0,0.0,0.0,0.0
1788745174.4689634,0.0,0.0,0.0,0.0,0.0,0.0
1788745174.5191333,0.0,0.0,0.0,0.0,0.0,0.0
1788745174.5688198,0.0,0.0,0.0,0.0,0.0,0.0
1788745174.61898,0.0,0.0,0.0,0.0,0.0,0.0
1788745174.6688147,0.0,0.0,0.0,0.0,0.0,0.0
1788745174.7189696,0.0,0.0,0.0,0.0,0.0,0.0
1788745174.7690234,0.0,0.0,0.0,0.0,0.0,0.0
1788745174.819149,0.0,0.0,0.0,0.0,0.0,0.0
1788745174.8689277,0.0,0.0,0.0,0.0,0.0,0.0
1788745174.9191988,0.0,0.0,0.0,0.0,0.0,0.0
1788745174.969215,0.0,0.0,0.0,0.0,0.0,0.0
1788745175.0191479,0.0,0.0,0.0,0.0,0.0,0.0
1788745175.0691447,0.0,0.0,0.0,0.0,0.0,0.0
1788745175.1190972,0.0,0.0,0.0,0.0,0.0,0.0
1788745175.1690693,0.0,0.0,0.0,0.0,0.0,0.0
1788745175.2189515,0.0,0.0,0.0,0.0,0.0,0.0
1788745175.2687864,0.0,0.0,0.0,0.0,0.0,0.0
1788745175.3192275,0.0,0.0,0.0,0.0,0.0,0.0
1788745175.369026,0.0,0.0,0.0,0.0,0.0,0.0
1788745175.419056,0.0,0.0,0.0,0.0,0.0,0.0
1788745175.4691596,0.0,0.0,0.0,0.0,0.0,0.0
1788745175.5191264,0.0,0.0,0.0,0.0,0.0,0.0
1788745175.569123,0.0,0.0,0.0,0.0,0.0,0.0
1788745175.6193357,0.0,0.0,0.0,0.0,0.0,0.0
1788745175.6692915,0.0,0.0,0.0,0.0,0.0,0.0
1788745175.7191503,0.0,0.0,0.0,0.0,0.0,0.0
1788745175.76904,0.0,0.0,0.0,0.0,0.0,0.0
1788745175.8191667,0.0,0.0,0.0,0.0,0.0,0.0
1788745175.8689077,0.0,0.0,0.0,0.0,0.0,0.0
1788745175.9189906,0.0,0.0,0.0,0.0,0.0,0.0
1788745175.9691164,0.0,0.0,0.0,0.0,0.0,0.0
1788745176.0191164,0.0,0.0,0.0,0.0,0.0,0.0
1788745176.0692227,0.0,0.0,0.0,0.0,0.0,0.0
1788745176.1189613,0.0,0.0,0.0,0.0,0.0,0.0
1788745176.1690004,0.0,0.0,0.0,0.0,0.0,0.0
1788745176.2191463,0.0,0.0,0.0,0.0,0.0,0.0
1788745176.2690723,0.0,0.0,0.0,0.0,0.0,0.0
1788745176.319099,0.0,0.0,0.0,0.0,0.0,0.0
1788745176.368756,0.0,0.0,0.0,0.0,0.0,0.0
1788745176.418884,0.0,0.0,0.0,0.0,0.0,0.0
1788745176.4690294,0.0,0.0,0.0,0.0,0.0,0.0
1788745176.5191784,0.0,0.0,0.0,0.0,0.0,0.0
1788745176.5691345,0.0,0.0,0.0,0.0,0.0,0.0
1788745176.6188846,0.0,0.0,0.0,0.0,0.0,0.0
1788745176.668871,0.0,0.0,0.0,0.0,0.0,0.0
1788745176.7191234,0.0,0.0,0.0,0.0,0.0,0.0
1788745176.7688434,0.0,0.0,0.0,0.0,0.0,0.0
1788745176.8190186,0.0,0.0,0.0,0.0,0.0,0.0
1788745176.8688564,0.0,0.0,0.0,0.0,0.0,0.0
1788745176.9191873,0.0,0.0,0.0,0.0,0.0,0.0
1788745176.9688535,0.0,0.0,0.0,0.0,0.0,0.0
1788745177.019334,0.0,0.0,0.0,0.0,0.0,0.0
1788745177.06864,0.0,0.0,0.0,0.0,0.0,0.0
1788745177.119049,0.0,0.0,0.0,0.0,0.0,0.0
1788745177.1688998,0.0,0.0,0.0,0.0,0.0,0.0
1788745177.2189653,0.0,0.0,0.0,0.0,0.0,0.0
1788745177.2689745,0.0,0.0,0.0,0.0,0.0,0.0
1788745177.3190312,0.0,0.0,0.0,0.0,0.0,0.0
1788745177.3692536,0.0,0.0,0.0,0.0,0.0,0.0
1788745177.419508,0.0,0.0,0.0,0.0,0.0,0.0
1788745177.4690983,0.0,0.0,0.0,0.0,0.0,0.0
1788745177.5193062,0.0,0.0,0.0,0.0,0.0,0.0
1788745177.569232,0.0,0.0,0.0,0.0,0.0,0.0
1788745177.6192207,0.0,0.0,0.0,0.0,0.0,0.0
1788745177.668887,0.0,0.0,0.0,0.0,0.0,0.0
1788745177.7191808,0.0,0.0,0.0,0.0,0.0,0.0
1788745177.7690887,0.0,0.0,0.0,0.0,0.0,0.0
1788745177.81909,0.0,0.0,0.0,0.0,0.0,0.0
1788745177.8690257,0.0,0.0,0.0,0.0,0.0,0.0
1788745177.9189177,0.0,0.0,0.0,0.0,0.0,0.0
1788745177.9692857,0.0,0.0,0.0,0.0,0.0,0.0
1788745178.018733,0.0,0.0,0.0,0.0,0.0,0.0
1788745178.069153,0.0,0.0,0.0,0.0,0.0,0.0
1788745178.1193588,0.0,0.0,0.0,0.0,0.0,0.0
1788745178.1691499,0.0,0.0,0.0,0.0,0.0,0.0
1788745178.2190886,0.0,0.0,0.0,0.0,0.0,0.0
1788745178.2690828,0.0,0.0,0.0,0.0,0.0,0.0
1788745178.3191693,0.0,0.0,0.0,0.0,0.0,0.0
1788745178.3690858,0.0,0.0,0.0,0.0,0.0,0.0
1788745178.4190242,0.0,0.0,0.0,0.0,0.0,0.0
1788745178.4689252,0.0,0.0,0.0,0.0,0.0,0.0
1788745178.5190203,0.0,0.0,0.0,0.0,0.0,0.0
1788745178.5691292,0.0,0.0,0.0,0.0,0.0,0.0
1788745178.6190534,0.0,0.0,0.0,0.0,0.0,0.0
1788745178.6689937,0.0,0.0,0.0,0.0,0.0,0.0
1788745178.7191722,0.0,0.0,0.0,0.0,0.0,0.0
1788745178.76906,0.0,0.0,0.0,0.0,0.0,0.0
1788745178.8191535,0.0,0.0,0.0,0.0,0.0,0.0
1788745178.8693438,0.0,0.0,0.0,0.0,0.0,0.0
1788745178.9191887,0.0,0.0,0.0,0.0,0.0,0.0
1788745178.968944,0.0,0.0,0.0,0.0,0.0,0.0
1788745179.0193174,0.0,0.0,0.0,0.0,0.0,0.0
1788745179.0690613,0.0,0.0,0.0,0.0,0.0,0.0
1788745179.119023,0.0,0.0,0.0,0.0,0.0,0.0
1788745179.1690042,0.0,0.0,0.0,0.0,0.0,0.0
1788745179.218718,0.0,0.0,0.0,0.0,0.0,0.0
1788745179.2688813,0.0,0.0,0.0,0.0,0.0,0.0
1788745179.3192725,0.0,0.0,0.0,0.0,0.0,0.0
1788745179.3691807,0.0,0.0,0.0,0.0,0.0,0.0
1788745179.4190452,0.0,0.0,0.0,0.0,0.0,0.0
1788745179.469106,0.0,0.0,0.0,0.0,0.0,0.0
1788745179.519024,0.0,0.0,0.0,0.0,0.0,0.0
1788745179.5689948,0.0,0.0,0.0,0.0,0.0,0.0
1788745179.6188173,0.0,0.0,0.0,0.0,0.0,0.0
1788745179.6687787,0.0,0.0,0.0,0.0,0.0,0.0
1788745179.719085,0.0,0.0,0.0,0.0,0.0,0.0
1788745179.7689927,0.0,0.0,0.0,0.0,0.0,0.0
1788745179.8188496,0.0,0.0,0.0,0.0,0.0,0.0
1788745179.869268,0.0,0.0,0.0,0.0,0.0,0.0
1788745179.9192734,0.0,0.0,0.0,0.0,0.0,0.0
1788745179.9692256,0.0,0.0,0.0,0.0,0.0,0.0
1788745180.018788,0.0,0.0,0.0,0.0,0.0,0.0
1788745180.0690253,0.0,0.0,0.0,0.0,0.0,0.0
1788745180.1188142,0.0,0.0,0.0,0.0,0.0,0.0
1788745180.1695094,0.0,0.0,0.0,0.0,0.0,0.0
1788745180.219222,0.0,0.0,0.0,0.0,0.0,0.0
1788745180.268974,0.0,0.0,0.0,0.0,0.0,0.0
1788745180.3192399,0.0,0.0,0.0,0.0,0.0,0.0
1788745180.3690462,0.0,0.0,0.0,0.0,0.0,0.0
1788745180.4191513,0.0,0.0,0.0,0.0,0.0,0.0
1788745180.4691541,0.0,0.0,0.0,0.0,0.0,0.0
1788745180.5192149,0.0,0.0,0.0,0.0,0.0,0.0
1788745180.569113,0.0,0.0,0.0,0.0,0.0,0.0
1788745180.6187692,0.0,0.0,0.0,0.0,0.0,0.0
1788745180.66929,0.0,0.0,0.0,0.0,0.0,0.0
1788745180.719018,0.0,0.0,0.0,0.0,0.0,0.0
1788745180.768996,0.0,0.0,0.0,0.0,0.0,0.0
1788745180.819133,0.0,0.0,0.0,0.0,0.0,0.0
1788745180.869059,0.0,0.0,0.0,0.0,0.0,0.0
1788745180.9191058,0.0,0.0,0.0,0.0,0.0,0.0
1788745180.9691942,0.0,0.0,0.0,0.0,0.0,0.0
1788745181.0188713,0.0,0.0,0.0,0.0,0.0,0.0
1788745181.068991,0.0,0.0,0.0,0.0,0.0,0.0
1788745181.1190379,0.0,0.0,0.0,0.0,0.0,0.0
1788745181.1691012,0.0,0.0,0.0,0.0,0.0,0.0
1788745181.2189136,0.0,0.0,0.0,0.0,0.0,0.0
1788745181.2692313,0.0,0.0,0.0,0.0,0.0,0.0
1788745181.3190637,0.0,0.0,0.0,0.0,0.0,0.0
1788745181.3691351,0.0,0.0,0.0,0.0,0.0,0.0
1788745181.4189954,0.0,0.0,0.0,0.0,0.0,0.0
1788745181.469096,0.0,0.0,0.0,0.0,0.0,0.0
1788745181.5189977,0.0,0.0,0.0,0.0,0.0,0.0
1788745181.5688941,0.0,0.0,0.0,0.0,0.0,0.0
1788745181.6189811,0.0,0.0,0.0,0.0,0.0,0.0
1788745181.668782,0.0,0.0,0.0,0.0,0.0,0.0
1788745181.718975,0.0,0.0,0.0,0.0,0.0,0.0
1788745181.7690437,0.0,0.0,0.0,0.0,0.0,0.0
1788745181.8189359,0.0,0.0,0.0,0.0,0.0,0.0
1788745181.86892,0.0,0.0,0.0,0.0,0.0,0.0
1788745181.9192197,0.0,0.0,0.0,0.0,0.0,0.0
1788745181.9692473,0.0,0.0,0.0,0.0,0.0,0.0
1788745182.019167,0.0,0.0,0.0,0.0,0.0,0.0
1788745182.069137,0.0,0.0,0.0,0.0,0.0,0.0
1788745182.119113,0.0,0.0,0.0,0.0,0.0,0.0
1788745182.1688573,0.0,0.0,0.0,0.0,0.0,0.0
1788745182.2190092,0.0,0.0,0.0,0.0,0.0,0.0
1788745182.2690146,0.0,0.0,0.0,0.0,0.0,0.0
1788745182.318985,0.0,0.0,0.0,0.0,0.0,0.0
1788745182.3690093,0.0,0.0,0.0,0.0,0.0,0.0
1788745182.418939,0.0,0.0,0.0,0.0,0.0,0.0
1788745182.4689808,0.0,0.0,0.0,0.0,0.0,0.0
1788745182.5191305,0.0,0.0,0.0,0.0,0.0,0.0
1788745182.5690074,0.0,0.0,0.0,0.0,0.0,0.0
1788745182.6190827,0.0,0.0,0.0,0.0,0.0,0.0
1788745182.6690147,0.0,0.0,0.0,0.0,0.0,0.0
1788745182.7190816,0.0,0.0,0.0,0.0,0.0,0.0
1788745182.7692385,0.0,0.0,0.0,0.0,0.0,0.0
1788745182.8189135,0.0,0.0,0.0,0.0,0.0,0.0
1788745182.8691986,0.0,0.0,0.0,0.0,0.0,0.0
1788745182.9191325,0.0,0.0,0.0,0.0,0.0,0.0
1788745182.9690921,0.0,0.0,0.0,0.0,0.0,0.0
1788745183.019188,0.0,0.0,0.0,0.0,0.0,0.0
1788745183.0692325,0.0,0.0,0.0,0.0,0.0,0.0
1788745183.1191633,0.0,0.0,0.0,0.0,0.0,0.0
1788745183.1690168,0.0,0.0,0.0,0.0,0.0,0.0
1788745183.2188087,0.0,0.0,0.0,0.0,0.0,0.0
1788745183.2690678,0.0,0.0,0.0,0.0,0.0,0.0
1788745183.3188534,0.0,0.0,0.0,0.0,0.0,0.0
1788745183.369101,0.0,0.0,0.0,0.0,0.0,0.0
1788745183.418869,0.0,0.0,0.0,0.0,0.0,0.0
1788745183.4688795,0.0,0.0,0.0,0.0,0.0,0.0
1788745183.5190604,0.0,0.0,0.0,0.0,0.0,0.0
1788745183.5688577,0.0,0.0,0.0,0.0,0.0,0.0
1788745183.6189811,0.0,0.0,0.0,0.0,0.0,0.0
1788745183.668868,0.0,0.0,0.0,0.0,0.0,0.0
1788745183.7191422,0.0,0.0,0.0,0.0,0.0,0.0
1788745183.7687716,0.0,0.0,0.0,0.0,0.0,0.0
1788745183.8188741,0.0,0.0,0.0,0.0,0.0,0.0
1788745183.8689566,0.0,0.0,0.0,0.0,0.0,0.0
1788745183.9190056,0.0,0.0,0.0,0.0,0.0,0.0
1788745183.969071,0.0,0.0,0.0,0.0,0.0,0.0
1788745184.0191061,0.0,0.0,0.0,0.0,0.0,0.0
1788745184.0691354,0.0,0.0,0.0,0.0,0.0,0.0
1788745184.1190364,0.0,0.0,0.0,0.0,0.0,0.0
1788745184.1689508,0.0,0.0,0.0,0.0,0.0,0.0
1788745184.2191684,0.0,0.0,0.0,0.0,0.0,0.0
1788745184.26911,0.0,0.0,0.0,0.0,0.0,0.0
1788745184.3190956,0.0,0.0,0.0,0.0,0.0,0.0
1788745184.3688211,0.0,0.0,0.0,0.0,0.0,0.0
1788745184.4191785,0.0,0.0,0.0,0.0,0.0,0.0
1788745184.4691339,0.0,0.0,0.0,0.0,0.0,0.0
1788745184.518843,0.0,0.0,0.0,0.0,0.0,0.0
1788745184.5688074,0.0,0.0,0.0,0.0,0.0,0.0
1788745184.61904,0.0,0.0,0.0,0.0,0.0,0.0
1788745184.6690814,0.0,0.0,0.0,0.0,0.0,0.0
1788745184.7192993,0.0,0.0,0.0,0.0,0.0,0.0
1788745184.769389,0.0,0.0,0.0,0.0,0.0,0.0
1788745184.819043,0.0,0.0,0.0,0.0,0.0,0.0
1788745184.86897,0.0,0.0,0.0,0.0,0.0,0.0
1788745184.919295,0.0,0.0,0.0,0.0,0.0,0.0
1788745184.9690201,0.0,0.0,0.0,0.0,0.0,0.0
1788745185.0189745,0.0,0.0,0.0,0.0,0.0,0.0
1788745185.0687947,0.0,0.0,0.0,0.0,0.0,0.0
1788745185.1189365,0.0,0.0,0.0,0.0,0.0,0.0
1788745185.1689782,0.0,0.0,0.0,0.0,0.0,0.0
1788745185.219086,0.0,0.0,0.0,0.0,0.0,0.0
1788745185.2690604,0.0,0.0,0.0,0.0,0.0,0.0
1788745185.319097,0.0,0.0,0.0,0.0,0.0,0.0
1788745185.3689907,0.0,0.0,0.0,0.0,0.0,0.0
1788745185.4191785,0.0,0.0,0.0,0.0,0.0,0.0
1788745185.4690237,0.0,0.0,0.0,0.0,0.0,0.0
1788745185.5191638,0.0,0.0,0.0,0.0,0.0,0.0
1788745185.5690484,0.0,0.0,0.0,0.0,0.0,0.0
1788745185.6190526,0.0,0.0,0.0,0.0,0.0,0.0
1788745185.669084,0.0,0.0,0.0,0.0,0.0,0.0
1788745185.7190106,0.0,0.0,0.0,0.0,0.0,0.0
1788745185.7690237,0.0,0.0,0.0,0.0,0.0,0.0
1788745185.818923,0.0,0.0,0.0,0.0,0.0,0.0
1788745185.869091,0.0,0.0,0.0,0.0,0.0,0.0
1788745185.9190888,0.0,0.0,0.0,0.0,0.0,0.0
1788745185.9691055,0.0,0.0,0.0,0.0,0.0,0.0
1788745186.0189757,0.0,0.0,0.0,0.0,0.0,0.0
1788745186.0688965,0.0,0.0,0.0,0.0,0.0,0.0
1788745186.1190543,0.0,0.0,0.0,0.0,0.0,0.0
1788745186.1690567,0.0,0.0,0.0,0.0,0.0,0.0
1788745186.2190528,0.0,0.0,0.0,0.0,0.0,0.0
1788745186.2691677,0.0,0.0,0.0,0.0,0.0,0.0
1788745186.3192954,0.0,0.0,0.0,0.0,0.0,0.0
1788745186.36902,0.0,0.0,0.0,0.0,0.0,0.0
1788745186.419016,0.0,0.0,0.0,0.0,0.0,0.0
1788745186.4690206,0.0,0.0,0.0,0.0,0.0,0.0
1788745186.5190635,0.0,0.0,0.0,0.0,0.0,0.0
1788745186.5689564,0.0,0.0,0.0,0.0,0.0,0.0
1788745186.6191678,0.0,0.0,0.0,0.0,0.0,0.0
1788745186.6690016,0.0,0.0,0.0,0.0,0.0,0.0
1788745186.71903,0.0,0.0,0.0,0.0,0.0,0.0
1788745186.768886,0.0,0.0,0.0,0.0,0.0,0.0
1788745186.8190486,0.0,0.0,0.0,0.0,0.0,0.0
1788745186.8690386,0.0,0.0,0.0,0.0,0.0,0.0
1788745186.9189992,0.0,0.0,0.0,0.0,0.0,0.0
1788745186.969195,0.0,0.0,0.0,0.0,0.0,0.0
1788745187.0190067,0.0,0.0,0.0,0.0,0.0,0.0
1788745187.0688233,0.0,0.0,0.0,0.0,0.0,0.0
1788745187.1189957,0.0,0.0,0.0,0.0,0.0,0.0
1788745187.1687229,0.0,0.0,0.0,0.0,0.0,0.0
1788745187.2188225,0.0,0.0,0.0,0.0,0.0,0.0
1788745187.2689133,0.0,0.0,0.0,0.0,0.0,0.0
1788745187.3190677,0.0,0.0,0.0,0.0,0.0,0.0
1788745187.3689988,0.0,0.0,0.0,0.0,0.0,0.0
1788745187.4192755,0.0,0.0,0.0,0.0,0.0,0.0
1788745187.4690294,0.0,0.0,0.0,0.0,0.0,0.0
1788745187.5191507,0.0,0.0,0.0,0.0,0.0,0.0
1788745187.569118,0.0,0.0,0.0,0.0,0.0,0.0
1788745187.6190414,0.0,0.0,0.0,0.0,0.0,0.0
1788745187.6689837,0.0,0.0,0.0,0.0,0.0,0.0
1788745187.7190013,0.0,0.0,0.0,0.0,0.0,0.0
1788745187.769035,0.0,0.0,0.0,0.0,0.0,0.0
1788745187.8190274,0.0,0.0,0.0,0.0,0.0,0.0
1788745187.8690073,0.0,0.0,0.0,0.0,0.0,0.0
1788745187.9190676,0.0,0.0,0.0,0.0,0.0,0.0
1788745187.968942,0.0,0.0,0.0,0.0,0.0,0.0
1788745188.0191627,0.0,0.0,0.0,0.0,0.0,0.0
1788745188.0688283,0.0,0.0,0.0,0.0,0.0,0.0
1788745188.1190133,0.0,0.0,0.0,0.0,0.0,0.0
1788745188.1689277,0.0,0.0,0.0,0.0,0.0,0.0
1788745188.2191103,0.0,0.0,0.0,0.0,0.0,0.0
1788745188.26887,0.0,0.0,0.0,0.0,0.0,0.0
1788745188.3189716,0.0,0.0,0.0,0.0,0.0,0.0
1788745188.3690655,0.0,0.0,0.0,0.0,0.0,0.0
1788745188.4191098,0.0,0.0,0.0,0.0,0.0,0.0
1788745188.4690344,0.0,0.0,0.0,0.0,0.0,0.0
1788745188.5191522,0.0,0.0,0.0,0.0,0.0,0.0
1788745188.5689037,0.0,0.0,0.0,0.0,0.0,0.0
1788745188.6189294,0.0,0.0,0.0,0.0,0.0,0.0
1788745188.6687758,0.0,0.0,0.0,0.0,0.0,0.0
1788745188.7191958,0.0,0.0,0.0,0.0,0.0,0.0
1788745188.7690945,0.0,0.0,0.0,0.0,0.0,0.0
1788745188.8190708,0.0,0.0,0.0,0.0,0.0,0.0
1788745188.8689864,0.0,0.0,0.0,0.0,0.0,0.0
1788745188.9189203,0.0,0.0,0.0,0.0,0.0,0.0
1788745188.9690018,0.0,0.0,0.0,0.0,0.0,0.0
1788745189.018821,0.0,0.0,0.0,0.0,0.0,0.0
1788745189.068679,0.0,0.0,0.0,0.0,0.0,0.0
1788745189.1190526,0.0,0.0,0.0,0.0,0.0,0.0
1788745189.1687446,0.0,0.0,0.0,0.0,0.0,0.0
1788745189.5176237,0.0,0.0,0.0,0.0,0.0,0.0
1788745189.5184937,0.0,0.0,0.0,0.0,0.0,0.0
1788745189.5189486,0.0,0.0,0.0,0.0,0.0,0.0
1788745189.5689683,0.0,0.0,0.0,0.0,0.0,0.0
1788745189.6190596,0.0,0.0,0.0,0.0,0.0,0.0
1788745189.6692643,0.0,0.0,0.0,0.0,0.0,0.0
1788745189.718869,0.0,0.0,0.0,0.0,0.0,0.0
1788745189.7690594,0.0,0.0,0.0,0.0,0.0,0.0
1788745189.8192327,0.0,0.0,0.0,0.0,0.0,0.0
1788745189.8690171,0.0,0.0,0.0,0.0,0.0,0.0
1788745189.919153,0.0,0.0,0.0,0.0,0.0,0.0
1788745189.9688962,0.0,0.0,0.0,0.0,0.0,0.0
1788745190.0192604,0.0,0.0,0.0,0.0,0.0,0.0
1788745190.069316,0.0,0.0,0.0,0.0,0.0,0.0
1788745190.118754,0.0,0.0,0.0,0.0,0.0,0.0
1788745190.169035,0.0,0.0,0.0,0.0,0.0,0.0
1788745190.2188914,0.0,0.0,0.0,0.0,0.0,0.0
1788745190.2690177,0.0,0.0,0.0,0.0,0.0,0.0
1788745190.3192625,0.0,0.0,0.0,0.0,0.0,0.0
1788745190.36922,0.0,0.0,0.0,0.0,0.0,0.0
1788745190.4191146,0.0,0.0,0.0,0.0,0.0,0.0
1788745190.4692767,0.0,0.0,0.0,0.0,0.0,0.0
1788745190.5189908,0.0,0.0,0.0,0.0,0.0,0.0
1788745190.569125,0.0,0.0,0.0,0.0,0.0,0.0
1788745190.6192482,0.0,0.0,0.0,0.0,0.0,0.0
1788745190.6692572,0.0,0.0,0.0,0.0,0.0,0.0
1788745190.719206,0.0,0.0,0.0,0.0,0.0,0.0
1788745190.7694342,0.0,0.0,0.0,0.0,0.0,0.0
1788745190.8191369,0.0,0.0,0.0,0.0,0.0,0.0
1788745190.8692627,0.0,0.0,0.0,0.0,0.0,0.0
1788745190.9188945,0.0,0.0,0.0,0.0,0.0,0.0
1788745190.9690094,0.0,0.0,0.0,0.0,0.0,0.0
1788745191.0188892,0.0,0.0,0.0,0.0,0.0,0.0
1788745191.0692017,0.0,0.0,0.0,0.0,0.0,0.0
1788745191.1190503,0.0,0.0,0.0,0.0,0.0,0.0
1788745191.1689663,0.0,0.0,0.0,0.0,0.0,0.0
1788745191.2188168,0.0,0.0,0.0,0.0,0.0,0.0
1788745191.2690008,0.0,0.0,0.0,0.0,0.0,0.0
1788745191.3190558,0.0,0.0,0.0,0.0,0.0,0.0
1788745191.3691618,0.0,0.0,0.0,0.0,0.0,0.0
1788745191.4187853,0.0,0.0,0.0,0.0,0.0,0.0
1788745191.469001,0.0,0.0,0.0,0.0,0.0,0.0
1788745191.519285,0.0,0.0,0.0,0.0,0.0,0.0
1788745191.5690904,0.0,0.0,0.0,0.0,0.0,0.0
1788745191.6189754,0.0,0.0,0.0,0.0,0.0,0.0
1788745191.6688223,0.0,0.0,0.0,0.0,0.0,0.0
1788745191.7190871,0.0,0.0,0.0,0.0,0.0,0.0
1788745191.769021,0.0,0.0,0.0,0.0,0.0,0.0
1788745191.8190603,0.0,0.0,0.0,0.0,0.0,0.0
1788745191.8690245,0.0,0.0,0.0,0.0,0.0,0.0
1788745191.9194086,0.0,0.0,0.0,0.0,0.0,0.0
1788745191.968972,0.0,0.0,0.0,0.0,0.0,0.0
1788745192.0192606,0.0,0.0,0.0,0.0,0.0,0.0
1788745192.068847,0.0,0.0,0.0,0.0,0.0,0.0
1788745192.1190126,0.0,0.0,0.0,0.0,0.0,0.0
1788745192.1689575,0.0,0.0,0.0,0.0,0.0,0.0
1788745192.2192152,0.0,0.0,0.0,0.0,0.0,0.0
1788745192.26905,0.0,0.0,0.0,0.0,0.0,0.0
1788745192.3190389,0.0,0.0,0.0,0.0,0.0,0.0
1788745192.3689942,0.0,0.0,0.0,0.0,0.0,0.0
1788745192.4189363,0.0,0.0,0.0,0.0,0.0,0.0
1788745192.4692209,0.0,0.0,0.0,0.0,0.0,0.0
1788745192.5190349,0.0,0.0,0.0,0.0,0.0,0.0
1788745192.5692904,0.0,0.0,0.0,0.0,0.0,0.0
1788745192.6192744,0.0,0.0,0.0,0.0,0.0,0.0
1788745192.6690423,0.0,0.0,0.0,0.0,0.0,0.0
1788745192.7189465,0.0,0.0,0.0,0.0,0.0,0.0
1788745192.7690942,0.0,0.0,0.0,0.0,0.0,0.0
1788745192.818922,0.0,0.0,0.0,0.0,0.0,0.0
1788745192.8692021,0.0,0.0,0.0,0.0,0.0,0.0
1788745192.9190283,0.0,0.0,0.0,0.0,0.0,0.0
1788745192.968967,0.0,0.0,0.0,0.0,0.0,0.0
1788745193.0191264,0.0,0.0,0.0,0.0,0.0,0.0
1788745193.0690715,0.0,0.0,0.0,0.0,0.0,0.0
1788745193.1190567,0.0,0.0,0.0,0.0,0.0,0.0
1788745193.1689825,0.0,0.0,0.0,0.0,0.0,0.0
1788745193.2190437,0.0,0.0,0.0,0.0,0.0,0.0
1788745193.2692044,0.0,0.0,0.0,0.0,0.0,0.0
1788745193.3189769,0.0,0.0,0.0,0.0,0.0,0.0
1788745193.368663,0.0,0.0,0.0,0.0,0.0,0.0
1788745193.418839,0.0,0.0,0.0,0.0,0.0,0.0
1788745193.4690628,0.0,0.0,0.0,0.0,0.0,0.0
1788745193.519046,0.0,0.0,0.0,0.0,0.0,0.0
1788745193.5690427,0.0,0.0,0.0,0.0,0.0,0.0
1788745193.6190395,0.0,0.0,0.0,0.0,0.0,0.0
1788745193.6691358,0.0,0.0,0.0,0.0,0.0,0.0
1788745193.7191577,0.0,0.0,0.0,0.0,0.0,0.0
1788745193.769179,0.0,0.0,0.0,0.0,0.0,0.0
1788745193.8191001,0.0,0.0,0.0,0.0,0.0,0.0
1788745193.8690107,0.0,0.0,0.0,0.0,0.0,0.0
1788745193.9189072,0.0,0.0,0.0,0.0,0.0,0.0
1788745193.968764,0.0,0.0,0.0,0.0,0.0,0.0
1788745194.0189605,0.0,0.0,0.0,0.0,0.0,0.0
1788745194.068908,0.0,0.0,0.0,0.0,0.0,0.0
1788745194.1188056,0.0,0.0,0.0,0.0,0.0,0.0
1788745194.1691492,0.0,0.0,0.0,0.0,0.0,0.0
1788745194.2190027,0.0,0.0,0.0,0.0,0.0,0.0
1788745194.269015,0.0,0.0,0.0,0.0,0.0,0.0
1788745194.3188252,0.0,0.0,0.0,0.0,0.0,0.0
1788745194.3692124,0.0,0.0,0.0,0.0,0.0,0.0
1788745194.4191341,0.0,0.0,0.0,0.0,0.0,0.0
1788745194.4691849,0.0,0.0,0.0,0.0,0.0,0.0
1788745194.5190618,0.0,0.0,0.0,0.0,0.0,0.0
1788745194.569202,0.0,0.0,0.0,0.0,0.0,0.0
1788745194.6189733,0.0,0.0,0.0,0.0,0.0,0.0
1788745194.6689854,0.0,0.0,0.0,0.0,0.0,0.0
1788745194.719091,0.0,0.0,0.0,0.0,0.0,0.0
1788745194.7689888,0.0,0.0,0.0,0.0,0.0,0.0
1788745194.8189888,0.0,0.0,0.0,0.0,0.0,0.0
1788745194.8691466,0.0,0.0,0.0,0.0,0.0,0.0
1788745194.9188716,0.0,0.0,0.0,0.0,0.0,0.0
1788745194.9691086,0.0,0.0,0.0,0.0,0.0,0.0
1788745195.0189712,0.0,0.0,0.0,0.0,0.0,0.0
1788745195.0693653,0.0,0.0,0.0,0.0,0.0,0.0
1788745195.1191127,0.0,0.0,0.0,0.0,0.0,0.0
1788745195.1690216,0.0,0.0,0.0,0.0,0.0,0.0
1788745195.2190726,0.0,0.0,0.0,0.0,0.0,0.0
1788745195.269207,0.0,0.0,0.0,0.0,0.0,0.0
1788745195.3188975,0.0,0.0,0.0,0.0,0.0,0.0
1788745195.3691099,0.0,0.0,0.0,0.0,0.0,0.0
1788745195.4190764,0.0,0.0,0.0,0.0,0.0,0.0
1788745195.4690926,0.0,0.0,0.0,0.0,0.0,0.0
1788745195.5189655,0.0,0.0,0.0,0.0,0.0,0.0
1788745195.5690196,0.0,0.0,0.0,0.0,0.0,0.0
1788745195.6191695,0.0,0.0,0.0,0.0,0.0,0.0
1788745195.6690648,0.0,0.0,0.0,0.0,0.0,0.0
1788745195.7191346,0.0,0.0,0.0,0.0,0.0,0.0
1788745195.769245,0.0,0.0,0.0,0.0,0.0,0.0
1788745195.818878,0.0,0.0,0.0,0.0,0.0,0.0
1788745195.868854,0.0,0.0,0.0,0.0,0.0,0.0
1788745195.9190784,0.0,0.0,0.0,0.0,0.0,0.0
1788745195.9689007,0.0,0.0,0.0,0.0,0.0,0.0
1788745196.0190375,0.0,0.0,0.0,0.0,0.0,0.0
1788745196.06906,0.0,0.0,0.0,0.0,0.0,0.0
1788745196.1188767,0.0,0.0,0.0,0.0,0.0,0.0
1788745196.1688194,0.0,0.0,0.0,0.0,0.0,0.0
1788745196.2188942,0.0,0.0,0.0,0.0,0.0,0.0
1788745196.2687447,0.0,0.0,0.0,0.0,0.0,0.0
1788745196.3190563,0.0,0.0,0.0,0.0,0.0,0.0
1788745196.3690572,0.0,0.0,0.0,0.0,0.0,0.0
1788745196.419159,0.0,0.0,0.0,0.0,0.0,0.0
1788745196.4688115,0.0,0.0,0.0,0.0,0.0,0.0
1788745196.5191936,0.0,0.0,0.0,0.0,0.0,0.0
1788745196.5691996,0.0,0.0,0.0,0.0,0.0,0.0
1788745196.6190476,0.0,0.0,0.0,0.0,0.0,0.0
1788745196.6691844,0.0,0.0,0.0,0.0,0.0,0.0
1788745196.7189257,0.0,0.0,0.0,0.0,0.0,0.0
1788745196.769183,0.0,0.0,0.0,0.0,0.0,0.0
1788745196.8189597,0.0,0.0,0.0,0.0,0.0,0.0
1788745196.8688316,0.0,0.0,0.0,0.0,0.0,0.0
1788745196.9188058,0.0,0.0,0.0,0.0,0.0,0.0
1788745196.969182,0.0,0.0,0.0,0.0,0.0,0.0
1788745197.018944,0.0,0.0,0.0,0.0,0.0,0.0
1788745197.0689118,0.0,0.0,0.0,0.0,0.0,0.0
1788745197.1189618,0.0,0.0,0.0,0.0,0.0,0.0
1788745197.1690106,0.0,0.0,0.0,0.0,0.0,0.0
1788745197.2189686,0.0,0.0,0.0,0.0,0.0,0.0
1788745197.268931,0.0,0.0,0.0,0.0,0.0,0.0
1788745197.318814,0.0,0.0,0.0,0.0,0.0,0.0
1788745197.3688962,0.0,0.0,0.0,0.0,0.0,0.0
1788745197.4187934,0.0,0.0,0.0,0.0,0.0,0.0
1788745197.4689612,0.0,0.0,0.0,0.0,0.0,0.0
1788745197.5190194,0.0,0.0,0.0,0.0,0.0,0.0
1788745197.569015,0.0,0.0,0.0,0.0,0.0,0.0
1788745197.6189055,0.0,0.0,0.0,0.0,0.0,0.0
1788745197.6690772,0.0,0.0,0.0,0.0,0.0,0.0
1788745197.7191558,0.0,0.0,0.0,0.0,0.0,0.0
1788745197.7689493,0.0,0.0,0.0,0.0,0.0,0.0
1788745197.8188062,0.0,0.0,0.0,0.0,0.0,0.0
1788745197.8691812,0.0,0.0,0.0,0.0,0.0,0.0
1788745197.9192004,0.0,0.0,0.0,0.0,0.0,0.0
1788745197.9691756,0.0,0.0,0.0,0.0,0.0,0.0
1788745198.0188658,0.0,0.0,0.0,0.0,0.0,0.0
1788745198.0688424,0.0,0.0,0.0,0.0,0.0,0.0
1788745198.119269,0.0,0.0,0.0,0.0,0.0,0.0
1788745198.1691658,0.0,0.0,0.0,0.0,0.0,0.0
1788745198.218924,0.0,0.0,0.0,0.0,0.0,0.0
1788745198.2691486,0.0,0.0,0.0,0.0,0.0,0.0
1788745198.3190155,0.0,0.0,0.0,0.0,0.0,0.0
1788745198.3690116,0.0,0.0,0.0,0.0,0.0,0.0
1788745198.4190426,0.0,0.0,0.0,0.0,0.0,0.0
1788745198.4690151,0.0,0.0,0.0,0.0,0.0,0.0
1788745198.5189812,0.0,0.0,0.0,0.0,0.0,0.0
1788745198.568867,0.0,0.0,0.0,0.0,0.0,0.0
1788745198.6191826,0.0,0.0,0.0,0.0,0.0,0.0
1788745198.669003,0.0,0.0,0.0,0.0,0.0,0.0
1788745198.718849,0.0,0.0,0.0,0.0,0.0,0.0
1788745198.76908,0.0,0.0,0.0,0.0,0.0,0.0
1788745198.8190277,0.0,0.0,0.0,0.0,0.0,0.0
1788745198.8686104,0.0,0.0,0.0,0.0,0.0,0.0
1788745198.919223,0.0,0.0,0.0,0.0,0.0,0.0
1788745198.9689758,0.0,0.0,0.0,0.0,0.0,0.0
1788745199.0188208,0.0,0.0,0.0,0.0,0.0,0.0
1788745199.0688832,0.0,0.0,0.0,0.0,0.0,0.0
1788745199.1188588,0.0,0.0,0.0,0.0,0.0,0.0
1788745199.169046,0.0,0.0,0.0,0.0,0.0,0.0
1788745199.2190912,0.0,0.0,0.0,0.0,0.0,0.0
1788745199.2691078,0.0,0.0,0.0,0.0,0.0,0.0
1788745199.3193126,0.0,0.0,0.0,0.0,0.0,0.0
1788745199.3691268,0.0,0.0,0.0,0.0,0.0,0.0
1788745199.4191158,0.0,0.0,0.0,0.0,0.0,0.0
1788745199.4690218,0.0,0.0,0.0,0.0,0.0,0.0
1788745199.5189972,0.0,0.0,0.0,0.0,0.0,0.0
1788745199.5690484,0.0,0.0,0.0,0.0,0.0,0.0
1788745199.6189804,0.0,0.0,0.0,0.0,0.0,0.0
1788745199.6690323,0.0,0.0,0.0,0.0,0.0,0.0
1788745199.7192163,0.0,0.0,0.0,0.0,0.0,0.0
1788745199.768901,0.0,0.0,0.0,0.0,0.0,0.0
1788745199.8190308,0.0,0.0,0.0,0.0,0.0,0.0
1788745199.869112,0.0,0.0,0.0,0.0,0.0,0.0
1788745199.9193585,0.0,0.0,0.0,0.0,0.0,0.0
1788745199.9691184,0.0,0.0,0.0,0.0,0.0,0.0
1788745200.0194936,0.0,0.0,0.0,0.0,0.0,0.0
1788745200.0690935,0.0,0.0,0.0,0.0,0.0,0.0
1788745200.1193392,0.0,0.0,0.0,0.0,0.0,0.0
1788745200.1690779,0.0,0.0,0.0,0.0,0.0,0.0
1788745200.2192519,0.0,0.0,0.0,0.0,0.0,0.0
1788745200.2691324,0.0,0.0,0.0,0.0,0.0,0.0
1788745200.319037,0.0,0.0,0.0,0.0,0.0,0.0
1788745200.3690789,0.0,0.0,0.0,0.0,0.0,0.0
1788745200.4188805,0.0,0.0,0.0,0.0,0.0,0.0
1788745200.4690936,0.0,0.0,0.0,0.0,0.0,0.0
1788745200.5189238,0.0,0.0,0.0,0.0,0.0,0.0
1788745200.5690782,0.0,0.0,0.0,0.0,0.0,0.0
1788745200.6189814,0.0,0.0,0.0,0.0,0.0,0.0
1788745200.6691964,0.0,0.0,0.0,0.0,0.0,0.0
1788745200.7191832,0.0,0.0,0.0,0.0,0.0,0.0
1788745200.7690582,0.0,0.0,0.0,0.0,0.0,0.0
1788745200.818938,0.0,0.0,0.0,0.0,0.0,0.0
1788745200.8689735,0.0,0.0,0.0,0.0,0.0,0.0
1788745200.9189546,0.0,0.0,0.0,0.0,0.0,0.0
1788745200.9689298,0.0,0.0,0.0,0.0,0.0,0.0
1788745201.0191112,0.0,0.0,0.0,0.0,0.0,0.0
1788745201.0690863,0.0,0.0,0.0,0.0,0.0,0.0
1788745201.1189713,0.0,0.0,0.0,0.0,0.0,0.0
1788745201.1688287,0.0,0.0,0.0,0.0,0.0,0.0
1788745201.2190454,0.0,0.0,0.0,0.0,0.0,0.0
1788745201.2692206,0.0,0.0,0.0,0.0,0.0,0.0
1788745201.3189242,0.0,0.0,0.0,0.0,0.0,0.0
1788745201.368927,0.0,0.0,0.0,0.0,0.0,0.0
1788745201.4189909,0.0,0.0,0.0,0.0,0.0,0.0
1788745201.469101,0.0,0.0,0.0,0.0,0.0,0.0
1788745201.5190227,0.0,0.0,0.0,0.0,0.0,0.0
1788745201.569122,0.0,0.0,0.0,0.0,0.0,0.0
1788745201.6190174,0.0,0.0,0.0,0.0,0.0,0.0
1788745201.6687634,0.0,0.0,0.0,0.0,0.0,0.0
1788745201.718921,0.0,0.0,0.0,0.0,0.0,0.0
1788745201.7691607,0.0,0.0,0.0,0.0,0.0,0.0
1788745201.8191333,0.0,0.0,0.0,0.0,0.0,0.0
1788745201.8690233,0.0,0.0,0.0,0.0,0.0,0.0
1788745201.9187787,0.0,0.0,0.0,0.0,0.0,0.0
1788745201.968937,0.0,0.0,0.0,0.0,0.0,0.0
1788745202.0191548,0.0,0.0,0.0,0.0,0.0,0.0
1788745202.0690644,0.0,0.0,0.0,0.0,0.0,0.0
1788745202.1190493,0.0,0.0,0.0,0.0,0.0,0.0
1788745202.1688995,0.0,0.0,0.0,0.0,0.0,0.0
1788745202.219091,0.0,0.0,0.0,0.0,0.0,0.0
1788745202.268825,0.0,0.0,0.0,0.0,0.0,0.0
1788745202.3189213,0.0,0.0,0.0,0.0,0.0,0.0
1788745202.3688924,0.0,0.0,0.0,0.0,0.0,0.0
1788745202.4189143,0.0,0.0,0.0,0.0,0.0,0.0
1788745202.4687607,0.0,0.0,0.0,0.0,0.0,0.0
1788745202.5189524,0.0,0.0,0.0,0.0,0.0,0.0
1788745202.5690136,0.0,0.0,0.0,0.0,0.0,0.0
1788745202.6192222,0.0,0.0,0.0,0.0,0.0,0.0
1788745202.6689668,0.0,0.0,0.0,0.0,0.0,0.0
1788745202.7189717,0.0,0.0,0.0,0.0,0.0,0.0
1788745202.7688937,0.0,0.0,0.0,0.0,0.0,0.0
1788745202.8189664,0.0,0.0,0.0,0.0,0.0,0.0
1788745202.869097,0.0,0.0,0.0,0.0,0.0,0.0
1788745202.9190192,0.0,0.0,0.0,0.0,0.0,0.0
1788745202.9690564,0.0,0.0,0.0,0.0,0.0,0.0
1788745203.0191476,0.0,0.0,0.0,0.0,0.0,0.0
1788745203.069001,0.0,0.0,0.0,0.0,0.0,0.0
1788745203.1187937,0.0,0.0,0.0,0.0,0.0,0.0
1788745203.1689565,0.0,0.0,0.0,0.0,0.0,0.0
1788745203.2190092,0.0,0.0,0.0,0.0,0.0,0.0
1788745203.2689939,0.0,0.0,0.0,0.0,0.0,0.0
1788745203.3190453,0.0,0.0,0.0,0.0,0.0,0.0
1788745203.3690546,0.0,0.0,0.0,0.0,0.0,0.0
1788745203.4189732,0.0,0.0,0.0,0.0,0.0,0.0
1788745203.4690313,0.0,0.0,0.0,0.0,0.0,0.0
1788745203.5188377,0.0,0.0,0.0,0.0,0.0,0.0
1788745203.5693502,0.0,0.0,0.0,0.0,0.0,0.0
1788745203.6188738,0.0,0.0,0.0,0.0,0.0,0.0
1788745203.6691453,0.0,0.0,0.0,0.0,0.0,0.0
1788745203.7187722,0.0,0.0,0.0,0.0,0.0,0.0
1788745203.7693925,0.0,0.0,0.0,0.0,0.0,0.0
1788745203.8194249,0.0,0.0,0.0,0.0,0.0,0.0
1788745203.8690026,0.0,0.0,0.0,0.0,0.0,0.0
1788745203.9191444,0.0,0.0,0.0,0.0,0.0,0.0
1788745203.9694464,0.0,0.0,0.0,0.0,0.0,0.0
1788745204.018903,0.0,0.0,0.0,0.0,0.0,0.0
1788745204.069077,0.0,0.0,0.0,0.0,0.0,0.0
1788745204.118931,0.0,0.0,0.0,0.0,0.0,0.0
1788745204.1691494,0.0,0.0,0.0,0.0,0.0,0.0
1788745204.2188702,0.0,0.0,0.0,0.0,0.0,0.0
1788745204.2694159,0.0,0.0,0.0,0.0,0.0,0.0
1788745204.3189938,0.0,0.0,0.0,0.0,0.0,0.0
1788745204.369046,0.0,0.0,0.0,0.0,0.0,0.0
1788745204.4188318,0.0,0.0,0.0,0.0,0.0,0.0
1788745204.469114,0.0,0.0,0.0,0.0,0.0,0.0
1788745204.5189385,0.0,0.0,0.0,0.0,0.0,0.0
1788745204.569032,0.0,0.0,0.0,0.0,0.0,0.0
1788745204.6189904,0.0,0.0,0.0,0.0,0.0,0.0
1788745204.669139,0.0,0.0,0.0,0.0,0.0,0.0
1788745204.7189777,0.0,0.0,0.0,0.0,0.0,0.0
1788745204.7692037,0.0,0.0,0.0,0.0,0.0,0.0
1788745204.8191504,0.0,0.0,0.0,0.0,0.0,0.0
1788745204.8690896,0.0,0.0,0.0,0.0,0.0,0.0
1788745204.9190195,0.0,0.0,0.0,0.0,0.0,0.0
1788745204.968778,0.0,0.0,0.0,0.0,0.0,0.0
1788745205.019079,0.0,0.0,0.0,0.0,0.0,0.0
1788745205.068948,0.0,0.0,0.0,0.0,0.0,0.0
1788745205.119039,0.0,0.0,0.0,0.0,0.0,0.0
1788745205.1692336,0.0,0.0,0.0,0.0,0.0,0.0
1788745205.2189112,0.0,0.0,0.0,0.0,0.0,0.0
1788745205.2689347,0.0,0.0,0.0,0.0,0.0,0.0
1788745205.31935,0.0,0.0,0.0,0.0,0.0,0.0
1788745205.3692126,0.0,0.0,0.0,0.0,0.0,0.0
1788745205.4189117,0.0,0.0,0.0,0.0,0.0,0.0
1788745205.4689505,0.0,0.0,0.0,0.0,0.0,0.0
1788745205.5187438,0.0,0.0,0.0,0.0,0.0,0.0
1788745205.5688584,0.0,0.0,0.0,0.0,0.0,0.0
1788745205.6190484,0.0,0.0,0.0,0.0,0.0,0.0
1788745205.669211,0.0,0.0,0.0,0.0,0.0,0.0
1788745205.7190802,0.0,0.0,0.0,0.0,0.0,0.0
1788745205.7691426,0.0,0.0,0.0,0.0,0.0,0.0
1788745205.819078,0.0,0.0,0.0,0.0,0.0,0.0
1788745205.8690064,0.0,0.0,0.0,0.0,0.0,0.0
1788745205.9188914,0.0,0.0,0.0,0.0,0.0,0.0
1788745205.9689286,0.0,0.0,0.0,0.0,0.0,0.0
1788745206.0190246,0.0,0.0,0.0,0.0,0.0,0.0
1788745206.0693312,0.0,0.0,0.0,0.0,0.0,0.0
1788745206.1191638,0.0,0.0,0.0,0.0,0.0,0.0
1788745206.1693041,0.0,0.0,0.0,0.0,0.0,0.0
1788745206.2189767,0.0,0.0,0.0,0.0,0.0,0.0
1788745206.269004,0.0,0.0,0.0,0.0,0.0,0.0
1788745206.3192081,0.0,0.0,0.0,0.0,0.0,0.0
1788745206.369037,0.0,0.0,0.0,0.0,0.0,0.0
1788745206.419025,0.0,0.0,0.0,0.0,0.0,0.0
1788745206.4692936,0.0,0.0,0.0,0.0,0.0,0.0
1788745206.5190747,0.0,0.0,0.0,0.0,0.0,0.0
1788745206.5690682,0.0,0.0,0.0,0.0,0.0,0.0
1788745206.6191385,0.0,0.0,0.0,0.0,0.0,0.0
1788745206.6690793,0.0,0.0,0.0,0.0,0.0,0.0
1788745206.7190757,0.0,0.0,0.0,0.0,0.0,0.0
1788745206.7688837,0.0,0.0,0.0,0.0,0.0,0.0
1788745206.8189526,0.0,0.0,0.0,0.0,0.0,0.0
1788745206.8691313,0.0,0.0,0.0,0.0,0.0,0.0
1788745206.9186924,0.0,0.0,0.0,0.0,0.0,0.0
1788745206.9690046,0.0,0.0,0.0,0.0,0.0,0.0
1788745207.0190454,0.0,0.0,0.0,0.0,0.0,0.0
1788745207.0692616,0.0,0.0,0.0,0.0,0.0,0.0
1788745207.1189427,0.0,0.0,0.0,0.0,0.0,0.0
1788745207.1691906,0.0,0.0,0.0,0.0,0.0,0.0
1788745207.2187092,0.0,0.0,0.0,0.0,0.0,0.0
1788745207.2691617,0.0,0.0,0.0,0.0,0.0,0.0
1788745207.3189616,0.0,0.0,0.0,0.0,0.0,0.0
1788745207.3689957,0.0,0.0,0.0,0.0,0.0,0.0
1788745207.4187145,0.0,0.0,0.0,0.0,0.0,0.0
1788745207.4693427,0.0,0.0,0.0,0.0,0.0,0.0
1788745207.5190861,0.0,0.0,0.0,0.0,0.0,0.0
1788745207.5693061,0.0,0.0,0.0,0.0,0.0,0.0
1788745207.6190937,0.0,0.0,0.0,0.0,0.0,0.0
1788745207.6692321,0.0,0.0,0.0,0.0,0.0,0.0
1788745207.7188466,0.0,0.0,0.0,0.0,0.0,0.0
1788745207.768935,0.0,0.0,0.0,0.0,0.0,0.0
1788745207.8190432,0.0,0.0,0.0,0.0,0.0,0.0
1788745207.8690023,0.0,0.0,0.0,0.0,0.0,0.0
1788745207.9188833,0.0,0.0,0.0,0.0,0.0,0.0
1788745207.9691522,0.0,0.0,0.0,0.0,0.0,0.0
1788745208.0188458,0.0,0.0,0.0,0.0,0.0,0.0
1788745208.0691864,0.0,0.0,0.0,0.0,0.0,0.0
1788745208.1190784,0.0,0.0,0.0,0.0,0.0,0.0
1788745208.169159,0.0,0.0,0.0,0.0,0.0,0.0
1788745208.2189007,0.0,0.0,0.0,0.0,0.0,0.0
1788745208.2689602,0.0,0.0,0.0,0.0,0.0,0.0
1788745208.319167,0.0,0.0,0.0,0.0,0.0,0.0
1788745208.3692093,0.0,0.0,0.0,0.0,0.0,0.0
1788745208.418889,0.0,0.0,0.0,0.0,0.0,0.0
1788745208.4693077,0.0,0.0,0.0,0.0,0.0,0.0
1788745208.5191183,0.0,0.0,0.0,0.0,0.0,0.0
1788745208.5693154,0.0,0.0,0.0,0.0,0.0,0.0
1788745208.6193085,0.0,0.0,0.0,0.0,0.0,0.0
1788745208.6690216,0.0,0.0,0.0,0.0,0.0,0.0
1788745208.7193856,0.0,0.0,0.0,0.0,0.0,0.0
1788745208.7694383,0.0,0.0,0.0,0.0,0.0,0.0
1788745208.8191957,0.0,0.0,0.0,0.0,0.0,0.0
1788745208.8693423,0.0,0.0,0.0,0.0,0.0,0.0
1788745208.9190574,0.0,0.0,0.0,0.0,0.0,0.0
1788745208.969217,0.0,0.0,0.0,0.0,0.0,0.0
1788745209.019233,0.0,0.0,0.0,0.0,0.0,0.0
1788745209.0692794,0.0,0.0,0.0,0.0,0.0,0.0
1788745209.1193116,0.0,0.0,0.0,0.0,0.0,0.0
1788745209.1693852,0.0,0.0,0.0,0.0,0.0,0.0
1788745209.2193398,0.0,0.0,0.0,0.0,0.0,0.0
1788745209.2692852,0.0,0.0,0.0,0.0,0.0,0.0
1788745209.3190925,0.0,0.0,0.0,0.0,0.0,0.0
1788745209.369069,0.0,0.0,0.0,0.0,0.0,0.0
1788745209.4190235,0.0,0.0,0.0,0.0,0.0,0.0
1788745209.469102,0.0,0.0,0.0,0.0,0.0,0.0
1788745209.51906,0.0,0.0,0.0,0.0,0.0,0.0
1788745209.5691268,0.0,0.0,0.0,0.0,0.0,0.0
1788745209.6187859,0.0,0.0,0.0,0.0,0.0,0.0
1788745209.6693048,0.0,0.0,0.0,0.0,0.0,0.0
1788745209.7190115,0.0,0.0,0.0,0.0,0.0,0.0
1788745209.7692816,0.0,0.0,0.0,0.0,0.0,0.0
1788745209.8189733,0.0,0.0,0.0,0.0,0.0,0.0
1788745209.8690891,0.0,0.0,0.0,0.0,0.0,0.0
1788745209.9191546,0.0,0.0,0.0,0.0,0.0,0.0
1788745209.9689002,0.0,0.0,0.0,0.0,0.0,0.0
1788745210.0188746,0.0,0.0,0.0,0.0,0.0,0.0
1788745210.069285,0.0,0.0,0.0,0.0,0.0,0.0
1788745210.118835,0.0,0.0,0.0,0.0,0.0,0.0
1788745210.1690204,0.0,0.0,0.0,0.0,0.0,0.0
1788745210.2190764,0.0,0.0,0.0,0.0,0.0,0.0
1788745210.26937,0.0,0.0,0.0,0.0,0.0,0.0
1788745210.319225,0.0,0.0,0.0,0.0,0.0,0.0
1788745210.3691163,0.0,0.0,0.0,0.0,0.0,0.0
1788745210.4191182,0.0,0.0,0.0,0.0,0.0,0.0
1788745210.4693325,0.0,0.0,0.0,0.0,0.0,0.0
1788745210.51937,0.0,0.0,0.0,0.0,0.0,0.0
1788745210.56897,0.0,0.0,0.0,0.0,0.0,0.0
1788745210.6187298,0.0,0.0,0.0,0.0,0.0,0.0
1788745210.6691375,0.0,0.0,0.0,0.0,0.0,0.0
1788745210.7191293,0.0,0.0,0.0,0.0,0.0,0.0
1788745210.7690976,0.0,0.0,0.0,0.0,0.0,0.0
1788745210.8192194,0.0,0.0,0.0,0.0,0.0,0.0
1788745210.8691573,0.0,0.0,0.0,0.0,0.0,0.0
1788745210.9192903,0.0,0.0,0.0,0.0,0.0,0.0
1788745210.9691339,0.0,0.0,0.0,0.0,0.0,0.0
1788745211.0190666,0.0,0.0,0.0,0.0,0.0,0.0
1788745211.0691488,0.0,0.0,0.0,0.0,0.0,0.0
1788745211.11919,0.0,0.0,0.0,0.0,0.0,0.0
1788745211.1690586,0.0,0.0,0.0,0.0,0.0,0.0
1788745211.2190018,0.0,0.0,0.0,0.0,0.0,0.0
1788745211.2690191,0.0,0.0,0.0,0.0,0.0,0.0
1788745211.3188922,0.0,0.0,0.0,0.0,0.0,0.0
1788745211.369226,0.0,0.0,0.0,0.0,0.0,0.0
1788745211.4190013,0.0,0.0,0.0,0.0,0.0,0.0
1788745211.4691648,0.0,0.0,0.0,0.0,0.0,0.0
1788745211.5190065,0.0,0.0,0.0,0.0,0.0,0.0
1788745211.5687954,0.0,0.0,0.0,0.0,0.0,0.0
1788745211.6191013,0.0,0.0,0.0,0.0,0.0,0.0
1788745211.6690218,0.0,0.0,0.0,0.0,0.0,0.0
1788745211.7189426,0.0,0.0,0.0,0.0,0.0,0.0
1788745211.7689981,0.0,0.0,0.0,0.0,0.0,0.0
1788745211.8189611,0.0,0.0,0.0,0.0,0.0,0.0
1788745211.8689768,0.0,0.0,0.0,0.0,0.0,0.0
1788745211.9188833,0.0,0.0,0.0,0.0,0.0,0.0
1788745211.9691598,0.0,0.0,0.0,0.0,0.0,0.0
1788745212.0191724,0.0,0.0,0.0,0.0,0.0,0.0
1788745212.0689554,0.0,0.0,0.0,0.0,0.0,0.0
1788745212.1190333,0.0,0.0,0.0,0.0,0.0,0.0
1788745212.169494,0.0,0.0,0.0,0.0,0.0,0.0
1788745212.2191386,0.0,0.0,0.0,0.0,0.0,0.0
1788745212.269193,0.0,0.0,0.0,0.0,0.0,0.0
1788745212.318914,0.0,0.0,0.0,0.0,0.0,0.0
1788745212.368942,0.0,0.0,0.0,0.0,0.0,0.0
1788745212.4192088,0.0,0.0,0.0,0.0,0.0,0.0
1788745212.4692147,0.0,0.0,0.0,0.0,0.0,0.0
1788745212.519162,0.0,0.0,0.0,0.0,0.0,0.0
1788745212.5691438,0.0,0.0,0.0,0.0,0.0,0.0
1788745212.6190321,0.0,0.0,0.0,0.0,0.0,0.0
1788745212.6692502,0.0,0.0,0.0,0.0,0.0,0.0
1788745212.7186503,0.0,0.0,0.0,0.0,0.0,0.0
1788745212.7690434,0.0,0.0,0.0,0.0,0.0,0.0
1788745212.8191621,0.0,0.0,0.0,0.0,0.0,0.0
1788745212.869064,0.0,0.0,0.0,0.0,0.0,0.0
1788745212.9188683,0.0,0.0,0.0,0.0,0.0,0.0
1788745212.9692993,0.0,0.0,0.0,0.0,0.0,0.0
1788745213.0190957,0.0,0.0,0.0,0.0,0.0,0.0
1788745213.0691566,0.0,0.0,0.0,0.0,0.0,0.0
1788745213.118984,0.0,0.0,0.0,0.0,0.0,0.0
1788745213.1690168,0.0,0.0,0.0,0.0,0.0,0.0
1788745213.2191536,0.0,0.0,0.0,0.0,0.0,0.0
1788745213.2689798,0.0,0.0,0.0,0.0,0.0,0.0
1788745213.3190637,0.0,0.0,0.0,0.0,0.0,0.0
1788745213.36924,0.0,0.0,0.0,0.0,0.0,0.0
1788745213.4190526,0.0,0.0,0.0,0.0,0.0,0.0
1788745213.4692392,0.0,0.0,0.0,0.0,0.0,0.0
1788745213.519206,0.0,0.0,0.0,0.0,0.0,0.0
1788745213.5692344,0.0,0.0,0.0,0.0,0.0,0.0
1788745213.6190703,0.0,0.0,0.0,0.0,0.0,0.0
1788745213.6691911,0.0,0.0,0.0,0.0,0.0,0.0
1788745213.719248,0.0,0.0,0.0,0.0,0.0,0.0
1788745214.0524113,0.0,0.0,0.0,0.0,0.0,0.0
1788745214.0690763,0.0,0.0,0.0,0.0,0.0,0.0
1788745214.1190283,0.0,0.0,0.0,0.0,0.0,0.0
1788745214.1692789,0.0,0.0,0.0,0.0,0.0,0.0
1788745214.2190888,0.0,0.0,0.0,0.0,0.0,0.0
1788745214.2691927,0.0,0.0,0.0,0.0,0.0,0.0
1788745214.3190076,0.0,0.0,0.0,0.0,0.0,0.0
1788745214.369209,0.0,0.0,0.0,0.0,0.0,0.0
1788745214.4190116,0.0,0.0,0.0,0.0,0.0,0.0
1788745214.4692483,0.0,0.0,0.0,0.0,0.0,0.0
1788745214.518972,0.0,0.0,0.0,0.0,0.0,0.0
1788745214.5691655,0.0,0.0,0.0,0.0,0.0,0.0
1788745214.6189957,0.0,0.0,0.0,0.0,0.0,0.0
1788745214.668875,0.0,0.0,0.0,0.0,0.0,0.0
1788745214.7188528,0.0,0.0,0.0,0.0,0.0,0.0
1788745214.7690358,0.0,0.0,0.0,0.0,0.0,0.0
1788745214.8190992,0.0,0.0,0.0,0.0,0.0,0.0
1788745214.86908,0.0,0.0,0.0,0.0,0.0,0.0
1788745214.9190571,0.0,0.0,0.0,0.0,0.0,0.0
1788745214.969128,0.0,0.0,0.0,0.0,0.0,0.0
1788745215.0192678,0.0,0.0,0.0,0.0,0.0,0.0
1788745215.0692346,0.0,0.0,0.0,0.0,0.0,0.0
1788745215.1190116,0.0,0.0,0.0,0.0,0.0,0.0
1788745215.1693964,0.0,0.0,0.0,0.0,0.0,0.0
1788745215.219213,0.0,0.0,0.0,0.0,0.0,0.0
1788745215.269128,0.0,0.0,0.0,0.0,0.0,0.0
1788745215.3192492,0.0,0.0,0.0,0.0,0.0,0.0
1788745215.3692253,0.0,0.0,0.0,0.0,0.0,0.0
1788745215.4191997,0.0,0.0,0.0,0.0,0.0,0.0
1788745215.4689908,0.0,0.0,0.0,0.0,0.0,0.0
1788745215.5189335,0.0,0.0,0.0,0.0,0.0,0.0
1788745215.5688593,0.0,0.0,0.0,0.0,0.0,0.0
1788745215.619349,0.0,0.0,0.0,0.0,0.0,0.0
1788745215.6693032,0.0,0.0,0.0,0.0,0.0,0.0
1788745215.7190433,0.0,0.0,0.0,0.0,0.0,0.0
1788745215.7691483,0.0,0.0,0.0,0.0,0.0,0.0
1788745215.819066,0.0,0.0,0.0,0.0,0.0,0.0
1788745215.8692157,0.0,0.0,0.0,0.0,0.0,0.0
1788745215.91886,0.0,0.0,0.0,0.0,0.0,0.0
1788745215.9691706,0.0,0.0,0.0,0.0,0.0,0.0
1788745216.0191178,0.0,0.0,0.0,0.0,0.0,0.0
1788745216.0687585,0.0,0.0,0.0,0.0,0.0,0.0
1788745216.1190648,0.0,0.0,0.0,0.0,0.0,0.0
1788745216.1688893,0.0,0.0,0.0,0.0,0.0,0.0
1788745216.2191687,0.0,0.0,0.0,0.0,0.0,0.0
1788745216.2691646,0.0,0.0,0.0,0.0,0.0,0.0
1788745216.3189874,0.0,0.0,0.0,0.0,0.0,0.0
1788745216.3691366,0.0,0.0,0.0,0.0,0.0,0.0
1788745216.4190366,0.0,0.0,0.0,0.0,0.0,0.0
1788745216.469146,0.0,0.0,0.0,0.0,0.0,0.0
1788745216.5186875,0.0,0.0,0.0,0.0,0.0,0.0
1788745216.569185,0.0,0.0,0.0,0.0,0.0,0.0
1788745216.619268,0.0,0.0,0.0,0.0,0.0,0.0
1788745216.6692352,0.0,0.0,0.0,0.0,0.0,0.0
1788745216.7193208,0.0,0.0,0.0,0.0,0.0,0.0
1788745216.769226,0.0,0.0,0.0,0.0,0.0,0.0
1788745216.8189921,0.0,0.0,0.0,0.0,0.0,0.0
1788745216.8690643,0.0,0.0,0.0,0.0,0.0,0.0
1788745216.9188733,0.0,0.0,0.0,0.0,0.0,0.0
1788745216.969194,0.0,0.0,0.0,0.0,0.0,0.0
1788745217.019309,0.0,0.0,0.0,0.0,0.0,0.0
1788745217.0691774,0.0,0.0,0.0,0.0,0.0,0.0
1788745217.1192303,0.0,0.0,0.0,0.0,0.0,0.0
1788745217.1689713,0.0,0.0,0.0,0.0,0.0,0.0
1788745217.2188716,0.0,0.0,0.0,0.0,0.0,0.0
1788745217.2688217,0.0,0.0,0.0,0.0,0.0,0.0
1788745217.3187366,0.0,0.0,0.0,0.0,0.0,0.0
1788745217.369022,0.0,0.0,0.0,0.0,0.0,0.0
1788745217.4189298,0.0,0.0,0.0,0.0,0.0,0.0
1788745217.469075,0.0,0.0,0.0,0.0,0.0,0.0
1788745217.5190153,0.0,0.0,0.0,0.0,0.0,0.0
1788745217.569261,0.0,0.0,0.0,0.0,0.0,0.0
1788745217.6188536,0.0,0.0,0.0,0.0,0.0,0.0
1788745217.6693392,0.0,0.0,0.0,0.0,0.0,0.0
1788745217.719047,0.0,0.0,0.0,0.0,0.0,0.0
1788745217.7692506,0.0,0.0,0.0,0.0,0.0,0.0
1788745217.8189068,0.0,0.0,0.0,0.0,0.0,0.0
1788745217.8692017,0.0,0.0,0.0,0.0,0.0,0.0
1788745217.919,0.0,0.0,0.0,0.0,0.0,0.0
1788745217.9690366,0.0,0.0,0.0,0.0,0.0,0.0
1788745218.0191364,0.0,0.0,0.0,0.0,0.0,0.0
1788745218.069246,0.0,0.0,0.0,0.0,0.0,0.0
1788745218.1232455,0.0,0.0,0.0,0.0,0.0,0.0
1788745218.1691635,0.0,0.0,0.0,0.0,0.0,0.0
1788745218.2193792,0.0,0.0,0.0,0.0,0.0,0.0
1788745218.2690063,0.0,0.0,0.0,0.0,0.0,0.0
1788745218.3192396,0.0,0.0,0.0,0.0,0.0,0.0
1788745218.3692498,0.0,0.0,0.0,0.0,0.0,0.0
1788745218.4188857,0.0,0.0,0.0,0.0,0.0,0.0
1788745218.4693258,0.0,0.0,0.0,0.0,0.0,0.0
1788745218.5189066,0.0,0.0,0.0,0.0,0.0,0.0
1788745218.5692272,0.0,0.0,0.0,0.0,0.0,0.0
1788745218.6209376,0.0,0.0,0.0,0.0,0.0,0.0
1788745218.6690202,0.0,0.0,0.0,0.0,0.0,0.0
1788745218.7190561,0.0,0.0,0.0,0.0,0.0,0.0
1788745218.7691505,0.0,0.0,0.0,0.0,0.0,0.0
1788745218.8191056,0.0,0.0,0.0,0.0,0.0,0.0
1788745218.8693647,0.0,0.0,0.0,0.0,0.0,0.0
1788745218.9196477,0.0,0.0,0.0,0.0,0.0,0.0
1788745218.968912,0.0,0.0,0.0,0.0,0.0,0.0
1788745219.0190213,0.0,0.0,0.0,0.0,0.0,0.0
1788745219.0691378,0.0,0.0,0.0,0.0,0.0,0.0
1788745219.1189938,0.0,0.0,0.0,0.0,0.0,0.0
1788745219.1690505,0.0,0.0,0.0,0.0,0.0,0.0
1788745219.2189314,0.0,0.0,0.0,0.0,0.0,0.0
1788745219.269036,0.0,0.0,0.0,0.0,0.0,0.0
1788745219.319114,0.0,0.0,0.0,0.0,0.0,0.0
1788745219.3691502,0.0,0.0,0.0,0.0,0.0,0.0
1788745219.4188726,0.0,0.0,0.0,0.0,0.0,0.0
1788745219.4691248,0.0,0.0,0.0,0.0,0.0,0.0
1788745219.519063,0.0,0.0,0.0,0.0,0.0,0.0
1788745219.5691977,0.0,0.0,0.0,0.0,0.0,0.0
1788745219.6189547,0.0,0.0,0.0,0.0,0.0,0.0
1788745219.6691623,0.0,0.0,0.0,0.0,0.0,0.0
1788745219.7190933,0.0,0.0,0.0,0.0,0.0,0.0
1788745219.7690408,0.0,0.0,0.0,0.0,0.0,0.0
1788745219.8193095,0.0,0.0,0.0,0.0,0.0,0.0
1788745219.8688521,0.0,0.0,0.0,0.0,0.0,0.0
1788745219.919203,0.0,0.0,0.0,0.0,0.0,0.0
1788745219.9690888,0.0,0.0,0.0,0.0,0.0,0.0
1788745220.0191205,0.0,0.0,0.0,0.0,0.0,0.0
1788745220.069006,0.0,0.0,0.0,0.0,0.0,0.0
1788745220.1190941,0.0,0.0,0.0,0.0,0.0,0.0
1788745220.16911,0.0,0.0,0.0,0.0,0.0,0.0
1788745220.219072,0.0,0.0,0.0,0.0,0.0,0.0
1788745220.2691188,0.0,0.0,0.0,0.0,0.0,0.0
1788745220.3193085,0.0,0.0,0.0,0.0,0.0,0.0
1788745220.3691182,0.0,0.0,0.0,0.0,0.0,0.0
1788745220.4191847,0.0,0.0,0.0,0.0,0.0,0.0
1788745220.4693475,0.0,0.0,0.0,0.0,0.0,0.0
1788745220.5190735,0.0,0.0,0.0,0.0,0.0,0.0
1788745220.5689256,0.0,0.0,0.0,0.0,0.0,0.0
1788745220.6189375,0.0,0.0,0.0,0.0,0.0,0.0
1788745220.6688316,0.0,0.0,0.0,0.0,0.0,0.0
1788745220.7187405,0.0,0.0,0.0,0.0,0.0,0.0
1788745220.7690227,0.0,0.0,0.0,0.0,0.0,0.0
1788745220.8189702,0.0,0.0,0.0,0.0,0.0,0.0
1788745220.8689623,0.0,0.0,0.0,0.0,0.0,0.0
1788745220.9191844,0.0,0.0,0.0,0.0,0.0,0.0
1788745220.9691007,0.0,0.0,0.0,0.0,0.0,0.0
1788745221.0189238,0.0,0.0,0.0,0.0,0.0,0.0
1788745221.0690465,0.0,0.0,0.0,0.0,0.0,0.0
1788745221.119331,0.0,0.0,0.0,0.0,0.0,0.0
1788745221.1690392,0.0,0.0,0.0,0.0,0.0,0.0
1788745221.219091,0.0,0.0,0.0,0.0,0.0,0.0
1788745221.2692544,0.0,0.0,0.0,0.0,0.0,0.0
1788745221.3189063,0.0,0.0,0.0,0.0,0.0,0.0
1788745221.3690546,0.0,0.0,0.0,0.0,0.0,0.0
1788745221.4190888,0.0,0.0,0.0,0.0,0.0,0.0
1788745221.4690096,0.0,0.0,0.0,0.0,0.0,0.0
1788745221.518867,0.0,0.0,0.0,0.0,0.0,0.0
1788745221.569034,0.0,0.0,0.0,0.0,0.0,0.0
1788745221.6191096,0.0,0.0,0.0,0.0,0.0,0.0
1788745221.6689203,0.0,0.0,0.0,0.0,0.0,0.0
1788745221.7190192,0.0,0.0,0.0,0.0,0.0,0.0
1788745221.7690332,0.0,0.0,0.0,0.0,0.0,0.0
1788745221.8190615,0.0,0.0,0.0,0.0,0.0,0.0
1788745221.8692443,0.0,0.0,0.0,0.0,0.0,0.0
1788745221.9189863,0.0,0.0,0.0,0.0,0.0,0.0
1788745221.969257,0.0,0.0,0.0,0.0,0.0,0.0
1788745222.0188885,0.0,0.0,0.0,0.0,0.0,0.0
1788745222.0692568,0.0,0.0,0.0,0.0,0.0,0.0
1788745222.1191483,0.0,0.0,0.0,0.0,0.0,0.0
1788745222.1692326,0.0,0.0,0.0,0.0,0.0,0.0
1788745222.2191584,0.0,0.0,0.0,0.0,0.0,0.0
1788745222.2691247,0.0,0.0,0.0,0.0,0.0,0.0
1788745222.3189483,0.0,0.0,0.0,0.0,0.0,0.0
1788745222.3692608,0.0,0.0,0.0,0.0,0.0,0.0
1788745222.4189036,0.0,0.0,0.0,0.0,0.0,0.0
1788745222.4688735,0.0,0.0,0.0,0.0,0.0,0.0
1788745222.5189543,0.0,0.0,0.0,0.0,0.0,0.0
1788745222.568886,0.0,0.0,0.0,0.0,0.0,0.0
1788745222.6188679,0.0,0.0,0.0,0.0,0.0,0.0
1788745222.9828053,0.0,0.0,0.0,0.0,0.0,0.0
1788745223.0192559,0.0,0.0,0.0,0.0,0.0,0.0
1788745223.0690053,0.0,0.0,0.0,0.0,0.0,0.0
1788745223.1189833,0.0,0.0,0.0,0.0,0.0,0.0
1788745223.169071,0.0,0.0,0.0,0.0,0.0,0.0
1788745223.2189507,0.0,0.0,0.0,0.0,0.0,0.0
1788745223.2690394,0.0,0.0,0.0,0.0,0.0,0.0
1788745223.3190641,0.0,0.0,0.0,0.0,0.0,0.0
1788745223.3691752,0.0,0.0,0.0,0.0,0.0,0.0
1788745223.4191797,0.0,0.0,0.0,0.0,0.0,0.0
1788745223.4691596,0.0,0.0,0.0,0.0,0.0,0.0
1788745223.5190299,0.0,0.0,0.0,0.0,0.0,0.0
1788745223.5691414,0.0,0.0,0.0,0.0,0.0,0.0
1788745223.6190298,0.0,0.0,0.0,0.0,0.0,0.0
1788745223.669148,0.0,0.0,0.0,0.0,0.0,0.0
1788745223.719011,0.0,0.0,0.0,0.0,0.0,0.0
1788745223.7689729,0.0,0.0,0.0,0.0,0.0,0.0
1788745223.8191946,0.0,0.0,0.0,0.0,0.0,0.0
1788745223.8690267,0.0,0.0,0.0,0.0,0.0,0.0
1788745223.9194274,0.0,0.0,0.0,0.0,0.0,0.0
1788745223.9691734,0.0,0.0,0.0,0.0,0.0,0.0
1788745224.0191345,0.0,0.0,0.0,0.0,0.0,0.0
1788745224.0690367,0.0,0.0,0.0,0.0,0.0,0.0
1788745224.118761,0.0,0.0,0.0,0.0,0.0,0.0
1788745224.1691701,0.0,0.0,0.0,0.0,0.0,0.0
1788745224.2190008,0.0,0.0,0.0,0.0,0.0,0.0
1788745224.2689228,0.0,0.0,0.0,0.0,0.0,0.0
1788745224.3192,0.0,0.0,0.0,0.0,0.0,0.0
1788745224.369107,0.0,0.0,0.0,0.0,0.0,0.0
1788745224.4191577,0.0,0.0,0.0,0.0,0.0,0.0
1788745224.4689398,0.0,0.0,0.0,0.0,0.0,0.0
1788745224.519018,0.0,0.0,0.0,0.0,0.0,0.0
1788745224.5688806,0.0,0.0,0.0,0.0,0.0,0.0
1788745224.6189644,0.0,0.0,0.0,0.0,0.0,0.0
1788745224.6690094,0.0,0.0,0.0,0.0,0.0,0.0
1788745224.7188792,0.0,0.0,0.0,0.0,0.0,0.0
1788745224.76894,0.0,0.0,0.0,0.0,0.0,0.0
1788745224.8188071,0.0,0.0,0.0,0.0,0.0,0.0
1788745224.8690455,0.0,0.0,0.0,0.0,0.0,0.0
1788745224.9189308,0.0,0.0,0.0,0.0,0.0,0.0
1788745224.9690359,0.0,0.0,0.0,0.0,0.0,0.0
1788745225.019035,0.0,0.0,0.0,0.0,0.0,0.0
1788745225.06925,0.0,0.0,0.0,0.0,0.0,0.0
1788745225.1220565,0.0,0.0,0.0,0.0,0.0,0.0
1788745225.1692874,0.0,0.0,0.0,0.0,0.0,0.0
1788745225.2191598,0.0,0.0,0.0,0.0,0.0,0.0
1788745225.269319,0.0,0.0,0.0,0.0,0.0,0.0
1788745225.3189213,0.0,0.0,0.0,0.0,0.0,0.0
1788745225.369174,0.0,0.0,0.0,0.0,0.0,0.0
1788745225.4195511,0.0,0.0,0.0,0.0,0.0,0.0
1788745225.469134,0.0,0.0,0.0,0.0,0.0,0.0
1788745225.5189087,0.0,0.0,0.0,0.0,0.0,0.0
1788745225.5691578,0.0,0.0,0.0,0.0,0.0,0.0
1788745225.6219192,0.0,0.0,0.0,0.0,0.0,0.0
1788745225.6690114,0.0,0.0,0.0,0.0,0.0,0.0
1788745225.7192705,0.0,0.0,0.0,0.0,0.0,0.0
1788745225.7694168,0.0,0.0,0.0,0.0,0.0,0.0
1788745225.819115,0.0,0.0,0.0,0.0,0.0,0.0
1788745225.868922,0.0,0.0,0.0,0.0,0.0,0.0
1788745225.9187543,0.0,0.0,0.0,0.0,0.0,0.0
1788745225.9692445,0.0,0.0,0.0,0.0,0.0,0.0
1788745226.018909,0.0,0.0,0.0,0.0,0.0,0.0
1788745226.0691164,0.0,0.0,0.0,0.0,0.0,0.0
1788745226.1190667,0.0,0.0,0.0,0.0,0.0,0.0
1788745226.1692615,0.0,0.0,0.0,0.0,0.0,0.0
1788745226.219079,0.0,0.0,0.0,0.0,0.0,0.0
1788745226.2690704,0.0,0.0,0.0,0.0,0.0,0.0
1788745226.3191173,0.0,0.0,0.0,0.0,0.0,0.0
1788745226.3691952,0.0,0.0,0.0,0.0,0.0,0.0
1788745226.418905,0.0,0.0,0.0,0.0,0.0,0.0
1788745226.4690952,0.0,0.0,0.0,0.0,0.0,0.0
1788745226.5191464,0.0,0.0,0.0,0.0,0.0,0.0
1788745226.569058,0.0,0.0,0.0,0.0,0.0,0.0
1788745226.6190395,0.0,0.0,0.0,0.0,0.0,0.0
1788745226.6690693,0.0,0.0,0.0,0.0,0.0,0.0
1788745226.719138,0.0,0.0,0.0,0.0,0.0,0.0
1788745226.7692773,0.0,0.0,0.0,0.0,0.0,0.0
1788745226.8191485,0.0,0.0,0.0,0.0,0.0,0.0
1788745226.8691716,0.0,0.0,0.0,0.0,0.0,0.0
1788745226.9190645,0.0,0.0,0.0,0.0,0.0,0.0
1788745226.969253,0.0,0.0,0.0,0.0,0.0,0.0
1788745227.0190454,0.0,0.0,0.0,0.0,0.0,0.0
1788745227.0689397,0.0,0.0,0.0,0.0,0.0,0.0
1788745227.11896,0.0,0.0,0.0,0.0,0.0,0.0
1788745227.169079,0.0,0.0,0.0,0.0,0.0,0.0
1788745227.2189493,0.0,0.0,0.0,0.0,0.0,0.0
1788745227.2691581,0.0,0.0,0.0,0.0,0.0,0.0
1788745227.319129,0.0,0.0,0.0,0.0,0.0,0.0
1788745227.3689544,0.0,0.0,0.0,0.0,0.0,0.0
1788745227.418717,0.0,0.0,0.0,0.0,0.0,0.0
1788745227.4690745,0.0,0.0,0.0,0.0,0.0,0.0
1788745227.5189984,0.0,0.0,0.0,0.0,0.0,0.0
1788745227.5694423,0.0,0.0,0.0,0.0,0.0,0.0
1788745227.619169,0.0,0.0,0.0,0.0,0.0,0.0
1788745227.6691928,0.0,0.0,0.0,0.0,0.0,0.0
1788745227.7188327,0.0,0.0,0.0,0.0,0.0,0.0
1788745227.768915,0.0,0.0,0.0,0.0,0.0,0.0
1788745227.818769,0.0,0.0,0.0,0.0,0.0,0.0
1788745227.8693383,0.0,0.0,0.0,0.0,0.0,0.0
1788745227.9191728,0.0,0.0,0.0,0.0,0.0,0.0
1788745227.969207,0.0,0.0,0.0,0.0,0.0,0.0
1788745228.019063,0.0,0.0,0.0,0.0,0.0,0.0
1788745228.069143,0.0,0.0,0.0,0.0,0.0,0.0
1788745228.1190927,0.0,0.0,0.0,0.0,0.0,0.0
1788745228.1690717,0.0,0.0,0.0,0.0,0.0,0.0
1788745228.2187254,0.0,0.0,0.0,0.0,0.0,0.0
1788745228.2689297,0.0,0.0,0.0,0.0,0.0,0.0
1788745228.3190289,0.0,0.0,0.0,0.0,0.0,0.0
1788745228.3688164,0.0,0.0,0.0,0.0,0.0,0.0
1788745228.4187708,0.0,0.0,0.0,0.0,0.0,0.0
1788745228.4689102,0.0,0.0,0.0,0.0,0.0,0.0
1788745228.5188382,0.0,0.0,0.0,0.0,0.0,0.0
1788745228.5690732,0.0,0.0,0.0,0.0,0.0,0.0
1788745228.619091,0.0,0.0,0.0,0.0,0.0,0.0
1788745228.669056,0.0,0.0,0.0,0.0,0.0,0.0
1788745228.718903,0.0,0.0,0.0,0.0,0.0,0.0
1788745228.7692108,0.0,0.0,0.0,0.0,0.0,0.0
1788745228.8190227,0.0,0.0,0.0,0.0,0.0,0.0
1788745228.8688767,0.0,0.0,0.0,0.0,0.0,0.0
1788745228.9187942,0.0,0.0,0.0,0.0,0.0,0.0
1788745228.9689229,0.0,0.0,0.0,0.0,0.0,0.0
1788745229.0208225,0.0,0.0,0.0,0.0,0.0,0.0
1788745229.0691707,0.0,0.0,0.0,0.0,0.0,0.0
1788745229.1191866,0.0,0.0,0.0,0.0,0.0,0.0
1788745229.1692038,0.0,0.0,0.0,0.0,0.0,0.0
1788745229.219081,0.0,0.0,0.0,0.0,0.0,0.0
1788745229.2689884,0.0,0.0,0.0,0.0,0.0,0.0
1788745229.319027,0.0,0.0,0.0,0.0,0.0,0.0
1788745229.369191,0.0,0.0,0.0,0.0,0.0,0.0
1788745229.4189916,0.0,0.0,0.0,0.0,0.0,0.0
1788745229.4691432,0.0,0.0,0.0,0.0,0.0,0.0
1788745229.5189404,0.0,0.0,0.0,0.0,0.0,0.0
1788745229.5688503,0.0,0.0,0.0,0.0,0.0,0.0
1788745229.6191993,0.0,0.0,0.0,0.0,0.0,0.0
1788745229.6691241,0.0,0.0,0.0,0.0,0.0,0.0
1788745229.7190506,0.0,0.0,0.0,0.0,0.0,0.0
1788745229.7689734,0.0,0.0,0.0,0.0,0.0,0.0
1788745229.821516,0.0,0.0,0.0,0.0,0.0,0.0
1788745229.8690796,0.0,0.0,0.0,0.0,0.0,0.0
1788745229.9189117,0.0,0.0,0.0,0.0,0.0,0.0
1788745229.969119,0.0,0.0,0.0,0.0,0.0,0.0
1788745230.0188985,0.0,0.0,0.0,0.0,0.0,0.0
1788745230.0692945,0.0,0.0,0.0,0.0,0.0,0.0
1788745230.1189346,0.0,0.0,0.0,0.0,0.0,0.0
1788745230.169028,0.0,0.0,0.0,0.0,0.0,0.0
1788745230.218746,0.0,0.0,0.0,0.0,0.0,0.0
1788745230.269021,0.0,0.0,0.0,0.0,0.0,0.0
1788745230.3188643,0.0,0.0,0.0,0.0,0.0,0.0
1788745230.368954,0.0,0.0,0.0,0.0,0.0,0.0
1788745230.4188375,0.0,0.0,0.0,0.0,0.0,0.0
1788745230.4691627,0.0,0.0,0.0,0.0,0.0,0.0
1788745230.5189528,0.0,0.0,0.0,0.0,0.0,0.0
1788745230.5689688,0.0,0.0,0.0,0.0,0.0,0.0
1788745230.6189485,0.0,0.0,0.0,0.0,0.0,0.0
1788745230.6688883,0.0,0.0,0.0,0.0,0.0,0.0
1788745230.7188826,0.0,0.0,0.0,0.0,0.0,0.0
1788745230.7690547,0.0,0.0,0.0,0.0,0.0,0.0
1788745230.8188603,0.0,0.0,0.0,0.0,0.0,0.0
1788745230.8692067,0.0,0.0,0.0,0.0,0.0,0.0
1788745230.9190617,0.0,0.0,0.0,0.0,0.0,0.0
1788745230.969069,0.0,0.0,0.0,0.0,0.0,0.0
1788745231.0187197,0.0,0.0,0.0,0.0,0.0,0.0
1788745231.069092,0.0,0.0,0.0,0.0,0.0,0.0
1788745231.1187181,0.0,0.0,0.0,0.0,0.0,0.0
1788745231.1690838,0.0,0.0,0.0,0.0,0.0,0.0
1788745231.2187624,0.0,0.0,0.0,0.0,0.0,0.0
1788745231.269009,0.0,0.0,0.0,0.0,0.0,0.0
1788745231.3187933,0.0,0.0,0.0,0.0,0.0,0.0
1788745231.369132,0.0,0.0,0.0,0.0,0.0,0.0
1788745231.4187646,0.0,0.0,0.0,0.0,0.0,0.0
1788745231.4689918,0.0,0.0,0.0,0.0,0.0,0.0
1788745231.5187683,0.0,0.0,0.0,0.0,0.0,0.0
1788745231.569007,0.0,0.0,0.0,0.0,0.0,0.0
1788745231.6190171,0.0,0.0,0.0,0.0,0.0,0.0
1788745231.6691096,0.0,0.0,0.0,0.0,0.0,0.0
1788745231.7189047,0.0,0.0,0.0,0.0,0.0,0.0
1788745231.7690642,0.0,0.0,0.0,0.0,0.0,0.0
1788745231.8189957,0.0,0.0,0.0,0.0,0.0,0.0
1788745231.8691952,0.0,0.0,0.0,0.0,0.0,0.0
1788745231.918791,0.0,0.0,0.0,0.0,0.0,0.0
1788745231.9690483,0.0,0.0,0.0,0.0,0.0,0.0
1788745232.0189264,0.0,0.0,0.0,0.0,0.0,0.0
1788745232.0689335,0.0,0.0,0.0,0.0,0.0,0.0
1788745232.11893,0.0,0.0,0.0,0.0,0.0,0.0
1788745232.1689825,0.0,0.0,0.0,0.0,0.0,0.0
1788745232.2192774,0.0,0.0,0.0,0.0,0.0,0.0
1788745232.2691617,0.0,0.0,0.0,0.0,0.0,0.0
1788745232.3190122,0.0,0.0,0.0,0.0,0.0,0.0
1788745232.3688715,0.0,0.0,0.0,0.0,0.0,0.0
1788745232.418954,0.0,0.0,0.0,0.0,0.0,0.0
1788745232.4690523,0.0,0.0,0.0,0.0,0.0,0.0
1788745232.5187747,0.0,0.0,0.0,0.0,0.0,0.0
1788745232.569107,0.0,0.0,0.0,0.0,0.0,0.0
1788745232.619241,0.0,0.0,0.0,0.0,0.0,0.0
1788745232.6691234,0.025004148483276367,0.0,0.0,0.0,0.0,0.03384270519018173
1788745232.719072,0.050005435943603516,0.0,0.0,0.0,0.0,0.03384270519018173
1788745232.7688873,0.07500767707824707,0.0,0.0,0.0,0.0,0.08384718745946884
1788745232.8189893,0.10001647472381592,0.0,0.0,0.0,0.0,0.13386478275060654
1788745232.86897,0.12494230270385742,0.0,0.0,0.0,0.0,0.18371643871068954
1788745232.9189699,0.14998817443847656,0.0,0.0,0.0,0.0,0.23380818217992783
1788745232.9691882,0.1750037670135498,0.0,0.0,0.0,0.0,0.2838393673300743
1788745233.019044,0.200003981590271,0.0,0.0,0.0,0.0,0.30552104115486145
1788745233.0690246,0.22140873968601227,0.0,0.0,0.0,0.0,0.32390064001083374
1788745233.1190784,0.22140873968601227,0.0,0.0,0.0,0.0,0.32390064001083374
1788745233.1693606,0.24074780941009521,0.0,0.0,0.0,0.0,0.33080050349235535
1788745233.2187476,0.2632470726966858,0.0,0.0,0.0,0.0,0.3364039659500122
1788745233.2691858,0.2632470726966858,0.0,0.0,0.0,0.0,0.3364039659500122
1788745233.3187678,0.2822358012199402,0.0,0.0,0.0,0.0,0.343497633934021
1788745233.3692243,0.2822358012199402,0.0,0.0,0.0,0.0,0.343497633934021
1788745233.4188645,0.29445090889930725,0.0,0.0,0.0,0.0,0.3482784628868103
1788745233.468955,0.29445090889930725,0.0,0.0,0.0,0.0,0.3482784628868103
1788745233.5188162,0.3010905385017395,0.0,0.0,0.0,0.0,0.348156601190567
1788745233.5689802,0.3010905385017395,0.0,0.0,0.0,0.0,0.348156601190567
1788745233.6185982,0.3020103871822357,0.0,0.0,0.0,0.0,0.3463490605354309
1788745233.6689916,0.3020103871822357,0.0,0.0,0.0,0.0,0.3463490605354309
1788745233.7188556,0.293510764837265,0.0,0.0,0.0,0.0,0.34810906648635864
1788745233.7690237,0.293510764837265,0.0,0.0,0.0,0.0,0.34810906648635864
1788745233.8187895,0.29835245013237,0.0,0.0,0.0,0.0,0.2980212867259979
1788745233.8691633,0.29835245013237,0.0,0.0,0.0,0.0,0.2980212867259979
1788745233.9188778,0.29807084798812866,0.0,0.0,0.0,0.0,0.19180843234062195
1788745233.9693696,0.29807084798812866,0.0,0.0,0.0,0.0,0.19180843234062195
1788745234.0197136,0.29807084798812866,0.0,0.0,0.0,0.0,0.19180843234062195
1788745234.0689971,0.2944871783256531,0.0,0.0,0.0,0.0,0.12780363857746124
1788745234.1187603,0.287616103887558,0.0,0.0,0.0,0.0,0.08525902777910233
1788745234.1689012,0.287616103887558,0.0,0.0,0.0,0.0,0.08525902777910233
1788745234.219153,0.287616103887558,0.0,0.0,0.0,0.0,0.08525902777910233
1788745234.2692308,0.2798832058906555,0.0,0.0,0.0,0.0,0.05920328199863434
1788745234.3187308,0.2706588804721832,0.0,0.0,0.0,0.0,0.03430916368961334
1788745234.3690038,0.2706588804721832,0.0,0.0,0.0,0.0,0.03430916368961334
1788745234.4188578,0.2602554261684418,0.0,0.0,0.0,0.0,0.01760525442659855
1788745234.4691174,0.2602554261684418,0.0,0.0,0.0,0.0,0.01760525442659855
1788745234.5190377,0.2602554261684418,0.0,0.0,0.0,0.0,0.01760525442659855
1788745234.5689275,0.25130245089530945,0.0,0.0,0.0,0.0,0.011166688986122608
1788745234.6188416,0.25130245089530945,0.0,0.0,0.0,0.0,0.011166688986122608
1788745234.6687808,0.24006444215774536,0.0,0.0,0.0,0.0,0.0028903507627546787
1788745234.7190948,0.22787363827228546,0.0,0.0,0.0,0.0,-0.004606692120432854
1788745234.768976,0.22787363827228546,0.0,0.0,0.0,0.0,-0.004606692120432854
1788745234.8191028,0.2148483395576477,0.0,0.0,0.0,0.0,-0.01236952468752861
1788745234.8690412,0.2148483395576477,0.0,0.0,0.0,0.0,-0.01236952468752861
1788745234.919118,0.20217490196228027,0.0,0.0,0.0,0.0,-0.015892047435045242
1788745234.9692008,0.20217490196228027,0.0,0.0,0.0,0.0,-0.015892047435045242
1788745235.0187337,0.188591867685318,0.0,0.0,0.0,0.0,-0.02072516456246376
1788745235.0689323,0.188591867685318,0.0,0.0,0.0,0.0,-0.02072516456246376
1788745235.1189284,0.17476165294647217,0.0,0.0,0.0,0.0,-0.024852372705936432
1788745235.168923,0.17476165294647217,0.0,0.0,0.0,0.0,-0.024852372705936432
1788745235.2185664,0.1608790159225464,0.0,0.0,0.0,0.0,-0.02913026139140129
1788745235.2689857,0.1608790159225464,0.0,0.0,0.0,0.0,-0.02913026139140129
1788745235.3186324,0.1469142585992813,0.0,0.0,0.0,0.0,-0.032705336809158325
1788745235.3692374,0.1469142585992813,0.0,0.0,0.0,0.0,-0.032705336809158325
1788745235.4189334,0.07208384573459625,0.0,0.0,0.0,0.0,0.0
1788745235.4691339,0.0,0.0,0.0,0.0,0.0,0.0
1788745235.5188873,0.0,0.0,0.0,0.0,0.0,0.0
1788745235.5691316,0.0,0.0,0.0,0.0,0.0,0.0
1788745235.6189523,0.0,0.0,0.0,0.0,0.0,0.0
1788745235.669422,0.0,0.0,0.0,0.0,0.0,0.0
1788745235.7189734,0.0,0.0,0.0,0.0,0.0,0.0
1788745235.769011,0.0,0.0,0.0,0.0,0.0,0.0
1788745235.8188732,0.0,0.0,0.0,0.0,0.0,0.0
1788745235.8690972,0.0,0.0,0.0,0.0,0.0,0.0
1788745235.919123,0.0,0.0,0.0,0.0,0.0,0.0
1788745235.9691832,0.0,0.0,0.0,0.0,0.0,0.0
1788745236.0190558,0.0,0.0,0.0,0.0,0.0,0.0
1788745236.0689898,0.0,0.0,0.0,0.0,0.0,0.0
1788745236.1190262,0.0,0.0,0.0,0.0,0.0,0.0
1788745236.169079,0.0,0.0,0.0,0.0,0.0,0.0
1788745236.218778,0.0,0.0,0.0,0.0,0.0,0.0
1788745236.2690449,0.0,0.0,0.0,0.0,0.0,0.0
1788745236.319027,0.0,0.0,0.0,0.0,0.0,0.0
1788745236.3692348,0.0,0.0,0.0,0.0,0.0,0.0
1788745236.4188356,0.0,0.0,0.0,0.0,0.0,0.0
1788745236.4692845,0.0,0.0,0.0,0.0,0.0,0.0
1788745236.5190227,0.0,0.0,0.0,0.0,0.0,0.0
1788745236.5692325,0.0,0.0,0.0,0.0,0.0,0.0
1788745236.6189997,0.0,0.0,0.0,0.0,0.0,0.0
1788745236.6691113,0.0,0.0,0.0,0.0,0.0,0.0
1788745236.7187092,0.0,0.0,0.0,0.0,0.0,0.0
1788745236.7689753,0.0,0.0,0.0,0.0,0.0,0.0
1788745236.8188686,0.0,0.0,0.0,0.0,0.0,0.0
1788745236.8690093,0.0,0.0,0.0,0.0,0.0,0.0
1788745236.9188519,0.0,0.0,0.0,0.0,0.0,0.0
1788745236.9690287,0.024969100952148438,0.0,0.0,0.0,0.0,-0.024409359320998192
1788745237.0186512,0.04992270469665527,0.0,0.0,0.0,0.0,-0.03398522362112999
1788745237.0689752,0.07334178686141968,0.0,0.0,0.0,0.0,-0.03398522362112999
1788745237.118999,0.09829205274581909,0.0,0.0,0.0,0.0,-0.03658043593168259
1788745237.1688855,0.10073518007993698,0.0,0.0,0.0,0.0,-0.03658043593168259
1788745237.2192326,0.10073518007993698,0.0,0.0,0.0,0.0,-0.03658043593168259
1788745237.269265,0.11790324747562408,0.0,0.0,0.0,0.0,-0.03437475860118866
1788745237.318887,0.11790324747562408,0.0,0.0,0.0,0.0,-0.03437475860118866
1788745237.36894,0.04292799532413483,0.0,0.0,0.0,0.0,0.0
1788745237.4189885,0.0,0.0,0.0,0.0,0.0,0.0
1788745237.468958,0.0,0.0,0.0,0.0,0.0,0.0
1788745237.519038,0.0,0.0,0.0,0.0,0.0,0.0
1788745237.5689096,0.0,0.0,0.0,0.0,0.0,0.0
1788745237.619132,0.0,0.0,0.0,0.0,0.0,0.0
1788745237.669021,0.0,0.0,0.0,0.0,0.0,0.0
1788745237.7188733,0.0,0.0,0.0,0.0,0.0,0.0
1788745237.7690806,0.0,0.0,0.0,0.0,0.0,0.0
1788745237.8190207,0.0,0.0,0.0,0.0,0.0,0.0
1788745237.8688877,0.0,0.0,0.0,0.0,0.0,0.0
1788745237.9190197,0.0,0.0,0.0,0.0,0.0,0.0
1788745237.9692602,0.0,0.0,0.0,0.0,0.0,0.0
1788745238.0187879,0.0,0.0,0.0,0.0,0.0,0.0
1788745238.0690022,0.0,0.0,0.0,0.0,0.0,0.0
1788745238.118997,0.0,0.0,0.0,0.0,0.0,0.0
1788745238.1689782,0.0,0.0,0.0,0.0,0.0,0.0
1788745238.2191648,0.0,0.0,0.0,0.0,0.0,0.0
1788745238.2689712,0.0,0.0,0.0,0.0,0.0,0.0
1788745238.3190138,0.0,0.0,0.0,0.0,0.0,0.0
1788745238.3691633,0.0,0.0,0.0,0.0,0.0,0.0
1788745238.4189587,0.0,0.0,0.0,0.0,0.0,0.0
1788745238.4691007,0.0,0.0,0.0,0.0,0.0,0.0
1788745238.5188658,0.0,0.0,0.0,0.0,0.0,0.0
1788745238.5691898,0.0,0.0,0.0,0.0,0.0,0.0
1788745238.618842,0.0,0.0,0.0,0.0,0.0,0.0
1788745238.6692872,0.0,0.0,0.0,0.0,0.0,0.0
1788745238.7190146,0.0,0.0,0.0,0.0,0.0,0.0
1788745238.7690845,0.0,0.0,0.0,0.0,0.0,0.0
1788745238.8188813,0.0,0.0,0.0,0.0,0.0,0.0
1788745238.8688798,0.0,0.0,0.0,0.0,0.0,0.0
1788745238.9190872,0.0,0.0,0.0,0.0,0.0,0.0
1788745238.9692097,0.0,0.0,0.0,0.0,0.0,0.0
1788745239.0190043,0.0,0.0,0.0,0.0,0.0,0.0
1788745239.0691843,0.0,0.0,0.0,0.0,0.0,0.0
1788745239.1189313,0.0,0.0,0.0,0.0,0.0,0.0
1788745239.1692967,0.0,0.0,0.0,0.0,0.0,0.0
1788745239.2190845,0.0,0.0,0.0,0.0,0.0,0.0
1788745239.2690682,0.0,0.0,0.0,0.0,0.0,0.0
1788745239.319086,0.0,0.0,0.0,0.0,0.0,0.0
1788745239.3692503,0.0,0.0,0.0,0.0,0.0,0.0
1788745239.4188285,0.0,0.0,0.0,0.0,0.0,0.0
1788745239.4689863,0.0,0.0,0.0,0.0,0.0,0.0
1788745239.5190227,0.0,0.0,0.0,0.0,0.0,0.0
1788745239.569128,0.0,0.0,0.0,0.0,0.0,0.0
1788745239.6189072,0.0,0.0,0.0,0.0,0.0,0.0
1788745239.6691585,0.0,0.0,0.0,0.0,0.0,0.0
1788745239.7189367,0.0,0.0,0.0,0.0,0.0,0.0
1788745239.7690527,0.0,0.0,0.0,0.0,0.0,0.0
1788745239.8190246,0.0,0.0,0.0,0.0,0.0,0.0
1788745239.8690233,0.0,0.0,0.0,0.0,0.0,0.0
1788745239.9197779,0.0,0.0,0.0,0.0,0.0,0.0
1788745240.0212295,0.0,0.0,0.0,0.0,0.0,0.0
1788745240.0222104,0.0,0.0,0.0,0.0,0.0,0.0
1788745240.0692322,0.0,0.0,0.0,0.0,0.0,0.0
1788745240.1190138,0.0,0.0,0.0,0.0,0.0,0.0
1788745240.1692326,0.0,0.0,0.0,0.0,0.0,0.0
1788745240.21873,0.0,0.0,0.0,0.0,0.0,0.0
1788745240.2692783,0.0,0.0,0.0,0.0,0.0,0.0
1788745240.3189778,0.0,0.0,0.0,0.0,0.0,0.0
1788745240.3691497,0.0,0.0,0.0,0.0,0.0,0.0
1788745240.4188533,0.0,0.0,0.0,0.0,0.0,0.0
1788745240.468937,0.0,0.0,0.0,0.0,0.0,0.0
1788745240.5192108,0.0,0.0,0.0,0.0,0.0,0.0
1788745240.569068,0.0,0.0,0.0,0.0,0.0,0.0
1788745240.6188388,0.0,0.0,0.0,0.0,0.0,0.0
1788745240.6689792,0.0,0.0,0.0,0.0,0.0,0.0
1788745240.7189229,0.0,0.0,0.0,0.0,0.0,0.0
1788745240.768893,0.0,0.0,0.0,0.0,0.0,0.0
1788745240.818907,0.0,0.0,0.0,0.0,0.0,0.0
1788745240.8691394,0.0,0.0,0.0,0.0,0.0,0.0
1788745240.9190543,0.0,0.0,0.0,0.0,0.0,0.0
1788745240.9691372,0.0,0.0,0.0,0.0,0.0,0.0
1788745241.019084,0.0,0.0,0.0,0.0,0.0,0.0
1788745241.0690808,0.0,0.0,0.0,0.0,0.0,0.0
1788745241.118853,0.0,0.0,0.0,0.0,0.0,0.0
1788745241.1692393,0.0,0.0,0.0,0.0,0.0,0.0
1788745241.2189133,0.0,0.0,0.0,0.0,0.0,0.0
1788745241.2690594,0.0,0.0,0.0,0.0,0.0,0.0
1788745241.3189342,0.0,0.0,0.0,0.0,0.0,0.0
1788745241.3693678,0.0,0.0,0.0,0.0,0.0,0.0
1788745241.418908,0.0,0.0,0.0,0.0,0.0,0.0
1788745241.4691362,0.0,0.0,0.0,0.0,0.0,0.0
1788745241.5189233,0.0,0.0,0.0,0.0,0.0,0.0
1788745241.5693958,0.0,0.0,0.0,0.0,0.0,0.0
1788745241.6190307,0.0,0.0,0.0,0.0,0.0,0.0
1788745241.6691663,0.0,0.0,0.0,0.0,0.0,0.0
1788745241.7190938,0.0,0.0,0.0,0.0,0.0,0.0
1788745241.7689908,0.0,0.0,0.0,0.0,0.0,0.0
1788745241.819083,0.0,0.0,0.0,0.0,0.0,0.0
1788745241.8692575,0.0,0.0,0.0,0.0,0.0,0.0
1788745241.919029,0.0,0.0,0.0,0.0,0.0,0.0
1788745241.9693086,0.0,0.0,0.0,0.0,0.0,0.0
1788745242.0191123,0.0,0.0,0.0,0.0,0.0,0.0
1788745242.0691998,0.0,0.0,0.0,0.0,0.0,0.0
1788745242.119238,0.0,0.0,0.0,0.0,0.0,0.0
1788745242.1692421,0.0,0.0,0.0,0.0,0.0,0.0
1788745242.219225,0.0,0.0,0.0,0.0,0.0,0.0
1788745242.2692895,0.0,0.0,0.0,0.0,0.0,0.0
1788745242.3192558,0.0,0.0,0.0,0.0,0.0,0.0
1788745242.3692904,0.0,0.0,0.0,0.0,0.0,0.0
1788745242.4189453,0.0,0.0,0.0,0.0,0.0,0.0
1788745242.4691055,0.0,0.0,0.0,0.0,0.0,0.0
1788745242.5190187,0.0,0.0,0.0,0.0,0.0,0.0
1788745242.5691338,0.0,0.0,0.0,0.0,0.0,0.0
1788745242.6189497,0.0,0.0,0.0,0.0,0.0,0.0
1788745242.668952,0.0,0.0,0.0,0.0,0.0,0.0
1788745242.7187393,0.0,0.0,0.0,0.0,0.0,0.0
1788745242.7690194,0.0,0.0,0.0,0.0,0.0,0.0
1788745242.8186765,0.0,0.0,0.0,0.0,0.0,0.0
1788745242.868924,0.0,0.0,0.0,0.0,0.0,0.0
1788745242.9187405,0.0,0.0,0.0,0.0,0.0,0.0
1788745242.9689152,0.0,0.0,0.0,0.0,0.0,0.0
1788745243.0192575,0.0,0.0,0.0,0.0,0.0,0.0
1788745243.0689754,0.0,0.0,0.0,0.0,0.0,0.0
1788745243.118914,0.0,0.0,0.0,0.0,0.0,0.0
1788745243.1690495,0.0,0.0,0.0,0.0,0.0,0.0
1788745243.2191453,0.0,0.0,0.0,0.0,0.0,0.0
1788745243.2693582,0.0,0.0,0.0,0.0,0.0,0.0
1788745243.3188658,0.0,0.0,0.0,0.0,0.0,0.0
1788745243.3690684,0.0,0.0,0.0,0.0,0.0,0.0
1788745243.4190614,0.0,0.0,0.0,0.0,0.0,0.0
1788745243.4690104,0.0,0.0,0.0,0.0,0.0,0.0
1788745243.5192263,0.0,0.0,0.0,0.0,0.0,0.0
1788745243.5693355,0.0,0.0,0.0,0.0,0.0,0.0
1788745243.6194453,0.0,0.0,0.0,0.0,0.0,0.0
1788745243.6691287,0.0,0.0,0.0,0.0,0.0,0.0
1788745243.719239,0.0,0.0,0.0,0.0,0.0,0.0
1788745243.7691052,0.0,0.0,0.0,0.0,0.0,0.0
1788745243.8189704,0.0,0.0,0.0,0.0,0.0,0.0
1788745243.869144,0.0,0.0,0.0,0.0,0.0,0.0
1788745243.9187667,0.0,0.0,0.0,0.0,0.0,0.0
1788745243.9691145,0.0,0.0,0.0,0.0,0.0,0.0
1788745244.0193062,0.0,0.0,0.0,0.0,0.0,0.0
1788745244.0691688,0.0,0.0,0.0,0.0,0.0,0.0
1788745244.1190283,0.0,0.0,0.0,0.0,0.0,0.0
1788745244.1691515,0.0,0.0,0.0,0.0,0.0,0.0
1788745244.218904,0.0,0.0,0.0,0.0,0.0,0.0
1788745244.269299,0.0,0.0,0.0,0.0,0.0,0.0
1788745244.3189437,0.0,0.0,0.0,0.0,0.0,0.0
1788745244.3690395,0.0,0.0,0.0,0.0,0.0,0.0
1788745244.4187949,0.0,0.0,0.0,0.0,0.0,0.0
1788745244.468992,0.0,0.0,0.0,0.0,0.0,0.0
1788745244.5188553,0.0,0.0,0.0,0.0,0.0,0.0
1788745244.5689793,0.0,0.0,0.0,0.0,0.0,0.0
1788745244.6190305,0.0,0.0,0.0,0.0,0.0,0.0
1788745244.6691208,0.0,0.0,0.0,0.0,0.0,0.0
1788745244.7191021,0.0,0.0,0.0,0.0,0.0,0.0
1788745244.7692645,0.0,0.0,0.0,0.0,0.0,0.0
1788745244.8188963,0.0,0.0,0.0,0.0,0.0,0.0
1788745244.8692567,0.0,0.0,0.0,0.0,0.0,0.0
1788745244.9192133,0.0,0.0,0.0,0.0,0.0,0.0
1788745244.9690316,0.0,0.0,0.0,0.0,0.0,0.0
1788745245.0190046,0.0,0.0,0.0,0.0,0.0,0.0
1788745245.069032,0.0,0.0,0.0,0.0,0.0,0.0
1788745245.1189213,0.0,0.0,0.0,0.0,0.0,0.0
1788745245.1690335,0.0,0.0,0.0,0.0,0.0,0.0
1788745245.2192435,0.0,0.0,0.0,0.0,0.0,0.0
1788745245.2690742,0.0,0.0,0.0,0.0,0.0,0.0
1788745245.3190637,0.0,0.0,0.0,0.0,0.0,0.0
1788745245.3692493,0.0,0.0,0.0,0.0,0.0,0.0
1788745245.4190457,0.0,0.0,0.0,0.0,0.0,0.0
1788745245.4690776,0.0,0.0,0.0,0.0,0.0,0.0
1788745245.518916,0.0,0.0,0.0,0.0,0.0,0.0
1788745245.5688493,0.0,0.0,0.0,0.0,0.0,0.0
1788745245.6188755,0.0,0.0,0.0,0.0,0.0,0.0
1788745245.6688545,0.0,0.0,0.0,0.0,0.0,0.0
1788745245.7187853,0.0,0.0,0.0,0.0,0.0,0.0
1788745245.7689426,0.0,0.0,0.0,0.0,0.0,0.0
1788745245.818963,0.0,0.0,0.0,0.0,0.0,0.0
1788745245.8692935,0.0,0.0,0.0,0.0,0.0,0.0
1788745245.9190974,0.0,0.0,0.0,0.0,0.0,0.0
1788745245.9690835,0.0,0.0,0.0,0.0,0.0,0.0
1788745246.0189471,0.0,0.0,0.0,0.0,0.0,0.0
1788745246.0690908,0.0,0.0,0.0,0.0,0.0,0.0
1788745246.1189566,0.0,0.0,0.0,0.0,0.0,0.0
1788745246.1692846,0.0,0.0,0.0,0.0,0.0,0.0
1788745246.2192829,0.0,0.0,0.0,0.0,0.0,0.0
1788745246.2690294,0.0,0.0,0.0,0.0,0.0,0.0
1788745246.3189669,0.0,0.0,0.0,0.0,0.0,0.0
1788745246.3689594,0.0,0.0,0.0,0.0,0.0,0.0
1788745246.4190392,0.0,0.0,0.0,0.0,0.0,0.0
1788745246.4690049,0.0,0.0,0.0,0.0,0.0,0.0
1788745246.5188346,0.0,0.0,0.0,0.0,0.0,0.0
1788745246.568981,0.0,0.0,0.0,0.0,0.0,0.0
1788745246.618713,0.0,0.0,0.0,0.0,0.0,0.0
1788745246.669027,0.0,0.0,0.0,0.0,0.0,0.0
1788745246.7191422,0.0,0.0,0.0,0.0,0.0,0.0
1788745246.769167,0.024927616119384766,0.0,0.0,0.0,0.0,0.01968422345817089
1788745246.8191664,0.04993617534637451,0.0,0.0,0.0,0.0,0.01968422345817089
1788745246.8692396,0.07499754428863525,0.0,0.0,0.0,0.0,-0.005658452399075031
1788745246.919146,0.10001885890960693,0.0,0.0,0.0,0.0,-0.005658452399075031
1788745246.969005,0.12494480609893799,0.0,0.0,0.0,0.0,-0.018633944913744926
1788745247.0189962,0.14999568462371826,0.0,0.0,0.0,0.0,-0.018633944913744926
1788745247.0691655,0.17495083808898926,0.0,0.0,0.0,0.0,-0.030470389872789383
1788745247.1189823,0.19994211196899414,0.0,0.0,0.0,0.0,-0.030470389872789383
1788745247.169,0.2249464988708496,0.0,0.0,0.0,0.0,-0.05388358607888222
1788745247.2189941,0.23987485468387604,0.0,0.0,0.0,0.0,-0.05388358607888222
1788745247.269227,0.2599655091762543,0.0,0.0,0.0,0.0,-0.07825038582086563
1788745247.3187463,0.2599655091762543,0.0,0.0,0.0,0.0,-0.07825038582086563
1788745247.368888,0.2849719226360321,0.0,0.0,0.0,0.0,-0.08824382722377777
1788745247.4189484,0.28728148341178894,0.0,0.0,0.0,0.0,-0.08824382722377777
1788745247.4690325,0.3122665584087372,0.0,0.0,0.0,0.0,-0.11423811316490173
1788745247.5191774,0.31668031215667725,0.0,0.0,0.0,0.0,-0.11423811316490173
1788745247.56904,0.3414406180381775,0.0,0.0,0.0,0.0,-0.12356439232826233
1788745247.6188982,0.3414406180381775,0.0,0.0,0.0,0.0,-0.12356439232826233
1788745247.6689608,0.3620522916316986,0.0,0.0,0.0,0.0,-0.1264556497335434
1788745247.719166,0.3620522916316986,0.0,0.0,0.0,0.0,-0.1264556497335434
1788745247.769117,0.37929779291152954,0.0,0.0,0.0,0.0,-0.11292406916618347
1788745247.8191242,0.37929779291152954,0.0,0.0,0.0,0.0,-0.11292406916618347
1788745247.869409,0.40086686611175537,0.0,0.0,0.0,0.0,-0.09118939936161041
1788745247.9189668,0.40086686611175537,0.0,0.0,0.0,0.0,-0.09118939936161041
1788745247.968976,0.4214150309562683,0.0,0.0,0.0,0.0,-0.074666328728199
1788745248.0190375,0.4214150309562683,0.0,0.0,0.0,0.0,-0.074666328728199
1788745248.0689948,0.4420989453792572,0.0,0.0,0.0,0.0,-0.058021631091833115
1788745248.119222,0.4420989453792572,0.0,0.0,0.0,0.0,-0.058021631091833115
1788745248.1688743,0.45791155099868774,0.0,0.0,0.0,0.0,-0.04483499750494957
1788745248.2189927,0.45791155099868774,0.0,0.0,0.0,0.0,-0.04483499750494957
1788745248.2688074,0.47120440006256104,0.0,0.0,0.0,0.0,-0.031857527792453766
1788745248.3189256,0.47120440006256104,0.0,0.0,0.0,0.0,-0.031857527792453766
1788745248.3689892,0.4750249683856964,0.0,0.0,0.0,0.0,-0.01541399396955967
1788745248.4187393,0.4750249683856964,0.0,0.0,0.0,0.0,-0.01541399396955967
1788745248.4691715,0.4786592125892639,0.0,0.0,0.0,0.0,-0.0026251126546412706
1788745248.5189848,0.4786592125892639,0.0,0.0,0.0,0.0,-0.0026251126546412706
1788745248.5691037,0.48089197278022766,0.0,0.0,0.0,0.0,0.010706724599003792
1788745248.6188798,0.48089197278022766,0.0,0.0,0.0,0.0,0.010706724599003792
1788745248.669038,0.48292648792266846,0.0,0.0,0.0,0.0,0.028277726843953133
1788745248.7187717,0.48292648792266846,0.0,0.0,0.0,0.0,0.028277726843953133
1788745248.7690496,0.4823928475379944,0.0,0.0,0.0,0.0,0.04744543135166168
1788745248.819055,0.4823928475379944,0.0,0.0,0.0,0.0,0.04744543135166168
1788745248.8689008,0.48677298426628113,0.0,0.0,0.0,0.0,0.044231247156858444
1788745248.9190695,0.48677298426628113,0.0,0.0,0.0,0.0,0.044231247156858444
1788745248.969198,0.4839993715286255,0.0,0.0,0.0,0.0,0.05642450600862503
1788745249.0191772,0.4839993715286255,0.0,0.0,0.0,0.0,0.05642450600862503
1788745249.069115,0.47992056608200073,0.0,0.0,0.0,0.0,0.06947651505470276
1788745249.1190863,0.47992056608200073,0.0,0.0,0.0,0.0,0.06947651505470276
1788745249.1692753,0.4761771261692047,0.0,0.0,0.0,0.0,0.08037552237510681
1788745249.2189996,0.4761771261692047,0.0,0.0,0.0,0.0,0.08037552237510681
1788745249.2692647,0.47248536348342896,0.0,0.0,0.0,0.0,0.08626857399940491
1788745249.3190763,0.47248536348342896,0.0,0.0,0.0,0.0,0.08626857399940491
1788745249.3689623,0.4678897261619568,0.0,0.0,0.0,0.0,0.08574902266263962
1788745249.4190311,0.4678897261619568,0.0,0.0,0.0,0.0,0.08574902266263962
1788745249.4691405,0.47971585392951965,0.0,0.0,0.0,0.0,0.06553575396537781
1788745249.5192351,0.47971585392951965,0.0,0.0,0.0,0.0,0.06553575396537781
1788745249.5690813,0.49077925086021423,0.0,0.0,0.0,0.0,0.050662070512771606
1788745249.619216,0.49077925086021423,0.0,0.0,0.0,0.0,0.050662070512771606
1788745249.6692088,0.4981822073459625,0.0,0.0,0.0,0.0,0.03630387783050537
1788745249.718917,0.4981822073459625,0.0,0.0,0.0,0.0,0.03630387783050537
1788745249.7689188,0.5031744241714478,0.0,0.0,0.0,0.0,0.023553460836410522
1788745249.8187623,0.5031744241714478,0.0,0.0,0.0,0.0,0.023553460836410522
1788745249.8690653,0.5107948184013367,0.0,0.0,0.0,0.0,0.00812593661248684
1788745249.918928,0.5107948184013367,0.0,0.0,0.0,0.0,0.00812593661248684
1788745249.9691572,0.5140357613563538,0.0,0.0,0.0,0.0,-0.004978600423783064
1788745250.019119,0.5140357613563538,0.0,0.0,0.0,0.0,-0.004978600423783064
1788745250.0690522,0.5157480239868164,0.0,0.0,0.0,0.0,-0.01878850720822811
1788745250.119135,0.5157480239868164,0.0,0.0,0.0,0.0,-0.01878850720822811
1788745250.169047,0.5157564878463745,0.0,0.0,0.0,0.0,-0.0289202481508255
1788745250.2191746,0.5157564878463745,0.0,0.0,0.0,0.0,-0.0289202481508255
1788745250.2691848,0.5053604245185852,0.0,0.0,0.0,0.0,-0.025839537382125854
1788745250.3188384,0.5053604245185852,0.0,0.0,0.0,0.0,-0.025839537382125854
1788745250.3690956,0.4982175827026367,0.0,0.0,0.0,0.0,-0.0315069742500782
1788745250.4190614,0.4982175827026367,0.0,0.0,0.0,0.0,-0.0315069742500782
1788745250.469195,0.4930885136127472,0.0,0.0,0.0,0.0,-0.043716754764318466
1788745250.519133,0.4930885136127472,0.0,0.0,0.0,0.0,-0.043716754764318466
1788745250.5691965,0.48477834463119507,0.0,0.0,0.0,0.0,-0.05527126044034958
1788745250.619175,0.48477834463119507,0.0,0.0,0.0,0.0,-0.05527126044034958
1788745250.6693861,0.4701384902000427,0.0,0.0,0.0,0.0,-0.06796951591968536
1788745250.7190778,0.4701384902000427,0.0,0.0,0.0,0.0,-0.06796951591968536
1788745250.7690582,0.4556258022785187,0.0,0.0,0.0,0.0,-0.0725732371211052
1788745250.819015,0.4556258022785187,0.0,0.0,0.0,0.0,-0.0725732371211052
1788745250.8688986,0.4424915313720703,0.0,0.0,0.0,0.0,-0.04853660240769386
1788745250.919033,0.4424915313720703,0.0,0.0,0.0,0.0,-0.04853660240769386
1788745250.969271,0.42683228850364685,0.0,0.0,0.0,0.0,-0.039349671453237534
1788745251.0189703,0.42683228850364685,0.0,0.0,0.0,0.0,-0.039349671453237534
1788745251.069193,0.40518718957901,0.0,0.0,0.0,0.0,-0.03392287343740463
1788745251.1189637,0.40518718957901,0.0,0.0,0.0,0.0,-0.03392287343740463
1788745251.1690252,0.38353028893470764,0.0,0.0,0.0,0.0,-0.030599277466535568
1788745251.2190442,0.38353028893470764,0.0,0.0,0.0,0.0,-0.030599277466535568
1788745251.269037,0.37305504083633423,0.0,0.0,0.0,0.0,-0.030022505670785904
1788745251.3189402,0.37305504083633423,0.0,0.0,0.0,0.0,-0.030022505670785904
1788745251.369285,0.36511170864105225,0.0,0.0,0.0,0.0,0.0036436733789741993
1788745251.4189205,0.36511170864105225,0.0,0.0,0.0,0.0,0.0036436733789741993
1788745251.46915,0.3602295517921448,0.0,0.0,0.0,0.0,0.01428108662366867
1788745251.5188448,0.3602295517921448,0.0,0.0,0.0,0.0,0.01428108662366867
1788745251.5689793,0.3491987884044647,0.0,0.0,0.0,0.0,0.021862277761101723
1788745251.619057,0.3491987884044647,0.0,0.0,0.0,0.0,0.021862277761101723
1788745251.6692042,0.3351736068725586,0.0,0.0,0.0,0.0,0.0264944639056921
1788745251.719035,0.3351736068725586,0.0,0.0,0.0,0.0,0.0264944639056921
1788745251.7690184,0.3200702369213104,0.0,0.0,0.0,0.0,0.02955523133277893
1788745251.8191166,0.3200702369213104,0.0,0.0,0.0,0.0,0.02955523133277893
1788745251.8690708,0.30870574712753296,0.0,0.0,0.0,0.0,0.03289717808365822
1788745251.9192088,0.30870574712753296,0.0,0.0,0.0,0.0,0.03289717808365822
1788745251.9692106,0.2943236231803894,0.0,0.0,0.0,0.0,0.03479184955358505
1788745252.020067,0.2943236231803894,0.0,0.0,0.0,0.0,0.03479184955358505
1788745252.068951,0.2759326696395874,0.0,0.0,0.0,0.0,0.035897813737392426
1788745252.1189775,0.2759326696395874,0.0,0.0,0.0,0.0,0.035897813737392426
1788745252.169044,0.25377920269966125,0.0,0.0,0.0,0.0,0.03394070640206337
1788745252.2188382,0.25377920269966125,0.0,0.0,0.0,0.0,0.03394070640206337
1788745252.2689795,0.2309834510087967,0.0,0.0,0.0,0.0,0.03310339152812958
1788745252.3190942,0.2309834510087967,0.0,0.0,0.0,0.0,0.03310339152812958
1788745252.3692493,0.15599317848682404,0.0,0.0,0.0,0.0,0.0
1788745252.4188724,0.08093388378620148,0.0,0.0,0.0,0.0,0.0
1788745252.469057,0.005890324711799622,0.0,0.0,0.0,0.0,0.0
1788745252.5188677,0.0,0.0,0.0,0.0,0.0,0.0
1788745252.5690958,0.0,0.0,0.0,0.0,0.0,0.0
1788745252.6189468,0.0,0.0,0.0,0.0,0.0,0.0
1788745252.669325,0.0,0.0,0.0,0.0,0.0,0.0
1788745252.7189913,0.0,0.0,0.0,0.0,0.0,0.0
1788745252.7691565,0.0,0.0,0.0,0.0,0.0,0.0
1788745252.8191059,0.0,0.0,0.0,0.0,0.0,0.0
1788745252.8690937,0.0,0.0,0.0,0.0,0.0,0.0
1788745252.9190688,0.0,0.0,0.0,0.0,0.0,0.0
1788745252.9690595,0.0,0.0,0.0,0.0,0.0,0.0
1788745253.0187988,0.0,0.0,0.0,0.0,0.0,0.0
1788745253.0691369,0.0,0.0,0.0,0.0,0.0,0.0
1788745253.1188095,0.0,0.0,0.0,0.0,0.0,0.0
1788745253.168929,0.0,0.0,0.0,0.0,0.0,0.0
1788745253.219004,0.0,0.0,0.0,0.0,0.0,0.0
1788745253.2689815,0.0,0.0,0.0,0.0,0.0,0.0
1788745253.3189318,0.0,0.0,0.0,0.0,0.0,0.0
1788745253.3692236,-0.025025606155395508,0.0,0.0,0.0,0.0,0.050051212310791016
1788745253.4190702,-0.0394134558737278,0.0,0.0,0.0,0.0,0.0990385040640831
1788745253.4696758,-0.06443143263459206,0.0,0.0,0.0,0.0,0.14907445758581161
1788745253.5190165,-0.06864769011735916,0.0,0.0,0.0,0.0,0.1805780678987503
1788745253.5693755,-0.09367246180772781,0.0,0.0,0.0,0.0,0.2306276112794876
1788745253.6191106,-0.11067084223031998,0.0,0.0,0.0,0.0,0.280844047665596
1788745253.669062,-0.11067084223031998,0.0,0.0,0.0,0.0,0.3009719252586365
1788745253.7190037,-0.12467929720878601,0.0,0.0,0.0,0.0,0.33643001317977905
1788745253.76928,-0.12467929720878601,0.0,0.0,0.0,0.0,0.33643001317977905
1788745253.8187468,-0.13616228103637695,0.0,0.0,0.0,0.0,0.3632345497608185
1788745253.8688502,-0.13616228103637695,0.0,0.0,0.0,0.0,0.3632345497608185
1788745253.9187698,-0.14448776841163635,0.0,0.0,0.0,0.0,0.3855244219303131
1788745253.9689126,-0.14448776841163635,0.0,0.0,0.0,0.0,0.3855244219303131
1788745254.0184999,-0.1547202467918396,0.0,0.0,0.0,0.0,0.4354189932346344
1788745254.069014,-0.1547202467918396,0.0,0.0,0.0,0.0,0.43631863594055176
1788745254.1187344,-0.16331468522548676,0.0,0.0,0.0,0.0,0.48612499237060547
1788745254.1691556,-0.16331468522548676,0.0,0.0,0.0,0.0,0.5148485898971558
1788745254.2188015,-0.16876593232154846,0.0,0.0,0.0,0.0,0.5647953748703003
1788745254.2691891,-0.16876593232154846,0.0,0.0,0.0,0.0,0.5913654565811157
1788745254.3186562,-0.17274530231952667,0.0,0.0,0.0,0.0,0.6411722898483276
1788745254.3693004,-0.17274530231952667,0.0,0.0,0.0,0.0,0.6491001844406128
1788745254.4190192,-0.17274530231952667,0.0,0.0,0.0,0.0,0.6491001844406128
1788745254.4690356,-0.17317523062229156,0.0,0.0,0.0,0.0,0.6863282322883606
1788745254.5187201,-0.1722632348537445,0.0,0.0,0.0,0.0,0.7163413763046265
1788745254.569328,-0.1722632348537445,0.0,0.0,0.0,0.0,0.7163413763046265
1788745254.6187055,-0.16927345097064972,0.0,0.0,0.0,0.0,0.7460240721702576
1788745254.6691484,-0.16927345097064972,0.0,0.0,0.0,0.0,0.7460240721702576
1788745254.7187307,-0.16531018912792206,0.0,0.0,0.0,0.0,0.7693619132041931
1788745254.7690213,-0.16531018912792206,0.0,0.0,0.0,0.0,0.7693619132041931
1788745254.8189268,-0.15561410784721375,0.0,0.0,0.0,0.0,0.7842257618904114
1788745254.8694034,-0.15561410784721375,0.0,0.0,0.0,0.0,0.7842257618904114
1788745254.9188926,-0.14863799512386322,0.0,0.0,0.0,0.0,0.7950401902198792
1788745254.96923,-0.14863799512386322,0.0,0.0,0.0,0.0,0.7950401902198792
1788745255.0191123,-0.14863799512386322,0.0,0.0,0.0,0.0,0.7950401902198792
1788745255.06915,-0.13922612369060516,0.0,0.0,0.0,0.0,0.8
1788745255.1188138,-0.1307462751865387,0.0,0.0,0.0,0.0,0.8
1788745255.1690822,-0.1307462751865387,0.0,0.0,0.0,0.0,0.8
1788745255.2190096,-0.12479626387357712,0.0,0.0,0.0,0.0,0.7996906638145447
1788745255.2690651,-0.12479626387357712,0.0,0.0,0.0,0.0,0.7996906638145447
1788745255.3187249,-0.11735327541828156,0.0,0.0,0.0,0.0,0.7959544658660889
1788745255.369139,-0.11735327541828156,0.0,0.0,0.0,0.0,0.7959544658660889
1788745255.4190903,-0.11735327541828156,0.0,0.0,0.0,0.0,0.7959544658660889
1788745255.469113,-0.1121993213891983,0.0,0.0,0.0,0.0,0.7914706468582153
1788745255.5189395,-0.1121993213891983,0.0,0.0,0.0,0.0,0.7914706468582153
1788745255.5691383,-0.1044713482260704,0.0,0.0,0.0,0.0,0.7872031331062317
1788745255.6189132,-0.09111161530017853,0.0,0.0,0.0,0.0,0.7782977819442749
1788745255.669137,-0.09111161530017853,0.0,0.0,0.0,0.0,0.7782977819442749
1788745255.718826,-0.07814372330904007,0.0,0.0,0.0,0.0,0.7647197246551514
1788745255.7694335,-0.07814372330904007,0.0,0.0,0.0,0.0,0.7647197246551514
1788745255.8188784,-0.05733632668852806,0.0,0.0,0.0,0.0,0.7384694218635559
1788745255.8691137,-0.05733632668852806,0.0,0.0,0.0,0.0,0.7384694218635559
1788745255.9188578,-0.03784782066941261,0.0,0.0,0.0,0.0,0.7143508791923523
1788745255.969114,-0.03784782066941261,0.0,0.0,0.0,0.0,0.7143508791923523
1788745256.0187159,-0.019807321950793266,0.0,0.0,0.0,0.0,0.6849325299263
1788745256.0694377,-0.019807321950793266,0.0,0.0,0.0,0.0,0.6849325299263
1788745256.1189964,-0.019807321950793266,0.0,0.0,0.0,0.0,0.6849325299263
1788745256.1692455,-0.003092940663918853,0.0,0.0,0.0,0.0,0.6529935002326965
1788745256.2187889,0.01218559592962265,0.0,0.0,0.0,0.0,0.6179723143577576
1788745256.2692957,0.01218559592962265,0.0,0.0,0.0,0.0,0.6179723143577576
1788745256.3187947,0.02707356959581375,0.0,0.0,0.0,0.0,0.5841283202171326
1788745256.36903,0.02707356959581375,0.0,0.0,0.0,0.0,0.5841283202171326
1788745256.418645,0.04055533558130264,0.0,0.0,0.0,0.0,0.5577971935272217
1788745256.4692602,0.04055533558130264,0.0,0.0,0.0,0.0,0.5577971935272217
1788745256.5187495,0.04055533558130264,0.0,0.0,0.0,0.0,0.5577971935272217
1788745256.5692537,0.05367908254265785,0.0,0.0,0.0,0.0,0.5176602602005005
1788745256.6194553,0.05367908254265785,0.0,0.0,0.0,0.0,0.5176602602005005
1788745256.669237,0.06723839789628983,0.0,0.0,0.0,0.0,0.4772166609764099
1788745256.718848,0.08090100437402725,0.0,0.0,0.0,0.0,0.439297080039978
1788745256.7690904,0.08090100437402725,0.0,0.0,0.0,0.0,0.439297080039978
1788745256.8187811,0.08969483524560928,0.0,0.0,0.0,0.0,0.411700040102005
1788745256.86894,0.08969483524560928,0.0,0.0,0.0,0.0,0.411700040102005
1788745256.919154,0.10076972842216492,0.0,0.0,0.0,0.0,0.37165623903274536
1788745256.9690592,0.10076972842216492,0.0,0.0,0.0,0.0,0.37165623903274536
1788745257.0189972,0.11048755794763565,0.0,0.0,0.0,0.0,0.33120158314704895
1788745257.0693243,0.11048755794763565,0.0,0.0,0.0,0.0,0.33120158314704895
1788745257.1188557,0.11048755794763565,0.0,0.0,0.0,0.0,0.33120158314704895
1788745257.1690683,0.12163309007883072,0.0,0.0,0.0,0.0,0.2948177456855774
1788745257.219274,0.13403728604316711,0.0,0.0,0.0,0.0,0.2536340355873108
1788745257.2689188,0.13403728604316711,0.0,0.0,0.0,0.0,0.2536340355873108
1788745257.3188229,0.13403728604316711,0.0,0.0,0.0,0.0,0.2536340355873108
1788745257.3688922,0.13997647166252136,0.0,0.0,0.0,0.0,0.179345965385437
1788745257.419124,0.14674320816993713,0.0,0.0,0.0,0.0,0.13515739142894745
1788745257.4690719,0.14674320816993713,0.0,0.0,0.0,0.0,0.13515739142894745
1788745257.5189826,0.15207210183143616,0.0,0.0,0.0,0.0,0.11024567484855652
1788745257.5689309,0.15207210183143616,0.0,0.0,0.0,0.0,0.11024567484855652
1788745257.61902,0.15207210183143616,0.0,0.0,0.0,0.0,0.11024567484855652
1788745257.6691573,0.15664853155612946,0.0,0.0,0.0,0.0,0.10119663923978806
1788745257.7192442,0.16026803851127625,0.0,0.0,0.0,0.0,0.09740082174539566
1788745257.7689996,0.16026803851127625,0.0,0.0,0.0,0.0,0.09740082174539566
1788745257.819166,0.16026803851127625,0.0,0.0,0.0,0.0,0.09740082174539566
1788745257.8690116,0.1650577038526535,0.0,0.0,0.0,0.0,0.1026238352060318
1788745257.9191103,0.1650577038526535,0.0,0.0,0.0,0.0,0.1026238352060318
1788745257.9693427,0.17124108970165253,0.0,0.0,0.0,0.0,0.10384414345026016
1788745258.0189307,0.17859651148319244,0.0,0.0,0.0,0.0,0.10025768727064133
1788745258.0691159,0.17859651148319244,0.0,0.0,0.0,0.0,0.10025768727064133
1788745258.1192248,0.1824256330728531,0.0,0.0,0.0,0.0,0.09536664187908173
1788745258.1689315,0.1824256330728531,0.0,0.0,0.0,0.0,0.09536664187908173
1788745258.2188933,0.1824256330728531,0.0,0.0,0.0,0.0,0.09536664187908173
1788745258.2690446,0.1604616791009903,0.0,0.0,0.0,0.0,0.10837800055742264
1788745258.3188293,0.1439705342054367,0.0,0.0,0.0,0.0,0.10917451232671738
1788745258.3691232,0.1439705342054367,0.0,0.0,0.0,0.0,0.10917451232671738
1788745258.4188044,0.1428566724061966,0.0,0.0,0.0,0.0,0.08758264034986496
1788745258.4691653,0.1428566724061966,0.0,0.0,0.0,0.0,0.08758264034986496
1788745258.5189884,0.14037303626537323,0.0,0.0,0.0,0.0,0.07064931094646454
1788745258.5691314,0.14037303626537323,0.0,0.0,0.0,0.0,0.07064931094646454
1788745258.6189356,0.1383500099182129,0.0,0.0,0.0,0.0,0.04863178730010986
1788745258.6692247,0.1383500099182129,0.0,0.0,0.0,0.0,0.04863178730010986
1788745258.7186017,0.13408392667770386,0.0,0.0,0.0,0.0,0.0234817024320364
1788745258.7694142,0.13408392667770386,0.0,0.0,0.0,0.0,0.0234817024320364
1788745258.8186326,0.12719187140464783,0.0,0.0,0.0,0.0,0.003187076188623905
1788745258.8691232,0.12719187140464783,0.0,0.0,0.0,0.0,0.003187076188623905
1788745258.918931,0.11883077770471573,0.0,0.0,0.0,0.0,-0.0131632499396801
1788745258.9689946,0.11883077770471573,0.0,0.0,0.0,0.0,-0.0131632499396801
1788745259.0187545,0.04381368309259415,0.0,0.0,0.0,0.0,0.0
1788745259.0690541,0.0,0.0,0.0,0.0,0.0,0.0
1788745259.1190517,0.0,0.0,0.0,0.0,0.0,0.0
1788745259.169627,0.0,0.0,0.0,0.0,0.0,0.0
1788745259.2202563,0.0,0.0,0.0,0.0,0.0,0.0
1788745259.2690668,0.0,0.0,0.0,0.0,0.0,0.0
1788745259.3191516,0.0,0.0,0.0,0.0,0.0,0.0
1788745259.3692012,0.0,0.0,0.0,0.0,0.0,0.0
1788745259.4190757,0.0,0.0,0.0,0.0,0.0,0.0
1788745259.4691398,0.0,0.0,0.0,0.0,0.0,0.0
1788745259.5193412,0.0,0.0,0.0,0.0,0.0,0.0
1788745259.5692515,0.0,0.0,0.0,0.0,0.0,0.0
1788745259.6190405,0.0,0.0,0.0,0.0,0.0,0.0
1788745259.6690617,0.0,0.0,0.0,0.0,0.0,0.0
1788745259.7190192,0.0,0.0,0.0,0.0,0.0,0.0
1788745259.7692547,0.0,0.0,0.0,0.0,0.0,0.0
1788745259.8191786,0.0,0.0,0.0,0.0,0.0,0.0
1788745259.8692322,0.0,0.0,0.0,0.0,0.0,0.0
1788745259.919101,0.0,0.0,0.0,0.0,0.0,0.0
1788745259.9692273,0.0,0.0,0.0,0.0,0.0,0.0
1788745260.0191689,0.0,0.0,0.0,0.0,0.0,0.0
1788745260.0692477,0.0,0.0,0.0,0.0,0.0,0.0
1788745260.1191068,0.0,0.0,0.0,0.0,0.0,0.0
1788745260.1692626,0.0,0.0,0.0,0.0,0.0,0.0
1788745260.219036,0.0,0.0,0.0,0.0,0.0,0.0
1788745260.2690637,0.0,0.0,0.0,0.0,0.0,0.0
1788745260.319166,0.0,0.0,0.0,0.0,0.0,0.0
1788745260.3691914,0.0,0.0,0.0,0.0,0.0,0.0
1788745260.4190838,0.0,0.0,0.0,0.0,0.0,0.0
1788745260.4692702,0.0,0.0,0.0,0.0,0.0,0.0
1788745260.5191047,0.0,0.0,0.0,0.0,0.0,0.0
1788745260.5692213,0.0,0.0,0.0,0.0,0.0,0.0
1788745260.6191852,0.0,0.0,0.0,0.0,0.0,0.0
1788745260.6692307,0.0,0.0,0.0,0.0,0.0,0.0
1788745260.718929,0.0,0.0,0.0,0.0,0.0,0.0
1788745260.7692702,0.0,0.0,0.0,0.0,0.0,0.0
1788745260.819377,0.0,0.0,0.0,0.0,0.0,0.0
1788745260.8693278,0.0,0.0,0.0,0.0,0.0,0.0
1788745260.9190948,0.0,0.0,0.0,0.0,0.0,0.0
1788745260.9691381,0.0,0.0,0.0,0.0,0.0,0.0
1788745261.0191321,0.0,0.0,0.0,0.0,0.0,0.0
1788745261.0690784,0.0,0.0,0.0,0.0,0.0,0.0
1788745261.1187658,0.0,0.0,0.0,0.0,0.0,0.0
1788745261.1689675,0.0,0.0,0.0,0.0,0.0,0.0
1788745261.218864,0.0,0.0,0.0,0.0,0.0,0.0
1788745261.2693,0.0,0.0,0.0,0.0,0.0,0.0
1788745261.318977,0.0,0.0,0.0,0.0,0.0,0.0
1788745261.369149,0.0,0.0,0.0,0.0,0.0,0.0
1788745261.419241,0.0,0.0,0.0,0.0,0.0,0.0
1788745261.469112,0.0,0.0,0.0,0.0,0.0,0.0
1788745261.519065,0.0,0.0,0.0,0.0,0.0,0.0
1788745261.5692384,0.0,0.0,0.0,0.0,0.0,0.0
1788745261.6191685,0.0,0.0,0.0,0.0,0.0,0.0
1788745261.6689851,0.0,0.0,0.0,0.0,0.0,0.0
1788745261.7189186,0.0,0.0,0.0,0.0,0.0,0.0
1788745261.7692337,0.0,0.0,0.0,0.0,0.0,0.0
1788745261.8191323,0.0,0.0,0.0,0.0,0.0,0.0
1788745261.8693066,0.0,0.0,0.0,0.0,0.0,0.0
1788745261.9189782,0.0,0.0,0.0,0.0,0.0,0.0
1788745261.9691963,0.0,0.0,0.0,0.0,0.0,0.0
1788745262.0193472,0.0,0.0,0.0,0.0,0.0,0.0
1788745262.0691652,0.0,0.0,0.0,0.0,0.0,0.0
1788745262.118977,0.0,0.0,0.0,0.0,0.0,0.0
1788745262.169134,0.0,0.0,0.0,0.0,0.0,0.0
1788745262.2188656,0.0,0.0,0.0,0.0,0.0,0.0
1788745262.2691298,0.0,0.0,0.0,0.0,0.0,0.0
1788745262.3189113,0.0,0.0,0.0,0.0,0.0,0.0
1788745262.368873,0.0,0.0,0.0,0.0,0.0,0.0
1788745262.4190762,0.0,0.0,0.0,0.0,0.0,0.0
1788745262.4692972,0.0,0.0,0.0,0.0,0.0,0.0
1788745262.5190141,0.0,0.0,0.0,0.0,0.0,0.0
1788745262.568952,0.0,0.0,0.0,0.0,0.0,0.0
1788745262.6191137,0.0,0.0,0.0,0.0,0.0,0.0
1788745262.669405,0.0,0.0,0.0,0.0,0.0,0.0
1788745262.7190905,0.0,0.0,0.0,0.0,0.0,0.0
1788745262.7692428,0.0,0.0,0.0,0.0,0.0,0.0
1788745262.8190508,0.0,0.0,0.0,0.0,0.0,0.0
1788745262.8693168,0.0,0.0,0.0,0.0,0.0,0.0
1788745262.9190114,0.0,0.0,0.0,0.0,0.0,0.0
1788745262.969278,0.0,0.0,0.0,0.0,0.0,0.0
1788745263.0192468,0.0,0.0,0.0,0.0,0.0,0.0
1788745263.0694945,0.0,0.0,0.0,0.0,0.0,0.0
1788745263.11905,0.0,0.0,0.0,0.0,0.0,0.0
1788745263.1691165,0.0,0.0,0.0,0.0,0.0,0.0
1788745263.2192247,0.0,0.0,0.0,0.0,0.0,0.0
1788745263.2689428,0.0,0.0,0.0,0.0,0.0,0.0
1788745263.319205,0.0,0.0,0.0,0.0,0.0,0.0
1788745263.3692935,0.0,0.0,0.0,0.0,0.0,0.0
1788745263.4188292,0.0,0.0,0.0,0.0,0.0,0.0
1788745263.4691322,0.0,0.0,0.0,0.0,0.0,0.0
1788745263.5191658,0.0,0.0,0.0,0.0,0.0,0.0
1788745263.5693505,0.0,0.0,0.0,0.0,0.0,0.0
1788745263.61911,0.0,0.0,0.0,0.0,0.0,0.0
1788745263.6692348,0.0,0.0,0.0,0.0,0.0,0.0
1788745263.719208,0.0,0.0,0.0,0.0,0.0,0.0
1788745263.7689898,0.0,0.0,0.0,0.0,0.0,0.0
1788745263.8188958,0.0,0.0,0.0,0.0,0.0,0.0
1788745263.8692012,0.0,0.0,0.0,0.0,0.0,0.0
1788745263.918968,0.0,0.0,0.0,0.0,0.0,0.0
1788745263.9690754,0.0,0.0,0.0,0.0,0.0,0.0
1788745264.0187163,0.0,0.0,0.0,0.0,0.0,0.0
1788745264.0687406,0.0,0.0,0.0,0.0,0.0,0.0
1788745264.1189857,0.0,0.0,0.0,0.0,0.0,0.0
1788745264.1692877,0.0,0.0,0.0,0.0,0.0,0.0
1788745264.2190871,0.0,0.0,0.0,0.0,0.0,0.0
1788745264.2690573,0.0,0.0,0.0,0.0,0.0,0.0
1788745264.3190591,0.0,0.0,0.0,0.0,0.0,0.0
1788745264.369348,0.0,0.0,0.0,0.0,0.0,0.0
1788745264.4192178,0.0,0.0,0.0,0.0,0.0,0.0
1788745264.4691193,0.0,0.0,0.0,0.0,0.0,0.0
1788745264.5193443,0.0,0.0,0.0,0.0,0.0,0.0
1788745264.5691254,0.0,0.0,0.0,0.0,0.0,0.0
1788745264.6190832,0.0,0.0,0.0,0.0,0.0,0.0
1788745264.6690965,0.0,0.0,0.0,0.0,0.0,0.0
1788745264.7188716,0.0,0.0,0.0,0.0,0.0,0.0
1788745264.7692926,0.0,0.0,0.0,0.0,0.0,0.0
1788745264.8192036,0.0,0.0,0.0,0.0,0.0,0.0
1788745264.869146,0.0,0.0,0.0,0.0,0.0,0.0
1788745264.9189444,0.0,0.0,0.0,0.0,0.0,0.0
1788745264.9693167,0.0,0.0,0.0,0.0,0.0,0.0
1788745265.0188751,0.0,0.0,0.0,0.0,0.0,0.0
1788745265.0691795,0.0,0.0,0.0,0.0,0.0,0.0
1788745265.119021,0.0,0.0,0.0,0.0,0.0,0.0
1788745265.169059,0.0,0.0,0.0,0.0,0.0,0.0
1788745265.219134,0.0,0.0,0.0,0.0,0.0,0.0
1788745265.2692244,0.0,0.0,0.0,0.0,0.0,0.0
1788745265.319326,0.0,0.0,0.0,0.0,0.0,0.0
1788745265.369447,0.0,0.0,0.0,0.0,0.0,0.0
1788745265.4191504,0.0,0.0,0.0,0.0,0.0,0.0
1788745265.4691527,0.0,0.0,0.0,0.0,0.0,0.0
1788745265.5190718,0.0,0.0,0.0,0.0,0.0,0.0
1788745265.5691466,0.0,0.0,0.0,0.0,0.0,0.0
1788745265.6189697,0.0,0.0,0.0,0.0,0.0,0.0
1788745265.6689906,0.0,0.0,0.0,0.0,0.0,0.0
1788745265.7189682,0.0,0.0,0.0,0.0,0.0,0.0
1788745265.769154,0.0,0.0,0.0,0.0,0.0,0.0
1788745265.8190894,0.0,0.0,0.0,0.0,0.0,0.0
1788745265.869399,0.0,0.0,0.0,0.0,0.0,0.0
1788745265.9189775,0.0,0.0,0.0,0.0,0.0,0.0
1788745265.9691613,0.0,0.0,0.0,0.0,0.0,0.0
1788745266.0190976,0.0,0.0,0.0,0.0,0.0,0.0
1788745266.069151,0.0,0.0,0.0,0.0,0.0,0.0
1788745266.1194003,0.0,0.0,0.0,0.0,0.0,0.0
1788745266.1691668,0.0,0.0,0.0,0.0,0.0,0.0
1788745266.218931,0.0,0.0,0.0,0.0,0.0,0.0
1788745266.2691803,0.0,0.0,0.0,0.0,0.0,0.0
1788745266.3190646,0.0,0.0,0.0,0.0,0.0,0.0
1788745266.3692343,0.0,0.0,0.0,0.0,0.0,0.0
1788745266.4191298,0.0,0.0,0.0,0.0,0.0,0.0
1788745266.469121,0.0,0.0,0.0,0.0,0.0,0.0
1788745266.5191176,0.0,0.0,0.0,0.0,0.0,0.0
1788745266.5691795,0.0,0.0,0.0,0.0,0.0,0.0
1788745266.6192007,0.0,0.0,0.0,0.0,0.0,0.0
1788745266.6689377,0.0,0.0,0.0,0.0,0.0,0.0
1788745266.7190971,0.0,0.0,0.0,0.0,0.0,0.0
1788745266.7690818,0.0,0.0,0.0,0.0,0.0,0.0
1788745266.8189337,0.0,0.0,0.0,0.0,0.0,0.0
1788745266.8689337,0.0,0.0,0.0,0.0,0.0,0.0
1788745266.9189625,0.0,0.0,0.0,0.0,0.0,0.0
1788745266.96923,0.0,0.0,0.0,0.0,0.0,0.0
1788745267.019292,0.0,0.0,0.0,0.0,0.0,0.0
1788745267.069265,0.0,0.0,0.0,0.0,0.0,0.0
1788745267.1192868,0.0,0.0,0.0,0.0,0.0,0.0
1788745267.1692207,0.0,0.0,0.0,0.0,0.0,0.0
1788745267.2191265,0.0,0.0,0.0,0.0,0.0,0.0
1788745267.2693448,0.0,0.0,0.0,0.0,0.0,0.0
1788745267.3191934,0.0,0.0,0.0,0.0,0.0,0.0
1788745267.3693678,0.0,0.0,0.0,0.0,0.0,0.0
1788745267.4189012,0.0,0.0,0.0,0.0,0.0,0.0
1788745267.469207,0.0,0.0,0.0,0.0,0.0,0.0
1788745267.5191169,0.0,0.0,0.0,0.0,0.0,0.0
1788745267.5690355,0.0,0.0,0.0,0.0,0.0,0.0
1788745267.6190221,0.0,0.0,0.0,0.0,0.0,0.0
1788745267.6691904,0.0,0.0,0.0,0.0,0.0,0.0
1788745267.7189388,0.0,0.0,0.0,0.0,0.0,0.0
1788745267.7694123,0.0,0.0,0.0,0.0,0.0,0.0
1788745267.8189092,0.0,0.0,0.0,0.0,0.0,0.0
1788745267.8690963,0.0,0.0,0.0,0.0,0.0,0.0
1788745267.9190812,0.0,0.0,0.0,0.0,0.0,0.0
1788745267.9691854,0.0,0.0,0.0,0.0,0.0,0.0
1788745268.018934,0.0,0.0,0.0,0.0,0.0,0.0
1788745268.0692434,0.0,0.0,0.0,0.0,0.0,0.0
1788745268.1191373,0.0,0.0,0.0,0.0,0.0,0.0
1788745268.1692157,0.0,0.0,0.0,0.0,0.0,0.0
1788745268.2191515,0.0,0.0,0.0,0.0,0.0,0.0
1788745268.269048,0.0,0.0,0.0,0.0,0.0,0.0
1788745268.3190386,0.0,0.0,0.0,0.0,0.0,0.0
1788745268.3691695,0.0,0.0,0.0,0.0,0.0,0.0
1788745268.419087,0.0,0.0,0.0,0.0,0.0,0.0
1788745268.4692752,0.0,0.0,0.0,0.0,0.0,0.0
1788745268.5191257,0.0,0.0,0.0,0.0,0.0,0.0
1788745268.5692163,0.0,0.0,0.0,0.0,0.0,0.0
1788745268.6193178,0.0,0.0,0.0,0.0,0.0,0.0
1788745268.6690924,0.0,0.0,0.0,0.0,0.0,0.0
1788745268.719213,0.0,0.0,0.0,0.0,0.0,0.0
1788745268.7691472,0.0,0.0,0.0,0.0,0.0,0.0
1788745268.8190312,0.0,0.0,0.0,0.0,0.0,0.0
1788745268.8691225,0.0,0.0,0.0,0.0,0.0,0.0
1788745268.9191258,0.0,0.0,0.0,0.0,0.0,0.0
1788745268.9691362,0.0,0.0,0.0,0.0,0.0,0.0
1788745269.0192757,0.0,0.0,0.0,0.0,0.0,0.0
1788745269.0691724,0.0,0.0,0.0,0.0,0.0,0.0
1788745269.1190326,0.0,0.0,0.0,0.0,0.0,0.0
1788745269.1692796,0.0,0.0,0.0,0.0,0.0,0.0
1788745269.2192707,0.0,0.0,0.0,0.0,0.0,0.0
1788745269.2694194,0.0,0.0,0.0,0.0,0.0,0.0
1788745269.3192973,0.0,0.0,0.0,0.0,0.0,0.0
1788745269.3693073,0.0,0.0,0.0,0.0,0.0,0.0
1788745269.4188871,0.0,0.0,0.0,0.0,0.0,0.0
1788745269.4688163,0.0,0.0,0.0,0.0,0.0,0.0
1788745269.519242,0.0,0.0,0.0,0.0,0.0,0.0
1788745269.5691779,0.0,0.0,0.0,0.0,0.0,0.0
1788745269.619105,0.0,0.0,0.0,0.0,0.0,0.0
1788745269.669308,0.0,0.0,0.0,0.0,0.0,0.0
1788745269.718875,0.0,0.0,0.0,0.0,0.0,0.0
1788745269.7692544,0.0,0.0,0.0,0.0,0.0,0.0
1788745269.8189976,0.0,0.0,0.0,0.0,0.0,0.0
1788745269.8693051,0.0,0.0,0.0,0.0,0.0,0.0
1788745269.9189398,0.0,0.0,0.0,0.0,0.0,0.0
1788745269.969277,0.0,0.0,0.0,0.0,0.0,0.0
1788745270.0190825,0.0,0.0,0.0,0.0,0.0,0.0
1788745270.0692754,0.0,0.0,0.0,0.0,0.0,0.0
1788745270.1193755,0.0,0.0,0.0,0.0,0.0,0.0
1788745270.169302,0.0,0.0,0.0,0.0,0.0,0.0
1788745270.2192366,0.0,0.0,0.0,0.0,0.0,0.0
1788745270.26909,0.0,0.0,0.0,0.0,0.0,0.0
1788745270.3190548,0.0,0.0,0.0,0.0,0.0,0.0
1788745270.3690069,0.0,0.0,0.0,0.0,0.0,0.0
1788745270.4189367,0.0,0.0,0.0,0.0,0.0,0.0
1788745270.4691513,0.0,0.0,0.0,0.0,0.0,0.0
1788745270.5190198,0.0,0.0,0.0,0.0,0.0,0.0
1788745270.5692413,0.0,0.0,0.0,0.0,0.0,0.0
1788745270.619003,0.0,0.0,0.0,0.0,0.0,0.0
1788745270.6690164,0.0,0.0,0.0,0.0,0.0,0.0
1788745270.7192614,0.0,0.0,0.0,0.0,0.0,0.0
1788745270.7693195,0.0,0.0,0.0,0.0,0.0,0.0
1788745270.8189456,0.0,0.0,0.0,0.0,0.0,0.0
1788745270.869187,0.0,0.0,0.0,0.0,0.0,0.0
1788745270.9189587,0.0,0.0,0.0,0.0,0.0,0.0
1788745270.969172,0.0,0.0,0.0,0.0,0.0,0.0
1788745271.0190349,0.0,0.0,0.0,0.0,0.0,0.0
1788745271.069134,0.0,0.0,0.0,0.0,0.0,0.0
1788745271.1190248,0.0,0.0,0.0,0.0,0.0,0.0
1788745271.169176,0.0,0.0,0.0,0.0,0.0,0.0
1788745271.2191105,0.0,0.0,0.0,0.0,0.0,0.0
1788745271.2690256,0.0,0.0,0.0,0.0,0.0,0.0
1788745271.3190365,0.0,0.0,0.0,0.0,0.0,0.0
1788745271.3691134,0.0,0.0,0.0,0.0,0.0,0.0
1788745271.4192097,0.0,0.0,0.0,0.0,0.0,0.0
1788745271.4703462,0.0,0.0,0.0,0.0,0.0,0.0
1788745271.5188823,0.0,0.0,0.0,0.0,0.0,0.0
1788745271.5689518,0.0,0.0,0.0,0.0,0.0,0.0
1788745271.6190016,0.0,0.0,0.0,0.0,0.0,0.0
1788745271.669075,0.0,0.0,0.0,0.0,0.0,0.0
1788745271.7191737,0.0,0.0,0.0,0.0,0.0,0.0
1788745271.7693102,0.0,0.0,0.0,0.0,0.0,0.0
1788745271.8189914,0.0,0.0,0.0,0.0,0.0,0.0
1788745271.8690586,0.0,0.0,0.0,0.0,0.0,0.0
1788745271.9191492,0.0,0.0,0.0,0.0,0.0,0.0
1788745271.96936,0.0,0.0,0.0,0.0,0.0,0.0
1788745272.0190377,0.0,0.0,0.0,0.0,0.0,0.0
1788745272.069201,0.0,0.0,0.0,0.0,0.0,0.0
1788745272.1190405,0.0,0.0,0.0,0.0,0.0,0.0
1788745272.169056,0.0,0.0,0.0,0.0,0.0,0.0
1788745272.2190068,0.0,0.0,0.0,0.0,0.0,0.0
1788745272.2692754,0.0,0.0,0.0,0.0,0.0,0.0
1788745272.319049,0.0,0.0,0.0,0.0,0.0,0.0
1788745272.3692253,0.0,0.0,0.0,0.0,0.0,0.0
1788745272.4189825,0.0,0.0,0.0,0.0,0.0,0.0
1788745272.4690478,0.0,0.0,0.0,0.0,0.0,0.0
1788745272.519295,0.0,0.0,0.0,0.0,0.0,0.0
1788745272.5691454,0.0,0.0,0.0,0.0,0.0,0.0
1788745272.6189616,0.0,0.0,0.0,0.0,0.0,0.0
1788745272.669184,0.0,0.0,0.0,0.0,0.0,0.0
1788745272.7192101,0.0,0.0,0.0,0.0,0.0,0.0
1788745272.7690363,0.0,0.0,0.0,0.0,0.0,0.0
1788745272.8192492,0.0,0.0,0.0,0.0,0.0,0.0
1788745272.8692343,0.0,0.0,0.0,0.0,0.0,0.0
1788745272.9190638,0.0,0.0,0.0,0.0,0.0,0.0
1788745272.9691415,0.0,0.0,0.0,0.0,0.0,0.0
1788745273.0191758,0.0,0.0,0.0,0.0,0.0,0.0
1788745273.0693433,0.0,0.0,0.0,0.0,0.0,0.0
1788745273.1192653,0.0,0.0,0.0,0.0,0.0,0.0
1788745273.1692088,0.0,0.0,0.0,0.0,0.0,0.0
1788745273.2189183,0.0,0.0,0.0,0.0,0.0,0.0
1788745273.2688644,0.0,0.0,0.0,0.0,0.0,0.0
1788745273.318953,0.0,0.0,0.0,0.0,0.0,0.0
1788745273.3691342,0.0,0.0,0.0,0.0,0.0,0.0
1788745273.4189816,0.0,0.0,0.0,0.0,0.0,0.0
1788745273.468883,0.0,0.0,0.0,0.0,0.0,0.0
1788745273.5190594,0.0,0.0,0.0,0.0,0.0,0.0
1788745273.5694067,0.0,0.0,0.0,0.0,0.0,0.0
1788745273.6190844,0.0,0.0,0.0,0.0,0.0,0.0
1788745273.6691365,0.0,0.0,0.0,0.0,0.0,0.0
1788745273.7190502,0.0,0.0,0.0,0.0,0.0,0.0
1788745273.7691324,0.0,0.0,0.0,0.0,0.0,0.0
1788745273.8192973,0.0,0.0,0.0,0.0,0.0,0.0
1788745273.869191,0.0,0.0,0.0,0.0,0.0,0.0
1788745273.9188159,0.0,0.0,0.0,0.0,0.0,0.0
1788745273.96922,0.0,0.0,0.0,0.0,0.0,0.0
1788745274.0189104,0.0,0.0,0.0,0.0,0.0,0.0
1788745274.069069,0.0,0.0,0.0,0.0,0.0,0.0
1788745274.1190016,0.0,0.0,0.0,0.0,0.0,0.0
1788745274.1692743,0.0,0.0,0.0,0.0,0.0,0.0
1788745274.2192686,0.0,0.0,0.0,0.0,0.0,0.0
1788745274.2691429,0.0,0.0,0.0,0.0,0.0,0.0
1788745274.3192606,0.0,0.0,0.0,0.0,0.0,0.0
1788745274.3692334,0.0,0.0,0.0,0.0,0.0,0.0
1788745274.4189725,0.0,0.0,0.0,0.0,0.0,0.0
1788745274.4691007,0.0,0.0,0.0,0.0,0.0,0.0
1788745274.5192246,0.0,0.0,0.0,0.0,0.0,0.0
1788745274.568991,0.0,0.0,0.0,0.0,0.0,0.0
1788745274.6189952,0.0,0.0,0.0,0.0,0.0,0.0
1788745274.6690059,0.0,0.0,0.0,0.0,0.0,0.0
1788745274.7189999,0.0,0.0,0.0,0.0,0.0,0.0
1788745274.7692401,0.0,0.0,0.0,0.0,0.0,0.0
1788745274.8189623,0.0,0.0,0.0,0.0,0.0,0.0
1788745274.8691614,0.0,0.0,0.0,0.0,0.0,0.0
1788745274.9188848,0.0,0.0,0.0,0.0,0.0,0.0
1788745274.9692135,0.0,0.0,0.0,0.0,0.0,0.0
1788745275.0190291,0.0,0.0,0.0,0.0,0.0,0.0
1788745275.0692832,0.0,0.0,0.0,0.0,0.0,0.0
1788745275.1192036,0.0,0.0,0.0,0.0,0.0,0.0
1788745275.1692073,0.0,0.0,0.0,0.0,0.0,0.0
1788745275.2190204,0.0,0.0,0.0,0.0,0.0,0.0
1788745275.2691436,0.0,0.0,0.0,0.0,0.0,0.0
1788745275.319091,0.0,0.0,0.0,0.0,0.0,0.0
1788745275.3691716,0.0,0.0,0.0,0.0,0.0,0.0
1788745275.418911,0.0,0.0,0.0,0.0,0.0,0.0
1788745275.4688282,0.0,0.0,0.0,0.0,0.0,0.0
1788745275.519113,0.0,0.0,0.0,0.0,0.0,0.0
1788745275.56892,0.0,0.0,0.0,0.0,0.0,0.0
1788745275.6190534,0.0,0.0,0.0,0.0,0.0,0.0
1788745275.6692169,0.0,0.0,0.0,0.0,0.0,0.0
1788745275.7189221,0.0,0.0,0.0,0.0,0.0,0.0
1788745275.7688954,0.0,0.0,0.0,0.0,0.0,0.0
1788745275.8191006,0.0,0.0,0.0,0.0,0.0,0.0
1788745275.8691504,0.0,0.0,0.0,0.0,0.0,0.0
1788745275.9189692,0.0,0.0,0.0,0.0,0.0,0.0
1788745275.969052,0.0,0.0,0.0,0.0,0.0,0.0
1788745276.0190794,0.0,0.0,0.0,0.0,0.0,0.0
1788745276.0692148,0.0,0.0,0.0,0.0,0.0,0.0
1788745276.1189523,0.0,0.0,0.0,0.0,0.0,0.0
1788745276.169264,0.0,0.0,0.0,0.0,0.0,0.0
1788745276.2189553,0.0,0.0,0.0,0.0,0.0,0.0
1788745276.269408,0.0,0.0,0.0,0.0,0.0,0.0
1788745276.319175,0.0,0.0,0.0,0.0,0.0,0.0
1788745276.3690064,0.0,0.0,0.0,0.0,0.0,0.0
1788745276.4190392,0.0,0.0,0.0,0.0,0.0,0.0
1788745276.4692109,0.0,0.0,0.0,0.0,0.0,0.0
1788745276.5191357,0.0,0.0,0.0,0.0,0.0,0.0
1788745276.5691752,0.0,0.0,0.0,0.0,0.0,0.0
1788745276.618982,0.0,0.0,0.0,0.0,0.0,0.0
1788745276.6690412,0.0,0.0,0.0,0.0,0.0,0.0
1788745276.7191324,0.0,0.0,0.0,0.0,0.0,0.0
1788745276.7692516,0.0,0.0,0.0,0.0,0.0,0.0
1788745276.8190055,0.0,0.0,0.0,0.0,0.0,0.0
1788745276.869087,0.0,0.0,0.0,0.0,0.0,0.0
1788745276.9191806,0.0,0.0,0.0,0.0,0.0,0.0
1788745276.9688458,0.0,0.0,0.0,0.0,0.0,0.0
1788745277.0189428,0.0,0.0,0.0,0.0,0.0,0.0
1788745277.0691962,0.0,0.0,0.0,0.0,0.0,0.0
1788745277.119118,0.0,0.0,0.0,0.0,0.0,0.0
1788745277.1692092,0.0,0.0,0.0,0.0,0.0,0.0
1788745277.2190967,0.0,0.0,0.0,0.0,0.0,0.0
1788745277.2692196,0.0,0.0,0.0,0.0,0.0,0.0
1788745277.3191025,0.0,0.0,0.0,0.0,0.0,0.0
1788745277.3691535,0.0,0.0,0.0,0.0,0.0,0.0
1788745277.4188833,0.0,0.0,0.0,0.0,0.0,0.0
1788745277.4691722,0.0,0.0,0.0,0.0,0.0,0.0
1788745277.5189972,0.0,0.0,0.0,0.0,0.0,0.0
1788745277.5691097,0.0,0.0,0.0,0.0,0.0,0.0
1788745277.6190443,0.0,0.0,0.0,0.0,0.0,0.0
1788745277.6692576,0.0,0.0,0.0,0.0,0.0,0.0
1788745277.7190096,0.0,0.0,0.0,0.0,0.0,0.0
1788745277.7693086,0.0,0.0,0.0,0.0,0.0,0.0
1788745277.8187854,0.0,0.0,0.0,0.0,0.0,0.0
1788745277.8692865,0.0,0.0,0.0,0.0,0.0,0.0
1788745277.9192264,0.0,0.0,0.0,0.0,0.0,0.0
1788745277.9690816,0.0,0.0,0.0,0.0,0.0,0.0
1788745278.0190768,0.0,0.0,0.0,0.0,0.0,0.0
1788745278.0690458,0.0,0.0,0.0,0.0,0.0,0.0
1788745278.118886,0.0,0.0,0.0,0.0,0.0,0.0
1788745278.1690378,0.0,0.0,0.0,0.0,0.0,0.0
1788745278.2193117,0.0,0.0,0.0,0.0,0.0,0.0
1788745278.2690547,0.0,0.0,0.0,0.0,0.0,0.0
1788745278.319409,0.0,0.0,0.0,0.0,0.0,0.0
1788745278.369142,0.0,0.0,0.0,0.0,0.0,0.0
1788745278.418981,0.0,0.0,0.0,0.0,0.0,0.0
1788745278.4691653,0.0,0.0,0.0,0.0,0.0,0.0
1788745278.5190957,0.0,0.0,0.0,0.0,0.0,0.0
1788745278.5691826,0.0,0.0,0.0,0.0,0.0,0.0
1788745278.6192708,0.0,0.0,0.0,0.0,0.0,0.0
1788745278.6691809,0.0,0.0,0.0,0.0,0.0,0.0
1788745278.718822,0.0,0.0,0.0,0.0,0.0,0.0
1788745278.76904,0.0,0.0,0.0,0.0,0.0,0.0
1788745278.8191292,0.0,0.0,0.0,0.0,0.0,0.0
1788745278.8690972,0.0,0.0,0.0,0.0,0.0,0.0
1788745278.9189706,0.0,0.0,0.0,0.0,0.0,0.0
1788745278.9692607,0.0,0.0,0.0,0.0,0.0,0.0
1788745279.0190408,0.0,0.0,0.0,0.0,0.0,0.0
1788745279.069114,0.0,0.0,0.0,0.0,0.0,0.0
1788745279.1190436,0.0,0.0,0.0,0.0,0.0,0.0
1788745279.1692114,0.0,0.0,0.0,0.0,0.0,0.0
1788745279.2193022,0.0,0.0,0.0,0.0,0.0,0.0
1788745279.2692316,0.0,0.0,0.0,0.0,0.0,0.0
1788745279.3190234,0.0,0.0,0.0,0.0,0.0,0.0
1788745279.3691542,0.0,0.0,0.0,0.0,0.0,0.0
1788745279.4189556,0.0,0.0,0.0,0.0,0.0,0.0
1788745279.4690614,0.0,0.0,0.0,0.0,0.0,0.0
1788745279.518904,0.0,0.0,0.0,0.0,0.0,0.0
1788745279.5690649,0.0,0.0,0.0,0.0,0.0,0.0
1788745279.6189,0.0,0.0,0.0,0.0,0.0,0.0
1788745279.669115,0.0,0.0,0.0,0.0,0.0,0.0
1788745279.7191162,0.0,0.0,0.0,0.0,0.0,0.0
1788745279.769011,0.0,0.0,0.0,0.0,0.0,0.0
1788745279.8189814,0.0,0.0,0.0,0.0,0.0,0.0
1788745279.8691278,0.0,0.0,0.0,0.0,0.0,0.0
1788745279.9188917,0.0,0.0,0.0,0.0,0.0,0.0
1788745279.968981,0.0,0.0,0.0,0.0,0.0,0.0
1788745280.019059,0.0,0.0,0.0,0.0,0.0,0.0
1788745280.0691924,0.0,0.0,0.0,0.0,0.0,0.0
1788745280.1190984,0.0,0.0,0.0,0.0,0.0,0.0
1788745280.169086,0.0,0.0,0.0,0.0,0.0,0.0
1788745280.2191522,0.0,0.0,0.0,0.0,0.0,0.0
1788745280.2690299,0.0,0.0,0.0,0.0,0.0,0.0
1788745280.3189054,0.0,0.0,0.0,0.0,0.0,0.0
1788745280.3690999,0.0,0.0,0.0,0.0,0.0,0.0
1788745280.4192126,0.0,0.0,0.0,0.0,0.0,0.0
1788745280.4691696,0.0,0.0,0.0,0.0,0.0,0.0
1788745280.5190036,0.0,0.0,0.0,0.0,0.0,0.0
1788745280.5690234,0.0,0.0,0.0,0.0,0.0,0.0
1788745280.619096,0.0,0.0,0.0,0.0,0.0,0.0
1788745280.669045,0.0,0.0,0.0,0.0,0.0,0.0
1788745280.7203596,0.0,0.0,0.0,0.0,0.0,0.0
1788745280.7694736,0.0,0.0,0.0,0.0,0.0,0.0
1788745280.8189886,0.0,0.0,0.0,0.0,0.0,0.0
1788745280.8691297,0.0,0.0,0.0,0.0,0.0,0.0
1788745280.9191208,0.0,0.0,0.0,0.0,0.0,0.0
1788745280.9689677,0.0,0.0,0.0,0.0,0.0,0.0
1788745281.0191295,0.0,0.0,0.0,0.0,0.0,0.0
1788745281.0690389,0.0,0.0,0.0,0.0,0.0,0.0
1788745281.1191692,0.0,0.0,0.0,0.0,0.0,0.0
1788745281.1692798,0.0,0.0,0.0,0.0,0.0,0.0
1788745281.2190633,0.0,0.0,0.0,0.0,0.0,0.0
1788745281.2691011,0.0,0.0,0.0,0.0,0.0,0.0
1788745281.319213,0.0,0.0,0.0,0.0,0.0,0.0
1788745281.369226,0.0,0.0,0.0,0.0,0.0,0.0
1788745281.4190912,0.0,0.0,0.0,0.0,0.0,0.0
1788745281.4690425,0.0,0.0,0.0,0.0,0.0,0.0
1788745281.519129,0.0,0.0,0.0,0.0,0.0,0.0
1788745281.5689583,0.0,0.0,0.0,0.0,0.0,0.0
1788745281.6190596,0.0,0.0,0.0,0.0,0.0,0.0
1788745281.6690512,0.0,0.0,0.0,0.0,0.0,0.0
1788745281.7191105,0.0,0.0,0.0,0.0,0.0,0.0
1788745281.768956,0.0,0.0,0.0,0.0,0.0,0.0
1788745281.8189123,0.0,0.0,0.0,0.0,0.0,0.0
1788745281.8691614,0.0,0.0,0.0,0.0,0.0,0.0
1788745281.9190078,0.0,0.0,0.0,0.0,0.0,0.0
1788745281.9688106,0.0,0.0,0.0,0.0,0.0,0.0
1788745282.0190828,0.0,0.0,0.0,0.0,0.0,0.0
1788745282.0690522,0.0,0.0,0.0,0.0,0.0,0.0
1788745282.1190374,0.0,0.0,0.0,0.0,0.0,0.0
1788745282.1692376,-0.025007009506225586,0.0,0.0,0.0,0.0,0.05001401901245117
1788745282.2188463,-0.048910245299339294,0.0,0.0,0.0,0.0,0.09421654790639877
1788745282.2690163,-0.07393191754817963,0.0,0.0,0.0,0.0,0.14425989240407944
1788745282.319094,-0.09132186323404312,0.0,0.0,0.0,0.0,0.1733691394329071
1788745282.3690183,-0.11631277948617935,0.0,0.0,0.0,0.0,0.22335097193717957
1788745282.4187834,-0.12217158824205399,0.0,0.0,0.0,0.0,0.24209249019622803
1788745282.4690185,-0.13721920549869537,0.0,0.0,0.0,0.0,0.28724053502082825
1788745282.5189505,-0.13721920549869537,0.0,0.0,0.0,0.0,0.28724053502082825
1788745282.5691085,-0.14482659101486206,0.0,0.0,0.0,0.0,0.3199472427368164
1788745282.618769,-0.1531737893819809,0.0,0.0,0.0,0.0,0.35790619254112244
1788745282.669298,-0.1531737893819809,0.0,0.0,0.0,0.0,0.35790619254112244
1788745282.7191443,-0.1531737893819809,0.0,0.0,0.0,0.0,0.35790619254112244
1788745282.7690246,-0.16381163895130157,0.0,0.0,0.0,0.0,0.4032460153102875
1788745282.8189921,-0.16381163895130157,0.0,0.0,0.0,0.0,0.4032460153102875
1788745282.869026,-0.16123804450035095,0.0,0.0,0.0,0.0,0.3878532946109772
1788745282.91866,-0.16279034316539764,0.0,0.0,0.0,0.0,0.3975643217563629
1788745282.9691112,-0.16279034316539764,0.0,0.0,0.0,0.0,0.3975643217563629
1788745283.018609,-0.16409805417060852,0.0,0.0,0.0,0.0,0.38966575264930725
1788745283.0690813,-0.16409805417060852,0.0,0.0,0.0,0.0,0.38966575264930725
1788745283.119454,-0.16639146208763123,0.0,0.0,0.0,0.0,0.3823361098766327
1788745283.169071,-0.16639146208763123,0.0,0.0,0.0,0.0,0.3823361098766327
1788745283.2186575,-0.16877931356430054,0.0,0.0,0.0,0.0,0.3801880478858948
1788745283.2690024,-0.16877931356430054,0.0,0.0,0.0,0.0,0.3801880478858948
1788745283.3189387,-0.16877931356430054,0.0,0.0,0.0,0.0,0.3801880478858948
1788745283.3691318,-0.17113609611988068,0.0,0.0,0.0,0.0,0.3811153173446655
1788745283.419061,-0.17113609611988068,0.0,0.0,0.0,0.0,0.3811153173446655
1788745283.4692373,-0.17539720237255096,0.0,0.0,0.0,0.0,0.411845326423645
1788745283.5190578,-0.17539720237255096,0.0,0.0,0.0,0.0,0.411845326423645
1788745283.5689685,-0.18304677307605743,0.0,0.0,0.0,0.0,0.46183764934539795
1788745283.6189215,-0.18304677307605743,0.0,0.0,0.0,0.0,0.4662533104419708
1788745283.6689174,-0.19190570712089539,0.0,0.0,0.0,0.0,0.5100930333137512
1788745283.7192807,-0.19190570712089539,0.0,0.0,0.0,0.0,0.5100930333137512
1788745283.7691436,-0.2005172073841095,0.0,0.0,0.0,0.0,0.5260623693466187
1788745283.8190484,-0.2005172073841095,0.0,0.0,0.0,0.0,0.5260623693466187
1788745283.8690152,-0.2084324061870575,0.0,0.0,0.0,0.0,0.5196588039398193
1788745283.9191656,-0.2084324061870575,0.0,0.0,0.0,0.0,0.5196588039398193
1788745283.9692376,-0.21565929055213928,0.0,0.0,0.0,0.0,0.5116176605224609
1788745284.0187032,-0.22163648903369904,0.0,0.0,0.0,0.0,0.5069147348403931
1788745284.0692558,-0.22163648903369904,0.0,0.0,0.0,0.0,0.5069147348403931
1788745284.1189287,-0.22163648903369904,0.0,0.0,0.0,0.0,0.5069147348403931
1788745284.1690285,-0.2260684221982956,0.0,0.0,0.0,0.0,0.4978712499141693
1788745284.2187831,-0.2260684221982956,0.0,0.0,0.0,0.0,0.4978712499141693
1788745284.2689953,-0.22932282090187073,0.0,0.0,0.0,0.0,0.47507423162460327
1788745284.3189268,-0.22932282090187073,0.0,0.0,0.0,0.0,0.47507423162460327
1788745284.369092,-0.2313978224992752,0.0,0.0,0.0,0.0,0.4456619322299957
1788745284.4189737,-0.2313978224992752,0.0,0.0,0.0,0.0,0.4456619322299957
1788745284.469003,-0.23360294103622437,0.0,0.0,0.0,0.0,0.3406852185726166
1788745284.5187097,-0.2344207465648651,0.0,0.0,0.0,0.0,0.28817299008369446
1788745284.568815,-0.2344207465648651,0.0,0.0,0.0,0.0,0.28817299008369446
1788745284.6185436,-0.23667782545089722,0.0,0.0,0.0,0.0,0.24934029579162598
1788745284.669004,-0.23667782545089722,0.0,0.0,0.0,0.0,0.24934029579162598
1788745284.7190428,-0.23667782545089722,0.0,0.0,0.0,0.0,0.24934029579162598
1788745284.7689726,-0.23819641768932343,0.0,0.0,0.0,0.0,0.23356585204601288
1788745284.8191168,-0.23819641768932343,0.0,0.0,0.0,0.0,0.23356585204601288
1788745284.8691525,-0.23929235339164734,0.0,0.0,0.0,0.0,0.2250581532716751
1788745284.9191155,-0.23929235339164734,0.0,0.0,0.0,0.0,0.2250581532716751
1788745284.9690478,-0.24317899346351624,0.0,0.0,0.0,0.0,0.22605732083320618
1788745285.0194316,-0.24317899346351624,0.0,0.0,0.0,0.0,0.22605732083320618
1788745285.0690045,-0.24939675629138947,0.0,0.0,0.0,0.0,0.23336941003799438
1788745285.1190832,-0.2591039538383484,0.0,0.0,0.0,0.0,0.25042295455932617
1788745285.1690156,-0.2591039538383484,0.0,0.0,0.0,0.0,0.25042295455932617
1788745285.218647,-0.2591039538383484,0.0,0.0,0.0,0.0,0.25042295455932617
1788745285.2691648,-0.2660357356071472,0.0,0.0,0.0,0.0,0.27242422103881836
1788745285.319166,-0.2660357356071472,0.0,0.0,0.0,0.0,0.27242422103881836
1788745285.3691678,-0.2658480405807495,0.0,0.0,0.0,0.0,0.2932645380496979
1788745285.4187512,-0.2658480405807495,0.0,0.0,0.0,0.0,0.2932645380496979
1788745285.4692419,-0.2568022310733795,0.0,0.0,0.0,0.0,0.30582359433174133
1788745285.5192442,-0.22887775301933289,0.0,0.0,0.0,0.0,0.30032792687416077
1788745285.5691895,-0.22887775301933289,0.0,0.0,0.0,0.0,0.30032792687416077
1788745285.6195698,-0.22887775301933289,0.0,0.0,0.0,0.0,0.30032792687416077
1788745285.6691058,-0.19025619328022003,0.0,0.0,0.0,0.0,0.27896738052368164
1788745285.7188518,-0.19025619328022003,0.0,0.0,0.0,0.0,0.27896738052368164
1788745285.7689564,-0.1554214209318161,0.0,0.0,0.0,0.0,0.26714983582496643
1788745285.8189306,-0.1554214209318161,0.0,0.0,0.0,0.0,0.26714983582496643
1788745285.869191,-0.12587590515613556,0.0,0.0,0.0,0.0,0.2584732174873352
1788745285.9190414,-0.12587590515613556,0.0,0.0,0.0,0.0,0.2584732174873352
1788745285.9691932,-0.09943901747465134,0.0,0.0,0.0,0.0,0.25047537684440613
1788745286.019108,-0.09943901747465134,0.0,0.0,0.0,0.0,0.25047537684440613
1788745286.0690835,-0.07468689978122711,0.0,0.0,0.0,0.0,0.23742133378982544
1788745286.1192927,-0.07468689978122711,0.0,0.0,0.0,0.0,0.23742133378982544
1788745286.1690352,-0.05018092319369316,0.0,0.0,0.0,0.0,0.21587605774402618
1788745286.2186942,-0.05018092319369316,0.0,0.0,0.0,0.0,0.21587605774402618
1788745286.2690725,-0.034219950437545776,0.0,0.0,0.0,0.0,0.19300487637519836
1788745286.3189464,-0.034219950437545776,0.0,0.0,0.0,0.0,0.19300487637519836
1788745286.369093,0.0,0.0,0.0,0.0,0.0,0.0432153046131134
1788745286.4191055,0.0,0.0,0.0,0.0,0.0,0.0
1788745286.4692843,0.0,0.0,0.0,0.0,0.0,0.0
1788745286.51895,0.0,0.0,0.0,0.0,0.0,0.0
1788745286.5690982,0.0,0.0,0.0,0.0,0.0,0.0
1788745286.6189017,0.0,0.0,0.0,0.0,0.0,0.0
1788745286.6688838,0.0,0.0,0.0,0.0,0.0,0.0
1788745286.7189226,0.0,0.0,0.0,0.0,0.0,0.0
1788745286.768999,0.0,0.0,0.0,0.0,0.0,0.0
1788745286.81876,0.0,0.0,0.0,0.0,0.0,0.0
1788745286.868735,0.0,0.0,0.0,0.0,0.0,0.0
1788745286.919023,0.0,0.0,0.0,0.0,0.0,0.0
1788745286.9690244,0.0,0.0,0.0,0.0,0.0,0.0
1788745287.0188508,0.0,0.0,0.0,0.0,0.0,0.0
1788745287.0687342,0.0,0.0,0.0,0.0,0.0,0.0
1788745287.1189935,0.0,0.0,0.0,0.0,0.0,0.0
1788745287.1690562,0.0,0.0,0.0,0.0,0.0,0.0
1788745287.2187927,0.0,0.0,0.0,0.0,0.0,0.0
1788745287.268987,0.0,0.0,0.0,0.0,0.0,0.0
1788745287.319055,0.0,0.0,0.0,0.0,0.0,0.0
1788745287.3690038,0.0,0.0,0.0,0.0,0.0,0.0
1788745287.4189956,0.0,0.0,0.0,0.0,0.0,0.0
1788745287.4690537,0.0,0.0,0.0,0.0,0.0,0.0
1788745287.5193548,0.0,0.0,0.0,0.0,0.0,0.0
1788745287.5690658,0.0,0.0,0.0,0.0,0.0,0.0
1788745287.6189778,0.0,0.0,0.0,0.0,0.0,0.0
1788745287.6689634,0.0,0.0,0.0,0.0,0.0,0.0
1788745287.7189195,0.0,0.0,0.0,0.0,0.0,0.0
1788745287.7688756,0.0,0.0,0.0,0.0,0.0,0.0
1788745287.8188446,0.0,0.0,0.0,0.0,0.0,0.0
1788745287.8688488,0.0,0.0,0.0,0.0,0.0,0.0
1788745287.918895,0.0,0.0,0.0,0.0,0.0,0.0
1788745287.9689224,0.0,0.0,0.0,0.0,0.0,0.0
1788745288.0190687,0.0,0.0,0.0,0.0,0.0,0.0
1788745288.0689785,0.0,0.0,0.0,0.0,0.0,0.0
1788745288.1188908,0.0,0.0,0.0,0.0,0.0,0.0
1788745288.1689065,0.0,0.0,0.0,0.0,0.0,0.0
1788745288.2189026,0.0,0.0,0.0,0.0,0.0,0.0
1788745288.2689264,0.0,0.0,0.0,0.0,0.0,0.0
1788745288.3190582,0.0,0.0,0.0,0.0,0.0,0.0
1788745288.368946,0.0,0.0,0.0,0.0,0.0,0.0
1788745288.4191012,0.0,0.0,0.0,0.0,0.0,0.0
1788745288.4691677,0.0,0.0,0.0,0.0,0.0,0.0
1788745288.5190628,0.0,0.0,0.0,0.0,0.0,0.0
1788745288.569165,0.0,0.0,0.0,0.0,0.0,0.0
1788745288.6193166,0.0,0.0,0.0,0.0,0.0,0.0
1788745288.6691556,0.0,0.0,0.0,0.0,0.0,0.0
1788745288.719223,0.0,0.0,0.0,0.0,0.0,0.0
1788745288.7690194,0.0,0.0,0.0,0.0,0.0,0.0
1788745288.819063,0.0,0.0,0.0,0.0,0.0,0.0
1788745288.8692691,0.0,0.0,0.0,0.0,0.0,0.0
1788745288.9192955,0.0,0.0,0.0,0.0,0.0,0.0
1788745288.9693496,0.0,0.0,0.0,0.0,0.0,0.0
1788745289.0189314,0.0,0.0,0.0,0.0,0.0,0.0
1788745289.06934,0.0,0.0,0.0,0.0,0.0,0.0
1788745289.1189115,0.0,0.0,0.0,0.0,0.0,0.0
1788745289.1693802,0.0,0.0,0.0,0.0,0.0,0.0
1788745289.2192934,0.0,0.0,0.0,0.0,0.0,0.0
1788745289.269323,0.0,0.0,0.0,0.0,0.0,0.0
1788745289.31915,0.0,0.0,0.0,0.0,0.0,0.0
1788745289.369149,0.0,0.0,0.0,0.0,0.0,0.0
1788745289.419212,0.0,0.0,0.0,0.0,0.0,0.0
1788745289.4692135,0.0,0.0,0.0,0.0,0.0,0.0
1788745289.5190206,0.0,0.0,0.0,0.0,0.0,0.0
1788745289.569011,0.0,0.0,0.0,0.0,0.0,0.0
1788745289.6188722,0.0,0.0,0.0,0.0,0.0,0.0
1788745289.6691415,0.0,0.0,0.0,0.0,0.0,0.0
1788745289.7187626,0.0,0.0,0.0,0.0,0.0,0.0
1788745289.7692206,0.0,0.0,0.0,0.0,0.0,0.0
1788745289.8189614,0.0,0.0,0.0,0.0,0.0,0.0
1788745289.8692825,0.0,0.0,0.0,0.0,0.0,0.0
1788745289.9189885,0.0,0.0,0.0,0.0,0.0,0.0
1788745289.969275,0.0,0.0,0.0,0.0,0.0,0.0
1788745290.0189197,0.0,0.0,0.0,0.0,0.0,0.0
1788745290.0692327,0.0,0.0,0.0,0.0,0.0,0.0
1788745290.118805,0.0,0.0,0.0,0.0,0.0,0.0
1788745290.168818,0.0,0.0,0.0,0.0,0.0,0.0
1788745290.219303,0.0,0.0,0.0,0.0,0.0,0.0
1788745290.269004,0.0,0.0,0.0,0.0,0.0,0.0
1788745290.3191762,0.0,0.0,0.0,0.0,0.0,0.0
1788745290.369082,0.0,0.0,0.0,0.0,0.0,0.0
1788745290.419287,0.0,0.0,0.0,0.0,0.0,0.0
1788745290.4687393,0.0,0.0,0.0,0.0,0.0,0.0
1788745290.518898,0.0,0.0,0.0,0.0,0.0,0.0
1788745290.569347,0.0,0.0,0.0,0.0,0.0,0.0
1788745290.6187613,0.0,0.0,0.0,0.0,0.0,0.0
1788745290.6689308,0.0,0.0,0.0,0.0,0.0,0.0
1788745290.7190716,0.0,0.0,0.0,0.0,0.0,0.0
1788745290.7692764,0.0,0.0,0.0,0.0,0.0,0.0
1788745290.8189938,0.0,0.0,0.0,0.0,0.0,0.0
1788745290.8690512,0.0,0.0,0.0,0.0,0.0,0.0
1788745290.9190695,0.0,0.0,0.0,0.0,0.0,0.0
1788745290.9691818,0.0,0.0,0.0,0.0,0.0,0.0
1788745291.0190976,0.0,0.0,0.0,0.0,0.0,0.0
1788745291.069157,0.0,0.0,0.0,0.0,0.0,0.0
1788745291.1189954,0.0,0.0,0.0,0.0,0.0,0.0
1788745291.1691725,0.0,0.0,0.0,0.0,0.0,0.0
1788745291.2188072,0.0,0.0,0.0,0.0,0.0,0.0
1788745291.268987,0.0,0.0,0.0,0.0,0.0,0.0
1788745291.3191032,0.0,0.0,0.0,0.0,0.0,0.0
1788745291.3692772,0.0,0.0,0.0,0.0,0.0,0.0
1788745291.4190986,0.0,0.0,0.0,0.0,0.0,0.0
1788745291.4689865,0.0,0.0,0.0,0.0,0.0,0.0
1788745291.518929,0.0,0.0,0.0,0.0,0.0,0.0
1788745291.5692267,0.0,0.0,0.0,0.0,0.0,0.0
1788745291.6191022,0.0,0.0,0.0,0.0,0.0,0.0
1788745291.669233,0.0,0.0,0.0,0.0,0.0,0.0
1788745291.7192204,0.0,0.0,0.0,0.0,0.0,0.0
1788745291.7693012,0.0,0.0,0.0,0.0,0.0,0.0
1788745291.8188992,0.0,0.0,0.0,0.0,0.0,0.0
1788745291.869157,0.0,0.0,0.0,0.0,0.0,0.0
1788745291.9190335,0.0,0.0,0.0,0.0,0.0,0.0
1788745291.969147,0.0,0.0,0.0,0.0,0.0,0.0
1788745292.0189834,0.0,0.0,0.0,0.0,0.0,0.0
1788745292.0691895,0.0,0.0,0.0,0.0,0.0,0.0
1788745292.1190207,0.0,0.0,0.0,0.0,0.0,0.0
1788745292.168873,0.0,0.0,0.0,0.0,0.0,0.0
1788745292.2189171,0.0,0.0,0.0,0.0,0.0,0.0
1788745292.26893,0.0,0.0,0.0,0.0,0.0,0.0
1788745292.3189173,0.0,0.0,0.0,0.0,0.0,0.0
1788745292.3688786,0.0,0.0,0.0,0.0,0.0,0.0
1788745292.4188359,0.0,0.0,0.0,0.0,0.0,0.0
1788745292.4691074,0.0,0.0,0.0,0.0,0.0,0.0
1788745292.5190063,0.0,0.0,0.0,0.0,0.0,0.0
1788745292.5690265,0.0,0.0,0.0,0.0,0.0,0.0
1788745292.6190274,0.0,0.0,0.0,0.0,0.0,0.0
1788745292.6690586,0.0,0.0,0.0,0.0,0.0,0.0
1788745292.7188418,0.0,0.0,0.0,0.0,0.0,0.0
1788745292.7691605,0.0,0.0,0.0,0.0,0.0,0.0
1788745292.8189206,0.0,0.0,0.0,0.0,0.0,0.0
1788745292.8688426,0.0,0.0,0.0,0.0,0.0,0.0
1788745292.918786,0.0,0.0,0.0,0.0,0.0,0.0
1788745292.969012,0.0,0.0,0.0,0.0,0.0,0.0
1788745293.018985,0.0,0.0,0.0,0.0,0.0,0.0
1788745293.069269,0.0,0.0,0.0,0.0,0.0,0.0
1788745293.119129,0.0,0.0,0.0,0.0,0.0,0.0
1788745293.1688771,0.0,0.0,0.0,0.0,0.0,0.0
1788745293.218933,0.0,0.0,0.0,0.0,0.0,0.0
1788745293.2693017,0.0,0.0,0.0,0.0,0.0,0.0
1788745293.3188834,0.0,0.0,0.0,0.0,0.0,0.0
1788745293.3692489,0.0,0.0,0.0,0.0,0.0,0.0
1788745293.4192088,0.0,0.0,0.0,0.0,0.0,0.0
1788745293.4692767,0.0,0.0,0.0,0.0,0.0,0.0
1788745293.5191636,0.0,0.0,0.0,0.0,0.0,0.0
1788745293.5691838,0.0,0.0,0.0,0.0,0.0,0.0
1788745293.6189082,0.0,0.0,0.0,0.0,0.0,0.0
1788745293.6691825,0.0,0.0,0.0,0.0,0.0,0.0
1788745293.7190049,0.0,0.0,0.0,0.0,0.0,0.0
1788745293.7691646,0.0,0.0,0.0,0.0,0.0,0.0
1788745293.8191168,0.0,0.0,0.0,0.0,0.0,0.0
1788745293.8691335,0.0,0.0,0.0,0.0,0.0,0.0
1788745293.9188786,0.0,0.0,0.0,0.0,0.0,0.0
1788745293.9693043,0.0,0.0,0.0,0.0,0.0,0.0
1788745294.019334,0.0,0.0,0.0,0.0,0.0,0.0
1788745294.0693278,0.0,0.0,0.0,0.0,0.0,0.0
1788745294.1189263,0.0,0.0,0.0,0.0,0.0,0.0
1788745294.1691663,0.0,0.0,0.0,0.0,0.0,0.0
1788745294.2191942,0.0,0.0,0.0,0.0,0.0,0.0
1788745294.269344,0.0,0.0,0.0,0.0,0.0,0.0
1788745294.319141,0.0,0.0,0.0,0.0,0.0,0.0
1788745294.3691263,0.0,0.0,0.0,0.0,0.0,0.0
1788745294.4191017,0.0,0.0,0.0,0.0,0.0,0.0
1788745294.4689946,0.0,0.0,0.0,0.0,0.0,0.0
1788745294.5191581,0.0,0.0,0.0,0.0,0.0,0.0
1788745294.5689907,0.0,0.0,0.0,0.0,0.0,0.0
1788745294.61918,0.0,0.0,0.0,0.0,0.0,0.0
1788745294.6693907,0.0,0.0,0.0,0.0,0.0,0.0
1788745294.7191257,0.0,0.0,0.0,0.0,0.0,0.0
1788745294.7691069,0.0,0.0,0.0,0.0,0.0,0.0
1788745294.8191257,0.0,0.0,0.0,0.0,0.0,0.0
1788745294.869198,0.0,0.0,0.0,0.0,0.0,0.0
1788745294.9189134,0.0,0.0,0.0,0.0,0.0,0.0
1788745294.9690723,0.0,0.0,0.0,0.0,0.0,0.0
1788745295.0190165,0.0,0.0,0.0,0.0,0.0,0.0
1788745295.0689502,0.0,0.0,0.0,0.0,0.0,0.0
1788745295.1189163,0.0,0.0,0.0,0.0,0.0,0.0
1788745295.1688662,0.0,0.0,0.0,0.0,0.0,0.0
1788745295.2192452,0.0,0.0,0.0,0.0,0.0,0.0
1788745295.2693152,0.0,0.0,0.0,0.0,0.0,0.0
1788745295.31932,0.0,0.0,0.0,0.0,0.0,0.0
1788745295.3691726,0.0,0.0,0.0,0.0,0.0,0.0
1788745295.4191754,0.0,0.0,0.0,0.0,0.0,0.0
1788745295.469324,0.0,0.0,0.0,0.0,0.0,0.0
1788745295.5191567,0.0,0.0,0.0,0.0,0.0,0.0
1788745295.5694911,0.0,0.0,0.0,0.0,0.0,0.0
1788745295.6190517,0.0,0.0,0.0,0.0,0.0,0.0
1788745295.6690228,0.0,0.0,0.0,0.0,0.0,0.0
1788745295.7191076,0.0,0.0,0.0,0.0,0.0,0.0
1788745295.769409,0.0,0.0,0.0,0.0,0.0,0.0
1788745295.8191683,0.0,0.0,0.0,0.0,0.0,0.0
1788745295.8693032,0.0,0.0,0.0,0.0,0.0,0.0
1788745295.919211,0.0,0.0,0.0,0.0,0.0,0.0
1788745295.9693122,0.0,0.0,0.0,0.0,0.0,0.0
1788745296.0188308,0.0,0.0,0.0,0.0,0.0,0.0
1788745296.069349,0.0,0.0,0.0,0.0,0.0,0.0
1788745296.1192226,0.0,0.0,0.0,0.0,0.0,0.0
1788745296.169204,0.0,0.0,0.0,0.0,0.0,0.0
1788745296.2190876,0.0,0.0,0.0,0.0,0.0,0.0
1788745296.2692692,0.0,0.0,0.0,0.0,0.0,0.0
1788745296.3187807,0.0,0.0,0.0,0.0,0.0,0.0
1788745296.3690464,0.0,0.0,0.0,0.0,0.0,0.0
1788745296.4192145,0.0,0.0,0.0,0.0,0.0,0.0
1788745296.4692404,0.0,0.0,0.0,0.0,0.0,0.0
1788745296.5192254,0.0,0.0,0.0,0.0,0.0,0.0
1788745296.5693858,0.0,0.0,0.0,0.0,0.0,0.0
1788745296.6192076,0.0,0.0,0.0,0.0,0.0,0.0
1788745296.6691372,0.0,0.0,0.0,0.0,0.0,0.0
1788745296.719255,0.0,0.0,0.0,0.0,0.0,0.0
1788745296.769197,0.0,0.0,0.0,0.0,0.0,0.0
1788745296.8191974,0.0,0.0,0.0,0.0,0.0,0.0
1788745296.868813,0.0,0.0,0.0,0.0,0.0,0.0
1788745296.9189668,0.0,0.0,0.0,0.0,0.0,0.0
1788745296.9693198,0.0,0.0,0.0,0.0,0.0,0.0
1788745297.0188327,0.0,0.0,0.0,0.0,0.0,0.0
1788745297.0691516,0.0,0.0,0.0,0.0,0.0,0.0
1788745297.1191046,0.0,0.0,0.0,0.0,0.0,0.0
1788745297.1693203,0.0,0.0,0.0,0.0,0.0,0.0
1788745297.2193327,0.0,0.0,0.0,0.0,0.0,0.0
1788745297.2693026,0.0,0.0,0.0,0.0,0.0,0.0
1788745297.3191063,0.0,0.0,0.0,0.0,0.0,0.0
1788745297.369069,0.0,0.0,0.0,0.0,0.0,0.0
1788745297.4192238,0.0,0.0,0.0,0.0,0.0,0.0
1788745297.469222,0.0,0.0,0.0,0.0,0.0,0.0
1788745297.519141,0.0,0.0,0.0,0.0,0.0,0.0
1788745297.5690722,0.0,0.0,0.0,0.0,0.0,0.0
1788745297.619418,0.0,0.0,0.0,0.0,0.0,0.0
1788745297.669221,0.0,0.0,0.0,0.0,0.0,0.0
1788745297.7193093,0.0,0.0,0.0,0.0,0.0,0.0
1788745297.7691183,0.0,0.0,0.0,0.0,0.0,0.0
1788745297.8188388,0.0,0.0,0.0,0.0,0.0,0.0
1788745297.869376,0.0,0.0,0.0,0.0,0.0,0.0
1788745297.919464,0.0,0.0,0.0,0.0,0.0,0.0
1788745297.9694448,0.0,0.0,0.0,0.0,0.0,0.0
1788745298.0193868,0.0,0.0,0.0,0.0,0.0,0.0
1788745298.0694363,0.0,0.0,0.0,0.0,0.0,0.0
1788745298.1191225,0.0,0.0,0.0,0.0,0.0,0.0
1788745298.1690526,0.0,0.0,0.0,0.0,0.0,0.0
1788745298.21929,0.0,0.0,0.0,0.0,0.0,0.0
1788745298.2692766,0.0,0.0,0.0,0.0,0.0,0.0
1788745298.318917,0.0,0.0,0.0,0.0,0.0,0.0
1788745298.3691623,0.0,0.0,0.0,0.0,0.0,0.0
1788745298.419065,0.0,0.0,0.0,0.0,0.0,0.0
1788745298.468995,0.0,0.0,0.0,0.0,0.0,0.0
1788745298.5192118,0.0,0.0,0.0,0.0,0.0,0.0
1788745298.5691233,0.0,0.0,0.0,0.0,0.0,0.0
1788745298.6191561,0.0,0.0,0.0,0.0,0.0,0.0
1788745298.6691833,0.0,0.0,0.0,0.0,0.0,0.0
1788745298.7193584,0.0,0.0,0.0,0.0,0.0,0.0
1788745298.7692888,0.0,0.0,0.0,0.0,0.0,0.0
1788745298.8192153,0.0,0.0,0.0,0.0,0.0,0.0
1788745298.8690393,0.0,0.0,0.0,0.0,0.0,0.0
1788745298.919171,0.0,0.0,0.0,0.0,0.0,0.0
1788745298.9691372,0.0,0.0,0.0,0.0,0.0,0.0
1788745299.018928,0.0,0.0,0.0,0.0,0.0,0.0
1788745299.0688798,0.0,0.0,0.0,0.0,0.0,0.0
1788745299.1190019,0.0,0.0,0.0,0.0,0.0,0.0
1788745299.1691325,0.0,0.0,0.0,0.0,0.0,0.0
1788745299.2189758,0.0,0.0,0.0,0.0,0.0,0.0
1788745299.2691846,0.0,0.0,0.0,0.0,0.0,0.0
1788745299.3190994,0.0,0.0,0.0,0.0,0.0,0.0
1788745299.369131,0.0,0.0,0.0,0.0,0.0,0.0
1788745299.4189942,0.0,0.0,0.0,0.0,0.0,0.0
1788745299.4691365,0.0,0.0,0.0,0.0,0.0,0.0
1788745299.5191593,0.0,0.0,0.0,0.0,0.0,0.0
1788745299.5692003,0.0,0.0,0.0,0.0,0.0,0.0
1788745299.6189108,0.0,0.0,0.0,0.0,0.0,0.0
1788745299.6692872,0.0,0.0,0.0,0.0,0.0,0.0
1788745299.7194517,0.0,0.0,0.0,0.0,0.0,0.0
1788745299.7691615,0.0,0.0,0.0,0.0,0.0,0.0
1788745299.8192225,0.0,0.0,0.0,0.0,0.0,0.0
1788745299.8690376,0.0,0.0,0.0,0.0,0.0,0.0
1788745299.919068,0.0,0.0,0.0,0.0,0.0,0.0
1788745299.9691215,0.0,0.0,0.0,0.0,0.0,0.0
1788745300.0190418,0.0,0.0,0.0,0.0,0.0,0.0
1788745300.0690737,0.0,0.0,0.0,0.0,0.0,0.0
1788745300.1190467,0.0,0.0,0.0,0.0,0.0,0.0
1788745300.169108,0.0,0.0,0.0,0.0,0.0,0.0
1788745300.2189069,0.0,0.0,0.0,0.0,0.0,0.0
1788745300.2690842,0.0,0.0,0.0,0.0,0.0,0.0
1788745300.3190227,0.0,0.0,0.0,0.0,0.0,0.0
1788745300.3692431,0.0,0.0,0.0,0.0,0.0,0.0
1788745300.4191117,0.0,0.0,0.0,0.0,0.0,0.0
1788745300.4689612,0.0,0.0,0.0,0.0,0.0,0.0
1788745300.518973,0.0,0.0,0.0,0.0,0.0,0.0
1788745300.569149,0.0,0.0,0.0,0.0,0.0,0.0
1788745300.6192613,0.0,0.0,0.0,0.0,0.0,0.0
1788745300.6693304,0.0,0.0,0.0,0.0,0.0,0.0
1788745300.7192757,0.0,0.0,0.0,0.0,0.0,0.0
1788745300.7694027,0.0,0.0,0.0,0.0,0.0,0.0
1788745300.8189096,0.0,0.0,0.0,0.0,0.0,0.0
1788745300.8691282,0.0,0.0,0.0,0.0,0.0,0.0
1788745300.918727,0.0,0.0,0.0,0.0,0.0,0.0
1788745300.9692202,0.0,0.0,0.0,0.0,0.0,0.0
1788745301.0189333,0.0,0.0,0.0,0.0,0.0,0.0
1788745301.069075,0.0,0.0,0.0,0.0,0.0,0.0
1788745301.1191726,0.0,0.0,0.0,0.0,0.0,0.0
1788745301.1690214,0.0,0.0,0.0,0.0,0.0,0.0
1788745301.2189066,0.0,0.0,0.0,0.0,0.0,0.0
1788745301.269166,0.0,0.0,0.0,0.0,0.0,0.0
1788745301.3191285,0.0,0.0,0.0,0.0,0.0,0.0
1788745301.3692896,0.0,0.0,0.0,0.0,0.0,0.0
1788745301.4190567,0.0,0.0,0.0,0.0,0.0,0.0
1788745301.469448,0.0,0.0,0.0,0.0,0.0,0.0
1788745301.519054,0.0,0.0,0.0,0.0,0.0,0.0
1788745301.5689623,0.0,0.0,0.0,0.0,0.0,0.0
1788745301.618935,0.0,0.0,0.0,0.0,0.0,0.0
1788745301.6689172,0.0,0.0,0.0,0.0,0.0,0.0
1788745301.7190711,0.0,0.0,0.0,0.0,0.0,0.0
1788745301.7694287,0.0,0.0,0.0,0.0,0.0,0.0
1788745301.8191106,0.0,0.0,0.0,0.0,0.0,0.0
1788745301.8693037,0.0,0.0,0.0,0.0,0.0,0.0
1788745301.919137,0.0,0.0,0.0,0.0,0.0,0.0
1788745301.9690626,0.0,0.0,0.0,0.0,0.0,0.0
1788745302.019057,0.0,0.0,0.0,0.0,0.0,0.0
1788745302.0690422,0.0,0.0,0.0,0.0,0.0,0.0
1788745302.1190538,0.0,0.0,0.0,0.0,0.0,0.0
1788745302.1691751,0.0,0.0,0.0,0.0,0.0,0.0
1788745302.2192392,0.0,0.0,0.0,0.0,0.0,0.0
1788745302.2690196,0.0,0.0,0.0,0.0,0.0,0.0
1788745302.3191383,0.0,0.0,0.0,0.0,0.0,0.0
1788745302.3692575,0.0,0.0,0.0,0.0,0.0,0.0
1788745302.4189746,0.0,0.0,0.0,0.0,0.0,0.0
1788745302.469077,0.0,0.0,0.0,0.0,0.0,0.0
1788745302.5189016,0.0,0.0,0.0,0.0,0.0,0.0
1788745302.5692067,0.0,0.0,0.0,0.0,0.0,0.0
1788745302.6189299,0.0,0.0,0.0,0.0,0.0,0.0
1788745302.6688392,0.0,0.0,0.0,0.0,0.0,0.0
1788745302.7190874,0.0,0.0,0.0,0.0,0.0,0.0
1788745302.7692385,0.0,0.0,0.0,0.0,0.0,0.0
1788745302.8188548,0.0,0.0,0.0,0.0,0.0,0.0
1788745302.8690898,0.0,0.0,0.0,0.0,0.0,0.0
1788745302.9190779,0.0,0.0,0.0,0.0,0.0,0.0
1788745302.9693296,0.0,0.0,0.0,0.0,0.0,0.0
1788745303.0190232,0.0,0.0,0.0,0.0,0.0,0.0
1788745303.0690567,0.0,0.0,0.0,0.0,0.0,0.0
1788745303.1187828,0.0,0.0,0.0,0.0,0.0,0.0
1788745303.1688888,0.0,0.0,0.0,0.0,0.0,0.0
1788745303.2188113,0.0,0.0,0.0,0.0,0.0,0.0
1788745303.2690985,0.0,0.0,0.0,0.0,0.0,0.0
1788745303.319247,0.0,0.0,0.0,0.0,0.0,0.0
1788745303.3691924,0.0,0.0,0.0,0.0,0.0,0.0
1788745303.4189744,0.0,0.0,0.0,0.0,0.0,0.0
1788745303.4691854,0.0,0.0,0.0,0.0,0.0,0.0
1788745303.519113,0.0,0.0,0.0,0.0,0.0,0.0
1788745303.5694025,0.0,0.0,0.0,0.0,0.0,0.0
1788745303.6191602,0.0,0.0,0.0,0.0,0.0,0.0
1788745303.6691613,0.0,0.0,0.0,0.0,0.0,0.0
1788745303.7188544,0.0,0.0,0.0,0.0,0.0,0.0
1788745303.7690325,0.0,0.0,0.0,0.0,0.0,0.0
1788745303.818963,0.0,0.0,0.0,0.0,0.0,0.0
1788745303.8691,0.0,0.0,0.0,0.0,0.0,0.0
1788745303.9189343,0.0,0.0,0.0,0.0,0.0,0.0
1788745303.9691477,0.0,0.0,0.0,0.0,0.0,0.0
1788745304.01925,0.0,0.0,0.0,0.0,0.0,0.0
1788745304.069364,0.0,0.0,0.0,0.0,0.0,0.0
1788745304.1190019,0.0,0.0,0.0,0.0,0.0,0.0
1788745304.1692793,0.0,0.0,0.0,0.0,0.0,0.0
1788745304.219154,0.0,0.0,0.0,0.0,0.0,0.0
1788745304.268982,0.0,0.0,0.0,0.0,0.0,0.0
1788745304.3190434,0.0,0.0,0.0,0.0,0.0,0.0
1788745304.3691242,0.0,0.0,0.0,0.0,0.0,0.0
1788745304.4189873,0.0,0.0,0.0,0.0,0.0,0.0
1788745304.4692175,0.0,0.0,0.0,0.0,0.0,0.0
1788745304.5191329,0.0,0.0,0.0,0.0,0.0,0.0
1788745304.5690763,0.0,0.0,0.0,0.0,0.0,0.0
1788745304.6188872,0.0,0.0,0.0,0.0,0.0,0.0
1788745304.669272,0.0,0.0,0.0,0.0,0.0,0.0
1788745304.7190573,0.0,0.0,0.0,0.0,0.0,0.0
1788745304.7691088,0.0,0.0,0.0,0.0,0.0,0.0
1788745304.819082,0.0,0.0,0.0,0.0,0.0,0.0
1788745304.869265,0.0,0.0,0.0,0.0,0.0,0.0
1788745304.9191365,0.0,0.0,0.0,0.0,0.0,0.0
1788745304.969222,0.0,0.0,0.0,0.0,0.0,0.0
1788745305.0193934,0.0,0.0,0.0,0.0,0.0,0.0
1788745305.0692043,0.0,0.0,0.0,0.0,0.0,0.0
1788745305.1192355,0.0,0.0,0.0,0.0,0.0,0.0
1788745305.1692936,0.0,0.0,0.0,0.0,0.0,0.0
1788745305.2189376,0.0,0.0,0.0,0.0,0.0,0.0
1788745305.2692142,0.0,0.0,0.0,0.0,0.0,0.0
1788745305.3190854,0.0,0.0,0.0,0.0,0.0,0.0
1788745305.3691187,0.0,0.0,0.0,0.0,0.0,0.0
1788745305.4188228,0.0,0.0,0.0,0.0,0.0,0.0
1788745305.4693122,0.0,0.0,0.0,0.0,0.0,0.0
1788745305.519022,0.0,0.0,0.0,0.0,0.0,0.0
1788745305.5694373,0.0,0.0,0.0,0.0,0.0,0.0
1788745305.6192386,0.0,0.0,0.0,0.0,0.0,0.0
1788745305.6692412,0.0,0.0,0.0,0.0,0.0,0.0
1788745305.7189913,0.0,0.0,0.0,0.0,0.0,0.0
1788745305.7693465,0.0,0.0,0.0,0.0,0.0,0.0
1788745305.818853,0.0,0.0,0.0,0.0,0.0,0.0
1788745305.8691146,0.0,0.0,0.0,0.0,0.0,0.0
1788745305.918828,0.0,0.0,0.0,0.0,0.0,0.0
1788745305.9688747,0.0,0.0,0.0,0.0,0.0,0.0
1788745306.0189302,0.0,0.0,0.0,0.0,0.0,0.0
1788745306.0688975,0.0,0.0,0.0,0.0,0.0,0.0
1788745306.119073,0.0,0.0,0.0,0.0,0.0,0.0
1788745306.169138,0.0,0.0,0.0,0.0,0.0,0.0
1788745306.2189422,0.0,0.0,0.0,0.0,0.0,0.0
1788745306.268865,0.0,0.0,0.0,0.0,0.0,0.0
1788745306.3188872,0.0,0.0,0.0,0.0,0.0,0.0
1788745306.3689234,0.0,0.0,0.0,0.0,0.0,0.0
1788745306.418978,0.0,0.0,0.0,0.0,0.0,0.0
1788745306.4689019,0.0,0.0,0.0,0.0,0.0,0.0
1788745306.5187607,0.0,0.0,0.0,0.0,0.0,0.0
1788745306.5689182,0.0,0.0,0.0,0.0,0.0,0.0
1788745306.618968,0.0,0.0,0.0,0.0,0.0,0.0
1788745306.6691113,0.0,0.0,0.0,0.0,0.0,0.0
1788745306.7190843,0.0,0.0,0.0,0.0,0.0,0.0
1788745306.7691793,0.0,0.0,0.0,0.0,0.0,0.0
1788745306.8192015,0.0,0.0,0.0,0.0,0.0,0.0
1788745306.8691585,0.0,0.0,0.0,0.0,0.0,0.0
1788745306.9190466,0.0,0.0,0.0,0.0,0.0,0.0
1788745306.9690368,0.0,0.0,0.0,0.0,0.0,0.0
1788745307.0193322,0.0,0.0,0.0,0.0,0.0,0.0
1788745307.0694919,0.0,0.0,0.0,0.0,0.0,0.0
1788745307.119225,0.0,0.0,0.0,0.0,0.0,0.0
1788745307.1689754,0.0,0.0,0.0,0.0,0.0,0.0
1788745307.2190583,0.0,0.0,0.0,0.0,0.0,0.0
1788745307.2691383,0.0,0.0,0.0,0.0,0.0,0.0
1788745307.319346,0.0,0.0,0.0,0.0,0.0,0.0
1788745307.3693223,0.0,0.0,0.0,0.0,0.0,0.0
1788745307.4191887,0.0,0.0,0.0,0.0,0.0,0.0
1788745307.4693692,0.0,0.0,0.0,0.0,0.0,0.0
1788745307.519067,0.0,0.0,0.0,0.0,0.0,0.0
1788745307.5689788,0.0,0.0,0.0,0.0,0.0,0.0
1788745307.6192799,0.0,0.0,0.0,0.0,0.0,0.0
1788745307.6692371,0.0,0.0,0.0,0.0,0.0,0.0
1788745307.7190442,0.0,0.0,0.0,0.0,0.0,0.0
1788745307.7692873,0.0,0.0,0.0,0.0,0.0,0.0
1788745307.8191113,0.0,0.0,0.0,0.0,0.0,0.0
1788745307.8691566,0.0,0.0,0.0,0.0,0.0,0.0
1788745307.919132,0.0,0.0,0.0,0.0,0.0,0.0
1788745307.968824,0.0,0.0,0.0,0.0,0.0,0.0
1788745308.018979,0.0,0.0,0.0,0.0,0.0,0.0
1788745308.0688145,0.0,0.0,0.0,0.0,0.0,0.0
1788745308.1191308,0.0,0.0,0.0,0.0,0.0,0.0
1788745308.168897,0.0,0.0,0.0,0.0,0.0,0.0
1788745308.2189338,0.0,0.0,0.0,0.0,0.0,0.0
1788745308.2690537,0.0,0.0,0.0,0.0,0.0,0.0
1788745308.319291,0.0,0.0,0.0,0.0,0.0,0.0
1788745308.369346,0.0,0.0,0.0,0.0,0.0,0.0
1788745308.4190257,0.0,0.0,0.0,0.0,0.0,0.0
1788745308.4692495,0.0,0.0,0.0,0.0,0.0,0.0
1788745308.5190358,0.0,0.0,0.0,0.0,0.0,0.0
1788745308.5693443,0.0,0.0,0.0,0.0,0.0,0.0
1788745308.6188638,0.0,0.0,0.0,0.0,0.0,0.0
1788745308.669253,0.0,0.0,0.0,0.0,0.0,0.0
1788745308.7190502,0.0,0.0,0.0,0.0,0.0,0.0
1788745308.7691233,0.0,0.0,0.0,0.0,0.0,0.0
1788745308.8189676,0.0,0.0,0.0,0.0,0.0,0.0
1788745308.869289,0.0,0.0,0.0,0.0,0.0,0.0
1788745308.9192119,0.0,0.0,0.0,0.0,0.0,0.0
1788745308.9693704,0.0,0.0,0.0,0.0,0.0,0.0
1788745309.0193396,0.0,0.0,0.0,0.0,0.0,0.0
1788745309.0692518,0.0,0.0,0.0,0.0,0.0,0.0
1788745309.1193633,0.0,0.0,0.0,0.0,0.0,0.0
1788745309.169311,0.0,0.0,0.0,0.0,0.0,0.0
1788745309.2190871,0.0,0.0,0.0,0.0,0.0,0.0
1788745309.2692792,0.0,0.0,0.0,0.0,0.0,0.0
1788745309.319381,0.0,0.0,0.0,0.0,0.0,0.0
1788745309.3695464,0.0,0.0,0.0,0.0,0.0,0.0
1788745309.4194186,0.0,0.0,0.0,0.0,0.0,0.0
1788745309.4690695,0.0,0.0,0.0,0.0,0.0,0.0
1788745309.519032,0.0,0.0,0.0,0.0,0.0,0.0
1788745309.569201,0.0,0.0,0.0,0.0,0.0,0.0
1788745309.6189885,0.0,0.0,0.0,0.0,0.0,0.0
1788745309.6691651,0.0,0.0,0.0,0.0,0.0,0.0
1788745309.718996,0.0,0.0,0.0,0.0,0.0,0.0
1788745309.7690578,0.0,0.0,0.0,0.0,0.0,0.0
1788745309.8189998,0.0,0.0,0.0,0.0,0.0,0.0
1788745309.8690631,0.0,0.0,0.0,0.0,0.0,0.0
1788745309.9193792,0.0,0.0,0.0,0.0,0.0,0.0
1788745309.9691865,0.0,0.0,0.0,0.0,0.0,0.0
1788745310.0193393,0.0,0.0,0.0,0.0,0.0,0.0
1788745310.0690203,0.0,0.0,0.0,0.0,0.0,0.0
1788745310.1191747,0.0,0.0,0.0,0.0,0.0,0.0
1788745310.1692965,0.0,0.0,0.0,0.0,0.0,0.0
1788745310.2191403,0.0,0.0,0.0,0.0,0.0,0.0
1788745310.2691524,0.0,0.0,0.0,0.0,0.0,0.0
1788745310.3192043,0.0,0.0,0.0,0.0,0.0,0.0
1788745310.3692756,0.0,0.0,0.0,0.0,0.0,0.0
1788745310.4191878,0.0,0.0,0.0,0.0,0.0,0.0
1788745310.4691715,0.0,0.0,0.0,0.0,0.0,0.0
1788745310.5190554,0.0,0.0,0.0,0.0,0.0,0.0
1788745310.569393,0.0,0.0,0.0,0.0,0.0,0.0
1788745310.6191876,0.0,0.0,0.0,0.0,0.0,0.0
1788745310.669291,0.0,0.0,0.0,0.0,0.0,0.0
1788745310.7190256,0.0,0.0,0.0,0.0,0.0,0.0
1788745310.7690718,0.0,0.0,0.0,0.0,0.0,0.0
1788745310.8190997,0.0,0.0,0.0,0.0,0.0,0.0
1788745310.8692145,0.0,0.0,0.0,0.0,0.0,0.0
1788745310.9191678,0.0,0.0,0.0,0.0,0.0,0.0
1788745310.9693108,0.0,0.0,0.0,0.0,0.0,0.0
1788745311.019125,0.0,0.0,0.0,0.0,0.0,0.0
1788745311.0693758,0.0,0.0,0.0,0.0,0.0,0.0
1788745311.1189713,0.0,0.0,0.0,0.0,0.0,0.0
1788745311.1692383,0.0,0.0,0.0,0.0,0.0,0.0
1788745311.2191262,0.0,0.0,0.0,0.0,0.0,0.0
1788745311.269365,0.0,0.0,0.0,0.0,0.0,0.0
1788745311.3190532,0.0,0.0,0.0,0.0,0.0,0.0
1788745311.368972,0.0,0.0,0.0,0.0,0.0,0.0
1788745311.4189332,0.0,0.0,0.0,0.0,0.0,0.0
1788745311.4692776,0.0,0.0,0.0,0.0,0.0,0.0
1788745311.5191576,0.0,0.0,0.0,0.0,0.0,0.0
1788745311.5690706,0.0,0.0,0.0,0.0,0.0,0.0
1788745311.6189342,0.0,0.0,0.0,0.0,0.0,0.0
1788745311.6690555,0.0,0.0,0.0,0.0,0.0,0.0
1788745311.7192857,0.0,0.0,0.0,0.0,0.0,0.0
1788745311.769167,0.0,0.0,0.0,0.0,0.0,0.0
1788745311.8193998,0.0,0.0,0.0,0.0,0.0,0.0
1788745311.8691902,0.0,0.0,0.0,0.0,0.0,0.0
1788745311.9190013,0.0,0.0,0.0,0.0,0.0,0.0
1788745311.969051,0.0,0.0,0.0,0.0,0.0,0.0
1788745312.0192318,0.0,0.0,0.0,0.0,0.0,0.0
1788745312.0691679,0.0,0.0,0.0,0.0,0.0,0.0
1788745312.1191833,0.0,0.0,0.0,0.0,0.0,0.0
1788745312.1691365,0.0,0.0,0.0,0.0,0.0,0.0
1788745312.2191823,0.0,0.0,0.0,0.0,0.0,0.0
1788745312.2691898,0.0,0.0,0.0,0.0,0.0,0.0
1788745312.3191187,0.0,0.0,0.0,0.0,0.0,0.0
1788745312.3692422,0.0,0.0,0.0,0.0,0.0,0.0
1788745312.418945,0.0,0.0,0.0,0.0,0.0,0.0
1788745312.4691668,0.0,0.0,0.0,0.0,0.0,0.0
1788745312.5191221,0.0,0.0,0.0,0.0,0.0,0.0
1788745312.5690382,0.0,0.0,0.0,0.0,0.0,0.0
1788745312.619003,0.0,0.0,0.0,0.0,0.0,0.0
1788745312.669156,0.0,0.0,0.0,0.0,0.0,0.0
1788745312.7190604,0.0,0.0,0.0,0.0,0.0,0.0
1788745312.7692142,0.0,0.0,0.0,0.0,0.0,0.0
1788745312.8190365,0.0,0.0,0.0,0.0,0.0,0.0
1788745312.8691397,0.0,0.0,0.0,0.0,0.0,0.0
1788745312.9190733,0.0,0.0,0.0,0.0,0.0,0.0
1788745312.9693022,0.0,0.0,0.0,0.0,0.0,0.0
1788745313.0190725,0.0,0.0,0.0,0.0,0.0,0.0
1788745313.0691807,0.0,0.0,0.0,0.0,0.0,0.0
1788745313.1192114,0.0,0.0,0.0,0.0,0.0,0.0
1788745313.1691947,0.0,0.0,0.0,0.0,0.0,0.0
1788745313.219223,0.0,0.0,0.0,0.0,0.0,0.0
1788745313.2692037,0.0,0.0,0.0,0.0,0.0,0.0
1788745313.319002,0.0,0.0,0.0,0.0,0.0,0.0
1788745313.369319,0.0,0.0,0.0,0.0,0.0,0.0
1788745313.4190233,0.0,0.0,0.0,0.0,0.0,0.0
1788745313.469292,0.0,0.0,0.0,0.0,0.0,0.0
1788745313.519256,0.0,0.0,0.0,0.0,0.0,0.0
1788745313.5691805,0.0,0.0,0.0,0.0,0.0,0.0
1788745313.6190193,0.0,0.0,0.0,0.0,0.0,0.0
1788745313.669121,0.0,0.0,0.0,0.0,0.0,0.0
1788745313.7188313,0.0,0.0,0.0,0.0,0.0,0.0
1788745313.7691674,0.0,0.0,0.0,0.0,0.0,0.0
1788745314.1415997,0.0,0.0,0.0,0.0,0.0,0.0
1788745314.1425648,0.0,0.0,0.0,0.0,0.0,0.0
1788745314.1690125,0.0,0.0,0.0,0.0,0.0,0.0
1788745314.2190154,0.0,0.0,0.0,0.0,0.0,0.0
1788745314.2691317,0.0,0.0,0.0,0.0,0.0,0.0
1788745314.3190296,0.0,0.0,0.0,0.0,0.0,0.0
1788745314.3690896,0.0,0.0,0.0,0.0,0.0,0.0
1788745314.4192438,0.0,0.0,0.0,0.0,0.0,0.0
1788745314.4691541,0.0,0.0,0.0,0.0,0.0,0.0
1788745314.5191042,0.0,0.0,0.0,0.0,0.0,0.0
1788745314.5691414,0.0,0.0,0.0,0.0,0.0,0.0
1788745314.6191275,0.0,0.0,0.0,0.0,0.0,0.0
1788745314.669208,0.0,0.0,0.0,0.0,0.0,0.0
1788745314.7189827,0.0,0.0,0.0,0.0,0.0,0.0
1788745314.7695003,0.0,0.0,0.0,0.0,0.0,0.0
1788745314.8189588,0.0,0.0,0.0,0.0,0.0,0.0
1788745314.869381,0.0,0.0,0.0,0.0,0.0,0.0
1788745314.9187279,0.0,0.0,0.0,0.0,0.0,0.0
1788745314.9693265,0.0,0.0,0.0,0.0,0.0,0.0
1788745315.0191944,0.0,0.0,0.0,0.0,0.0,0.0
1788745315.069231,0.0,0.0,0.0,0.0,0.0,0.0
1788745315.1192718,0.0,0.0,0.0,0.0,0.0,0.0
1788745315.1691813,0.0,0.0,0.0,0.0,0.0,0.0
1788745315.2193387,0.0,0.0,0.0,0.0,0.0,0.0
1788745315.2693794,0.0,0.0,0.0,0.0,0.0,0.0
1788745315.3189614,0.0,0.0,0.0,0.0,0.0,0.0
1788745315.3688161,0.0,0.0,0.0,0.0,0.0,0.0
1788745315.419111,0.0,0.0,0.0,0.0,0.0,0.0
1788745315.4691665,0.0,0.0,0.0,0.0,0.0,0.0
1788745315.5189455,0.0,0.0,0.0,0.0,0.0,0.0
1788745315.5691695,0.0,0.0,0.0,0.0,0.0,0.0
1788745315.6191657,0.0,0.0,0.0,0.0,0.0,0.0
1788745315.6691053,0.0,0.0,0.0,0.0,0.0,0.0
1788745315.7191095,0.0,0.0,0.0,0.0,0.0,0.0
1788745315.7692125,0.0,0.0,0.0,0.0,0.0,0.0
1788745315.819094,0.0,0.0,0.0,0.0,0.0,0.0
1788745315.8692324,0.0,0.0,0.0,0.0,0.0,0.0
1788745315.9189675,0.0,0.0,0.0,0.0,0.0,0.0
1788745315.9692216,0.0,0.0,0.0,0.0,0.0,0.0
1788745316.0189915,0.0,0.0,0.0,0.0,0.0,0.0
1788745316.0691056,0.0,0.0,0.0,0.0,0.0,0.0
1788745316.1187913,0.0,0.0,0.0,0.0,0.0,0.0
1788745316.1691668,0.0,0.0,0.0,0.0,0.0,0.0
1788745316.2190747,0.0,0.0,0.0,0.0,0.0,0.0
1788745316.2692502,0.0,0.0,0.0,0.0,0.0,0.0
1788745316.3189504,0.0,0.0,0.0,0.0,0.0,0.0
1788745316.3692296,0.0,0.0,0.0,0.0,0.0,0.0
1788745316.4189262,0.0,0.0,0.0,0.0,0.0,0.0
1788745316.4691572,0.0,0.0,0.0,0.0,0.0,0.0
1788745316.5191674,0.0,0.0,0.0,0.0,0.0,0.0
1788745316.5692132,0.0,0.0,0.0,0.0,0.0,0.0
1788745316.6191337,0.0,0.0,0.0,0.0,0.0,0.0
1788745316.6690004,0.0,0.0,0.0,0.0,0.0,0.0
1788745316.7191768,0.0,0.0,0.0,0.0,0.0,0.0
1788745316.7691553,0.0,0.0,0.0,0.0,0.0,0.0
1788745316.818702,0.0,0.0,0.0,0.0,0.0,0.0
1788745316.8690503,0.0,0.0,0.0,0.0,0.0,0.0
1788745316.9190662,0.0,0.0,0.0,0.0,0.0,0.0
1788745316.969159,0.0,0.0,0.0,0.0,0.0,0.0
1788745317.0190723,0.0,0.0,0.0,0.0,0.0,0.0
1788745317.0690992,0.0,0.0,0.0,0.0,0.0,0.0
1788745317.1192153,0.0,0.0,0.0,0.0,0.0,0.0
1788745317.1693218,0.0,0.0,0.0,0.0,0.0,0.0
1788745317.2188275,0.0,0.0,0.0,0.0,0.0,0.0
1788745317.2692075,0.0,0.0,0.0,0.0,0.0,0.0
1788745317.3190851,0.0,0.0,0.0,0.0,0.0,0.0
1788745317.3691993,0.0,0.0,0.0,0.0,0.0,0.0
1788745317.419087,0.0,0.0,0.0,0.0,0.0,0.0
1788745317.4691768,0.0,0.0,0.0,0.0,0.0,0.0
1788745317.5189538,0.0,0.0,0.0,0.0,0.0,0.0
1788745317.5689425,0.0,0.0,0.0,0.0,0.0,0.0
1788745317.6189904,0.0,0.0,0.0,0.0,0.0,0.0
1788745317.6691196,0.0,0.0,0.0,0.0,0.0,0.0
1788745317.7191718,0.0,0.0,0.0,0.0,0.0,0.0
1788745317.7693052,0.0,0.0,0.0,0.0,0.0,0.0
1788745317.819235,0.0,0.0,0.0,0.0,0.0,0.0
1788745317.869234,0.0,0.0,0.0,0.0,0.0,0.0
1788745317.9188776,0.0,0.0,0.0,0.0,0.0,0.0
1788745317.9693315,0.0,0.0,0.0,0.0,0.0,0.0
1788745318.019169,0.0,0.0,0.0,0.0,0.0,0.0
1788745318.0692165,0.0,0.0,0.0,0.0,0.0,0.0
1788745318.118938,0.0,0.0,0.0,0.0,0.0,0.0
1788745318.1690936,0.0,0.0,0.0,0.0,0.0,0.0
1788745318.2189384,0.0,0.0,0.0,0.0,0.0,0.0
1788745318.2692468,0.0,0.0,0.0,0.0,0.0,0.0
1788745318.3187332,0.0,0.0,0.0,0.0,0.0,0.0
1788745318.3691113,0.0,0.0,0.0,0.0,0.0,0.0
1788745318.418967,0.0,0.0,0.0,0.0,0.0,0.0
1788745318.4688509,0.0,0.0,0.0,0.0,0.0,0.0
1788745318.519023,0.0,0.0,0.0,0.0,0.0,0.0
1788745318.5690281,0.0,0.0,0.0,0.0,0.0,0.0
1788745318.6190765,0.0,0.0,0.0,0.0,0.0,0.0
1788745318.6690156,0.0,0.0,0.0,0.0,0.0,0.0
1788745318.7192087,0.0,0.0,0.0,0.0,0.0,0.0
1788745318.7691166,0.0,0.0,0.0,0.0,0.0,0.0
1788745318.8191748,0.0,0.0,0.0,0.0,0.0,0.0
1788745318.8692267,0.0,0.0,0.0,0.0,0.0,0.0
1788745318.9191878,0.0,0.0,0.0,0.0,0.0,0.0
1788745318.9691932,0.0,0.0,0.0,0.0,0.0,0.0
1788745319.0188367,0.0,0.0,0.0,0.0,0.0,0.0
1788745319.069117,0.0,0.0,0.0,0.0,0.0,0.0
1788745319.1191223,0.0,0.0,0.0,0.0,0.0,0.0
1788745319.1692624,0.0,0.0,0.0,0.0,0.0,0.0
1788745319.2190678,0.0,0.0,0.0,0.0,0.0,0.0
1788745319.268962,0.0,0.0,0.0,0.0,0.0,0.0
1788745319.3190155,0.0,0.0,0.0,0.0,0.0,0.0
1788745319.3688304,0.0,0.0,0.0,0.0,0.0,0.0
1788745319.7123272,0.0,0.0,0.0,0.0,0.0,0.0
1788745319.7187269,0.0,0.0,0.0,0.0,0.0,0.0
1788745319.7692058,0.0,0.0,0.0,0.0,0.0,0.0
1788745319.8190567,0.0,0.0,0.0,0.0,0.0,0.0
1788745319.868776,0.0,0.0,0.0,0.0,0.0,0.0
1788745319.9189491,0.0,0.0,0.0,0.0,0.0,0.0
1788745319.968956,0.0,0.0,0.0,0.0,0.0,0.0
1788745320.0191636,0.0,0.0,0.0,0.0,0.0,0.0
1788745320.0689518,0.0,0.0,0.0,0.0,0.0,0.0
1788745320.1190474,0.0,0.0,0.0,0.0,0.0,0.0
1788745320.1688535,0.0,0.0,0.0,0.0,0.0,0.0
1788745320.2189174,0.0,0.0,0.0,0.0,0.0,0.0
1788745320.2692018,0.0,0.0,0.0,0.0,0.0,0.0
1788745320.31893,0.0,0.0,0.0,0.0,0.0,0.0
1788745320.3689632,0.0,0.0,0.0,0.0,0.0,0.0
1788745320.419025,0.0,0.0,0.0,0.0,0.0,0.0
1788745320.468905,0.0,0.0,0.0,0.0,0.0,0.0
1788745320.5190303,0.0,0.0,0.0,0.0,0.0,0.0
1788745320.5689285,0.0,0.0,0.0,0.0,0.0,0.0
1788745320.6192076,0.0,0.0,0.0,0.0,0.0,0.0
1788745320.6690757,0.0,0.0,0.0,0.0,0.0,0.0
1788745320.7188568,0.0,0.0,0.0,0.0,0.0,0.0
1788745320.768826,0.0,0.0,0.0,0.0,0.0,0.0
1788745320.8190908,0.0,0.0,0.0,0.0,0.0,0.0
1788745320.8689973,0.0,0.0,0.0,0.0,0.0,0.0
1788745320.9190974,0.0,0.0,0.0,0.0,0.0,0.0
1788745320.969145,0.0,0.0,0.0,0.0,0.0,0.0
1788745321.0193996,0.0,0.0,0.0,0.0,0.0,0.0
1788745321.0692163,0.0,0.0,0.0,0.0,0.0,0.0
1788745321.1191108,0.0,0.0,0.0,0.0,0.0,0.0
1788745321.1689656,0.0,0.0,0.0,0.0,0.0,0.0
1788745321.218921,0.0,0.0,0.0,0.0,0.0,0.0
1788745321.2690794,0.0,0.0,0.0,0.0,0.0,0.0
1788745321.319002,0.0,0.0,0.0,0.0,0.0,0.0
1788745321.368956,0.0,0.0,0.0,0.0,0.0,0.0
1788745321.418821,0.0,0.0,0.0,0.0,0.0,0.0
1788745321.469058,0.0,0.0,0.0,0.0,0.0,0.0
1788745321.519161,0.0,0.0,0.0,0.0,0.0,0.0
1788745321.5689902,0.0,0.0,0.0,0.0,0.0,0.0
1788745321.6193001,0.0,0.0,0.0,0.0,0.0,0.0
1788745321.6691744,0.0,0.0,0.0,0.0,0.0,0.0
1788745321.718908,0.0,0.0,0.0,0.0,0.0,0.0
1788745321.7690408,0.0,0.0,0.0,0.0,0.0,0.0
1788745321.8191981,0.0,0.0,0.0,0.0,0.0,0.0
1788745321.8691285,0.0,0.0,0.0,0.0,0.0,0.0
1788745321.9193962,0.0,0.0,0.0,0.0,0.0,0.0
1788745321.9691381,0.0,0.0,0.0,0.0,0.0,0.0
1788745322.0189245,0.0,0.0,0.0,0.0,0.0,0.0
1788745322.0688252,0.0,0.0,0.0,0.0,0.0,0.0
1788745322.11905,0.0,0.0,0.0,0.0,0.0,0.0
1788745322.1689851,0.0,0.0,0.0,0.0,0.0,0.0
1788745322.219104,0.0,0.0,0.0,0.0,0.0,0.0
1788745322.2687688,0.0,0.0,0.0,0.0,0.0,0.0
1788745322.318963,0.0,0.0,0.0,0.0,0.0,0.0
1788745322.368846,0.0,0.0,0.0,0.0,0.0,0.0
1788745322.4191728,0.0,0.0,0.0,0.0,0.0,0.0
1788745322.4690797,0.0,0.0,0.0,0.0,0.0,0.0
1788745322.5192235,0.0,0.0,0.0,0.0,0.0,0.0
1788745322.5691066,0.0,0.0,0.0,0.0,0.0,0.0
1788745322.6192236,0.0,0.0,0.0,0.0,0.0,0.0
1788745322.6691809,0.0,0.0,0.0,0.0,0.0,0.0
1788745322.7190008,0.0,0.0,0.0,0.0,0.0,0.0
1788745322.7692063,0.0,0.0,0.0,0.0,0.0,0.0
1788745322.818801,0.0,0.0,0.0,0.0,0.0,0.0
1788745322.8691118,0.0,0.0,0.0,0.0,0.0,0.0
1788745322.9190574,0.0,0.0,0.0,0.0,0.0,0.0
1788745322.9688332,0.0,0.0,0.0,0.0,0.0,0.0
1788745323.0190396,0.0,0.0,0.0,0.0,0.0,0.0
1788745323.0692828,0.0,0.0,0.0,0.0,0.0,0.0
1788745323.11907,0.0,0.0,0.0,0.0,0.0,0.0
1788745323.1692312,0.0,0.0,0.0,0.0,0.0,0.0
1788745323.2190728,0.0,0.0,0.0,0.0,0.0,0.0
1788745323.268929,0.0,0.0,0.0,0.0,0.0,0.0
1788745323.3187947,0.0,0.0,0.0,0.0,0.0,0.0
1788745323.3689818,0.0,0.0,0.0,0.0,0.0,0.0
1788745323.418928,0.0,0.0,0.0,0.0,0.0,0.0
1788745323.4691782,0.0,0.0,0.0,0.0,0.0,0.0
1788745323.5186841,0.0,0.0,0.0,0.0,0.0,0.0
1788745323.5688756,0.0,0.0,0.0,0.0,0.0,0.0
1788745323.6187847,0.0,0.0,0.0,0.0,0.0,0.0
1788745323.668702,0.0,0.0,0.0,0.0,0.0,0.0
1788745323.7190893,0.0,0.0,0.0,0.0,0.0,0.0
1788745323.7691998,0.0,0.0,0.0,0.0,0.0,0.0
1788745323.8191283,0.0,0.0,0.0,0.0,0.0,0.0
1788745323.8691447,0.0,0.0,0.0,0.0,0.0,0.0
1788745323.9190223,0.0,0.0,0.0,0.0,0.0,0.0
1788745323.9691873,0.0,0.0,0.0,0.0,0.0,0.0
1788745324.018995,0.0,0.0,0.0,0.0,0.0,0.0
1788745324.06901,0.0,0.0,0.0,0.0,0.0,0.0
1788745324.1190119,0.0,0.0,0.0,0.0,0.0,0.0
1788745324.169151,0.0,0.0,0.0,0.0,0.0,0.0
1788745324.2190576,0.0,0.0,0.0,0.0,0.0,0.0
1788745324.2689772,0.0,0.0,0.0,0.0,0.0,0.0
1788745324.319077,0.0,0.0,0.0,0.0,0.0,0.0
1788745324.368947,0.0,0.0,0.0,0.0,0.0,0.0
1788745324.418967,0.0,0.0,0.0,0.0,0.0,0.0
1788745324.4688423,0.0,0.0,0.0,0.0,0.0,0.0
1788745324.5189247,0.0,0.0,0.0,0.0,0.0,0.0
1788745324.5691803,0.0,0.0,0.0,0.0,0.0,0.0
1788745324.6190956,0.0,0.0,0.0,0.0,0.0,0.0
1788745324.6688876,0.0,0.0,0.0,0.0,0.0,0.0
1788745324.719146,0.0,0.0,0.0,0.0,0.0,0.0
1788745324.7689188,0.0,0.0,0.0,0.0,0.0,0.0
1788745324.8191483,0.0,0.0,0.0,0.0,0.0,0.0
1788745324.8692555,0.0,0.0,0.0,0.0,0.0,0.0
1788745324.9187005,0.0,0.0,0.0,0.0,0.0,0.0
1788745324.9687064,0.0,0.0,0.0,0.0,0.0,0.0
1788745325.0189104,0.0,0.0,0.0,0.0,0.0,0.0
1788745325.0692112,0.0,0.0,0.0,0.0,0.0,0.0
1788745325.1189897,0.0,0.0,0.0,0.0,0.0,0.0
1788745325.1691053,0.0,0.0,0.0,0.0,0.0,0.0
1788745325.2190073,0.0,0.0,0.0,0.0,0.0,0.0
1788745325.268937,0.0,0.0,0.0,0.0,0.0,0.0
1788745325.3189156,0.0,0.0,0.0,0.0,0.0,0.0
1788745325.3692074,0.0,0.0,0.0,0.0,0.0,0.0
1788745325.4191368,0.0,0.0,0.0,0.0,0.0,0.0
1788745325.4691448,0.0,0.0,0.0,0.0,0.0,0.0
1788745325.5189126,0.0,0.0,0.0,0.0,0.0,0.0
1788745325.5689535,0.0,0.0,0.0,0.0,0.0,0.0
1788745325.619024,0.0,0.0,0.0,0.0,0.0,0.0
1788745325.668845,0.0,0.0,0.0,0.0,0.0,0.0
1788745325.7191048,0.0,0.0,0.0,0.0,0.0,0.0
1788745325.7691648,0.0,0.0,0.0,0.0,0.0,0.0
1788745325.8192146,0.0,0.0,0.0,0.0,0.0,0.0
1788745325.869147,0.0,0.0,0.0,0.0,0.0,0.0
1788745325.9191868,0.0,0.0,0.0,0.0,0.0,0.0
1788745325.969066,0.0,0.0,0.0,0.0,0.0,0.0
1788745326.019246,0.0,0.0,0.0,0.0,0.0,0.0
1788745326.069126,0.0,0.0,0.0,0.0,0.0,0.0
1788745326.1191154,0.0,0.0,0.0,0.0,0.0,0.0
1788745326.1691022,0.0,0.0,0.0,0.0,0.0,0.0
1788745326.218963,0.0,0.0,0.0,0.0,0.0,0.0
1788745326.2690885,0.0,0.0,0.0,0.0,0.0,0.0
1788745326.318871,0.0,0.0,0.0,0.0,0.0,0.0
1788745326.3690684,0.0,0.0,0.0,0.0,0.0,0.0
1788745326.419054,0.0,0.0,0.0,0.0,0.0,0.0
1788745326.469045,0.0,0.0,0.0,0.0,0.0,0.0
1788745326.518936,0.0,0.0,0.0,0.0,0.0,0.0
1788745326.5691361,0.0,0.0,0.0,0.0,0.0,0.0
1788745326.61903,0.0,0.0,0.0,0.0,0.0,0.0
1788745326.6688423,0.0,0.0,0.0,0.0,0.0,0.0
1788745326.7190478,0.0,0.0,0.0,0.0,0.0,0.0
1788745326.769146,0.0,0.0,0.0,0.0,0.0,0.0
1788745326.819391,0.0,0.0,0.0,0.0,0.0,0.0
1788745326.8689616,0.0,0.0,0.0,0.0,0.0,0.0
1788745326.9188542,0.0,0.0,0.0,0.0,0.0,0.0
1788745326.969087,0.0,0.0,0.0,0.0,0.0,0.0
1788745327.0191152,0.0,0.0,0.0,0.0,0.0,0.0
1788745327.0691955,0.0,0.0,0.0,0.0,0.0,0.0
1788745327.1189694,0.0,0.0,0.0,0.0,0.0,0.0
1788745327.1690314,0.0,0.0,0.0,0.0,0.0,0.0
1788745327.2189553,0.0,0.0,0.0,0.0,0.0,0.0
1788745327.2690094,0.0,0.0,0.0,0.0,0.0,0.0
1788745327.3191004,0.0,0.0,0.0,0.0,0.0,0.0
1788745327.3691297,0.0,0.0,0.0,0.0,0.0,0.0
1788745327.4190562,0.0,0.0,0.0,0.0,0.0,0.0
1788745327.4689329,0.0,0.0,0.0,0.0,0.0,0.0
1788745327.5191448,0.0,0.0,0.0,0.0,0.0,0.0
1788745327.569273,0.0,0.0,0.0,0.0,0.0,0.0
1788745327.619241,0.0,0.0,0.0,0.0,0.0,0.0
1788745327.6690784,0.0,0.0,0.0,0.0,0.0,0.0
1788745327.7191896,0.0,0.0,0.0,0.0,0.0,0.0
1788745327.7692418,0.0,0.0,0.0,0.0,0.0,0.0
1788745327.8190978,0.0,0.0,0.0,0.0,0.0,0.0
1788745327.8691082,0.0,0.0,0.0,0.0,0.0,0.0
1788745327.919143,0.0,0.0,0.0,0.0,0.0,0.0
1788745327.9690053,0.0,0.0,0.0,0.0,0.0,0.0
1788745328.0190754,0.0,0.0,0.0,0.0,0.0,0.0
1788745328.068744,0.0,0.0,0.0,0.0,0.0,0.0
1788745328.1192741,0.0,0.0,0.0,0.0,0.0,0.0
1788745328.1690521,0.0,0.0,0.0,0.0,0.0,0.0
1788745328.2188523,0.0,0.0,0.0,0.0,0.0,0.0
1788745328.2689252,0.0,0.0,0.0,0.0,0.0,0.0
1788745328.3189504,0.0,0.0,0.0,0.0,0.0,0.0
1788745328.3691418,0.0,0.0,0.0,0.0,0.0,0.0
1788745328.4191132,0.0,0.0,0.0,0.0,0.0,0.0
1788745328.4691014,0.0,0.0,0.0,0.0,0.0,0.0
1788745328.5192573,0.0,0.0,0.0,0.0,0.0,0.0
1788745328.569193,0.0,0.0,0.0,0.0,0.0,0.0
1788745328.61932,0.0,0.0,0.0,0.0,0.0,0.0
1788745328.6689172,0.0,0.0,0.0,0.0,0.0,0.0
1788745328.718954,0.0,0.0,0.0,0.0,0.0,0.0
1788745328.7689183,0.0,0.0,0.0,0.0,0.0,0.0
1788745328.8187227,0.0,0.0,0.0,0.0,0.0,0.0
1788745328.8689308,0.0,0.0,0.0,0.0,0.0,0.0
1788745328.9190521,0.0,0.0,0.0,0.0,0.0,0.0
1788745328.9693406,0.0,0.0,0.0,0.0,0.0,0.0
1788745329.0192714,0.0,0.0,0.0,0.0,0.0,0.0
1788745329.0692565,0.0,0.0,0.0,0.0,0.0,0.0
1788745329.1189117,0.0,0.0,0.0,0.0,0.0,0.0
1788745329.1688943,0.0,0.0,0.0,0.0,0.0,0.0
1788745329.2189758,0.0,0.0,0.0,0.0,0.0,0.0
1788745329.2689013,0.0,0.0,0.0,0.0,0.0,0.0
1788745329.319288,0.0,0.0,0.0,0.0,0.0,0.0
1788745329.368949,0.0,0.0,0.0,0.0,0.0,0.0
1788745329.4187624,0.0,0.0,0.0,0.0,0.0,0.0
1788745329.4687903,0.0,0.0,0.0,0.0,0.0,0.0
1788745329.5191464,0.0,0.0,0.0,0.0,0.0,0.0
1788745329.5690649,0.0,0.0,0.0,0.0,0.0,0.0
1788745329.6190996,0.0,0.0,0.0,0.0,0.0,0.0
1788745329.668854,0.0,0.0,0.0,0.0,0.0,0.0
1788745329.71906,0.0,0.0,0.0,0.0,0.0,0.0
1788745329.769024,0.0,0.0,0.0,0.0,0.0,0.0
1788745329.8189077,0.0,0.0,0.0,0.0,0.0,0.0
1788745329.8690522,0.0,0.0,0.0,0.0,0.0,0.0
1788745329.9189777,0.0,0.0,0.0,0.0,0.0,0.0
1788745329.9693182,0.0,0.0,0.0,0.0,0.0,0.0
1788745330.01916,0.0,0.0,0.0,0.0,0.0,0.0
1788745330.0689566,0.0,0.0,0.0,0.0,0.0,0.0
1788745330.118791,0.0,0.0,0.0,0.0,0.0,0.0
1788745330.1690288,0.0,0.0,0.0,0.0,0.0,0.0
1788745330.218896,0.0,0.0,0.0,0.0,0.0,0.0
1788745330.2689986,0.0,0.0,0.0,0.0,0.0,0.0
1788745330.3190167,0.0,0.0,0.0,0.0,0.0,0.0
1788745330.3691845,0.0,0.0,0.0,0.0,0.0,0.0
1788745330.4192512,0.0,0.0,0.0,0.0,0.0,0.0
1788745330.4689062,0.0,0.0,0.0,0.0,0.0,0.0
1788745330.5191357,0.0,0.0,0.0,0.0,0.0,0.0
1788745330.5690038,0.0,0.0,0.0,0.0,0.0,0.0
1788745330.6191237,0.0,0.0,0.0,0.0,0.0,0.0
1788745330.6691747,0.0,0.0,0.0,0.0,0.0,0.0
1788745330.7191978,0.0,0.0,0.0,0.0,0.0,0.0
1788745330.7688396,0.0,0.0,0.0,0.0,0.0,0.0
1788745330.8188257,0.0,0.0,0.0,0.0,0.0,0.0
1788745330.8691802,0.0,0.0,0.0,0.0,0.0,0.0
1788745330.9189188,0.0,0.0,0.0,0.0,0.0,0.0
1788745330.968789,0.0,0.0,0.0,0.0,0.0,0.0
1788745331.018948,0.0,0.0,0.0,0.0,0.0,0.0
1788745331.0688202,0.0,0.0,0.0,0.0,0.0,0.0
1788745331.1189027,0.0,0.0,0.0,0.0,0.0,0.0
1788745331.1690426,0.0,0.0,0.0,0.0,0.0,0.0
1788745331.219197,0.0,0.0,0.0,0.0,0.0,0.0
1788745331.2691305,0.0,0.0,0.0,0.0,0.0,0.0
1788745331.3191078,0.0,0.0,0.0,0.0,0.0,0.0
1788745331.3692799,0.0,0.0,0.0,0.0,0.0,0.0
1788745331.4193487,0.0,0.0,0.0,0.0,0.0,0.0
1788745331.4692755,0.0,0.0,0.0,0.0,0.0,0.0
1788745331.51888,0.0,0.0,0.0,0.0,0.0,0.0
1788745331.569473,0.0,0.0,0.0,0.0,0.0,0.0
1788745331.6191766,0.0,0.0,0.0,0.0,0.0,0.0
1788745331.6689534,0.0,0.0,0.0,0.0,0.0,0.0
1788745331.7189345,0.0,0.0,0.0,0.0,0.0,0.0
1788745331.769113,0.0,0.0,0.0,0.0,0.0,0.0
1788745331.8187382,0.0,0.0,0.0,0.0,0.0,0.0
1788745331.8689828,0.0,0.0,0.0,0.0,0.0,0.0
1788745331.9189975,0.0,0.0,0.0,0.0,0.0,0.0
1788745331.9687512,0.0,0.0,0.0,0.0,0.0,0.0
1788745332.01903,0.0,0.0,0.0,0.0,0.0,0.0
1788745332.0695927,0.0,0.0,0.0,0.0,0.0,0.0
1788745332.1189039,0.0,0.0,0.0,0.0,0.0,0.0
1788745332.169124,0.0,0.0,0.0,0.0,0.0,0.0
1788745332.2192135,0.0,0.0,0.0,0.0,0.0,0.0
1788745332.2689116,0.0,0.0,0.0,0.0,0.0,0.0
1788745332.3190172,0.0,0.0,0.0,0.0,0.0,0.0
1788745332.3689995,0.0,0.0,0.0,0.0,0.0,0.0
1788745332.4189494,0.0,0.0,0.0,0.0,0.0,0.0
1788745332.4690232,0.0,0.0,0.0,0.0,0.0,0.0
1788745332.5190268,0.0,0.0,0.0,0.0,0.0,0.0
1788745332.5689778,0.0,0.0,0.0,0.0,0.0,0.0
1788745332.618997,0.0,0.0,0.0,0.0,0.0,0.0
1788745332.6687586,0.0,0.0,0.0,0.0,0.0,0.0
1788745332.7188768,0.0,0.0,0.0,0.0,0.0,0.0
1788745332.769073,0.0,0.0,0.0,0.0,0.0,0.0
1788745332.8189127,0.0,0.0,0.0,0.0,0.0,0.0
1788745332.8689892,0.0,0.0,0.0,0.0,0.0,0.0
1788745332.9189975,0.0,0.0,0.0,0.0,0.0,0.0
1788745332.9692035,0.0,0.0,0.0,0.0,0.0,0.0
1788745333.019288,0.0,0.0,0.0,0.0,0.0,0.0
1788745333.0690174,0.0,0.0,0.0,0.0,0.0,0.0
1788745333.1188993,0.0,0.0,0.0,0.0,0.0,0.0
1788745333.1689157,0.0,0.0,0.0,0.0,0.0,0.0
1788745333.2190263,0.0,0.0,0.0,0.0,0.0,0.0
1788745333.269122,0.0,0.0,0.0,0.0,0.0,0.0
1788745333.3191655,0.0,0.0,0.0,0.0,0.0,0.0
1788745333.369096,0.0,0.0,0.0,0.0,0.0,0.0
1788745333.4188154,0.0,0.0,0.0,0.0,0.0,0.0
1788745333.468961,0.0,0.0,0.0,0.0,0.0,0.0
1788745333.5190854,0.0,0.0,0.0,0.0,0.0,0.0
1788745333.568993,0.0,0.0,0.0,0.0,0.0,0.0
1788745333.618948,0.0,0.0,0.0,0.0,0.0,0.0
1788745333.669027,0.0,0.0,0.0,0.0,0.0,0.0
1788745333.7191584,0.0,0.0,0.0,0.0,0.0,0.0
1788745333.7688625,0.0,0.0,0.0,0.0,0.0,0.0
1788745333.8189094,0.0,0.0,0.0,0.0,0.0,0.0
1788745333.8689458,0.0,0.0,0.0,0.0,0.0,0.0
1788745333.9187717,0.0,0.0,0.0,0.0,0.0,0.0
1788745333.9691045,0.0,0.0,0.0,0.0,0.0,0.0
1788745334.018848,0.0,0.0,0.0,0.0,0.0,0.0
1788745334.069144,0.0,0.0,0.0,0.0,0.0,0.0
1788745334.1190028,0.0,0.0,0.0,0.0,0.0,0.0
1788745334.168947,0.0,0.0,0.0,0.0,0.0,0.0
1788745334.2191405,0.0,0.0,0.0,0.0,0.0,0.0
1788745334.2689805,0.0,0.0,0.0,0.0,0.0,0.0
1788745334.318871,0.0,0.0,0.0,0.0,0.0,0.0
1788745334.3688474,0.0,0.0,0.0,0.0,0.0,0.0
1788745334.4187925,0.0,0.0,0.0,0.0,0.0,0.0
1788745334.4691207,0.0,0.0,0.0,0.0,0.0,0.0
1788745334.5192027,0.0,0.0,0.0,0.0,0.0,0.0
1788745334.569009,0.0,0.0,0.0,0.0,0.0,0.0
1788745334.6190128,0.0,0.0,0.0,0.0,0.0,0.0
1788745334.669024,0.0,0.0,0.0,0.0,0.0,0.0
1788745334.7190347,0.0,0.0,0.0,0.0,0.0,0.0
1788745334.7689579,0.0,0.0,0.0,0.0,0.0,0.0
1788745334.819056,0.0,0.0,0.0,0.0,0.0,0.0
1788745334.8690913,0.0,0.0,0.0,0.0,0.0,0.0
1788745334.9189923,0.0,0.0,0.0,0.0,0.0,0.0
1788745334.9691293,0.0,0.0,0.0,0.0,0.0,0.0
1788745335.0189664,0.0,0.0,0.0,0.0,0.0,0.0
1788745335.0691557,0.0,0.0,0.0,0.0,0.0,0.0
1788745335.1192122,0.0,0.0,0.0,0.0,0.0,0.0
1788745335.1690545,0.0,0.0,0.0,0.0,0.0,0.0
1788745335.2188313,0.0,0.0,0.0,0.0,0.0,0.0
1788745335.2688468,0.0,0.0,0.0,0.0,0.0,0.0
1788745335.3190203,0.0,0.0,0.0,0.0,0.0,0.0
1788745335.3691475,0.0,0.0,0.0,0.0,0.0,0.0
1788745335.4187484,0.0,0.0,0.0,0.0,0.0,0.0
1788745335.4690604,0.0,0.0,0.0,0.0,0.0,0.0
1788745335.5188868,0.0,0.0,0.0,0.0,0.0,0.0
1788745335.5690458,0.0,0.0,0.0,0.0,0.0,0.0
1788745335.6190715,0.0,0.0,0.0,0.0,0.0,0.0
1788745335.6689556,0.0,0.0,0.0,0.0,0.0,0.0
1788745335.7189233,0.0,0.0,0.0,0.0,0.0,0.0
1788745335.7690573,0.0,0.0,0.0,0.0,0.0,0.0
1788745335.8188374,0.0,0.0,0.0,0.0,0.0,0.0
1788745335.8689895,0.0,0.0,0.0,0.0,0.0,0.0
1788745335.918884,0.0,0.0,0.0,0.0,0.0,0.0
1788745335.9690409,0.0,0.0,0.0,0.0,0.0,0.0
1788745336.018945,0.0,0.0,0.0,0.0,0.0,0.0
1788745336.0688782,0.0,0.0,0.0,0.0,0.0,0.0
1788745336.1191165,0.0,0.0,0.0,0.0,0.0,0.0
1788745336.169034,0.0,0.0,0.0,0.0,0.0,0.0
1788745336.2191052,0.0,0.0,0.0,0.0,0.0,0.0
1788745336.2690408,0.0,0.0,0.0,0.0,0.0,0.0
1788745336.3190637,0.0,0.0,0.0,0.0,0.0,0.0
1788745336.3691325,0.0,0.0,0.0,0.0,0.0,0.0
1788745336.4189157,0.0,0.0,0.0,0.0,0.0,0.0
1788745336.4688857,0.0,0.0,0.0,0.0,0.0,0.0
1788745336.5190358,0.0,0.0,0.0,0.0,0.0,0.0
1788745336.5688825,0.0,0.0,0.0,0.0,0.0,0.0
1788745336.6188638,0.0,0.0,0.0,0.0,0.0,0.0
1788745336.6690128,0.0,0.0,0.0,0.0,0.0,0.0
1788745336.7191484,0.0,0.0,0.0,0.0,0.0,0.0
1788745336.7689874,0.0,0.0,0.0,0.0,0.0,0.0
1788745336.8191168,0.0,0.0,0.0,0.0,0.0,0.0
1788745336.868964,0.0,0.0,0.0,0.0,0.0,0.0
1788745336.9192953,0.0,0.0,0.0,0.0,0.0,0.0
1788745336.9688911,0.0,0.0,0.0,0.0,0.0,0.0
1788745337.0186841,0.0,0.0,0.0,0.0,0.0,0.0
1788745337.069037,0.0,0.0,0.0,0.0,0.0,0.0
1788745337.11886,0.0,0.0,0.0,0.0,0.0,0.0
1788745337.1690295,0.0,0.0,0.0,0.0,0.0,0.0
1788745337.219201,0.0,0.0,0.0,0.0,0.0,0.0
1788745337.2690134,0.0,0.0,0.0,0.0,0.0,0.0
1788745337.319174,0.0,0.0,0.0,0.0,0.0,0.0
1788745337.3691506,0.0,0.0,0.0,0.0,0.0,0.0
1788745337.4193413,0.0,0.0,0.0,0.0,0.0,0.0
1788745337.4690819,0.0,0.0,0.0,0.0,0.0,0.0
1788745337.5190465,0.0,0.0,0.0,0.0,0.0,0.0
1788745337.5690696,0.0,0.0,0.0,0.0,0.0,0.0
1788745337.6189823,0.0,0.0,0.0,0.0,0.0,0.0
1788745337.6690595,0.0,0.0,0.0,0.0,0.0,0.0
1788745337.7189946,0.0,0.0,0.0,0.0,0.0,0.0
1788745337.7689075,0.0,0.0,0.0,0.0,0.0,0.0
1788745337.81911,0.0,0.0,0.0,0.0,0.0,0.0
1788745337.8689427,0.0,0.0,0.0,0.0,0.0,0.0
1788745337.9211228,0.0,0.0,0.0,0.0,0.0,0.0
1788745337.9689252,0.0,0.0,0.0,0.0,0.0,0.0
1788745338.0188897,0.0,0.0,0.0,0.0,0.0,0.0
1788745338.0689127,0.0,0.0,0.0,0.0,0.0,0.0
1788745338.1190434,0.0,0.0,0.0,0.0,0.0,0.0
1788745338.1690896,0.0,0.0,0.0,0.0,0.0,0.0
1788745338.21906,0.0,0.0,0.0,0.0,0.0,0.0
1788745338.2692652,0.0,0.0,0.0,0.0,0.0,0.0
1788745338.3191156,0.0,0.0,0.0,0.0,0.0,0.0
1788745338.3688695,0.0,0.0,0.0,0.0,0.0,0.0
1788745338.4189172,0.0,0.0,0.0,0.0,0.0,0.0
1788745338.4689884,0.0,0.0,0.0,0.0,0.0,0.0
1788745338.5190558,0.0,0.0,0.0,0.0,0.0,0.0
1788745338.5690877,0.0,0.0,0.0,0.0,0.0,0.0
1788745338.6187918,0.0,0.0,0.0,0.0,0.0,0.0
1788745338.6687832,0.0,0.0,0.0,0.0,0.0,0.0
1788745338.7187011,0.0,0.0,0.0,0.0,0.0,0.0
1788745338.768858,0.0,0.0,0.0,0.0,0.0,0.0
1788745338.819002,0.0,0.0,0.0,0.0,0.0,0.0
1788745338.8688183,0.0,0.0,0.0,0.0,0.0,0.0
1788745338.9190824,0.0,0.0,0.0,0.0,0.0,0.0
1788745338.9691212,0.0,0.0,0.0,0.0,0.0,0.0
1788745339.0189364,0.0,0.0,0.0,0.0,0.0,0.0
1788745339.0689447,0.0,0.0,0.0,0.0,0.0,0.0
1788745339.1188323,0.0,0.0,0.0,0.0,0.0,0.0
1788745339.1690495,0.0,0.0,0.0,0.0,0.0,0.0
1788745339.2188919,0.0,0.0,0.0,0.0,0.0,0.0
1788745339.2690158,0.0,0.0,0.0,0.0,0.0,0.0
1788745339.3189576,0.0,0.0,0.0,0.0,0.0,0.0
1788745339.3687623,0.0,0.0,0.0,0.0,0.0,0.0
1788745339.419053,0.0,0.0,0.0,0.0,0.0,0.0
1788745339.468671,0.0,0.0,0.0,0.0,0.0,0.0
1788745339.518851,0.0,0.0,0.0,0.0,0.0,0.0
1788745339.5690691,0.0,0.0,0.0,0.0,0.0,0.0
1788745339.6188073,0.0,0.0,0.0,0.0,0.0,0.0
1788745339.6689444,0.0,0.0,0.0,0.0,0.0,0.0
1788745339.7190168,0.0,0.0,0.0,0.0,0.0,0.0
1788745339.7688258,0.0,0.0,0.0,0.0,0.0,0.0
1788745339.8192255,0.0,0.0,0.0,0.0,0.0,0.0
1788745339.8690925,0.0,0.0,0.0,0.0,0.0,0.0
1788745339.9191408,0.0,0.0,0.0,0.0,0.0,0.0
1788745339.968919,0.0,0.0,0.0,0.0,0.0,0.0
1788745340.0190482,0.0,0.0,0.0,0.0,0.0,0.0
1788745340.0688128,0.0,0.0,0.0,0.0,0.0,0.0
1788745340.1188831,0.0,0.0,0.0,0.0,0.0,0.0
1788745340.168871,0.0,0.0,0.0,0.0,0.0,0.0
1788745340.2191527,0.0,0.0,0.0,0.0,0.0,0.0
1788745340.2687469,0.0,0.0,0.0,0.0,0.0,0.0
1788745340.3191075,0.0,0.0,0.0,0.0,0.0,0.0
1788745340.3691611,0.0,0.0,0.0,0.0,0.0,0.0
1788745340.4192724,0.0,0.0,0.0,0.0,0.0,0.0
1788745340.468992,0.0,0.0,0.0,0.0,0.0,0.0
1788745340.5190034,0.0,0.0,0.0,0.0,0.0,0.0
1788745340.5689535,0.0,0.0,0.0,0.0,0.0,0.0
1788745340.618935,0.0,0.0,0.0,0.0,0.0,0.0
1788745340.669106,0.0,0.0,0.0,0.0,0.0,0.0
1788745340.7192826,0.0,0.0,0.0,0.0,0.0,0.0
1788745340.7689788,0.0,0.0,0.0,0.0,0.0,0.0
1788745340.8192384,0.0,0.0,0.0,0.0,0.0,0.0
1788745340.8691225,0.0,0.0,0.0,0.0,0.0,0.0
1788745340.9192708,0.0,0.0,0.0,0.0,0.0,0.0
1788745340.9689302,0.0,0.0,0.0,0.0,0.0,0.0
1788745341.0192854,0.0,0.0,0.0,0.0,0.0,0.0
1788745341.0689843,0.0,0.0,0.0,0.0,0.0,0.0
1788745341.1189678,0.0,0.0,0.0,0.0,0.0,0.0
1788745341.169249,0.0,0.0,0.0,0.0,0.0,0.0
1788745341.2191749,0.0,0.0,0.0,0.0,0.0,0.0
1788745341.2689912,0.0,0.0,0.0,0.0,0.0,0.0
1788745341.3189054,0.0,0.0,0.0,0.0,0.0,0.0
1788745341.3687828,0.0,0.0,0.0,0.0,0.0,0.0
1788745341.4190996,0.0,0.0,0.0,0.0,0.0,0.0
1788745341.468832,0.0,0.0,0.0,0.0,0.0,0.0
1788745341.5188737,0.0,0.0,0.0,0.0,0.0,0.0
1788745341.5689716,0.0,0.0,0.0,0.0,0.0,0.0
1788745341.619054,0.0,0.0,0.0,0.0,0.0,0.0
1788745341.6689894,0.0,0.0,0.0,0.0,0.0,0.0
1788745341.7189558,0.0,0.0,0.0,0.0,0.0,0.0
1788745341.7692668,0.0,0.0,0.0,0.0,0.0,0.0
1788745341.8189788,0.0,0.0,0.0,0.0,0.0,0.0
1788745341.869263,0.0,0.0,0.0,0.0,0.0,0.0
1788745341.918891,0.0,0.0,0.0,0.0,0.0,0.0
1788745341.9690678,0.0,0.0,0.0,0.0,0.0,0.0
1788745342.0192924,0.0,0.0,0.0,0.0,0.0,0.0
1788745342.0690272,0.0,0.0,0.0,0.0,0.0,0.0
1788745342.1192417,0.0,0.0,0.0,0.0,0.0,0.0
1788745342.1690495,0.0,0.0,0.0,0.0,0.0,0.0
1788745342.2188363,0.0,0.0,0.0,0.0,0.0,0.0
1788745342.2689192,0.0,0.0,0.0,0.0,0.0,0.0
1788745342.3189275,0.0,0.0,0.0,0.0,0.0,0.0
1788745342.368701,0.0,0.0,0.0,0.0,0.0,0.0
1788745342.4190006,0.0,0.0,0.0,0.0,0.0,0.0
1788745342.469004,0.0,0.0,0.0,0.0,0.0,0.0
1788745342.5189164,0.0,0.0,0.0,0.0,0.0,0.0
1788745342.5688581,0.0,0.0,0.0,0.0,0.0,0.0
1788745342.6191378,0.0,0.0,0.0,0.0,0.0,0.0
1788745342.6691272,0.0,0.0,0.0,0.0,0.0,0.0
1788745342.7188141,0.0,0.0,0.0,0.0,0.0,0.0
1788745342.7691426,0.0,0.0,0.0,0.0,0.0,0.0
1788745342.8190265,0.0,0.0,0.0,0.0,0.0,0.0
1788745342.8690271,0.0,0.0,0.0,0.0,0.0,0.0
1788745342.918933,0.0,0.0,0.0,0.0,0.0,0.0
1788745342.9690907,0.0,0.0,0.0,0.0,0.0,0.0
1788745343.01912,0.0,0.0,0.0,0.0,0.0,0.0
1788745343.0690205,0.0,0.0,0.0,0.0,0.0,0.0
1788745343.1188972,0.0,0.0,0.0,0.0,0.0,0.0
1788745343.1692023,0.0,0.0,0.0,0.0,0.0,0.0
1788745343.2190015,0.0,0.0,0.0,0.0,0.0,0.0
1788745343.268931,0.0,0.0,0.0,0.0,0.0,0.0
1788745343.319264,0.0,0.0,0.0,0.0,0.0,0.0
1788745343.3689709,0.0,0.0,0.0,0.0,0.0,0.0
1788745343.4191656,0.0,0.0,0.0,0.0,0.0,0.0
1788745343.4688575,0.0,0.0,0.0,0.0,0.0,0.0
1788745343.5189683,0.0,0.0,0.0,0.0,0.0,0.0
1788745343.5690722,0.0,0.0,0.0,0.0,0.0,0.0
1788745343.6186368,0.0,0.0,0.0,0.0,0.0,0.0
1788745343.668987,0.0,0.0,0.0,0.0,0.0,0.0
1788745343.7189453,0.0,0.0,0.0,0.0,0.0,0.0
1788745343.768999,0.0,0.0,0.0,0.0,0.0,0.0
1788745343.8187616,0.0,0.0,0.0,0.0,0.0,0.0
1788745343.8688996,0.0,0.0,0.0,0.0,0.0,0.0
1788745343.9189098,0.0,0.0,0.0,0.0,0.0,0.0
1788745343.968768,0.0,0.0,0.0,0.0,0.0,0.0
1788745344.0187538,0.0,0.0,0.0,0.0,0.0,0.0
1788745344.0689118,0.0,0.0,0.0,0.0,0.0,0.0
1788745344.1186407,0.0,0.0,0.0,0.0,0.0,0.0
1788745344.1691117,0.0,0.0,0.0,0.0,0.0,0.0
1788745344.2190268,0.0,0.0,0.0,0.0,0.0,0.0
1788745344.2693076,0.0,0.0,0.0,0.0,0.0,0.0
1788745344.3190422,0.0,0.0,0.0,0.0,0.0,0.0
1788745344.3691726,0.0,0.0,0.0,0.0,0.0,0.0
1788745344.418986,0.0,0.0,0.0,0.0,0.0,0.0
1788745344.468895,0.0,0.0,0.0,0.0,0.0,0.0
1788745344.5191522,0.0,0.0,0.0,0.0,0.0,0.0
1788745344.5689266,0.0,0.0,0.0,0.0,0.0,0.0
1788745344.6189327,0.0,0.0,0.0,0.0,0.0,0.0
1788745344.6688786,0.0,0.0,0.0,0.0,0.0,0.0
1788745344.7187753,0.0,0.0,0.0,0.0,0.0,0.0
1788745344.7689672,0.0,0.0,0.0,0.0,0.0,0.0
1788745344.8188438,0.0,0.0,0.0,0.0,0.0,0.0
1788745344.8688757,0.0,0.0,0.0,0.0,0.0,0.0
1788745344.918914,0.0,0.0,0.0,0.0,0.0,0.0
1788745344.9688916,0.0,0.0,0.0,0.0,0.0,0.0
1788745345.019063,0.0,0.0,0.0,0.0,0.0,0.0
1788745345.0691788,0.0,0.0,0.0,0.0,0.0,0.0
1788745345.1186295,0.0,0.0,0.0,0.0,0.0,0.0
1788745345.168985,0.0,0.0,0.0,0.0,0.0,0.0
1788745345.218923,0.0,0.0,0.0,0.0,0.0,0.0
1788745345.2691965,0.0,0.0,0.0,0.0,0.0,0.0
1788745345.3190694,0.0,0.0,0.0,0.0,0.0,0.0
1788745345.3689733,0.0,0.0,0.0,0.0,0.0,0.0
1788745345.4192336,0.0,0.0,0.0,0.0,0.0,0.0
1788745345.4688947,0.0,0.0,0.0,0.0,0.0,0.0
1788745345.5189464,0.0,0.0,0.0,0.0,0.0,0.0
1788745345.568905,0.0,0.0,0.0,0.0,0.0,0.0
1788745345.61909,0.0,0.0,0.0,0.0,0.0,0.0
1788745345.6692383,0.0,0.0,0.0,0.0,0.0,0.0
1788745345.718869,0.0,0.0,0.0,0.0,0.0,0.0
1788745345.768892,0.0,0.0,0.0,0.0,0.0,0.0
1788745345.8190305,0.0,0.0,0.0,0.0,0.0,0.0
1788745345.8692768,0.0,0.0,0.0,0.0,0.0,0.0
1788745345.9189186,0.0,0.0,0.0,0.0,0.0,0.0
1788745345.9690151,0.0,0.0,0.0,0.0,0.0,0.0
1788745346.0190616,0.0,0.0,0.0,0.0,0.0,0.0
1788745346.06873,0.0,0.0,0.0,0.0,0.0,0.0
1788745346.119147,0.0,0.0,0.0,0.0,0.0,0.0
1788745346.1692352,0.0,0.0,0.0,0.0,0.0,0.0
1788745346.2188036,0.0,0.0,0.0,0.0,0.0,0.0
1788745346.2690496,0.0,0.0,0.0,0.0,0.0,0.0
1788745346.3188987,0.0,0.0,0.0,0.0,0.0,0.0
1788745346.3687642,0.0,0.0,0.0,0.0,0.0,0.0
1788745346.4189563,0.0,0.0,0.0,0.0,0.0,0.0
1788745346.469199,0.0,0.0,0.0,0.0,0.0,0.0
1788745346.5190513,0.0,0.0,0.0,0.0,0.0,0.0
1788745346.5689678,0.0,0.0,0.0,0.0,0.0,0.0
1788745346.61905,0.0,0.0,0.0,0.0,0.0,0.0
1788745346.6691606,0.0,0.0,0.0,0.0,0.0,0.0
1788745346.719254,0.0,0.0,0.0,0.0,0.0,0.0
1788745346.7689743,0.0,0.0,0.0,0.0,0.0,0.0
1788745346.8188803,0.0,0.0,0.0,0.0,0.0,0.0
1788745346.869021,0.0,0.0,0.0,0.0,0.0,0.0
1788745346.9190097,0.0,0.0,0.0,0.0,0.0,0.0
1788745346.9690201,0.0,0.0,0.0,0.0,0.0,0.0
1788745347.01883,0.0,0.0,0.0,0.0,0.0,0.0
1788745347.0688102,0.0,0.0,0.0,0.0,0.0,0.0
1788745347.118977,0.0,0.0,0.0,0.0,0.0,0.0
1788745347.169103,0.0,0.0,0.0,0.0,0.0,0.0
1788745347.2191012,0.0,0.0,0.0,0.0,0.0,0.0
1788745347.2691565,0.0,0.0,0.0,0.0,0.0,0.0
1788745347.3190696,0.0,0.0,0.0,0.0,0.0,0.0
1788745347.3691065,0.0,0.0,0.0,0.0,0.0,0.0
1788745347.419181,0.0,0.0,0.0,0.0,0.0,0.0
1788745347.469029,0.0,0.0,0.0,0.0,0.0,0.0
1788745347.5189984,0.0,0.0,0.0,0.0,0.0,0.0
1788745347.569035,0.0,0.0,0.0,0.0,0.0,0.0
1788745347.61905,0.0,0.0,0.0,0.0,0.0,0.0
1788745347.6688483,0.0,0.0,0.0,0.0,0.0,0.0
1788745347.7189856,0.0,0.0,0.0,0.0,0.0,0.0
1788745347.7688503,0.0,0.0,0.0,0.0,0.0,0.0
1788745347.8188775,0.0,0.0,0.0,0.0,0.0,0.0
1788745347.8687286,0.0,0.0,0.0,0.0,0.0,0.0
1788745347.918738,0.0,0.0,0.0,0.0,0.0,0.0
1788745347.9688559,0.0,0.0,0.0,0.0,0.0,0.0
1788745348.018754,0.0,0.0,0.0,0.0,0.0,0.0
1788745348.0688858,0.0,0.0,0.0,0.0,0.0,0.0
1788745348.1191187,0.0,0.0,0.0,0.0,0.0,0.0
1788745348.1687753,0.0,0.0,0.0,0.0,0.0,0.0
1788745348.2186599,0.0,0.0,0.0,0.0,0.0,0.0
1788745348.2688947,0.0,0.0,0.0,0.0,0.0,0.0
1788745348.318755,0.0,0.0,0.0,0.0,0.0,0.0
1788745348.3688142,0.0,0.0,0.0,0.0,0.0,0.0
1788745348.4187202,0.0,0.0,0.0,0.0,0.0,0.0
1788745348.468791,0.0,0.0,0.0,0.0,0.0,0.0
1788745348.5188427,0.0,0.0,0.0,0.0,0.0,0.0
1788745348.5689242,0.0,0.0,0.0,0.0,0.0,0.0
1788745348.618992,0.0,0.0,0.0,0.0,0.0,0.0
1788745348.668854,0.0,0.0,0.0,0.0,0.0,0.0
1788745348.7186427,0.0,0.0,0.0,0.0,0.0,0.0
1788745348.7688684,0.0,0.0,0.0,0.0,0.0,0.0
1788745348.8188355,0.0,0.0,0.0,0.0,0.0,0.0
1788745348.8688726,0.0,0.0,0.0,0.0,0.0,0.0
1788745348.9187152,0.0,0.0,0.0,0.0,0.0,0.0
1788745348.9688575,0.0,0.0,0.0,0.0,0.0,0.0
1788745349.0188684,0.0,0.0,0.0,0.0,0.0,0.0
1788745349.069036,0.0,0.0,0.0,0.0,0.0,0.0
1788745349.1189325,0.0,0.0,0.0,0.0,0.0,0.0
1788745349.1691294,0.0,0.0,0.0,0.0,0.0,0.0
1788745349.2188494,0.0,0.0,0.0,0.0,0.0,0.0
1788745349.2688482,0.0,0.0,0.0,0.0,0.0,0.0
1788745349.319107,0.0,0.0,0.0,0.0,0.0,0.0
1788745349.3693395,0.0,0.0,0.0,0.0,0.0,0.0
1788745349.4191957,0.0,0.0,0.0,0.0,0.0,0.0
1788745349.469026,0.0,0.0,0.0,0.0,0.0,0.0
1788745349.5190568,0.0,0.0,0.0,0.0,0.0,0.0
1788745349.5692642,0.0,0.0,0.0,0.0,0.0,0.0
1788745349.6190715,0.0,0.0,0.0,0.0,0.0,0.0
1788745349.669053,0.0,0.0,0.0,0.0,0.0,0.0
1788745349.7190282,0.0,0.0,0.0,0.0,0.0,0.0
1788745349.7691782,0.0,0.0,0.0,0.0,0.0,0.0
1788745349.818706,0.0,0.0,0.0,0.0,0.0,0.0
1788745349.8692038,0.0,0.0,0.0,0.0,0.0,0.0
1788745349.9189017,0.0,0.0,0.0,0.0,0.0,0.0
1788745349.9690816,0.0,0.0,0.0,0.0,0.0,0.0
1788745350.0188622,0.0,0.0,0.0,0.0,0.0,0.0
1788745350.06886,0.0,0.0,0.0,0.0,0.0,0.0
1788745350.119069,0.0,0.0,0.0,0.0,0.0,0.0
1788745350.168939,0.0,0.0,0.0,0.0,0.0,0.0
1788745350.2189221,0.0,0.0,0.0,0.0,0.0,0.0
1788745350.268815,0.0,0.0,0.0,0.0,0.0,0.0
1788745350.3187814,0.0,0.0,0.0,0.0,0.0,0.0
1788745350.369028,0.0,0.0,0.0,0.0,0.0,0.0
1788745350.4188669,0.0,0.0,0.0,0.0,0.0,0.0
1788745350.4692845,0.0,0.0,0.0,0.0,0.0,0.0
1788745350.5189922,0.0,0.0,0.0,0.0,0.0,0.0
1788745350.569081,0.0,0.0,0.0,0.0,0.0,0.0
1788745350.6188276,0.0,0.0,0.0,0.0,0.0,0.0
1788745350.6688652,0.0,0.0,0.0,0.0,0.0,0.0
1788745350.7190194,0.0,0.0,0.0,0.0,0.0,0.0
1788745350.7691762,0.0,0.0,0.0,0.0,0.0,0.0
1788745350.8189838,0.0,0.0,0.0,0.0,0.0,0.0
1788745350.86905,0.0,0.0,0.0,0.0,0.0,0.0
1788745350.9189305,0.0,0.0,0.0,0.0,0.0,0.0
1788745350.9692786,0.0,0.0,0.0,0.0,0.0,0.0
1788745351.0189927,0.0,0.0,0.0,0.0,0.0,0.0
1788745351.0690017,0.0,0.0,0.0,0.0,0.0,0.0
1788745351.1198552,0.0,0.0,0.0,0.0,0.0,0.0
1788745351.168995,0.0,0.0,0.0,0.0,0.0,0.0
1788745351.21906,0.0,0.0,0.0,0.0,0.0,0.0
1788745351.2688794,0.0,0.0,0.0,0.0,0.0,0.0
1788745351.3191705,0.0,0.0,0.0,0.0,0.0,0.0
1788745351.3688323,0.0,0.0,0.0,0.0,0.0,0.0
1788745351.4190476,0.0,0.0,0.0,0.0,0.0,0.0
1788745351.4691267,0.0,0.0,0.0,0.0,0.0,0.0
1788745351.5189798,0.0,0.0,0.0,0.0,0.0,0.0
1788745351.5689692,0.0,0.0,0.0,0.0,0.0,0.0
1788745351.6190324,0.0,0.0,0.0,0.0,0.0,0.0
1788745351.66884,0.0,0.0,0.0,0.0,0.0,0.0
1788745351.7192845,0.0,0.0,0.0,0.0,0.0,0.0
1788745351.7690506,0.0,0.0,0.0,0.0,0.0,0.0
1788745351.819113,0.0,0.0,0.0,0.0,0.0,0.0
1788745351.8689148,0.0,0.0,0.0,0.0,0.0,0.0
1788745351.9192374,0.0,0.0,0.0,0.0,0.0,0.0
1788745351.9689956,0.0,0.0,0.0,0.0,0.0,0.0
1788745352.019046,0.0,0.0,0.0,0.0,0.0,0.0
1788745352.0690773,0.0,0.0,0.0,0.0,0.0,0.0
1788745352.1192524,0.0,0.0,0.0,0.0,0.0,0.0
1788745352.169174,0.0,0.0,0.0,0.0,0.0,0.0
1788745352.2192068,0.0,0.0,0.0,0.0,0.0,0.0
1788745352.2689328,0.0,0.0,0.0,0.0,0.0,0.0
1788745352.3190713,0.0,0.0,0.0,0.0,0.0,0.0
1788745352.3691483,0.0,0.0,0.0,0.0,0.0,0.0
1788745352.4190295,0.0,0.0,0.0,0.0,0.0,0.0
1788745352.4689934,0.0,0.0,0.0,0.0,0.0,0.0
1788745352.5190296,0.0,0.0,0.0,0.0,0.0,0.0
1788745352.5688703,0.0,0.0,0.0,0.0,0.0,0.0
1788745352.6190102,0.0,0.0,0.0,0.0,0.0,0.0
1788745352.6690145,0.0,0.0,0.0,0.0,0.0,0.0
1788745352.7190323,0.0,0.0,0.0,0.0,0.0,0.0
1788745352.768793,0.0,0.0,0.0,0.0,0.0,0.0
1788745352.8188019,0.0,0.0,0.0,0.0,0.0,0.0
1788745352.8689158,0.0,0.0,0.0,0.0,0.0,0.0
1788745352.9189866,0.0,0.0,0.0,0.0,0.0,0.0
1788745352.9688215,0.0,0.0,0.0,0.0,0.0,0.0
1788745353.0190804,0.0,0.0,0.0,0.0,0.0,0.0
1788745353.068875,0.0,0.0,0.0,0.0,0.0,0.0
1788745353.1188624,0.0,0.0,0.0,0.0,0.0,0.0
1788745353.1690376,0.0,0.0,0.0,0.0,0.0,0.0
1788745353.218841,0.0,0.0,0.0,0.0,0.0,0.0
1788745353.2688708,0.0,0.0,0.0,0.0,0.0,0.0
1788745353.3191907,0.0,0.0,0.0,0.0,0.0,0.0
1788745353.3692067,0.0,0.0,0.0,0.0,0.0,0.0
1788745353.418851,0.0,0.0,0.0,0.0,0.0,0.0
1788745353.4692318,0.0,0.0,0.0,0.0,0.0,0.0
1788745353.5191245,0.0,0.0,0.0,0.0,0.0,0.0
1788745353.5689259,0.0,0.0,0.0,0.0,0.0,0.0
1788745353.6190004,0.0,0.0,0.0,0.0,0.0,0.0
1788745353.6691082,0.0,0.0,0.0,0.0,0.0,0.0
1788745353.7191765,0.0,0.0,0.0,0.0,0.0,0.0
1788745353.76891,0.0,0.0,0.0,0.0,0.0,0.0
1788745353.819111,0.0,0.0,0.0,0.0,0.0,0.0
1788745353.8688607,0.0,0.0,0.0,0.0,0.0,0.0
1788745353.919008,0.0,0.0,0.0,0.0,0.0,0.0
1788745353.9689362,0.0,0.0,0.0,0.0,0.0,0.0
1788745354.0190291,0.0,0.0,0.0,0.0,0.0,0.0
1788745354.0690773,0.0,0.0,0.0,0.0,0.0,0.0
1788745354.118858,0.0,0.0,0.0,0.0,0.0,0.0
1788745354.169183,0.0,0.0,0.0,0.0,0.0,0.0
1788745354.2190592,0.0,0.0,0.0,0.0,0.0,0.0
1788745354.2690735,0.0,0.0,0.0,0.0,0.0,0.0
1788745354.3188334,0.0,0.0,0.0,0.0,0.0,0.0
1788745354.368793,0.0,0.0,0.0,0.0,0.0,0.0
1788745354.4188342,0.0,0.0,0.0,0.0,0.0,0.0
1788745354.4690118,0.0,0.0,0.0,0.0,0.0,0.0
1788745354.5191772,0.0,0.0,0.0,0.0,0.0,0.0
1788745354.5689409,0.0,0.0,0.0,0.0,0.0,0.0
1788745354.6191573,0.0,0.0,0.0,0.0,0.0,0.0
1788745354.6692667,0.0,0.0,0.0,0.0,0.0,0.0
1788745354.7188926,0.0,0.0,0.0,0.0,0.0,0.0
1788745354.7686794,0.0,0.0,0.0,0.0,0.0,0.0
1788745354.818757,0.0,0.0,0.0,0.0,0.0,0.0
1788745354.8688905,0.0,0.0,0.0,0.0,0.0,0.0
1788745354.9190118,0.0,0.0,0.0,0.0,0.0,0.0
1788745354.9689507,0.0,0.0,0.0,0.0,0.0,0.0
1788745355.0189676,0.0,0.0,0.0,0.0,0.0,0.0
1788745355.068951,0.0,0.0,0.0,0.0,0.0,0.0
1788745355.119095,0.0,0.0,0.0,0.0,0.0,0.0
1788745355.1689477,0.0,0.0,0.0,0.0,0.0,0.0
1788745355.219151,0.0,0.0,0.0,0.0,0.0,0.0
1788745355.268985,0.0,0.0,0.0,0.0,0.0,0.0
1788745355.3191714,0.0,0.0,0.0,0.0,0.0,0.0
1788745355.3691483,0.0,0.0,0.0,0.0,0.0,0.0
1788745355.419157,0.0,0.0,0.0,0.0,0.0,0.0
1788745355.468875,0.0,0.0,0.0,0.0,0.0,0.0
1788745355.5192196,0.0,0.0,0.0,0.0,0.0,0.0
1788745355.5691195,0.0,0.0,0.0,0.0,0.0,0.0
1788745355.6191437,0.0,0.0,0.0,0.0,0.0,0.0
1788745355.6689477,0.0,0.0,0.0,0.0,0.0,0.0
1788745355.7189617,0.0,0.0,0.0,0.0,0.0,0.0
1788745355.7691417,0.0,0.0,0.0,0.0,0.0,0.0
1788745355.8192527,0.0,0.0,0.0,0.0,0.0,0.0
1788745355.8686814,0.0,0.0,0.0,0.0,0.0,0.0
1788745355.9190319,0.0,0.0,0.0,0.0,0.0,0.0
1788745355.9689202,0.0,0.0,0.0,0.0,0.0,0.0
1788745356.01888,0.0,0.0,0.0,0.0,0.0,0.0
1788745356.0687585,0.0,0.0,0.0,0.0,0.0,0.0
1788745356.118878,0.0,0.0,0.0,0.0,0.0,0.0
1788745356.1690156,0.0,0.0,0.0,0.0,0.0,0.0
1788745356.2188962,0.0,0.0,0.0,0.0,0.0,0.0
1788745356.2689257,0.0,0.0,0.0,0.0,0.0,0.0
1788745356.3187501,0.0,0.0,0.0,0.0,0.0,0.0
1788745356.36904,0.0,0.0,0.0,0.0,0.0,0.0
1788745356.4187853,0.0,0.0,0.0,0.0,0.0,0.0
1788745356.4691112,0.0,0.0,0.0,0.0,0.0,0.0
1788745356.519057,0.0,0.0,0.0,0.0,0.0,0.0
1788745356.5687127,0.0,0.0,0.0,0.0,0.0,0.0
1788745356.6188688,0.0,0.0,0.0,0.0,0.0,0.0
1788745356.6690955,0.0,0.0,0.0,0.0,0.0,0.0
1788745356.7189822,0.0,0.0,0.0,0.0,0.0,0.0
1788745356.7688096,0.0,0.0,0.0,0.0,0.0,0.0
1788745356.8190117,0.0,0.0,0.0,0.0,0.0,0.0
1788745356.8689327,0.0,0.0,0.0,0.0,0.0,0.0
1788745356.9190824,0.0,0.0,0.0,0.0,0.0,0.0
1788745356.969065,0.0,0.0,0.0,0.0,0.0,0.0
1788745357.0190616,0.0,0.0,0.0,0.0,0.0,0.0
1788745357.0690742,0.0,0.0,0.0,0.0,0.0,0.0
1788745357.1190367,0.0,0.0,0.0,0.0,0.0,0.0
1788745357.1690042,0.0,0.0,0.0,0.0,0.0,0.0
1788745357.2190917,0.0,0.0,0.0,0.0,0.0,0.0
1788745357.269033,0.0,0.0,0.0,0.0,0.0,0.0
1788745357.3189354,0.0,0.0,0.0,0.0,0.0,0.0
1788745357.3688476,0.0,0.0,0.0,0.0,0.0,0.0
1788745357.418855,0.0,0.0,0.0,0.0,0.0,0.0
1788745357.4690428,0.0,0.0,0.0,0.0,0.0,0.0
1788745357.5185976,0.0,0.0,0.0,0.0,0.0,0.0
1788745357.569103,0.0,0.0,0.0,0.0,0.0,0.0
1788745357.6189418,0.0,0.0,0.0,0.0,0.0,0.0
1788745357.669059,0.0,0.0,0.0,0.0,0.0,0.0
1788745357.7188604,0.0,0.0,0.0,0.0,0.0,0.0
1788745357.7692425,0.0,0.0,0.0,0.0,0.0,0.0
1788745357.8189006,0.0,0.0,0.0,0.0,0.0,0.0
1788745357.8692083,0.0,0.0,0.0,0.0,0.0,0.0
1788745357.9194098,0.0,0.0,0.0,0.0,0.0,0.0
1788745357.9690464,0.0,0.0,0.0,0.0,0.0,0.0
1788745358.0189724,0.0,0.0,0.0,0.0,0.0,0.0
1788745358.068946,0.0,0.0,0.0,0.0,0.0,0.0
1788745358.119126,0.0,0.0,0.0,0.0,0.0,0.0
1788745358.168833,0.0,0.0,0.0,0.0,0.0,0.0
1788745358.2187684,0.0,0.0,0.0,0.0,0.0,0.0
1788745358.268929,0.0,0.0,0.0,0.0,0.0,0.0
1788745358.3188624,0.0,0.0,0.0,0.0,0.0,0.0
1788745358.368771,0.0,0.0,0.0,0.0,0.0,0.0
1788745358.4190073,0.0,0.0,0.0,0.0,0.0,0.0
1788745358.4691575,0.0,0.0,0.0,0.0,0.0,0.0
1788745358.5189106,0.0,0.0,0.0,0.0,0.0,0.0
1788745358.5687563,0.0,0.0,0.0,0.0,0.0,0.0
1788745358.6189988,0.0,0.0,0.0,0.0,0.0,0.0
1788745358.6691015,0.0,0.0,0.0,0.0,0.0,0.0
1788745358.7189178,0.0,0.0,0.0,0.0,0.0,0.0
1788745358.768963,0.0,0.0,0.0,0.0,0.0,0.0
1788745358.8192394,0.0,0.0,0.0,0.0,0.0,0.0
1788745358.868883,0.0,0.0,0.0,0.0,0.0,0.0
1788745358.918902,0.0,0.0,0.0,0.0,0.0,0.0
1788745358.969009,0.0,0.0,0.0,0.0,0.0,0.0
1788745359.019327,0.0,0.0,0.0,0.0,0.0,0.0
1788745359.0690424,0.0,0.0,0.0,0.0,0.0,0.0
1788745359.1188366,0.0,0.0,0.0,0.0,0.0,0.0
1788745359.1690679,0.0,0.0,0.0,0.0,0.0,0.0
1788745359.218773,0.0,0.0,0.0,0.0,0.0,0.0
1788745359.2687573,0.0,0.0,0.0,0.0,0.0,0.0
1788745359.319037,0.0,0.0,0.0,0.0,0.0,0.0
1788745359.3688462,0.0,0.0,0.0,0.0,0.0,0.0
1788745359.4190042,0.0,0.0,0.0,0.0,0.0,0.0
1788745359.4693215,0.0,0.0,0.0,0.0,0.0,0.0
1788745359.5189147,0.0,0.0,0.0,0.0,0.0,0.0
1788745359.569084,0.0,0.0,0.0,0.0,0.0,0.0
1788745359.618878,0.0,0.0,0.0,0.0,0.0,0.0
1788745359.6690927,0.0,0.0,0.0,0.0,0.0,0.0
1788745359.7189822,0.0,0.0,0.0,0.0,0.0,0.0
1788745359.769025,0.0,0.0,0.0,0.0,0.0,0.0
1788745359.8189988,0.0,0.0,0.0,0.0,0.0,0.0
1788745359.8690214,0.0,0.0,0.0,0.0,0.0,0.0
1788745359.9190528,0.0,0.0,0.0,0.0,0.0,0.0
1788745359.968869,0.0,0.0,0.0,0.0,0.0,0.0
1788745360.0189698,0.0,0.0,0.0,0.0,0.0,0.0
1788745360.0689225,0.0,0.0,0.0,0.0,0.0,0.0
1788745360.118941,0.0,0.0,0.0,0.0,0.0,0.0
1788745360.1687882,0.0,0.0,0.0,0.0,0.0,0.0
1788745360.218879,0.0,0.0,0.0,0.0,0.0,0.0
1788745360.2688599,0.0,0.0,0.0,0.0,0.0,0.0
1788745360.3187237,0.0,0.0,0.0,0.0,0.0,0.0
1788745360.369132,0.0,0.0,0.0,0.0,0.0,0.0
1788745360.4193206,0.0,0.0,0.0,0.0,0.0,0.0
1788745360.46919,0.0,0.0,0.0,0.0,0.0,0.0
1788745360.5188167,0.0,0.0,0.0,0.0,0.0,0.0
1788745360.5689251,0.0,0.0,0.0,0.0,0.0,0.0
1788745360.6191711,0.0,0.0,0.0,0.0,0.0,0.0
1788745360.6692078,0.0,0.0,0.0,0.0,0.0,0.0
1788745360.7189116,0.0,0.0,0.0,0.0,0.0,0.0
1788745360.768918,0.0,0.0,0.0,0.0,0.0,0.0
1788745360.8190315,0.0,0.0,0.0,0.0,0.0,0.0
1788745360.8689642,0.0,0.0,0.0,0.0,0.0,0.0
1788745360.918931,0.0,0.0,0.0,0.0,0.0,0.0
1788745360.9690952,0.0,0.0,0.0,0.0,0.0,0.0
1788745361.0188818,0.0,0.0,0.0,0.0,0.0,0.0
1788745361.0686793,0.0,0.0,0.0,0.0,0.0,0.0
1788745361.1188147,0.0,0.0,0.0,0.0,0.0,0.0
1788745361.1689985,0.0,0.0,0.0,0.0,0.0,0.0
1788745361.219006,0.0,0.0,0.0,0.0,0.0,0.0
1788745361.2690377,0.0,0.0,0.0,0.0,0.0,0.0
1788745361.319101,0.0,0.0,0.0,0.0,0.0,0.0
1788745361.3690746,0.0,0.0,0.0,0.0,0.0,0.0
1788745361.418977,0.0,0.0,0.0,0.0,0.0,0.0
1788745361.4689622,0.0,0.0,0.0,0.0,0.0,0.0
1788745361.5189798,0.0,0.0,0.0,0.0,0.0,0.0
1788745361.5692601,0.0,0.0,0.0,0.0,0.0,0.0
1788745361.6190364,0.0,0.0,0.0,0.0,0.0,0.0
1788745361.6690435,0.0,0.0,0.0,0.0,0.0,0.0
1788745361.7190049,0.0,0.0,0.0,0.0,0.0,0.0
1788745361.7691278,0.0,0.0,0.0,0.0,0.0,0.0
1788745361.8191466,0.0,0.0,0.0,0.0,0.0,0.0
1788745361.8691378,0.0,0.0,0.0,0.0,0.0,0.0
1788745361.9189692,0.0,0.0,0.0,0.0,0.0,0.0
1788745361.9690108,0.0,0.0,0.0,0.0,0.0,0.0
1788745362.0188138,0.0,0.0,0.0,0.0,0.0,0.0
1788745362.0690482,0.0,0.0,0.0,0.0,0.0,0.0
1788745362.11884,0.0,0.0,0.0,0.0,0.0,0.0
1788745362.1687489,0.0,0.0,0.0,0.0,0.0,0.0
1788745362.2191176,0.0,0.0,0.0,0.0,0.0,0.0
1788745362.268942,0.0,0.0,0.0,0.0,0.0,0.0
1788745362.3189533,0.0,0.0,0.0,0.0,0.0,0.0
1788745362.3690572,0.0,0.0,0.0,0.0,0.0,0.0
1788745362.4187586,0.0,0.0,0.0,0.0,0.0,0.0
1788745362.4689934,0.0,0.0,0.0,0.0,0.0,0.0
1788745362.518647,0.0,0.0,0.0,0.0,0.0,0.0
1788745362.5688853,0.0,0.0,0.0,0.0,0.0,0.0
1788745362.6188776,0.0,0.0,0.0,0.0,0.0,0.0
1788745362.6691601,0.0,0.0,0.0,0.0,0.0,0.0
