stamp,vx,vy,vz,wx,wy,wz
1788815293.170395,0.0,0.0,0.0,0.0,0.0,0.0
1788815293.2204971,0.0,0.0,0.0,0.0,0.0,0.0
1788815293.2701652,0.0,0.0,0.0,0.0,0.0,0.0
1788815293.608283,0.0,0.0,0.0,0.0,0.0,0.0
1788815293.6091998,0.0,0.0,0.0,0.0,0.0,0.0
1788815293.6100676,0.0,0.0,0.0,0.0,0.0,0.0
1788815293.6204362,0.0,0.0,0.0,0.0,0.0,0.0
1788815293.6702852,0.0,0.0,0.0,0.0,0.0,0.0
1788815293.7204816,0.0,0.0,0.0,0.0,0.0,0.0
1788815293.7702975,0.0,0.0,0.0,0.0,0.0,0.0
1788815293.8201935,0.0,0.0,0.0,0.0,0.0,0.0
1788815293.8702798,0.0,0.0,0.0,0.0,0.0,0.0
1788815293.9202847,0.0,0.0,0.0,0.0,0.0,0.0
1788815293.9701588,0.0,0.0,0.0,0.0,0.0,0.0
1788815294.0205712,0.0,0.0,0.0,0.0,0.0,0.0
1788815294.070233,0.0,0.0,0.0,0.0,0.0,0.0
1788815294.1203604,0.0,0.0,0.0,0.0,0.0,0.0
1788815294.170173,0.0,0.0,0.0,0.0,0.0,0.0
1788815294.2201266,0.0,0.0,0.0,0.0,0.0,0.0
1788815294.2706375,0.0,0.0,0.0,0.0,0.0,0.0
1788815294.3204484,0.0,0.0,0.0,0.0,0.0,0.0
1788815294.3702803,0.0,0.0,0.0,0.0,0.0,0.0
1788815294.420331,0.0,0.0,0.0,0.0,0.0,0.0
1788815294.7685757,0.0,0.0,0.0,0.0,0.0,0.0
1788815294.7695565,0.0,0.0,0.0,0.0,0.0,0.0
1788815294.7701492,0.0,0.0,0.0,0.0,0.0,0.0
1788815294.8202426,0.0,0.0,0.0,0.0,0.0,0.0
1788815294.8705375,0.0,0.0,0.0,0.0,0.0,0.0
1788815294.9201722,0.0,0.0,0.0,0.0,0.0,0.0
1788815294.9703681,0.0,0.0,0.0,0.0,0.0,0.0
1788815295.0203676,0.0,0.0,0.0,0.0,0.0,0.0
1788815295.0702298,0.0,0.0,0.0,0.0,0.0,0.0
1788815295.1204405,0.0,0.0,0.0,0.0,0.0,0.0
1788815295.170277,0.0,0.0,0.0,0.0,0.0,0.0
1788815295.2202196,0.0,0.0,0.0,0.0,0.0,0.0
1788815295.2703567,0.0,0.0,0.0,0.0,0.0,0.0
1788815295.3202899,0.0,0.0,0.0,0.0,0.0,0.0
1788815295.3705328,0.0,0.0,0.0,0.0,0.0,0.0
1788815295.420169,0.0,0.0,0.0,0.0,0.0,0.0
1788815295.4701343,0.0,0.0,0.0,0.0,0.0,0.0
1788815295.520203,0.0,0.0,0.0,0.0,0.0,0.0
1788815295.5703037,0.0,0.0,0.0,0.0,0.0,0.0
1788815295.6201332,0.0,0.0,0.0,0.0,0.0,0.0
1788815295.6702707,0.0,0.0,0.0,0.0,0.0,0.0
1788815295.7204335,0.0,0.0,0.0,0.0,0.0,0.0
1788815295.7705853,0.0,0.0,0.0,0.0,0.0,0.0
1788815295.82026,0.0,0.0,0.0,0.0,0.0,0.0
1788815295.8706253,0.0,0.0,0.0,0.0,0.0,0.0
1788815295.9204037,0.0,0.0,0.0,0.0,0.0,0.0
1788815295.970203,0.0,0.0,0.0,0.0,0.0,0.0
1788815296.020239,0.0,0.0,0.0,0.0,0.0,0.0
1788815296.0704327,0.0,0.0,0.0,0.0,0.0,0.0
1788815296.1200998,0.0,0.0,0.0,0.0,0.0,0.0
1788815296.1702628,0.0,0.0,0.0,0.0,0.0,0.0
1788815296.2201252,0.0,0.0,0.0,0.0,0.0,0.0
1788815296.2702904,0.0,0.0,0.0,0.0,0.0,0.0
1788815296.320028,0.0,0.0,0.0,0.0,0.0,0.0
1788815296.3704596,0.0,0.0,0.0,0.0,0.0,0.0
1788815296.4203174,0.0,0.0,0.0,0.0,0.0,0.0
1788815296.47031,0.0,0.0,0.0,0.0,0.0,0.0
1788815296.5201433,0.0,0.0,0.0,0.0,0.0,0.0
1788815296.570411,0.0,0.0,0.0,0.0,0.0,0.0
1788815296.620229,0.0,0.0,0.0,0.0,0.0,0.0
1788815296.6703115,0.0,0.0,0.0,0.0,0.0,0.0
1788815296.7201006,0.0,0.0,0.0,0.0,0.0,0.0
1788815296.7707691,0.0,0.0,0.0,0.0,0.0,0.0
1788815296.8203113,0.0,0.0,0.0,0.0,0.0,0.0
1788815296.8703585,0.0,0.0,0.0,0.0,0.0,0.0
1788815296.9202762,0.0,0.0,0.0,0.0,0.0,0.0
1788815296.9705923,0.0,0.0,0.0,0.0,0.0,0.0
1788815297.0200868,0.0,0.0,0.0,0.0,0.0,0.0
1788815297.070229,0.0,0.0,0.0,0.0,0.0,0.0
1788815297.1200483,0.0,0.0,0.0,0.0,0.0,0.0
1788815297.1705394,0.0,0.0,0.0,0.0,0.0,0.0
1788815297.2201498,0.0,0.0,0.0,0.0,0.0,0.0
1788815297.270288,0.0,0.0,0.0,0.0,0.0,0.0
1788815297.3201945,0.0,0.0,0.0,0.0,0.0,0.0
1788815297.3702223,0.0,0.0,0.0,0.0,0.0,0.0
1788815297.4203122,0.0,0.0,0.0,0.0,0.0,0.0
1788815297.4702716,0.0,0.0,0.0,0.0,0.0,0.0
1788815297.5201552,0.0,0.0,0.0,0.0,0.0,0.0
1788815297.570347,0.0,0.0,0.0,0.0,0.0,0.0
1788815297.6199362,0.0,0.0,0.0,0.0,0.0,0.0
1788815297.670244,0.0,0.0,0.0,0.0,0.0,0.0
1788815297.7202778,0.0,0.0,0.0,0.0,0.0,0.0
1788815297.7703147,0.0,0.0,0.0,0.0,0.0,0.0
1788815297.8200798,0.0,0.0,0.0,0.0,0.0,0.0
1788815297.8703086,0.0,0.0,0.0,0.0,0.0,0.0
1788815297.9201455,0.0,0.0,0.0,0.0,0.0,0.0
1788815297.970175,0.0,0.0,0.0,0.0,0.0,0.0
1788815298.0201645,0.0,0.0,0.0,0.0,0.0,0.0
1788815298.0701625,0.0,0.0,0.0,0.0,0.0,0.0
1788815298.120394,0.0,0.0,0.0,0.0,0.0,0.0
1788815298.1704762,0.0,0.0,0.0,0.0,0.0,0.0
1788815298.2202084,0.0,0.0,0.0,0.0,0.0,0.0
1788815298.27027,0.0,0.0,0.0,0.0,0.0,0.0
1788815298.3202522,0.0,0.0,0.0,0.0,0.0,0.0
1788815298.3704193,0.0,0.0,0.0,0.0,0.0,0.0
1788815298.4202118,0.0,0.0,0.0,0.0,0.0,0.0
1788815298.4702406,0.0,0.0,0.0,0.0,0.0,0.0
1788815298.5201702,0.0,0.0,0.0,0.0,0.0,0.0
1788815298.5702186,0.0,0.0,0.0,0.0,0.0,0.0
1788815298.6202714,0.0,0.0,0.0,0.0,0.0,0.0
1788815298.6701884,0.0,0.0,0.0,0.0,0.0,0.0
1788815298.7201843,0.0,0.0,0.0,0.0,0.0,0.0
1788815298.7703054,0.0,0.0,0.0,0.0,0.0,0.0
1788815298.8202,0.0,0.0,0.0,0.0,0.0,0.0
1788815298.870378,0.0,0.0,0.0,0.0,0.0,0.0
1788815298.920433,0.0,0.0,0.0,0.0,0.0,0.0
1788815298.9701846,0.0,0.0,0.0,0.0,0.0,0.0
1788815299.020222,0.0,0.0,0.0,0.0,0.0,0.0
1788815299.0703204,0.0,0.0,0.0,0.0,0.0,0.0
1788815299.120255,0.0,0.0,0.0,0.0,0.0,0.0
1788815299.1701193,0.0,0.0,0.0,0.0,0.0,0.0
1788815299.2201233,0.0,0.0,0.0,0.0,0.0,0.0
1788815299.270172,0.0,0.0,0.0,0.0,0.0,0.0
1788815299.320263,0.0,0.0,0.0,0.0,0.0,0.0
1788815299.370418,0.0,0.0,0.0,0.0,0.0,0.0
1788815299.4202836,0.0,0.0,0.0,0.0,0.0,0.0
1788815299.4701765,0.0,0.0,0.0,0.0,0.0,0.0
1788815299.5204163,0.0,0.0,0.0,0.0,0.0,0.0
1788815299.5701978,0.0,0.0,0.0,0.0,0.0,0.0
1788815299.620085,0.0,0.0,0.0,0.0,0.0,0.0
1788815299.6703372,0.0,0.0,0.0,0.0,0.0,0.0
1788815299.720222,0.0,0.0,0.0,0.0,0.0,0.0
1788815299.7703872,0.0,0.0,0.0,0.0,0.0,0.0
1788815299.8201609,0.0,0.0,0.0,0.0,0.0,0.0
1788815299.870442,0.0,0.0,0.0,0.0,0.0,0.0
1788815299.920299,0.0,0.0,0.0,0.0,0.0,0.0
1788815299.9702451,0.0,0.0,0.0,0.0,0.0,0.0
1788815300.0203366,0.0,0.0,0.0,0.0,0.0,0.0
1788815300.0705364,0.0,0.0,0.0,0.0,0.0,0.0
1788815300.1201131,0.0,0.0,0.0,0.0,0.0,0.0
1788815300.1699681,0.0,0.0,0.0,0.0,0.0,0.0
1788815300.2202086,0.0,0.0,0.0,0.0,0.0,0.0
1788815300.2700744,0.0,0.0,0.0,0.0,0.0,0.0
1788815300.3201618,0.0,0.0,0.0,0.0,0.0,0.0
1788815300.3702536,0.0,0.0,0.0,0.0,0.0,0.0
1788815300.4201982,0.0,0.0,0.0,0.0,0.0,0.0
1788815300.4703171,0.0,0.0,0.0,0.0,0.0,0.0
1788815300.5203395,0.0,0.0,0.0,0.0,0.0,0.0
1788815300.570388,0.0,0.0,0.0,0.0,0.0,0.0
1788815300.6201115,0.0,0.0,0.0,0.0,0.0,0.0
1788815300.6703122,0.0,0.0,0.0,0.0,0.0,0.0
1788815300.720109,0.0,0.0,0.0,0.0,0.0,0.0
1788815300.7702613,0.0,0.0,0.0,0.0,0.0,0.0
1788815300.8202205,0.0,0.0,0.0,0.0,0.0,0.0
1788815300.8703141,0.0,0.0,0.0,0.0,0.0,0.0
1788815300.9200637,0.0,0.0,0.0,0.0,0.0,0.0
1788815300.9703324,0.0,0.0,0.0,0.0,0.0,0.0
1788815301.020072,0.0,0.0,0.0,0.0,0.0,0.0
1788815301.0703337,0.0,0.0,0.0,0.0,0.0,0.0
1788815301.120202,0.0,0.0,0.0,0.0,0.0,0.0
1788815301.170278,0.0,0.0,0.0,0.0,0.0,0.0
1788815301.2200823,0.0,0.0,0.0,0.0,0.0,0.0
1788815301.2703562,0.0,0.0,0.0,0.0,0.0,0.0
1788815301.320225,0.0,0.0,0.0,0.0,0.0,0.0
1788815301.3703604,0.0,0.0,0.0,0.0,0.0,0.0
1788815301.4199173,0.0,0.0,0.0,0.0,0.0,0.0
1788815301.470474,0.0,0.0,0.0,0.0,0.0,0.0
1788815301.5203319,0.0,0.0,0.0,0.0,0.0,0.0
1788815301.5701804,0.0,0.0,0.0,0.0,0.0,0.0
1788815301.6201656,0.0,0.0,0.0,0.0,0.0,0.0
1788815301.6702578,0.0,0.0,0.0,0.0,0.0,0.0
1788815301.7204368,0.0,0.0,0.0,0.0,0.0,0.0
1788815301.7701864,0.0,0.0,0.0,0.0,0.0,0.0
1788815301.8199975,0.0,0.0,0.0,0.0,0.0,0.0
1788815301.8704329,0.0,0.0,0.0,0.0,0.0,0.0
1788815301.9203932,0.0,0.0,0.0,0.0,0.0,0.0
1788815301.9705622,0.0,0.0,0.0,0.0,0.0,0.0
1788815302.0205128,0.0,0.0,0.0,0.0,0.0,0.0
1788815302.0702746,0.0,0.0,0.0,0.0,0.0,0.0
1788815302.1202521,0.0,0.0,0.0,0.0,0.0,0.0
1788815302.170208,0.0,0.0,0.0,0.0,0.0,0.0
1788815302.2202115,0.0,0.0,0.0,0.0,0.0,0.0
1788815302.2701576,0.0,0.0,0.0,0.0,0.0,0.0
1788815302.320332,0.0,0.0,0.0,0.0,0.0,0.0
1788815302.3703294,0.0,0.0,0.0,0.0,0.0,0.0
1788815302.4205616,0.0,0.0,0.0,0.0,0.0,0.0
1788815302.470312,0.0,0.0,0.0,0.0,0.0,0.0
1788815302.5204768,0.0,0.0,0.0,0.0,0.0,0.0
1788815302.57084,0.0,0.0,0.0,0.0,0.0,0.0
1788815302.6202028,0.0,0.0,0.0,0.0,0.0,0.0
1788815302.6703475,0.0,0.0,0.0,0.0,0.0,0.0
1788815302.720211,0.0,0.0,0.0,0.0,0.0,0.0
1788815302.7701156,0.0,0.0,0.0,0.0,0.0,0.0
1788815302.8202696,0.0,0.0,0.0,0.0,0.0,0.0
1788815302.8703032,0.0,0.0,0.0,0.0,0.0,0.0
1788815302.9201677,0.0,0.0,0.0,0.0,0.0,0.0
1788815302.9704292,0.0,0.0,0.0,0.0,0.0,0.0
1788815303.0202162,0.0,0.0,0.0,0.0,0.0,0.0
1788815303.0701048,0.0,0.0,0.0,0.0,0.0,0.0
1788815303.1201038,0.0,0.0,0.0,0.0,0.0,0.0
1788815303.1702077,0.0,0.0,0.0,0.0,0.0,0.0
1788815303.2204142,0.0,0.0,0.0,0.0,0.0,0.0
1788815303.2703931,0.0,0.0,0.0,0.0,0.0,0.0
1788815303.320121,0.0,0.0,0.0,0.0,0.0,0.0
1788815303.3700168,0.0,0.0,0.0,0.0,0.0,0.0
1788815303.4200838,0.0,0.0,0.0,0.0,0.0,0.0
1788815303.4703135,0.0,0.0,0.0,0.0,0.0,0.0
1788815303.5203836,0.0,0.0,0.0,0.0,0.0,0.0
1788815303.5702822,0.0,0.0,0.0,0.0,0.0,0.0
1788815303.6202185,0.0,0.0,0.0,0.0,0.0,0.0
1788815303.6702836,0.0,0.0,0.0,0.0,0.0,0.0
1788815303.720032,0.0,0.0,0.0,0.0,0.0,0.0
1788815303.7706027,0.0,0.0,0.0,0.0,0.0,0.0
1788815303.820122,0.0,0.0,0.0,0.0,0.0,0.0
1788815303.8702848,0.0,0.0,0.0,0.0,0.0,0.0
1788815303.920437,0.0,0.0,0.0,0.0,0.0,0.0
1788815303.970394,0.0,0.0,0.0,0.0,0.0,0.0
1788815304.0201967,0.0,0.0,0.0,0.0,0.0,0.0
1788815304.070428,0.0,0.0,0.0,0.0,0.0,0.0
1788815304.1202877,0.0,0.0,0.0,0.0,0.0,0.0
1788815304.1705246,0.0,0.0,0.0,0.0,0.0,0.0
1788815304.2201982,0.0,0.0,0.0,0.0,0.0,0.0
1788815304.2702549,0.0,0.0,0.0,0.0,0.0,0.0
1788815304.3201942,0.0,0.0,0.0,0.0,0.0,0.0
1788815304.3703096,0.0,0.0,0.0,0.0,0.0,0.0
1788815304.4201827,0.0,0.0,0.0,0.0,0.0,0.0
1788815304.470186,0.0,0.0,0.0,0.0,0.0,0.0
1788815304.520417,0.0,0.0,0.0,0.0,0.0,0.0
1788815304.5708294,0.0,0.0,0.0,0.0,0.0,0.0
1788815304.6201313,0.0,0.0,0.0,0.0,0.0,0.0
1788815304.6757753,0.0,0.0,0.0,0.0,0.0,0.0
1788815304.7202218,0.0,0.0,0.0,0.0,0.0,0.0
1788815304.7725208,0.0,0.0,0.0,0.0,0.0,0.0
1788815304.8201454,0.0,0.0,0.0,0.0,0.0,0.0
1788815304.87557,0.0,0.0,0.0,0.0,0.0,0.0
1788815304.920369,0.0,0.0,0.0,0.0,0.0,0.0
1788815304.9703703,0.0,0.0,0.0,0.0,0.0,0.0
1788815305.0202744,0.0,0.0,0.0,0.0,0.0,0.0
1788815305.0706203,0.0,0.0,0.0,0.0,0.0,0.0
1788815305.1201828,0.0,0.0,0.0,0.0,0.0,0.0
1788815305.176047,0.0,0.0,0.0,0.0,0.0,0.0
1788815305.220323,0.0,0.0,0.0,0.0,0.0,0.0
1788815305.2702105,0.0,0.0,0.0,0.0,0.0,0.0
1788815305.3201306,0.0,0.0,0.0,0.0,0.0,0.0
1788815305.3707333,0.0,0.0,0.0,0.0,0.0,0.0
1788815305.4202762,0.0,0.0,0.0,0.0,0.0,0.0
1788815305.4714968,0.0,0.0,0.0,0.0,0.0,0.0
1788815305.5204012,0.0,0.0,0.0,0.0,0.0,0.0
1788815305.5722196,0.0,0.0,0.0,0.0,0.0,0.0
1788815305.6201117,0.0,0.0,0.0,0.0,0.0,0.0
1788815305.6712914,0.0,0.0,0.0,0.0,0.0,0.0
1788815305.7203512,0.0,0.0,0.0,0.0,0.0,0.0
1788815305.770335,0.0,0.0,0.0,0.0,0.0,0.0
1788815305.8203943,0.0,0.0,0.0,0.0,0.0,0.0
1788815305.8704453,0.0,0.0,0.0,0.0,0.0,0.0
1788815305.9203198,0.0,0.0,0.0,0.0,0.0,0.0
1788815305.9761674,0.0,0.0,0.0,0.0,0.0,0.0
1788815306.0205088,0.0,0.0,0.0,0.0,0.0,0.0
1788815306.070424,0.0,0.0,0.0,0.0,0.0,0.0
1788815306.1200323,0.0,0.0,0.0,0.0,0.0,0.0
1788815306.1702936,0.0,0.0,0.0,0.0,0.0,0.0
1788815306.2204802,0.0,0.0,0.0,0.0,0.0,0.0
1788815306.270678,0.0,0.0,0.0,0.0,0.0,0.0
1788815306.3200905,0.0,0.0,0.0,0.0,0.0,0.0
1788815306.3726473,0.0,0.0,0.0,0.0,0.0,0.0
1788815306.4202182,0.0,0.0,0.0,0.0,0.0,0.0
1788815306.4787393,0.0,0.0,0.0,0.0,0.0,0.0
1788815306.5200577,0.0,0.0,0.0,0.0,0.0,0.0
1788815306.5731833,0.0,0.0,0.0,0.0,0.0,0.0
1788815306.6198974,0.0,0.0,0.0,0.0,0.0,0.0
1788815306.6699274,0.0,0.0,0.0,0.0,0.0,0.0
1788815306.7201324,0.0,0.0,0.0,0.0,0.0,0.0
1788815306.7713602,0.0,0.0,0.0,0.0,0.0,0.0
1788815306.8201694,0.0,0.0,0.0,0.0,0.0,0.0
1788815306.8714647,0.0,0.0,0.0,0.0,0.0,0.0
1788815306.9202704,0.0,0.0,0.0,0.0,0.0,0.0
1788815306.9701736,0.0,0.0,0.0,0.0,0.0,0.0
1788815307.0202434,0.0,0.0,0.0,0.0,0.0,0.0
1788815307.070776,0.0,0.0,0.0,0.0,0.0,0.0
1788815307.1202247,0.0,0.0,0.0,0.0,0.0,0.0
1788815307.1704898,0.0,0.0,0.0,0.0,0.0,0.0
1788815307.2202923,0.0,0.0,0.0,0.0,0.0,0.0
1788815307.270352,0.0,0.0,0.0,0.0,0.0,0.0
1788815307.320841,0.0,0.0,0.0,0.0,0.0,0.0
1788815307.3702257,0.0,0.0,0.0,0.0,0.0,0.0
1788815307.4202867,0.0,0.0,0.0,0.0,0.0,0.0
1788815307.4703588,0.0,0.0,0.0,0.0,0.0,0.0
1788815307.520215,0.0,0.0,0.0,0.0,0.0,0.0
1788815307.5701957,0.0,0.0,0.0,0.0,0.0,0.0
1788815307.6202216,0.0,0.0,0.0,0.0,0.0,0.0
1788815307.670195,0.0,0.0,0.0,0.0,0.0,0.0
1788815307.7202117,0.0,0.0,0.0,0.0,0.0,0.0
1788815307.7704377,0.0,0.0,0.0,0.0,0.0,0.0
1788815307.8202572,0.0,0.0,0.0,0.0,0.0,0.0
1788815307.8701868,0.0,0.0,0.0,0.0,0.0,0.0
1788815307.9202025,0.0,0.0,0.0,0.0,0.0,0.0
1788815307.9702902,0.0,0.0,0.0,0.0,0.0,0.0
1788815308.0201526,0.0,0.0,0.0,0.0,0.0,0.0
1788815308.0702012,0.0,0.0,0.0,0.0,0.0,0.0
1788815308.1202254,0.0,0.0,0.0,0.0,0.0,0.0
1788815308.1700745,0.0,0.0,0.0,0.0,0.0,0.0
1788815308.2201982,0.0,0.0,0.0,0.0,0.0,0.0
1788815308.270325,0.0,0.0,0.0,0.0,0.0,0.0
1788815308.320249,0.0,0.0,0.0,0.0,0.0,0.0
1788815308.3703852,0.0,0.0,0.0,0.0,0.0,0.0
1788815308.420235,0.0,0.0,0.0,0.0,0.0,0.0
1788815308.470514,0.0,0.0,0.0,0.0,0.0,0.0
1788815308.5203075,0.0,0.0,0.0,0.0,0.0,0.0
1788815308.5703144,0.0,0.0,0.0,0.0,0.0,0.0
1788815308.620306,0.0,0.0,0.0,0.0,0.0,0.0
1788815308.6702335,0.0,0.0,0.0,0.0,0.0,0.0
1788815308.7203171,0.0,0.0,0.0,0.0,0.0,0.0
1788815308.7701447,0.0,0.0,0.0,0.0,0.0,0.0
1788815308.8201149,0.0,0.0,0.0,0.0,0.0,0.0
1788815308.870175,0.0,0.0,0.0,0.0,0.0,0.0
1788815308.920474,0.0,0.0,0.0,0.0,0.0,0.0
1788815308.9701264,0.0,0.0,0.0,0.0,0.0,0.0
1788815309.0201342,0.0,0.0,0.0,0.0,0.0,0.0
1788815309.0703676,0.0,0.0,0.0,0.0,0.0,0.0
1788815309.120267,0.0,0.0,0.0,0.0,0.0,0.0
1788815309.1702678,0.0,0.0,0.0,0.0,0.0,0.0
1788815309.2202542,0.0,0.0,0.0,0.0,0.0,0.0
1788815309.2702699,0.0,0.0,0.0,0.0,0.0,0.0
1788815309.3201368,0.0,0.0,0.0,0.0,0.0,0.0
1788815309.370153,0.0,0.0,0.0,0.0,0.0,0.0
1788815309.4203057,0.0,0.0,0.0,0.0,0.0,0.0
1788815309.4700372,0.0,0.0,0.0,0.0,0.0,0.0
1788815309.5201416,0.0,0.0,0.0,0.0,0.0,0.0
1788815309.5703337,0.0,0.0,0.0,0.0,0.0,0.0
1788815309.6204507,0.0,0.0,0.0,0.0,0.0,0.0
1788815309.6702585,0.0,0.0,0.0,0.0,0.0,0.0
1788815309.7202852,0.0,0.0,0.0,0.0,0.0,0.0
1788815309.7701948,0.0,0.0,0.0,0.0,0.0,0.0
1788815309.8202517,0.0,0.0,0.0,0.0,0.0,0.0
1788815309.8702097,0.0,0.0,0.0,0.0,0.0,0.0
1788815309.920293,0.0,0.0,0.0,0.0,0.0,0.0
1788815309.9702137,0.0,0.0,0.0,0.0,0.0,0.0
1788815310.0202067,0.0,0.0,0.0,0.0,0.0,0.0
1788815310.070376,0.0,0.0,0.0,0.0,0.0,0.0
1788815310.1200619,0.0,0.0,0.0,0.0,0.0,0.0
1788815310.1703303,0.0,0.0,0.0,0.0,0.0,0.0
1788815310.2201164,0.0,0.0,0.0,0.0,0.0,0.0
1788815310.270305,0.0,0.0,0.0,0.0,0.0,0.0
1788815310.3202052,0.0,0.0,0.0,0.0,0.0,0.0
1788815310.3704896,0.0,0.0,0.0,0.0,0.0,0.0
1788815310.4202313,0.0,0.0,0.0,0.0,0.0,0.0
1788815310.4702725,0.0,0.0,0.0,0.0,0.0,0.0
1788815310.520143,0.0,0.0,0.0,0.0,0.0,0.0
1788815310.570186,0.0,0.0,0.0,0.0,0.0,0.0
1788815310.6204157,0.0,0.0,0.0,0.0,0.0,0.0
1788815310.6703665,0.0,0.0,0.0,0.0,0.0,0.0
1788815310.7203882,0.0,0.0,0.0,0.0,0.0,0.0
1788815310.7703974,0.0,0.0,0.0,0.0,0.0,0.0
1788815310.8203301,0.0,0.0,0.0,0.0,0.0,0.0
1788815310.8702567,0.0,0.0,0.0,0.0,0.0,0.0
1788815310.9202034,0.0,0.0,0.0,0.0,0.0,0.0
1788815310.9701993,0.0,0.0,0.0,0.0,0.0,0.0
1788815311.020044,0.0,0.0,0.0,0.0,0.0,0.0
1788815311.0702863,0.0,0.0,0.0,0.0,0.0,0.0
1788815311.1203973,0.0,0.0,0.0,0.0,0.0,0.0
1788815311.1702483,0.0,0.0,0.0,0.0,0.0,0.0
1788815311.2202797,0.0,0.0,0.0,0.0,0.0,0.0
1788815311.2704008,0.0,0.0,0.0,0.0,0.0,0.0
1788815311.3207083,0.0,0.0,0.0,0.0,0.0,0.0
1788815311.370351,0.0,0.0,0.0,0.0,0.0,0.0
1788815311.4201858,0.0,0.0,0.0,0.0,0.0,0.0
1788815311.470263,0.0,0.0,0.0,0.0,0.0,0.0
1788815311.5201898,0.0,0.0,0.0,0.0,0.0,0.0
1788815311.5702186,0.0,0.0,0.0,0.0,0.0,0.0
1788815311.6203182,0.0,0.0,0.0,0.0,0.0,0.0
1788815311.6704972,0.0,0.0,0.0,0.0,0.0,0.0
1788815311.7202077,0.0,0.0,0.0,0.0,0.0,0.0
1788815311.77028,0.0,0.0,0.0,0.0,0.0,0.0
1788815311.8203318,0.0,0.0,0.0,0.0,0.0,0.0
1788815311.8703477,0.0,0.0,0.0,0.0,0.0,0.0
1788815311.9199975,0.0,0.0,0.0,0.0,0.0,0.0
1788815311.9702907,0.0,0.0,0.0,0.0,0.0,0.0
1788815312.0201156,0.0,0.0,0.0,0.0,0.0,0.0
1788815312.0703251,0.0,0.0,0.0,0.0,0.0,0.0
1788815312.1206858,0.0,0.0,0.0,0.0,0.0,0.0
1788815312.170369,0.0,0.0,0.0,0.0,0.0,0.0
1788815312.2201266,0.0,0.0,0.0,0.0,0.0,0.0
1788815312.2703726,0.0,0.0,0.0,0.0,0.0,0.0
1788815312.32041,0.0,0.0,0.0,0.0,0.0,0.0
1788815312.3704293,0.0,0.0,0.0,0.0,0.0,0.0
1788815312.4200845,0.0,0.0,0.0,0.0,0.0,0.0
1788815312.470382,0.0,0.0,0.0,0.0,0.0,0.0
1788815312.5201592,0.0,0.0,0.0,0.0,0.0,0.0
1788815312.5704148,0.0,0.0,0.0,0.0,0.0,0.0
1788815312.6202323,0.0,0.0,0.0,0.0,0.0,0.0
1788815312.670284,0.0,0.0,0.0,0.0,0.0,0.0
1788815312.720171,0.0,0.0,0.0,0.0,0.0,0.0
1788815312.7704,0.0,0.0,0.0,0.0,0.0,0.0
1788815312.8203418,0.0,0.0,0.0,0.0,0.0,0.0
1788815312.8703182,0.0,0.0,0.0,0.0,0.0,0.0
1788815312.9201407,0.0,0.0,0.0,0.0,0.0,0.0
1788815312.9703681,0.0,0.0,0.0,0.0,0.0,0.0
1788815313.020343,0.0,0.0,0.0,0.0,0.0,0.0
1788815313.0702057,0.0,0.0,0.0,0.0,0.0,0.0
1788815313.1201947,0.0,0.0,0.0,0.0,0.0,0.0
1788815313.1703308,0.0,0.0,0.0,0.0,0.0,0.0
1788815313.220287,0.0,0.0,0.0,0.0,0.0,0.0
1788815313.2702742,0.0,0.0,0.0,0.0,0.0,0.0
1788815313.3202088,0.0,0.0,0.0,0.0,0.0,0.0
1788815313.3703113,0.0,0.0,0.0,0.0,0.0,0.0
1788815313.4200802,0.0,0.0,0.0,0.0,0.0,0.0
1788815313.4703438,0.0,0.0,0.0,0.0,0.0,0.0
1788815313.520352,0.0,0.0,0.0,0.0,0.0,0.0
1788815313.570401,0.0,0.0,0.0,0.0,0.0,0.0
1788815313.6203802,0.0,0.0,0.0,0.0,0.0,0.0
1788815313.670525,0.0,0.0,0.0,0.0,0.0,0.0
1788815313.7203732,0.0,0.0,0.0,0.0,0.0,0.0
1788815313.7707016,0.0,0.0,0.0,0.0,0.0,0.0
1788815313.820256,0.0,0.0,0.0,0.0,0.0,0.0
1788815313.8702626,0.0,0.0,0.0,0.0,0.0,0.0
1788815313.9202986,0.0,0.0,0.0,0.0,0.0,0.0
1788815313.9703119,0.0,0.0,0.0,0.0,0.0,0.0
1788815314.020096,0.0,0.0,0.0,0.0,0.0,0.0
1788815314.070328,0.0,0.0,0.0,0.0,0.0,0.0
1788815314.120024,0.0,0.0,0.0,0.0,0.0,0.0
1788815314.1702578,0.0,0.0,0.0,0.0,0.0,0.0
1788815314.2203798,0.0,0.0,0.0,0.0,0.0,0.0
1788815314.2703757,0.0,0.0,0.0,0.0,0.0,0.0
1788815314.3203585,0.0,0.0,0.0,0.0,0.0,0.0
1788815314.3702772,0.0,0.0,0.0,0.0,0.0,0.0
1788815314.420498,0.0,0.0,0.0,0.0,0.0,0.0
1788815314.4703746,0.0,0.0,0.0,0.0,0.0,0.0
1788815314.5202613,0.0,0.0,0.0,0.0,0.0,0.0
1788815314.5703676,0.0,0.0,0.0,0.0,0.0,0.0
1788815314.6202424,0.0,0.0,0.0,0.0,0.0,0.0
1788815314.670511,0.0,0.0,0.0,0.0,0.0,0.0
1788815314.7204142,0.0,0.0,0.0,0.0,0.0,0.0
1788815314.7701879,0.0,0.0,0.0,0.0,0.0,0.0
1788815314.8204038,0.0,0.0,0.0,0.0,0.0,0.0
1788815314.8703134,0.0,0.0,0.0,0.0,0.0,0.0
1788815314.9202135,0.0,0.0,0.0,0.0,0.0,0.0
1788815314.970178,0.0,0.0,0.0,0.0,0.0,0.0
1788815315.0202172,0.0,0.0,0.0,0.0,0.0,0.0
1788815315.0703535,0.0,0.0,0.0,0.0,0.0,0.0
1788815315.1202621,0.0,0.0,0.0,0.0,0.0,0.0
1788815315.1705232,0.0,0.0,0.0,0.0,0.0,0.0
1788815315.2201557,0.0,0.0,0.0,0.0,0.0,0.0
1788815315.2704096,0.0,0.0,0.0,0.0,0.0,0.0
1788815315.320279,0.0,0.0,0.0,0.0,0.0,0.0
1788815315.3703208,0.0,0.0,0.0,0.0,0.0,0.0
1788815315.4202406,0.0,0.0,0.0,0.0,0.0,0.0
1788815315.4702942,0.0,0.0,0.0,0.0,0.0,0.0
1788815315.5202677,0.0,0.0,0.0,0.0,0.0,0.0
1788815315.5704327,0.0,0.0,0.0,0.0,0.0,0.0
1788815315.6203282,0.0,0.0,0.0,0.0,0.0,0.0
1788815315.6703928,0.0,0.0,0.0,0.0,0.0,0.0
1788815315.720373,0.0,0.0,0.0,0.0,0.0,0.0
1788815315.7704725,0.0,0.0,0.0,0.0,0.0,0.0
1788815315.8202343,0.0,0.0,0.0,0.0,0.0,0.0
1788815315.8703146,0.0,0.0,0.0,0.0,0.0,0.0
1788815315.9202652,0.0,0.0,0.0,0.0,0.0,0.0
1788815315.9703658,0.0,0.0,0.0,0.0,0.0,0.0
1788815316.020301,0.0,0.0,0.0,0.0,0.0,0.0
1788815316.070251,0.0,0.0,0.0,0.0,0.0,0.0
1788815316.1202562,0.0,0.0,0.0,0.0,0.0,0.0
1788815316.1701891,0.0,0.0,0.0,0.0,0.0,0.0
1788815316.2202377,0.0,0.0,0.0,0.0,0.0,0.0
1788815316.2702026,0.0,0.0,0.0,0.0,0.0,0.0
1788815316.3202982,0.0,0.0,0.0,0.0,0.0,0.0
1788815316.3705368,0.0,0.0,0.0,0.0,0.0,0.0
1788815316.4202507,0.0,0.0,0.0,0.0,0.0,0.0
1788815316.4704993,0.0,0.0,0.0,0.0,0.0,0.0
1788815316.520303,0.0,0.0,0.0,0.0,0.0,0.0
1788815316.570404,0.0,0.0,0.0,0.0,0.0,0.0
1788815316.6202931,0.0,0.0,0.0,0.0,0.0,0.0
1788815316.670232,0.0,0.0,0.0,0.0,0.0,0.0
1788815316.7203014,0.0,0.0,0.0,0.0,0.0,0.0
1788815316.7703872,0.0,0.0,0.0,0.0,0.0,0.0
1788815316.8203425,0.0,0.0,0.0,0.0,0.0,0.0
1788815316.8703296,0.0,0.0,0.0,0.0,0.0,0.0
1788815316.9202363,0.0,0.0,0.0,0.0,0.0,0.0
1788815316.970129,0.0,0.0,0.0,0.0,0.0,0.0
1788815317.0201914,0.0,0.0,0.0,0.0,0.0,0.0
1788815317.07032,0.0,0.0,0.0,0.0,0.0,0.0
1788815317.120209,0.0,0.0,0.0,0.0,0.0,0.0
1788815317.1703894,0.0,0.0,0.0,0.0,0.0,0.0
1788815317.2199845,0.0,0.0,0.0,0.0,0.0,0.0
1788815317.2704055,0.0,0.0,0.0,0.0,0.0,0.0
1788815317.3202589,0.0,0.0,0.0,0.0,0.0,0.0
1788815317.3702466,0.0,0.0,0.0,0.0,0.0,0.0
1788815317.4202893,0.0,0.0,0.0,0.0,0.0,0.0
1788815317.4701319,0.0,0.0,0.0,0.0,0.0,0.0
1788815317.5202315,0.0,0.0,0.0,0.0,0.0,0.0
1788815317.570288,0.0,0.0,0.0,0.0,0.0,0.0
1788815317.620207,0.0,0.0,0.0,0.0,0.0,0.0
1788815317.6704252,0.0,0.0,0.0,0.0,0.0,0.0
1788815317.7198465,0.0,0.0,0.0,0.0,0.0,0.0
1788815317.7704027,0.0,0.0,0.0,0.0,0.0,0.0
1788815317.8200192,0.0,0.0,0.0,0.0,0.0,0.0
1788815317.8704264,0.0,0.0,0.0,0.0,0.0,0.0
1788815317.9202363,0.0,0.0,0.0,0.0,0.0,0.0
1788815317.9706535,0.0,0.0,0.0,0.0,0.0,0.0
1788815318.020395,0.0,0.0,0.0,0.0,0.0,0.0
1788815318.0702174,0.0,0.0,0.0,0.0,0.0,0.0
1788815318.1202824,0.0,0.0,0.0,0.0,0.0,0.0
1788815318.1705177,0.0,0.0,0.0,0.0,0.0,0.0
1788815318.220115,0.0,0.0,0.0,0.0,0.0,0.0
1788815318.2703822,0.0,0.0,0.0,0.0,0.0,0.0
1788815318.320055,0.0,0.0,0.0,0.0,0.0,0.0
1788815318.370262,0.0,0.0,0.0,0.0,0.0,0.0
1788815318.420165,0.0,0.0,0.0,0.0,0.0,0.0
1788815318.4699972,0.0,0.0,0.0,0.0,0.0,0.0
1788815318.5203044,0.0,0.0,0.0,0.0,0.0,0.0
1788815318.5702777,0.0,0.0,0.0,0.0,0.0,0.0
1788815318.6203249,0.0,0.0,0.0,0.0,0.0,0.0
1788815318.6699662,0.0,0.0,0.0,0.0,0.0,0.0
1788815318.720119,0.0,0.0,0.0,0.0,0.0,0.0
1788815318.770239,0.0,0.0,0.0,0.0,0.0,0.0
1788815318.8203154,0.0,0.0,0.0,0.0,0.0,0.0
1788815318.870201,0.0,0.0,0.0,0.0,0.0,0.0
1788815318.9202452,0.0,0.0,0.0,0.0,0.0,0.0
1788815318.9702158,0.0,0.0,0.0,0.0,0.0,0.0
1788815319.0201626,0.0,0.0,0.0,0.0,0.0,0.0
1788815319.0703547,0.0,0.0,0.0,0.0,0.0,0.0
1788815319.1202729,0.0,0.0,0.0,0.0,0.0,0.0
1788815319.1703572,0.0,0.0,0.0,0.0,0.0,0.0
1788815319.2202475,0.0,0.0,0.0,0.0,0.0,0.0
1788815319.2701943,0.0,0.0,0.0,0.0,0.0,0.0
1788815319.3201933,0.0,0.0,0.0,0.0,0.0,0.0
1788815319.370056,0.0,0.0,0.0,0.0,0.0,0.0
1788815319.420209,0.0,0.0,0.0,0.0,0.0,0.0
1788815319.4704025,0.0,0.0,0.0,0.0,0.0,0.0
1788815319.5201807,0.0,0.0,0.0,0.0,0.0,0.0
1788815319.5703263,0.0,0.0,0.0,0.0,0.0,0.0
1788815319.620176,0.0,0.0,0.0,0.0,0.0,0.0
1788815319.6701133,0.0,0.0,0.0,0.0,0.0,0.0
1788815319.7202082,0.0,0.0,0.0,0.0,0.0,0.0
1788815319.770218,0.0,0.0,0.0,0.0,0.0,0.0
1788815319.8203886,0.0,0.0,0.0,0.0,0.0,0.0
1788815319.8700128,0.0,0.0,0.0,0.0,0.0,0.0
1788815319.920143,0.0,0.0,0.0,0.0,0.0,0.0
1788815319.9704351,0.0,0.0,0.0,0.0,0.0,0.0
1788815320.0202377,0.0,0.0,0.0,0.0,0.0,0.0
1788815320.0704763,0.0,0.0,0.0,0.0,0.0,0.0
1788815320.1204207,0.0,0.0,0.0,0.0,0.0,0.0
1788815320.1702561,0.0,0.0,0.0,0.0,0.0,0.0
1788815320.2203658,0.0,0.0,0.0,0.0,0.0,0.0
1788815320.2701528,0.0,0.0,0.0,0.0,0.0,0.0
1788815320.3202245,0.0,0.0,0.0,0.0,0.0,0.0
1788815320.370164,0.0,0.0,0.0,0.0,0.0,0.0
1788815320.4202123,0.0,0.0,0.0,0.0,0.0,0.0
1788815320.470219,0.0,0.0,0.0,0.0,0.0,0.0
1788815320.5200691,0.0,0.0,0.0,0.0,0.0,0.0
1788815320.5701919,0.0,0.0,0.0,0.0,0.0,0.0
1788815320.6202366,0.0,0.0,0.0,0.0,0.0,0.0
1788815320.6702518,0.0,0.0,0.0,0.0,0.0,0.0
1788815320.7201543,0.0,0.0,0.0,0.0,0.0,0.0
1788815320.7701495,0.0,0.0,0.0,0.0,0.0,0.0
1788815320.820363,0.0,0.0,0.0,0.0,0.0,0.0
1788815320.870356,0.0,0.0,0.0,0.0,0.0,0.0
1788815320.9202242,0.0,0.0,0.0,0.0,0.0,0.0
1788815320.970354,0.0,0.0,0.0,0.0,0.0,0.0
1788815321.0201252,0.0,0.0,0.0,0.0,0.0,0.0
1788815321.0701919,0.0,0.0,0.0,0.0,0.0,0.0
1788815321.1201363,0.0,0.0,0.0,0.0,0.0,0.0
1788815321.1701396,0.0,0.0,0.0,0.0,0.0,0.0
1788815321.2202098,0.0,0.0,0.0,0.0,0.0,0.0
1788815321.27018,0.0,0.0,0.0,0.0,0.0,0.0
1788815321.3200278,0.0,0.0,0.0,0.0,0.0,0.0
1788815321.3703291,0.0,0.0,0.0,0.0,0.0,0.0
1788815321.4204035,0.0,0.0,0.0,0.0,0.0,0.0
1788815321.4705596,0.0,0.0,0.0,0.0,0.0,0.0
1788815321.5203145,0.0,0.0,0.0,0.0,0.0,0.0
1788815321.570281,0.0,0.0,0.0,0.0,0.0,0.0
1788815321.6202111,0.0,0.0,0.0,0.0,0.0,0.0
1788815321.6703665,0.0,0.0,0.0,0.0,0.0,0.0
1788815321.720176,0.0,0.0,0.0,0.0,0.0,0.0
1788815321.7702203,0.0,0.0,0.0,0.0,0.0,0.0
1788815321.8203528,0.0,0.0,0.0,0.0,0.0,0.0
1788815321.8701766,0.0,0.0,0.0,0.0,0.0,0.0
1788815321.9202454,0.0,0.0,0.0,0.0,0.0,0.0
1788815321.9700935,0.0,0.0,0.0,0.0,0.0,0.0
1788815322.020145,0.0,0.0,0.0,0.0,0.0,0.0
1788815322.070182,0.0,0.0,0.0,0.0,0.0,0.0
1788815322.1201606,0.0,0.0,0.0,0.0,0.0,0.0
1788815322.1702976,0.0,0.0,0.0,0.0,0.0,0.0
1788815322.220315,0.0,0.0,0.0,0.0,0.0,0.0
1788815322.2701538,0.0,0.0,0.0,0.0,0.0,0.0
1788815322.3202193,0.0,0.0,0.0,0.0,0.0,0.0
1788815322.3701217,0.0,0.0,0.0,0.0,0.0,0.0
1788815322.4202645,0.0,0.0,0.0,0.0,0.0,0.0
1788815322.4703045,0.0,0.0,0.0,0.0,0.0,0.0
1788815322.5201325,0.0,0.0,0.0,0.0,0.0,0.0
1788815322.570252,0.0,0.0,0.0,0.0,0.0,0.0
1788815322.620336,0.0,0.0,0.0,0.0,0.0,0.0
1788815322.6701894,0.0,0.0,0.0,0.0,0.0,0.0
1788815322.7201898,0.0,0.0,0.0,0.0,0.0,0.0
1788815322.7702756,0.0,0.0,0.0,0.0,0.0,0.0
1788815322.8202834,0.0,0.0,0.0,0.0,0.0,0.0
1788815322.8703275,0.0,0.0,0.0,0.0,0.0,0.0
1788815322.9202943,0.0,0.0,0.0,0.0,0.0,0.0
1788815322.970008,0.0,0.0,0.0,0.0,0.0,0.0
1788815323.0201838,0.0,0.0,0.0,0.0,0.0,0.0
1788815323.07017,0.0,0.0,0.0,0.0,0.0,0.0
1788815323.1201346,0.0,0.0,0.0,0.0,0.0,0.0
1788815323.170086,0.0,0.0,0.0,0.0,0.0,0.0
1788815323.2202063,0.0,0.0,0.0,0.0,0.0,0.0
1788815323.2702124,0.0,0.0,0.0,0.0,0.0,0.0
1788815323.3200939,0.0,0.0,0.0,0.0,0.0,0.0
1788815323.3700845,0.0,0.0,0.0,0.0,0.0,0.0
1788815323.4202168,0.0,0.0,0.0,0.0,0.0,0.0
1788815323.470135,0.0,0.0,0.0,0.0,0.0,0.0
1788815323.5202034,0.0,0.0,0.0,0.0,0.0,0.0
1788815323.5701716,0.0,0.0,0.0,0.0,0.0,0.0
1788815323.620186,0.0,0.0,0.0,0.0,0.0,0.0
1788815323.670117,0.0,0.0,0.0,0.0,0.0,0.0
1788815323.7201247,0.0,0.0,0.0,0.0,0.0,0.0
1788815323.7704875,0.0,0.0,0.0,0.0,0.0,0.0
1788815323.820345,0.0,0.0,0.0,0.0,0.0,0.0
1788815323.8700137,0.0,0.0,0.0,0.0,0.0,0.0
1788815323.9201832,0.0,0.0,0.0,0.0,0.0,0.0
1788815323.97045,0.0,0.0,0.0,0.0,0.0,0.0
1788815324.0201313,0.0,0.0,0.0,0.0,0.0,0.0
1788815324.07024,0.0,0.0,0.0,0.0,0.0,0.0
1788815324.1200705,0.0,0.0,0.0,0.0,0.0,0.0
1788815324.1704557,0.0,0.0,0.0,0.0,0.0,0.0
1788815324.2203193,0.0,0.0,0.0,0.0,0.0,0.0
1788815324.2701752,0.0,0.0,0.0,0.0,0.0,0.0
1788815324.3202043,0.0,0.0,0.0,0.0,0.0,0.0
1788815324.3702676,0.0,0.0,0.0,0.0,0.0,0.0
1788815324.420168,0.0,0.0,0.0,0.0,0.0,0.0
1788815324.4705012,0.0,0.0,0.0,0.0,0.0,0.0
1788815324.5201602,0.0,0.0,0.0,0.0,0.0,0.0
1788815324.5700645,0.0,0.0,0.0,0.0,0.0,0.0
1788815324.6202412,0.0,0.0,0.0,0.0,0.0,0.0
1788815324.6700876,0.0,0.0,0.0,0.0,0.0,0.0
1788815324.720101,0.0,0.0,0.0,0.0,0.0,0.0
1788815324.7701716,0.0,0.0,0.0,0.0,0.0,0.0
1788815324.8202243,0.0,0.0,0.0,0.0,0.0,0.0
1788815324.870275,0.0,0.0,0.0,0.0,0.0,0.0
1788815324.9202244,0.0,0.0,0.0,0.0,0.0,0.0
1788815324.9702682,0.0,0.0,0.0,0.0,0.0,0.0
1788815325.0205026,0.0,0.0,0.0,0.0,0.0,0.0
1788815325.0702465,0.0,0.0,0.0,0.0,0.0,0.0
1788815325.1202948,0.0,0.0,0.0,0.0,0.0,0.0
1788815325.1701128,0.0,0.0,0.0,0.0,0.0,0.0
1788815325.220166,0.0,0.0,0.0,0.0,0.0,0.0
1788815325.2703662,0.0,0.0,0.0,0.0,0.0,0.0
1788815325.3201168,0.0,0.0,0.0,0.0,0.0,0.0
1788815325.3702443,0.0,0.0,0.0,0.0,0.0,0.0
1788815325.4201946,0.0,0.0,0.0,0.0,0.0,0.0
1788815325.470213,0.0,0.0,0.0,0.0,0.0,0.0
1788815325.5201733,0.0,0.0,0.0,0.0,0.0,0.0
1788815325.5701303,0.0,0.0,0.0,0.0,0.0,0.0
1788815325.6202207,0.0,0.0,0.0,0.0,0.0,0.0
1788815325.670264,0.0,0.0,0.0,0.0,0.0,0.0
1788815325.7201147,0.0,0.0,0.0,0.0,0.0,0.0
1788815325.7701905,0.0,0.0,0.0,0.0,0.0,0.0
1788815325.8202386,0.0,0.0,0.0,0.0,0.0,0.0
1788815325.8702188,0.0,0.0,0.0,0.0,0.0,0.0
1788815325.919981,0.0,0.0,0.0,0.0,0.0,0.0
1788815325.970262,0.0,0.0,0.0,0.0,0.0,0.0
1788815326.0200229,0.0,0.0,0.0,0.0,0.0,0.0
1788815326.0700796,0.0,0.0,0.0,0.0,0.0,0.0
1788815326.1201308,0.0,0.0,0.0,0.0,0.0,0.0
1788815326.1704223,0.0,0.0,0.0,0.0,0.0,0.0
1788815326.2202396,0.0,0.0,0.0,0.0,0.0,0.0
1788815326.2700047,0.0,0.0,0.0,0.0,0.0,0.0
1788815326.3203497,0.0,0.0,0.0,0.0,0.0,0.0
1788815326.3702762,0.0,0.0,0.0,0.0,0.0,0.0
1788815326.4204617,0.0,0.0,0.0,0.0,0.0,0.0
1788815326.4702325,0.0,0.0,0.0,0.0,0.0,0.0
1788815326.5202956,0.0,0.0,0.0,0.0,0.0,0.0
1788815326.5701385,0.0,0.0,0.0,0.0,0.0,0.0
1788815326.6202676,0.0,0.0,0.0,0.0,0.0,0.0
1788815326.6702862,0.0,0.0,0.0,0.0,0.0,0.0
1788815326.7202826,0.0,0.0,0.0,0.0,0.0,0.0
1788815326.7700377,0.0,0.0,0.0,0.0,0.0,0.0
1788815326.82022,0.0,0.0,0.0,0.0,0.0,0.0
1788815326.8701534,0.0,0.0,0.0,0.0,0.0,0.0
1788815326.9202807,0.0,0.0,0.0,0.0,0.0,0.0
1788815326.970152,0.0,0.0,0.0,0.0,0.0,0.0
1788815327.0202127,0.0,0.0,0.0,0.0,0.0,0.0
1788815327.0701554,0.0,0.0,0.0,0.0,0.0,0.0
1788815327.1202147,0.0,0.0,0.0,0.0,0.0,0.0
1788815327.1700094,0.0,0.0,0.0,0.0,0.0,0.0
1788815327.2203178,0.0,0.0,0.0,0.0,0.0,0.0
1788815327.2701466,0.0,0.0,0.0,0.0,0.0,0.0
1788815327.3201928,0.0,0.0,0.0,0.0,0.0,0.0
1788815327.3702319,0.0,0.0,0.0,0.0,0.0,0.0
1788815327.4202976,0.0,0.0,0.0,0.0,0.0,0.0
1788815327.4702477,0.0,0.0,0.0,0.0,0.0,0.0
1788815327.520327,0.0,0.0,0.0,0.0,0.0,0.0
1788815327.5702307,0.0,0.0,0.0,0.0,0.0,0.0
1788815327.6202152,0.0,0.0,0.0,0.0,0.0,0.0
1788815327.670135,0.0,0.0,0.0,0.0,0.0,0.0
1788815327.720517,0.0,0.0,0.0,0.0,0.0,0.0
1788815327.7703652,0.0,0.0,0.0,0.0,0.0,0.0
1788815327.8203323,0.0,0.0,0.0,0.0,0.0,0.0
1788815327.8700883,0.0,0.0,0.0,0.0,0.0,0.0
1788815327.9203942,0.0,0.0,0.0,0.0,0.0,0.0
1788815327.970236,0.0,0.0,0.0,0.0,0.0,0.0
1788815328.0200942,0.0,0.0,0.0,0.0,0.0,0.0
1788815328.070328,0.0,0.0,0.0,0.0,0.0,0.0
1788815328.120246,0.0,0.0,0.0,0.0,0.0,0.0
1788815328.1701212,0.0,0.0,0.0,0.0,0.0,0.0
1788815328.2204509,0.0,0.0,0.0,0.0,0.0,0.0
1788815328.2700965,0.0,0.0,0.0,0.0,0.0,0.0
1788815328.3201857,0.0,0.0,0.0,0.0,0.0,0.0
1788815328.3702557,0.0,0.0,0.0,0.0,0.0,0.0
1788815328.420302,0.0,0.0,0.0,0.0,0.0,0.0
1788815328.470266,0.0,0.0,0.0,0.0,0.0,0.0
1788815328.5202963,0.0,0.0,0.0,0.0,0.0,0.0
1788815328.5701838,0.0,0.0,0.0,0.0,0.0,0.0
1788815328.6201794,0.0,0.0,0.0,0.0,0.0,0.0
1788815328.670377,0.0,0.0,0.0,0.0,0.0,0.0
1788815328.7201834,0.0,0.0,0.0,0.0,0.0,0.0
1788815328.7703443,0.0,0.0,0.0,0.0,0.0,0.0
1788815328.820316,0.0,0.0,0.0,0.0,0.0,0.0
1788815328.8702908,0.0,0.0,0.0,0.0,0.0,0.0
1788815328.9204254,0.0,0.0,0.0,0.0,0.0,0.0
1788815328.9701223,0.0,0.0,0.0,0.0,0.0,0.0
1788815329.0200915,0.0,0.0,0.0,0.0,0.0,0.0
1788815329.0701418,0.0,0.0,0.0,0.0,0.0,0.0
1788815329.1202161,0.0,0.0,0.0,0.0,0.0,0.0
1788815329.1702645,0.0,0.0,0.0,0.0,0.0,0.0
1788815329.2201676,0.0,0.0,0.0,0.0,0.0,0.0
1788815329.2701144,0.0,0.0,0.0,0.0,0.0,0.0
1788815329.320078,0.0,0.0,0.0,0.0,0.0,0.0
1788815329.3702054,0.0,0.0,0.0,0.0,0.0,0.0
1788815329.4205847,0.0,0.0,0.0,0.0,0.0,0.0
1788815329.4698954,0.0,0.0,0.0,0.0,0.0,0.0
1788815329.5202715,0.0,0.0,0.0,0.0,0.0,0.0
1788815329.5700955,0.0,0.0,0.0,0.0,0.0,0.0
1788815329.6201108,0.0,0.0,0.0,0.0,0.0,0.0
1788815329.6702206,0.0,0.0,0.0,0.0,0.0,0.0
1788815329.7202218,0.0,0.0,0.0,0.0,0.0,0.0
1788815329.7699852,0.0,0.0,0.0,0.0,0.0,0.0
1788815329.8201954,0.0,0.0,0.0,0.0,0.0,0.0
1788815329.8701901,0.0,0.0,0.0,0.0,0.0,0.0
1788815329.9203265,0.0,0.0,0.0,0.0,0.0,0.0
1788815329.9703872,0.0,0.0,0.0,0.0,0.0,0.0
1788815330.020091,0.0,0.0,0.0,0.0,0.0,0.0
1788815330.0700982,0.0,0.0,0.0,0.0,0.0,0.0
1788815330.1202488,0.0,0.0,0.0,0.0,0.0,0.0
1788815330.1702194,0.0,0.0,0.0,0.0,0.0,0.0
1788815330.220188,0.0,0.0,0.0,0.0,0.0,0.0
1788815330.2702286,0.0,0.0,0.0,0.0,0.0,0.0
1788815330.3200505,0.0,0.0,0.0,0.0,0.0,0.0
1788815330.3702283,0.0,0.0,0.0,0.0,0.0,0.0
1788815330.420164,0.0,0.0,0.0,0.0,0.0,0.0
1788815330.470277,0.0,0.0,0.0,0.0,0.0,0.0
1788815330.5204213,0.0,0.0,0.0,0.0,0.0,0.0
1788815330.5702312,0.0,0.0,0.0,0.0,0.0,0.0
1788815330.6202369,0.0,0.0,0.0,0.0,0.0,0.0
1788815330.670233,0.0,0.0,0.0,0.0,0.0,0.0
1788815330.7201877,0.0,0.0,0.0,0.0,0.0,0.0
1788815330.7702832,0.0,0.0,0.0,0.0,0.0,0.0
1788815330.8202686,0.0,0.0,0.0,0.0,0.0,0.0
1788815330.8704207,0.0,0.0,0.0,0.0,0.0,0.0
1788815330.9201527,0.0,0.0,0.0,0.0,0.0,0.0
1788815330.9700854,0.0,0.0,0.0,0.0,0.0,0.0
1788815331.0202088,0.0,0.0,0.0,0.0,0.0,0.0
1788815331.0700736,0.0,0.0,0.0,0.0,0.0,0.0
1788815331.1201057,0.0,0.0,0.0,0.0,0.0,0.0
1788815331.1701894,0.0,0.0,0.0,0.0,0.0,0.0
1788815331.2200122,0.0,0.0,0.0,0.0,0.0,0.0
1788815331.270095,0.0,0.0,0.0,0.0,0.0,0.0
1788815331.3200572,0.0,0.0,0.0,0.0,0.0,0.0
1788815331.370227,0.0,0.0,0.0,0.0,0.0,0.0
1788815331.4202058,0.0,0.0,0.0,0.0,0.0,0.0
1788815331.4701235,0.0,0.0,0.0,0.0,0.0,0.0
1788815331.520396,0.0,0.0,0.0,0.0,0.0,0.0
1788815331.570414,0.0,0.0,0.0,0.0,0.0,0.0
1788815331.6202009,0.0,0.0,0.0,0.0,0.0,0.0
1788815331.670231,0.0,0.0,0.0,0.0,0.0,0.0
1788815331.720227,0.0,0.0,0.0,0.0,0.0,0.0
1788815331.770113,0.0,0.0,0.0,0.0,0.0,0.0
1788815331.820129,0.0,0.0,0.0,0.0,0.0,0.0
1788815331.8701978,0.0,0.0,0.0,0.0,0.0,0.0
1788815331.9202166,0.0,0.0,0.0,0.0,0.0,0.0
1788815331.9700496,0.0,0.0,0.0,0.0,0.0,0.0
1788815332.0205164,0.0,0.0,0.0,0.0,0.0,0.0
1788815332.070268,0.0,0.0,0.0,0.0,0.0,0.0
1788815332.120363,0.0,0.0,0.0,0.0,0.0,0.0
1788815332.170209,0.0,0.0,0.0,0.0,0.0,0.0
1788815332.2201118,0.0,0.0,0.0,0.0,0.0,0.0
1788815332.2702065,0.0,0.0,0.0,0.0,0.0,0.0
1788815332.3202953,0.0,0.0,0.0,0.0,0.0,0.0
1788815332.3702078,0.0,0.0,0.0,0.0,0.0,0.0
1788815332.420244,0.0,0.0,0.0,0.0,0.0,0.0
1788815332.4701376,0.0,0.0,0.0,0.0,0.0,0.0
1788815332.5201797,0.0,0.0,0.0,0.0,0.0,0.0
1788815332.5703583,0.0,0.0,0.0,0.0,0.0,0.0
1788815332.6199138,0.0,0.0,0.0,0.0,0.0,0.0
1788815332.6703393,0.0,0.0,0.0,0.0,0.0,0.0
1788815332.7200928,0.0,0.0,0.0,0.0,0.0,0.0
1788815332.7702847,0.0,0.0,0.0,0.0,0.0,0.0
1788815332.8200872,0.0,0.0,0.0,0.0,0.0,0.0
1788815332.8702917,0.0,0.0,0.0,0.0,0.0,0.0
1788815332.9201524,0.0,0.0,0.0,0.0,0.0,0.0
1788815332.9702907,0.0,0.0,0.0,0.0,0.0,0.0
1788815333.0201094,0.0,0.0,0.0,0.0,0.0,0.0
1788815333.0702777,0.0,0.0,0.0,0.0,0.0,0.0
1788815333.1205232,0.0,0.0,0.0,0.0,0.0,0.0
1788815333.1702325,0.0,0.0,0.0,0.0,0.0,0.0
1788815333.2199774,0.0,0.0,0.0,0.0,0.0,0.0
1788815333.2703547,0.0,0.0,0.0,0.0,0.0,0.0
1788815333.3202689,0.0,0.0,0.0,0.0,0.0,0.0
1788815333.370344,0.0,0.0,0.0,0.0,0.0,0.0
1788815333.4199643,0.0,0.0,0.0,0.0,0.0,0.0
1788815333.470334,0.0,0.0,0.0,0.0,0.0,0.0
1788815333.5202906,0.0,0.0,0.0,0.0,0.0,0.0
1788815333.5701122,0.0,0.0,0.0,0.0,0.0,0.0
1788815333.6202452,0.0,0.0,0.0,0.0,0.0,0.0
1788815333.670018,0.0,0.0,0.0,0.0,0.0,0.0
1788815333.7203014,0.0,0.0,0.0,0.0,0.0,0.0
1788815333.7701,0.0,0.0,0.0,0.0,0.0,0.0
1788815333.8201277,0.0,0.0,0.0,0.0,0.0,0.0
1788815333.8705685,0.0,0.0,0.0,0.0,0.0,0.0
1788815333.9204009,0.0,0.0,0.0,0.0,0.0,0.0
1788815333.970228,0.0,0.0,0.0,0.0,0.0,0.0
1788815334.0203116,0.0,0.0,0.0,0.0,0.0,0.0
1788815334.0702312,0.0,0.0,0.0,0.0,0.0,0.0
1788815334.1202242,0.0,0.0,0.0,0.0,0.0,0.0
1788815334.1701283,0.0,0.0,0.0,0.0,0.0,0.0
1788815334.2200665,0.0,0.0,0.0,0.0,0.0,0.0
1788815334.2700615,0.0,0.0,0.0,0.0,0.0,0.0
1788815334.3200936,0.0,0.0,0.0,0.0,0.0,0.0
1788815334.370181,0.0,0.0,0.0,0.0,0.0,0.0
1788815334.4200983,0.0,0.0,0.0,0.0,0.0,0.0
1788815334.4702241,0.0,0.0,0.0,0.0,0.0,0.0
1788815334.520351,0.0,0.0,0.0,0.0,0.0,0.0
1788815334.570295,0.0,0.0,0.0,0.0,0.0,0.0
1788815334.6201985,0.0,0.0,0.0,0.0,0.0,0.0
1788815334.6700127,0.0,0.0,0.0,0.0,0.0,0.0
1788815334.7203069,0.0,0.0,0.0,0.0,0.0,0.0
1788815334.7703931,0.0,0.0,0.0,0.0,0.0,0.0
1788815334.8202772,0.0,0.0,0.0,0.0,0.0,0.0
1788815334.8701503,0.0,0.0,0.0,0.0,0.0,0.0
1788815334.9201567,0.0,0.0,0.0,0.0,0.0,0.0
1788815334.9703138,0.0,0.0,0.0,0.0,0.0,0.0
1788815335.0199046,0.0,0.0,0.0,0.0,0.0,0.0
1788815335.0702522,0.0,0.0,0.0,0.0,0.0,0.0
1788815335.119995,0.0,0.0,0.0,0.0,0.0,0.0
1788815335.1701674,0.0,0.0,0.0,0.0,0.0,0.0
1788815335.2201416,0.0,0.0,0.0,0.0,0.0,0.0
1788815335.2702167,0.0,0.0,0.0,0.0,0.0,0.0
1788815335.3201933,0.0,0.0,0.0,0.0,0.0,0.0
1788815335.3699236,0.0,0.0,0.0,0.0,0.0,0.0
1788815335.4202287,0.0,0.0,0.0,0.0,0.0,0.0
1788815335.4701786,0.0,0.0,0.0,0.0,0.0,0.0
1788815335.5202,0.0,0.0,0.0,0.0,0.0,0.0
1788815335.5699835,0.0,0.0,0.0,0.0,0.0,0.0
1788815335.6202464,0.0,0.0,0.0,0.0,0.0,0.0
1788815335.6703618,0.0,0.0,0.0,0.0,0.0,0.0
1788815335.7199337,0.0,0.0,0.0,0.0,0.0,0.0
1788815335.7700293,0.0,0.0,0.0,0.0,0.0,0.0
1788815335.8202116,0.0,0.0,0.0,0.0,0.0,0.0
1788815335.870248,0.0,0.0,0.0,0.0,0.0,0.0
1788815335.9200892,0.0,0.0,0.0,0.0,0.0,0.0
1788815335.9706962,0.0,0.0,0.0,0.0,0.0,0.0
1788815336.0202215,0.0,0.0,0.0,0.0,0.0,0.0
1788815336.0701485,0.0,0.0,0.0,0.0,0.0,0.0
1788815336.1204185,0.0,0.0,0.0,0.0,0.0,0.0
1788815336.1701007,0.0,0.0,0.0,0.0,0.0,0.0
1788815336.21997,0.0,0.0,0.0,0.0,0.0,0.0
1788815336.2703042,0.0,0.0,0.0,0.0,0.0,0.0
1788815336.3203647,0.0,0.0,0.0,0.0,0.0,0.0
1788815336.3701484,0.0,0.0,0.0,0.0,0.0,0.0
1788815336.4202645,0.0,0.0,0.0,0.0,0.0,0.0
1788815336.4701777,0.0,0.0,0.0,0.0,0.0,0.0
1788815336.5202725,0.0,0.0,0.0,0.0,0.0,0.0
1788815336.5703473,0.0,0.0,0.0,0.0,0.0,0.0
1788815336.620487,0.0,0.0,0.0,0.0,0.0,0.0
1788815336.670129,0.0,0.0,0.0,0.0,0.0,0.0
1788815336.7201934,0.0,0.0,0.0,0.0,0.0,0.0
1788815336.7702491,0.0,0.0,0.0,0.0,0.0,0.0
1788815336.8201373,0.0,0.0,0.0,0.0,0.0,0.0
1788815336.8699253,0.0,0.0,0.0,0.0,0.0,0.0
1788815336.9200802,0.0,0.0,0.0,0.0,0.0,0.0
1788815336.970072,0.0,0.0,0.0,0.0,0.0,0.0
1788815337.0202775,0.0,0.0,0.0,0.0,0.0,0.0
1788815337.0708694,0.0,0.0,0.0,0.0,0.0,0.0
1788815337.1204848,0.0,0.0,0.0,0.0,0.0,0.0
1788815337.1701875,0.0,0.0,0.0,0.0,0.0,0.0
1788815337.2203126,0.0,0.0,0.0,0.0,0.0,0.0
1788815337.2701945,0.0,0.0,0.0,0.0,0.0,0.0
1788815337.3202538,0.0,0.0,0.0,0.0,0.0,0.0
1788815337.3699841,0.0,0.0,0.0,0.0,0.0,0.0
1788815337.4202554,0.0,0.0,0.0,0.0,0.0,0.0
1788815337.4701986,0.0,0.0,0.0,0.0,0.0,0.0
1788815337.5203388,0.0,0.0,0.0,0.0,0.0,0.0
1788815337.570121,0.0,0.0,0.0,0.0,0.0,0.0
1788815337.6202252,0.0,0.0,0.0,0.0,0.0,0.0
1788815337.670059,0.0,0.0,0.0,0.0,0.0,0.0
1788815337.7203584,0.0,0.0,0.0,0.0,0.0,0.0
1788815337.7702973,0.0,0.0,0.0,0.0,0.0,0.0
1788815337.8202872,0.0,0.0,0.0,0.0,0.0,0.0
1788815337.8701992,0.0,0.0,0.0,0.0,0.0,0.0
1788815337.920226,0.0,0.0,0.0,0.0,0.0,0.0
1788815337.9703228,0.0,0.0,0.0,0.0,0.0,0.0
1788815338.0207882,0.0,0.0,0.0,0.0,0.0,0.0
1788815338.0701234,0.0,0.0,0.0,0.0,0.0,0.0
1788815338.1203463,0.0,0.0,0.0,0.0,0.0,0.0
1788815338.1703758,0.0,0.0,0.0,0.0,0.0,0.0
1788815338.2203395,0.0,0.0,0.0,0.0,0.0,0.0
1788815338.2701027,0.0,0.0,0.0,0.0,0.0,0.0
1788815338.3201046,0.0,0.0,0.0,0.0,0.0,0.0
1788815338.3701851,0.0,0.0,0.0,0.0,0.0,0.0
1788815338.4202662,0.0,0.0,0.0,0.0,0.0,0.0
1788815338.469846,0.0,0.0,0.0,0.0,0.0,0.0
1788815338.5200274,0.0,0.0,0.0,0.0,0.0,0.0
1788815338.5702772,0.0,0.0,0.0,0.0,0.0,0.0
1788815338.6202447,0.0,0.0,0.0,0.0,0.0,0.0
1788815338.6700745,0.0,0.0,0.0,0.0,0.0,0.0
1788815338.7202148,0.0,0.0,0.0,0.0,0.0,0.0
1788815338.7701447,0.0,0.0,0.0,0.0,0.0,0.0
1788815338.8202705,0.0,0.0,0.0,0.0,0.0,0.0
1788815338.8699985,0.0,0.0,0.0,0.0,0.0,0.0
1788815338.9204156,0.0,0.0,0.0,0.0,0.0,0.0
1788815338.9702113,0.0,0.0,0.0,0.0,0.0,0.0
1788815339.020507,0.0,0.0,0.0,0.0,0.0,0.0
1788815339.0700119,0.0,0.0,0.0,0.0,0.0,0.0
1788815339.1201012,0.0,0.0,0.0,0.0,0.0,0.0
1788815339.169992,0.0,0.0,0.0,0.0,0.0,0.0
1788815339.2202156,0.0,0.0,0.0,0.0,0.0,0.0
1788815339.2700944,0.0,0.0,0.0,0.0,0.0,0.0
1788815339.3199782,0.0,0.0,0.0,0.0,0.0,0.0
1788815339.3702316,0.0,0.0,0.0,0.0,0.0,0.0
1788815339.4203305,0.0,0.0,0.0,0.0,0.0,0.0
1788815339.4700887,0.0,0.0,0.0,0.0,0.0,0.0
1788815339.520162,0.0,0.0,0.0,0.0,0.0,0.0
1788815339.5702474,0.0,0.0,0.0,0.0,0.0,0.0
1788815339.6202552,0.0,0.0,0.0,0.0,0.0,0.0
1788815339.670165,0.0,0.0,0.0,0.0,0.0,0.0
1788815339.720248,0.0,0.0,0.0,0.0,0.0,0.0
1788815339.7702062,0.0,0.0,0.0,0.0,0.0,0.0
1788815339.8201513,0.0,0.0,0.0,0.0,0.0,0.0
1788815339.8701086,0.0,0.0,0.0,0.0,0.0,0.0
1788815339.9207919,0.0,0.0,0.0,0.0,0.0,0.0
1788815339.970051,0.0,0.0,0.0,0.0,0.0,0.0
1788815340.0201628,0.0,0.0,0.0,0.0,0.0,0.0
1788815340.0701249,0.0,0.0,0.0,0.0,0.0,0.0
1788815340.1204941,0.0,0.0,0.0,0.0,0.0,0.0
1788815340.1701555,0.0,0.0,0.0,0.0,0.0,0.0
1788815340.2209132,0.0,0.0,0.0,0.0,0.0,0.0
1788815340.2704668,0.0,0.0,0.0,0.0,0.0,0.0
1788815340.3199983,0.0,0.0,0.0,0.0,0.0,0.0
1788815340.3700397,0.0,0.0,0.0,0.0,0.0,0.0
1788815340.4201372,0.0,0.0,0.0,0.0,0.0,0.0
1788815340.470154,0.0,0.0,0.0,0.0,0.0,0.0
1788815340.5202875,0.0,0.0,0.0,0.0,0.0,0.0
1788815340.5701292,0.0,0.0,0.0,0.0,0.0,0.0
1788815340.620091,0.0,0.0,0.0,0.0,0.0,0.0
1788815340.6700487,0.0,0.0,0.0,0.0,0.0,0.0
1788815340.7201219,0.0,0.0,0.0,0.0,0.0,0.0
1788815340.7699587,0.0,0.0,0.0,0.0,0.0,0.0
1788815340.8201602,0.0,0.0,0.0,0.0,0.0,0.0
1788815340.8701675,0.0,0.0,0.0,0.0,0.0,0.0
1788815340.9203556,0.0,0.0,0.0,0.0,0.0,0.0
1788815340.9701161,0.0,0.0,0.0,0.0,0.0,0.0
1788815341.020139,0.0,0.0,0.0,0.0,0.0,0.0
1788815341.0700912,0.0,0.0,0.0,0.0,0.0,0.0
1788815341.1202946,0.0,0.0,0.0,0.0,0.0,0.0
1788815341.1699903,0.0,0.0,0.0,0.0,0.0,0.0
1788815341.220492,0.0,0.0,0.0,0.0,0.0,0.0
1788815341.2705762,0.0,0.0,0.0,0.0,0.0,0.0
1788815341.3201025,0.0,0.0,0.0,0.0,0.0,0.0
1788815341.370084,0.0,0.0,0.0,0.0,0.0,0.0
1788815341.4202363,0.0,0.0,0.0,0.0,0.0,0.0
1788815341.4703918,0.0,0.0,0.0,0.0,0.0,0.0
1788815341.5204446,0.0,0.0,0.0,0.0,0.0,0.0
1788815341.5701149,0.0,0.0,0.0,0.0,0.0,0.0
1788815341.620222,0.0,0.0,0.0,0.0,0.0,0.0
1788815341.670195,0.0,0.0,0.0,0.0,0.0,0.0
1788815341.7202802,0.0,0.0,0.0,0.0,0.0,0.0
1788815341.7702048,0.0,0.0,0.0,0.0,0.0,0.0
1788815341.820329,0.0,0.0,0.0,0.0,0.0,0.0
1788815341.870091,0.0,0.0,0.0,0.0,0.0,0.0
1788815341.9200196,0.0,0.0,0.0,0.0,0.0,0.0
1788815341.9702492,0.0,0.0,0.0,0.0,0.0,0.0
1788815342.020373,0.0,0.0,0.0,0.0,0.0,0.0
1788815342.0701249,0.0,0.0,0.0,0.0,0.0,0.0
1788815342.1202116,0.0,0.0,0.0,0.0,0.0,0.0
1788815342.170054,0.0,0.0,0.0,0.0,0.0,0.0
1788815342.2205982,0.0,0.0,0.0,0.0,0.0,0.0
1788815342.2701237,0.0,0.0,0.0,0.0,0.0,0.0
1788815342.3200903,0.0,0.0,0.0,0.0,0.0,0.0
1788815342.3701367,0.0,0.0,0.0,0.0,0.0,0.0
1788815342.4202795,0.0,0.0,0.0,0.0,0.0,0.0
1788815342.4702873,0.0,0.0,0.0,0.0,0.0,0.0
1788815342.5201313,0.0,0.0,0.0,0.0,0.0,0.0
1788815342.5703397,0.0,0.0,0.0,0.0,0.0,0.0
1788815342.6202676,0.0,0.0,0.0,0.0,0.0,0.0
1788815342.6701658,0.0,0.0,0.0,0.0,0.0,0.0
1788815342.7201993,0.0,0.0,0.0,0.0,0.0,0.0
1788815342.7701523,0.0,0.0,0.0,0.0,0.0,0.0
1788815342.8201754,0.0,0.0,0.0,0.0,0.0,0.0
1788815342.8700194,0.0,0.0,0.0,0.0,0.0,0.0
1788815342.9202685,0.0,0.0,0.0,0.0,0.0,0.0
1788815342.9702713,0.0,0.0,0.0,0.0,0.0,0.0
1788815343.0200436,0.0,0.0,0.0,0.0,0.0,0.0
1788815343.0701082,0.0,0.0,0.0,0.0,0.0,0.0
1788815343.1200707,0.0,0.0,0.0,0.0,0.0,0.0
1788815343.1701558,0.0,0.0,0.0,0.0,0.0,0.0
1788815343.2203324,0.0,0.0,0.0,0.0,0.0,0.0
1788815343.270088,0.0,0.0,0.0,0.0,0.0,0.0
1788815343.3201764,0.0,0.0,0.0,0.0,0.0,0.0
1788815343.3701599,0.0,0.0,0.0,0.0,0.0,0.0
1788815343.420172,0.0,0.0,0.0,0.0,0.0,0.0
1788815343.4701276,0.0,0.0,0.0,0.0,0.0,0.0
1788815343.5202699,0.0,0.0,0.0,0.0,0.0,0.0
1788815343.570156,0.0,0.0,0.0,0.0,0.0,0.0
1788815343.6201293,0.0,0.0,0.0,0.0,0.0,0.0
1788815343.6702542,0.0,0.0,0.0,0.0,0.0,0.0
1788815343.7200553,0.0,0.0,0.0,0.0,0.0,0.0
1788815343.7701404,0.0,0.0,0.0,0.0,0.0,0.0
1788815343.8199825,0.0,0.0,0.0,0.0,0.0,0.0
1788815343.8699734,0.0,0.0,0.0,0.0,0.0,0.0
1788815343.9202547,0.0,0.0,0.0,0.0,0.0,0.0
1788815343.9700692,0.0,0.0,0.0,0.0,0.0,0.0
1788815344.0200973,0.0,0.0,0.0,0.0,0.0,0.0
1788815344.0702088,0.0,0.0,0.0,0.0,0.0,0.0
1788815344.1204178,0.0,0.0,0.0,0.0,0.0,0.0
1788815344.1701827,0.0,0.0,0.0,0.0,0.0,0.0
1788815344.219984,0.0,0.0,0.0,0.0,0.0,0.0
1788815344.2700388,0.0,0.0,0.0,0.0,0.0,0.0
1788815344.3201241,0.0,0.0,0.0,0.0,0.0,0.0
1788815344.370197,0.0,0.0,0.0,0.0,0.0,0.0
1788815344.4202793,0.0,0.0,0.0,0.0,0.0,0.0
1788815344.4701827,0.0,0.0,0.0,0.0,0.0,0.0
1788815344.5202389,0.0,0.0,0.0,0.0,0.0,0.0
1788815344.5701964,0.0,0.0,0.0,0.0,0.0,0.0
1788815344.6202943,0.0,0.0,0.0,0.0,0.0,0.0
1788815344.6701279,0.0,0.0,0.0,0.0,0.0,0.0
1788815344.72022,0.0,0.0,0.0,0.0,0.0,0.0
1788815344.7702165,0.0,0.0,0.0,0.0,0.0,0.0
1788815344.8202589,0.0,0.0,0.0,0.0,0.0,0.0
1788815344.8702707,0.0,0.0,0.0,0.0,0.0,0.0
1788815344.9201982,0.0,0.0,0.0,0.0,0.0,0.0
1788815344.9701142,0.0,0.0,0.0,0.0,0.0,0.0
1788815345.020163,0.0,0.0,0.0,0.0,0.0,0.0
1788815345.0702174,0.0,0.0,0.0,0.0,0.0,0.0
1788815345.12033,0.0,0.0,0.0,0.0,0.0,0.0
1788815345.170248,0.0,0.0,0.0,0.0,0.0,0.0
1788815345.2201145,0.0,0.0,0.0,0.0,0.0,0.0
1788815345.270252,0.0,0.0,0.0,0.0,0.0,0.0
1788815345.3202178,0.0,0.0,0.0,0.0,0.0,0.0
1788815345.3700924,0.0,0.0,0.0,0.0,0.0,0.0
1788815345.4202845,0.0,0.0,0.0,0.0,0.0,0.0
1788815345.470197,0.0,0.0,0.0,0.0,0.0,0.0
1788815345.520092,0.0,0.0,0.0,0.0,0.0,0.0
1788815345.5701365,0.0,0.0,0.0,0.0,0.0,0.0
1788815345.6201336,0.0,0.0,0.0,0.0,0.0,0.0
1788815345.6700077,0.0,0.0,0.0,0.0,0.0,0.0
1788815345.7203467,0.0,0.0,0.0,0.0,0.0,0.0
1788815345.7701516,0.0,0.0,0.0,0.0,0.0,0.0
1788815345.8200967,0.0,0.0,0.0,0.0,0.0,0.0
1788815345.8699248,0.0,0.0,0.0,0.0,0.0,0.0
1788815345.9201915,0.0,0.0,0.0,0.0,0.0,0.0
1788815345.9702284,0.0,0.0,0.0,0.0,0.0,0.0
1788815346.0202575,0.0,0.0,0.0,0.0,0.0,0.0
1788815346.070144,0.0,0.0,0.0,0.0,0.0,0.0
1788815346.1203792,0.0,0.0,0.0,0.0,0.0,0.0
1788815346.1701038,0.0,0.0,0.0,0.0,0.0,0.0
1788815346.220186,0.0,0.0,0.0,0.0,0.0,0.0
1788815346.2702096,0.0,0.0,0.0,0.0,0.0,0.0
1788815346.3201842,0.0,0.0,0.0,0.0,0.0,0.0
1788815346.3701012,0.0,0.0,0.0,0.0,0.0,0.0
1788815346.4202688,0.0,0.0,0.0,0.0,0.0,0.0
1788815346.4700813,0.0,0.0,0.0,0.0,0.0,0.0
1788815346.520143,0.0,0.0,0.0,0.0,0.0,0.0
1788815346.5703182,0.0,0.0,0.0,0.0,0.0,0.0
1788815346.620238,0.0,0.0,0.0,0.0,0.0,0.0
1788815346.6701736,0.0,0.0,0.0,0.0,0.0,0.0
1788815346.720203,0.0,0.0,0.0,0.0,0.0,0.0
1788815346.7701058,0.0,0.0,0.0,0.0,0.0,0.0
1788815346.8202174,0.0,0.0,0.0,0.0,0.0,0.0
1788815346.8702004,0.0,0.0,0.0,0.0,0.0,0.0
1788815346.9200776,0.0,0.0,0.0,0.0,0.0,0.0
1788815346.9701803,0.0,0.0,0.0,0.0,0.0,0.0
1788815347.020035,0.0,0.0,0.0,0.0,0.0,0.0
1788815347.069936,0.0,0.0,0.0,0.0,0.0,0.0
1788815347.120088,0.0,0.0,0.0,0.0,0.0,0.0
1788815347.170046,0.0,0.0,0.0,0.0,0.0,0.0
1788815347.2199829,0.0,0.0,0.0,0.0,0.0,0.0
1788815347.270108,0.0,0.0,0.0,0.0,0.0,0.0
1788815347.3202407,0.0,0.0,0.0,0.0,0.0,0.0
1788815347.3698325,0.0,0.0,0.0,0.0,0.0,0.0
1788815347.420288,0.0,0.0,0.0,0.0,0.0,0.0
1788815347.4701033,0.0,0.0,0.0,0.0,0.0,0.0
1788815347.5202234,0.0,0.0,0.0,0.0,0.0,0.0
1788815347.5701828,0.0,0.0,0.0,0.0,0.0,0.0
1788815347.6201072,0.0,0.0,0.0,0.0,0.0,0.0
1788815347.6703765,0.0,0.0,0.0,0.0,0.0,0.0
1788815347.7202082,0.0,0.0,0.0,0.0,0.0,0.0
1788815347.7700565,0.0,0.0,0.0,0.0,0.0,0.0
1788815347.8200676,0.0,0.0,0.0,0.0,0.0,0.0
1788815347.8893445,0.0,0.0,0.0,0.0,0.0,0.0
1788815347.9201403,0.0,0.0,0.0,0.0,0.0,0.0
1788815347.9704394,0.0,0.0,0.0,0.0,0.0,0.0
1788815348.0202844,0.0,0.0,0.0,0.0,0.0,0.0
1788815348.070132,0.0,0.0,0.0,0.0,0.0,0.0
1788815348.1200879,0.0,0.0,0.0,0.0,0.0,0.0
1788815348.1701658,0.0,0.0,0.0,0.0,0.0,0.0
1788815348.2202826,0.0,0.0,0.0,0.0,0.0,0.0
1788815348.2702806,0.0,0.0,0.0,0.0,0.0,0.0
1788815348.3203187,0.0,0.0,0.0,0.0,0.0,0.0
1788815348.3702412,0.0,0.0,0.0,0.0,0.0,0.0
1788815348.4200559,0.0,0.0,0.0,0.0,0.0,0.0
1788815348.4704218,0.0,0.0,0.0,0.0,0.0,0.0
1788815348.5200734,0.0,0.0,0.0,0.0,0.0,0.0
1788815348.5701792,0.0,0.0,0.0,0.0,0.0,0.0
1788815348.6201437,0.0,0.0,0.0,0.0,0.0,0.0
1788815348.669977,0.0,0.0,0.0,0.0,0.0,0.0
1788815348.720178,0.0,0.0,0.0,0.0,0.0,0.0
1788815348.770102,0.0,0.0,0.0,0.0,0.0,0.0
1788815348.8202033,0.0,0.0,0.0,0.0,0.0,0.0
1788815348.8701138,0.0,0.0,0.0,0.0,0.0,0.0
1788815348.9202747,0.0,0.0,0.0,0.0,0.0,0.0
1788815348.9702003,0.0,0.0,0.0,0.0,0.0,0.0
1788815349.0203362,0.0,0.0,0.0,0.0,0.0,0.0
1788815349.0701175,0.0,0.0,0.0,0.0,0.0,0.0
1788815349.1201093,0.0,0.0,0.0,0.0,0.0,0.0
1788815349.1701293,0.0,0.0,0.0,0.0,0.0,0.0
1788815349.22029,0.0,0.0,0.0,0.0,0.0,0.0
1788815349.270183,0.0,0.0,0.0,0.0,0.0,0.0
1788815349.320236,0.0,0.0,0.0,0.0,0.0,0.0
1788815349.3700387,0.0,0.0,0.0,0.0,0.0,0.0
1788815349.420262,0.0,0.0,0.0,0.0,0.0,0.0
1788815349.470207,0.0,0.0,0.0,0.0,0.0,0.0
1788815349.5202417,0.0,0.0,0.0,0.0,0.0,0.0
1788815349.5701246,0.0,0.0,0.0,0.0,0.0,0.0
1788815349.6202176,0.0,0.0,0.0,0.0,0.0,0.0
1788815349.6702216,0.0,0.0,0.0,0.0,0.0,0.0
1788815349.7201877,0.0,0.0,0.0,0.0,0.0,0.0
1788815349.7701411,0.0,0.0,0.0,0.0,0.0,0.0
1788815349.8202207,0.0,0.0,0.0,0.0,0.0,0.0
1788815349.8702214,0.0,0.0,0.0,0.0,0.0,0.0
1788815349.9203138,0.0,0.0,0.0,0.0,0.0,0.0
1788815349.970047,0.0,0.0,0.0,0.0,0.0,0.0
1788815350.0201175,0.0,0.0,0.0,0.0,0.0,0.0
1788815350.0702567,0.0,0.0,0.0,0.0,0.0,0.0
1788815350.1200886,0.0,0.0,0.0,0.0,0.0,0.0
1788815350.17021,0.0,0.0,0.0,0.0,0.0,0.0
1788815350.2199337,0.0,0.0,0.0,0.0,0.0,0.0
1788815350.2702606,0.0,0.0,0.0,0.0,0.0,0.0
1788815350.3200464,0.0,0.0,0.0,0.0,0.0,0.0
1788815350.3703077,0.0,0.0,0.0,0.0,0.0,0.0
1788815350.4202662,0.0,0.0,0.0,0.0,0.0,0.0
1788815350.4700608,0.0,0.0,0.0,0.0,0.0,0.0
1788815350.5201757,0.0,0.0,0.0,0.0,0.0,0.0
1788815350.5699487,0.0,0.0,0.0,0.0,0.0,0.0
1788815350.6201966,0.0,0.0,0.0,0.0,0.0,0.0
1788815350.6701286,0.0,0.0,0.0,0.0,0.0,0.0
1788815350.7201471,0.0,0.0,0.0,0.0,0.0,0.0
1788815350.7703059,0.0,0.0,0.0,0.0,0.0,0.0
1788815350.820033,0.0,0.0,0.0,0.0,0.0,0.0
1788815350.8699865,0.0,0.0,0.0,0.0,0.0,0.0
1788815350.9200854,0.0,0.0,0.0,0.0,0.0,0.0
1788815350.970004,0.0,0.0,0.0,0.0,0.0,0.0
1788815351.01995,0.0,0.0,0.0,0.0,0.0,0.0
1788815351.0700896,0.0,0.0,0.0,0.0,0.0,0.0
1788815351.1202166,0.0,0.0,0.0,0.0,0.0,0.0
1788815351.1702068,0.0,0.0,0.0,0.0,0.0,0.0
1788815351.220189,0.0,0.0,0.0,0.0,0.0,0.0
1788815351.2701623,0.0,0.0,0.0,0.0,0.0,0.0
1788815351.320304,0.0,0.0,0.0,0.0,0.0,0.0
1788815351.3701134,0.0,0.0,0.0,0.0,0.0,0.0
1788815351.41996,0.0,0.0,0.0,0.0,0.0,0.0
1788815351.470272,0.0,0.0,0.0,0.0,0.0,0.0
1788815351.5202496,0.0,0.0,0.0,0.0,0.0,0.0
1788815351.5700061,0.0,0.0,0.0,0.0,0.0,0.0
1788815351.6202717,0.0,0.0,0.0,0.0,0.0,0.0
1788815351.6702135,0.0,0.0,0.0,0.0,0.0,0.0
1788815351.7201543,0.0,0.0,0.0,0.0,0.0,0.0
1788815351.770178,0.0,0.0,0.0,0.0,0.0,0.0
1788815351.8203776,0.0,0.0,0.0,0.0,0.0,0.0
1788815351.870161,0.0,0.0,0.0,0.0,0.0,0.0
1788815351.9202173,0.0,0.0,0.0,0.0,0.0,0.0
1788815351.9700146,0.0,0.0,0.0,0.0,0.0,0.0
1788815352.0201833,0.0,0.0,0.0,0.0,0.0,0.0
1788815352.0700715,0.0,0.0,0.0,0.0,0.0,0.0
1788815352.120145,0.0,0.0,0.0,0.0,0.0,0.0
1788815352.1702063,0.0,0.0,0.0,0.0,0.0,0.0
1788815352.220111,0.0,0.0,0.0,0.0,0.0,0.0
1788815352.2700682,0.0,0.0,0.0,0.0,0.0,0.0
1788815352.3203144,0.0,0.0,0.0,0.0,0.0,0.0
1788815352.370097,0.0,0.0,0.0,0.0,0.0,0.0
1788815352.4200416,0.0,0.0,0.0,0.0,0.0,0.0
1788815352.4702444,0.0,0.0,0.0,0.0,0.0,0.0
1788815352.520112,0.0,0.0,0.0,0.0,0.0,0.0
1788815352.5700986,0.0,0.0,0.0,0.0,0.0,0.0
1788815352.62014,0.0,0.0,0.0,0.0,0.0,0.0
1788815352.6702292,0.0,0.0,0.0,0.0,0.0,0.0
1788815352.7201142,0.0,0.0,0.0,0.0,0.0,0.0
1788815352.7702692,0.0,0.0,0.0,0.0,0.0,0.0
1788815352.8203585,0.0,0.0,0.0,0.0,0.0,0.0
1788815352.8701544,0.0,0.0,0.0,0.0,0.0,0.0
1788815352.920056,0.0,0.0,0.0,0.0,0.0,0.0
1788815352.9700625,0.0,0.0,0.0,0.0,0.0,0.0
1788815353.0202165,0.0,0.0,0.0,0.0,0.0,0.0
1788815353.0700598,0.0,0.0,0.0,0.0,0.0,0.0
1788815353.1201217,0.0,0.0,0.0,0.0,0.0,0.0
1788815353.1704404,0.0,0.0,0.0,0.0,0.0,0.0
1788815353.2200892,0.0,0.0,0.0,0.0,0.0,0.0
1788815353.2700264,0.0,0.0,0.0,0.0,0.0,0.0
1788815353.3201895,0.0,0.0,0.0,0.0,0.0,0.0
1788815353.3701668,0.0,0.0,0.0,0.0,0.0,0.0
1788815353.4202113,0.0,0.0,0.0,0.0,0.0,0.0
1788815353.4699316,0.0,0.0,0.0,0.0,0.0,0.0
1788815353.520211,0.0,0.0,0.0,0.0,0.0,0.0
1788815353.5702648,0.0,0.0,0.0,0.0,0.0,0.0
1788815353.619959,0.0,0.0,0.0,0.0,0.0,0.0
1788815353.67018,0.0,0.0,0.0,0.0,0.0,0.0
1788815353.7210178,0.0,0.0,0.0,0.0,0.0,0.0
1788815353.770188,0.0,0.0,0.0,0.0,0.0,0.0
1788815353.820123,0.0,0.0,0.0,0.0,0.0,0.0
1788815353.8701751,0.0,0.0,0.0,0.0,0.0,0.0
1788815353.9201455,0.0,0.0,0.0,0.0,0.0,0.0
1788815353.9703503,0.0,0.0,0.0,0.0,0.0,0.0
1788815354.0203366,0.0,0.0,0.0,0.0,0.0,0.0
1788815354.0701516,0.0,0.0,0.0,0.0,0.0,0.0
1788815354.1202786,0.0,0.0,0.0,0.0,0.0,0.0
1788815354.170256,0.0,0.0,0.0,0.0,0.0,0.0
1788815354.2204304,0.0,0.0,0.0,0.0,0.0,0.0
1788815354.2699852,0.0,0.0,0.0,0.0,0.0,0.0
1788815354.3201401,0.0,0.0,0.0,0.0,0.0,0.0
1788815354.3780887,0.0,0.0,0.0,0.0,0.0,0.0
1788815354.4202483,0.0,0.0,0.0,0.0,0.0,0.0
1788815354.4748917,0.0,0.0,0.0,0.0,0.0,0.0
1788815354.520218,0.0,0.0,0.0,0.0,0.0,0.0
1788815354.5730667,0.0,0.0,0.0,0.0,0.0,0.0
1788815354.620267,0.0,0.0,0.0,0.0,0.0,0.0
1788815354.6764503,0.0,0.0,0.0,0.0,0.0,0.0
1788815354.720122,0.0,0.0,0.0,0.0,0.0,0.0
1788815354.7756393,0.0,0.0,0.0,0.0,0.0,0.0
1788815354.8200839,0.0,0.0,0.0,0.0,0.0,0.0
1788815354.8796513,0.0,0.0,0.0,0.0,0.0,0.0
1788815354.9203331,0.0,0.0,0.0,0.0,0.0,0.0
1788815354.9730968,0.0,0.0,0.0,0.0,0.0,0.0
1788815355.0202947,0.0,0.0,0.0,0.0,0.0,0.0
1788815355.0728657,0.0,0.0,0.0,0.0,0.0,0.0
1788815355.1200435,0.0,0.0,0.0,0.0,0.0,0.0
1788815355.1738362,0.0,0.0,0.0,0.0,0.0,0.0
1788815355.2201946,0.0,0.0,0.0,0.0,0.0,0.0
1788815355.2738209,0.0,0.0,0.0,0.0,0.0,0.0
1788815355.3204386,0.0,0.0,0.0,0.0,0.0,0.0
1788815355.3740354,0.0,0.0,0.0,0.0,0.0,0.0
1788815355.4205122,0.0,0.0,0.0,0.0,0.0,0.0
1788815355.4738698,0.0,0.0,0.0,0.0,0.0,0.0
1788815355.5201614,0.0,0.0,0.0,0.0,0.0,0.0
1788815355.5699105,0.0,0.0,0.0,0.0,0.0,0.0
1788815355.6201391,0.0,0.0,0.0,0.0,0.0,0.0
1788815355.6720555,0.0,0.0,0.0,0.0,0.0,0.0
1788815355.7200859,0.0,0.0,0.0,0.0,0.0,0.0
1788815355.776722,0.0,0.0,0.0,0.0,0.0,0.0
1788815355.8202703,0.0,0.0,0.0,0.0,0.0,0.0
1788815355.8732274,0.0,0.0,0.0,0.0,0.0,0.0
1788815355.9202545,0.0,0.0,0.0,0.0,0.0,0.0
1788815355.9728773,0.0,0.0,0.0,0.0,0.0,0.0
1788815356.020167,0.0,0.0,0.0,0.0,0.0,0.0
1788815356.0741947,0.0,0.0,0.0,0.0,0.0,0.0
1788815356.1202545,0.0,0.0,0.0,0.0,0.0,0.0
1788815356.171357,0.0,0.0,0.0,0.0,0.0,0.0
1788815356.2201195,0.0,0.0,0.0,0.0,0.0,0.0
1788815356.2726765,0.0,0.0,0.0,0.0,0.0,0.0
1788815356.320182,0.0,0.0,0.0,0.0,0.0,0.0
1788815356.3784788,0.0,0.0,0.0,0.0,0.0,0.0
1788815356.4203737,0.0,0.0,0.0,0.0,0.0,0.0
1788815356.474844,0.0,0.0,0.0,0.0,0.0,0.0
1788815356.5201986,0.0,0.0,0.0,0.0,0.0,0.0
1788815356.5741785,0.0,0.0,0.0,0.0,0.0,0.0
1788815356.6200593,0.0,0.0,0.0,0.0,0.0,0.0
1788815356.6767318,0.0,0.0,0.0,0.0,0.0,0.0
1788815356.7200303,0.0,0.0,0.0,0.0,0.0,0.0
1788815356.771567,0.0,0.0,0.0,0.0,0.0,0.0
1788815356.8201542,0.0,0.0,0.0,0.0,0.0,0.0
1788815356.8743641,0.0,0.0,0.0,0.0,0.0,0.0
1788815356.9201248,0.0,0.0,0.0,0.0,0.0,0.0
1788815356.979484,0.0,0.0,0.0,0.0,0.0,0.0
1788815357.0200672,0.0,0.0,0.0,0.0,0.0,0.0
1788815357.0735567,0.0,0.0,0.0,0.0,0.0,0.0
1788815357.1202552,0.0,0.0,0.0,0.0,0.0,0.0
1788815357.170252,0.0,0.0,0.0,0.0,0.0,0.0
1788815357.2201107,0.0,0.0,0.0,0.0,0.0,0.0
1788815357.2700772,0.0,0.0,0.0,0.0,0.0,0.0
1788815357.32034,0.0,0.0,0.0,0.0,0.0,0.0
1788815357.3739834,0.0,0.0,0.0,0.0,0.0,0.0
1788815357.4201167,0.0,0.0,0.0,0.0,0.0,0.0
1788815357.4738395,0.0,0.0,0.0,0.0,0.0,0.0
1788815357.5200331,0.0,0.0,0.0,0.0,0.0,0.0
1788815357.5748403,0.0,0.0,0.0,0.0,0.0,0.0
1788815357.6201746,0.0,0.0,0.0,0.0,0.0,0.0
1788815357.6701324,0.0,0.0,0.0,0.0,0.0,0.0
1788815357.7200215,0.0,0.0,0.0,0.0,0.0,0.0
1788815357.7766435,0.0,0.0,0.0,0.0,0.0,0.0
1788815357.8201141,0.0,0.0,0.0,0.0,0.0,0.0
1788815357.8782022,0.0,0.0,0.0,0.0,0.0,0.0
1788815357.9201717,0.0,0.0,0.0,0.0,0.0,0.0
1788815357.9737673,0.0,0.0,0.0,0.0,0.0,0.0
1788815358.0201952,0.0,0.0,0.0,0.0,0.0,0.0
1788815358.074351,0.0,0.0,0.0,0.0,0.0,0.0
1788815358.1202784,0.0,0.0,0.0,0.0,0.0,0.0
1788815358.1773627,0.0,0.0,0.0,0.0,0.0,0.0
1788815358.2199502,0.0,0.0,0.0,0.0,0.0,0.0
1788815358.2775054,0.0,0.0,0.0,0.0,0.0,0.0
1788815358.3201082,0.0,0.0,0.0,0.0,0.0,0.0
1788815358.3765438,0.0,0.0,0.0,0.0,0.0,0.0
1788815358.4203112,0.0,0.0,0.0,0.0,0.0,0.0
1788815358.4771078,0.0,0.0,0.0,0.0,0.0,0.0
1788815358.5202742,0.0,0.0,0.0,0.0,0.0,0.0
1788815358.5769749,0.0,0.0,0.0,0.0,0.0,0.0
1788815358.6202064,0.0,0.0,0.0,0.0,0.0,0.0
1788815358.676019,0.0,0.0,0.0,0.0,0.0,0.0
1788815358.720339,0.0,0.0,0.0,0.0,0.0,0.0
1788815358.7765987,0.0,0.0,0.0,0.0,0.0,0.0
1788815358.8201213,0.0,0.0,0.0,0.0,0.0,0.0
1788815358.8754158,0.0,0.0,0.0,0.0,0.0,0.0
1788815358.9202943,0.0,0.0,0.0,0.0,0.0,0.0
1788815358.9760568,0.0,0.0,0.0,0.0,0.0,0.0
1788815359.0200317,0.0,0.0,0.0,0.0,0.0,0.0
1788815359.0738866,0.0,0.0,0.0,0.0,0.0,0.0
1788815359.1202648,0.0,0.0,0.0,0.0,0.0,0.0
1788815359.1703928,0.0,0.0,0.0,0.0,0.0,0.0
1788815359.2199903,0.0,0.0,0.0,0.0,0.0,0.0
1788815359.270437,0.0,0.0,0.0,0.0,0.0,0.0
1788815359.3201427,0.0,0.0,0.0,0.0,0.0,0.0
1788815359.3699815,0.0,0.0,0.0,0.0,0.0,0.0
1788815359.420244,0.0,0.0,0.0,0.0,0.0,0.0
1788815359.4698389,0.0,0.0,0.0,0.0,0.0,0.0
1788815359.520158,0.0,0.0,0.0,0.0,0.0,0.0
1788815359.5702505,0.0,0.0,0.0,0.0,0.0,0.0
1788815359.6201236,0.0,0.0,0.0,0.0,0.0,0.0
1788815359.6702209,0.0,0.0,0.0,0.0,0.0,0.0
1788815359.7203948,0.0,0.0,0.0,0.0,0.0,0.0
1788815359.7701826,0.0,0.0,0.0,0.0,0.0,0.0
1788815359.8203976,0.0,0.0,0.0,0.0,0.0,0.0
1788815359.928426,0.0,0.0,0.0,0.0,0.0,0.0
1788815359.9699667,0.0,0.0,0.0,0.0,0.0,0.0
1788815360.0202043,0.0,0.0,0.0,0.0,0.0,0.0
1788815360.0700104,0.0,0.0,0.0,0.0,0.0,0.0
1788815360.120332,0.0,0.0,0.0,0.0,0.0,0.0
1788815360.1700432,0.0,0.0,0.0,0.0,0.0,0.0
1788815360.2202117,0.0,0.0,0.0,0.0,0.0,0.0
1788815360.2726533,0.0,0.0,0.0,0.0,0.0,0.0
1788815360.320152,0.0,0.0,0.0,0.0,0.0,0.0
1788815360.3701527,0.0,0.0,0.0,0.0,0.0,0.0
1788815360.4201643,0.0,0.0,0.0,0.0,0.0,0.0
1788815360.4702027,0.0,0.0,0.0,0.0,0.0,0.0
1788815360.520093,0.0,0.0,0.0,0.0,0.0,0.0
1788815360.5700235,0.0,0.0,0.0,0.0,0.0,0.0
1788815360.6201975,0.0,0.0,0.0,0.0,0.0,0.0
1788815360.6705382,0.0,0.0,0.0,0.0,0.0,0.0
1788815360.7200804,0.0,0.0,0.0,0.0,0.0,0.0
1788815360.7701898,0.0,0.0,0.0,0.0,0.0,0.0
1788815360.820067,0.0,0.0,0.0,0.0,0.0,0.0
1788815360.8738534,0.0,0.0,0.0,0.0,0.0,0.0
1788815360.9201462,0.0,0.0,0.0,0.0,0.0,0.0
1788815360.9700558,0.0,0.0,0.0,0.0,0.0,0.0
1788815361.020195,0.0,0.0,0.0,0.0,0.0,0.0
1788815361.0701406,0.0,0.0,0.0,0.0,0.0,0.0
1788815361.1201684,0.0,0.0,0.0,0.0,0.0,0.0
1788815361.1700556,0.0,0.0,0.0,0.0,0.0,0.0
1788815361.220206,0.0,0.0,0.0,0.0,0.0,0.0
1788815361.2701325,0.0,0.0,0.0,0.0,0.0,0.0
1788815361.3201115,0.0,0.0,0.0,0.0,0.0,0.0
1788815361.370275,0.0,0.0,0.0,0.0,0.0,0.0
1788815361.4200087,0.0,0.0,0.0,0.0,0.0,0.0
1788815361.4701853,0.0,0.0,0.0,0.0,0.0,0.0
1788815361.5202613,0.0,0.0,0.0,0.0,0.0,0.0
1788815361.570229,0.0,0.0,0.0,0.0,0.0,0.0
1788815361.6202195,0.0,0.0,0.0,0.0,0.0,0.0
1788815361.6701453,0.0,0.0,0.0,0.0,0.0,0.0
1788815361.7201807,0.0,0.0,0.0,0.0,0.0,0.0
1788815361.769999,0.0,0.0,0.0,0.0,0.0,0.0
1788815361.820329,0.0,0.0,0.0,0.0,0.0,0.0
1788815361.8701127,0.0,0.0,0.0,0.0,0.0,0.0
1788815361.9201794,0.0,0.0,0.0,0.0,0.0,0.0
1788815361.9704916,0.0,0.0,0.0,0.0,0.0,0.0
1788815362.0200012,0.0,0.0,0.0,0.0,0.0,0.0
1788815362.0700366,0.0,0.0,0.0,0.0,0.0,0.0
1788815362.1203156,0.0,0.0,0.0,0.0,0.0,0.0
1788815362.169945,0.0,0.0,0.0,0.0,0.0,0.0
1788815362.2202425,0.0,0.0,0.0,0.0,0.0,0.0
1788815362.2703004,0.0,0.0,0.0,0.0,0.0,0.0
1788815362.3201685,0.0,0.0,0.0,0.0,0.0,0.0
1788815362.370417,0.0,0.0,0.0,0.0,0.0,0.0
1788815362.4202178,0.0,0.0,0.0,0.0,0.0,0.0
1788815362.4700036,0.0,0.0,0.0,0.0,0.0,0.0
1788815362.520434,0.0,0.0,0.0,0.0,0.0,0.0
1788815362.5701025,0.0,0.0,0.0,0.0,0.0,0.0
1788815362.6201675,0.0,0.0,0.0,0.0,0.0,0.0
1788815362.6702356,0.0,0.0,0.0,0.0,0.0,0.0
1788815362.7203922,0.0,0.0,0.0,0.0,0.0,0.0
1788815362.77041,0.0,0.0,0.0,0.0,0.0,0.0
1788815362.8201404,0.0,0.0,0.0,0.0,0.0,0.0
1788815362.8701992,0.0,0.0,0.0,0.0,0.0,0.0
1788815362.9202256,0.0,0.0,0.0,0.0,0.0,0.0
1788815362.9701405,0.0,0.0,0.0,0.0,0.0,0.0
1788815363.0201697,0.0,0.0,0.0,0.0,0.0,0.0
1788815363.0700555,0.0,0.0,0.0,0.0,0.0,0.0
1788815363.1201189,0.0,0.0,0.0,0.0,0.0,0.0
1788815363.1701355,0.0,0.0,0.0,0.0,0.0,0.0
1788815363.2199755,0.0,0.0,0.0,0.0,0.0,0.0
1788815363.270217,0.0,0.0,0.0,0.0,0.0,0.0
1788815363.320315,0.0,0.0,0.0,0.0,0.0,0.0
1788815363.3701968,0.0,0.0,0.0,0.0,0.0,0.0
1788815363.4201205,0.0,0.0,0.0,0.0,0.0,0.0
1788815363.4703324,0.0,0.0,0.0,0.0,0.0,0.0
1788815363.5201657,0.0,0.0,0.0,0.0,0.0,0.0
1788815363.5702043,0.0,0.0,0.0,0.0,0.0,0.0
1788815363.6200795,0.0,0.0,0.0,0.0,0.0,0.0
1788815363.6699746,0.0,0.0,0.0,0.0,0.0,0.0
1788815363.7200963,0.0,0.0,0.0,0.0,0.0,0.0
1788815363.7701676,0.0,0.0,0.0,0.0,0.0,0.0
1788815363.820297,0.0,0.0,0.0,0.0,0.0,0.0
1788815363.8701625,0.0,0.0,0.0,0.0,0.0,0.0
1788815363.9198718,0.0,0.0,0.0,0.0,0.0,0.0
1788815363.9701107,0.0,0.0,0.0,0.0,0.0,0.0
1788815364.0204122,0.0,0.0,0.0,0.0,0.0,0.0
1788815364.0700672,0.0,0.0,0.0,0.0,0.0,0.0
1788815364.1201713,0.0,0.0,0.0,0.0,0.0,0.0
1788815364.1700864,0.0,0.0,0.0,0.0,0.0,0.0
1788815364.220219,0.0,0.0,0.0,0.0,0.0,0.0
1788815364.2699022,0.0,0.0,0.0,0.0,0.0,0.0
1788815364.3200953,0.0,0.0,0.0,0.0,0.0,0.0
1788815364.3700943,0.0,0.0,0.0,0.0,0.0,0.0
1788815364.4200706,0.0,0.0,0.0,0.0,0.0,0.0
1788815364.4701896,0.0,0.0,0.0,0.0,0.0,0.0
1788815364.5201805,0.0,0.0,0.0,0.0,0.0,0.0
1788815364.5700414,0.0,0.0,0.0,0.0,0.0,0.0
1788815364.620158,0.0,0.0,0.0,0.0,0.0,0.0
1788815364.6702101,0.0,0.0,0.0,0.0,0.0,0.0
1788815364.7200394,0.0,0.0,0.0,0.0,0.0,0.0
1788815364.7700107,0.0,0.0,0.0,0.0,0.0,0.0
1788815364.82025,0.0,0.0,0.0,0.0,0.0,0.0
1788815364.870034,0.0,0.0,0.0,0.0,0.0,0.0
1788815364.9201672,0.0,0.0,0.0,0.0,0.0,0.0
1788815364.9701118,0.0,0.0,0.0,0.0,0.0,0.0
1788815365.020088,0.0,0.0,0.0,0.0,0.0,0.0
1788815365.0700605,0.0,0.0,0.0,0.0,0.0,0.0
1788815365.120227,0.0,0.0,0.0,0.0,0.0,0.0
1788815365.170205,0.0,0.0,0.0,0.0,0.0,0.0
1788815365.2202134,0.0,0.0,0.0,0.0,0.0,0.0
1788815365.2703302,0.0,0.0,0.0,0.0,0.0,0.0
1788815365.3203695,0.0,0.0,0.0,0.0,0.0,0.0
1788815365.370202,0.0,0.0,0.0,0.0,0.0,0.0
1788815365.41997,0.0,0.0,0.0,0.0,0.0,0.0
1788815365.4701235,0.0,0.0,0.0,0.0,0.0,0.0
1788815365.5201213,0.0,0.0,0.0,0.0,0.0,0.0
1788815365.5702164,0.0,0.0,0.0,0.0,0.0,0.0
1788815365.6205475,0.0,0.0,0.0,0.0,0.0,0.0
1788815365.6701534,0.0,0.0,0.0,0.0,0.0,0.0
1788815365.7202098,0.0,0.0,0.0,0.0,0.0,0.0
1788815365.7703004,0.0,0.0,0.0,0.0,0.0,0.0
1788815365.8200989,0.0,0.0,0.0,0.0,0.0,0.0
1788815365.8701499,0.0,0.0,0.0,0.0,0.0,0.0
1788815365.9200268,0.0,0.0,0.0,0.0,0.0,0.0
1788815365.970309,0.0,0.0,0.0,0.0,0.0,0.0
1788815366.0200381,0.0,0.0,0.0,0.0,0.0,0.0
1788815366.070199,0.0,0.0,0.0,0.0,0.0,0.0
1788815366.1200807,0.0,0.0,0.0,0.0,0.0,0.0
1788815366.1732605,0.0,0.0,0.0,0.0,0.0,0.0
1788815366.2200687,0.0,0.0,0.0,0.0,0.0,0.0
1788815366.2700686,0.0,0.0,0.0,0.0,0.0,0.0
1788815366.3201718,0.0,0.0,0.0,0.0,0.0,0.0
1788815366.3702426,0.0,0.0,0.0,0.0,0.0,0.0
1788815366.4201367,0.0,0.0,0.0,0.0,0.0,0.0
1788815366.479152,0.0,0.0,0.0,0.0,0.0,0.0
1788815366.5200937,0.0,0.0,0.0,0.0,0.0,0.0
1788815366.5703156,0.0,0.0,0.0,0.0,0.0,0.0
1788815366.6200392,0.0,0.0,0.0,0.0,0.0,0.0
1788815366.6703777,0.0,0.0,0.0,0.0,0.0,0.0
1788815366.7201068,0.0,0.0,0.0,0.0,0.0,0.0
1788815366.7701967,0.0,0.0,0.0,0.0,0.0,0.0
1788815366.8201137,0.0,0.0,0.0,0.0,0.0,0.0
1788815366.8702607,0.0,0.0,0.0,0.0,0.0,0.0
1788815366.9200072,0.0,0.0,0.0,0.0,0.0,0.0
1788815366.9710407,0.0,0.0,0.0,0.0,0.0,0.0
1788815367.0200653,0.0,0.0,0.0,0.0,0.0,0.0
1788815367.070035,0.0,0.0,0.0,0.0,0.0,0.0
1788815367.1201265,0.0,0.0,0.0,0.0,0.0,0.0
1788815367.1702418,0.0,0.0,0.0,0.0,0.0,0.0
1788815367.220412,0.0,0.0,0.0,0.0,0.0,0.0
1788815367.2700384,0.0,0.0,0.0,0.0,0.0,0.0
1788815367.3200705,0.0,0.0,0.0,0.0,0.0,0.0
1788815367.3702106,0.0,0.0,0.0,0.0,0.0,0.0
1788815367.4201314,0.0,0.0,0.0,0.0,0.0,0.0
1788815367.470134,0.0,0.0,0.0,0.0,0.0,0.0
1788815367.5201821,0.0,0.0,0.0,0.0,0.0,0.0
1788815367.570151,0.0,0.0,0.0,0.0,0.0,0.0
1788815367.6200368,0.0,0.0,0.0,0.0,0.0,0.0
1788815367.6701598,0.0,0.0,0.0,0.0,0.0,0.0
1788815367.7201252,0.0,0.0,0.0,0.0,0.0,0.0
1788815367.7701576,0.0,0.0,0.0,0.0,0.0,0.0
1788815367.8201478,0.0,0.0,0.0,0.0,0.0,0.0
1788815367.8701768,0.0,0.0,0.0,0.0,0.0,0.0
1788815367.9201665,0.0,0.0,0.0,0.0,0.0,0.0
1788815367.9700482,0.0,0.0,0.0,0.0,0.0,0.0
1788815368.0200553,0.0,0.0,0.0,0.0,0.0,0.0
1788815368.0701375,0.0,0.0,0.0,0.0,0.0,0.0
1788815368.1201696,0.0,0.0,0.0,0.0,0.0,0.0
1788815368.1700687,0.0,0.0,0.0,0.0,0.0,0.0
1788815368.2200654,0.0,0.0,0.0,0.0,0.0,0.0
1788815368.2701478,0.0,0.0,0.0,0.0,0.0,0.0
1788815368.3200507,0.0,0.0,0.0,0.0,0.0,0.0
1788815368.370075,0.0,0.0,0.0,0.0,0.0,0.0
1788815368.420146,0.0,0.0,0.0,0.0,0.0,0.0
1788815368.4701412,0.0,0.0,0.0,0.0,0.0,0.0
1788815368.519996,0.0,0.0,0.0,0.0,0.0,0.0
1788815368.570219,0.0,0.0,0.0,0.0,0.0,0.0
1788815368.6200414,0.0,0.0,0.0,0.0,0.0,0.0
1788815368.6702535,0.0,0.0,0.0,0.0,0.0,0.0
1788815368.7201762,0.0,0.0,0.0,0.0,0.0,0.0
1788815368.7699554,0.0,0.0,0.0,0.0,0.0,0.0
1788815368.8200114,0.0,0.0,0.0,0.0,0.0,0.0
1788815368.870013,0.0,0.0,0.0,0.0,0.0,0.0
1788815368.9200902,0.0,0.0,0.0,0.0,0.0,0.0
1788815368.9701316,0.0,0.0,0.0,0.0,0.0,0.0
1788815369.0201514,0.0,0.0,0.0,0.0,0.0,0.0
1788815369.0699131,0.0,0.0,0.0,0.0,0.0,0.0
1788815369.1202564,0.0,0.0,0.0,0.0,0.0,0.0
1788815369.1702,0.0,0.0,0.0,0.0,0.0,0.0
1788815369.2202384,0.0,0.0,0.0,0.0,0.0,0.0
1788815369.2701714,0.0,0.0,0.0,0.0,0.0,0.0
1788815369.3201394,0.0,0.0,0.0,0.0,0.0,0.0
1788815369.3703432,0.0,0.0,0.0,0.0,0.0,0.0
1788815369.4205668,0.0,0.0,0.0,0.0,0.0,0.0
1788815369.4700053,0.0,0.0,0.0,0.0,0.0,0.0
1788815369.5203516,0.0,0.0,0.0,0.0,0.0,0.0
1788815369.5703175,0.0,0.0,0.0,0.0,0.0,0.0
1788815369.620324,0.0,0.0,0.0,0.0,0.0,0.0
1788815369.67012,0.0,0.0,0.0,0.0,0.0,0.0
1788815369.720181,0.0,0.0,0.0,0.0,0.0,0.0
1788815369.770183,0.0,0.0,0.0,0.0,0.0,0.0
1788815369.8203044,0.0,0.0,0.0,0.0,0.0,0.0
1788815369.8701124,0.0,0.0,0.0,0.0,0.0,0.0
1788815369.9203072,0.0,0.0,0.0,0.0,0.0,0.0
1788815369.9702055,0.0,0.0,0.0,0.0,0.0,0.0
1788815370.0204103,0.0,0.0,0.0,0.0,0.0,0.0
1788815370.0700552,0.0,0.0,0.0,0.0,0.0,0.0
1788815370.1202383,0.0,0.0,0.0,0.0,0.0,0.0
1788815370.1701329,0.0,0.0,0.0,0.0,0.0,0.0
1788815370.2203062,0.0,0.0,0.0,0.0,0.0,0.0
1788815370.2701545,0.0,0.0,0.0,0.0,0.0,0.0
1788815370.320128,0.0,0.0,0.0,0.0,0.0,0.0
1788815370.370122,0.0,0.0,0.0,0.0,0.0,0.0
1788815370.420377,0.0,0.0,0.0,0.0,0.0,0.0
1788815370.469858,0.0,0.0,0.0,0.0,0.0,0.0
1788815370.520053,0.0,0.0,0.0,0.0,0.0,0.0
1788815370.5701907,0.0,0.0,0.0,0.0,0.0,0.0
1788815370.6207561,0.0,0.0,0.0,0.0,0.0,0.0
1788815370.6697896,0.0,0.0,0.0,0.0,0.0,0.0
1788815370.7203677,0.0,0.0,0.0,0.0,0.0,0.0
1788815370.770181,0.0,0.0,0.0,0.0,0.0,0.0
1788815370.8205695,0.0,0.0,0.0,0.0,0.0,0.0
1788815370.8701496,0.0,0.0,0.0,0.0,0.0,0.0
1788815370.9205074,0.0,0.0,0.0,0.0,0.0,0.0
1788815370.9704878,0.0,0.0,0.0,0.0,0.0,0.0
1788815371.0203738,0.0,0.0,0.0,0.0,0.0,0.0
1788815371.070078,0.0,0.0,0.0,0.0,0.0,0.0
1788815371.120358,0.0,0.0,0.0,0.0,0.0,0.0
1788815371.170292,0.0,0.0,0.0,0.0,0.0,0.0
1788815371.220525,0.0,0.0,0.0,0.0,0.0,0.0
1788815371.270119,0.0,0.0,0.0,0.0,0.0,0.0
1788815371.3204746,0.0,0.0,0.0,0.0,0.0,0.0
1788815371.3700414,0.0,0.0,0.0,0.0,0.0,0.0
1788815371.4204044,0.0,0.0,0.0,0.0,0.0,0.0
1788815371.4700203,0.0,0.0,0.0,0.0,0.0,0.0
1788815371.5202017,0.0,0.0,0.0,0.0,0.0,0.0
1788815371.576365,0.0,0.0,0.0,0.0,0.0,0.0
1788815371.6202478,0.0,0.0,0.0,0.0,0.0,0.0
1788815371.6700952,0.0,0.0,0.0,0.0,0.0,0.0
1788815371.720382,0.0,0.0,0.0,0.0,0.0,0.0
1788815371.7701712,0.0,0.0,0.0,0.0,0.0,0.0
1788815371.8203914,0.0,0.0,0.0,0.0,0.0,0.0
1788815371.8702354,0.0,0.0,0.0,0.0,0.0,0.0
1788815371.9206264,0.0,0.0,0.0,0.0,0.0,0.0
1788815371.970062,0.0,0.0,0.0,0.0,0.0,0.0
1788815372.0204368,0.0,0.0,0.0,0.0,0.0,0.0
1788815372.0706468,0.0,0.0,0.0,0.0,0.0,0.0
1788815372.1205213,0.0,0.0,0.0,0.0,0.0,0.0
1788815372.1700718,0.0,0.0,0.0,0.0,0.0,0.0
1788815372.2204077,0.0,0.0,0.0,0.0,0.0,0.0
1788815372.2701707,0.0,0.0,0.0,0.0,0.0,0.0
1788815372.3205085,0.0,0.0,0.0,0.0,0.0,0.0
1788815372.3706813,0.0,0.0,0.0,0.0,0.0,0.0
1788815372.4202142,0.0,0.0,0.0,0.0,0.0,0.0
1788815372.470332,0.0,0.0,0.0,0.0,0.0,0.0
1788815372.520367,0.0,0.0,0.0,0.0,0.0,0.0
1788815372.5699394,0.0,0.0,0.0,0.0,0.0,0.0
1788815372.6207159,0.0,0.0,0.0,0.0,0.0,0.0
1788815372.6701057,0.0,0.0,0.0,0.0,0.0,0.0
1788815372.7202842,0.0,0.0,0.0,0.0,0.0,0.0
1788815372.7702262,0.0,0.0,0.0,0.0,0.0,0.0
1788815372.820467,0.0,0.0,0.0,0.0,0.0,0.0
1788815372.8700914,0.0,0.0,0.0,0.0,0.0,0.0
1788815372.9204254,0.0,0.0,0.0,0.0,0.0,0.0
1788815372.9700909,0.0,0.0,0.0,0.0,0.0,0.0
1788815373.0203068,0.0,0.0,0.0,0.0,0.0,0.0
1788815373.0702283,0.0,0.0,0.0,0.0,0.0,0.0
1788815373.1203027,0.0,0.0,0.0,0.0,0.0,0.0
1788815373.1700335,0.0,0.0,0.0,0.0,0.0,0.0
1788815373.220378,0.0,0.0,0.0,0.0,0.0,0.0
1788815373.2702036,0.0,0.0,0.0,0.0,0.0,0.0
1788815373.3205411,0.0,0.0,0.0,0.0,0.0,0.0
1788815373.3701723,0.0,0.0,0.0,0.0,0.0,0.0
1788815373.4204717,0.0,0.0,0.0,0.0,0.0,0.0
1788815373.4700756,0.0,0.0,0.0,0.0,0.0,0.0
1788815373.5204177,0.0,0.0,0.0,0.0,0.0,0.0
1788815373.5700839,0.0,0.0,0.0,0.0,0.0,0.0
1788815373.6202896,0.0,0.0,0.0,0.0,0.0,0.0
1788815373.6701398,0.0,0.0,0.0,0.0,0.0,0.0
1788815373.7204719,0.0,0.0,0.0,0.0,0.0,0.0
1788815373.770157,0.0,0.0,0.0,0.0,0.0,0.0
1788815373.8204165,0.0,0.0,0.0,0.0,0.0,0.0
1788815373.8700244,0.0,0.0,0.0,0.0,0.0,0.0
1788815373.9201143,0.0,0.0,0.0,0.0,0.0,0.0
1788815373.9701488,0.0,0.0,0.0,0.0,0.0,0.0
1788815374.0201862,0.0,0.0,0.0,0.0,0.0,0.0
1788815374.0701077,0.0,0.0,0.0,0.0,0.0,0.0
1788815374.1203482,0.0,0.0,0.0,0.0,0.0,0.0
1788815374.1700675,0.0,0.0,0.0,0.0,0.0,0.0
1788815374.2205384,0.0,0.0,0.0,0.0,0.0,0.0
1788815374.270176,0.0,0.0,0.0,0.0,0.0,0.0
1788815374.3204818,0.0,0.0,0.0,0.0,0.0,0.0
1788815374.3703368,0.0,0.0,0.0,0.0,0.0,0.0
1788815374.4202356,0.0,0.0,0.0,0.0,0.0,0.0
1788815374.470021,0.0,0.0,0.0,0.0,0.0,0.0
1788815374.520496,0.0,0.0,0.0,0.0,0.0,0.0
1788815374.5702379,0.0,0.0,0.0,0.0,0.0,0.0
1788815374.620391,0.0,0.0,0.0,0.0,0.0,0.0
1788815374.6701005,0.0,0.0,0.0,0.0,0.0,0.0
1788815374.7203393,0.0,0.0,0.0,0.0,0.0,0.0
1788815374.770216,0.0,0.0,0.0,0.0,0.0,0.0
1788815374.8204842,0.0,0.0,0.0,0.0,0.0,0.0
1788815374.8702083,0.0,0.0,0.0,0.0,0.0,0.0
1788815374.920294,0.0,0.0,0.0,0.0,0.0,0.0
1788815374.9700863,0.0,0.0,0.0,0.0,0.0,0.0
1788815375.0204577,0.0,0.0,0.0,0.0,0.0,0.0
1788815375.070258,0.0,0.0,0.0,0.0,0.0,0.0
1788815375.120325,0.0,0.0,0.0,0.0,0.0,0.0
1788815375.1701794,0.0,0.0,0.0,0.0,0.0,0.0
1788815375.2202573,0.0,0.0,0.0,0.0,0.0,0.0
1788815375.270197,0.0,0.0,0.0,0.0,0.0,0.0
1788815375.3203125,0.0,0.0,0.0,0.0,0.0,0.0
1788815375.3701663,0.0,0.0,0.0,0.0,0.0,0.0
1788815375.4203498,0.0,0.0,0.0,0.0,0.0,0.0
1788815375.4700973,0.0,0.0,0.0,0.0,0.0,0.0
1788815375.5202508,0.0,0.0,0.0,0.0,0.0,0.0
1788815375.5702348,0.0,0.0,0.0,0.0,0.0,0.0
1788815375.6205323,0.0,0.0,0.0,0.0,0.0,0.0
1788815375.6700282,0.0,0.0,0.0,0.0,0.0,0.0
1788815375.7204108,0.0,0.0,0.0,0.0,0.0,0.0
1788815375.7699618,0.0,0.0,0.0,0.0,0.0,0.0
1788815375.820592,0.0,0.0,0.0,0.0,0.0,0.0
1788815375.8700354,0.0,0.0,0.0,0.0,0.0,0.0
1788815375.920451,0.0,0.0,0.0,0.0,0.0,0.0
1788815375.9700482,0.0,0.0,0.0,0.0,0.0,0.0
1788815376.02015,0.0,0.0,0.0,0.0,0.0,0.0
1788815376.0700414,0.0,0.0,0.0,0.0,0.0,0.0
1788815376.1202152,0.0,0.0,0.0,0.0,0.0,0.0
1788815376.1700819,0.0,0.0,0.0,0.0,0.0,0.0
1788815376.2232208,0.0,0.0,0.0,0.0,0.0,0.0
1788815376.2700002,0.0,0.0,0.0,0.0,0.0,0.0
1788815376.3226445,0.0,0.0,0.0,0.0,0.0,0.0
1788815376.3700144,0.0,0.0,0.0,0.0,0.0,0.0
1788815376.4205353,0.0,0.0,0.0,0.0,0.0,0.0
1788815376.4700916,0.0,0.0,0.0,0.0,0.0,0.0
1788815376.5202136,0.0,0.0,0.0,0.0,0.0,0.0
1788815376.5698848,0.0,0.0,0.0,0.0,0.0,0.0
1788815376.6237183,0.0,0.0,0.0,0.0,0.0,0.0
1788815376.670221,0.0,0.0,0.0,0.0,0.0,0.0
1788815376.7220862,0.0,0.0,0.0,0.0,0.0,0.0
1788815376.7700894,0.0,0.0,0.0,0.0,0.0,0.0
1788815376.822075,0.0,0.0,0.0,0.0,0.0,0.0
1788815376.8701763,0.0,0.0,0.0,0.0,0.0,0.0
1788815376.921417,0.0,0.0,0.0,0.0,0.0,0.0
1788815376.9702165,0.0,0.0,0.0,0.0,0.0,0.0
1788815377.0228708,0.0,0.0,0.0,0.0,0.0,0.0
1788815377.0700183,0.0,0.0,0.0,0.0,0.0,0.0
1788815377.1221259,0.0,0.0,0.0,0.0,0.0,0.0
1788815377.1702564,0.0,0.0,0.0,0.0,0.0,0.0
1788815377.223758,0.0,0.0,0.0,0.0,0.0,0.0
1788815377.2701426,0.0,0.0,0.0,0.0,0.0,0.0
1788815377.3240092,0.0,0.0,0.0,0.0,0.0,0.0
1788815377.3700807,0.0,0.0,0.0,0.0,0.0,0.0
1788815377.422858,0.0,0.0,0.0,0.0,0.0,0.0
1788815377.470065,0.0,0.0,0.0,0.0,0.0,0.0
1788815377.5226033,0.0,0.0,0.0,0.0,0.0,0.0
1788815377.5699563,0.0,0.0,0.0,0.0,0.0,0.0
1788815377.6221483,0.0,0.0,0.0,0.0,0.0,0.0
1788815377.6702137,0.0,0.0,0.0,0.0,0.0,0.0
1788815377.7233016,0.0,0.0,0.0,0.0,0.0,0.0
1788815377.7701724,0.0,0.0,0.0,0.0,0.0,0.0
1788815377.8201892,0.0,0.0,0.0,0.0,0.0,0.0
1788815377.870181,0.0,0.0,0.0,0.0,0.0,0.0
1788815377.9256394,0.0,0.0,0.0,0.0,0.0,0.0
1788815377.970089,0.0,0.0,0.0,0.0,0.0,0.0
1788815378.0277317,0.0,0.0,0.0,0.0,0.0,0.0
1788815378.0701792,0.0,0.0,0.0,0.0,0.0,0.0
1788815378.1237507,0.0,0.0,0.0,0.0,0.0,0.0
1788815378.1701412,0.0,0.0,0.0,0.0,0.0,0.0
1788815378.2242575,0.0,0.0,0.0,0.0,0.0,0.0
1788815378.2701545,0.0,0.0,0.0,0.0,0.0,0.0
1788815378.3249588,0.0,0.0,0.0,0.0,0.0,0.0
1788815378.3701015,0.0,0.0,0.0,0.0,0.0,0.0
1788815378.4218702,0.0,0.0,0.0,0.0,0.0,0.0
1788815378.4699628,0.0,0.0,0.0,0.0,0.0,0.0
1788815378.5224674,0.0,0.0,0.0,0.0,0.0,0.0
1788815378.570188,0.0,0.0,0.0,0.0,0.0,0.0
1788815378.6203516,0.0,0.0,0.0,0.0,0.0,0.0
1788815378.6701913,0.0,0.0,0.0,0.0,0.0,0.0
1788815378.7203555,0.0,0.0,0.0,0.0,0.0,0.0
1788815378.7698264,0.0,0.0,0.0,0.0,0.0,0.0
1788815378.8203995,0.0,0.0,0.0,0.0,0.0,0.0
1788815378.8702853,0.0,0.0,0.0,0.0,0.0,0.0
1788815378.9204516,0.0,0.0,0.0,0.0,0.0,0.0
1788815378.970139,0.0,0.0,0.0,0.0,0.0,0.0
1788815379.020267,0.0,0.0,0.0,0.0,0.0,0.0
1788815379.0701153,0.0,0.0,0.0,0.0,0.0,0.0
1788815379.12018,0.0,0.0,0.0,0.0,0.0,0.0
1788815379.1701844,0.0,0.0,0.0,0.0,0.0,0.0
1788815379.220219,0.0,0.0,0.0,0.0,0.0,0.0
1788815379.270166,0.0,0.0,0.0,0.0,0.0,0.0
1788815379.3203013,0.0,0.0,0.0,0.0,0.0,0.0
1788815379.3700657,0.0,0.0,0.0,0.0,0.0,0.0
1788815379.4201155,0.0,0.0,0.0,0.0,0.0,0.0
1788815379.4700675,0.0,0.0,0.0,0.0,0.0,0.0
1788815379.5201142,0.0,0.0,0.0,0.0,0.0,0.0
1788815379.5702603,0.0,0.0,0.0,0.0,0.0,0.0
1788815379.620496,0.0,0.0,0.0,0.0,0.0,0.0
1788815379.6701488,0.0,0.0,0.0,0.0,0.0,0.0
1788815379.7203965,0.0,0.0,0.0,0.0,0.0,0.0
1788815379.7701833,0.0,0.0,0.0,0.0,0.0,0.0
1788815379.8202896,0.0,0.0,0.0,0.0,0.0,0.0
1788815379.8702633,0.0,0.0,0.0,0.0,0.0,0.0
1788815379.9203715,0.0,0.0,0.0,0.0,0.0,0.0
1788815379.9699259,0.0,0.0,0.0,0.0,0.0,0.0
1788815380.0206141,0.0,0.0,0.0,0.0,0.0,0.0
1788815380.070368,0.0,0.0,0.0,0.0,0.0,0.0
1788815380.12049,0.0,0.0,0.0,0.0,0.0,0.0
1788815380.1701965,0.0,0.0,0.0,0.0,0.0,0.0
1788815380.2204409,0.0,0.0,0.0,0.0,0.0,0.0
1788815380.2702875,0.0,0.0,0.0,0.0,0.0,0.0
1788815380.3204055,0.0,0.0,0.0,0.0,0.0,0.0
1788815380.3730447,0.0,0.0,0.0,0.0,0.0,0.0
1788815380.4203656,0.0,0.0,0.0,0.0,0.0,0.0
1788815380.470373,0.0,0.0,0.0,0.0,0.0,0.0
1788815380.5203464,0.02500748634338379,0.0,0.0,0.0,0.0,-0.047586340457201004
1788815380.570196,0.026036497205495834,0.0,0.0,0.0,0.0,-0.047586340457201004
1788815380.620362,0.022542595863342285,0.0,0.0,0.0,0.0,-0.09759010747075081
1788815380.6702201,0.022542595863342285,0.0,0.0,0.0,0.0,-0.13437137007713318
1788815380.7204237,0.026854075491428375,0.0,0.0,0.0,0.0,-0.18435177206993103
1788815380.7702003,0.026854075491428375,0.0,0.0,0.0,0.0,-0.2173358052968979
1788815380.8203535,0.04325822368264198,0.0,0.0,0.0,0.0,-0.26731549203395844
1788815380.8702083,0.04325822368264198,0.0,0.0,0.0,0.0,-0.2961752116680145
1788815380.9206567,0.06834367290139198,0.0,0.0,0.0,0.0,-0.3463461101055145
1788815380.9703739,0.08856656402349472,0.0,0.0,0.0,0.0,-0.39219003915786743
1788815381.0205278,0.08856656402349472,0.0,0.0,0.0,0.0,-0.39219003915786743
1788815381.0701547,0.08856656402349472,0.0,0.0,0.0,0.0,-0.39219003915786743
1788815381.120392,0.10642852634191513,0.0,0.0,0.0,0.0,-0.41670575737953186
1788815381.170364,0.10642852634191513,0.0,0.0,0.0,0.0,-0.41670575737953186
1788815381.220495,0.12321614474058151,0.0,0.0,0.0,0.0,-0.4229603409767151
1788815381.270238,0.12321614474058151,0.0,0.0,0.0,0.0,-0.4229603409767151
1788815381.3204057,0.1324317753314972,0.0,0.0,0.0,0.0,-0.4256827235221863
1788815381.3701036,0.1324317753314972,0.0,0.0,0.0,0.0,-0.4256827235221863
1788815381.42059,0.14454710483551025,0.0,0.0,0.0,0.0,-0.4469888508319855
1788815381.4701085,0.14454710483551025,0.0,0.0,0.0,0.0,-0.4469888508319855
1788815381.5204372,0.15539100766181946,0.0,0.0,0.0,0.0,-0.4685696065425873
1788815381.5701244,0.15539100766181946,0.0,0.0,0.0,0.0,-0.4685696065425873
1788815381.62048,0.17250178754329681,0.0,0.0,0.0,0.0,-0.47367221117019653
1788815381.6703508,0.17250178754329681,0.0,0.0,0.0,0.0,-0.47367221117019653
1788815381.7203975,0.19142159819602966,0.0,0.0,0.0,0.0,-0.4513050317764282
1788815381.770266,0.19142159819602966,0.0,0.0,0.0,0.0,-0.4513050317764282
1788815381.8204007,0.21093443036079407,0.0,0.0,0.0,0.0,-0.4165143072605133
1788815381.870278,0.21093443036079407,0.0,0.0,0.0,0.0,-0.4165143072605133
1788815381.920416,0.229574516415596,0.0,0.0,0.0,0.0,-0.37585633993148804
1788815381.9695153,0.23705677688121796,0.0,0.0,0.0,0.0,-0.3366186022758484
1788815382.0203621,0.23705677688121796,0.0,0.0,0.0,0.0,-0.3366186022758484
1788815382.0698237,0.24828751385211945,0.0,0.0,0.0,0.0,-0.2968217432498932
1788815382.1204233,0.24828751385211945,0.0,0.0,0.0,0.0,-0.2968217432498932
1788815382.170121,0.24807870388031006,0.0,0.0,0.0,0.0,-0.27521875500679016
1788815382.2204075,0.24807870388031006,0.0,0.0,0.0,0.0,-0.27521875500679016
1788815382.269985,0.24821600317955017,0.0,0.0,0.0,0.0,-0.26365864276885986
1788815382.3203166,0.24821600317955017,0.0,0.0,0.0,0.0,-0.26365864276885986
1788815382.3699625,0.25001075863838196,0.0,0.0,0.0,0.0,-0.2585589587688446
1788815382.4202793,0.25001075863838196,0.0,0.0,0.0,0.0,-0.2585589587688446
1788815382.4700167,0.2598516047000885,0.0,0.0,0.0,0.0,-0.2580890953540802
1788815382.5205553,0.2598516047000885,0.0,0.0,0.0,0.0,-0.2580890953540802
1788815382.5696712,0.2809095084667206,0.0,0.0,0.0,0.0,-0.25811952352523804
1788815382.620357,0.2809095084667206,0.0,0.0,0.0,0.0,-0.25811952352523804
1788815382.6697092,0.30581602454185486,0.0,0.0,0.0,0.0,-0.2705177068710327
1788815382.7202148,0.3102074861526489,0.0,0.0,0.0,0.0,-0.2705177068710327
1788815382.7701688,0.3102074861526489,0.0,0.0,0.0,0.0,-0.2705177068710327
1788815382.8203773,0.33520567417144775,0.0,0.0,0.0,0.0,-0.2737889587879181
1788815382.8702855,0.33708372712135315,0.0,0.0,0.0,0.0,-0.2737889587879181
1788815382.920434,0.3620704710483551,0.0,0.0,0.0,0.0,-0.27753323316574097
1788815382.9701877,0.36746901273727417,0.0,0.0,0.0,0.0,-0.27753323316574097
1788815383.0202017,0.3924623131752014,0.0,0.0,0.0,0.0,-0.2767714560031891
1788815383.0702012,0.3943344056606293,0.0,0.0,0.0,0.0,-0.2767714560031891
1788815383.120255,0.4193668067455292,0.0,0.0,0.0,0.0,-0.2688697576522827
1788815383.1701932,0.4213917553424835,0.0,0.0,0.0,0.0,-0.2688697576522827
1788815383.220317,0.4320666193962097,0.0,0.0,0.0,0.0,-0.11881768703460693
1788815383.27017,0.4320666193962097,0.0,0.0,0.0,0.0,-0.1143168956041336
1788815383.3203928,0.4449153542518616,0.0,0.0,0.0,0.0,-0.0669567883014679
1788815383.3699334,0.4695403575897217,0.0,0.0,0.0,0.0,-0.02462974563241005
1788815383.420491,0.4695403575897217,0.0,0.0,0.0,0.0,-0.02462974563241005
1788815383.4701228,0.4695403575897217,0.0,0.0,0.0,0.0,-0.02462974563241005
1788815383.5203052,0.4838215410709381,0.0,0.0,0.0,0.0,0.0009024385362863541
1788815383.5701602,0.4838215410709381,0.0,0.0,0.0,0.0,0.0009024385362863541
1788815383.6203861,0.4854499101638794,0.0,0.0,0.0,0.0,0.01483074389398098
1788815383.6702309,0.4854499101638794,0.0,0.0,0.0,0.0,0.01483074389398098
1788815383.7205203,0.4929470121860504,0.0,0.0,0.0,0.0,0.032102979719638824
1788815383.770017,0.4929470121860504,0.0,0.0,0.0,0.0,0.032102979719638824
1788815383.8203552,0.49103957414627075,0.0,0.0,0.0,0.0,0.009336534887552261
1788815383.870079,0.49216926097869873,0.0,0.0,0.0,0.0,0.019669020548462868
1788815383.920231,0.49216926097869873,0.0,0.0,0.0,0.0,0.019669020548462868
1788815383.9698265,0.4950317144393921,0.0,0.0,0.0,0.0,0.026154739782214165
1788815384.0202332,0.4950317144393921,0.0,0.0,0.0,0.0,0.026154739782214165
1788815384.0701265,0.4950317144393921,0.0,0.0,0.0,0.0,0.026154739782214165
1788815384.1202478,0.495576947927475,0.0,0.0,0.0,0.0,0.035216815769672394
1788815384.170493,0.495576947927475,0.0,0.0,0.0,0.0,0.035216815769672394
1788815384.2204347,0.49412214756011963,0.0,0.0,0.0,0.0,0.04266675189137459
1788815384.2704728,0.49412214756011963,0.0,0.0,0.0,0.0,0.04266675189137459
1788815384.3206208,0.49201589822769165,0.0,0.0,0.0,0.0,0.050436899065971375
1788815384.3701777,0.49201589822769165,0.0,0.0,0.0,0.0,0.050436899065971375
1788815384.4204454,0.49250850081443787,0.0,0.0,0.0,0.0,0.05647768825292587
1788815384.4701245,0.49250850081443787,0.0,0.0,0.0,0.0,0.05647768825292587
1788815384.5204954,0.49002155661582947,0.0,0.0,0.0,0.0,0.06391467899084091
1788815384.5704913,0.49002155661582947,0.0,0.0,0.0,0.0,0.06391467899084091
1788815384.6203606,0.4818848967552185,0.0,0.0,0.0,0.0,0.06671658903360367
1788815384.6702664,0.4818848967552185,0.0,0.0,0.0,0.0,0.06671658903360367
1788815384.7202575,0.47763708233833313,0.0,0.0,0.0,0.0,0.04267633333802223
1788815384.7702346,0.47763708233833313,0.0,0.0,0.0,0.0,0.04267633333802223
1788815384.8203151,0.48148831725120544,0.0,0.0,0.0,0.0,0.03297693282365799
1788815384.8702333,0.48148831725120544,0.0,0.0,0.0,0.0,0.03297693282365799
1788815384.920755,0.4869076609611511,0.0,0.0,0.0,0.0,0.02544265426695347
1788815384.9702005,0.4869076609611511,0.0,0.0,0.0,0.0,0.02544265426695347
1788815385.0206034,0.4888225197792053,0.0,0.0,0.0,0.0,0.018648672848939896
1788815385.0701005,0.4888225197792053,0.0,0.0,0.0,0.0,0.018648672848939896
1788815385.1202185,0.4963562488555908,0.0,0.0,0.0,0.0,0.01776259019970894
1788815385.1702263,0.4963562488555908,0.0,0.0,0.0,0.0,0.01776259019970894
1788815385.2204008,0.49885421991348267,0.0,0.0,0.0,0.0,0.017722906544804573
1788815385.2700312,0.49885421991348267,0.0,0.0,0.0,0.0,0.017722906544804573
1788815385.3203034,0.4943544268608093,0.0,0.0,0.0,0.0,0.02116430178284645
1788815385.370154,0.4943544268608093,0.0,0.0,0.0,0.0,0.02116430178284645
1788815385.420338,0.49603942036628723,0.0,0.0,0.0,0.0,0.030740799382328987
1788815385.4701266,0.49603942036628723,0.0,0.0,0.0,0.0,0.030740799382328987
1788815385.5204308,0.48827001452445984,0.0,0.0,0.0,0.0,0.042782437056303024
1788815385.5702088,0.48827001452445984,0.0,0.0,0.0,0.0,0.042782437056303024
1788815385.6204224,0.49055901169776917,0.0,0.0,0.0,0.0,0.05236309394240379
1788815385.6702192,0.49055901169776917,0.0,0.0,0.0,0.0,0.05236309394240379
1788815385.7204115,0.47524553537368774,0.0,0.0,0.0,0.0,0.026257343590259552
1788815385.7701478,0.47524553537368774,0.0,0.0,0.0,0.0,0.026257343590259552
1788815385.8202686,0.4861816465854645,0.0,0.0,0.0,0.0,0.01621103659272194
1788815385.8699484,0.4861816465854645,0.0,0.0,0.0,0.0,0.01621103659272194
1788815385.9203007,0.4915054738521576,0.0,0.0,0.0,0.0,0.008737350814044476
1788815385.9702203,0.4915054738521576,0.0,0.0,0.0,0.0,0.008737350814044476
1788815386.0202744,0.5013539791107178,0.0,0.0,0.0,0.0,0.0090432558208704
1788815386.0702553,0.5013539791107178,0.0,0.0,0.0,0.0,0.0090432558208704
1788815386.1204703,0.4983256757259369,0.0,0.0,0.0,0.0,0.013504646718502045
1788815386.1700742,0.4983256757259369,0.0,0.0,0.0,0.0,0.013504646718502045
1788815386.2204227,0.49282485246658325,0.0,0.0,0.0,0.0,0.024185672402381897
1788815386.2701025,0.49282485246658325,0.0,0.0,0.0,0.0,0.024185672402381897
1788815386.3203304,0.4934130609035492,0.0,0.0,0.0,0.0,0.035795290023088455
1788815386.3699768,0.4934130609035492,0.0,0.0,0.0,0.0,0.035795290023088455
1788815386.420297,0.48150187730789185,0.0,0.0,0.0,0.0,0.0472450852394104
1788815386.4704812,0.48150187730789185,0.0,0.0,0.0,0.0,0.0472450852394104
1788815386.5205648,0.4667087495326996,0.0,0.0,0.0,0.0,0.059060826897621155
1788815386.5700946,0.4667087495326996,0.0,0.0,0.0,0.0,0.059060826897621155
1788815386.6203864,0.45029646158218384,0.0,0.0,0.0,0.0,0.06470757722854614
1788815386.670095,0.45029646158218384,0.0,0.0,0.0,0.0,0.06470757722854614
1788815386.7203069,0.4359631836414337,0.0,0.0,0.0,0.0,0.048818375915288925
1788815386.7701466,0.4359631836414337,0.0,0.0,0.0,0.0,0.048818375915288925
1788815386.8202257,0.424279123544693,0.0,0.0,0.0,0.0,0.04042993485927582
1788815386.8699346,0.424279123544693,0.0,0.0,0.0,0.0,0.04042993485927582
1788815386.920295,0.4441615641117096,0.0,0.0,0.0,0.0,0.031362924724817276
1788815386.9700303,0.4441615641117096,0.0,0.0,0.0,0.0,0.031362924724817276
1788815387.0204067,0.4609237015247345,0.0,0.0,0.0,0.0,0.020226653665304184
1788815387.0702312,0.4609237015247345,0.0,0.0,0.0,0.0,0.020226653665304184
1788815387.1202524,0.47465673089027405,0.0,0.0,0.0,0.0,0.020070750266313553
1788815387.1702125,0.47465673089027405,0.0,0.0,0.0,0.0,0.020070750266313553
1788815387.220597,0.4831502139568329,0.0,0.0,0.0,0.0,0.02450196072459221
1788815387.2700374,0.4831502139568329,0.0,0.0,0.0,0.0,0.02450196072459221
1788815387.3206873,0.48818132281303406,0.0,0.0,0.0,0.0,0.031017206609249115
1788815387.3702593,0.48818132281303406,0.0,0.0,0.0,0.0,0.031017206609249115
1788815387.422599,0.4905312955379486,0.0,0.0,0.0,0.0,0.040443114936351776
1788815387.4700608,0.4905312955379486,0.0,0.0,0.0,0.0,0.040443114936351776
1788815387.520383,0.4910305142402649,0.0,0.0,0.0,0.0,0.0523136667907238
1788815387.5705717,0.4910305142402649,0.0,0.0,0.0,0.0,0.0523136667907238
1788815387.6202853,0.4880416691303253,0.0,0.0,0.0,0.0,0.06519600749015808
1788815387.670162,0.4880416691303253,0.0,0.0,0.0,0.0,0.06519600749015808
1788815387.7200272,0.4864962697029114,0.0,0.0,0.0,0.0,0.06541211903095245
1788815387.7702277,0.4864962697029114,0.0,0.0,0.0,0.0,0.06541211903095245
1788815387.8203018,0.47991421818733215,0.0,0.0,0.0,0.0,0.06939010322093964
1788815387.8702235,0.47991421818733215,0.0,0.0,0.0,0.0,0.06939010322093964
1788815387.920439,0.47219932079315186,0.0,0.0,0.0,0.0,0.07976662367582321
1788815387.9702187,0.47219932079315186,0.0,0.0,0.0,0.0,0.07976662367582321
1788815388.0202148,0.46223801374435425,0.0,0.0,0.0,0.0,0.09404674172401428
1788815388.0701363,0.46223801374435425,0.0,0.0,0.0,0.0,0.09404674172401428
1788815388.1201885,0.45144444704055786,0.0,0.0,0.0,0.0,0.1037047877907753
1788815388.1700282,0.45144444704055786,0.0,0.0,0.0,0.0,0.1037047877907753
1788815388.2202194,0.43943434953689575,0.0,0.0,0.0,0.0,0.11191927641630173
1788815388.2702177,0.43943434953689575,0.0,0.0,0.0,0.0,0.11191927641630173
1788815388.320441,0.42903411388397217,0.0,0.0,0.0,0.0,0.10845816880464554
1788815388.3702416,0.42903411388397217,0.0,0.0,0.0,0.0,0.10845816880464554
1788815388.4203517,0.4167279005050659,0.0,0.0,0.0,0.0,0.10246309638023376
1788815388.47015,0.4167279005050659,0.0,0.0,0.0,0.0,0.10246309638023376
1788815388.5204246,0.4027651250362396,0.0,0.0,0.0,0.0,0.09996340423822403
1788815388.5701525,0.4027651250362396,0.0,0.0,0.0,0.0,0.09996340423822403
1788815388.6203492,0.3888283669948578,0.0,0.0,0.0,0.0,0.09805849194526672
1788815388.6702914,0.3888283669948578,0.0,0.0,0.0,0.0,0.09805849194526672
1788815388.7202525,0.37291568517684937,0.0,0.0,0.0,0.0,0.09846708178520203
1788815388.7701075,0.37291568517684937,0.0,0.0,0.0,0.0,0.09846708178520203
1788815388.8201663,0.358239084482193,0.0,0.0,0.0,0.0,0.08898358047008514
1788815388.8704123,0.358239084482193,0.0,0.0,0.0,0.0,0.08898358047008514
1788815388.9203045,0.35436442494392395,0.0,0.0,0.0,0.0,0.09310668706893921
1788815388.9701436,0.35436442494392395,0.0,0.0,0.0,0.0,0.09310668706893921
1788815389.0204377,0.34694230556488037,0.0,0.0,0.0,0.0,0.1431242823600769
1788815389.0710194,0.34694230556488037,0.0,0.0,0.0,0.0,0.1774781346321106
1788815389.1204152,0.3431171774864197,0.0,0.0,0.0,0.0,0.2217627912759781
1788815389.170153,0.3431171774864197,0.0,0.0,0.0,0.0,0.2217627912759781
1788815389.2202299,0.3410812318325043,0.0,0.0,0.0,0.0,0.24951454997062683
1788815389.2703924,0.3410812318325043,0.0,0.0,0.0,0.0,0.24951454997062683
1788815389.320349,0.3386547565460205,0.0,0.0,0.0,0.0,0.26774194836616516
1788815389.3702667,0.3386547565460205,0.0,0.0,0.0,0.0,0.26774194836616516
1788815389.420206,0.33423611521720886,0.0,0.0,0.0,0.0,0.2747159004211426
1788815389.4701006,0.33423611521720886,0.0,0.0,0.0,0.0,0.2747159004211426
1788815389.5205104,0.3273933529853821,0.0,0.0,0.0,0.0,0.27586859464645386
1788815389.5704622,0.3273933529853821,0.0,0.0,0.0,0.0,0.27586859464645386
1788815389.620649,0.31617745757102966,0.0,0.0,0.0,0.0,0.27472952008247375
1788815389.6700284,0.31617745757102966,0.0,0.0,0.0,0.0,0.27472952008247375
1788815389.7201707,0.30127087235450745,0.0,0.0,0.0,0.0,0.2706148326396942
1788815389.77002,0.30127087235450745,0.0,0.0,0.0,0.0,0.2706148326396942
1788815389.8203347,0.28306013345718384,0.0,0.0,0.0,0.0,0.26446235179901123
1788815389.870254,0.28306013345718384,0.0,0.0,0.0,0.0,0.26446235179901123
1788815389.920124,0.26307040452957153,0.0,0.0,0.0,0.0,0.2581385374069214
1788815389.9701753,0.26307040452957153,0.0,0.0,0.0,0.0,0.2581385374069214
1788815390.020352,0.24112240970134735,0.0,0.0,0.0,0.0,0.2506902813911438
1788815390.070073,0.24112240970134735,0.0,0.0,0.0,0.0,0.2506902813911438
1788815390.120317,0.21837565302848816,0.0,0.0,0.0,0.0,0.2427700310945511
1788815390.1700208,0.21837565302848816,0.0,0.0,0.0,0.0,0.2427700310945511
1788815390.220415,0.1949484944343567,0.0,0.0,0.0,0.0,0.23363453149795532
1788815390.2699542,0.1949484944343567,0.0,0.0,0.0,0.0,0.23363453149795532
1788815390.3203545,0.1763831377029419,0.0,0.0,0.0,0.0,0.2238968312740326
1788815390.370197,0.1763831377029419,0.0,0.0,0.0,0.0,0.2238968312740326
1788815390.4205415,0.16056251525878906,0.0,0.0,0.0,0.0,0.2131989449262619
1788815390.470182,0.16056251525878906,0.0,0.0,0.0,0.0,0.2131989449262619
1788815390.520253,0.08552110195159912,0.0,0.0,0.0,0.0,0.06311611831188202
1788815390.5703378,0.010565519332885742,0.0,0.0,0.0,0.0,0.0
1788815390.6204135,0.0,0.0,0.0,0.0,0.0,0.0
1788815390.6702974,0.0,0.0,0.0,0.0,0.0,0.0
1788815390.7204387,0.0,0.0,0.0,0.0,0.0,0.0
1788815390.7700858,0.0,0.0,0.0,0.0,0.0,0.0
1788815390.820697,0.0,0.0,0.0,0.0,0.0,0.0
1788815390.87012,0.0,0.0,0.0,0.0,0.0,0.0
1788815390.9201975,0.0,0.0,0.0,0.0,0.0,0.0
1788815390.9701397,0.0,0.0,0.0,0.0,0.0,0.0
1788815391.02023,0.0,0.0,0.0,0.0,0.0,0.0
1788815391.070261,0.0,0.0,0.0,0.0,0.0,0.0
1788815391.1202922,0.0,0.0,0.0,0.0,0.0,0.0
1788815391.1701424,0.0,0.0,0.0,0.0,0.0,0.0
1788815391.228626,0.0,0.0,0.0,0.0,0.0,0.0
1788815391.2702625,0.0,0.0,0.0,0.0,0.0,0.0
1788815391.3203769,0.0,0.0,0.0,0.0,0.0,0.0
1788815391.3703334,0.0,0.0,0.0,0.0,0.0,0.0
1788815391.4205766,0.0,0.0,0.0,0.0,0.0,0.0
1788815391.4700215,0.0,0.0,0.0,0.0,0.0,0.0
1788815391.520338,0.0,0.0,0.0,0.0,0.0,0.0
1788815391.5703235,0.0,0.0,0.0,0.0,0.0,0.0
1788815391.620394,0.0,0.0,0.0,0.0,0.0,0.0
1788815391.6702843,0.0,0.0,0.0,0.0,0.0,0.0
1788815391.7203531,0.0,0.0,0.0,0.0,0.0,0.0
1788815391.7701442,0.0,0.0,0.0,0.0,0.0,0.0
1788815391.8202524,0.0,0.0,0.0,0.0,0.0,0.0
1788815391.8704553,0.0,0.0,0.0,0.0,0.0,0.0
1788815391.9203598,0.0,0.0,0.0,0.0,0.0,0.0
1788815391.9700482,0.0,0.0,0.0,0.0,0.0,0.0
1788815392.0203981,0.0,0.0,0.0,0.0,0.0,0.0
1788815392.0702543,0.0,0.0,0.0,0.0,0.0,0.0
1788815392.1205397,0.0,0.0,0.0,0.0,0.0,0.0
1788815392.1702144,0.0,0.0,0.0,0.0,0.0,0.0
1788815392.2202284,0.0,0.0,0.0,0.0,0.0,0.0
1788815392.2700682,0.0,0.0,0.0,0.0,0.0,0.0
1788815392.3203723,0.0,0.0,0.0,0.0,0.0,0.0
1788815392.3709931,0.0,0.0,0.0,0.0,0.0,0.0
1788815392.4202373,0.0,0.0,0.0,0.0,0.0,0.0
1788815392.470106,0.0,0.0,0.0,0.0,0.0,0.0
1788815392.5203207,0.0,0.0,0.0,0.0,0.0,0.0
1788815392.5701456,0.0,0.0,0.0,0.0,0.0,0.0
1788815392.620279,0.0,0.0,0.0,0.0,0.0,0.0
1788815392.6701784,0.0,0.0,0.0,0.0,0.0,0.0
1788815392.720447,0.0,0.0,0.0,0.0,0.0,0.0
1788815392.7698264,0.0,0.0,0.0,0.0,0.0,0.0
1788815392.819998,0.0,0.0,0.0,0.0,0.0,0.0
1788815392.8702536,0.0,0.0,0.0,0.0,0.0,0.0
1788815392.9205575,0.0,0.0,0.0,0.0,0.0,0.0
1788815392.9700463,0.0,0.0,0.0,0.0,0.0,0.0
1788815393.0204504,0.0,0.0,0.0,0.0,0.0,0.0
1788815393.0709984,0.0,0.0,0.0,0.0,0.0,0.0
1788815393.1203864,0.0,0.0,0.0,0.0,0.0,0.0
1788815393.170224,0.0,0.0,0.0,0.0,0.0,0.0
1788815393.2203653,0.0,0.0,0.0,0.0,0.0,0.0
1788815393.270208,0.0,0.0,0.0,0.0,0.0,0.0
1788815393.3204658,0.0,0.0,0.0,0.0,0.0,0.0
1788815393.3699386,0.0,0.0,0.0,0.0,0.0,0.0
1788815393.4202766,0.0,0.0,0.0,0.0,0.0,0.0
1788815393.4700685,0.0,0.0,0.0,0.0,0.0,0.0
1788815393.519975,0.0,0.0,0.0,0.0,0.0,0.0
1788815393.570535,0.0,0.0,0.0,0.0,0.0,0.0
1788815393.6203897,0.0,0.0,0.0,0.0,0.0,0.0
1788815393.6701744,0.0,0.0,0.0,0.0,0.0,0.0
1788815393.720371,0.0,0.0,0.0,0.0,0.0,0.0
1788815393.770286,0.0,0.0,0.0,0.0,0.0,0.0
1788815393.8203163,0.0,0.0,0.0,0.0,0.0,0.0
1788815393.8702254,0.0,0.0,0.0,0.0,0.0,0.0
1788815393.9201925,0.0,0.0,0.0,0.0,0.0,0.0
1788815393.9701602,0.0,0.0,0.0,0.0,0.0,0.0
1788815394.0202959,0.0,0.0,0.0,0.0,0.0,0.0
1788815394.0702069,0.0,0.0,0.0,0.0,0.0,0.0
1788815394.120239,0.0,0.0,0.0,0.0,0.0,0.0
1788815394.1701736,0.0,0.0,0.0,0.0,0.0,0.0
1788815394.2203732,0.0,0.0,0.0,0.0,0.0,0.0
1788815394.2699645,0.0,0.0,0.0,0.0,0.0,0.0
1788815394.32016,0.0,0.0,0.0,0.0,0.0,0.0
1788815394.37008,0.0,0.0,0.0,0.0,0.0,0.0
1788815394.420383,0.0,0.0,0.0,0.0,0.0,0.0
1788815394.4701562,0.0,0.0,0.0,0.0,0.0,0.0
1788815394.5202007,0.0,0.0,0.0,0.0,0.0,0.0
1788815394.5700943,0.0,0.0,0.0,0.0,0.0,0.0
1788815394.6202075,0.0,0.0,0.0,0.0,0.0,0.0
1788815394.6700852,0.0,0.0,0.0,0.0,0.0,0.0
1788815394.7202828,0.0,0.0,0.0,0.0,0.0,0.0
1788815394.7701173,0.0,0.0,0.0,0.0,0.0,0.0
1788815394.8203268,0.0,0.0,0.0,0.0,0.0,0.0
1788815394.8700979,0.0,0.0,0.0,0.0,0.0,0.0
1788815394.9204147,0.0,0.0,0.0,0.0,0.0,0.0
1788815394.9701228,0.0,0.0,0.0,0.0,0.0,0.0
1788815395.020153,0.0,0.0,0.0,0.0,0.0,0.0
1788815395.0702138,0.0,0.0,0.0,0.0,0.0,0.0
1788815395.1204681,0.0,0.0,0.0,0.0,0.0,0.0
1788815395.1700613,0.0,0.0,0.0,0.0,0.0,0.0
1788815395.2202408,0.0,0.0,0.0,0.0,0.0,0.0
1788815395.270117,0.0,0.0,0.0,0.0,0.0,0.0
1788815395.320276,0.0,0.0,0.0,0.0,0.0,0.0
1788815395.370192,0.0,0.0,0.0,0.0,0.0,0.0
1788815395.4200215,0.0,0.0,0.0,0.0,0.0,0.0
1788815395.47019,0.0,0.0,0.0,0.0,0.0,0.0
1788815395.5203667,0.0,0.0,0.0,0.0,0.0,0.0
1788815395.5702279,0.0,0.0,0.0,0.0,0.0,0.0
1788815395.620404,-0.015383818186819553,0.0,0.0,0.0,0.0,-0.050118207931518555
1788815395.6702101,-0.015383818186819553,0.0,0.0,0.0,0.0,-0.07588459551334381
1788815395.7201037,-0.022384539246559143,0.0,0.0,0.0,0.0,-0.12009527534246445
1788815395.7699978,-0.022384539246559143,0.0,0.0,0.0,0.0,-0.12009527534246445
1788815395.8202395,-0.013108120299875736,0.0,0.0,0.0,0.0,-0.1670285314321518
1788815395.89175,-0.013108120299875736,0.0,0.0,0.0,0.0,-0.1670285314321518
1788815395.9203596,0.006842592731118202,0.0,0.0,0.0,0.0,-0.19116194546222687
1788815395.9700825,0.006842592731118202,0.0,0.0,0.0,0.0,-0.19116194546222687
1788815396.0203116,0.029561463743448257,0.0,0.0,0.0,0.0,-0.20930355787277222
1788815396.0701458,0.029561463743448257,0.0,0.0,0.0,0.0,-0.20930355787277222
1788815396.120364,0.0467800572514534,0.0,0.0,0.0,0.0,-0.21916480362415314
1788815396.1701882,0.0467800572514534,0.0,0.0,0.0,0.0,-0.21916480362415314
1788815396.2201893,0.05740024894475937,0.0,0.0,0.0,0.0,-0.2404121607542038
1788815396.2699895,0.05740024894475937,0.0,0.0,0.0,0.0,-0.2404121607542038
1788815396.320431,0.02963290549814701,0.0,0.0,0.0,0.0,-0.2904323786497116
1788815396.3701987,0.02963290549814701,0.0,0.0,0.0,0.0,-0.320239394903183
1788815396.4203334,0.02160351164638996,0.0,0.0,0.0,0.0,-0.3701096475124359
1788815396.4702172,0.02160351164638996,0.0,0.0,0.0,0.0,-0.3885895311832428
1788815396.5204933,0.01760273054242134,0.0,0.0,0.0,0.0,-0.4385971128940582
1788815396.5702531,0.01760273054242134,0.0,0.0,0.0,0.0,-0.44927817583084106
1788815396.620391,0.018108243122696877,0.0,0.0,0.0,0.0,-0.49929195642471313
1788815396.6701064,0.018108243122696877,0.0,0.0,0.0,0.0,-0.5061988234519958
1788815396.7201366,0.017074115574359894,0.0,0.0,0.0,0.0,-0.5562826991081238
1788815396.77006,0.017074115574359894,0.0,0.0,0.0,0.0,-0.5789955258369446
1788815396.820477,0.02480056881904602,0.0,0.0,0.0,0.0,-0.6290064454078674
1788815396.8701794,0.02480056881904602,0.0,0.0,0.0,0.0,-0.64930260181427
1788815396.9203572,0.03717831149697304,0.0,0.0,0.0,0.0,-0.6940439343452454
1788815396.9701366,0.03717831149697304,0.0,0.0,0.0,0.0,-0.6940439343452454
1788815397.0202649,0.048287294805049896,0.0,0.0,0.0,0.0,-0.7209923267364502
1788815397.0701728,0.048287294805049896,0.0,0.0,0.0,0.0,-0.7209923267364502
1788815397.1201897,0.06519876420497894,0.0,0.0,0.0,0.0,-0.7134802937507629
1788815397.1700034,0.06519876420497894,0.0,0.0,0.0,0.0,-0.7134802937507629
1788815397.2204454,0.08139941841363907,0.0,0.0,0.0,0.0,-0.7217699289321899
1788815397.270196,0.08139941841363907,0.0,0.0,0.0,0.0,-0.7217699289321899
1788815397.320471,0.10333186388015747,0.0,0.0,0.0,0.0,-0.7170746922492981
1788815397.3702462,0.12452097237110138,0.0,0.0,0.0,0.0,-0.7010778188705444
1788815397.4203053,0.12452097237110138,0.0,0.0,0.0,0.0,-0.7010778188705444
1788815397.4698174,0.1457643210887909,0.0,0.0,0.0,0.0,-0.6749767065048218
1788815397.520438,0.1457643210887909,0.0,0.0,0.0,0.0,-0.6749767065048218
1788815397.5701313,0.1674799919128418,0.0,0.0,0.0,0.0,-0.6416776180267334
1788815397.6205137,0.1674799919128418,0.0,0.0,0.0,0.0,-0.6416776180267334
1788815397.670011,0.18867966532707214,0.0,0.0,0.0,0.0,-0.6004544496536255
1788815397.7203746,0.18867966532707214,0.0,0.0,0.0,0.0,-0.6004544496536255
1788815397.7702522,0.20957639813423157,0.0,0.0,0.0,0.0,-0.5563898086547852
1788815397.8204389,0.20957639813423157,0.0,0.0,0.0,0.0,-0.5563898086547852
1788815397.8705933,0.20957639813423157,0.0,0.0,0.0,0.0,-0.5563898086547852
1788815397.9203312,0.22977209091186523,0.0,0.0,0.0,0.0,-0.5058321356773376
1788815397.9704244,0.22977209091186523,0.0,0.0,0.0,0.0,-0.5058321356773376
1788815398.020229,0.24732564389705658,0.0,0.0,0.0,0.0,-0.44968679547309875
1788815398.070198,0.24732564389705658,0.0,0.0,0.0,0.0,-0.44968679547309875
1788815398.1204276,0.2630685269832611,0.0,0.0,0.0,0.0,-0.3918584883213043
1788815398.170138,0.2630685269832611,0.0,0.0,0.0,0.0,-0.3918584883213043
1788815398.2203505,0.26711156964302063,0.0,0.0,0.0,0.0,-0.33419522643089294
1788815398.270251,0.2695930302143097,0.0,0.0,0.0,0.0,-0.3105384409427643
1788815398.3203561,0.2695930302143097,0.0,0.0,0.0,0.0,-0.3105384409427643
1788815398.3703153,0.2695930302143097,0.0,0.0,0.0,0.0,-0.3105384409427643
1788815398.420066,0.27072474360466003,0.0,0.0,0.0,0.0,-0.2992374300956726
1788815398.4703572,0.2716117203235626,0.0,0.0,0.0,0.0,-0.2955538034439087
1788815398.5204973,0.2716117203235626,0.0,0.0,0.0,0.0,-0.2955538034439087
1788815398.5703368,0.2716117203235626,0.0,0.0,0.0,0.0,-0.2955538034439087
1788815398.620245,0.272771954536438,0.0,0.0,0.0,0.0,-0.2928968071937561
1788815398.6699755,0.272771954536438,0.0,0.0,0.0,0.0,-0.2928968071937561
1788815398.7204304,0.27598029375076294,0.0,0.0,0.0,0.0,-0.29249078035354614
1788815398.770139,0.27598029375076294,0.0,0.0,0.0,0.0,-0.29249078035354614
1788815398.820424,0.28511983156204224,0.0,0.0,0.0,0.0,-0.2933904826641083
1788815398.8704314,0.28511983156204224,0.0,0.0,0.0,0.0,-0.2933904826641083
1788815398.9205592,0.3014255166053772,0.0,0.0,0.0,0.0,-0.2947613000869751
1788815398.9701395,0.3014255166053772,0.0,0.0,0.0,0.0,-0.2947613000869751
1788815399.0201914,0.31198355555534363,0.0,0.0,0.0,0.0,-0.30683010816574097
1788815399.0701928,0.31198355555534363,0.0,0.0,0.0,0.0,-0.30683010816574097
1788815399.1203496,0.32111355662345886,0.0,0.0,0.0,0.0,-0.31285202503204346
1788815399.169978,0.32111355662345886,0.0,0.0,0.0,0.0,-0.31285202503204346
1788815399.2202592,0.32774290442466736,0.0,0.0,0.0,0.0,-0.31498783826828003
1788815399.2701437,0.32774290442466736,0.0,0.0,0.0,0.0,-0.31498783826828003
1788815399.320351,0.3303092420101166,0.0,0.0,0.0,0.0,-0.3093205392360687
1788815399.3699496,0.3303092420101166,0.0,0.0,0.0,0.0,-0.3093205392360687
1788815399.4205103,0.3319184482097626,0.0,0.0,0.0,0.0,-0.17333467304706573
1788815399.470207,0.3319184482097626,0.0,0.0,0.0,0.0,-0.17333467304706573
1788815399.5202894,0.3319880962371826,0.0,0.0,0.0,0.0,-0.023282602429389954
1788815399.5700986,0.3319880962371826,0.0,0.0,0.0,0.0,-0.012111054733395576
1788815399.6202428,0.3499394357204437,0.0,0.0,0.0,0.0,0.037829531356692314
1788815399.670041,0.3499394357204437,0.0,0.0,0.0,0.0,0.0878313910216093
1788815399.720169,0.3558724820613861,0.0,0.0,0.0,0.0,0.13782633654773235
1788815399.7701287,0.3558724820613861,0.0,0.0,0.0,0.0,0.18784607760608196
1788815399.820402,0.3575807511806488,0.0,0.0,0.0,0.0,0.23786248080432415
1788815399.8701184,0.3575807511806488,0.0,0.0,0.0,0.0,0.2877949606627226
1788815399.9203484,0.35470786690711975,0.0,0.0,0.0,0.0,0.33788217417895794
1788815399.9701872,0.35470786690711975,0.0,0.0,0.0,0.0,0.3805089592933655
1788815400.0203936,0.3424658477306366,0.0,0.0,0.0,0.0,0.4222202003002167
1788815400.0698147,0.3274776041507721,0.0,0.0,0.0,0.0,0.45711207389831543
1788815400.12035,0.3274776041507721,0.0,0.0,0.0,0.0,0.45711207389831543
1788815400.1700816,0.3274776041507721,0.0,0.0,0.0,0.0,0.45711207389831543
1788815400.2207682,0.3119775950908661,0.0,0.0,0.0,0.0,0.48727166652679443
1788815400.2702024,0.3119775950908661,0.0,0.0,0.0,0.0,0.48727166652679443
1788815400.32036,0.29583972692489624,0.0,0.0,0.0,0.0,0.5060926675796509
1788815400.3700206,0.29583972692489624,0.0,0.0,0.0,0.0,0.5060926675796509
1788815400.4203253,0.2778916358947754,0.0,0.0,0.0,0.0,0.5132997632026672
1788815400.4698627,0.2578502297401428,0.0,0.0,0.0,0.0,0.5207818150520325
1788815400.5203247,0.2578502297401428,0.0,0.0,0.0,0.0,0.5207818150520325
1788815400.5701432,0.2578502297401428,0.0,0.0,0.0,0.0,0.5207818150520325
1788815400.6203911,0.23770080506801605,0.0,0.0,0.0,0.0,0.5242235064506531
1788815400.670207,0.23770080506801605,0.0,0.0,0.0,0.0,0.5242235064506531
1788815400.720229,0.21694236993789673,0.0,0.0,0.0,0.0,0.5268083214759827
1788815400.7702656,0.21694236993789673,0.0,0.0,0.0,0.0,0.5268083214759827
1788815400.8203912,0.18518243730068207,0.0,0.0,0.0,0.0,0.4321085214614868
1788815400.8704855,0.18518243730068207,0.0,0.0,0.0,0.0,0.4321085214614868
1788815400.920249,0.16497468948364258,0.0,0.0,0.0,0.0,0.38242626190185547
1788815400.970714,0.16497468948364258,0.0,0.0,0.0,0.0,0.38242626190185547
1788815401.020457,0.15390503406524658,0.0,0.0,0.0,0.0,0.3424716591835022
1788815401.070334,0.15390503406524658,0.0,0.0,0.0,0.0,0.3424716591835022
1788815401.1204412,0.1495562493801117,0.0,0.0,0.0,0.0,0.33699294924736023
1788815401.1700978,0.1495562493801117,0.0,0.0,0.0,0.0,0.33699294924736023
1788815401.2201014,0.1477866768836975,0.0,0.0,0.0,0.0,0.33101722598075867
1788815401.270054,0.1477866768836975,0.0,0.0,0.0,0.0,0.33101722598075867
1788815401.3203685,0.14683376252651215,0.0,0.0,0.0,0.0,0.3311570882797241
1788815401.3702052,0.14683376252651215,0.0,0.0,0.0,0.0,0.3311570882797241
1788815401.4205055,0.14605283737182617,0.0,0.0,0.0,0.0,0.32958561182022095
1788815401.470023,0.14605283737182617,0.0,0.0,0.0,0.0,0.32958561182022095
1788815401.5202816,0.14474616944789886,0.0,0.0,0.0,0.0,0.34238868951797485
1788815401.5700307,0.14474616944789886,0.0,0.0,0.0,0.0,0.34238868951797485
1788815401.620296,0.14295099675655365,0.0,0.0,0.0,0.0,0.380972683429718
1788815401.670396,0.14295099675655365,0.0,0.0,0.0,0.0,0.380972683429718
1788815401.720423,0.1406499594449997,0.0,0.0,0.0,0.0,0.4308670163154602
1788815401.7702453,0.1406499594449997,0.0,0.0,0.0,0.0,0.43741512298583984
1788815401.820411,0.13816231489181519,0.0,0.0,0.0,0.0,0.47751665115356445
1788815401.870193,0.13816231489181519,0.0,0.0,0.0,0.0,0.47751665115356445
1788815401.920517,0.13576053082942963,0.0,0.0,0.0,0.0,0.4931403398513794
1788815401.9701521,0.13576053082942963,0.0,0.0,0.0,0.0,0.4931403398513794
1788815402.0201986,0.13355103135108948,0.0,0.0,0.0,0.0,0.5009700059890747
1788815402.0701723,0.13355103135108948,0.0,0.0,0.0,0.0,0.5009700059890747
1788815402.1203628,0.13120730221271515,0.0,0.0,0.0,0.0,0.5131708979606628
1788815402.1703398,0.12846429646015167,0.0,0.0,0.0,0.0,0.5272966623306274
1788815402.220447,0.12846429646015167,0.0,0.0,0.0,0.0,0.5272966623306274
1788815402.2700763,0.12541547417640686,0.0,0.0,0.0,0.0,0.5295378565788269
1788815402.3204265,0.12541547417640686,0.0,0.0,0.0,0.0,0.5295378565788269
1788815402.3702016,0.12541547417640686,0.0,0.0,0.0,0.0,0.5295378565788269
1788815402.4205432,0.12182766944169998,0.0,0.0,0.0,0.0,0.5219678282737732
1788815402.4697707,0.11791327595710754,0.0,0.0,0.0,0.0,0.5101948976516724
1788815402.520339,0.11791327595710754,0.0,0.0,0.0,0.0,0.5101948976516724
1788815402.5697844,0.11284077167510986,0.0,0.0,0.0,0.0,0.501139760017395
1788815402.6208076,0.11284077167510986,0.0,0.0,0.0,0.0,0.501139760017395
1788815402.6701353,0.11284077167510986,0.0,0.0,0.0,0.0,0.501139760017395
1788815402.720595,0.10782580077648163,0.0,0.0,0.0,0.0,0.48820802569389343
1788815402.7702355,0.10782580077648163,0.0,0.0,0.0,0.0,0.48820802569389343
1788815402.820346,0.1027582511305809,0.0,0.0,0.0,0.0,0.4674530625343323
1788815402.8702319,0.1027582511305809,0.0,0.0,0.0,0.0,0.4674530625343323
1788815402.920344,0.09731051325798035,0.0,0.0,0.0,0.0,0.4479220509529114
1788815402.9703069,0.09731051325798035,0.0,0.0,0.0,0.0,0.4479220509529114
1788815403.020221,0.08826911449432373,0.0,0.0,0.0,0.0,0.4310459494590759
1788815403.0700665,0.08826911449432373,0.0,0.0,0.0,0.0,0.4310459494590759
1788815403.1202252,0.08094321191310883,0.0,0.0,0.0,0.0,0.4101394712924957
1788815403.1705346,0.07581672817468643,0.0,0.0,0.0,0.0,0.38450315594673157
1788815403.220466,0.07581672817468643,0.0,0.0,0.0,0.0,0.38450315594673157
1788815403.2700932,0.06995011866092682,0.0,0.0,0.0,0.0,0.35473087430000305
1788815403.320292,0.06995011866092682,0.0,0.0,0.0,0.0,0.35473087430000305
1788815403.3703883,0.06995011866092682,0.0,0.0,0.0,0.0,0.35473087430000305
1788815403.4205983,0.06397363543510437,0.0,0.0,0.0,0.0,0.32552799582481384
1788815403.4697652,0.06397363543510437,0.0,0.0,0.0,0.0,0.32552799582481384
1788815403.520361,0.0,0.0,0.0,0.0,0.0,0.17513760924339294
1788815403.570134,0.0,0.0,0.0,0.0,0.0,0.02530941367149353
1788815403.6203587,0.0,0.0,0.0,0.0,0.0,0.0
1788815403.670111,0.0,0.0,0.0,0.0,0.0,0.0
1788815403.7205107,0.0,0.0,0.0,0.0,0.0,0.0
1788815403.7702768,0.0,0.0,0.0,0.0,0.0,0.0
1788815403.8203406,0.0,0.0,0.0,0.0,0.0,0.0
1788815403.8700304,0.0,0.0,0.0,0.0,0.0,0.0
1788815403.9202518,0.0,0.0,0.0,0.0,0.0,0.0
1788815403.9796076,0.0,0.0,0.0,0.0,0.0,0.0
1788815404.0205486,0.0,0.0,0.0,0.0,0.0,0.0
1788815404.073498,0.0,0.0,0.0,0.0,0.0,0.0
1788815404.1203249,0.0,0.0,0.0,0.0,0.0,0.0
1788815404.1747758,0.0,0.0,0.0,0.0,0.0,0.0
1788815404.2202654,0.0,0.0,0.0,0.0,0.0,0.0
1788815404.2742481,0.0,0.0,0.0,0.0,0.0,0.0
1788815404.3203223,0.0,0.0,0.0,0.0,0.0,0.0
1788815404.3775237,0.0,0.0,0.0,0.0,0.0,0.0
1788815404.4202883,0.0,0.0,0.0,0.0,0.0,0.0
1788815404.4789343,0.0,0.0,0.0,0.0,0.0,0.0
1788815404.5203085,0.0,0.0,0.0,0.0,0.0,0.0
1788815404.5751553,0.0,0.0,0.0,0.0,0.0,0.0
1788815404.620158,0.0,0.0,0.0,0.0,0.0,0.0
1788815404.6756575,0.0,0.0,0.0,0.0,0.0,0.0
1788815404.7202592,0.0,0.0,0.0,0.0,0.0,0.0
1788815404.7747757,0.0,0.0,0.0,0.0,0.0,0.0
1788815404.8201947,0.0,0.0,0.0,0.0,0.0,0.0
1788815404.876389,0.0,0.0,0.0,0.0,0.0,0.0
1788815404.9203467,0.0,0.0,0.0,0.0,0.0,0.0
1788815404.9744225,0.0,0.0,0.0,0.0,0.0,0.0
1788815405.0203447,0.0,0.0,0.0,0.0,0.0,0.0
1788815405.0732613,0.0,0.0,0.0,0.0,0.0,0.0
1788815405.120259,0.0,0.0,0.0,0.0,0.0,0.0
1788815405.175358,0.0,0.0,0.0,0.0,0.0,0.0
1788815405.2202747,0.0,0.0,0.0,0.0,0.0,0.0
1788815405.274295,0.0,0.0,0.0,0.0,0.0,0.0
1788815405.3206232,0.0,0.0,0.0,0.0,0.0,0.0
1788815405.375559,0.0,0.0,0.0,0.0,0.0,0.0
1788815405.4202332,0.0,0.0,0.0,0.0,0.0,0.0
1788815405.476444,0.0,0.0,0.0,0.0,0.0,0.0
1788815405.520337,0.0,0.0,0.0,0.0,0.0,0.0
1788815405.5760498,0.0,0.0,0.0,0.0,0.0,0.0
1788815405.6201704,0.0,0.0,0.0,0.0,0.0,0.0
1788815405.676168,0.0,0.0,0.0,0.0,0.0,0.0
1788815405.720204,0.0,0.0,0.0,0.0,0.0,0.0
1788815405.7764583,0.0,0.0,0.0,0.0,0.0,0.0
1788815405.8202999,0.0,0.0,0.0,0.0,0.0,0.0
1788815405.8779266,0.0,0.0,0.0,0.0,0.0,0.0
1788815405.9203446,0.0,0.0,0.0,0.0,0.0,0.0
1788815405.973658,0.0,0.0,0.0,0.0,0.0,0.0
1788815406.020586,0.0,0.0,0.0,0.0,0.0,0.0
1788815406.075279,0.0,0.0,0.0,0.0,0.0,0.0
1788815406.120313,0.0,0.0,0.0,0.0,0.0,0.0
1788815406.1758652,0.0,0.0,0.0,0.0,0.0,0.0
1788815406.2203953,0.0,0.0,0.0,0.0,0.0,0.0
1788815406.2743137,0.0,0.0,0.0,0.0,0.0,0.0
1788815406.3202991,0.0,0.0,0.0,0.0,0.0,0.0
1788815406.685855,0.0,0.0,0.0,0.0,0.0,0.0
1788815406.687146,0.0,0.0,0.0,0.0,0.0,0.0
1788815406.7203276,0.0,0.0,0.0,0.0,0.0,0.0
1788815406.7700064,0.0,0.0,0.0,0.0,0.0,0.0
1788815406.8231974,0.0,0.0,0.0,0.0,0.0,0.0
1788815406.886897,0.0,0.0,0.0,0.0,0.0,0.0
1788815406.920318,0.0,0.0,0.0,0.0,0.0,0.0
1788815406.9700658,0.0,0.0,0.0,0.0,0.0,0.0
1788815407.0203302,0.0,0.0,0.0,0.0,0.0,0.0
1788815407.0701191,0.0,0.0,0.0,0.0,0.0,0.0
1788815407.1202748,0.0,0.0,0.0,0.0,0.0,0.0
1788815407.1700313,0.0,0.0,0.0,0.0,0.0,0.0
1788815407.220151,0.0,0.0,0.0,0.0,0.0,0.0
1788815407.2700372,0.0,0.0,0.0,0.0,0.0,0.0
1788815407.320343,0.0,0.0,0.0,0.0,0.0,0.0
1788815407.370063,0.0,0.0,0.0,0.0,0.0,0.0
1788815407.420215,0.0,0.0,0.0,0.0,0.0,0.0
1788815407.470164,0.0,0.0,0.0,0.0,0.0,0.0
1788815407.520518,0.0,0.0,0.0,0.0,0.0,0.0
1788815407.5700424,0.0,0.0,0.0,0.0,0.0,0.0
1788815407.620313,0.0,0.0,0.0,0.0,0.0,0.0
1788815407.6701934,0.0,0.0,0.0,0.0,0.0,0.0
1788815407.7203858,0.0,0.0,0.0,0.0,0.0,0.0
1788815407.770145,0.0,0.0,0.0,0.0,0.0,0.0
1788815407.8202546,0.0,0.0,0.0,0.0,0.0,0.0
1788815407.8700616,0.0,0.0,0.0,0.0,0.0,0.0
1788815407.9203897,0.0,0.0,0.0,0.0,0.0,0.0
1788815407.970122,0.0,0.0,0.0,0.0,0.0,0.0
1788815408.020403,0.0,0.0,0.0,0.0,0.0,0.0
1788815408.0701277,0.0,0.0,0.0,0.0,0.0,0.0
1788815408.1203313,0.0,0.0,0.0,0.0,0.0,0.0
1788815408.1701438,0.0,0.0,0.0,0.0,0.0,0.0
1788815408.2202978,0.0,0.0,0.0,0.0,0.0,0.0
1788815408.2700436,0.0,0.0,0.0,0.0,0.0,0.0
1788815408.3204052,0.0,0.0,0.0,0.0,0.0,0.0
1788815408.370308,0.0,0.0,0.0,0.0,0.0,0.0
1788815408.42026,0.0,0.0,0.0,0.0,0.0,0.0
1788815408.4700847,0.0,0.0,0.0,0.0,0.0,0.0
1788815408.5202382,0.0,0.0,0.0,0.0,0.0,0.0
1788815408.570213,0.0,0.0,0.0,0.0,0.0,0.0
1788815408.6202095,0.0,0.0,0.0,0.0,0.0,0.0
1788815408.67003,0.0,0.0,0.0,0.0,0.0,0.0
1788815408.7202923,0.0,0.0,0.0,0.0,0.0,0.0
1788815408.7701478,0.0,0.0,0.0,0.0,0.0,0.0
1788815408.8202987,0.0,0.0,0.0,0.0,0.0,0.0
1788815408.8712356,0.0,0.0,0.0,0.0,0.0,0.0
1788815408.920367,0.0,0.0,0.0,0.0,0.0,0.0
1788815408.9701073,0.0,0.0,0.0,0.0,0.0,0.0
1788815409.0203013,0.0,0.0,0.0,0.0,0.0,0.0
1788815409.0702555,0.0,0.0,0.0,0.0,0.0,0.0
1788815409.1203227,0.0,0.0,0.0,0.0,0.0,0.0
1788815409.1702805,0.0,0.0,0.0,0.0,0.0,0.0
1788815409.2200754,0.0,0.0,0.0,0.0,0.0,0.0
1788815409.2700555,0.0,0.0,0.0,0.0,0.0,0.0
1788815409.3200834,0.0,0.0,0.0,0.0,0.0,0.0
1788815409.3701875,0.0,0.0,0.0,0.0,0.0,0.0
1788815409.420404,0.0,0.0,0.0,0.0,0.0,0.0
1788815409.4699793,0.0,0.0,0.0,0.0,0.0,0.0
1788815409.5203602,0.0,0.0,0.0,0.0,0.0,0.0
1788815409.5700798,0.0,0.0,0.0,0.0,0.0,0.0
1788815409.6203623,0.0,0.0,0.0,0.0,0.0,0.0
1788815409.6702168,0.0,0.0,0.0,0.0,0.0,0.0
1788815409.7203908,0.0,0.0,0.0,0.0,0.0,0.0
1788815409.7701046,0.0,0.0,0.0,0.0,0.0,0.0
1788815409.8202744,0.0,0.0,0.0,0.0,0.0,0.0
1788815409.8699954,0.0,0.0,0.0,0.0,0.0,0.0
1788815409.9203517,0.0,0.0,0.0,0.0,0.0,0.0
1788815409.970102,0.0,0.0,0.0,0.0,0.0,0.0
1788815410.0203621,0.0,0.0,0.0,0.0,0.0,0.0
1788815410.0701842,0.0,0.0,0.0,0.0,0.0,0.0
1788815410.1204276,0.0,0.0,0.0,0.0,0.0,0.0
1788815410.1700408,0.0,0.0,0.0,0.0,0.0,0.0
1788815410.2200344,0.0,0.0,0.0,0.0,0.0,0.0
1788815410.2700348,0.0,0.0,0.0,0.0,0.0,0.0
1788815410.3202605,0.0,0.0,0.0,0.0,0.0,0.0
1788815410.3701577,0.0,0.0,0.0,0.0,0.0,0.0
1788815410.420134,0.0,0.0,0.0,0.0,0.0,0.0
1788815410.4701152,0.0,0.0,0.0,0.0,0.0,0.0
1788815410.5203793,0.0,0.0,0.0,0.0,0.0,0.0
1788815410.570144,0.0,0.0,0.0,0.0,0.0,0.0
1788815410.6204443,0.0,0.0,0.0,0.0,0.0,0.0
1788815410.6698937,0.0,0.0,0.0,0.0,0.0,0.0
1788815410.7202282,0.0,0.0,0.0,0.0,0.0,0.0
1788815410.7702875,0.0,0.0,0.0,0.0,0.0,0.0
1788815410.8202155,0.0,0.0,0.0,0.0,0.0,0.0
1788815410.8702326,0.0,0.0,0.0,0.0,0.0,0.0
1788815410.9200823,0.0,0.0,0.0,0.0,0.0,0.0
1788815410.970249,0.0,0.0,0.0,0.0,0.0,0.0
1788815411.0282857,0.0,0.0,0.0,0.0,0.0,0.0
1788815411.0988474,0.0,0.0,0.0,0.0,0.0,0.0
1788815411.1216724,0.0,0.0,0.0,0.0,0.0,0.0
1788815411.186295,0.0,0.0,0.0,0.0,0.0,0.0
1788815411.2240353,0.0,0.0,0.0,0.0,0.0,0.0
1788815411.2798116,0.0,0.0,0.0,0.0,0.0,0.0
1788815411.320129,0.0,0.0,0.0,0.0,0.0,0.0
1788815411.3699987,0.0,0.0,0.0,0.0,0.0,0.0
1788815411.4198442,0.0,0.0,0.0,0.0,0.0,0.0
1788815411.4715745,0.0,0.0,0.0,0.0,0.0,0.0
1788815411.5210552,0.0,0.0,0.0,0.0,0.0,0.0
1788815411.5796297,0.0,0.0,0.0,0.0,0.0,0.0
1788815411.6202798,0.0,0.0,0.0,0.0,0.0,0.0
1788815411.669841,0.0,0.0,0.0,0.0,0.0,0.0
1788815411.7204897,0.0,0.0,0.0,0.0,0.0,0.0
1788815411.770078,0.0,0.0,0.0,0.0,0.0,0.0
1788815411.8202183,0.0,0.0,0.0,0.0,0.0,0.0
1788815411.8701174,0.0,0.0,0.0,0.0,0.0,0.0
1788815411.9203877,0.0,0.0,0.0,0.0,0.0,0.0
1788815411.9703007,0.0,0.0,0.0,0.0,0.0,0.0
1788815412.0203004,0.0,0.0,0.0,0.0,0.0,0.0
1788815412.0701447,0.0,0.0,0.0,0.0,0.0,0.0
1788815412.1202633,0.0,0.0,0.0,0.0,0.0,0.0
1788815412.1700838,0.0,0.0,0.0,0.0,0.0,0.0
1788815412.2202585,0.0,0.0,0.0,0.0,0.0,0.0
1788815412.2703044,0.0,0.0,0.0,0.0,0.0,0.0
1788815412.3204203,0.0,0.0,0.0,0.0,0.0,0.0
1788815412.3703632,0.0,0.0,0.0,0.0,0.0,0.0
1788815412.4204524,0.0,0.0,0.0,0.0,0.0,0.0
1788815412.4701982,0.0,0.0,0.0,0.0,0.0,0.0
1788815412.5204194,0.0,0.0,0.0,0.0,0.0,0.0
1788815412.5719502,0.0,0.0,0.0,0.0,0.0,0.0
1788815412.6200757,0.0,0.0,0.0,0.0,0.0,0.0
1788815412.670107,0.0,0.0,0.0,0.0,0.0,0.0
1788815412.7203772,0.0,0.0,0.0,0.0,0.0,0.0
1788815412.7702312,0.0,0.0,0.0,0.0,0.0,0.0
1788815412.8210816,0.0,0.0,0.0,0.0,0.0,0.0
1788815412.872716,0.0,0.0,0.0,0.0,0.0,0.0
1788815412.921198,0.0,0.0,0.0,0.0,0.0,0.0
1788815412.970026,0.0,0.0,0.0,0.0,0.0,0.0
1788815413.0204177,0.0,0.0,0.0,0.0,0.0,0.0
1788815413.0701854,0.0,0.0,0.0,0.0,0.0,0.0
1788815413.1203325,0.0,0.0,0.0,0.0,0.0,0.0
1788815413.1700773,0.0,0.0,0.0,0.0,0.0,0.0
1788815413.2204316,0.0,0.0,0.0,0.0,0.0,0.0
1788815413.2700326,0.0,0.0,0.0,0.0,0.0,0.0
1788815413.3203344,0.0,0.0,0.0,0.0,0.0,0.0
1788815413.3701904,0.0,0.0,0.0,0.0,0.0,0.0
1788815413.4205363,0.0,0.0,0.0,0.0,0.0,0.0
1788815413.4703207,0.0,0.0,0.0,0.0,0.0,0.0
1788815413.520383,0.0,0.0,0.0,0.0,0.0,0.0
1788815413.5702105,0.0,0.0,0.0,0.0,0.0,0.0
1788815413.6203613,0.0,0.0,0.0,0.0,0.0,0.0
1788815413.6701164,0.0,0.0,0.0,0.0,0.0,0.0
1788815413.7206585,0.0,0.0,0.0,0.0,0.0,0.0
1788815413.7700386,0.0,0.0,0.0,0.0,0.0,0.0
1788815413.8206744,0.0,0.0,0.0,0.0,0.0,0.0
1788815413.869983,0.0,0.0,0.0,0.0,0.0,0.0
1788815413.9203475,0.0,0.0,0.0,0.0,0.0,0.0
1788815413.9702015,0.0,0.0,0.0,0.0,0.0,0.0
1788815414.0206609,0.0,0.0,0.0,0.0,0.0,0.0
1788815414.0699368,0.0,0.0,0.0,0.0,0.0,0.0
1788815414.120392,0.0,0.0,0.0,0.0,0.0,0.0
1788815414.1700628,0.0,0.0,0.0,0.0,0.0,0.0
1788815414.2204115,0.0,0.0,0.0,0.0,0.0,0.0
1788815414.2699797,0.0,0.0,0.0,0.0,0.0,0.0
1788815414.3203392,0.0,0.0,0.0,0.0,0.0,0.0
1788815414.3702197,0.0,0.0,0.0,0.0,0.0,0.0
1788815414.4202607,0.0,0.0,0.0,0.0,0.0,0.0
1788815414.4700408,0.0,0.0,0.0,0.0,0.0,0.0
1788815414.520413,0.0,0.0,0.0,0.0,0.0,0.0
1788815414.570029,0.0,0.0,0.0,0.0,0.0,0.0
1788815414.6200433,0.0,0.0,0.0,0.0,0.0,0.0
1788815414.6701674,0.0,0.0,0.0,0.0,0.0,0.0
1788815414.7203557,0.0,0.0,0.0,0.0,0.0,0.0
1788815414.7702034,0.0,0.0,0.0,0.0,0.0,0.0
1788815414.8205729,0.0,0.0,0.0,0.0,0.0,0.0
1788815414.8699625,0.0,0.0,0.0,0.0,0.0,0.0
1788815414.920358,0.0,0.0,0.0,0.0,0.0,0.0
1788815414.9701831,0.0,0.0,0.0,0.0,0.0,0.0
1788815415.0203657,0.0,0.0,0.0,0.0,0.0,0.0
1788815415.0699377,0.0,0.0,0.0,0.0,0.0,0.0
1788815415.120348,0.0,0.0,0.0,0.0,0.0,0.0
1788815415.1702247,0.0,0.0,0.0,0.0,0.0,0.0
1788815415.2202997,0.0,0.0,0.0,0.0,0.0,0.0
1788815415.270029,0.0,0.0,0.0,0.0,0.0,0.0
1788815415.3202345,0.0,0.0,0.0,0.0,0.0,0.0
1788815415.3700871,0.0,0.0,0.0,0.0,0.0,0.0
1788815415.4202466,0.0,0.0,0.0,0.0,0.0,0.0
1788815415.4699447,0.0,0.0,0.0,0.0,0.0,0.0
1788815415.5203714,0.0,0.0,0.0,0.0,0.0,0.0
1788815415.5701425,0.0,0.0,0.0,0.0,0.0,0.0
1788815415.6203413,0.0,0.0,0.0,0.0,0.0,0.0
1788815415.6704047,0.0,0.0,0.0,0.0,0.0,0.0
1788815415.7204142,0.0,0.0,0.0,0.0,0.0,0.0
1788815415.7700717,0.0,0.0,0.0,0.0,0.0,0.0
1788815415.8204706,0.0,0.0,0.0,0.0,0.0,0.0
1788815415.8701184,0.0,0.0,0.0,0.0,0.0,0.0
1788815415.9203804,0.0,0.0,0.0,0.0,0.0,0.0
1788815415.970165,0.0,0.0,0.0,0.0,0.0,0.0
1788815416.0204363,0.0,0.0,0.0,0.0,0.0,0.0
1788815416.0701292,0.0,0.0,0.0,0.0,0.0,0.0
1788815416.1203256,0.0,0.0,0.0,0.0,0.0,0.0
1788815416.1700723,0.0,0.0,0.0,0.0,0.0,0.0
1788815416.2202623,0.0,0.0,0.0,0.0,0.0,0.0
1788815416.27012,0.0,0.0,0.0,0.0,0.0,0.0
1788815416.3203187,0.0,0.0,0.0,0.0,0.0,0.0
1788815416.3701143,0.0,0.0,0.0,0.0,0.0,0.0
1788815416.4200826,0.0,0.0,0.0,0.0,0.0,0.0
1788815416.4702275,0.0,0.0,0.0,0.0,0.0,0.0
1788815416.5204473,0.0,0.0,0.0,0.0,0.0,0.0
1788815416.5701866,0.0,0.0,0.0,0.0,0.0,0.0
1788815416.6205177,0.0,0.0,0.0,0.0,0.0,0.0
1788815416.6699955,0.0,0.0,0.0,0.0,0.0,0.0
1788815416.7202806,0.0,0.0,0.0,0.0,0.0,0.0
1788815416.770052,0.0,0.0,0.0,0.0,0.0,0.0
1788815416.8204012,0.0,0.0,0.0,0.0,0.0,0.0
1788815416.8701115,0.0,0.0,0.0,0.0,0.0,0.0
1788815416.9203308,0.0,0.0,0.0,0.0,0.0,0.0
1788815416.97011,0.0,0.0,0.0,0.0,0.0,0.0
1788815417.0205028,0.0,0.0,0.0,0.0,0.0,0.0
1788815417.070021,0.0,0.0,0.0,0.0,0.0,0.0
1788815417.120328,0.0,0.0,0.0,0.0,0.0,0.0
1788815417.170254,0.0,0.0,0.0,0.0,0.0,0.0
1788815417.2202663,0.0,0.0,0.0,0.0,0.0,0.0
1788815417.2702549,0.0,0.0,0.0,0.0,0.0,0.0
1788815417.3202674,0.0,0.0,0.0,0.0,0.0,0.0
1788815417.3703797,0.0,0.0,0.0,0.0,0.0,0.0
1788815417.4204597,0.0,0.0,0.0,0.0,0.0,0.0
1788815417.4701414,0.0,0.0,0.0,0.0,0.0,0.0
1788815417.5204217,0.0,0.0,0.0,0.0,0.0,0.0
1788815417.5701334,0.0,0.0,0.0,0.0,0.0,0.0
1788815417.6202805,0.0,0.0,0.0,0.0,0.0,0.0
1788815417.6700685,0.0,0.0,0.0,0.0,0.0,0.0
1788815417.7202933,0.0,0.0,0.0,0.0,0.0,0.0
1788815417.7700777,0.0,0.0,0.0,0.0,0.0,0.0
1788815417.820364,0.0,0.0,0.0,0.0,0.0,0.0
1788815417.8699973,0.0,0.0,0.0,0.0,0.0,0.0
1788815417.9203506,0.0,0.0,0.0,0.0,0.0,0.0
1788815417.970085,0.0,0.0,0.0,0.0,0.0,0.0
1788815418.0203753,0.0,0.0,0.0,0.0,0.0,0.0
1788815418.0702257,0.0,0.0,0.0,0.0,0.0,0.0
1788815418.120329,0.0,0.0,0.0,0.0,0.0,0.0
1788815418.1702144,0.0,0.0,0.0,0.0,0.0,0.0
1788815418.220164,0.0,0.0,0.0,0.0,0.0,0.0
1788815418.2701585,0.0,0.0,0.0,0.0,0.0,0.0
1788815418.3203235,0.0,0.0,0.0,0.0,0.0,0.0
1788815418.369809,0.0,0.0,0.0,0.0,0.0,0.0
1788815418.4201949,0.0,0.0,0.0,0.0,0.0,0.0
1788815418.469835,0.0,0.0,0.0,0.0,0.0,0.0
1788815418.5202155,0.0,0.0,0.0,0.0,0.0,0.0
1788815418.5700698,0.0,0.0,0.0,0.0,0.0,0.0
1788815418.6203089,0.0,0.0,0.0,0.0,0.0,0.0
1788815418.6701117,0.0,0.0,0.0,0.0,0.0,0.0
1788815418.7203438,0.0,0.0,0.0,0.0,0.0,0.0
1788815418.769984,0.0,0.0,0.0,0.0,0.0,0.0
1788815418.82256,0.0,0.0,0.0,0.0,0.0,0.0
1788815418.8777833,0.0,0.0,0.0,0.0,0.0,0.0
1788815418.9202645,0.0,0.0,0.0,0.0,0.0,0.0
1788815418.969993,0.0,0.0,0.0,0.0,0.0,0.0
1788815419.0199335,0.0,0.0,0.0,0.0,0.0,0.0
1788815419.0697339,0.0,0.0,0.0,0.0,0.0,0.0
1788815419.1201987,0.0,0.0,0.0,0.0,0.0,0.0
1788815419.1714404,0.0,0.0,0.0,0.0,0.0,0.0
1788815419.2202399,0.0,0.0,0.0,0.0,0.0,0.0
1788815419.2698996,0.0,0.0,0.0,0.0,0.0,0.0
1788815419.3203602,0.0,0.0,0.0,0.0,0.0,0.0
1788815419.370098,0.0,0.0,0.0,0.0,0.0,0.0
1788815419.4202132,0.0,0.0,0.0,0.0,0.0,0.0
1788815419.46979,0.0,0.0,0.0,0.0,0.0,0.0
1788815419.520011,0.0,0.0,0.0,0.0,0.0,0.0
1788815419.5701044,0.0,0.0,0.0,0.0,0.0,0.0
1788815419.6202824,0.0,0.0,0.0,0.0,0.0,0.0
1788815419.6701536,0.0,0.0,0.0,0.0,0.0,0.0
1788815419.7203648,0.0,0.0,0.0,0.0,0.0,0.0
1788815419.7703016,0.0,0.0,0.0,0.0,0.0,0.0
1788815419.820339,0.0,0.0,0.0,0.0,0.0,0.0
1788815419.8704135,0.0,0.0,0.0,0.0,0.0,0.0
1788815419.9202223,0.0,0.0,0.0,0.0,0.0,0.0
1788815419.970216,0.0,0.0,0.0,0.0,0.0,0.0
1788815420.020658,0.0,0.0,0.0,0.0,0.0,0.0
1788815420.0702965,0.0,0.0,0.0,0.0,0.0,0.0
1788815420.12032,0.0,0.0,0.0,0.0,0.0,0.0
1788815420.1702235,0.0,0.0,0.0,0.0,0.0,0.0
1788815420.2206576,0.0,0.0,0.0,0.0,0.0,0.0
1788815420.2703476,0.0,0.0,0.0,0.0,0.0,0.0
1788815420.320436,0.0,0.0,0.0,0.0,0.0,0.0
1788815420.3702815,0.0,0.0,0.0,0.0,0.0,0.0
1788815420.4204948,0.0,0.0,0.0,0.0,0.0,0.0
1788815420.4702528,0.0,0.0,0.0,0.0,0.0,0.0
1788815420.5205297,0.0,0.0,0.0,0.0,0.0,0.0
1788815420.571366,0.0,0.0,0.0,0.0,0.0,0.0
1788815420.6206548,0.0,0.0,0.0,0.0,0.0,0.0
1788815420.6701958,0.0,0.0,0.0,0.0,0.0,0.0
1788815420.720479,0.0,0.0,0.0,0.0,0.0,0.0
1788815420.7700608,0.0,0.0,0.0,0.0,0.0,0.0
1788815420.8217738,0.0,0.0,0.0,0.0,0.0,0.0
1788815420.8701134,0.0,0.0,0.0,0.0,0.0,0.0
1788815420.9220843,0.0,0.0,0.0,0.0,0.0,0.0
1788815420.9700596,0.0,0.0,0.0,0.0,0.0,0.0
1788815421.0204067,0.0,0.0,0.0,0.0,0.0,0.0
1788815421.0702393,0.0,0.0,0.0,0.0,0.0,0.0
1788815421.1203094,0.0,0.0,0.0,0.0,0.0,0.0
1788815421.1708589,0.0,0.0,0.0,0.0,0.0,0.0
1788815421.220431,0.0,0.0,0.0,0.0,0.0,0.0
1788815421.2700078,0.0,0.0,0.0,0.0,0.0,0.0
1788815421.3201618,0.0,0.0,0.0,0.0,0.0,0.0
1788815421.3700442,0.0,0.0,0.0,0.0,0.0,0.0
1788815421.4202566,0.0,0.0,0.0,0.0,0.0,0.0
1788815421.469992,0.0,0.0,0.0,0.0,0.0,0.0
1788815421.5202546,0.0,0.0,0.0,0.0,0.0,0.0
1788815421.5700324,0.0,0.0,0.0,0.0,0.0,0.0
1788815421.620591,0.0,0.0,0.0,0.0,0.0,0.0
1788815421.6706765,0.0,0.0,0.0,0.0,0.0,0.0
1788815421.720258,0.0,0.0,0.0,0.0,0.0,0.0
1788815421.7701032,0.0,0.0,0.0,0.0,0.0,0.0
1788815421.8205798,0.0,0.0,0.0,0.0,0.0,0.0
1788815421.870046,0.0,0.0,0.0,0.0,0.0,0.0
1788815421.9203248,0.0,0.0,0.0,0.0,0.0,0.0
1788815421.9699097,0.0,0.0,0.0,0.0,0.0,0.0
1788815422.020153,0.0,0.0,0.0,0.0,0.0,0.0
1788815422.0722945,0.0,0.0,0.0,0.0,0.0,0.0
1788815422.121201,0.0,0.0,0.0,0.0,0.0,0.0
1788815422.1700945,0.0,0.0,0.0,0.0,0.0,0.0
1788815422.2203865,0.0,0.0,0.0,0.0,0.0,0.0
1788815422.269926,0.0,0.0,0.0,0.0,0.0,0.0
1788815422.3201544,0.0,0.0,0.0,0.0,0.0,0.0
1788815422.3700933,0.0,0.0,0.0,0.0,0.0,0.0
1788815422.4203975,0.0,0.0,0.0,0.0,0.0,0.0
1788815422.4700992,0.0,0.0,0.0,0.0,0.0,0.0
1788815422.5204618,0.0,0.0,0.0,0.0,0.0,0.0
1788815422.570039,0.0,0.0,0.0,0.0,0.0,0.0
1788815422.6204822,0.0,0.0,0.0,0.0,0.0,0.0
1788815422.6701343,0.0,0.0,0.0,0.0,0.0,0.0
1788815422.7203166,0.0,0.0,0.0,0.0,0.0,0.0
1788815422.77021,0.0,0.0,0.0,0.0,0.0,0.0
1788815422.8204908,0.0,0.0,0.0,0.0,0.0,0.0
1788815422.8701673,0.0,0.0,0.0,0.0,0.0,0.0
1788815422.9206285,0.0,0.0,0.0,0.0,0.0,0.0
1788815422.9702125,0.0,0.0,0.0,0.0,0.0,0.0
1788815423.0204256,0.0,0.0,0.0,0.0,0.0,0.0
1788815423.0702305,0.0,0.0,0.0,0.0,0.0,0.0
1788815423.1204352,0.0,0.0,0.0,0.0,0.0,0.0
1788815423.1702468,0.0,0.0,0.0,0.0,0.0,0.0
1788815423.2205343,0.0,0.0,0.0,0.0,0.0,0.0
1788815423.2703333,0.0,0.0,0.0,0.0,0.0,0.0
1788815423.3205094,0.0,0.0,0.0,0.0,0.0,0.0
1788815423.370126,0.0,0.0,0.0,0.0,0.0,0.0
1788815423.4203968,0.0,0.0,0.0,0.0,0.0,0.0
1788815423.470151,0.0,0.0,0.0,0.0,0.0,0.0
1788815423.5204952,0.0,0.0,0.0,0.0,0.0,0.0
1788815423.5700784,0.0,0.0,0.0,0.0,0.0,0.0
1788815423.6204457,0.0,0.0,0.0,0.0,0.0,0.0
1788815423.6703134,0.0,0.0,0.0,0.0,0.0,0.0
1788815423.7203016,0.0,0.0,0.0,0.0,0.0,0.0
1788815423.7703161,0.0,0.0,0.0,0.0,0.0,0.0
1788815423.820315,0.0,0.0,0.0,0.0,0.0,0.0
1788815423.8701534,0.0,0.0,0.0,0.0,0.0,0.0
1788815423.9202023,0.0,0.0,0.0,0.0,0.0,0.0
1788815423.9701316,0.0,0.0,0.0,0.0,0.0,0.0
1788815424.020631,0.0,0.0,0.0,0.0,0.0,0.0
1788815424.0701997,0.0,0.0,0.0,0.0,0.0,0.0
1788815424.1204736,0.0,0.0,0.0,0.0,0.0,0.0
1788815424.17037,0.0,0.0,0.0,0.0,0.0,0.0
1788815424.2204921,0.0,0.0,0.0,0.0,0.0,0.0
1788815424.2701714,0.0,0.0,0.0,0.0,0.0,0.0
1788815424.320352,0.0,0.0,0.0,0.0,0.0,0.0
1788815424.3700683,0.0,0.0,0.0,0.0,0.0,0.0
1788815424.420386,0.0,0.0,0.0,0.0,0.0,0.0
1788815424.4704096,0.0,0.0,0.0,0.0,0.0,0.0
1788815424.520349,0.0,0.0,0.0,0.0,0.0,0.0
1788815424.5701523,0.0,0.0,0.0,0.0,0.0,0.0
1788815424.6204786,0.0,0.0,0.0,0.0,0.0,0.0
1788815424.6703684,0.0,0.0,0.0,0.0,0.0,0.0
1788815424.7203484,0.0,0.0,0.0,0.0,0.0,0.0
1788815424.770164,0.0,0.0,0.0,0.0,0.0,0.0
1788815424.820273,0.0,0.0,0.0,0.0,0.0,0.0
1788815424.8701541,0.0,0.0,0.0,0.0,0.0,0.0
1788815424.9205518,0.0,0.0,0.0,0.0,0.0,0.0
1788815424.9701211,0.0,0.0,0.0,0.0,0.0,0.0
1788815425.0202663,0.0,0.0,0.0,0.0,0.0,0.0
1788815425.07046,0.0,0.0,0.0,0.0,0.0,0.0
1788815425.120287,0.0,0.0,0.0,0.0,0.0,0.0
1788815425.1700785,0.0,0.0,0.0,0.0,0.0,0.0
1788815425.2204356,0.0,0.0,0.0,0.0,0.0,0.0
1788815425.269996,0.0,0.0,0.0,0.0,0.0,0.0
1788815425.320416,0.0,0.0,0.0,0.0,0.0,0.0
1788815425.370247,0.0,0.0,0.0,0.0,0.0,0.0
1788815425.42046,0.0,0.0,0.0,0.0,0.0,0.0
1788815425.4702308,0.0,0.0,0.0,0.0,0.0,0.0
1788815425.520389,0.0,0.0,0.0,0.0,0.0,0.0
1788815425.570022,0.0,0.0,0.0,0.0,0.0,0.0
1788815425.6204362,0.0,0.0,0.0,0.0,0.0,0.0
1788815425.6702352,0.0,0.0,0.0,0.0,0.0,0.0
1788815425.7202518,0.0,0.0,0.0,0.0,0.0,0.0
1788815425.770058,0.0,0.0,0.0,0.0,0.0,0.0
1788815425.8204784,0.0,0.0,0.0,0.0,0.0,0.0
1788815425.8701758,0.0,0.0,0.0,0.0,0.0,0.0
1788815425.9203644,0.0,0.0,0.0,0.0,0.0,0.0
1788815425.9701262,0.0,0.0,0.0,0.0,0.0,0.0
1788815426.0202365,0.0,0.0,0.0,0.0,0.0,0.0
1788815426.07006,0.0,0.0,0.0,0.0,0.0,0.0
1788815426.1205723,0.0,0.0,0.0,0.0,0.0,0.0
1788815426.170018,0.0,0.0,0.0,0.0,0.0,0.0
1788815426.2204332,0.0,0.0,0.0,0.0,0.0,0.0
1788815426.2701123,0.0,0.0,0.0,0.0,0.0,0.0
1788815426.3202255,0.0,0.0,0.0,0.0,0.0,0.0
1788815426.3701897,0.0,0.0,0.0,0.0,0.0,0.0
1788815426.420404,0.0,0.0,0.0,0.0,0.0,0.0
1788815426.4699967,0.0,0.0,0.0,0.0,0.0,0.0
1788815426.520526,0.0,0.0,0.0,0.0,0.0,0.0
1788815426.570185,0.0,0.0,0.0,0.0,0.0,0.0
1788815426.620557,0.0,0.0,0.0,0.0,0.0,0.0
1788815426.6702116,0.0,0.0,0.0,0.0,0.0,0.0
1788815426.7204082,0.0,0.0,0.0,0.0,0.0,0.0
1788815426.7701702,0.0,0.0,0.0,0.0,0.0,0.0
1788815426.82038,0.0,0.0,0.0,0.0,0.0,0.0
1788815426.870325,0.0,0.0,0.0,0.0,0.0,0.0
1788815426.9203365,0.0,0.0,0.0,0.0,0.0,0.0
1788815426.970269,0.0,0.0,0.0,0.0,0.0,0.0
1788815427.0203931,0.0,0.0,0.0,0.0,0.0,0.0
1788815427.0700722,0.0,0.0,0.0,0.0,0.0,0.0
1788815427.1205275,0.0,0.0,0.0,0.0,0.0,0.0
1788815427.1702394,0.0,0.0,0.0,0.0,0.0,0.0
1788815427.2204304,0.0,0.0,0.0,0.0,0.0,0.0
1788815427.2701967,0.0,0.0,0.0,0.0,0.0,0.0
1788815427.3203657,0.0,0.0,0.0,0.0,0.0,0.0
1788815427.3700452,0.0,0.0,0.0,0.0,0.0,0.0
1788815427.4204605,0.0,0.0,0.0,0.0,0.0,0.0
1788815427.4701366,0.0,0.0,0.0,0.0,0.0,0.0
1788815427.520364,0.0,0.0,0.0,0.0,0.0,0.0
1788815427.570209,0.0,0.0,0.0,0.0,0.0,0.0
1788815427.6203187,0.0,0.0,0.0,0.0,0.0,0.0
1788815427.6702056,0.0,0.0,0.0,0.0,0.0,0.0
1788815427.7204096,0.0,0.0,0.0,0.0,0.0,0.0
1788815427.7701302,0.0,0.0,0.0,0.0,0.0,0.0
1788815427.8204806,0.0,0.0,0.0,0.0,0.0,0.0
1788815427.8703237,0.0,0.0,0.0,0.0,0.0,0.0
1788815427.9204657,0.0,0.0,0.0,0.0,0.0,0.0
1788815427.970024,0.0,0.0,0.0,0.0,0.0,0.0
1788815428.0203168,0.0,0.0,0.0,0.0,0.0,0.0
1788815428.0701897,0.0,0.0,0.0,0.0,0.0,0.0
1788815428.120418,0.0,0.0,0.0,0.0,0.0,0.0
1788815428.170249,0.0,0.0,0.0,0.0,0.0,0.0
1788815428.2204068,0.0,0.0,0.0,0.0,0.0,0.0
1788815428.2702055,0.0,0.0,0.0,0.0,0.0,0.0
1788815428.3203344,0.0,0.0,0.0,0.0,0.0,0.0
1788815428.3702297,0.0,0.0,0.0,0.0,0.0,0.0
1788815428.420397,0.0,0.0,0.0,0.0,0.0,0.0
1788815428.470219,0.0,0.0,0.0,0.0,0.0,0.0
1788815428.5206943,0.0,0.0,0.0,0.0,0.0,0.0
1788815428.570279,0.0,0.0,0.0,0.0,0.0,0.0
1788815428.6205788,0.0,0.0,0.0,0.0,0.0,0.0
1788815428.6701345,0.0,0.0,0.0,0.0,0.0,0.0
1788815428.7204268,0.0,0.0,0.0,0.0,0.0,0.0
1788815428.7700338,0.0,0.0,0.0,0.0,0.0,0.0
1788815428.8205845,0.0,0.0,0.0,0.0,0.0,0.0
1788815428.8702428,0.0,0.0,0.0,0.0,0.0,0.0
1788815428.92021,0.0,0.0,0.0,0.0,0.0,0.0
1788815428.9700613,0.0,0.0,0.0,0.0,0.0,0.0
1788815429.0203633,0.0,0.0,0.0,0.0,0.0,0.0
1788815429.0703373,0.0,0.0,0.0,0.0,0.0,0.0
1788815429.120496,0.0,0.0,0.0,0.0,0.0,0.0
1788815429.1701095,0.0,0.0,0.0,0.0,0.0,0.0
1788815429.2203774,0.0,0.0,0.0,0.0,0.0,0.0
1788815429.270233,0.0,0.0,0.0,0.0,0.0,0.0
1788815429.3202152,0.0,0.0,0.0,0.0,0.0,0.0
1788815429.3701074,0.0,0.0,0.0,0.0,0.0,0.0
1788815429.4204319,0.0,0.0,0.0,0.0,0.0,0.0
1788815429.4699805,0.0,0.0,0.0,0.0,0.0,0.0
1788815429.520368,0.0,0.0,0.0,0.0,0.0,0.0
1788815429.5703778,0.0,0.0,0.0,0.0,0.0,0.0
1788815429.6203732,0.0,0.0,0.0,0.0,0.0,0.0
1788815429.670145,0.0,0.0,0.0,0.0,0.0,0.0
1788815429.7203183,0.0,0.0,0.0,0.0,0.0,0.0
1788815429.7699573,0.0,0.0,0.0,0.0,0.0,0.0
1788815429.820331,0.0,0.0,0.0,0.0,0.0,0.0
1788815429.8703637,0.0,0.0,0.0,0.0,0.0,0.0
1788815429.920416,0.0,0.0,0.0,0.0,0.0,0.0
1788815429.9701016,0.0,0.0,0.0,0.0,0.0,0.0
1788815430.0203784,0.0,0.0,0.0,0.0,0.0,0.0
1788815430.0700686,0.0,0.0,0.0,0.0,0.0,0.0
1788815430.1205406,0.0,0.0,0.0,0.0,0.0,0.0
1788815430.1700425,0.0,0.0,0.0,0.0,0.0,0.0
1788815430.2203877,0.0,0.0,0.0,0.0,0.0,0.0
1788815430.2701993,0.0,0.0,0.0,0.0,0.0,0.0
1788815430.320625,0.0,0.0,0.0,0.0,0.0,0.0
1788815430.370263,0.0,0.0,0.0,0.0,0.0,0.0
1788815430.4201603,0.0,0.0,0.0,0.0,0.0,0.0
1788815430.4701495,0.0,0.0,0.0,0.0,0.0,0.0
1788815430.5205445,0.0,0.0,0.0,0.0,0.0,0.0
1788815430.5701976,0.0,0.0,0.0,0.0,0.0,0.0
1788815430.6204708,0.0,0.0,0.0,0.0,0.0,0.0
1788815430.6702778,0.0,0.0,0.0,0.0,0.0,0.0
1788815430.7205637,0.0,0.0,0.0,0.0,0.0,0.0
1788815430.7702405,0.0,0.0,0.0,0.0,0.0,0.0
1788815430.8205023,0.0,0.0,0.0,0.0,0.0,0.0
1788815430.8704095,0.0,0.0,0.0,0.0,0.0,0.0
1788815430.9205067,0.0,0.0,0.0,0.0,0.0,0.0
1788815430.9704325,0.0,0.0,0.0,0.0,0.0,0.0
1788815431.0202575,0.0,0.0,0.0,0.0,0.0,0.0
1788815431.0701838,0.0,0.0,0.0,0.0,0.0,0.0
1788815431.1204112,0.0,0.0,0.0,0.0,0.0,0.0
1788815431.1701112,0.0,0.0,0.0,0.0,0.0,0.0
1788815431.2203348,0.0,0.0,0.0,0.0,0.0,0.0
1788815431.2701726,0.0,0.0,0.0,0.0,0.0,0.0
1788815431.3206475,0.0,0.0,0.0,0.0,0.0,0.0
1788815431.3700612,0.0,0.0,0.0,0.0,0.0,0.0
1788815431.4204366,0.0,0.0,0.0,0.0,0.0,0.0
1788815431.4701524,0.0,0.0,0.0,0.0,0.0,0.0
1788815431.5205312,0.0,0.0,0.0,0.0,0.0,0.0
1788815431.5702055,0.0,0.0,0.0,0.0,0.0,0.0
1788815431.6205282,0.0,0.0,0.0,0.0,0.0,0.0
1788815431.6703696,0.0,0.0,0.0,0.0,0.0,0.0
1788815431.7204573,0.0,0.0,0.0,0.0,0.0,0.0
1788815431.7702756,0.0,0.0,0.0,0.0,0.0,0.0
1788815431.8203728,0.0,0.0,0.0,0.0,0.0,0.0
1788815431.870197,0.0,0.0,0.0,0.0,0.0,0.0
1788815431.920401,0.0,0.0,0.0,0.0,0.0,0.0
1788815431.970215,0.0,0.0,0.0,0.0,0.0,0.0
1788815432.0205605,0.0,0.0,0.0,0.0,0.0,0.0
1788815432.070116,0.0,0.0,0.0,0.0,0.0,0.0
1788815432.1203172,0.0,0.0,0.0,0.0,0.0,0.0
1788815432.170225,0.0,0.0,0.0,0.0,0.0,0.0
1788815432.2203448,0.0,0.0,0.0,0.0,0.0,0.0
1788815432.2701862,0.0,0.0,0.0,0.0,0.0,0.0
1788815432.3203328,0.0,0.0,0.0,0.0,0.0,0.0
1788815432.370175,0.0,0.0,0.0,0.0,0.0,0.0
1788815432.420674,0.0,0.0,0.0,0.0,0.0,0.0
1788815432.470419,0.0,0.0,0.0,0.0,0.0,0.0
1788815432.5205328,0.0,0.0,0.0,0.0,0.0,0.0
1788815432.5701094,0.0,0.0,0.0,0.0,0.0,0.0
1788815432.6203244,0.0,0.0,0.0,0.0,0.0,0.0
1788815432.6701682,0.0,0.0,0.0,0.0,0.0,0.0
1788815432.7203915,0.0,0.0,0.0,0.0,0.0,0.0
1788815432.7702916,0.0,0.0,0.0,0.0,0.0,0.0
1788815432.8202875,0.0,0.0,0.0,0.0,0.0,0.0
1788815432.8704991,0.0,0.0,0.0,0.0,0.0,0.0
1788815432.9203975,0.0,0.0,0.0,0.0,0.0,0.0
1788815432.9701686,0.0,0.0,0.0,0.0,0.0,0.0
1788815433.0205302,0.0,0.0,0.0,0.0,0.0,0.0
1788815433.0701706,0.0,0.0,0.0,0.0,0.0,0.0
1788815433.1204376,0.0,0.0,0.0,0.0,0.0,0.0
1788815433.170059,0.0,0.0,0.0,0.0,0.0,0.0
1788815433.2205257,0.0,0.0,0.0,0.0,0.0,0.0
1788815433.2701938,0.0,0.0,0.0,0.0,0.0,0.0
1788815433.3204837,0.0,0.0,0.0,0.0,0.0,0.0
1788815433.3703742,0.0,0.0,0.0,0.0,0.0,0.0
1788815433.4204023,0.0,0.0,0.0,0.0,0.0,0.0
1788815433.4702404,0.0,0.0,0.0,0.0,0.0,0.0
1788815433.5205052,0.0,0.0,0.0,0.0,0.0,0.0
1788815433.5702055,0.0,0.0,0.0,0.0,0.0,0.0
1788815433.6204143,0.0,0.0,0.0,0.0,0.0,0.0
1788815433.6702154,0.0,0.0,0.0,0.0,0.0,0.0
1788815433.720349,0.0,0.0,0.0,0.0,0.0,0.0
1788815433.7702537,0.0,0.0,0.0,0.0,0.0,0.0
1788815433.8203259,0.0,0.0,0.0,0.0,0.0,0.0
1788815433.8701851,0.0,0.0,0.0,0.0,0.0,0.0
1788815433.9204218,0.0,0.0,0.0,0.0,0.0,0.0
1788815433.9699905,0.0,0.0,0.0,0.0,0.0,0.0
1788815434.0202785,0.0,0.0,0.0,0.0,0.0,0.0
1788815434.0701883,0.0,0.0,0.0,0.0,0.0,0.0
1788815434.1205196,0.0,0.0,0.0,0.0,0.0,0.0
1788815434.170162,0.0,0.0,0.0,0.0,0.0,0.0
1788815434.2205045,0.0,0.0,0.0,0.0,0.0,0.0
1788815434.2700107,0.0,0.0,0.0,0.0,0.0,0.0
1788815434.320388,0.0,0.0,0.0,0.0,0.0,0.0
1788815434.3701992,0.0,0.0,0.0,0.0,0.0,0.0
1788815434.4204147,0.0,0.0,0.0,0.0,0.0,0.0
1788815434.4702432,0.0,0.0,0.0,0.0,0.0,0.0
1788815434.520381,0.0,0.0,0.0,0.0,0.0,0.0
1788815434.5699804,0.0,0.0,0.0,0.0,0.0,0.0
1788815434.6203675,0.0,0.0,0.0,0.0,0.0,0.0
1788815434.6702082,0.0,0.0,0.0,0.0,0.0,0.0
1788815434.7205145,0.0,0.0,0.0,0.0,0.0,0.0
1788815434.7699752,0.0,0.0,0.0,0.0,0.0,0.0
1788815434.8206816,0.0,0.0,0.0,0.0,0.0,0.0
1788815434.8702087,0.0,0.0,0.0,0.0,0.0,0.0
1788815434.920481,0.0,0.0,0.0,0.0,0.0,0.0
1788815434.9701169,0.0,0.0,0.0,0.0,0.0,0.0
1788815435.0204186,0.0,0.0,0.0,0.0,0.0,0.0
1788815435.070275,0.0,0.0,0.0,0.0,0.0,0.0
1788815435.1204197,0.0,0.0,0.0,0.0,0.0,0.0
1788815435.1700373,0.0,0.0,0.0,0.0,0.0,0.0
1788815435.220374,0.0,0.0,0.0,0.0,0.0,0.0
1788815435.2702513,0.0,0.0,0.0,0.0,0.0,0.0
1788815435.3201983,0.0,0.0,0.0,0.0,0.0,0.0
1788815435.3701844,0.0,0.0,0.0,0.0,0.0,0.0
1788815435.4204907,0.0,0.0,0.0,0.0,0.0,0.0
1788815435.4701264,0.0,0.0,0.0,0.0,0.0,0.0
1788815435.5205865,0.0,0.0,0.0,0.0,0.0,0.0
1788815435.5701127,0.0,0.0,0.0,0.0,0.0,0.0
1788815435.6205258,0.0,0.0,0.0,0.0,0.0,0.0
1788815435.6702125,0.0,0.0,0.0,0.0,0.0,0.0
1788815435.7202997,0.0,0.0,0.0,0.0,0.0,0.0
1788815435.77012,0.0,0.0,0.0,0.0,0.0,0.0
1788815435.8203468,0.0,0.0,0.0,0.0,0.0,0.0
1788815435.8702655,0.0,0.0,0.0,0.0,0.0,0.0
1788815435.9203348,0.0,0.0,0.0,0.0,0.0,0.0
1788815435.970176,0.0,0.0,0.0,0.0,0.0,0.0
1788815436.0206199,0.0,0.0,0.0,0.0,0.0,0.0
1788815436.0702288,0.0,0.0,0.0,0.0,0.0,0.0
1788815436.120449,0.0,0.0,0.0,0.0,0.0,0.0
1788815436.1702466,0.0,0.0,0.0,0.0,0.0,0.0
1788815436.2204468,0.0,0.0,0.0,0.0,0.0,0.0
1788815436.270144,0.0,0.0,0.0,0.0,0.0,0.0
1788815436.3204525,0.0,0.0,0.0,0.0,0.0,0.0
1788815436.3700426,0.0,0.0,0.0,0.0,0.0,0.0
1788815436.4203782,0.0,0.0,0.0,0.0,0.0,0.0
1788815436.470224,0.0,0.0,0.0,0.0,0.0,0.0
1788815436.5203426,0.0,0.0,0.0,0.0,0.0,0.0
1788815436.5701897,0.0,0.0,0.0,0.0,0.0,0.0
1788815436.620357,0.0,0.0,0.0,0.0,0.0,0.0
1788815436.6701815,0.0,0.0,0.0,0.0,0.0,0.0
1788815436.7204442,0.0,0.0,0.0,0.0,0.0,0.0
1788815436.7701752,0.0,0.0,0.0,0.0,0.0,0.0
1788815436.8207064,0.0,0.0,0.0,0.0,0.0,0.0
1788815436.8700862,0.0,0.0,0.0,0.0,0.0,0.0
1788815436.9203167,0.0,0.0,0.0,0.0,0.0,0.0
1788815436.970245,0.0,0.0,0.0,0.0,0.0,0.0
1788815437.020419,0.0,0.0,0.0,0.0,0.0,0.0
1788815437.0702605,0.0,0.0,0.0,0.0,0.0,0.0
1788815437.1203249,0.0,0.0,0.0,0.0,0.0,0.0
1788815437.1700354,0.0,0.0,0.0,0.0,0.0,0.0
1788815437.220389,0.0,0.0,0.0,0.0,0.0,0.0
1788815437.2703874,0.0,0.0,0.0,0.0,0.0,0.0
1788815437.3205307,0.0,0.0,0.0,0.0,0.0,0.0
1788815437.3701794,0.0,0.0,0.0,0.0,0.0,0.0
1788815437.4202118,0.0,0.0,0.0,0.0,0.0,0.0
1788815437.4702291,0.0,0.0,0.0,0.0,0.0,0.0
1788815437.5203407,0.0,0.0,0.0,0.0,0.0,0.0
1788815437.570132,0.0,0.0,0.0,0.0,0.0,0.0
1788815437.6204698,0.0,0.0,0.0,0.0,0.0,0.0
1788815437.6702027,0.0,0.0,0.0,0.0,0.0,0.0
1788815437.7204185,0.0,0.0,0.0,0.0,0.0,0.0
1788815437.770338,0.0,0.0,0.0,0.0,0.0,0.0
1788815437.8203743,0.0,0.0,0.0,0.0,0.0,0.0
1788815437.8701806,0.0,0.0,0.0,0.0,0.0,0.0
1788815437.920403,0.0,0.0,0.0,0.0,0.0,0.0
1788815437.9702284,0.0,0.0,0.0,0.0,0.0,0.0
1788815438.02029,0.0,0.0,0.0,0.0,0.0,0.0
1788815438.0702295,0.0,0.0,0.0,0.0,0.0,0.0
1788815438.1206198,0.0,0.0,0.0,0.0,0.0,0.0
1788815438.170011,0.0,0.0,0.0,0.0,0.0,0.0
1788815438.22022,0.0,0.0,0.0,0.0,0.0,0.0
1788815438.2702188,0.0,0.0,0.0,0.0,0.0,0.0
1788815438.3203278,0.0,0.0,0.0,0.0,0.0,0.0
1788815438.3701465,0.0,0.0,0.0,0.0,0.0,0.0
1788815438.420387,0.0,0.0,0.0,0.0,0.0,0.0
1788815438.4701467,0.0,0.0,0.0,0.0,0.0,0.0
1788815438.5202084,0.0,0.0,0.0,0.0,0.0,0.0
1788815438.5700917,0.0,0.0,0.0,0.0,0.0,0.0
1788815438.620508,0.0,0.0,0.0,0.0,0.0,0.0
1788815438.670391,0.0,0.0,0.0,0.0,0.0,0.0
1788815438.7203412,0.0,0.0,0.0,0.0,0.0,0.0
1788815438.7701979,0.0,0.0,0.0,0.0,0.0,0.0
1788815438.8206089,0.0,0.0,0.0,0.0,0.0,0.0
1788815438.8701255,0.0,0.0,0.0,0.0,0.0,0.0
1788815438.920195,0.0,0.0,0.0,0.0,0.0,0.0
1788815438.970201,0.0,0.0,0.0,0.0,0.0,0.0
1788815439.0202763,0.0,0.0,0.0,0.0,0.0,0.0
1788815439.0701203,0.0,0.0,0.0,0.0,0.0,0.0
1788815439.1205506,0.0,0.0,0.0,0.0,0.0,0.0
1788815439.1701488,0.0,0.0,0.0,0.0,0.0,0.0
1788815439.2203474,0.0,0.0,0.0,0.0,0.0,0.0
1788815439.2701359,0.0,0.0,0.0,0.0,0.0,0.0
1788815439.320401,0.0,0.0,0.0,0.0,0.0,0.0
1788815439.3702188,0.0,0.0,0.0,0.0,0.0,0.0
1788815439.4204662,0.0,0.0,0.0,0.0,0.0,0.0
1788815439.470177,0.0,0.0,0.0,0.0,0.0,0.0
1788815439.5203476,0.0,0.0,0.0,0.0,0.0,0.0
1788815439.570074,0.0,0.0,0.0,0.0,0.0,0.0
1788815439.6203427,0.0,0.0,0.0,0.0,0.0,0.0
1788815439.6699846,0.0,0.0,0.0,0.0,0.0,0.0
1788815439.7203958,0.0,0.0,0.0,0.0,0.0,0.0
1788815439.770115,0.0,0.0,0.0,0.0,0.0,0.0
1788815439.820587,0.0,0.0,0.0,0.0,0.0,0.0
1788815439.8700845,0.0,0.0,0.0,0.0,0.0,0.0
1788815439.9203067,0.0,0.0,0.0,0.0,0.0,0.0
1788815439.9701571,0.0,0.0,0.0,0.0,0.0,0.0
1788815440.0205555,0.0,0.0,0.0,0.0,0.0,0.0
1788815440.0700378,0.0,0.0,0.0,0.0,0.0,0.0
1788815440.120439,0.0,0.0,0.0,0.0,0.0,0.0
1788815440.1701305,0.0,0.0,0.0,0.0,0.0,0.0
1788815440.2203455,0.0,0.0,0.0,0.0,0.0,0.0
1788815440.2704175,0.0,0.0,0.0,0.0,0.0,0.0
1788815440.3202338,0.0,0.0,0.0,0.0,0.0,0.0
1788815440.3702178,0.0,0.0,0.0,0.0,0.0,0.0
1788815440.4205692,0.0,0.0,0.0,0.0,0.0,0.0
1788815440.4700348,0.0,0.0,0.0,0.0,0.0,0.0
1788815440.5204556,0.0,0.0,0.0,0.0,0.0,0.0
1788815440.5703406,0.0,0.0,0.0,0.0,0.0,0.0
1788815440.620162,0.0,0.0,0.0,0.0,0.0,0.0
1788815440.6703088,0.0,0.0,0.0,0.0,0.0,0.0
1788815440.7204018,0.0,0.0,0.0,0.0,0.0,0.0
1788815440.7702873,0.0,0.0,0.0,0.0,0.0,0.0
1788815440.820522,0.0,0.0,0.0,0.0,0.0,0.0
1788815440.8702354,0.0,0.0,0.0,0.0,0.0,0.0
1788815440.9205928,0.0,0.0,0.0,0.0,0.0,0.0
1788815440.9702218,0.0,0.0,0.0,0.0,0.0,0.0
1788815441.0202308,0.0,0.0,0.0,0.0,0.0,0.0
1788815441.0702608,0.0,0.0,0.0,0.0,0.0,0.0
1788815441.1204317,0.0,0.0,0.0,0.0,0.0,0.0
1788815441.1701438,0.0,0.0,0.0,0.0,0.0,0.0
1788815441.220358,0.0,0.0,0.0,0.0,0.0,0.0
1788815441.270105,0.0,0.0,0.0,0.0,0.0,0.0
1788815441.3204083,0.0,0.0,0.0,0.0,0.0,0.0
1788815441.3700178,0.0,0.0,0.0,0.0,0.0,0.0
1788815441.4205763,0.0,0.0,0.0,0.0,0.0,0.0
1788815441.4701548,0.0,0.0,0.0,0.0,0.0,0.0
1788815441.5203307,0.0,0.0,0.0,0.0,0.0,0.0
1788815441.5701091,0.0,0.0,0.0,0.0,0.0,0.0
1788815441.6203864,0.0,0.0,0.0,0.0,0.0,0.0
1788815441.6701317,0.0,0.0,0.0,0.0,0.0,0.0
1788815441.7204108,0.0,0.0,0.0,0.0,0.0,0.0
1788815441.7702227,0.0,0.0,0.0,0.0,0.0,0.0
1788815441.8204513,0.0,0.0,0.0,0.0,0.0,0.0
1788815441.8702106,0.0,0.0,0.0,0.0,0.0,0.0
1788815441.9203734,0.0,0.0,0.0,0.0,0.0,0.0
1788815441.9701593,0.0,0.0,0.0,0.0,0.0,0.0
1788815442.0205843,0.0,0.0,0.0,0.0,0.0,0.0
1788815442.070081,0.0,0.0,0.0,0.0,0.0,0.0
1788815442.1203325,0.0,0.0,0.0,0.0,0.0,0.0
1788815442.170272,0.0,0.0,0.0,0.0,0.0,0.0
1788815442.2203057,0.0,0.0,0.0,0.0,0.0,0.0
1788815442.2701166,0.0,0.0,0.0,0.0,0.0,0.0
1788815442.3203626,0.0,0.0,0.0,0.0,0.0,0.0
1788815442.3701365,0.0,0.0,0.0,0.0,0.0,0.0
1788815442.4202917,0.0,0.0,0.0,0.0,0.0,0.0
1788815442.470104,0.0,0.0,0.0,0.0,0.0,0.0
1788815442.5203762,0.0,0.0,0.0,0.0,0.0,0.0
1788815442.5701804,0.0,0.0,0.0,0.0,0.0,0.0
1788815442.6203034,0.0,0.0,0.0,0.0,0.0,0.0
1788815442.6700506,0.0,0.0,0.0,0.0,0.0,0.0
1788815442.7205198,0.0,0.0,0.0,0.0,0.0,0.0
1788815442.7701979,0.0,0.0,0.0,0.0,0.0,0.0
1788815442.8203285,0.0,0.0,0.0,0.0,0.0,0.0
1788815442.8701844,0.0,0.0,0.0,0.0,0.0,0.0
1788815442.920327,0.0,0.0,0.0,0.0,0.0,0.0
1788815442.97015,0.0,0.0,0.0,0.0,0.0,0.0
1788815443.0203161,0.0,0.0,0.0,0.0,0.0,0.0
1788815443.069948,0.0,0.0,0.0,0.0,0.0,0.0
1788815443.1203651,0.0,0.0,0.0,0.0,0.0,0.0
1788815443.1702433,0.0,0.0,0.0,0.0,0.0,0.0
1788815443.2202713,0.0,0.0,0.0,0.0,0.0,0.0
1788815443.270203,0.0,0.0,0.0,0.0,0.0,0.0
1788815443.3205893,0.0,0.0,0.0,0.0,0.0,0.0
1788815443.37006,0.0,0.0,0.0,0.0,0.0,0.0
1788815443.4204478,0.0,0.0,0.0,0.0,0.0,0.0
1788815443.4701676,0.0,0.0,0.0,0.0,0.0,0.0
1788815443.520377,0.0,0.0,0.0,0.0,0.0,0.0
1788815443.5700543,0.0,0.0,0.0,0.0,0.0,0.0
1788815443.620417,0.0,0.0,0.0,0.0,0.0,0.0
1788815443.6702611,0.0,0.0,0.0,0.0,0.0,0.0
1788815443.720344,0.0,0.0,0.0,0.0,0.0,0.0
1788815443.7700126,0.0,0.0,0.0,0.0,0.0,0.0
1788815443.8205738,0.0,0.0,0.0,0.0,0.0,0.0
1788815443.8699977,0.0,0.0,0.0,0.0,0.0,0.0
1788815443.9202135,0.0,0.0,0.0,0.0,0.0,0.0
1788815443.970096,0.0,0.0,0.0,0.0,0.0,0.0
1788815444.0203307,0.0,0.0,0.0,0.0,0.0,0.0
1788815444.0702283,0.0,0.0,0.0,0.0,0.0,0.0
1788815444.1202328,0.0,0.0,0.0,0.0,0.0,0.0
1788815444.1701505,0.0,0.0,0.0,0.0,0.0,0.0
1788815444.2203074,0.0,0.0,0.0,0.0,0.0,0.0
1788815444.269943,0.0,0.0,0.0,0.0,0.0,0.0
1788815444.320568,0.0,0.0,0.0,0.0,0.0,0.0
1788815444.375809,0.0,0.0,0.0,0.0,0.0,0.0
1788815444.4202943,0.0,0.0,0.0,0.0,0.0,0.0
1788815444.4724898,0.0,0.0,0.0,0.0,0.0,0.0
1788815444.5203044,0.0,0.0,0.0,0.0,0.0,0.0
1788815444.5703278,0.0,0.0,0.0,0.0,0.0,0.0
1788815444.6204867,0.0,0.0,0.0,0.0,0.0,0.0
1788815444.6702182,0.0,0.0,0.0,0.0,0.0,0.0
1788815444.7205884,0.0,0.0,0.0,0.0,0.0,0.0
1788815444.7703707,0.0,0.0,0.0,0.0,0.0,0.0
1788815444.8204792,0.0,0.0,0.0,0.0,0.0,0.0
1788815444.8726385,0.0,0.0,0.0,0.0,0.0,0.0
1788815444.9205346,0.0,0.0,0.0,0.0,0.0,0.0
1788815444.9699867,0.0,0.0,0.0,0.0,0.0,0.0
1788815445.0203586,0.0,0.0,0.0,0.0,0.0,0.0
1788815445.081759,0.0,0.0,0.0,0.0,0.0,0.0
1788815445.120462,0.0,0.0,0.0,0.0,0.0,0.0
1788815445.1701794,0.0,0.0,0.0,0.0,0.0,0.0
1788815445.22032,0.0,0.0,0.0,0.0,0.0,0.0
1788815445.2708824,0.0,0.0,0.0,0.0,0.0,0.0
1788815445.3202283,0.0,0.0,0.0,0.0,0.0,0.0
1788815445.3706837,0.0,0.0,0.0,0.0,0.0,0.0
1788815445.4204967,0.0,0.0,0.0,0.0,0.0,0.0
1788815445.4707696,0.0,0.0,0.0,0.0,0.0,0.0
1788815445.5201998,0.0,0.0,0.0,0.0,0.0,0.0
1788815445.5709858,0.0,0.0,0.0,0.0,0.0,0.0
1788815445.6203527,0.0,0.0,0.0,0.0,0.0,0.0
1788815445.6740897,0.0,0.0,0.0,0.0,0.0,0.0
1788815445.7206428,0.0,0.0,0.0,0.0,0.0,0.0
1788815445.7718449,0.0,0.0,0.0,0.0,0.0,0.0
1788815445.8202102,0.0,0.0,0.0,0.0,0.0,0.0
1788815445.870843,0.0,0.0,0.0,0.0,0.0,0.0
1788815445.9205208,0.0,0.0,0.0,0.0,0.0,0.0
1788815445.9752636,0.0,0.0,0.0,0.0,0.0,0.0
1788815446.020408,0.0,0.0,0.0,0.0,0.0,0.0
1788815446.074072,0.0,0.0,0.0,0.0,0.0,0.0
1788815446.1202855,0.0,0.0,0.0,0.0,0.0,0.0
1788815446.1720903,0.0,0.0,0.0,0.0,0.0,0.0
1788815446.220405,0.0,0.0,0.0,0.0,0.0,0.0
1788815446.2708347,0.0,0.0,0.0,0.0,0.0,0.0
1788815446.3204412,0.0,0.0,0.0,0.0,0.0,0.0
1788815446.3707104,0.0,0.0,0.0,0.0,0.0,0.0
1788815446.4205348,0.0,0.0,0.0,0.0,0.0,0.0
1788815446.4763303,0.0,0.0,0.0,0.0,0.0,0.0
1788815446.5204895,0.0,0.0,0.0,0.0,0.0,0.0
1788815446.570876,0.0,0.0,0.0,0.0,0.0,0.0
1788815446.6203036,0.0,0.0,0.0,0.0,0.0,0.0
1788815446.6700797,0.0,0.0,0.0,0.0,0.0,0.0
1788815446.7202463,0.0,0.0,0.0,0.0,0.0,0.0
1788815446.771431,0.0,0.0,0.0,0.0,0.0,0.0
1788815446.8201768,0.0,0.0,0.0,0.0,0.0,0.0
1788815446.8722727,0.0,0.0,0.0,0.0,0.0,0.0
1788815446.9204652,0.0,0.0,0.0,0.0,0.0,0.0
1788815446.9701478,0.0,0.0,0.0,0.0,0.0,0.0
1788815447.0203748,0.0,0.0,0.0,0.0,0.0,0.0
1788815447.0712934,0.0,0.0,0.0,0.0,0.0,0.0
1788815447.1204262,0.0,0.0,0.0,0.0,0.0,0.0
1788815447.1701562,0.0,0.0,0.0,0.0,0.0,0.0
1788815447.2202432,0.0,0.0,0.0,0.0,0.0,0.0
1788815447.2709687,0.0,0.0,0.0,0.0,0.0,0.0
1788815447.3200936,0.0,0.0,0.0,0.0,0.0,0.0
1788815447.369975,0.0,0.0,0.0,0.0,0.0,0.0
1788815447.4204133,0.0,0.0,0.0,0.0,0.0,0.0
1788815447.4729612,0.0,0.0,0.0,0.0,0.0,0.0
1788815447.520344,0.0,0.0,0.0,0.0,0.0,0.0
1788815447.5725586,0.0,0.0,0.0,0.0,0.0,0.0
1788815447.6202452,0.0,0.0,0.0,0.0,0.0,0.0
1788815447.6725678,0.0,0.0,0.0,0.0,0.0,0.0
1788815447.7202857,0.0,0.0,0.0,0.0,0.0,0.0
1788815447.7726133,0.0,0.0,0.0,0.0,0.0,0.0
1788815447.8204496,0.0,0.0,0.0,0.0,0.0,0.0
1788815447.8738537,0.0,0.0,0.0,0.0,0.0,0.0
1788815447.9204085,0.0,0.0,0.0,0.0,0.0,0.0
1788815447.9731154,0.0,0.0,0.0,0.0,0.0,0.0
1788815448.0202675,0.0,0.0,0.0,0.0,0.0,0.0
1788815448.07256,0.0,0.0,0.0,0.0,0.0,0.0
1788815448.1204615,0.0,0.0,0.0,0.0,0.0,0.0
1788815448.177999,0.0,0.0,0.0,0.0,0.0,0.0
1788815448.2202885,0.0,0.0,0.0,0.0,0.0,0.0
1788815448.2751205,0.0,0.0,0.0,0.0,0.0,0.0
1788815448.3205178,0.0,0.0,0.0,0.0,0.0,0.0
1788815448.370016,0.0,0.0,0.0,0.0,0.0,0.0
1788815448.4204037,0.0,0.0,0.0,0.0,0.0,0.0
1788815448.4776278,0.0,0.0,0.0,0.0,0.0,0.0
1788815448.5206451,0.0,0.0,0.0,0.0,0.0,0.0
1788815448.5753171,0.0,0.0,0.0,0.0,0.0,0.0
1788815448.6204555,0.0,0.0,0.0,0.0,0.0,0.0
1788815448.6731136,0.0,0.0,0.0,0.0,0.0,0.0
1788815448.7203894,0.0,0.0,0.0,0.0,0.0,0.0
1788815448.7755458,0.0,0.0,0.0,0.0,0.0,0.0
1788815448.8202267,0.0,0.0,0.0,0.0,0.0,0.0
1788815448.8770912,0.0,0.0,0.0,0.0,0.0,0.0
1788815448.920518,0.0,0.0,0.0,0.0,0.0,0.0
1788815448.975566,0.0,0.0,0.0,0.0,0.0,0.0
1788815449.0202103,0.0,0.0,0.0,0.0,0.0,0.0
1788815449.0737407,0.0,0.0,0.0,0.0,0.0,0.0
1788815449.1202128,0.0,0.0,0.0,0.0,0.0,0.0
1788815449.173911,0.0,0.0,0.0,0.0,0.0,0.0
1788815449.2203014,0.0,0.0,0.0,0.0,0.0,0.0
1788815449.274256,0.0,0.0,0.0,0.0,0.0,0.0
1788815449.3203497,0.0,0.0,0.0,0.0,0.0,0.0
1788815449.3698812,0.0,0.0,0.0,0.0,0.0,0.0
1788815449.4202707,0.0,0.0,0.0,0.0,0.0,0.0
1788815449.4700553,0.0,0.0,0.0,0.0,0.0,0.0
1788815449.5201302,0.0,0.0,0.0,0.0,0.0,0.0
1788815449.570213,0.0,0.0,0.0,0.0,0.0,0.0
1788815449.6202059,0.0,0.0,0.0,0.0,0.0,0.0
1788815449.6702816,0.0,0.0,0.0,0.0,0.0,0.0
1788815449.7205033,0.0,0.0,0.0,0.0,0.0,0.0
1788815449.7701676,0.0,0.0,0.0,0.0,0.0,0.0
1788815449.820341,0.0,0.0,0.0,0.0,0.0,0.0
1788815449.8702936,0.0,0.0,0.0,0.0,0.0,0.0
1788815449.9202476,0.0,0.0,0.0,0.0,0.0,0.0
1788815449.9702048,0.0,0.0,0.0,0.0,0.0,0.0
1788815450.0203443,-0.02499532699584961,0.0,0.0,0.0,0.0,0.04999065399169922
1788815450.070157,-0.04999566078186035,0.0,0.0,0.0,0.0,0.06109316647052765
1788815450.1201866,-0.07499754428863525,0.0,0.0,0.0,0.0,0.09616415202617645
1788815450.1702044,-0.07779573649168015,0.0,0.0,0.0,0.0,0.09616415202617645
1788815450.2203434,-0.09097320586442947,0.0,0.0,0.0,0.0,0.10555810481309891
1788815450.2702692,-0.09097320586442947,0.0,0.0,0.0,0.0,0.10555810481309891
1788815450.3203034,-0.08472441881895065,0.0,0.0,0.0,0.0,0.11961610615253448
1788815450.3703876,-0.08472441881895065,0.0,0.0,0.0,0.0,0.11961610615253448
1788815450.4203765,-0.08187802881002426,0.0,0.0,0.0,0.0,0.13577565550804138
1788815450.47018,-0.08187802881002426,0.0,0.0,0.0,0.0,0.13577565550804138
1788815450.5203161,-0.07957854121923447,0.0,0.0,0.0,0.0,0.17049340903759003
1788815450.5702357,-0.07957854121923447,0.0,0.0,0.0,0.0,0.17049340903759003
1788815450.6202269,-0.07466492056846619,0.0,0.0,0.0,0.0,0.20779842138290405
1788815450.6702778,-0.07466492056846619,0.0,0.0,0.0,0.0,0.20779842138290405
1788815450.7205029,-0.056698381900787354,0.0,0.0,0.0,0.0,0.2222720831632614
1788815450.7702272,-0.056698381900787354,0.0,0.0,0.0,0.0,0.2222720831632614
1788815450.8204184,-0.04189848154783249,0.0,0.0,0.0,0.0,0.22487705945968628
1788815450.870129,-0.04189848154783249,0.0,0.0,0.0,0.0,0.22487705945968628
1788815450.9203107,-0.02899017557501793,0.0,0.0,0.0,0.0,0.21909278631210327
1788815450.97029,-0.02899017557501793,0.0,0.0,0.0,0.0,0.21909278631210327
1788815451.0203583,-0.018615834414958954,0.0,0.0,0.0,0.0,0.21732495725154877
1788815451.0703597,-0.018615834414958954,0.0,0.0,0.0,0.0,0.21732495725154877
1788815451.1203063,-0.004095375072211027,0.0,0.0,0.0,0.0,0.22784973680973053
1788815451.1703327,-0.004095375072211027,0.0,0.0,0.0,0.0,0.22784973680973053
1788815451.220328,-0.024417690932750702,0.0,0.0,0.0,0.0,0.19242455065250397
1788815451.2700765,-0.024417690932750702,0.0,0.0,0.0,0.0,0.19242455065250397
1788815451.3204584,-0.020099034532904625,0.0,0.0,0.0,0.0,0.24257852137088776
1788815451.3701935,-0.020099034532904625,0.0,0.0,0.0,0.0,0.24542953073978424
1788815451.420267,-0.02158357948064804,0.0,0.0,0.0,0.0,0.2954890877008438
1788815451.4701345,-0.02158357948064804,0.0,0.0,0.0,0.0,0.3029434084892273
1788815451.5202355,-0.021297980099916458,0.0,0.0,0.0,0.0,0.3529495596885681
1788815451.570106,-0.021297980099916458,0.0,0.0,0.0,0.0,0.3566265106201172
1788815451.6202304,-0.021845784038305283,0.0,0.0,0.0,0.0,0.3943461775779724
1788815451.6701229,-0.021845784038305283,0.0,0.0,0.0,0.0,0.3943461775779724
1788815451.7202213,-0.02157375030219555,0.0,0.0,0.0,0.0,0.4308365285396576
1788815451.770154,-0.02157375030219555,0.0,0.0,0.0,0.0,0.4308365285396576
1788815451.820453,-0.020818844437599182,0.0,0.0,0.0,0.0,0.4808710515499115
1788815451.8702238,-0.020818844437599182,0.0,0.0,0.0,0.0,0.48464861512184143
1788815451.9202952,-0.01881188154220581,0.0,0.0,0.0,0.0,0.5346554815769196
1788815451.9702427,-0.01881188154220581,0.0,0.0,0.0,0.0,0.5460904836654663
1788815452.020289,-0.015489581972360611,0.0,0.0,0.0,0.0,0.5961111783981323
1788815452.0701392,-0.015489581972360611,0.0,0.0,0.0,0.0,0.5974006652832031
1788815452.1204865,-0.010971376672387123,0.0,0.0,0.0,0.0,0.6416974067687988
1788815452.1700215,-0.010971376672387123,0.0,0.0,0.0,0.0,0.6416974067687988
1788815452.220508,-0.0015924607869237661,0.0,0.0,0.0,0.0,0.6827260851860046
1788815452.2701342,-0.0015924607869237661,0.0,0.0,0.0,0.0,0.6827260851860046
1788815452.3205602,0.006737496703863144,0.0,0.0,0.0,0.0,0.7045554518699646
1788815452.3701549,0.006737496703863144,0.0,0.0,0.0,0.0,0.7045554518699646
1788815452.4203434,0.012644117698073387,0.0,0.0,0.0,0.0,0.722305178642273
1788815452.4701445,0.012644117698073387,0.0,0.0,0.0,0.0,0.722305178642273
1788815452.520305,0.01811041496694088,0.0,0.0,0.0,0.0,0.7317113280296326
1788815452.5701091,0.01811041496694088,0.0,0.0,0.0,0.0,0.7317113280296326
1788815452.6202977,0.025240112096071243,0.0,0.0,0.0,0.0,0.738356351852417
1788815452.6701648,0.025240112096071243,0.0,0.0,0.0,0.0,0.738356351852417
1788815452.7201958,0.03571102023124695,0.0,0.0,0.0,0.0,0.7574884295463562
1788815452.770137,0.03571102023124695,0.0,0.0,0.0,0.0,0.7574884295463562
1788815452.8202581,0.04504615068435669,0.0,0.0,0.0,0.0,0.7833765149116516
1788815452.8700705,0.04504615068435669,0.0,0.0,0.0,0.0,0.7833765149116516
1788815452.9203494,0.05517101287841797,0.0,0.0,0.0,0.0,0.7977234125137329
1788815452.970195,0.05517101287841797,0.0,0.0,0.0,0.0,0.7977234125137329
1788815453.0204184,0.06986311078071594,0.0,0.0,0.0,0.0,0.8
1788815453.0701613,0.06986311078071594,0.0,0.0,0.0,0.0,0.8
1788815453.1202958,0.0871562510728836,0.0,0.0,0.0,0.0,0.7988660335540771
1788815453.1701984,0.0871562510728836,0.0,0.0,0.0,0.0,0.7988660335540771
1788815453.2203894,0.10788875818252563,0.0,0.0,0.0,0.0,0.7839558124542236
1788815453.270315,0.10788875818252563,0.0,0.0,0.0,0.0,0.7839558124542236
1788815453.3203526,0.13044145703315735,0.0,0.0,0.0,0.0,0.7563329339027405
1788815453.3702178,0.13044145703315735,0.0,0.0,0.0,0.0,0.7563329339027405
1788815453.4203117,0.15347349643707275,0.0,0.0,0.0,0.0,0.7176385521888733
1788815453.470148,0.15347349643707275,0.0,0.0,0.0,0.0,0.7176385521888733
1788815453.5205626,0.17651881277561188,0.0,0.0,0.0,0.0,0.6708282828330994
1788815453.5701394,0.17651881277561188,0.0,0.0,0.0,0.0,0.6708282828330994
1788815453.620403,0.19677957892417908,0.0,0.0,0.0,0.0,0.6163699626922607
1788815453.6701214,0.19677957892417908,0.0,0.0,0.0,0.0,0.6163699626922607
1788815453.7202415,0.21659794449806213,0.0,0.0,0.0,0.0,0.5594079494476318
1788815453.770161,0.21659794449806213,0.0,0.0,0.0,0.0,0.5594079494476318
1788815453.820322,0.2324664145708084,0.0,0.0,0.0,0.0,0.4986618757247925
1788815453.8701787,0.2324664145708084,0.0,0.0,0.0,0.0,0.4986618757247925
1788815453.9202645,0.24363753199577332,0.0,0.0,0.0,0.0,0.4353800117969513
1788815453.9701922,0.24363753199577332,0.0,0.0,0.0,0.0,0.4353800117969513
1788815454.0202472,0.25120607018470764,0.0,0.0,0.0,0.0,0.3732817769050598
1788815454.0701637,0.25120607018470764,0.0,0.0,0.0,0.0,0.3732817769050598
1788815454.1204119,0.24419793486595154,0.0,0.0,0.0,0.0,0.29483434557914734
1788815454.1701853,0.24419793486595154,0.0,0.0,0.0,0.0,0.29483434557914734
1788815454.220231,0.23814719915390015,0.0,0.0,0.0,0.0,0.2614365220069885
1788815454.2700973,0.23814719915390015,0.0,0.0,0.0,0.0,0.2614365220069885
1788815454.3202848,0.2332906723022461,0.0,0.0,0.0,0.0,0.2452828586101532
1788815454.37014,0.2332906723022461,0.0,0.0,0.0,0.0,0.2452828586101532
1788815454.420596,0.231118842959404,0.0,0.0,0.0,0.0,0.2417176365852356
1788815454.4701946,0.231118842959404,0.0,0.0,0.0,0.0,0.2417176365852356
1788815454.5203135,0.23028652369976044,0.0,0.0,0.0,0.0,0.24002893269062042
1788815454.570109,0.23028652369976044,0.0,0.0,0.0,0.0,0.24002893269062042
1788815454.620275,0.2321719378232956,0.0,0.0,0.0,0.0,0.24043771624565125
1788815454.670042,0.2321719378232956,0.0,0.0,0.0,0.0,0.24043771624565125
1788815454.7202775,0.24014556407928467,0.0,0.0,0.0,0.0,0.24371907114982605
1788815454.7701402,0.24014556407928467,0.0,0.0,0.0,0.0,0.24371907114982605
1788815454.8202252,0.25188618898391724,0.0,0.0,0.0,0.0,0.24957342445850372
1788815454.8701236,0.25188618898391724,0.0,0.0,0.0,0.0,0.24957342445850372
1788815454.9202118,0.2674137353897095,0.0,0.0,0.0,0.0,0.24865569174289703
1788815454.97015,0.2674137353897095,0.0,0.0,0.0,0.0,0.24865569174289703
1788815455.0202386,0.2779199779033661,0.0,0.0,0.0,0.0,0.24859996140003204
1788815455.0701241,0.2779199779033661,0.0,0.0,0.0,0.0,0.24859996140003204
1788815455.1202571,0.29190218448638916,0.0,0.0,0.0,0.0,0.23048430681228638
1788815455.1702065,0.29190218448638916,0.0,0.0,0.0,0.0,0.23048430681228638
1788815455.2202477,0.2998330295085907,0.0,0.0,0.0,0.0,0.12805569171905518
1788815455.2701237,0.2998330295085907,0.0,0.0,0.0,0.0,0.12805569171905518
1788815455.32024,0.30267781019210815,0.0,0.0,0.0,0.0,0.04107757657766342
1788815455.3704216,0.30267781019210815,0.0,0.0,0.0,0.0,0.04107757657766342
1788815455.422388,0.30342236161231995,0.0,0.0,0.0,0.0,-0.008915938436985016
1788815455.470218,0.30342236161231995,0.0,0.0,0.0,0.0,-0.03425474464893341
1788815455.5203886,0.2969314455986023,0.0,0.0,0.0,0.0,-0.0842551738023758
1788815455.5701463,0.2969314455986023,0.0,0.0,0.0,0.0,-0.1223866194486618
1788815455.6201963,0.27074819803237915,0.0,0.0,0.0,0.0,-0.17236106097698212
1788815455.670141,0.27074819803237915,0.0,0.0,0.0,0.0,-0.2223784178495407
1788815455.7204785,0.24745067954063416,0.0,0.0,0.0,0.0,-0.27235834300518036
1788815455.769793,0.24745067954063416,0.0,0.0,0.0,0.0,-0.3164292275905609
1788815455.8203382,0.2262141853570938,0.0,0.0,0.0,0.0,-0.3664637506008148
1788815455.87021,0.2262141853570938,0.0,0.0,0.0,0.0,-0.38167667388916016
1788815455.9202936,0.20803585648536682,0.0,0.0,0.0,0.0,-0.4261794984340668
1788815455.9702883,0.20803585648536682,0.0,0.0,0.0,0.0,-0.4261794984340668
1788815456.02028,0.1920311152935028,0.0,0.0,0.0,0.0,-0.4601684510707855
1788815456.0702312,0.1920311152935028,0.0,0.0,0.0,0.0,-0.4601684510707855
1788815456.1203196,0.17787198722362518,0.0,0.0,0.0,0.0,-0.4838646948337555
1788815456.1701758,0.17787198722362518,0.0,0.0,0.0,0.0,-0.4838646948337555
1788815456.2216415,0.16576144099235535,0.0,0.0,0.0,0.0,-0.49771663546562195
1788815456.2699742,0.16576144099235535,0.0,0.0,0.0,0.0,-0.49771663546562195
1788815456.3201575,0.1589793711900711,0.0,0.0,0.0,0.0,-0.4801551401615143
1788815456.3701532,0.1589793711900711,0.0,0.0,0.0,0.0,-0.4801551401615143
1788815456.4202712,0.1549602746963501,0.0,0.0,0.0,0.0,-0.43717026710510254
1788815456.4704406,0.1549602746963501,0.0,0.0,0.0,0.0,-0.43717026710510254
1788815456.5202127,0.1562584787607193,0.0,0.0,0.0,0.0,-0.40397366881370544
1788815456.5700774,0.1562584787607193,0.0,0.0,0.0,0.0,-0.40397366881370544
1788815456.620251,0.15889054536819458,0.0,0.0,0.0,0.0,-0.38116544485092163
1788815456.6702547,0.15889054536819458,0.0,0.0,0.0,0.0,-0.38116544485092163
1788815456.720345,0.1616613268852234,0.0,0.0,0.0,0.0,-0.37180906534194946
1788815456.7702067,0.1616613268852234,0.0,0.0,0.0,0.0,-0.37180906534194946
1788815456.8202062,0.16352801024913788,0.0,0.0,0.0,0.0,-0.36827385425567627
1788815456.8701377,0.16352801024913788,0.0,0.0,0.0,0.0,-0.36827385425567627
1788815456.9201548,0.16506034135818481,0.0,0.0,0.0,0.0,-0.39310699701309204
1788815456.9701126,0.16506034135818481,0.0,0.0,0.0,0.0,-0.39310699701309204
1788815457.0204175,0.16730739176273346,0.0,0.0,0.0,0.0,-0.44312602281570435
1788815457.0702167,0.16730739176273346,0.0,0.0,0.0,0.0,-0.4557434320449829
1788815457.1203775,0.1702105700969696,0.0,0.0,0.0,0.0,-0.504918098449707
1788815457.1703753,0.1702105700969696,0.0,0.0,0.0,0.0,-0.504918098449707
1788815457.2202787,0.17363087832927704,0.0,0.0,0.0,0.0,-0.5445001721382141
1788815457.270146,0.17363087832927704,0.0,0.0,0.0,0.0,-0.5445001721382141
1788815457.3203003,0.17713101208209991,0.0,0.0,0.0,0.0,-0.5616803765296936
1788815457.370497,0.17713101208209991,0.0,0.0,0.0,0.0,-0.5616803765296936
1788815457.4203508,0.18031758069992065,0.0,0.0,0.0,0.0,-0.5730268955230713
1788815457.4703352,0.18031758069992065,0.0,0.0,0.0,0.0,-0.5730268955230713
1788815457.5201504,0.18293191492557526,0.0,0.0,0.0,0.0,-0.5811989903450012
1788815457.570187,0.18293191492557526,0.0,0.0,0.0,0.0,-0.5811989903450012
1788815457.6201468,0.1847594827413559,0.0,0.0,0.0,0.0,-0.5904513597488403
1788815457.6702328,0.1847594827413559,0.0,0.0,0.0,0.0,-0.5904513597488403
1788815457.7201157,0.18580541014671326,0.0,0.0,0.0,0.0,-0.5915166139602661
1788815457.770221,0.18580541014671326,0.0,0.0,0.0,0.0,-0.5915166139602661
1788815457.8204675,0.18604065477848053,0.0,0.0,0.0,0.0,-0.5866855978965759
1788815457.870173,0.18604065477848053,0.0,0.0,0.0,0.0,-0.5866855978965759
1788815457.920062,0.1853628307580948,0.0,0.0,0.0,0.0,-0.5795333981513977
1788815457.9702182,0.1853628307580948,0.0,0.0,0.0,0.0,-0.5795333981513977
1788815458.0201342,0.18368268013000488,0.0,0.0,0.0,0.0,-0.5712635517120361
1788815458.069962,0.18368268013000488,0.0,0.0,0.0,0.0,-0.5712635517120361
1788815458.1202686,0.1809806376695633,0.0,0.0,0.0,0.0,-0.5634358525276184
1788815458.1701458,0.1809806376695633,0.0,0.0,0.0,0.0,-0.5634358525276184
1788815458.2202325,0.17782999575138092,0.0,0.0,0.0,0.0,-0.5466442108154297
1788815458.2699933,0.17782999575138092,0.0,0.0,0.0,0.0,-0.5466442108154297
1788815458.3202848,0.17404723167419434,0.0,0.0,0.0,0.0,-0.5292783975601196
1788815458.3704388,0.17404723167419434,0.0,0.0,0.0,0.0,-0.5292783975601196
1788815458.4202714,0.1696767508983612,0.0,0.0,0.0,0.0,-0.5120619535446167
1788815458.4702413,0.1696767508983612,0.0,0.0,0.0,0.0,-0.5120619535446167
1788815458.5204136,0.16468122601509094,0.0,0.0,0.0,0.0,-0.49660733342170715
1788815458.570216,0.16468122601509094,0.0,0.0,0.0,0.0,-0.49660733342170715
1788815458.6204636,0.15927654504776,0.0,0.0,0.0,0.0,-0.4785575866699219
1788815458.6703231,0.15927654504776,0.0,0.0,0.0,0.0,-0.4785575866699219
1788815458.7202075,0.1536663919687271,0.0,0.0,0.0,0.0,-0.455738365650177
1788815458.7702,0.1536663919687271,0.0,0.0,0.0,0.0,-0.455738365650177
1788815458.8203094,0.14765828847885132,0.0,0.0,0.0,0.0,-0.4346913695335388
1788815458.870358,0.14765828847885132,0.0,0.0,0.0,0.0,-0.4346913695335388
1788815458.9202828,0.14143675565719604,0.0,0.0,0.0,0.0,-0.41232454776763916
1788815458.9701407,0.14143675565719604,0.0,0.0,0.0,0.0,-0.41232454776763916
1788815459.0202012,0.13494884967803955,0.0,0.0,0.0,0.0,-0.39065414667129517
1788815459.0701132,0.13494884967803955,0.0,0.0,0.0,0.0,-0.39065414667129517
1788815459.1201444,0.12843580543994904,0.0,0.0,0.0,0.0,-0.36572596430778503
1788815459.1701822,0.12843580543994904,0.0,0.0,0.0,0.0,-0.36572596430778503
1788815459.2202437,0.1217142716050148,0.0,0.0,0.0,0.0,-0.3432060480117798
1788815459.2703264,0.1217142716050148,0.0,0.0,0.0,0.0,-0.3432060480117798
1788815459.3203304,0.11513019353151321,0.0,0.0,0.0,0.0,-0.31761887669563293
1788815459.3700488,0.11513019353151321,0.0,0.0,0.0,0.0,-0.31761887669563293
1788815459.4202383,0.10871732234954834,0.0,0.0,0.0,0.0,-0.2909027636051178
1788815459.4702718,0.10871732234954834,0.0,0.0,0.0,0.0,-0.2909027636051178
1788815459.5202174,0.10240710526704788,0.0,0.0,0.0,0.0,-0.2653144299983978
1788815459.5702443,0.10240710526704788,0.0,0.0,0.0,0.0,-0.2653144299983978
1788815459.6202974,0.09607946127653122,0.0,0.0,0.0,0.0,-0.24126482009887695
1788815459.6703455,0.09607946127653122,0.0,0.0,0.0,0.0,-0.24126482009887695
1788815459.7203984,0.0898294597864151,0.0,0.0,0.0,0.0,-0.2174520641565323
1788815459.7704673,0.0898294597864151,0.0,0.0,0.0,0.0,-0.2174520641565323
1788815459.8202112,0.08394162356853485,0.0,0.0,0.0,0.0,-0.1921796202659607
1788815459.8704212,0.08394162356853485,0.0,0.0,0.0,0.0,-0.1921796202659607
1788815459.921116,0.007901355624198914,0.0,0.0,0.0,0.0,-0.04009908437728882
1788815459.9701421,0.0,0.0,0.0,0.0,0.0,0.0
1788815460.0203836,0.0,0.0,0.0,0.0,0.0,0.0
1788815460.0702024,0.0,0.0,0.0,0.0,0.0,0.0
1788815460.1202126,0.0,0.0,0.0,0.0,0.0,0.0
1788815460.1698475,0.012959107756614685,0.0,0.0,0.0,0.0,-0.026741119101643562
1788815460.2205048,0.012959107756614685,0.0,0.0,0.0,0.0,-0.026741119101643562
1788815460.2701793,0.012959107756614685,0.0,0.0,0.0,0.0,-0.026741119101643562
1788815460.3203075,0.02245272509753704,0.0,0.0,0.0,0.0,-0.03622645139694214
1788815460.370718,0.030324352905154228,0.0,0.0,0.0,0.0,-0.039107296615839005
1788815460.420073,0.030324352905154228,0.0,0.0,0.0,0.0,-0.039107296615839005
1788815460.4699755,0.030324352905154228,0.0,0.0,0.0,0.0,-0.039107296615839005
1788815460.5201962,0.03520197421312332,0.0,0.0,0.0,0.0,-0.036350276321172714
1788815460.5702796,0.03520197421312332,0.0,0.0,0.0,0.0,-0.036350276321172714
1788815460.6204093,0.038610950112342834,0.0,0.0,0.0,0.0,-0.03351393714547157
1788815460.6701999,0.038610950112342834,0.0,0.0,0.0,0.0,-0.03351393714547157
1788815460.7202723,0.04152993485331535,0.0,0.0,0.0,0.0,-0.033229950815439224
1788815460.7699604,0.04152993485331535,0.0,0.0,0.0,0.0,-0.033229950815439224
1788815460.8203435,0.0440170057117939,0.0,0.0,0.0,0.0,-0.034192342311143875
1788815460.870083,0.0440170057117939,0.0,0.0,0.0,0.0,-0.034192342311143875
1788815460.9200182,0.04516316205263138,0.0,0.0,0.0,0.0,-0.03419380635023117
1788815460.9702475,0.04516316205263138,0.0,0.0,0.0,0.0,-0.03419380635023117
1788815461.0202065,0.04537196084856987,0.0,0.0,0.0,0.0,-0.03397267684340477
1788815461.0702286,0.04537196084856987,0.0,0.0,0.0,0.0,-0.03397267684340477
1788815461.120328,0.044333379715681076,0.0,0.0,0.0,0.0,-0.03288574516773224
1788815461.170462,0.044333379715681076,0.0,0.0,0.0,0.0,-0.03288574516773224
1788815461.220466,0.04280197247862816,0.0,0.0,0.0,0.0,-0.031912341713905334
1788815461.2702997,0.04280197247862816,0.0,0.0,0.0,0.0,-0.031912341713905334
1788815461.3202384,0.04082021489739418,0.0,0.0,0.0,0.0,-0.030818842351436615
1788815461.370111,0.04082021489739418,0.0,0.0,0.0,0.0,-0.030818842351436615
1788815461.420269,0.03874245658516884,0.0,0.0,0.0,0.0,-0.030067788437008858
1788815461.4703236,0.03874245658516884,0.0,0.0,0.0,0.0,-0.030067788437008858
1788815461.5203285,0.03642910718917847,0.0,0.0,0.0,0.0,-0.029348663985729218
1788815461.5700505,0.03642910718917847,0.0,0.0,0.0,0.0,-0.029348663985729218
1788815461.6205196,0.03377920389175415,0.0,0.0,0.0,0.0,-0.028376199305057526
1788815461.6702385,0.03377920389175415,0.0,0.0,0.0,0.0,-0.028376199305057526
1788815461.720338,0.030969811603426933,0.0,0.0,0.0,0.0,-0.027229448780417442
1788815461.7701883,0.030969811603426933,0.0,0.0,0.0,0.0,-0.027229448780417442
1788815461.8202672,0.02832680568099022,0.0,0.0,0.0,0.0,-0.02644180878996849
1788815461.870124,0.02832680568099022,0.0,0.0,0.0,0.0,-0.02644180878996849
1788815461.9202292,0.02558758668601513,0.0,0.0,0.0,0.0,-0.025424590334296227
1788815461.9701614,0.02558758668601513,0.0,0.0,0.0,0.0,-0.025424590334296227
1788815462.020367,0.023049291223287582,0.0,0.0,0.0,0.0,-0.02471301704645157
1788815462.0701292,0.023049291223287582,0.0,0.0,0.0,0.0,-0.02471301704645157
1788815462.1200616,0.020411143079400063,0.0,0.0,0.0,0.0,-0.023610204458236694
1788815462.1703098,0.020411143079400063,0.0,0.0,0.0,0.0,-0.023610204458236694
1788815462.2201638,0.017901116982102394,0.0,0.0,0.0,0.0,-0.022594893351197243
1788815462.2703958,0.017901116982102394,0.0,0.0,0.0,0.0,-0.022594893351197243
1788815462.3202803,0.015401802957057953,0.0,0.0,0.0,0.0,-0.02140338346362114
1788815462.3702908,0.015401802957057953,0.0,0.0,0.0,0.0,-0.02140338346362114
1788815462.4204814,0.013115310110151768,0.0,0.0,0.0,0.0,-0.020343629643321037
1788815462.47021,0.013115310110151768,0.0,0.0,0.0,0.0,-0.020343629643321037
1788815462.520273,0.011028792709112167,0.0,0.0,0.0,0.0,-0.019353993237018585
1788815462.570273,0.011028792709112167,0.0,0.0,0.0,0.0,-0.019353993237018585
1788815462.6205285,0.00915379449725151,0.0,0.0,0.0,0.0,-0.018391594290733337
1788815462.670154,0.00915379449725151,0.0,0.0,0.0,0.0,-0.018391594290733337
1788815462.7202055,0.007458724081516266,0.0,0.0,0.0,0.0,-0.01746455207467079
1788815462.7701504,0.007458724081516266,0.0,0.0,0.0,0.0,-0.01746455207467079
1788815462.820309,0.00591657031327486,0.0,0.0,0.0,0.0,-0.016496580094099045
1788815462.870346,0.00591657031327486,0.0,0.0,0.0,0.0,-0.016496580094099045
1788815462.9203086,0.004317784681916237,0.0,0.0,0.0,0.0,-0.018113546073436737
1788815462.9701586,0.004317784681916237,0.0,0.0,0.0,0.0,-0.018113546073436737
1788815463.0203247,0.0030498704873025417,0.0,0.0,0.0,0.0,-0.015075784176588058
1788815463.0700676,0.0030498704873025417,0.0,0.0,0.0,0.0,-0.015075784176588058
1788815463.1202443,0.0021588243544101715,0.0,0.0,0.0,0.0,-0.013478465378284454
1788815463.1701689,0.0021588243544101715,0.0,0.0,0.0,0.0,-0.013478465378284454
1788815463.220238,0.0015592137351632118,0.0,0.0,0.0,0.0,-0.01208236813545227
1788815463.2702882,0.0015592137351632118,0.0,0.0,0.0,0.0,-0.01208236813545227
1788815463.3205073,0.0011562439613044262,0.0,0.0,0.0,0.0,-0.012274719774723053
1788815463.3702152,0.0011562439613044262,0.0,0.0,0.0,0.0,-0.012274719774723053
1788815463.4205482,0.0008288536919280887,0.0,0.0,0.0,0.0,-0.01224382035434246
1788815463.4700668,0.0008288536919280887,0.0,0.0,0.0,0.0,-0.01224382035434246
1788815463.5202856,0.0005302780773490667,0.0,0.0,0.0,0.0,-0.011470625177025795
1788815463.570214,0.0005302780773490667,0.0,0.0,0.0,0.0,-0.011470625177025795
1788815463.6204426,0.000294931058306247,0.0,0.0,0.0,0.0,-0.0109566580504179
1788815463.6702173,0.000294931058306247,0.0,0.0,0.0,0.0,-0.0109566580504179
1788815463.7201061,0.00010767352068796754,0.0,0.0,0.0,0.0,-0.010603159666061401
1788815463.7701488,0.00010767352068796754,0.0,0.0,0.0,0.0,-0.010603159666061401
1788815463.8203838,-3.849313361570239e-05,0.0,0.0,0.0,0.0,-0.01044804323464632
1788815463.869956,-3.849313361570239e-05,0.0,0.0,0.0,0.0,-0.01044804323464632
1788815463.9203753,-0.0001552653848193586,0.0,0.0,0.0,0.0,-0.010379208251833916
1788815463.9702415,-0.0001552653848193586,0.0,0.0,0.0,0.0,-0.010379208251833916
1788815464.0201535,-0.00024954392574727535,0.0,0.0,0.0,0.0,-0.0103605380281806
1788815464.0701494,-0.00024954392574727535,0.0,0.0,0.0,0.0,-0.0103605380281806
1788815464.1201468,-0.0003270375309512019,0.0,0.0,0.0,0.0,-0.010360361076891422
1788815464.1702616,-0.0003270375309512019,0.0,0.0,0.0,0.0,-0.010360361076891422
1788815464.220363,-0.0003917750436812639,0.0,0.0,0.0,0.0,-0.010370557196438313
1788815464.2701025,-0.0003917750436812639,0.0,0.0,0.0,0.0,-0.010370557196438313
1788815464.3202217,-0.00043338624527677894,0.0,0.0,0.0,0.0,-0.011101881042122841
1788815464.370072,-0.00043338624527677894,0.0,0.0,0.0,0.0,-0.011101881042122841
1788815464.4204395,-0.0005190704832784832,0.0,0.0,0.0,0.0,-0.010703958570957184
1788815464.4702384,-0.0005190704832784832,0.0,0.0,0.0,0.0,-0.010703958570957184
1788815464.5202565,-0.0005853569600731134,0.0,0.0,0.0,0.0,-0.010529587045311928
1788815464.5701747,-0.0005853569600731134,0.0,0.0,0.0,0.0,-0.010529587045311928
1788815464.62015,-0.0006439244607463479,0.0,0.0,0.0,0.0,-0.010329307988286018
1788815464.6700327,-0.0006439244607463479,0.0,0.0,0.0,0.0,-0.010329307988286018
1788815464.7202601,-0.000691469176672399,0.0,0.0,0.0,0.0,-0.01027076318860054
1788815464.7701182,-0.000691469176672399,0.0,0.0,0.0,0.0,-0.01027076318860054
1788815464.8202863,-0.0007334674010053277,0.0,0.0,0.0,0.0,-0.010248836129903793
1788815464.870368,-0.0007334674010053277,0.0,0.0,0.0,0.0,-0.010248836129903793
1788815464.9207335,-0.0007712031365372241,0.0,0.0,0.0,0.0,-0.010261562652885914
1788815464.9702632,-0.0007712031365372241,0.0,0.0,0.0,0.0,-0.010261562652885914
1788815465.0203588,-0.0007892904686741531,0.0,0.0,0.0,0.0,-0.011034989729523659
1788815465.070278,-0.0007892904686741531,0.0,0.0,0.0,0.0,-0.011034989729523659
1788815465.120422,-0.0008599158027209342,0.0,0.0,0.0,0.0,-0.010539161041378975
1788815465.1700745,-0.0008599158027209342,0.0,0.0,0.0,0.0,-0.010539161041378975
1788815465.2203813,-0.0009197159670293331,0.0,0.0,0.0,0.0,-0.010317152366042137
1788815465.270214,-0.0009197159670293331,0.0,0.0,0.0,0.0,-0.010317152366042137
1788815465.3203418,-0.0009747364092618227,0.0,0.0,0.0,0.0,-0.010083909146487713
1788815465.3701403,-0.0009747364092618227,0.0,0.0,0.0,0.0,-0.010083909146487713
1788815465.4201689,-0.0010266921017318964,0.0,0.0,0.0,0.0,-0.009855023585259914
1788815465.470189,-0.0010266921017318964,0.0,0.0,0.0,0.0,-0.009855023585259914
1788815465.5201676,-0.0010814478155225515,0.0,0.0,0.0,0.0,-0.009748410433530807
1788815465.5701501,-0.0010814478155225515,0.0,0.0,0.0,0.0,-0.009748410433530807
1788815465.6203756,-0.0011118107941001654,0.0,0.0,0.0,0.0,-0.010548610240221024
1788815465.6702838,-0.0011118107941001654,0.0,0.0,0.0,0.0,-0.010548610240221024
1788815465.7204225,-0.0011706844670698047,0.0,0.0,0.0,0.0,-0.010871429927647114
1788815465.7704644,-0.0011706844670698047,0.0,0.0,0.0,0.0,-0.010871429927647114
1788815465.8202896,-0.0012672859011217952,0.0,0.0,0.0,0.0,-0.010251689702272415
1788815465.8702118,-0.0012672859011217952,0.0,0.0,0.0,0.0,-0.010251689702272415
1788815465.920537,-0.0013446472585201263,0.0,0.0,0.0,0.0,-0.009829151444137096
1788815465.9702163,-0.0013446472585201263,0.0,0.0,0.0,0.0,-0.009829151444137096
1788815466.0205412,-0.001389039447531104,0.0,0.0,0.0,0.0,-0.01032542809844017
1788815466.0701041,-0.001389039447531104,0.0,0.0,0.0,0.0,-0.01032542809844017
1788815466.1202269,-0.001471610041335225,0.0,0.0,0.0,0.0,-0.00979102123528719
1788815466.1701906,-0.001471610041335225,0.0,0.0,0.0,0.0,-0.00979102123528719
1788815466.2202773,-0.0015177240129560232,0.0,0.0,0.0,0.0,-0.010269532911479473
1788815466.2701786,-0.0015177240129560232,0.0,0.0,0.0,0.0,-0.010269532911479473
1788815466.3202744,-0.0016117391642183065,0.0,0.0,0.0,0.0,-0.00957587268203497
1788815466.370053,-0.0016117391642183065,0.0,0.0,0.0,0.0,-0.00957587268203497
1788815466.4203925,-0.001681176945567131,0.0,0.0,0.0,0.0,-0.00927859079092741
1788815466.470222,-0.001681176945567131,0.0,0.0,0.0,0.0,-0.00927859079092741
1788815466.5201828,-0.001719414722174406,0.0,0.0,0.0,0.0,-0.009839674457907677
1788815466.570234,-0.001719414722174406,0.0,0.0,0.0,0.0,-0.009839674457907677
1788815466.6203732,-0.001796590629965067,0.0,0.0,0.0,0.0,-0.009269089438021183
1788815466.6702251,-0.001796590629965067,0.0,0.0,0.0,0.0,-0.009269089438021183
1788815466.720429,-0.0018572723492980003,0.0,0.0,0.0,0.0,-0.009000994265079498
1788815466.7700279,-0.0018572723492980003,0.0,0.0,0.0,0.0,-0.009000994265079498
1788815466.8203225,-0.0019097167532891035,0.0,0.0,0.0,0.0,-0.008741714060306549
1788815466.8699262,-0.0019097167532891035,0.0,0.0,0.0,0.0,-0.008741714060306549
1788815466.9205341,-0.001951680053025484,0.0,0.0,0.0,0.0,-0.008610012009739876
1788815466.970051,-0.001951680053025484,0.0,0.0,0.0,0.0,-0.008610012009739876
1788815467.020442,-0.0019900822080671787,0.0,0.0,0.0,0.0,-0.008502139709889889
1788815467.0700672,-0.0019900822080671787,0.0,0.0,0.0,0.0,-0.008502139709889889
1788815467.120332,-0.0020247790962457657,0.0,0.0,0.0,0.0,-0.008461403660476208
1788815467.170092,-0.0020247790962457657,0.0,0.0,0.0,0.0,-0.008461403660476208
1788815467.2203426,-0.002054858021438122,0.0,0.0,0.0,0.0,-0.00844535045325756
1788815467.2702415,-0.002054858021438122,0.0,0.0,0.0,0.0,-0.00844535045325756
1788815467.3202739,-0.002080288017168641,0.0,0.0,0.0,0.0,-0.008446422405540943
1788815467.3702571,-0.002080288017168641,0.0,0.0,0.0,0.0,-0.008446422405540943
1788815467.4203615,-0.0021017170511186123,0.0,0.0,0.0,0.0,-0.008451863192021847
1788815467.470054,-0.0021017170511186123,0.0,0.0,0.0,0.0,-0.008451863192021847
1788815467.5202706,-0.002119990298524499,0.0,0.0,0.0,0.0,-0.008459644392132759
1788815467.5699964,-0.002119990298524499,0.0,0.0,0.0,0.0,-0.008459644392132759
1788815467.6205692,-0.0021143353078514338,0.0,0.0,0.0,0.0,-0.00930506270378828
1788815467.6701047,-0.0021143353078514338,0.0,0.0,0.0,0.0,-0.00930506270378828
1788815467.720431,-0.0021403408609330654,0.0,0.0,0.0,0.0,-0.00962988194078207
1788815467.7700975,-0.0021403408609330654,0.0,0.0,0.0,0.0,-0.00962988194078207
1788815467.8204708,-0.0022089523263275623,0.0,0.0,0.0,0.0,-0.008997363038361073
1788815467.8701713,-0.0022089523263275623,0.0,0.0,0.0,0.0,-0.008997363038361073
1788815467.9203498,-0.0022608500439673662,0.0,0.0,0.0,0.0,-0.008560258895158768
1788815467.9701557,-0.0022608500439673662,0.0,0.0,0.0,0.0,-0.008560258895158768
1788815468.0203028,-0.002301042666658759,0.0,0.0,0.0,0.0,-0.008247997611761093
1788815468.0703998,-0.002301042666658759,0.0,0.0,0.0,0.0,-0.008247997611761093
1788815468.1202862,-0.002329339738935232,0.0,0.0,0.0,0.0,-0.008121347054839134
1788815468.1699216,-0.002329339738935232,0.0,0.0,0.0,0.0,-0.008121347054839134
1788815468.2205014,-0.0023519652895629406,0.0,0.0,0.0,0.0,-0.008068550378084183
1788815468.270061,-0.0023519652895629406,0.0,0.0,0.0,0.0,-0.008068550378084183
1788815468.3202775,-0.0023490057792514563,0.0,0.0,0.0,0.0,-0.008893553167581558
1788815468.3701873,-0.0023490057792514563,0.0,0.0,0.0,0.0,-0.008893553167581558
1788815468.420442,-0.0023775845766067505,0.0,0.0,0.0,0.0,-0.009205152280628681
1788815468.470318,-0.0023775845766067505,0.0,0.0,0.0,0.0,-0.009205152280628681
1788815468.5204408,-0.002448607701808214,0.0,0.0,0.0,0.0,-0.008563555777072906
1788815468.5701072,-0.002448607701808214,0.0,0.0,0.0,0.0,-0.008563555777072906
1788815468.6203704,-0.002481418661773205,0.0,0.0,0.0,0.0,-0.008913064375519753
1788815468.6702518,-0.002481418661773205,0.0,0.0,0.0,0.0,-0.008913064375519753
1788815468.7203603,-0.0025585521943867207,0.0,0.0,0.0,0.0,-0.008091207593679428
1788815468.7702324,-0.0025585521943867207,0.0,0.0,0.0,0.0,-0.008091207593679428
1788815468.8202426,-0.002613896271213889,0.0,0.0,0.0,0.0,-0.007721783593297005
1788815468.870144,-0.002613896271213889,0.0,0.0,0.0,0.0,-0.007721783593297005
1788815468.9203393,-0.0026376417372375727,0.0,0.0,0.0,0.0,-0.008242997340857983
1788815468.9700623,-0.0026376417372375727,0.0,0.0,0.0,0.0,-0.008242997340857983
1788815469.0203924,-0.002703113481402397,0.0,0.0,0.0,0.0,-0.007652613800019026
1788815469.0702338,-0.002703113481402397,0.0,0.0,0.0,0.0,-0.007652613800019026
1788815469.1202245,-0.0027588787488639355,0.0,0.0,0.0,0.0,-0.007206673733890057
1788815469.1702156,-0.0027588787488639355,0.0,0.0,0.0,0.0,-0.007206673733890057
1788815469.2204099,-0.002815428888425231,0.0,0.0,0.0,0.0,-0.006851758807897568
1788815469.270253,-0.002815428888425231,0.0,0.0,0.0,0.0,-0.006851758807897568
1788815469.3203142,-0.002844044240191579,0.0,0.0,0.0,0.0,-0.007368210703134537
1788815469.3700352,-0.002844044240191579,0.0,0.0,0.0,0.0,-0.007368210703134537
1788815469.4205427,-0.002926595276221633,0.0,0.0,0.0,0.0,-0.00673338770866394
1788815469.470231,-0.002926595276221633,0.0,0.0,0.0,0.0,-0.00673338770866394
1788815469.5202157,-0.0029918174259364605,0.0,0.0,0.0,0.0,-0.0064379191026091576
1788815469.5700653,-0.0029918174259364605,0.0,0.0,0.0,0.0,-0.0064379191026091576
1788815469.62046,-0.003046795492991805,0.0,0.0,0.0,0.0,-0.0061623333021998405
1788815469.6702464,-0.003046795492991805,0.0,0.0,0.0,0.0,-0.0061623333021998405
1788815469.720197,-0.0030861662235111,0.0,0.0,0.0,0.0,-0.006063573993742466
1788815469.7702222,-0.0030861662235111,0.0,0.0,0.0,0.0,-0.006063573993742466
1788815469.820261,-0.00275013642385602,0.0,0.0,0.0,0.0,-0.007922973483800888
1788815469.8700686,-0.00275013642385602,0.0,0.0,0.0,0.0,-0.007922973483800888
1788815469.9204595,-0.0027655756566673517,0.0,0.0,0.0,0.0,-0.008083448745310307
1788815469.970274,-0.0027655756566673517,0.0,0.0,0.0,0.0,-0.008083448745310307
1788815470.020379,-0.0031002589967101812,0.0,0.0,0.0,0.0,-0.005881289951503277
1788815470.0701418,-0.0031002589967101812,0.0,0.0,0.0,0.0,-0.005881289951503277
1788815470.1202602,0.0,0.0,0.0,0.0,0.0,0.0
1788815470.1701632,0.0,0.0,0.0,0.0,0.0,0.0
1788815470.220438,0.0,0.0,0.0,0.0,0.0,0.0
1788815470.270271,0.0,0.0,0.0,0.0,0.0,0.0
1788815470.3203807,0.0,0.0,0.0,0.0,0.0,0.0
1788815470.3702111,0.0,0.0,0.0,0.0,0.0,0.0
1788815470.4204025,0.0,0.0,0.0,0.0,0.0,0.0
1788815470.4701104,0.0,0.0,0.0,0.0,0.0,0.0
1788815470.520423,0.0,0.0,0.0,0.0,0.0,0.0
1788815470.5700831,0.0,0.0,0.0,0.0,0.0,0.0
1788815470.6203253,0.0,0.0,0.0,0.0,0.0,0.0
1788815470.6701927,0.0,0.0,0.0,0.0,0.0,0.0
1788815470.7203255,0.0,0.0,0.0,0.0,0.0,0.0
1788815470.7701075,0.0,0.0,0.0,0.0,0.0,0.0
1788815470.8203416,0.0,0.0,0.0,0.0,0.0,0.0
1788815470.8703096,0.0,0.0,0.0,0.0,0.0,0.0
1788815470.9206398,0.0,0.0,0.0,0.0,0.0,0.0
1788815470.970323,0.0,0.0,0.0,0.0,0.0,0.0
1788815471.020382,0.0,0.0,0.0,0.0,0.0,0.0
1788815471.0701694,0.0,0.0,0.0,0.0,0.0,0.0
1788815471.120202,-0.001629519509151578,0.0,0.0,0.0,0.0,-0.016886156052350998
1788815471.17011,-0.001629519509151578,0.0,0.0,0.0,0.0,-0.016886156052350998
1788815471.2202907,-0.0026267305947840214,0.0,0.0,0.0,0.0,-0.022922268137335777
1788815471.2699368,-0.0026267305947840214,0.0,0.0,0.0,0.0,-0.022922268137335777
1788815471.3203328,-0.0032308867666870356,0.0,0.0,0.0,0.0,-0.02544872649013996
1788815471.3701015,-0.0032308867666870356,0.0,0.0,0.0,0.0,-0.02544872649013996
1788815471.4203706,-0.0035164563450962305,0.0,0.0,0.0,0.0,-0.02452266588807106
1788815471.470249,-0.0035164563450962305,0.0,0.0,0.0,0.0,-0.02452266588807106
1788815471.5204084,-0.0038292142562568188,0.0,0.0,0.0,0.0,-0.02339789643883705
1788815471.5702336,-0.0038292142562568188,0.0,0.0,0.0,0.0,-0.02339789643883705
1788815471.6204767,-0.004308783449232578,0.0,0.0,0.0,0.0,-0.022940941154956818
1788815471.669918,-0.004991433583199978,0.0,0.0,0.0,0.0,-0.02302624098956585
1788815471.720378,-0.004991433583199978,0.0,0.0,0.0,0.0,-0.02302624098956585
1788815471.7702591,-0.004991433583199978,0.0,0.0,0.0,0.0,-0.02302624098956585
1788815471.8205426,-0.0056860377080738544,0.0,0.0,0.0,0.0,-0.0219755657017231
1788815471.8699615,-0.006308184936642647,0.0,0.0,0.0,0.0,-0.021241437643766403
1788815471.9205713,-0.006308184936642647,0.0,0.0,0.0,0.0,-0.021241437643766403
1788815471.970193,-0.006308184936642647,0.0,0.0,0.0,0.0,-0.021241437643766403
1788815472.020207,-0.006805518176406622,0.0,0.0,0.0,0.0,-0.020420266315340996
1788815472.0701606,-0.006805518176406622,0.0,0.0,0.0,0.0,-0.020420266315340996
1788815472.1203804,-0.0072867413982748985,0.0,0.0,0.0,0.0,-0.020680518820881844
1788815472.1703956,-0.0072867413982748985,0.0,0.0,0.0,0.0,-0.020680518820881844
1788815472.2205653,-0.007538589183241129,0.0,0.0,0.0,0.0,-0.019194763153791428
1788815472.2702148,-0.007538589183241129,0.0,0.0,0.0,0.0,-0.019194763153791428
1788815472.3203907,-0.007730289362370968,0.0,0.0,0.0,0.0,-0.01874682493507862
1788815472.3698862,-0.007784383837133646,0.0,0.0,0.0,0.0,-0.017059314996004105
1788815472.4204106,-0.007784383837133646,0.0,0.0,0.0,0.0,-0.017059314996004105
1788815472.4701986,-0.007784383837133646,0.0,0.0,0.0,0.0,-0.017059314996004105
1788815472.5205488,-0.007834501564502716,0.0,0.0,0.0,0.0,-0.016364362090826035
1788815472.5700083,-0.007714566309005022,0.0,0.0,0.0,0.0,-0.014352938160300255
1788815472.620427,-0.007714566309005022,0.0,0.0,0.0,0.0,-0.014352938160300255
1788815472.6701105,-0.007542080245912075,0.0,0.0,0.0,0.0,-0.01315694022923708
1788815472.7203918,-0.007542080245912075,0.0,0.0,0.0,0.0,-0.01315694022923708
1788815472.769808,-0.007326305843889713,0.0,0.0,0.0,0.0,-0.012180499732494354
1788815472.8204074,-0.007326305843889713,0.0,0.0,0.0,0.0,-0.012180499732494354
1788815472.8696678,-0.007046503480523825,0.0,0.0,0.0,0.0,-0.011763626709580421
1788815472.92047,-0.007046503480523825,0.0,0.0,0.0,0.0,-0.011763626709580421
1788815472.9698286,-0.0068015120923519135,0.0,0.0,0.0,0.0,-0.011234594509005547
1788815473.020197,-0.0068015120923519135,0.0,0.0,0.0,0.0,-0.011234594509005547
1788815473.0696666,-0.00669181440025568,0.0,0.0,0.0,0.0,-0.010724729858338833
1788815473.1205182,-0.00669181440025568,0.0,0.0,0.0,0.0,-0.010724729858338833
1788815473.1701796,-0.00669181440025568,0.0,0.0,0.0,0.0,-0.010724729858338833
1788815473.2203813,-0.006544823292642832,0.0,0.0,0.0,0.0,-0.010302537120878696
1788815473.2698178,-0.0063783214427530766,0.0,0.0,0.0,0.0,-0.009962856769561768
1788815473.3203807,-0.0063783214427530766,0.0,0.0,0.0,0.0,-0.009962856769561768
1788815473.3700871,-0.0063783214427530766,0.0,0.0,0.0,0.0,-0.009962856769561768
1788815473.4204178,-0.0061850715428590775,0.0,0.0,0.0,0.0,-0.009681887924671173
1788815473.4701898,-0.0061850715428590775,0.0,0.0,0.0,0.0,-0.009681887924671173
1788815473.5204303,-0.006106210872530937,0.0,0.0,0.0,0.0,-0.00963874626904726
1788815473.570203,-0.006106210872530937,0.0,0.0,0.0,0.0,-0.00963874626904726
1788815473.6202648,-0.005959860980510712,0.0,0.0,0.0,0.0,-0.009454058483242989
1788815473.6697836,-0.005663521122187376,0.0,0.0,0.0,0.0,-0.009002541191875935
1788815473.7203999,-0.005663521122187376,0.0,0.0,0.0,0.0,-0.009002541191875935
1788815473.7699606,-0.005404859781265259,0.0,0.0,0.0,0.0,-0.008647318929433823
1788815473.8204737,-0.005404859781265259,0.0,0.0,0.0,0.0,-0.008647318929433823
1788815473.8701746,-0.005404859781265259,0.0,0.0,0.0,0.0,-0.008647318929433823
1788815473.9204845,-0.0051775285974144936,0.0,0.0,0.0,0.0,-0.008354668505489826
1788815473.9699826,-0.00498150335624814,0.0,0.0,0.0,0.0,-0.008073892444372177
1788815474.0204923,-0.00498150335624814,0.0,0.0,0.0,0.0,-0.008073892444372177
1788815474.0700839,-0.004815119318664074,0.0,0.0,0.0,0.0,-0.007859636098146439
1788815474.1204698,-0.004815119318664074,0.0,0.0,0.0,0.0,-0.007859636098146439
1788815474.1694999,-0.00467299111187458,0.0,0.0,0.0,0.0,-0.00768074207007885
1788815474.2204099,-0.00467299111187458,0.0,0.0,0.0,0.0,-0.00768074207007885
1788815474.27007,-0.004549473524093628,0.0,0.0,0.0,0.0,-0.007528387010097504
1788815474.3202631,-0.004549473524093628,0.0,0.0,0.0,0.0,-0.007528387010097504
1788815474.370265,-0.004569484852254391,0.0,0.0,0.0,0.0,-0.007640184368938208
1788815474.4203036,-0.004569484852254391,0.0,0.0,0.0,0.0,-0.007640184368938208
1788815474.4702318,-0.004569484852254391,0.0,0.0,0.0,0.0,-0.007640184368938208
1788815474.5203848,-0.004418838769197464,0.0,0.0,0.0,0.0,-0.0074018691666424274
1788815474.5696526,-0.004304444417357445,0.0,0.0,0.0,0.0,-0.007226133719086647
1788815474.620252,-0.004304444417357445,0.0,0.0,0.0,0.0,-0.007226133719086647
1788815474.6702538,-0.004304444417357445,0.0,0.0,0.0,0.0,-0.007226133719086647
1788815474.7202318,-0.004186541773378849,0.0,0.0,0.0,0.0,-0.007039093412458897
1788815474.769824,-0.004087239503860474,0.0,0.0,0.0,0.0,-0.00687571382150054
1788815474.8203547,-0.004087239503860474,0.0,0.0,0.0,0.0,-0.00687571382150054
1788815474.8702679,-0.004087239503860474,0.0,0.0,0.0,0.0,-0.00687571382150054
1788815474.920449,-0.003996935673058033,0.0,0.0,0.0,0.0,-0.006738905794918537
1788815474.9702697,-0.003996935673058033,0.0,0.0,0.0,0.0,-0.006738905794918537
1788815475.0202975,-0.003915547393262386,0.0,0.0,0.0,0.0,-0.006621896289288998
1788815475.0699039,-0.0038387670647352934,0.0,0.0,0.0,0.0,-0.006516266148537397
1788815475.1203978,-0.0038387670647352934,0.0,0.0,0.0,0.0,-0.006516266148537397
1788815475.1699934,-0.003888748586177826,0.0,0.0,0.0,0.0,-0.00665493868291378
1788815475.220416,-0.003888748586177826,0.0,0.0,0.0,0.0,-0.00665493868291378
1788815475.2697356,-0.00387112470343709,0.0,0.0,0.0,0.0,-0.0066130864433944225
1788815475.320548,-0.00387112470343709,0.0,0.0,0.0,0.0,-0.0066130864433944225
1788815475.3696897,-0.0037008419167250395,0.0,0.0,0.0,0.0,-0.0062860846519470215
1788815475.420418,-0.0037008419167250395,0.0,0.0,0.0,0.0,-0.0062860846519470215
1788815475.4700332,-0.003555416129529476,0.0,0.0,0.0,0.0,-0.006035141181200743
1788815475.520407,-0.003555416129529476,0.0,0.0,0.0,0.0,-0.006035141181200743
1788815475.5703292,-0.003555416129529476,0.0,0.0,0.0,0.0,-0.006035141181200743
1788815475.6203423,-0.0034264351706951857,0.0,0.0,0.0,0.0,-0.005835408344864845
1788815475.6704843,-0.0034264351706951857,0.0,0.0,0.0,0.0,-0.005835408344864845
1788815475.7202392,-0.0034449344966560602,0.0,0.0,0.0,0.0,-0.005921372212469578
1788815475.7702003,-0.0034449344966560602,0.0,0.0,0.0,0.0,-0.005921372212469578
1788815475.8202305,-0.0034087093081325293,0.0,0.0,0.0,0.0,-0.005858306773006916
1788815475.869989,-0.003216597717255354,0.0,0.0,0.0,0.0,-0.005465383641421795
1788815475.9204566,-0.003216597717255354,0.0,0.0,0.0,0.0,-0.005465383641421795
1788815475.9699147,-0.0030552395619452,0.0,0.0,0.0,0.0,-0.005189619027078152
1788815476.0202756,-0.0030552395619452,0.0,0.0,0.0,0.0,-0.005189619027078152
1788815476.0701804,-0.0030552395619452,0.0,0.0,0.0,0.0,-0.005189619027078152
1788815476.120298,-0.0029161227867007256,0.0,0.0,0.0,0.0,-0.0049816337414085865
1788815476.170301,-0.0029161227867007256,0.0,0.0,0.0,0.0,-0.0049816337414085865
1788815476.220569,-0.002811935730278492,0.0,0.0,0.0,0.0,-0.0048561133444309235
1788815476.2702978,-0.002811935730278492,0.0,0.0,0.0,0.0,-0.0048561133444309235
1788815476.320505,-0.0027256461326032877,0.0,0.0,0.0,0.0,-0.0047651128843426704
1788815476.3698862,-0.0026510090101510286,0.0,0.0,0.0,0.0,-0.004694601055234671
1788815476.4203787,-0.0026510090101510286,0.0,0.0,0.0,0.0,-0.004694601055234671
1788815476.4699116,-0.0025818822905421257,0.0,0.0,0.0,0.0,-0.004631983116269112
1788815476.5204985,-0.0025818822905421257,0.0,0.0,0.0,0.0,-0.004631983116269112
1788815476.5698788,-0.0025164345279335976,0.0,0.0,0.0,0.0,-0.004574870690703392
1788815476.6203704,-0.0025164345279335976,0.0,0.0,0.0,0.0,-0.004574870690703392
1788815476.670214,-0.0025164345279335976,0.0,0.0,0.0,0.0,-0.004574870690703392
1788815476.7203367,-0.0024537104181945324,0.0,0.0,0.0,0.0,-0.0045218090526759624
1788815476.7703114,-0.0024537104181945324,0.0,0.0,0.0,0.0,-0.0045218090526759624
1788815476.820426,-0.0023936061188578606,0.0,0.0,0.0,0.0,-0.0044726040214300156
1788815476.8702242,-0.0023936061188578606,0.0,0.0,0.0,0.0,-0.0044726040214300156
1788815476.9203877,-0.002336070640012622,0.0,0.0,0.0,0.0,-0.004426906816661358
1788815476.9700134,-0.002336070640012622,0.0,0.0,0.0,0.0,-0.004426906816661358
1788815477.020172,-0.0022811535745859146,0.0,0.0,0.0,0.0,-0.004384484142065048
1788815477.0702534,-0.0022811535745859146,0.0,0.0,0.0,0.0,-0.004384484142065048
1788815477.1202784,-0.002228859346359968,0.0,0.0,0.0,0.0,-0.004345076158642769
1788815477.1700842,-0.002228859346359968,0.0,0.0,0.0,0.0,-0.004345076158642769
1788815477.2204454,-0.002179172355681658,0.0,0.0,0.0,0.0,-0.004308455623686314
1788815477.270078,-0.002179172355681658,0.0,0.0,0.0,0.0,-0.004308455623686314
1788815477.3205566,-0.002132025547325611,0.0,0.0,0.0,0.0,-0.004274350591003895
1788815477.3701236,-0.002132025547325611,0.0,0.0,0.0,0.0,-0.004274350591003895
1788815477.4202206,-0.002087378641590476,0.0,0.0,0.0,0.0,-0.004242515191435814
1788815477.4701874,-0.002087378641590476,0.0,0.0,0.0,0.0,-0.004242515191435814
1788815477.5203676,-0.0020451704040169716,0.0,0.0,0.0,0.0,-0.004212775733321905
1788815477.5699463,-0.0020053707994520664,0.0,0.0,0.0,0.0,-0.004185021389275789
1788815477.6203752,-0.0020053707994520664,0.0,0.0,0.0,0.0,-0.004185021389275789
1788815477.6702137,-0.0020053707994520664,0.0,0.0,0.0,0.0,-0.004185021389275789
1788815477.7207255,-0.0019679286051541567,0.0,0.0,0.0,0.0,-0.004159111529588699
1788815477.7704184,-0.0019679286051541567,0.0,0.0,0.0,0.0,-0.004159111529588699
1788815477.820379,-0.0019327484769746661,0.0,0.0,0.0,0.0,-0.004134912509471178
1788815477.870118,-0.0019327484769746661,0.0,0.0,0.0,0.0,-0.004134912509471178
1788815477.920466,-0.0019308829214423895,0.0,0.0,0.0,0.0,-0.00474189966917038
1788815477.9702256,-0.0019308829214423895,0.0,0.0,0.0,0.0,-0.00474189966917038
1788815478.0205617,-0.0019074525916948915,0.0,0.0,0.0,0.0,-0.004416255746036768
1788815478.0704696,-0.0019074525916948915,0.0,0.0,0.0,0.0,-0.004416255746036768
1788815478.1205106,-0.0019200898241251707,0.0,0.0,0.0,0.0,-0.0048753852024674416
1788815478.170091,-0.0019200898241251707,0.0,0.0,0.0,0.0,-0.0048753852024674416
1788815478.2204208,-0.00194802216719836,0.0,0.0,0.0,0.0,-0.004877470433712006
1788815478.2701793,-0.00194802216719836,0.0,0.0,0.0,0.0,-0.004877470433712006
1788815478.320346,-0.001993448007851839,0.0,0.0,0.0,0.0,-0.004794029984623194
1788815478.3702443,-0.001993448007851839,0.0,0.0,0.0,0.0,-0.004794029984623194
1788815478.42047,-0.00201267353259027,0.0,0.0,0.0,0.0,-0.003962710499763489
1788815478.4702218,-0.00201267353259027,0.0,0.0,0.0,0.0,-0.003962710499763489
1788815478.5201824,-0.0020241730380803347,0.0,0.0,0.0,0.0,-0.0034667360596358776
1788815478.5701675,-0.0020241730380803347,0.0,0.0,0.0,0.0,-0.0034667360596358776
1788815478.6205654,-0.0020243157632648945,0.0,0.0,0.0,0.0,-0.003118257038295269
1788815478.6701465,-0.0020243157632648945,0.0,0.0,0.0,0.0,-0.003118257038295269
1788815478.7204103,-0.0020187431946396828,0.0,0.0,0.0,0.0,-0.002959362231194973
1788815478.770189,-0.0020187431946396828,0.0,0.0,0.0,0.0,-0.002959362231194973
1788815478.8205311,-0.0019271004712209105,0.0,0.0,0.0,0.0,-0.003088798839598894
1788815478.8701284,-0.0019271004712209105,0.0,0.0,0.0,0.0,-0.003088798839598894
1788815478.92039,-0.002001298125833273,0.0,0.0,0.0,0.0,-0.0028801094740629196
1788815478.9701953,-0.002001298125833273,0.0,0.0,0.0,0.0,-0.0028801094740629196
1788815479.0202663,-0.0020442958921194077,0.0,0.0,0.0,0.0,-0.0027686054818332195
1788815479.070219,-0.0020442958921194077,0.0,0.0,0.0,0.0,-0.0027686054818332195
1788815479.1202962,-0.0020851653534919024,0.0,0.0,0.0,0.0,-0.002662679646164179
1788815479.1699946,-0.0021008483599871397,0.0,0.0,0.0,0.0,-0.002610595431178808
1788815479.2202115,-0.0021008483599871397,0.0,0.0,0.0,0.0,-0.002610595431178808
1788815479.2698305,-0.002106334548443556,0.0,0.0,0.0,0.0,-0.002575273159891367
1788815479.3204007,-0.002106334548443556,0.0,0.0,0.0,0.0,-0.002575273159891367
1788815479.3699777,-0.002103818580508232,0.0,0.0,0.0,0.0,-0.002554480917751789
1788815479.4202235,-0.002103818580508232,0.0,0.0,0.0,0.0,-0.002554480917751789
1788815479.4698322,-0.0020985391456633806,0.0,0.0,0.0,0.0,-0.002538229338824749
1788815479.520446,-0.0020985391456633806,0.0,0.0,0.0,0.0,-0.002538229338824749
1788815479.5701227,-0.0020985391456633806,0.0,0.0,0.0,0.0,-0.002538229338824749
1788815479.6203496,-0.002091788686811924,0.0,0.0,0.0,0.0,-0.0025253789499402046
1788815479.6700318,-0.002091788686811924,0.0,0.0,0.0,0.0,-0.0025253789499402046
1788815479.7204294,-0.0020846491679549217,0.0,0.0,0.0,0.0,-0.0025142445228993893
1788815479.7697618,-0.002077316865324974,0.0,0.0,0.0,0.0,-0.002504655160009861
1788815479.8202474,-0.002077316865324974,0.0,0.0,0.0,0.0,-0.002504655160009861
1788815479.870539,-0.002077316865324974,0.0,0.0,0.0,0.0,-0.002504655160009861
1788815479.9203851,-0.0020699487067759037,0.0,0.0,0.0,0.0,-0.002496238797903061
1788815479.970113,-0.0020699487067759037,0.0,0.0,0.0,0.0,-0.002496238797903061
1788815480.0205495,-0.0020626175682991743,0.0,0.0,0.0,0.0,-0.002488851547241211
1788815480.070203,-0.0020553828217089176,0.0,0.0,0.0,0.0,-0.0024822759442031384
1788815480.1202965,-0.0020553828217089176,0.0,0.0,0.0,0.0,-0.0024822759442031384
1788815480.1701255,-0.0020553828217089176,0.0,0.0,0.0,0.0,-0.0024822759442031384
1788815480.2204354,-0.0020483178086578846,0.0,0.0,0.0,0.0,-0.0024764095433056355
1788815480.2701368,-0.0020483178086578846,0.0,0.0,0.0,0.0,-0.0024764095433056355
1788815480.32038,-0.0020414707250893116,0.0,0.0,0.0,0.0,-0.002471093088388443
1788815480.370164,-0.0020414707250893116,0.0,0.0,0.0,0.0,-0.002471093088388443
1788815480.4205115,-0.002034883014857769,0.0,0.0,0.0,0.0,-0.0024662683717906475
1788815480.470112,-0.002034883014857769,0.0,0.0,0.0,0.0,-0.0024662683717906475
1788815480.520398,-0.002028578659519553,0.0,0.0,0.0,0.0,-0.0024618618190288544
1788815480.5702257,-0.002028578659519553,0.0,0.0,0.0,0.0,-0.0024618618190288544
1788815480.6204793,-0.0020225890912115574,0.0,0.0,0.0,0.0,-0.0024578222073614597
1788815480.6702838,-0.0020225890912115574,0.0,0.0,0.0,0.0,-0.0024578222073614597
1788815480.7202837,-0.0020169224590063095,0.0,0.0,0.0,0.0,-0.002454119734466076
1788815480.7701886,-0.0020169224590063095,0.0,0.0,0.0,0.0,-0.002454119734466076
1788815480.8204365,-0.0020115848165005445,0.0,0.0,0.0,0.0,-0.0024507087655365467
1788815480.8703678,-0.0020115848165005445,0.0,0.0,0.0,0.0,-0.0024507087655365467
1788815480.9204373,-0.002006569877266884,0.0,0.0,0.0,0.0,-0.002447583246976137
1788815480.9704382,-0.002006569877266884,0.0,0.0,0.0,0.0,-0.002447583246976137
1788815481.0203776,0.0,0.0,0.0,0.0,0.0,0.0
1788815481.0703378,0.0,0.0,0.0,0.0,0.0,0.0
1788815481.1204143,0.0,0.0,0.0,0.0,0.0,0.0
1788815481.1701803,0.0,0.0,0.0,0.0,0.0,0.0
1788815481.220422,-0.00027207445236854255,0.0,0.0,0.0,0.0,-0.010748752392828465
1788815481.270181,-0.00027207445236854255,0.0,0.0,0.0,0.0,-0.010748752392828465
1788815481.3205504,-0.001575680449604988,0.0,0.0,0.0,0.0,-0.017730358988046646
1788815481.3701348,-0.001575680449604988,0.0,0.0,0.0,0.0,-0.017730358988046646
1788815481.420377,-0.0027391593903303146,0.0,0.0,0.0,0.0,-0.02281988225877285
1788815481.470156,-0.0027391593903303146,0.0,0.0,0.0,0.0,-0.02281988225877285
1788815481.5205066,-0.003645145334303379,0.0,0.0,0.0,0.0,-0.02533186972141266
1788815481.5702236,-0.003645145334303379,0.0,0.0,0.0,0.0,-0.02533186972141266
1788815481.6202123,-0.004299193155020475,0.0,0.0,0.0,0.0,-0.026786521077156067
1788815481.670135,-0.004299193155020475,0.0,0.0,0.0,0.0,-0.026786521077156067
1788815481.720431,-0.004950644914060831,0.0,0.0,0.0,0.0,-0.02820264920592308
1788815481.7702682,-0.004950644914060831,0.0,0.0,0.0,0.0,-0.02820264920592308
1788815481.8204498,-0.005693324841558933,0.0,0.0,0.0,0.0,-0.02888103760778904
1788815481.8702524,-0.005693324841558933,0.0,0.0,0.0,0.0,-0.02888103760778904
1788815481.9205656,-0.006537068169564009,0.0,0.0,0.0,0.0,-0.028440207242965698
1788815481.970032,-0.006537068169564009,0.0,0.0,0.0,0.0,-0.028440207242965698
1788815482.020242,-0.007485534995794296,0.0,0.0,0.0,0.0,-0.02891615591943264
1788815482.0701392,-0.007485534995794296,0.0,0.0,0.0,0.0,-0.02891615591943264
1788815482.1202307,-0.008539674803614616,0.0,0.0,0.0,0.0,-0.029772140085697174
1788815482.1702304,-0.008539674803614616,0.0,0.0,0.0,0.0,-0.029772140085697174
1788815482.2202532,-0.009637044742703438,0.0,0.0,0.0,0.0,-0.029894789680838585
1788815482.2702932,-0.009637044742703438,0.0,0.0,0.0,0.0,-0.029894789680838585
1788815482.3206546,-0.01074658427387476,0.0,0.0,0.0,0.0,-0.03038637898862362
1788815482.370027,-0.01074658427387476,0.0,0.0,0.0,0.0,-0.03038637898862362
1788815482.4203787,-0.011785638518631458,0.0,0.0,0.0,0.0,-0.029239855706691742
1788815482.4701169,-0.011785638518631458,0.0,0.0,0.0,0.0,-0.029239855706691742
1788815482.5203528,-0.012822583317756653,0.0,0.0,0.0,0.0,-0.02963670715689659
1788815482.5700758,-0.012822583317756653,0.0,0.0,0.0,0.0,-0.02963670715689659
1788815482.6205873,-0.013762014918029308,0.0,0.0,0.0,0.0,-0.028076859191060066
1788815482.670188,-0.013762014918029308,0.0,0.0,0.0,0.0,-0.028076859191060066
1788815482.7203283,-0.01462705247104168,0.0,0.0,0.0,0.0,-0.026440195739269257
1788815482.7700043,-0.01462705247104168,0.0,0.0,0.0,0.0,-0.026440195739269257
1788815482.8202996,-0.015175200998783112,0.0,0.0,0.0,0.0,-0.022883977741003036
1788815482.8702283,-0.015175200998783112,0.0,0.0,0.0,0.0,-0.022883977741003036
1788815482.9204857,-0.01560679730027914,0.0,0.0,0.0,0.0,-0.020664872601628304
1788815482.970514,-0.01560679730027914,0.0,0.0,0.0,0.0,-0.020664872601628304
1788815483.0203757,-0.015955261886119843,0.0,0.0,0.0,0.0,-0.018865875899791718
1788815483.0701985,-0.015955261886119843,0.0,0.0,0.0,0.0,-0.018865875899791718
1788815483.1204414,-0.01621762104332447,0.0,0.0,0.0,0.0,-0.017746564000844955
1788815483.1699471,-0.01621762104332447,0.0,0.0,0.0,0.0,-0.017746564000844955
1788815483.220312,-0.016493214294314384,0.0,0.0,0.0,0.0,-0.016906335949897766
1788815483.2701523,-0.016493214294314384,0.0,0.0,0.0,0.0,-0.016906335949897766
1788815483.320652,-0.01685529388487339,0.0,0.0,0.0,0.0,-0.016877826303243637
1788815483.3700907,-0.01685529388487339,0.0,0.0,0.0,0.0,-0.016877826303243637
1788815483.4202986,-0.017200341448187828,0.0,0.0,0.0,0.0,-0.016957730054855347
1788815483.4702222,-0.017200341448187828,0.0,0.0,0.0,0.0,-0.016957730054855347
1788815483.5203047,-0.017341578379273415,0.0,0.0,0.0,0.0,-0.016814446076750755
1788815483.5701246,-0.017341578379273415,0.0,0.0,0.0,0.0,-0.016814446076750755
1788815483.62022,-0.01733066514134407,0.0,0.0,0.0,0.0,-0.016512388363480568
1788815483.669957,-0.01733066514134407,0.0,0.0,0.0,0.0,-0.016512388363480568
1788815483.7203343,-0.017167383804917336,0.0,0.0,0.0,0.0,-0.016009081155061722
1788815483.77019,-0.017167383804917336,0.0,0.0,0.0,0.0,-0.016009081155061722
1788815483.820231,-0.016642194241285324,0.0,0.0,0.0,0.0,-0.014945047907531261
1788815483.8702219,-0.016642194241285324,0.0,0.0,0.0,0.0,-0.014945047907531261
1788815483.9202116,-0.016033818945288658,0.0,0.0,0.0,0.0,-0.013832162134349346
1788815483.9702628,-0.016033818945288658,0.0,0.0,0.0,0.0,-0.013832162134349346
1788815484.0203147,-0.015466233715415001,0.0,0.0,0.0,0.0,-0.012876519002020359
1788815484.0701144,-0.015466233715415001,0.0,0.0,0.0,0.0,-0.012876519002020359
1788815484.1204262,-0.01481756940484047,0.0,0.0,0.0,0.0,-0.01179085299372673
1788815484.1704059,-0.01481756940484047,0.0,0.0,0.0,0.0,-0.01179085299372673
1788815484.2203526,-0.014015499502420425,0.0,0.0,0.0,0.0,-0.010510573163628578
1788815484.2701018,-0.014015499502420425,0.0,0.0,0.0,0.0,-0.010510573163628578
1788815484.3201787,-0.01323442067950964,0.0,0.0,0.0,0.0,-0.009310334920883179
1788815484.3702774,-0.01323442067950964,0.0,0.0,0.0,0.0,-0.009310334920883179
1788815484.4202497,-0.012455428019165993,0.0,0.0,0.0,0.0,-0.008185068145394325
1788815484.470134,-0.012455428019165993,0.0,0.0,0.0,0.0,-0.008185068145394325
1788815484.5203614,-0.011460729874670506,0.0,0.0,0.0,0.0,-0.006754385307431221
1788815484.5701513,-0.011460729874670506,0.0,0.0,0.0,0.0,-0.006754385307431221
1788815484.6202755,-0.010633318684995174,0.0,0.0,0.0,0.0,-0.005648070480674505
1788815484.670203,-0.010633318684995174,0.0,0.0,0.0,0.0,-0.005648070480674505
1788815484.720427,-0.009802181273698807,0.0,0.0,0.0,0.0,-0.004577580839395523
1788815484.7699564,-0.009802181273698807,0.0,0.0,0.0,0.0,-0.004577580839395523
1788815484.8203263,-0.009261020459234715,0.0,0.0,0.0,0.0,-0.00392773374915123
1788815484.8701987,-0.009261020459234715,0.0,0.0,0.0,0.0,-0.00392773374915123
1788815484.9202938,-0.008714794181287289,0.0,0.0,0.0,0.0,-0.003255044110119343
1788815484.9701364,-0.008714794181287289,0.0,0.0,0.0,0.0,-0.003255044110119343
1788815485.020187,-0.008072322234511375,0.0,0.0,0.0,0.0,-0.0025385802146047354
1788815485.0702548,-0.008072322234511375,0.0,0.0,0.0,0.0,-0.0025385802146047354
1788815485.120244,-0.007271739654242992,0.0,0.0,0.0,0.0,-0.0016402318142354488
1788815485.170171,-0.007271739654242992,0.0,0.0,0.0,0.0,-0.0016402318142354488
1788815485.2202857,-0.006697845179587603,0.0,0.0,0.0,0.0,-0.001059610745869577
1788815485.270191,-0.006697845179587603,0.0,0.0,0.0,0.0,-0.001059610745869577
1788815485.3204541,-0.006355669349431992,0.0,0.0,0.0,0.0,-0.0008084164001047611
1788815485.3702252,-0.006355669349431992,0.0,0.0,0.0,0.0,-0.0008084164001047611
1788815485.420352,-0.006243209820240736,0.0,0.0,0.0,0.0,-0.000649714027531445
1788815485.4700813,-0.006243209820240736,0.0,0.0,0.0,0.0,-0.000649714027531445
1788815485.5204303,-0.005893860012292862,0.0,0.0,0.0,0.0,-0.0002849107841029763
1788815485.570143,-0.005893860012292862,0.0,0.0,0.0,0.0,-0.0002849107841029763
1788815485.620453,-0.005334398243576288,0.0,0.0,0.0,0.0,1.0519870556890965e-05
1788815485.670203,-0.005334398243576288,0.0,0.0,0.0,0.0,1.0519870556890965e-05
1788815485.7202752,-0.0048962486907839775,0.0,0.0,0.0,0.0,0.00024272780865430832
1788815485.7701762,-0.0048962486907839775,0.0,0.0,0.0,0.0,0.00024272780865430832
1788815485.8203058,-0.004577073268592358,0.0,0.0,0.0,0.0,0.00039305188693106174
1788815485.8704355,-0.004577073268592358,0.0,0.0,0.0,0.0,0.00039305188693106174
1788815485.9203467,-0.004337946884334087,0.0,0.0,0.0,0.0,0.0004958944628015161
1788815485.9702137,-0.004337946884334087,0.0,0.0,0.0,0.0,0.0004958944628015161
1788815486.0204408,-0.004021043889224529,0.0,0.0,0.0,0.0,0.0005739704938605428
1788815486.0701213,-0.004021043889224529,0.0,0.0,0.0,0.0,0.0005739704938605428
1788815486.1204126,-0.003805291373282671,0.0,0.0,0.0,0.0,0.00063217559363693
1788815486.1700222,-0.003805291373282671,0.0,0.0,0.0,0.0,0.00063217559363693
1788815486.2202613,-0.0036468261387199163,0.0,0.0,0.0,0.0,0.0006763365818187594
1788815486.270212,-0.0036468261387199163,0.0,0.0,0.0,0.0,0.0006763365818187594
1788815486.3203146,-0.0035371603444218636,0.0,0.0,0.0,0.0,0.0007080839714035392
1788815486.3701963,-0.0035371603444218636,0.0,0.0,0.0,0.0,0.0007080839714035392
1788815486.4203873,-0.0034582880325615406,0.0,0.0,0.0,0.0,0.0007339105941355228
1788815486.470248,-0.0034582880325615406,0.0,0.0,0.0,0.0,0.0007339105941355228
1788815486.5203288,-0.0033993206452578306,0.0,0.0,0.0,0.0,0.0007550704758614302
1788815486.5703454,-0.0033993206452578306,0.0,0.0,0.0,0.0,0.0007550704758614302
1788815486.620275,-0.0033522569574415684,0.0,0.0,0.0,0.0,0.0007731096120551229
1788815486.6699784,-0.0033522569574415684,0.0,0.0,0.0,0.0,0.0007731096120551229
1788815486.7205532,-0.003313013119623065,0.0,0.0,0.0,0.0,0.0007885912200435996
1788815486.7710373,-0.003313013119623065,0.0,0.0,0.0,0.0,0.0007885912200435996
1788815486.8203738,-0.003279239870607853,0.0,0.0,0.0,0.0,0.0008021093672141433
1788815486.8702528,-0.003279239870607853,0.0,0.0,0.0,0.0,0.0008021093672141433
1788815486.9202626,-0.003249685512855649,0.0,0.0,0.0,0.0,0.0008140275022014976
1788815486.970146,-0.003249685512855649,0.0,0.0,0.0,0.0,0.0008140275022014976
1788815487.020258,-0.003223579144105315,0.0,0.0,0.0,0.0,0.0008246646029874682
1788815487.0700767,-0.003223579144105315,0.0,0.0,0.0,0.0,0.0008246646029874682
1788815487.1205337,-0.0032003747764974833,0.0,0.0,0.0,0.0,0.0008342436049133539
1788815487.1704183,-0.0032003747764974833,0.0,0.0,0.0,0.0,0.0008342436049133539
1788815487.2202964,-0.0031796558760106564,0.0,0.0,0.0,0.0,0.0008429421577602625
1788815487.2702396,-0.0031796558760106564,0.0,0.0,0.0,0.0,0.0008429421577602625
1788815487.3203309,-0.0031610908918082714,0.0,0.0,0.0,0.0,0.0008508798200637102
1788815487.370213,-0.0031610908918082714,0.0,0.0,0.0,0.0,0.0008508798200637102
1788815487.4202647,-0.0031444192864000797,0.0,0.0,0.0,0.0,0.0008581597357988358
1788815487.4700415,-0.0031444192864000797,0.0,0.0,0.0,0.0,0.0008581597357988358
1788815487.520236,-0.0031216200441122055,0.0,0.0,0.0,0.0,0.0008615045808255672
1788815487.5701704,-0.0031216200441122055,0.0,0.0,0.0,0.0,0.0008615045808255672
1788815487.6202936,-0.00319388834759593,0.0,0.0,0.0,0.0,0.0008467716397717595
1788815487.670136,-0.00319388834759593,0.0,0.0,0.0,0.0,0.0008467716397717595
1788815487.720506,-0.003191995434463024,0.0,0.0,0.0,0.0,0.000830605742521584
1788815487.770473,-0.003191995434463024,0.0,0.0,0.0,0.0,0.000830605742521584
1788815487.8203342,-0.0030323397368192673,0.0,0.0,0.0,0.0,0.0008251183899119496
1788815487.870175,-0.0030323397368192673,0.0,0.0,0.0,0.0,0.0008251183899119496
1788815487.920374,-0.0029041848611086607,0.0,0.0,0.0,0.0,0.0008295627776533365
1788815487.9700172,-0.0029041848611086607,0.0,0.0,0.0,0.0,0.0008295627776533365
1788815488.0202994,-0.0028066791128367186,0.0,0.0,0.0,0.0,0.0008411892922595143
1788815488.0701954,-0.0028066791128367186,0.0,0.0,0.0,0.0,0.0008411892922595143
1788815488.1202488,-0.0027499019633978605,0.0,0.0,0.0,0.0,0.0008539281552657485
1788815488.1702046,-0.0027499019633978605,0.0,0.0,0.0,0.0,0.0008539281552657485
1788815488.2203956,-0.0027151168324053288,0.0,0.0,0.0,0.0,0.0008653404656797647
1788815488.2701876,-0.0027151168324053288,0.0,0.0,0.0,0.0,0.0008653404656797647
1788815488.3202302,-0.0026937793008983135,0.0,0.0,0.0,0.0,0.0008745441446080804
1788815488.3701224,-0.0026937793008983135,0.0,0.0,0.0,0.0,0.0008745441446080804
1788815488.4202905,-0.002678470453247428,0.0,0.0,0.0,0.0,0.0008819248760119081
1788815488.4701734,-0.002678470453247428,0.0,0.0,0.0,0.0,0.0008819248760119081
1788815488.5205047,-0.002666410058736801,0.0,0.0,0.0,0.0,0.0008879870874807239
1788815488.5701892,-0.002666410058736801,0.0,0.0,0.0,0.0,0.0008879870874807239
1788815488.620269,-0.0026561084669083357,0.0,0.0,0.0,0.0,0.0008932015625759959
1788815488.6702437,-0.0026561084669083357,0.0,0.0,0.0,0.0,0.0008932015625759959
1788815488.7204237,-0.002647099085152149,0.0,0.0,0.0,0.0,0.0008978492114692926
1788815488.7701862,-0.002647099085152149,0.0,0.0,0.0,0.0,0.0008978492114692926
1788815488.821077,-0.0026391218416392803,0.0,0.0,0.0,0.0,0.000902093481272459
1788815488.8701556,-0.0026391218416392803,0.0,0.0,0.0,0.0,0.000902093481272459
1788815488.9207187,-0.0026320302858948708,0.0,0.0,0.0,0.0,0.00090602389536798
1788815488.970422,-0.0026320302858948708,0.0,0.0,0.0,0.0,0.00090602389536798
1788815489.0203812,-0.0026256931014358997,0.0,0.0,0.0,0.0,0.000909690628759563
1788815489.0702503,-0.0026256931014358997,0.0,0.0,0.0,0.0,0.000909690628759563
1788815489.1202552,-0.0026199861895292997,0.0,0.0,0.0,0.0,0.0009131304686889052
1788815489.1701803,-0.0026199861895292997,0.0,0.0,0.0,0.0,0.0009131304686889052
1788815489.2203426,-0.002614799188449979,0.0,0.0,0.0,0.0,0.0009163626236841083
1788815489.2701857,-0.002614799188449979,0.0,0.0,0.0,0.0,0.0009163626236841083
1788815489.320255,-0.002610056661069393,0.0,0.0,0.0,0.0,0.00091942073777318
1788815489.370195,-0.002610056661069393,0.0,0.0,0.0,0.0,0.00091942073777318
1788815489.4204383,-0.0026056983042508364,0.0,0.0,0.0,0.0,0.0009223021334037185
1788815489.470179,-0.0026056983042508364,0.0,0.0,0.0,0.0,0.0009223021334037185
1788815489.520348,-0.0026016742922365665,0.0,0.0,0.0,0.0,0.0009250382427126169
1788815489.5702305,-0.0026016742922365665,0.0,0.0,0.0,0.0,0.0009250382427126169
1788815489.6203384,-0.0025979503989219666,0.0,0.0,0.0,0.0,0.0009276391938328743
1788815489.6703525,-0.0025979503989219666,0.0,0.0,0.0,0.0,0.0009276391938328743
1788815489.7202725,-0.002594488672912121,0.0,0.0,0.0,0.0,0.0009301208192482591
1788815489.7701678,-0.002594488672912121,0.0,0.0,0.0,0.0,0.0009301208192482591
1788815489.8204172,-0.002591268625110388,0.0,0.0,0.0,0.0,0.0009324768325313926
1788815489.870152,-0.002591268625110388,0.0,0.0,0.0,0.0,0.0009324768325313926
1788815489.9205232,-0.00258826301433146,0.0,0.0,0.0,0.0,0.0009347317973151803
1788815489.9701762,-0.00258826301433146,0.0,0.0,0.0,0.0,0.0009347317973151803
1788815490.020364,-0.0025854515843093395,0.0,0.0,0.0,0.0,0.0009368829196318984
1788815490.0702362,-0.0025854515843093395,0.0,0.0,0.0,0.0,0.0009368829196318984
1788815490.1203768,-0.0025828233920037746,0.0,0.0,0.0,0.0,0.000938945566304028
1788815490.1703186,-0.0025828233920037746,0.0,0.0,0.0,0.0,0.000938945566304028
1788815490.2203238,-0.0025803642347455025,0.0,0.0,0.0,0.0,0.0009409169433638453
1788815490.2702196,-0.0025803642347455025,0.0,0.0,0.0,0.0,0.0009409169433638453
1788815490.3203948,-0.002578056650236249,0.0,0.0,0.0,0.0,0.0009428140474483371
1788815490.3702145,-0.002578056650236249,0.0,0.0,0.0,0.0,0.0009428140474483371
1788815490.420138,-0.002575881779193878,0.0,0.0,0.0,0.0,0.0009446319891139865
1788815490.4701147,-0.002575881779193878,0.0,0.0,0.0,0.0,0.0009446319891139865
1788815490.5204496,-0.0025738319382071495,0.0,0.0,0.0,0.0,0.0009463842725381255
1788815490.570022,-0.0025738319382071495,0.0,0.0,0.0,0.0,0.0009463842725381255
1788815490.620284,-0.002571891061961651,0.0,0.0,0.0,0.0,0.0009480623994022608
1788815490.6701143,-0.002571891061961651,0.0,0.0,0.0,0.0,0.0009480623994022608
1788815490.7204723,-0.00257005263119936,0.0,0.0,0.0,0.0,0.0009496789425611496
1788815490.7702515,-0.00257005263119936,0.0,0.0,0.0,0.0,0.0009496789425611496
1788815490.8202584,-0.0025683059357106686,0.0,0.0,0.0,0.0,0.0009512415854260325
1788815490.870237,-0.0025683059357106686,0.0,0.0,0.0,0.0,0.0009512415854260325
1788815490.9205518,-0.002566640730947256,0.0,0.0,0.0,0.0,0.0009527375223115087
1788815490.970381,-0.002566640730947256,0.0,0.0,0.0,0.0,0.0009527375223115087
1788815491.020339,-0.00256504793651402,0.0,0.0,0.0,0.0,0.000954178161919117
1788815491.070077,-0.00256504793651402,0.0,0.0,0.0,0.0,0.000954178161919117
1788815491.1203477,0.0,0.0,0.0,0.0,0.0,0.0
1788815491.1701279,0.0,0.0,0.0,0.0,0.0,0.0
1788815491.220138,0.0,0.0,0.0,0.0,0.0,0.0
1788815491.2701185,0.0,0.0,0.0,0.0,0.0,0.0
1788815491.3202906,0.0,0.0,0.0,0.0,0.0,0.0
1788815491.3703744,0.0,0.0,0.0,0.0,0.0,0.0
1788815491.420517,0.0,0.0,0.0,0.0,0.0,0.0
1788815491.4702842,0.0,0.0,0.0,0.0,0.0,0.0
1788815491.5203557,0.0,0.0,0.0,0.0,0.0,0.0
1788815491.5702488,0.0,0.0,0.0,0.0,0.0,0.0
1788815491.6203935,0.0,0.0,0.0,0.0,0.0,0.0
1788815491.670393,0.0,0.0,0.0,0.0,0.0,0.0
1788815491.7205272,0.0,0.0,0.0,0.0,0.0,0.0
1788815491.770158,0.0,0.0,0.0,0.0,0.0,0.0
1788815491.8202634,0.0,0.0,0.0,0.0,0.0,0.0
1788815491.870197,0.0,0.0,0.0,0.0,0.0,0.0
1788815491.9204178,0.0,0.0,0.0,0.0,0.0,0.0
1788815491.9702108,0.0,0.0,0.0,0.0,0.0,0.0
1788815492.0204172,0.0,0.0,0.0,0.0,0.0,0.0
1788815492.070254,0.0,0.0,0.0,0.0,0.0,0.0
1788815492.1203709,0.0,0.0,0.0,0.0,0.0,0.0
1788815492.1701987,0.0,0.0,0.0,0.0,0.0,0.0
1788815492.220275,0.0,0.0,0.0,0.0,0.0,0.0
1788815492.270017,0.0,0.0,0.0,0.0,0.0,0.0
1788815492.3203015,0.0,0.0,0.0,0.0,0.0,0.0
1788815492.3702686,0.0,0.0,0.0,0.0,0.0,0.0
1788815492.420149,0.0,0.0,0.0,0.0,0.0,0.0
1788815492.470012,0.0,0.0,0.0,0.0,0.0,0.0
1788815492.5204294,0.0,0.0,0.0,0.0,0.0,0.0
1788815492.5700922,0.0,0.0,0.0,0.0,0.0,0.0
1788815492.6204312,0.0,0.0,0.0,0.0,0.0,0.0
1788815492.6700804,0.0,0.0,0.0,0.0,0.0,0.0
1788815492.7203171,0.0,0.0,0.0,0.0,0.0,0.0
1788815492.7700877,0.0,0.0,0.0,0.0,0.0,0.0
1788815492.8202236,0.0,0.0,0.0,0.0,0.0,0.0
1788815492.8702278,0.0,0.0,0.0,0.0,0.0,0.0
1788815492.9202883,0.0,0.0,0.0,0.0,0.0,0.0
1788815492.9701746,0.0,0.0,0.0,0.0,0.0,0.0
1788815493.0201893,0.0,0.0,0.0,0.0,0.0,0.0
1788815493.0701973,0.0,0.0,0.0,0.0,0.0,0.0
1788815493.1203332,0.0,0.0,0.0,0.0,0.0,0.0
1788815493.170076,0.0,0.0,0.0,0.0,0.0,0.0
1788815493.2202947,0.0,0.0,0.0,0.0,0.0,0.0
1788815493.2702239,0.0,0.0,0.0,0.0,0.0,0.0
1788815493.320338,0.0,0.0,0.0,0.0,0.0,0.0
1788815493.370211,0.0,0.0,0.0,0.0,0.0,0.0
1788815493.4205205,0.0,0.0,0.0,0.0,0.0,0.0
1788815493.470176,0.0,0.0,0.0,0.0,0.0,0.0
1788815493.5203235,0.0,0.0,0.0,0.0,0.0,0.0
1788815493.570054,0.0,0.0,0.0,0.0,0.0,0.0
1788815493.6203215,0.0,0.0,0.0,0.0,0.0,0.0
1788815493.669908,0.0,0.0,0.0,0.0,0.0,0.0
1788815493.7203205,0.0,0.0,0.0,0.0,0.0,0.0
1788815493.7701423,0.0,0.0,0.0,0.0,0.0,0.0
1788815493.8204596,0.0,0.0,0.0,0.0,0.0,0.0
1788815493.8701935,0.0,0.0,0.0,0.0,0.0,0.0
1788815493.9204059,0.0,0.0,0.0,0.0,0.0,0.0
1788815493.9700563,0.0,0.0,0.0,0.0,0.0,0.0
1788815494.0201192,0.0,0.0,0.0,0.0,0.0,0.0
1788815494.0700488,0.0,0.0,0.0,0.0,0.0,0.0
1788815494.1203012,0.0,0.0,0.0,0.0,0.0,0.0
1788815494.1700475,0.0,0.0,0.0,0.0,0.0,0.0
1788815494.2201877,0.0,0.0,0.0,0.0,0.0,0.0
1788815494.270103,0.0,0.0,0.0,0.0,0.0,0.0
1788815494.320362,0.0,0.0,0.0,0.0,0.0,0.0
1788815494.3700876,0.0,0.0,0.0,0.0,0.0,0.0
1788815494.4205673,0.0,0.0,0.0,0.0,0.0,0.0
1788815494.4703252,0.0,0.0,0.0,0.0,0.0,0.0
1788815494.5202892,0.0,0.0,0.0,0.0,0.0,0.0
1788815494.5701356,0.0,0.0,0.0,0.0,0.0,0.0
1788815494.6206515,0.0,0.0,0.0,0.0,0.0,0.0
1788815494.6701834,0.0,0.0,0.0,0.0,0.0,0.0
1788815494.7203882,0.0,0.0,0.0,0.0,0.0,0.0
1788815494.7701287,0.0,0.0,0.0,0.0,0.0,0.0
1788815494.820373,0.0,0.0,0.0,0.0,0.0,0.0
1788815494.8699176,0.0,0.0,0.0,0.0,0.0,0.0
1788815494.920245,0.0,0.0,0.0,0.0,0.0,0.0
1788815494.970239,0.0,0.0,0.0,0.0,0.0,0.0
1788815495.0202193,0.0,0.0,0.0,0.0,0.0,0.0
1788815495.0700805,0.0,0.0,0.0,0.0,0.0,0.0
1788815495.1202693,0.0,0.0,0.0,0.0,0.0,0.0
1788815495.1701875,0.0,0.0,0.0,0.0,0.0,0.0
1788815495.2203138,0.0,0.0,0.0,0.0,0.0,0.0
1788815495.2702415,0.0,0.0,0.0,0.0,0.0,0.0
1788815495.3201463,0.0,0.0,0.0,0.0,0.0,0.0
1788815495.3700483,0.0,0.0,0.0,0.0,0.0,0.0
1788815495.420341,0.0,0.0,0.0,0.0,0.0,0.0
1788815495.4701316,0.0,0.0,0.0,0.0,0.0,0.0
1788815495.5203815,0.0,0.0,0.0,0.0,0.0,0.0
1788815495.5703304,0.0,0.0,0.0,0.0,0.0,0.0
1788815495.6202548,0.0,0.0,0.0,0.0,0.0,0.0
1788815495.670224,0.0,0.0,0.0,0.0,0.0,0.0
1788815495.7204947,0.0,0.0,0.0,0.0,0.0,0.0
1788815495.7704394,0.0,0.0,0.0,0.0,0.0,0.0
1788815495.8204715,0.0,0.0,0.0,0.0,0.0,0.0
1788815495.870112,0.0,0.0,0.0,0.0,0.0,0.0
1788815495.9203808,0.0,0.0,0.0,0.0,0.0,0.0
1788815495.9702413,0.0,0.0,0.0,0.0,0.0,0.0
1788815496.0206509,0.0,0.0,0.0,0.0,0.0,0.0
1788815496.0702252,0.0,0.0,0.0,0.0,0.0,0.0
1788815496.120534,0.0,0.0,0.0,0.0,0.0,0.0
1788815496.1701915,0.0,0.0,0.0,0.0,0.0,0.0
1788815496.2202358,0.0,0.0,0.0,0.0,0.0,0.0
1788815496.2702103,0.0,0.0,0.0,0.0,0.0,0.0
1788815496.3203747,0.006668234709650278,0.0,0.0,0.0,0.0,0.002331188879907131
1788815496.3704522,0.009961669333279133,0.0,0.0,0.0,0.0,0.003574016969650984
1788815496.420377,0.009961669333279133,0.0,0.0,0.0,0.0,0.003574016969650984
1788815496.470633,0.010874392464756966,0.0,0.0,0.0,0.0,0.0045422716066241264
1788815496.5202634,0.010874392464756966,0.0,0.0,0.0,0.0,0.0045422716066241264
1788815496.57014,0.009226243942975998,0.0,0.0,0.0,0.0,0.005119031295180321
1788815496.6203911,0.009226243942975998,0.0,0.0,0.0,0.0,0.005119031295180321
1788815496.670136,0.009226243942975998,0.0,0.0,0.0,0.0,0.005119031295180321
1788815496.7202525,0.006616584956645966,0.0,0.0,0.0,0.0,0.005660635884851217
1788815496.7699542,0.006616584956645966,0.0,0.0,0.0,0.0,0.005660635884851217
1788815496.820428,0.0039617884904146194,0.0,0.0,0.0,0.0,0.0060844565741717815
1788815496.8701735,0.0039617884904146194,0.0,0.0,0.0,0.0,0.0060844565741717815
1788815496.920438,0.0018017224501818419,0.0,0.0,0.0,0.0,0.006669997703284025
1788815496.9701583,0.0018017224501818419,0.0,0.0,0.0,0.0,0.006669997703284025
1788815497.020205,0.00013439706526696682,0.0,0.0,0.0,0.0,0.0071563152596354485
1788815497.0701652,0.00013439706526696682,0.0,0.0,0.0,0.0,0.0071563152596354485
1788815497.1204314,-0.0012832111679017544,0.0,0.0,0.0,0.0,0.006525961682200432
1788815497.170453,-0.0012832111679017544,0.0,0.0,0.0,0.0,0.006525961682200432
1788815497.2201939,-0.0021773329935967922,0.0,0.0,0.0,0.0,0.007007266860455275
1788815497.2705605,-0.0021773329935967922,0.0,0.0,0.0,0.0,0.007007266860455275
1788815497.3203497,-0.0027189382817596197,0.0,0.0,0.0,0.0,0.006711429916322231
1788815497.3705497,-0.003012248780578375,0.0,0.0,0.0,0.0,0.0076202405616641045
1788815497.4202926,-0.003012248780578375,0.0,0.0,0.0,0.0,0.0076202405616641045
1788815497.470257,-0.003012248780578375,0.0,0.0,0.0,0.0,0.0076202405616641045
1788815497.5201962,-0.0031617511995136738,0.0,0.0,0.0,0.0,0.008124337531626225
1788815497.5697458,-0.0032428044360131025,0.0,0.0,0.0,0.0,0.008566072210669518
1788815497.6202471,-0.0032428044360131025,0.0,0.0,0.0,0.0,0.008566072210669518
1788815497.6699996,-0.0033004130236804485,0.0,0.0,0.0,0.0,0.008796019479632378
1788815497.7203794,-0.0033004130236804485,0.0,0.0,0.0,0.0,0.008796019479632378
1788815497.7700677,-0.0033559431321918964,0.0,0.0,0.0,0.0,0.00896482914686203
1788815497.8203056,-0.0033559431321918964,0.0,0.0,0.0,0.0,0.00896482914686203
1788815497.8703094,-0.0034156208857893944,0.0,0.0,0.0,0.0,0.009087948128581047
1788815497.9201899,-0.0034156208857893944,0.0,0.0,0.0,0.0,0.009087948128581047
1788815497.970183,-0.003477823920547962,0.0,0.0,0.0,0.0,0.009203466586768627
1788815498.0204551,-0.003477823920547962,0.0,0.0,0.0,0.0,0.009203466586768627
1788815498.0705626,-0.003537842771038413,0.0,0.0,0.0,0.0,0.00931503064930439
1788815498.1205056,-0.003537842771038413,0.0,0.0,0.0,0.0,0.00931503064930439
1788815498.170275,-0.003537842771038413,0.0,0.0,0.0,0.0,0.00931503064930439
1788815498.2203512,-0.0035904329270124435,0.0,0.0,0.0,0.0,0.009427443146705627
1788815498.2702546,-0.0035904329270124435,0.0,0.0,0.0,0.0,0.009427443146705627
1788815498.3202689,-0.00363125279545784,0.0,0.0,0.0,0.0,0.009539801627397537
1788815498.3701527,-0.0036573701072484255,0.0,0.0,0.0,0.0,0.009652335196733475
1788815498.4204288,-0.0036573701072484255,0.0,0.0,0.0,0.0,0.009652335196733475
1788815498.469916,-0.0036673126742243767,0.0,0.0,0.0,0.0,0.009764524176716805
1788815498.520333,-0.0036673126742243767,0.0,0.0,0.0,0.0,0.009764524176716805
1788815498.5702684,-0.0036673126742243767,0.0,0.0,0.0,0.0,0.009764524176716805
1788815498.6203778,-0.0036609231028705835,0.0,0.0,0.0,0.0,0.009876234456896782
1788815498.6702251,-0.0036390582099556923,0.0,0.0,0.0,0.0,0.00998729094862938
1788815498.7203755,-0.0036390582099556923,0.0,0.0,0.0,0.0,0.00998729094862938
1788815498.7700214,-0.0036390582099556923,0.0,0.0,0.0,0.0,0.00998729094862938
1788815498.8202775,-0.0036033382639288902,0.0,0.0,0.0,0.0,0.010097437538206577
1788815498.870132,-0.0036033382639288902,0.0,0.0,0.0,0.0,0.010097437538206577
1788815498.920543,-0.0035557879600673914,0.0,0.0,0.0,0.0,0.010206430219113827
1788815498.9702241,-0.0035557879600673914,0.0,0.0,0.0,0.0,0.010206430219113827
1788815499.0203753,-0.0034747375175356865,0.0,0.0,0.0,0.0,0.010817485861480236
1788815499.0703337,-0.0034747375175356865,0.0,0.0,0.0,0.0,0.010817485861480236
1788815499.120458,-0.0033718240447342396,0.0,0.0,0.0,0.0,0.010287581011652946
1788815499.1698763,-0.0033718240447342396,0.0,0.0,0.0,0.0,0.010287581011652946
1788815499.2203534,-0.0032717871945351362,0.0,0.0,0.0,0.0,0.010071882046759129
1788815499.2700446,-0.0032717871945351362,0.0,0.0,0.0,0.0,0.010071882046759129
1788815499.3202693,-0.003175787627696991,0.0,0.0,0.0,0.0,0.009903392754495144
1788815499.3704174,-0.0030851075425744057,0.0,0.0,0.0,0.0,0.009913511574268341
1788815499.4203033,-0.0030851075425744057,0.0,0.0,0.0,0.0,0.009913511574268341
1788815499.4703717,-0.002997517352923751,0.0,0.0,0.0,0.0,0.009970566257834435
1788815499.5203235,-0.002997517352923751,0.0,0.0,0.0,0.0,0.009970566257834435
1788815499.5705304,-0.0029125146102160215,0.0,0.0,0.0,0.0,0.010060452856123447
1788815499.6205835,-0.0029125146102160215,0.0,0.0,0.0,0.0,0.010060452856123447
1788815499.6699173,-0.002829589881002903,0.0,0.0,0.0,0.0,0.010151293128728867
1788815499.720256,-0.002829589881002903,0.0,0.0,0.0,0.0,0.010151293128728867
1788815499.7701378,-0.002748776227235794,0.0,0.0,0.0,0.0,0.01024166215211153
1788815499.8204722,-0.002748776227235794,0.0,0.0,0.0,0.0,0.01024166215211153
1788815499.8704598,-0.0026700496673583984,0.0,0.0,0.0,0.0,0.010328608565032482
1788815499.9203706,-0.0026700496673583984,0.0,0.0,0.0,0.0,0.010328608565032482
1788815499.9702482,-0.002593366429209709,0.0,0.0,0.0,0.0,0.010413612239062786
1788815500.0204854,-0.002593366429209709,0.0,0.0,0.0,0.0,0.010413612239062786
1788815500.0700767,-0.002593366429209709,0.0,0.0,0.0,0.0,0.010413612239062786
1788815500.1203659,-0.0025186599232256413,0.0,0.0,0.0,0.0,0.010496742092072964
1788815500.1699762,-0.0025186599232256413,0.0,0.0,0.0,0.0,0.010496742092072964
1788815500.2203193,-0.0024457797408103943,0.0,0.0,0.0,0.0,0.010578325018286705
1788815500.270167,-0.0024457797408103943,0.0,0.0,0.0,0.0,0.010578325018286705
1788815500.3204803,-0.00237455777823925,0.0,0.0,0.0,0.0,0.010658214800059795
1788815500.3701878,-0.00237455777823925,0.0,0.0,0.0,0.0,0.010658214800059795
1788815500.420342,-0.0023048636503517628,0.0,0.0,0.0,0.0,0.010736223310232162
1788815500.470137,-0.0023048636503517628,0.0,0.0,0.0,0.0,0.010736223310232162
1788815500.5204344,-0.002231442369520664,0.0,0.0,0.0,0.0,0.010711200535297394
1788815500.5700839,-0.002231442369520664,0.0,0.0,0.0,0.0,0.010711200535297394
1788815500.6202793,-0.002158338436856866,0.0,0.0,0.0,0.0,0.010732781141996384
1788815500.6702344,-0.002158338436856866,0.0,0.0,0.0,0.0,0.010732781141996384
1788815500.7203023,-0.002072433941066265,0.0,0.0,0.0,0.0,0.011480201035737991
1788815500.7700527,-0.002072433941066265,0.0,0.0,0.0,0.0,0.011480201035737991
1788815500.8204334,-0.0019756893161684275,0.0,0.0,0.0,0.0,0.011010990478098392
1788815500.8701384,-0.0019756893161684275,0.0,0.0,0.0,0.0,0.011010990478098392
1788815500.920472,-0.001889604958705604,0.0,0.0,0.0,0.0,0.010820817202329636
1788815500.970343,-0.001889604958705604,0.0,0.0,0.0,0.0,0.010820817202329636
1788815501.0207276,-0.001811365713365376,0.0,0.0,0.0,0.0,0.010631963610649109
1788815501.0702424,-0.0017219939036294818,0.0,0.0,0.0,0.0,0.011215697973966599
1788815501.1203244,-0.0017219939036294818,0.0,0.0,0.0,0.0,0.011215697973966599
1788815501.1702676,-0.0017219939036294818,0.0,0.0,0.0,0.0,0.011215697973966599
1788815501.220352,-0.0016250892076641321,0.0,0.0,0.0,0.0,0.010699436999857426
1788815501.2704506,-0.0015400199918076396,0.0,0.0,0.0,0.0,0.01048739068210125
1788815501.3203719,-0.0015400199918076396,0.0,0.0,0.0,0.0,0.01048739068210125
1788815501.3704069,-0.0014639097498729825,0.0,0.0,0.0,0.0,0.010291323065757751
1788815501.4202542,-0.0014639097498729825,0.0,0.0,0.0,0.0,0.010291323065757751
1788815501.4703782,-0.0014639097498729825,0.0,0.0,0.0,0.0,0.010291323065757751
1788815501.5201895,-0.0013475902378559113,0.0,0.0,0.0,0.0,0.011525032110512257
1788815501.5701814,-0.0013475902378559113,0.0,0.0,0.0,0.0,0.011525032110512257
1788815501.6202538,-0.0012132428819313645,0.0,0.0,0.0,0.0,0.011193678714334965
1788815501.670328,-0.0012132428819313645,0.0,0.0,0.0,0.0,0.011193678714334965
1788815501.7203722,-0.0010786177590489388,0.0,0.0,0.0,0.0,0.010999780148267746
1788815501.770053,-0.0010786177590489388,0.0,0.0,0.0,0.0,0.010999780148267746
1788815501.8202815,-0.0009692762978374958,0.0,0.0,0.0,0.0,0.010012042708694935
1788815501.8703105,-0.0009692762978374958,0.0,0.0,0.0,0.0,0.010012042708694935
1788815501.9205046,-0.0008898680098354816,0.0,0.0,0.0,0.0,0.009507067501544952
1788815501.9701664,-0.0008898680098354816,0.0,0.0,0.0,0.0,0.009507067501544952
1788815502.0202038,-0.0008280763868242502,0.0,0.0,0.0,0.0,0.009189904667437077
1788815502.0702116,-0.0008280763868242502,0.0,0.0,0.0,0.0,0.009189904667437077
1788815502.1204298,-0.0007569181034341455,0.0,0.0,0.0,0.0,0.009755726903676987
1788815502.170197,-0.0007569181034341455,0.0,0.0,0.0,0.0,0.009755726903676987
1788815502.220241,-0.0006846870528534055,0.0,0.0,0.0,0.0,0.00927889347076416
1788815502.2701514,-0.0006846870528534055,0.0,0.0,0.0,0.0,0.00927889347076416
1788815502.3203,-0.0006229610880836844,0.0,0.0,0.0,0.0,0.009076681919395924
1788815502.3705308,-0.0006229610880836844,0.0,0.0,0.0,0.0,0.009076681919395924
1788815502.420348,-0.000553154619410634,0.0,0.0,0.0,0.0,0.009579835459589958
1788815502.4701343,-0.000553154619410634,0.0,0.0,0.0,0.0,0.009579835459589958
1788815502.5203774,-0.00046549667604267597,0.0,0.0,0.0,0.0,0.009703327901661396
1788815502.570227,-0.00046549667604267597,0.0,0.0,0.0,0.0,0.009703327901661396
1788815502.6203225,-0.0003792690113186836,0.0,0.0,0.0,0.0,0.008899858221411705
1788815502.6704376,-0.0003792690113186836,0.0,0.0,0.0,0.0,0.008899858221411705
1788815502.7203395,-0.0003073527477681637,0.0,0.0,0.0,0.0,0.008354704827070236
1788815502.7701085,-0.0003073527477681637,0.0,0.0,0.0,0.0,0.008354704827070236
1788815502.8203719,-0.00024807616136968136,0.0,0.0,0.0,0.0,0.008005392737686634
1788815502.8700218,-0.00024807616136968136,0.0,0.0,0.0,0.0,0.008005392737686634
1788815502.9203825,-0.0001985306153073907,0.0,0.0,0.0,0.0,0.007879703305661678
1788815502.970007,-0.0001985306153073907,0.0,0.0,0.0,0.0,0.007879703305661678
1788815503.0202973,-0.0001552883768454194,0.0,0.0,0.0,0.0,0.007844454608857632
1788815503.0701451,-0.0001552883768454194,0.0,0.0,0.0,0.0,0.007844454608857632
1788815503.120211,-0.00011658575385808945,0.0,0.0,0.0,0.0,0.007852469570934772
1788815503.1705847,-0.00011658575385808945,0.0,0.0,0.0,0.0,0.007852469570934772
1788815503.2202473,-5.48121752217412e-05,0.0,0.0,0.0,0.0,0.008375881239771843
1788815503.27046,-5.48121752217412e-05,0.0,0.0,0.0,0.0,0.008375881239771843
1788815503.3202634,3.7122517824172974e-06,0.0,0.0,0.0,0.0,0.007959816604852676
1788815503.3702936,3.7122517824172974e-06,0.0,0.0,0.0,0.0,0.007959816604852676
1788815503.4203851,5.144067108631134e-05,0.0,0.0,0.0,0.0,0.0077602132223546505
1788815503.4702206,5.144067108631134e-05,0.0,0.0,0.0,0.0,0.0077602132223546505
1788815503.5203435,0.00010546075645834208,0.0,0.0,0.0,0.0,0.008277012966573238
1788815503.570361,0.00017660867888480425,0.0,0.0,0.0,0.0,0.00839868001639843
1788815503.6203744,0.00017660867888480425,0.0,0.0,0.0,0.0,0.00839868001639843
1788815503.670356,0.00023725535720586777,0.0,0.0,0.0,0.0,0.007742906920611858
1788815503.720458,0.00023725535720586777,0.0,0.0,0.0,0.0,0.007742906920611858
1788815503.7697818,0.00028163299430161715,0.0,0.0,0.0,0.0,0.0073186783120036125
1788815503.820328,0.00028163299430161715,0.0,0.0,0.0,0.0,0.0073186783120036125
1788815503.8704104,0.00028163299430161715,0.0,0.0,0.0,0.0,0.0073186783120036125
1788815503.9202902,0.00033282244112342596,0.0,0.0,0.0,0.0,0.007694943808019161
1788815503.9700794,0.00033282244112342596,0.0,0.0,0.0,0.0,0.007694943808019161
1788815504.0203447,0.00038242992013692856,0.0,0.0,0.0,0.0,0.007084276992827654
1788815504.0699725,0.00038242992013692856,0.0,0.0,0.0,0.0,0.007084276992827654
1788815504.1203146,0.00042179657611995935,0.0,0.0,0.0,0.0,0.006802466697990894
1788815504.170131,0.00042179657611995935,0.0,0.0,0.0,0.0,0.006802466697990894
1788815504.2203445,0.00045322731602936983,0.0,0.0,0.0,0.0,0.006558516528457403
1788815504.2703593,0.00045322731602936983,0.0,0.0,0.0,0.0,0.006558516528457403
1788815504.320291,0.0004788092919625342,0.0,0.0,0.0,0.0,0.0064803496934473515
1788815504.3700762,0.0004788092919625342,0.0,0.0,0.0,0.0,0.0064803496934473515
1788815504.4202416,0.0005011629546061158,0.0,0.0,0.0,0.0,0.006445888429880142
1788815504.470316,0.0005011629546061158,0.0,0.0,0.0,0.0,0.006445888429880142
1788815504.520281,0.0005212675896473229,0.0,0.0,0.0,0.0,0.006445426493883133
1788815504.5701473,0.0005212675896473229,0.0,0.0,0.0,0.0,0.006445426493883133
1788815504.620476,0.000539670349098742,0.0,0.0,0.0,0.0,0.006449303589761257
1788815504.6702,0.000539670349098742,0.0,0.0,0.0,0.0,0.006449303589761257
1788815504.7203326,0.0005564838647842407,0.0,0.0,0.0,0.0,0.006456083618104458
1788815504.7704937,0.0005564838647842407,0.0,0.0,0.0,0.0,0.006456083618104458
1788815504.8205082,0.0005718113388866186,0.0,0.0,0.0,0.0,0.006462466903030872
1788815504.87039,0.0005718113388866186,0.0,0.0,0.0,0.0,0.006462466903030872
1788815504.9203866,0.0005857500364072621,0.0,0.0,0.0,0.0,0.006469384767115116
1788815504.9702272,0.0005857500364072621,0.0,0.0,0.0,0.0,0.006469384767115116
1788815505.0203419,0.000598442682530731,0.0,0.0,0.0,0.0,0.006476644426584244
1788815505.0702796,0.000598442682530731,0.0,0.0,0.0,0.0,0.006476644426584244
1788815505.1204033,0.0006100641330704093,0.0,0.0,0.0,0.0,0.006484339013695717
1788815505.1704159,0.0006207732367329299,0.0,0.0,0.0,0.0,0.006492273882031441
1788815505.2203484,0.0006207732367329299,0.0,0.0,0.0,0.0,0.006492273882031441
1788815505.2700746,0.0006207732367329299,0.0,0.0,0.0,0.0,0.006492273882031441
1788815505.3203735,0.0006307153962552547,0.0,0.0,0.0,0.0,0.006500293966382742
1788815505.369976,0.0006400163401849568,0.0,0.0,0.0,0.0,0.00650826096534729
1788815505.4202278,0.0006400163401849568,0.0,0.0,0.0,0.0,0.00650826096534729
1788815505.470098,0.0006487779319286346,0.0,0.0,0.0,0.0,0.006516100373119116
1788815505.5203795,0.0006487779319286346,0.0,0.0,0.0,0.0,0.006516100373119116
1788815505.5702066,0.0006487779319286346,0.0,0.0,0.0,0.0,0.006516100373119116
1788815505.6206071,0.0006570933619514108,0.0,0.0,0.0,0.0,0.006523762829601765
1788815505.670545,0.0006570933619514108,0.0,0.0,0.0,0.0,0.006523762829601765
1788815505.7203982,0.0006650264258496463,0.0,0.0,0.0,0.0,0.006531210150569677
1788815505.770069,0.0006650264258496463,0.0,0.0,0.0,0.0,0.006531210150569677
1788815505.82042,0.0006726241554133594,0.0,0.0,0.0,0.0,0.006538438145071268
1788815505.8699436,0.0006726241554133594,0.0,0.0,0.0,0.0,0.006538438145071268
1788815505.9203796,0.0006799154216423631,0.0,0.0,0.0,0.0,0.006545421667397022
1788815505.9700737,0.0006799154216423631,0.0,0.0,0.0,0.0,0.006545421667397022
1788815506.0201836,0.0006869317148812115,0.0,0.0,0.0,0.0,0.0065521616488695145
1788815506.0700333,0.0006869317148812115,0.0,0.0,0.0,0.0,0.0065521616488695145
1788815506.1202476,0.0006936794379726052,0.0,0.0,0.0,0.0,0.006558660417795181
1788815506.1700404,0.0007001740741543472,0.0,0.0,0.0,0.0,0.006564909126609564
1788815506.2202597,0.0,0.0,0.0,0.0,0.0,0.0
1788815506.2701592,0.0,0.0,0.0,0.0,0.0,0.0
1788815506.3201346,0.0,0.0,0.0,0.0,0.0,0.0
1788815506.370201,0.0,0.0,0.0,0.0,0.0,0.0
1788815506.4204316,0.006871445570141077,0.0,0.0,0.0,0.0,-0.005355716682970524
1788815506.4702213,0.006871445570141077,0.0,0.0,0.0,0.0,-0.005355716682970524
1788815506.5203564,0.013321749866008759,0.0,0.0,0.0,0.0,-0.007598754949867725
1788815506.570116,0.013321749866008759,0.0,0.0,0.0,0.0,-0.007598754949867725
1788815506.6202211,0.01925329491496086,0.0,0.0,0.0,0.0,-0.008131406269967556
1788815506.6700876,0.01925329491496086,0.0,0.0,0.0,0.0,-0.008131406269967556
1788815506.7202525,0.023305799812078476,0.0,0.0,0.0,0.0,-0.008239383809268475
1788815506.7702837,0.023305799812078476,0.0,0.0,0.0,0.0,-0.008239383809268475
1788815506.8202357,0.0262866523116827,0.0,0.0,0.0,0.0,-0.008278909139335155
1788815506.8701177,0.0262866523116827,0.0,0.0,0.0,0.0,-0.008278909139335155
1788815506.9201317,0.028355993330478668,0.0,0.0,0.0,0.0,-0.008772950619459152
1788815506.970142,0.028355993330478668,0.0,0.0,0.0,0.0,-0.008772950619459152
1788815507.020253,0.02966507151722908,0.0,0.0,0.0,0.0,-0.009005951695144176
1788815507.070078,0.02966507151722908,0.0,0.0,0.0,0.0,-0.009005951695144176
1788815507.1203344,0.03009546734392643,0.0,0.0,0.0,0.0,-0.00923506636172533
1788815507.1702006,0.03009546734392643,0.0,0.0,0.0,0.0,-0.00923506636172533
1788815507.220327,0.029558522626757622,0.0,0.0,0.0,0.0,-0.009215078316628933
1788815507.2701302,0.029558522626757622,0.0,0.0,0.0,0.0,-0.009215078316628933
1788815507.3202894,0.028241924941539764,0.0,0.0,0.0,0.0,-0.00901915691792965
1788815507.3702831,0.028241924941539764,0.0,0.0,0.0,0.0,-0.00901915691792965
1788815507.4202192,0.026871208101511,0.0,0.0,0.0,0.0,-0.00898756179958582
1788815507.4700797,0.026871208101511,0.0,0.0,0.0,0.0,-0.00898756179958582
1788815507.520088,0.025314439088106155,0.0,0.0,0.0,0.0,-0.008982964791357517
1788815507.5699499,0.023561915382742882,0.0,0.0,0.0,0.0,-0.008992503397166729
1788815507.620397,0.023561915382742882,0.0,0.0,0.0,0.0,-0.008992503397166729
1788815507.67005,0.023561915382742882,0.0,0.0,0.0,0.0,-0.008992503397166729
1788815507.720153,0.02140963450074196,0.0,0.0,0.0,0.0,-0.008767278864979744
1788815507.770119,0.02140963450074196,0.0,0.0,0.0,0.0,-0.008767278864979744
1788815507.8203034,0.019348856061697006,0.0,0.0,0.0,0.0,-0.008602572605013847
1788815507.8698535,0.017414899542927742,0.0,0.0,0.0,0.0,-0.008395351469516754
1788815507.920091,0.017414899542927742,0.0,0.0,0.0,0.0,-0.008395351469516754
1788815507.9701166,0.017414899542927742,0.0,0.0,0.0,0.0,-0.008395351469516754
1788815508.0203185,0.015679465606808662,0.0,0.0,0.0,0.0,-0.008324499242007732
1788815508.0702572,0.015679465606808662,0.0,0.0,0.0,0.0,-0.008324499242007732
1788815508.1203387,0.01415241789072752,0.0,0.0,0.0,0.0,-0.008388044312596321
1788815508.1700675,0.01415241789072752,0.0,0.0,0.0,0.0,-0.008388044312596321
1788815508.2203221,0.01238738838583231,0.0,0.0,0.0,0.0,-0.008077500388026237
1788815508.2701952,0.01238738838583231,0.0,0.0,0.0,0.0,-0.008077500388026237
1788815508.3203056,0.010778674855828285,0.0,0.0,0.0,0.0,-0.0077878134325146675
1788815508.3701713,0.010778674855828285,0.0,0.0,0.0,0.0,-0.0077878134325146675
1788815508.420362,0.009223380126059055,0.0,0.0,0.0,0.0,-0.007384501397609711
1788815508.4702594,0.009223380126059055,0.0,0.0,0.0,0.0,-0.007384501397609711
1788815508.5202954,0.007907439023256302,0.0,0.0,0.0,0.0,-0.007057955488562584
1788815508.570233,0.007907439023256302,0.0,0.0,0.0,0.0,-0.007057955488562584
1788815508.6202884,0.0069067697040736675,0.0,0.0,0.0,0.0,-0.006975234020501375
1788815508.6701639,0.0069067697040736675,0.0,0.0,0.0,0.0,-0.006975234020501375
1788815508.7204258,0.006006812676787376,0.0,0.0,0.0,0.0,-0.006896801292896271
1788815508.7701206,0.006006812676787376,0.0,0.0,0.0,0.0,-0.006896801292896271
1788815508.820487,0.005176857113838196,0.0,0.0,0.0,0.0,-0.006825076416134834
1788815508.8701606,0.005176857113838196,0.0,0.0,0.0,0.0,-0.006825076416134834
1788815508.9202485,0.004330611787736416,0.0,0.0,0.0,0.0,-0.0066184112802147865
1788815508.9700596,0.004330611787736416,0.0,0.0,0.0,0.0,-0.0066184112802147865
1788815509.0201204,0.0033930623903870583,0.0,0.0,0.0,0.0,-0.005864560138434172
1788815509.0701106,0.0033930623903870583,0.0,0.0,0.0,0.0,-0.005864560138434172
1788815509.1201544,0.002762853167951107,0.0,0.0,0.0,0.0,-0.005444541573524475
1788815509.1703353,0.002762853167951107,0.0,0.0,0.0,0.0,-0.005444541573524475
1788815509.22014,0.0023409537971019745,0.0,0.0,0.0,0.0,-0.005212320946156979
1788815509.270262,0.0023409537971019745,0.0,0.0,0.0,0.0,-0.005212320946156979
1788815509.3204358,0.0020542708225548267,0.0,0.0,0.0,0.0,-0.005104248411953449
1788815509.3700707,0.0020542708225548267,0.0,0.0,0.0,0.0,-0.005104248411953449
1788815509.420201,0.0018637469038367271,0.0,0.0,0.0,0.0,-0.005092956125736237
1788815509.4701416,0.0018637469038367271,0.0,0.0,0.0,0.0,-0.005092956125736237
1788815509.5202937,0.0017306579975411296,0.0,0.0,0.0,0.0,-0.005125313997268677
1788815509.5704494,0.0017306579975411296,0.0,0.0,0.0,0.0,-0.005125313997268677
1788815509.6202524,0.0016338378190994263,0.0,0.0,0.0,0.0,-0.005177410785108805
1788815509.6702318,0.0016338378190994263,0.0,0.0,0.0,0.0,-0.005177410785108805
1788815509.7203972,0.0014617216074839234,0.0,0.0,0.0,0.0,-0.005870060063898563
1788815509.7700996,0.0014617216074839234,0.0,0.0,0.0,0.0,-0.005870060063898563
1788815509.8202946,0.0013753809034824371,0.0,0.0,0.0,0.0,-0.005500970408320427
1788815509.8701704,0.0013753809034824371,0.0,0.0,0.0,0.0,-0.005500970408320427
1788815509.92039,0.0013140352675691247,0.0,0.0,0.0,0.0,-0.005351268220692873
1788815509.9702551,0.0013140352675691247,0.0,0.0,0.0,0.0,-0.005351268220692873
1788815510.02022,0.001281175995245576,0.0,0.0,0.0,0.0,-0.00519336573779583
1788815510.0701253,0.001281175995245576,0.0,0.0,0.0,0.0,-0.00519336573779583
1788815510.1203012,0.0012557350564748049,0.0,0.0,0.0,0.0,-0.005174824967980385
1788815510.170225,0.0012557350564748049,0.0,0.0,0.0,0.0,-0.005174824967980385
1788815510.2203555,0.0012337355874478817,0.0,0.0,0.0,0.0,-0.005194507539272308
1788815510.2701147,0.0012337355874478817,0.0,0.0,0.0,0.0,-0.005194507539272308
1788815510.3202522,0.001211228547617793,0.0,0.0,0.0,0.0,-0.005246815737336874
1788815510.370148,0.001211228547617793,0.0,0.0,0.0,0.0,-0.005246815737336874
1788815510.4204712,0.0011880884412676096,0.0,0.0,0.0,0.0,-0.005304412916302681
1788815510.470119,0.0011880884412676096,0.0,0.0,0.0,0.0,-0.005304412916302681
1788815510.5202181,0.001164271030575037,0.0,0.0,0.0,0.0,-0.005365112796425819
1788815510.570304,0.001164271030575037,0.0,0.0,0.0,0.0,-0.005365112796425819
1788815510.6204143,0.0011399604845792055,0.0,0.0,0.0,0.0,-0.0054252371191978455
1788815510.6700366,0.0011399604845792055,0.0,0.0,0.0,0.0,-0.0054252371191978455
1788815510.7204266,0.0011150753125548363,0.0,0.0,0.0,0.0,-0.005485201254487038
1788815510.7701988,0.0011150753125548363,0.0,0.0,0.0,0.0,-0.005485201254487038
1788815510.8204553,0.0010895158629864454,0.0,0.0,0.0,0.0,-0.0055445958860218525
1788815510.8704958,0.0010895158629864454,0.0,0.0,0.0,0.0,-0.0055445958860218525
1788815510.920324,0.0010630859760567546,0.0,0.0,0.0,0.0,-0.005603410769253969
1788815510.969979,0.0010630859760567546,0.0,0.0,0.0,0.0,-0.005603410769253969
1788815511.0201373,0.0010356868151575327,0.0,0.0,0.0,0.0,-0.005661372095346451
1788815511.0701058,0.0010356868151575327,0.0,0.0,0.0,0.0,-0.005661372095346451
1788815511.1202545,0.001007304759696126,0.0,0.0,0.0,0.0,-0.005718237720429897
1788815511.1700704,0.001007304759696126,0.0,0.0,0.0,0.0,-0.005718237720429897
1788815511.220125,0.000977992545813322,0.0,0.0,0.0,0.0,-0.0057738241739571095
1788815511.270079,0.000977992545813322,0.0,0.0,0.0,0.0,-0.0057738241739571095
1788815511.3204634,0.0009478996507823467,0.0,0.0,0.0,0.0,-0.005827961023896933
1788815511.3701184,0.0009478996507823467,0.0,0.0,0.0,0.0,-0.005827961023896933
1788815511.4201832,0.0009171968558803201,0.0,0.0,0.0,0.0,-0.00588053185492754
1788815511.470224,0.0009171968558803201,0.0,0.0,0.0,0.0,-0.00588053185492754
1788815511.5203316,0.0008860641391947865,0.0,0.0,0.0,0.0,-0.005931486375629902
1788815511.5702307,0.0008860641391947865,0.0,0.0,0.0,0.0,-0.005931486375629902
1788815511.620249,0.0008546854951418936,0.0,0.0,0.0,0.0,-0.005980757996439934
1788815511.6700904,0.0008546854951418936,0.0,0.0,0.0,0.0,-0.005980757996439934
1788815511.7203534,0.0008232216932810843,0.0,0.0,0.0,0.0,-0.006028257310390472
1788815511.7701464,0.0008232216932810843,0.0,0.0,0.0,0.0,-0.006028257310390472
1788815511.820388,0.0007918718038126826,0.0,0.0,0.0,0.0,-0.006073974072933197
1788815511.8700557,0.0007918718038126826,0.0,0.0,0.0,0.0,-0.006073974072933197
1788815511.9204361,0.000760782859288156,0.0,0.0,0.0,0.0,-0.006117912009358406
1788815511.9700034,0.000760782859288156,0.0,0.0,0.0,0.0,-0.006117912009358406
1788815512.020256,0.0007300922879949212,0.0,0.0,0.0,0.0,-0.006160127464681864
1788815512.0700586,0.0007300922879949212,0.0,0.0,0.0,0.0,-0.006160127464681864
1788815512.1203349,0.0006999104516580701,0.0,0.0,0.0,0.0,-0.006200634874403477
1788815512.1700304,0.0006999104516580701,0.0,0.0,0.0,0.0,-0.006200634874403477
1788815512.2203321,0.0006703591207042336,0.0,0.0,0.0,0.0,-0.006239543203264475
1788815512.2701051,0.0006703591207042336,0.0,0.0,0.0,0.0,-0.006239543203264475
1788815512.3204725,0.0006415368989109993,0.0,0.0,0.0,0.0,-0.0062768831849098206
1788815512.3702087,0.0006415368989109993,0.0,0.0,0.0,0.0,-0.0062768831849098206
1788815512.420317,0.0006135215517133474,0.0,0.0,0.0,0.0,-0.006312705110758543
1788815512.4701834,0.0006135215517133474,0.0,0.0,0.0,0.0,-0.006312705110758543
1788815512.5204444,0.0005863658152520657,0.0,0.0,0.0,0.0,-0.006347024813294411
1788815512.570066,0.0005863658152520657,0.0,0.0,0.0,0.0,-0.006347024813294411
1788815512.6205614,0.0005601096199825406,0.0,0.0,0.0,0.0,-0.006379915401339531
1788815512.6700625,0.0005601096199825406,0.0,0.0,0.0,0.0,-0.006379915401339531
1788815512.7204614,0.0005347954574972391,0.0,0.0,0.0,0.0,-0.006411431822925806
1788815512.7700708,0.0005347954574972391,0.0,0.0,0.0,0.0,-0.006411431822925806
1788815512.8205109,0.0005104283918626606,0.0,0.0,0.0,0.0,-0.00644165463745594
1788815512.8702278,0.0005104283918626606,0.0,0.0,0.0,0.0,-0.00644165463745594
1788815512.9205053,0.00048701808555051684,0.0,0.0,0.0,0.0,-0.006470628548413515
1788815512.9702213,0.00048701808555051684,0.0,0.0,0.0,0.0,-0.006470628548413515
1788815513.0203424,0.0004645545268431306,0.0,0.0,0.0,0.0,-0.0064984094351530075
1788815513.0701976,0.0004645545268431306,0.0,0.0,0.0,0.0,-0.0064984094351530075
1788815513.1204221,0.0004430455155670643,0.0,0.0,0.0,0.0,-0.006525041069835424
1788815513.170048,0.0004430455155670643,0.0,0.0,0.0,0.0,-0.006525041069835424
1788815513.220238,0.000422476208768785,0.0,0.0,0.0,0.0,-0.006550590507686138
1788815513.2702749,0.000422476208768785,0.0,0.0,0.0,0.0,-0.006550590507686138
1788815513.3203938,0.00040282250847667456,0.0,0.0,0.0,0.0,-0.00657509732991457
1788815513.370139,0.00040282250847667456,0.0,0.0,0.0,0.0,-0.00657509732991457
1788815513.420231,0.00038404547376558185,0.0,0.0,0.0,0.0,-0.0065986113622784615
1788815513.4701037,0.00038404547376558185,0.0,0.0,0.0,0.0,-0.0065986113622784615
1788815513.520508,0.0003661197843030095,0.0,0.0,0.0,0.0,-0.006621167995035648
1788815513.5703073,0.0003661197843030095,0.0,0.0,0.0,0.0,-0.006621167995035648
1788815513.6203694,0.0003490075469017029,0.0,0.0,0.0,0.0,-0.006642811931669712
1788815513.670206,0.0003490075469017029,0.0,0.0,0.0,0.0,-0.006642811931669712
1788815513.7203727,0.000332675117533654,0.0,0.0,0.0,0.0,-0.006663552951067686
1788815513.7701952,0.000332675117533654,0.0,0.0,0.0,0.0,-0.006663552951067686
1788815513.8202324,0.00031707010930404067,0.0,0.0,0.0,0.0,-0.006683436222374439
1788815513.8703902,0.00031707010930404067,0.0,0.0,0.0,0.0,-0.006683436222374439
1788815513.9206343,0.00030215876176953316,0.0,0.0,0.0,0.0,-0.006702518556267023
1788815513.9699616,0.00030215876176953316,0.0,0.0,0.0,0.0,-0.006702518556267023
1788815514.0203888,0.00028790615033358335,0.0,0.0,0.0,0.0,-0.006720844656229019
1788815514.07014,0.00028790615033358335,0.0,0.0,0.0,0.0,-0.006720844656229019
1788815514.120291,0.00027428061002865434,0.0,0.0,0.0,0.0,-0.0067384433932602406
1788815514.1701853,0.00027428061002865434,0.0,0.0,0.0,0.0,-0.0067384433932602406
1788815514.2203314,0.0002612622338347137,0.0,0.0,0.0,0.0,-0.00675533153116703
1788815514.2702484,0.0002612622338347137,0.0,0.0,0.0,0.0,-0.00675533153116703
1788815514.3202777,0.0002487915917299688,0.0,0.0,0.0,0.0,-0.006771547719836235
1788815514.37022,0.0002487915917299688,0.0,0.0,0.0,0.0,-0.006771547719836235
1788815514.4202747,0.00023682345636188984,0.0,0.0,0.0,0.0,-0.006787107326090336
1788815514.4700756,0.00023682345636188984,0.0,0.0,0.0,0.0,-0.006787107326090336
1788815514.520256,0.00022532336879521608,0.0,0.0,0.0,0.0,-0.006802048068493605
1788815514.5701914,0.00022532336879521608,0.0,0.0,0.0,0.0,-0.006802048068493605
1788815514.6206272,0.00021427363390102983,0.0,0.0,0.0,0.0,-0.006816399283707142
1788815514.6702564,0.00021427363390102983,0.0,0.0,0.0,0.0,-0.006816399283707142
1788815514.7203126,0.00020365515956655145,0.0,0.0,0.0,0.0,-0.006830196361988783
1788815514.7702963,0.00020365515956655145,0.0,0.0,0.0,0.0,-0.006830196361988783
1788815514.8205292,0.0001934487372636795,0.0,0.0,0.0,0.0,-0.006843467243015766
1788815514.87022,0.0001934487372636795,0.0,0.0,0.0,0.0,-0.006843467243015766
1788815514.9202018,0.00018363678827881813,0.0,0.0,0.0,0.0,-0.006856218911707401
1788815514.9700978,0.00018363678827881813,0.0,0.0,0.0,0.0,-0.006856218911707401
1788815515.020132,0.00017420598305761814,0.0,0.0,0.0,0.0,-0.006868477910757065
1788815515.070224,0.00017420598305761814,0.0,0.0,0.0,0.0,-0.006868477910757065
1788815515.120418,0.0001651362399570644,0.0,0.0,0.0,0.0,-0.006880268920212984
1788815515.170211,0.0001651362399570644,0.0,0.0,0.0,0.0,-0.006880268920212984
1788815515.2205746,0.00015641364734619856,0.0,0.0,0.0,0.0,-0.006891608238220215
1788815515.271497,0.00015641364734619856,0.0,0.0,0.0,0.0,-0.006891608238220215
1788815515.3205037,0.00014802691293880343,0.0,0.0,0.0,0.0,-0.006902501918375492
1788815515.3702207,0.00014802691293880343,0.0,0.0,0.0,0.0,-0.006902501918375492
1788815515.4201581,0.0001399552565999329,0.0,0.0,0.0,0.0,-0.006912978366017342
1788815515.470235,0.0001399552565999329,0.0,0.0,0.0,0.0,-0.006912978366017342
1788815515.5205564,0.00013219087850302458,0.0,0.0,0.0,0.0,-0.0069230399094522
1788815515.5701797,0.00013219087850302458,0.0,0.0,0.0,0.0,-0.0069230399094522
1788815515.6203856,0.00012472225353121758,0.0,0.0,0.0,0.0,-0.006932707969099283
1788815515.6701407,0.00012472225353121758,0.0,0.0,0.0,0.0,-0.006932707969099283
1788815515.7203567,0.00011753663420677185,0.0,0.0,0.0,0.0,-0.0069419932551681995
1788815515.7701476,0.00011753663420677185,0.0,0.0,0.0,0.0,-0.0069419932551681995
1788815515.8204143,0.00011062272824347019,0.0,0.0,0.0,0.0,-0.006950921379029751
1788815515.8701148,0.00011062272824347019,0.0,0.0,0.0,0.0,-0.006950921379029751
1788815515.920523,0.00010396598372608423,0.0,0.0,0.0,0.0,-0.006959504447877407
1788815515.9699926,0.00010396598372608423,0.0,0.0,0.0,0.0,-0.006959504447877407
1788815516.0202875,9.755621431395411e-05,0.0,0.0,0.0,0.0,-0.006967747583985329
1788815516.0699985,9.755621431395411e-05,0.0,0.0,0.0,0.0,-0.006967747583985329
1788815516.1203825,9.138148743659258e-05,0.0,0.0,0.0,0.0,-0.00697567593306303
1788815516.1705174,9.138148743659258e-05,0.0,0.0,0.0,0.0,-0.00697567593306303
1788815516.2203298,8.544814772903919e-05,0.0,0.0,0.0,0.0,-0.006983292754739523
1788815516.269992,8.544814772903919e-05,0.0,0.0,0.0,0.0,-0.006983292754739523
1788815516.3202279,0.0,0.0,0.0,0.0,0.0,0.0
1788815516.3701487,0.0,0.0,0.0,0.0,0.0,0.0
1788815516.4205856,0.0,0.0,0.0,0.0,0.0,0.0
1788815516.4702106,0.0,0.0,0.0,0.0,0.0,0.0
1788815516.5205162,0.0,0.0,0.0,0.0,0.0,0.0
1788815516.570407,0.0,0.0,0.0,0.0,0.0,0.0
1788815516.6204755,0.0,0.0,0.0,0.0,0.0,0.0
1788815516.6703959,0.0,0.0,0.0,0.0,0.0,0.0
1788815516.7203996,0.0,0.0,0.0,0.0,0.0,0.0
1788815516.770311,0.0,0.0,0.0,0.0,0.0,0.0
1788815516.820403,0.0,0.0,0.0,0.0,0.0,0.0
1788815516.8701172,0.0,0.0,0.0,0.0,0.0,0.0
1788815516.9203982,0.0,0.0,0.0,0.0,0.0,0.0
1788815516.970111,0.0,0.0,0.0,0.0,0.0,0.0
1788815517.020533,0.0,0.0,0.0,0.0,0.0,0.0
1788815517.0702884,0.0,0.0,0.0,0.0,0.0,0.0
1788815517.1204078,0.00039790139999240637,0.0,0.0,0.0,0.0,-0.006157300900667906
1788815517.1701808,0.00029365404043346643,0.0,0.0,0.0,0.0,-0.012235584668815136
1788815517.2202528,0.00029365404043346643,0.0,0.0,0.0,0.0,-0.012235584668815136
1788815517.2703507,-0.00018269894644618034,0.0,0.0,0.0,0.0,-0.017896000295877457
1788815517.3202004,-0.00018269894644618034,0.0,0.0,0.0,0.0,-0.017896000295877457
1788815517.369931,-0.0007898068288341165,0.0,0.0,0.0,0.0,-0.022079680114984512
1788815517.4204261,-0.0007898068288341165,0.0,0.0,0.0,0.0,-0.022079680114984512
1788815517.4703102,-0.0007898068288341165,0.0,0.0,0.0,0.0,-0.022079680114984512
1788815517.5203865,-0.0012989419046789408,0.0,0.0,0.0,0.0,-0.02512945979833603
1788815517.570257,-0.0012989419046789408,0.0,0.0,0.0,0.0,-0.02512945979833603
1788815517.6205385,-0.0016615993808954954,0.0,0.0,0.0,0.0,-0.027213172987103462
1788815517.6703613,-0.0016615993808954954,0.0,0.0,0.0,0.0,-0.027213172987103462
1788815517.7203648,-0.0019159644143655896,0.0,0.0,0.0,0.0,-0.028584565967321396
1788815517.7702022,-0.0019159644143655896,0.0,0.0,0.0,0.0,-0.028584565967321396
1788815517.8204834,-0.002117561176419258,0.0,0.0,0.0,0.0,-0.029622882604599
1788815517.8702478,-0.002117561176419258,0.0,0.0,0.0,0.0,-0.029622882604599
1788815517.9203205,-0.0023430667351931334,0.0,0.0,0.0,0.0,-0.031040195375680923
1788815517.9702823,-0.0023430667351931334,0.0,0.0,0.0,0.0,-0.031040195375680923
1788815518.0201497,-0.002693295944482088,0.0,0.0,0.0,0.0,-0.033044785261154175
1788815518.0700777,-0.002693295944482088,0.0,0.0,0.0,0.0,-0.033044785261154175
1788815518.1202927,-0.0031174577306956053,0.0,0.0,0.0,0.0,-0.03303831070661545
1788815518.1700141,-0.0036109916400164366,0.0,0.0,0.0,0.0,-0.03335096687078476
1788815518.220347,-0.0036109916400164366,0.0,0.0,0.0,0.0,-0.03335096687078476
1788815518.2701483,-0.0036109916400164366,0.0,0.0,0.0,0.0,-0.03335096687078476
1788815518.3202927,-0.0041853152215480804,0.0,0.0,0.0,0.0,-0.03337455540895462
1788815518.3702698,-0.0041853152215480804,0.0,0.0,0.0,0.0,-0.03337455540895462
1788815518.4205165,-0.0048537664115428925,0.0,0.0,0.0,0.0,-0.03319023177027702
1788815518.4700348,-0.00554925762116909,0.0,0.0,0.0,0.0,-0.031322382390499115
1788815518.5203512,-0.00554925762116909,0.0,0.0,0.0,0.0,-0.031322382390499115
1788815518.570274,-0.00554925762116909,0.0,0.0,0.0,0.0,-0.031322382390499115
1788815518.6205287,-0.006167145445942879,0.0,0.0,0.0,0.0,-0.028152702376246452
1788815518.6697543,-0.006653613410890102,0.0,0.0,0.0,0.0,-0.025034859776496887
1788815518.7203126,-0.006653613410890102,0.0,0.0,0.0,0.0,-0.025034859776496887
1788815518.7698994,-0.007109589409083128,0.0,0.0,0.0,0.0,-0.024183593690395355
1788815518.8204718,-0.007109589409083128,0.0,0.0,0.0,0.0,-0.024183593690395355
1788815518.8701062,-0.007109589409083128,0.0,0.0,0.0,0.0,-0.024183593690395355
1788815518.920388,-0.0075884005054831505,0.0,0.0,0.0,0.0,-0.0231003537774086
1788815518.9701002,-0.0075884005054831505,0.0,0.0,0.0,0.0,-0.0231003537774086
1788815519.0201485,-0.008080963976681232,0.0,0.0,0.0,0.0,-0.02208624593913555
1788815519.0703938,-0.008080963976681232,0.0,0.0,0.0,0.0,-0.02208624593913555
1788815519.1204777,-0.008566731587052345,0.0,0.0,0.0,0.0,-0.020886411890387535
1788815519.170357,-0.008566731587052345,0.0,0.0,0.0,0.0,-0.020886411890387535
1788815519.220321,-0.008999805897474289,0.0,0.0,0.0,0.0,-0.018887193873524666
1788815519.270169,-0.008999805897474289,0.0,0.0,0.0,0.0,-0.018887193873524666
1788815519.3200588,-0.009415822103619576,0.0,0.0,0.0,0.0,-0.017956575378775597
1788815519.3704681,-0.009415822103619576,0.0,0.0,0.0,0.0,-0.017956575378775597
1788815519.420235,-0.009634079411625862,0.0,0.0,0.0,0.0,-0.015131930820643902
1788815519.470217,-0.009634079411625862,0.0,0.0,0.0,0.0,-0.015131930820643902
1788815519.520452,-0.009821672923862934,0.0,0.0,0.0,0.0,-0.013382650911808014
1788815519.5702364,-0.009821672923862934,0.0,0.0,0.0,0.0,-0.013382650911808014
1788815519.6203165,-0.01007833145558834,0.0,0.0,0.0,0.0,-0.011538701131939888
1788815519.6701615,-0.01007833145558834,0.0,0.0,0.0,0.0,-0.011538701131939888
1788815519.7206051,-0.010166259482502937,0.0,0.0,0.0,0.0,-0.010646897368133068
1788815519.7700438,-0.010166259482502937,0.0,0.0,0.0,0.0,-0.010646897368133068
1788815519.820297,-0.010375097393989563,0.0,0.0,0.0,0.0,-0.009905284270644188
1788815519.8702986,-0.010375097393989563,0.0,0.0,0.0,0.0,-0.009905284270644188
1788815519.9204495,-0.010485385544598103,0.0,0.0,0.0,0.0,-0.009469090029597282
1788815519.9701269,-0.010485385544598103,0.0,0.0,0.0,0.0,-0.009469090029597282
1788815520.0204852,-0.010662313550710678,0.0,0.0,0.0,0.0,-0.009320415556430817
1788815520.0699484,-0.010815273970365524,0.0,0.0,0.0,0.0,-0.009249437600374222
1788815520.120521,-0.010815273970365524,0.0,0.0,0.0,0.0,-0.009249437600374222
1788815520.169887,-0.010926221497356892,0.0,0.0,0.0,0.0,-0.00914480909705162
1788815520.2204938,-0.010926221497356892,0.0,0.0,0.0,0.0,-0.00914480909705162
1788815520.27002,-0.01065270695835352,0.0,0.0,0.0,0.0,-0.008489072322845459
1788815520.320392,-0.01065270695835352,0.0,0.0,0.0,0.0,-0.008489072322845459
1788815520.3698926,-0.010301878675818443,0.0,0.0,0.0,0.0,-0.007796635385602713
1788815520.420522,-0.010301878675818443,0.0,0.0,0.0,0.0,-0.007796635385602713
1788815520.470185,-0.010301878675818443,0.0,0.0,0.0,0.0,-0.007796635385602713
1788815520.5203295,-0.010335230268537998,0.0,0.0,0.0,0.0,-0.007721488829702139
1788815520.5701714,-0.010335230268537998,0.0,0.0,0.0,0.0,-0.007721488829702139
1788815520.620169,-0.010467030107975006,0.0,0.0,0.0,0.0,-0.007742501795291901
1788815520.6701362,-0.010467030107975006,0.0,0.0,0.0,0.0,-0.007742501795291901
1788815520.720287,-0.01039687916636467,0.0,0.0,0.0,0.0,-0.007492269389331341
1788815520.7704425,-0.010023208335042,0.0,0.0,0.0,0.0,-0.006854349747300148
1788815520.8205361,-0.010023208335042,0.0,0.0,0.0,0.0,-0.006854349747300148
1788815520.8701854,-0.010023208335042,0.0,0.0,0.0,0.0,-0.006854349747300148
1788815520.9205835,-0.009467560797929764,0.0,0.0,0.0,0.0,-0.006020804867148399
1788815520.9701507,-0.009467560797929764,0.0,0.0,0.0,0.0,-0.006020804867148399
1788815521.0202808,-0.008829393424093723,0.0,0.0,0.0,0.0,-0.005102653056383133
1788815521.0701175,-0.008829393424093723,0.0,0.0,0.0,0.0,-0.005102653056383133
1788815521.1205053,-0.008216243237257004,0.0,0.0,0.0,0.0,-0.004264780320227146
1788815521.1702785,-0.008216243237257004,0.0,0.0,0.0,0.0,-0.004264780320227146
1788815521.2202537,-0.0078601548448205,0.0,0.0,0.0,0.0,-0.0037678522057831287
1788815521.2701187,-0.0078601548448205,0.0,0.0,0.0,0.0,-0.0037678522057831287
1788815521.3203912,-0.0076422663405537605,0.0,0.0,0.0,0.0,-0.0034181312657892704
1788815521.37018,-0.0076422663405537605,0.0,0.0,0.0,0.0,-0.0034181312657892704
1788815521.4203644,-0.007383215241134167,0.0,0.0,0.0,0.0,-0.0030366999562829733
1788815521.4701653,-0.007383215241134167,0.0,0.0,0.0,0.0,-0.0030366999562829733
1788815521.5204408,-0.006950879469513893,0.0,0.0,0.0,0.0,-0.002499727997928858
1788815521.5702624,-0.006950879469513893,0.0,0.0,0.0,0.0,-0.002499727997928858
1788815521.620283,-0.006558021530508995,0.0,0.0,0.0,0.0,-0.002040903316810727
1788815521.6701164,-0.006558021530508995,0.0,0.0,0.0,0.0,-0.002040903316810727
1788815521.7204359,-0.006176583934575319,0.0,0.0,0.0,0.0,-0.0016176991630345583
1788815521.7701623,-0.005823875777423382,0.0,0.0,0.0,0.0,-0.0012430344941094518
1788815521.820291,-0.005823875777423382,0.0,0.0,0.0,0.0,-0.0012430344941094518
1788815521.8701186,-0.005823875777423382,0.0,0.0,0.0,0.0,-0.0012430344941094518
1788815521.9204865,-0.005375391338020563,0.0,0.0,0.0,0.0,-0.0007538530044257641
1788815521.970178,-0.005375391338020563,0.0,0.0,0.0,0.0,-0.0007538530044257641
1788815522.0204115,-0.004917182959616184,0.0,0.0,0.0,0.0,-0.0004076058976352215
1788815522.070479,-0.004917182959616184,0.0,0.0,0.0,0.0,-0.0004076058976352215
1788815522.1206036,-0.0046793995425105095,0.0,0.0,0.0,0.0,-0.00013180403038859367
1788815522.170104,-0.0046793995425105095,0.0,0.0,0.0,0.0,-0.00013180403038859367
1788815522.2203915,-0.0044550844468176365,0.0,0.0,0.0,0.0,7.535959593951702e-05
1788815522.2701325,-0.0044550844468176365,0.0,0.0,0.0,0.0,7.535959593951702e-05
1788815522.3203382,-0.00413940055295825,0.0,0.0,0.0,0.0,0.0002450577449053526
1788815522.3702302,-0.00413940055295825,0.0,0.0,0.0,0.0,0.0002450577449053526
1788815522.4202795,-0.003872435772791505,0.0,0.0,0.0,0.0,0.00038675242103636265
1788815522.4703617,-0.003872435772791505,0.0,0.0,0.0,0.0,0.00038675242103636265
1788815522.5204391,-0.0036561605520546436,0.0,0.0,0.0,0.0,0.000508100027218461
1788815522.5700681,-0.0036561605520546436,0.0,0.0,0.0,0.0,0.000508100027218461
1788815522.6203687,-0.003491311799734831,0.0,0.0,0.0,0.0,0.0006139851175248623
1788815522.670159,-0.003491311799734831,0.0,0.0,0.0,0.0,0.0006139851175248623
1788815522.720413,-0.0034711500629782677,0.0,0.0,0.0,0.0,0.0007092517334967852
1788815522.7701745,-0.0034711500629782677,0.0,0.0,0.0,0.0,0.0007092517334967852
1788815522.8204052,-0.0033881058916449547,0.0,0.0,0.0,0.0,0.0007910949643701315
1788815522.8703468,-0.0033881058916449547,0.0,0.0,0.0,0.0,0.0007910949643701315
1788815522.9203339,-0.003259917488321662,0.0,0.0,0.0,0.0,0.0008626030758023262
1788815522.9699705,-0.0030073747038841248,0.0,0.0,0.0,0.0,0.0009363647550344467
1788815523.0202298,-0.0030073747038841248,0.0,0.0,0.0,0.0,0.0009363647550344467
1788815523.070113,-0.0030073747038841248,0.0,0.0,0.0,0.0,0.0009363647550344467
1788815523.1204002,-0.0028160419315099716,0.0,0.0,0.0,0.0,0.0010093052405864
1788815523.1699784,-0.002663807012140751,0.0,0.0,0.0,0.0,0.0010777823626995087
1788815523.2203555,-0.002663807012140751,0.0,0.0,0.0,0.0,0.0010777823626995087
1788815523.2699504,-0.0025409450754523277,0.0,0.0,0.0,0.0,0.0011333711445331573
1788815523.320212,-0.0025409450754523277,0.0,0.0,0.0,0.0,0.0011333711445331573
1788815523.3699808,-0.0024362760595977306,0.0,0.0,0.0,0.0,0.0011828176211565733
1788815523.4202244,-0.0024362760595977306,0.0,0.0,0.0,0.0,0.0011828176211565733
1788815523.469974,-0.0023504095152020454,0.0,0.0,0.0,0.0,0.0012312198523432016
1788815523.520475,-0.0023504095152020454,0.0,0.0,0.0,0.0,0.0012312198523432016
1788815523.5695956,-0.002277760300785303,0.0,0.0,0.0,0.0,0.0012784290593117476
1788815523.6205213,-0.002277760300785303,0.0,0.0,0.0,0.0,0.0012784290593117476
1788815523.6703727,-0.0022151414304971695,0.0,0.0,0.0,0.0,0.0013236834201961756
1788815523.7203314,-0.0022151414304971695,0.0,0.0,0.0,0.0,0.0013236834201961756
1788815523.7698202,-0.0021595568396151066,0.0,0.0,0.0,0.0,0.001366297947242856
1788815523.8203135,-0.0021595568396151066,0.0,0.0,0.0,0.0,0.001366297947242856
1788815523.8698208,-0.0021093436516821384,0.0,0.0,0.0,0.0,0.0014061613474041224
1788815523.920288,-0.0021093436516821384,0.0,0.0,0.0,0.0,0.0014061613474041224
1788815523.9696999,-0.002063415478914976,0.0,0.0,0.0,0.0,0.0014434196054935455
1788815524.0202065,-0.002063415478914976,0.0,0.0,0.0,0.0,0.0014434196054935455
1788815524.0698698,-0.0020211385563015938,0.0,0.0,0.0,0.0,0.0014783511869609356
1788815524.1203096,-0.0020211385563015938,0.0,0.0,0.0,0.0,0.0014783511869609356
1788815524.169981,-0.0020211385563015938,0.0,0.0,0.0,0.0,0.0014783511869609356
1788815524.220268,-0.0019820556044578552,0.0,0.0,0.0,0.0,0.0015112392138689756
1788815524.269922,-0.0019458173774182796,0.0,0.0,0.0,0.0,0.0015422950964421034
1788815524.3203318,-0.0019458173774182796,0.0,0.0,0.0,0.0,0.0015422950964421034
1788815524.3700912,-0.0019121295772492886,0.0,0.0,0.0,0.0,0.0015717053320258856
1788815524.4204075,-0.0019121295772492886,0.0,0.0,0.0,0.0,0.0015717053320258856
1788815524.4696112,-0.0018807336455211043,0.0,0.0,0.0,0.0,0.001599601935595274
1788815524.5202801,-0.0018807336455211043,0.0,0.0,0.0,0.0,0.001599601935595274
1788815524.5698388,-0.0018514100229367614,0.0,0.0,0.0,0.0,0.0016261038836091757
1788815524.6202137,-0.0018514100229367614,0.0,0.0,0.0,0.0,0.0016261038836091757
1788815524.6697242,-0.0018239625496789813,0.0,0.0,0.0,0.0,0.0016513075679540634
1788815524.7203474,-0.0018239625496789813,0.0,0.0,0.0,0.0,0.0016513075679540634
1788815524.7698755,-0.0017982198623940349,0.0,0.0,0.0,0.0,0.0016753224190324545
1788815524.8204217,-0.0017982198623940349,0.0,0.0,0.0,0.0,0.0016753224190324545
1788815524.8702831,-0.0017982198623940349,0.0,0.0,0.0,0.0,0.0016753224190324545
1788815524.920411,-0.001774017815478146,0.0,0.0,0.0,0.0,0.001698202220723033
1788815524.9700737,-0.001774017815478146,0.0,0.0,0.0,0.0,0.001698202220723033
1788815525.0204866,-0.0017512139165773988,0.0,0.0,0.0,0.0,0.0017200226429849863
1788815525.0700402,-0.0017512139165773988,0.0,0.0,0.0,0.0,0.0017200226429849863
1788815525.1203868,-0.0017296847654506564,0.0,0.0,0.0,0.0,0.0017408514395356178
1788815525.1701596,-0.0017296847654506564,0.0,0.0,0.0,0.0,0.0017408514395356178
1788815525.220407,-0.0017093188362196088,0.0,0.0,0.0,0.0,0.001760739367455244
1788815525.2701845,-0.0017093188362196088,0.0,0.0,0.0,0.0,0.001760739367455244
1788815525.3203568,-0.0016900175251066685,0.0,0.0,0.0,0.0,0.0017797143664211035
1788815525.3703508,-0.0016900175251066685,0.0,0.0,0.0,0.0,0.0017797143664211035
1788815525.4204113,-0.0016717022517696023,0.0,0.0,0.0,0.0,0.0017978299874812365
1788815525.4701662,-0.0016717022517696023,0.0,0.0,0.0,0.0,0.0017978299874812365
1788815525.520333,-0.0016542907105758786,0.0,0.0,0.0,0.0,0.0018151281401515007
1788815525.5701802,-0.0016542907105758786,0.0,0.0,0.0,0.0,0.0018151281401515007
1788815525.620283,-0.0016377336578443646,0.0,0.0,0.0,0.0,0.0018316430505365133
1788815525.6700902,-0.0016377336578443646,0.0,0.0,0.0,0.0,0.0018316430505365133
1788815525.7203608,-0.0016219863900914788,0.0,0.0,0.0,0.0,0.0018474040552973747
1788815525.7701042,-0.0016219863900914788,0.0,0.0,0.0,0.0,0.0018474040552973747
1788815525.8204522,-0.001606992562301457,0.0,0.0,0.0,0.0,0.001862471690401435
1788815525.869847,-0.0015927040949463844,0.0,0.0,0.0,0.0,0.001876862021163106
1788815525.9203832,-0.0015927040949463844,0.0,0.0,0.0,0.0,0.001876862021163106
1788815525.9702387,-0.001579084200784564,0.0,0.0,0.0,0.0,0.0018906127661466599
1788815526.0203478,-0.001579084200784564,0.0,0.0,0.0,0.0,0.0018906127661466599
1788815526.0700498,-0.001566090970300138,0.0,0.0,0.0,0.0,0.001903741853311658
1788815526.1203802,-0.001566090970300138,0.0,0.0,0.0,0.0,0.001903741853311658
1788815526.1702006,-0.001566090970300138,0.0,0.0,0.0,0.0,0.001903741853311658
1788815526.2202687,-0.001553682959638536,0.0,0.0,0.0,0.0,0.0019162872340530157
1788815526.269878,-0.0015418380498886108,0.0,0.0,0.0,0.0,0.0019282747525721788
1788815526.3204496,-0.0015418380498886108,0.0,0.0,0.0,0.0,0.0019282747525721788
1788815526.3699422,-0.0015305207343772054,0.0,0.0,0.0,0.0,0.0019397246651351452
1788815526.4203598,-0.0015305207343772054,0.0,0.0,0.0,0.0,0.0019397246651351452
1788815526.4697535,-0.0015197155298665166,0.0,0.0,0.0,0.0,0.001950654899701476
1788815526.52056,-0.0015197155298665166,0.0,0.0,0.0,0.0,0.001950654899701476
1788815526.5701966,-0.0015197155298665166,0.0,0.0,0.0,0.0,0.001950654899701476
1788815526.6203225,-0.001509383786469698,0.0,0.0,0.0,0.0,0.001961088739335537
1788815526.6702147,-0.001509383786469698,0.0,0.0,0.0,0.0,0.001961088739335537
1788815526.7203405,-0.001499511650763452,0.0,0.0,0.0,0.0,0.0019710541237145662
1788815526.7700682,-0.001499511650763452,0.0,0.0,0.0,0.0,0.0019710541237145662
1788815526.8203597,-0.0014900985406711698,0.0,0.0,0.0,0.0,0.0019805938936769962
1788815526.8701763,-0.0014900985406711698,0.0,0.0,0.0,0.0,0.0019805938936769962
1788815526.920472,-0.0014811194268986583,0.0,0.0,0.0,0.0,0.0019897385500371456
1788815526.9697702,-0.0014725526561960578,0.0,0.0,0.0,0.0,0.001998482970520854
1788815527.0205295,0.0,0.0,0.0,0.0,0.0,0.0
1788815527.070063,0.0,0.0,0.0,0.0,0.0,0.0
1788815527.1207156,0.0,0.0,0.0,0.0,0.0,0.0
1788815527.1702664,0.0,0.0,0.0,0.0,0.0,0.0
1788815527.2205005,0.00481297867372632,0.0,0.0,0.0,0.0,0.014466126449406147
1788815527.2701938,0.00481297867372632,0.0,0.0,0.0,0.0,0.014466126449406147
1788815527.320269,0.006338363513350487,0.0,0.0,0.0,0.0,0.022692570462822914
1788815527.3701446,0.006338363513350487,0.0,0.0,0.0,0.0,0.022692570462822914
1788815527.4205053,0.006581651046872139,0.0,0.0,0.0,0.0,0.027860991656780243
1788815527.4700763,0.006581651046872139,0.0,0.0,0.0,0.0,0.027860991656780243
1788815527.5204537,0.005481885280460119,0.0,0.0,0.0,0.0,0.031006721779704094
1788815527.5702097,0.005481885280460119,0.0,0.0,0.0,0.0,0.031006721779704094
1788815527.6204886,0.00420558825135231,0.0,0.0,0.0,0.0,0.03231808543205261
1788815527.6701617,0.00420558825135231,0.0,0.0,0.0,0.0,0.03231808543205261
1788815527.7203333,0.0029635769315063953,0.0,0.0,0.0,0.0,0.03343033790588379
1788815527.7700722,0.0029635769315063953,0.0,0.0,0.0,0.0,0.03343033790588379
1788815527.8206043,0.0019645807333290577,0.0,0.0,0.0,0.0,0.03496312350034714
1788815527.8702397,0.0019645807333290577,0.0,0.0,0.0,0.0,0.03496312350034714
1788815527.9203641,0.0011738387402147055,0.0,0.0,0.0,0.0,0.037509143352508545
1788815527.9702022,0.0011738387402147055,0.0,0.0,0.0,0.0,0.037509143352508545
1788815528.0206025,0.0006267942953854799,0.0,0.0,0.0,0.0,0.03942505270242691
1788815528.0702045,0.0006267942953854799,0.0,0.0,0.0,0.0,0.03942505270242691
1788815528.12023,0.0003176771569997072,0.0,0.0,0.0,0.0,0.040119465440511703
1788815528.1701798,0.0003176771569997072,0.0,0.0,0.0,0.0,0.040119465440511703
1788815528.220486,0.00019304431043565273,0.0,0.0,0.0,0.0,0.03993014618754387
1788815528.2702274,0.00019304431043565273,0.0,0.0,0.0,0.0,0.03993014618754387
1788815528.320383,0.00019978772616013885,0.0,0.0,0.0,0.0,0.03925381228327751
1788815528.370049,0.00019978772616013885,0.0,0.0,0.0,0.0,0.03925381228327751
1788815528.4203563,0.00019176024943590164,0.0,0.0,0.0,0.0,0.03966846689581871
1788815528.470186,0.00019176024943590164,0.0,0.0,0.0,0.0,0.03966846689581871
1788815528.5203147,0.00026842328952625394,0.0,0.0,0.0,0.0,0.03890884295105934
1788815528.5702262,0.00026842328952625394,0.0,0.0,0.0,0.0,0.03890884295105934
1788815528.6205192,0.0004446909297257662,0.0,0.0,0.0,0.0,0.03692733123898506
1788815528.6700432,0.0004446909297257662,0.0,0.0,0.0,0.0,0.03692733123898506
1788815528.7203817,0.0006641787476837635,0.0,0.0,0.0,0.0,0.03481593728065491
1788815528.7701766,0.0006641787476837635,0.0,0.0,0.0,0.0,0.03481593728065491
1788815528.8204231,0.0009638256742618978,0.0,0.0,0.0,0.0,0.03193796053528786
1788815528.8700116,0.0009638256742618978,0.0,0.0,0.0,0.0,0.03193796053528786
1788815528.9201815,0.001257078256458044,0.0,0.0,0.0,0.0,0.0296306274831295
1788815528.9702988,0.001257078256458044,0.0,0.0,0.0,0.0,0.0296306274831295
1788815529.020316,0.001549253473058343,0.0,0.0,0.0,0.0,0.027754567563533783
1788815529.0701718,0.001549253473058343,0.0,0.0,0.0,0.0,0.027754567563533783
1788815529.1204288,0.001736665377393365,0.0,0.0,0.0,0.0,0.027372408658266068
1788815529.170194,0.001736665377393365,0.0,0.0,0.0,0.0,0.027372408658266068
1788815529.2203476,0.002050286391749978,0.0,0.0,0.0,0.0,0.024812273681163788
1788815529.2702262,0.002050286391749978,0.0,0.0,0.0,0.0,0.024812273681163788
1788815529.320441,0.0023514535278081894,0.0,0.0,0.0,0.0,0.022840017452836037
1788815529.3700333,0.0023514535278081894,0.0,0.0,0.0,0.0,0.022840017452836037
1788815529.420175,0.0027552631217986345,0.0,0.0,0.0,0.0,0.019554149359464645
1788815529.4701502,0.0027552631217986345,0.0,0.0,0.0,0.0,0.019554149359464645
1788815529.5201979,0.0030200255569070578,0.0,0.0,0.0,0.0,0.01887752115726471
1788815529.5701408,0.0030200255569070578,0.0,0.0,0.0,0.0,0.01887752115726471
1788815529.6202142,0.0032915931660681963,0.0,0.0,0.0,0.0,0.01784321293234825
1788815529.6701531,0.0032915931660681963,0.0,0.0,0.0,0.0,0.01784321293234825
1788815529.720442,0.003632758278399706,0.0,0.0,0.0,0.0,0.015683483332395554
1788815529.770053,0.003632758278399706,0.0,0.0,0.0,0.0,0.015683483332395554
1788815529.8203955,0.003970280289649963,0.0,0.0,0.0,0.0,0.013577881269156933
1788815529.8701062,0.003970280289649963,0.0,0.0,0.0,0.0,0.013577881269156933
1788815529.9203906,0.004212100058794022,0.0,0.0,0.0,0.0,0.012831265106797218
1788815529.9701304,0.004212100058794022,0.0,0.0,0.0,0.0,0.012831265106797218
1788815530.0204103,0.004371552728116512,0.0,0.0,0.0,0.0,0.013048974797129631
1788815530.0701177,0.004371552728116512,0.0,0.0,0.0,0.0,0.013048974797129631
1788815530.1203961,0.00456100283190608,0.0,0.0,0.0,0.0,0.01216170098632574
1788815530.1701987,0.00456100283190608,0.0,0.0,0.0,0.0,0.01216170098632574
1788815530.2204454,0.004724130034446716,0.0,0.0,0.0,0.0,0.011450081132352352
1788815530.2702053,0.004724130034446716,0.0,0.0,0.0,0.0,0.011450081132352352
1788815530.3203547,0.004883460234850645,0.0,0.0,0.0,0.0,0.010853874497115612
1788815530.3701875,0.004883460234850645,0.0,0.0,0.0,0.0,0.010853874497115612
1788815530.4203131,0.0050604091957211494,0.0,0.0,0.0,0.0,0.009767594747245312
1788815530.4701424,0.0050604091957211494,0.0,0.0,0.0,0.0,0.009767594747245312
1788815530.5204034,0.0052038743160665035,0.0,0.0,0.0,0.0,0.00912437867373228
1788815530.5702755,0.0052038743160665035,0.0,0.0,0.0,0.0,0.00912437867373228
1788815530.6203358,0.005319836083799601,0.0,0.0,0.0,0.0,0.008698733523488045
1788815530.6701992,0.005319836083799601,0.0,0.0,0.0,0.0,0.008698733523488045
1788815530.7202978,0.005386739503592253,0.0,0.0,0.0,0.0,0.0086066210642457
1788815530.7702236,0.005386739503592253,0.0,0.0,0.0,0.0,0.0086066210642457
1788815530.8204534,0.005423488561064005,0.0,0.0,0.0,0.0,0.008570597507059574
1788815530.8703477,0.005423488561064005,0.0,0.0,0.0,0.0,0.008570597507059574
1788815530.920361,0.005437805317342281,0.0,0.0,0.0,0.0,0.008557707071304321
1788815530.970214,0.005437805317342281,0.0,0.0,0.0,0.0,0.008557707071304321
1788815531.020431,0.0054480209946632385,0.0,0.0,0.0,0.0,0.00852419063448906
1788815531.0701973,0.0054480209946632385,0.0,0.0,0.0,0.0,0.00852419063448906
1788815531.120157,0.0054567535407841206,0.0,0.0,0.0,0.0,0.008488512597978115
1788815531.1702,0.0054567535407841206,0.0,0.0,0.0,0.0,0.008488512597978115
1788815531.2204456,0.0054655070416629314,0.0,0.0,0.0,0.0,0.008454990573227406
1788815531.2702122,0.0054655070416629314,0.0,0.0,0.0,0.0,0.008454990573227406
1788815531.319996,0.0054734633304178715,0.0,0.0,0.0,0.0,0.008429199457168579
1788815531.3700914,0.0054734633304178715,0.0,0.0,0.0,0.0,0.008429199457168579
1788815531.420412,0.005480404943227768,0.0,0.0,0.0,0.0,0.008410364389419556
1788815531.4701726,0.005480404943227768,0.0,0.0,0.0,0.0,0.008410364389419556
1788815531.5203037,0.005576816387474537,0.0,0.0,0.0,0.0,0.008665727451443672
1788815531.570217,0.005576816387474537,0.0,0.0,0.0,0.0,0.008665727451443672
1788815531.6205063,0.005588849075138569,0.0,0.0,0.0,0.0,0.008698784746229649
1788815531.6702013,0.005588849075138569,0.0,0.0,0.0,0.0,0.008698784746229649
1788815531.7203274,0.005481459200382233,0.0,0.0,0.0,0.0,0.008401098661124706
1788815531.7702036,0.005481459200382233,0.0,0.0,0.0,0.0,0.008401098661124706
1788815531.8204248,0.005407584831118584,0.0,0.0,0.0,0.0,0.008201774209737778
1788815531.87016,0.005407584831118584,0.0,0.0,0.0,0.0,0.008201774209737778
1788815531.9202614,0.005511125549674034,0.0,0.0,0.0,0.0,0.008547518402338028
1788815531.970173,0.005511125549674034,0.0,0.0,0.0,0.0,0.008547518402338028
1788815532.020524,0.005507614929229021,0.0,0.0,0.0,0.0,0.008579225279390812
1788815532.0701993,0.005507614929229021,0.0,0.0,0.0,0.0,0.008579225279390812
1788815532.120363,0.005379360634833574,0.0,0.0,0.0,0.0,0.00825180672109127
1788815532.1702137,0.005379360634833574,0.0,0.0,0.0,0.0,0.00825180672109127
1788815532.2202594,0.0051849475130438805,0.0,0.0,0.0,0.0,0.007721012458205223
1788815532.2700295,0.0051849475130438805,0.0,0.0,0.0,0.0,0.007721012458205223
1788815532.320271,0.0050637321546673775,0.0,0.0,0.0,0.0,0.007383433170616627
1788815532.3701913,0.0050637321546673775,0.0,0.0,0.0,0.0,0.007383433170616627
1788815532.4202616,0.005069589242339134,0.0,0.0,0.0,0.0,0.007406221702694893
1788815532.4700558,0.005069589242339134,0.0,0.0,0.0,0.0,0.007406221702694893
1788815532.5204618,0.005119527690112591,0.0,0.0,0.0,0.0,0.00757544906809926
1788815532.5709543,0.005119527690112591,0.0,0.0,0.0,0.0,0.00757544906809926
1788815532.6203465,0.005091620143502951,0.0,0.0,0.0,0.0,0.007539787329733372
1788815532.6701016,0.005091620143502951,0.0,0.0,0.0,0.0,0.007539787329733372
1788815532.7204487,0.00500354403629899,0.0,0.0,0.0,0.0,0.007360979914665222
1788815532.7702832,0.00500354403629899,0.0,0.0,0.0,0.0,0.007360979914665222
1788815532.8203487,0.004810711368918419,0.0,0.0,0.0,0.0,0.0068725710734725
1788815532.8700945,0.004810711368918419,0.0,0.0,0.0,0.0,0.0068725710734725
1788815532.92047,0.004730641841888428,0.0,0.0,0.0,0.0,0.006727835163474083
1788815532.9702878,0.004730641841888428,0.0,0.0,0.0,0.0,0.006727835163474083
1788815533.0202124,0.004628535360097885,0.0,0.0,0.0,0.0,0.0065003205090761185
1788815533.0699723,0.004628535360097885,0.0,0.0,0.0,0.0,0.0065003205090761185
1788815533.1202838,0.004434465896338224,0.0,0.0,0.0,0.0,0.005998014938086271
1788815533.1701932,0.004434465896338224,0.0,0.0,0.0,0.0,0.005998014938086271
1788815533.2203372,0.004204058088362217,0.0,0.0,0.0,0.0,0.005380779504776001
1788815533.2703555,0.004204058088362217,0.0,0.0,0.0,0.0,0.005380779504776001
1788815533.3203855,0.004062323365360498,0.0,0.0,0.0,0.0,0.004995684139430523
1788815533.3700397,0.004062323365360498,0.0,0.0,0.0,0.0,0.004995684139430523
1788815533.4203978,0.00398294860497117,0.0,0.0,0.0,0.0,0.004768017679452896
1788815533.4702306,0.00398294860497117,0.0,0.0,0.0,0.0,0.004768017679452896
1788815533.520345,0.004011804703623056,0.0,0.0,0.0,0.0,0.004841135814785957
1788815533.5702424,0.004011804703623056,0.0,0.0,0.0,0.0,0.004841135814785957
1788815533.6203568,0.003913938999176025,0.0,0.0,0.0,0.0,0.004591548815369606
1788815533.6701195,0.003913938999176025,0.0,0.0,0.0,0.0,0.004591548815369606
1788815533.7206192,0.003859075717628002,0.0,0.0,0.0,0.0,0.004460579715669155
1788815533.7702148,0.003859075717628002,0.0,0.0,0.0,0.0,0.004460579715669155
1788815533.8204284,0.003812086768448353,0.0,0.0,0.0,0.0,0.004346763715147972
1788815533.8702285,0.003812086768448353,0.0,0.0,0.0,0.0,0.004346763715147972
1788815533.9206886,0.003789809998124838,0.0,0.0,0.0,0.0,0.004293168894946575
1788815533.9703367,0.003789809998124838,0.0,0.0,0.0,0.0,0.004293168894946575
1788815534.0202372,0.003776011522859335,0.0,0.0,0.0,0.0,0.004258986562490463
1788815534.070229,0.003776011522859335,0.0,0.0,0.0,0.0,0.004258986562490463
1788815534.120303,0.0037685127463191748,0.0,0.0,0.0,0.0,0.004240714013576508
1788815534.1701632,0.0037685127463191748,0.0,0.0,0.0,0.0,0.004240714013576508
1788815534.2203138,0.0037627907004207373,0.0,0.0,0.0,0.0,0.004227771889418364
1788815534.2701259,0.0037627907004207373,0.0,0.0,0.0,0.0,0.004227771889418364
1788815534.320242,0.0037581955548375845,0.0,0.0,0.0,0.0,0.004218879155814648
1788815534.3701184,0.0037581955548375845,0.0,0.0,0.0,0.0,0.004218879155814648
1788815534.4202716,0.003736750455573201,0.0,0.0,0.0,0.0,0.004179262090474367
1788815534.4701133,0.003736750455573201,0.0,0.0,0.0,0.0,0.004179262090474367
1788815534.520449,0.0038130180910229683,0.0,0.0,0.0,0.0,0.0043739015236496925
1788815534.5702207,0.0038130180910229683,0.0,0.0,0.0,0.0,0.0043739015236496925
1788815534.6204615,0.003897301619872451,0.0,0.0,0.0,0.0,0.0046074166893959045
1788815534.670041,0.003897301619872451,0.0,0.0,0.0,0.0,0.0046074166893959045
1788815534.7202888,0.0037928002420812845,0.0,0.0,0.0,0.0,0.004421167075634003
1788815534.769952,0.0037928002420812845,0.0,0.0,0.0,0.0,0.004421167075634003
1788815534.8204806,0.0036260411143302917,0.0,0.0,0.0,0.0,0.004079634789377451
1788815534.8701324,0.0036260411143302917,0.0,0.0,0.0,0.0,0.004079634789377451
1788815534.9202347,0.003507963614538312,0.0,0.0,0.0,0.0,0.0038398948963731527
1788815534.970191,0.003507963614538312,0.0,0.0,0.0,0.0,0.0038398948963731527
1788815535.0204694,0.003439679741859436,0.0,0.0,0.0,0.0,0.0036971326917409897
1788815535.0702643,0.003439679741859436,0.0,0.0,0.0,0.0,0.0036971326917409897
1788815535.1203113,0.003408492309972644,0.0,0.0,0.0,0.0,0.0036284958478063345
1788815535.1702166,0.003408492309972644,0.0,0.0,0.0,0.0,0.0036284958478063345
1788815535.2202892,0.00339517998509109,0.0,0.0,0.0,0.0,0.0035949191078543663
1788815535.2701278,0.00339517998509109,0.0,0.0,0.0,0.0,0.0035949191078543663
1788815535.3204265,0.0034453384578227997,0.0,0.0,0.0,0.0,0.0037212043534964323
1788815535.3701565,0.0034453384578227997,0.0,0.0,0.0,0.0,0.0037212043534964323
1788815535.4204385,0.0033536592964082956,0.0,0.0,0.0,0.0,0.003535797353833914
1788815535.4702415,0.0033536592964082956,0.0,0.0,0.0,0.0,0.003535797353833914
1788815535.5202472,0.003299269825220108,0.0,0.0,0.0,0.0,0.0034373386297374964
1788815535.5705123,0.003299269825220108,0.0,0.0,0.0,0.0,0.0034373386297374964
1788815535.620363,0.0032531563192605972,0.0,0.0,0.0,0.0,0.0033500741701573133
1788815535.6702707,0.0032531563192605972,0.0,0.0,0.0,0.0,0.0033500741701573133
1788815535.7205133,0.0032325717620551586,0.0,0.0,0.0,0.0,0.003312252229079604
1788815535.7704275,0.0032325717620551586,0.0,0.0,0.0,0.0,0.003312252229079604
1788815535.820465,0.0032212950754910707,0.0,0.0,0.0,0.0,0.0032894688192754984
1788815535.8702807,0.0032212950754910707,0.0,0.0,0.0,0.0,0.0032894688192754984
1788815535.9203956,0.003207842353731394,0.0,0.0,0.0,0.0,0.0032632281072437763
1788815535.9700887,0.003207842353731394,0.0,0.0,0.0,0.0,0.0032632281072437763
1788815536.0201254,0.0032553947530686855,0.0,0.0,0.0,0.0,0.0033859515096992254
1788815536.0702193,0.0032553947530686855,0.0,0.0,0.0,0.0,0.0033859515096992254
1788815536.120357,0.0031695342622697353,0.0,0.0,0.0,0.0,0.0032224473543465137
1788815536.1702816,0.0031695342622697353,0.0,0.0,0.0,0.0,0.0032224473543465137
1788815536.2201366,0.0031191869638860226,0.0,0.0,0.0,0.0,0.003136720973998308
1788815536.2701619,0.0031191869638860226,0.0,0.0,0.0,0.0,0.003136720973998308
1788815536.3200626,0.003076392225921154,0.0,0.0,0.0,0.0,0.0030592193361371756
1788815536.3701108,0.003076392225921154,0.0,0.0,0.0,0.0,0.0030592193361371756
1788815536.4204464,0.0030574104748666286,0.0,0.0,0.0,0.0,0.0030259243212640285
1788815536.4700794,0.0030574104748666286,0.0,0.0,0.0,0.0,0.0030259243212640285
1788815536.5204298,0.0031028150115162134,0.0,0.0,0.0,0.0,0.003141680033877492
1788815536.5701876,0.0031028150115162134,0.0,0.0,0.0,0.0,0.003141680033877492
1788815536.6202278,0.0030271634459495544,0.0,0.0,0.0,0.0,0.0029964898712933064
1788815536.6700904,0.0030271634459495544,0.0,0.0,0.0,0.0,0.0029964898712933064
1788815536.7203038,0.002982934471219778,0.0,0.0,0.0,0.0,0.002919105812907219
1788815536.7701776,0.002982934471219778,0.0,0.0,0.0,0.0,0.002919105812907219
1788815536.8203812,0.00303513091057539,0.0,0.0,0.0,0.0,0.003043104661628604
1788815536.8702438,0.00303513091057539,0.0,0.0,0.0,0.0,0.003043104661628604
1788815536.9202635,0.0030326666310429573,0.0,0.0,0.0,0.0,0.003056368324905634
1788815536.9704876,0.0030326666310429573,0.0,0.0,0.0,0.0,0.003056368324905634
1788815537.0203516,0.0029396291356533766,0.0,0.0,0.0,0.0,0.0028753087390214205
1788815537.0699682,0.0029396291356533766,0.0,0.0,0.0,0.0,0.0028753087390214205
1788815537.1202004,0.0,0.0,0.0,0.0,0.0,0.0
1788815537.1702087,0.0,0.0,0.0,0.0,0.0,0.0
1788815537.2204216,0.0,0.0,0.0,0.0,0.0,0.0
1788815537.2701516,0.0,0.0,0.0,0.0,0.0,0.0
1788815537.3203208,0.0,0.0,0.0,0.0,0.0,0.0
1788815537.370105,0.0,0.0,0.0,0.0,0.0,0.0
1788815537.4203725,0.0,0.0,0.0,0.0,0.0,0.0
1788815537.470131,0.0,0.0,0.0,0.0,0.0,0.0
1788815537.5203607,0.0,0.0,0.0,0.0,0.0,0.0
1788815537.570221,0.0,0.0,0.0,0.0,0.0,0.0
1788815537.6202254,0.0,0.0,0.0,0.0,0.0,0.0
1788815537.6701517,0.0,0.0,0.0,0.0,0.0,0.0
1788815537.7203097,0.0,0.0,0.0,0.0,0.0,0.0
1788815537.7702258,0.0,0.0,0.0,0.0,0.0,0.0
1788815537.820156,0.0,0.0,0.0,0.0,0.0,0.0
1788815537.8701468,0.0,0.0,0.0,0.0,0.0,0.0
1788815537.920234,0.0,0.0,0.0,0.0,0.0,0.0
1788815537.9702249,0.0,0.0,0.0,0.0,0.0,0.0
1788815538.0204582,0.0,0.0,0.0,0.0,0.0,0.0
1788815538.0701303,0.0,0.0,0.0,0.0,0.0,0.0
1788815538.120585,0.0,0.0,0.0,0.0,0.0,0.0
1788815538.1701095,0.0,0.0,0.0,0.0,0.0,0.0
1788815538.220338,0.0,0.0,0.0,0.0,0.0,0.0
1788815538.2698693,0.0,0.0,0.0,0.0,0.0,0.0
1788815538.3203204,0.0,0.0,0.0,0.0,0.0,0.0
1788815538.370097,0.0,0.0,0.0,0.0,0.0,0.0
1788815538.420328,0.0,0.0,0.0,0.0,0.0,0.0
1788815538.470147,0.0,0.0,0.0,0.0,0.0,0.0
1788815538.5203571,0.0,0.0,0.0,0.0,0.0,0.0
1788815538.5701292,0.0,0.0,0.0,0.0,0.0,0.0
1788815538.6203418,0.0,0.0,0.0,0.0,0.0,0.0
1788815538.670141,0.0,0.0,0.0,0.0,0.0,0.0
1788815538.7203536,0.0,0.0,0.0,0.0,0.0,0.0
1788815538.7701218,0.0,0.0,0.0,0.0,0.0,0.0
1788815538.8203406,0.0,0.0,0.0,0.0,0.0,0.0
1788815538.869934,0.0,0.0,0.0,0.0,0.0,0.0
1788815538.9203806,0.0,0.0,0.0,0.0,0.0,0.0
1788815538.9700336,0.0,0.0,0.0,0.0,0.0,0.0
1788815539.0201166,0.0,0.0,0.0,0.0,0.0,0.0
1788815539.0700462,0.0,0.0,0.0,0.0,0.0,0.0
1788815539.1202161,0.0,0.0,0.0,0.0,0.0,0.0
1788815539.1701393,0.0,0.0,0.0,0.0,0.0,0.0
1788815539.2203467,0.0,0.0,0.0,0.0,0.0,0.0
1788815539.2700846,0.0,0.0,0.0,0.0,0.0,0.0
1788815539.3203163,0.0,0.0,0.0,0.0,0.0,0.0
1788815539.3701108,0.0,0.0,0.0,0.0,0.0,0.0
1788815539.4202552,0.0,0.0,0.0,0.0,0.0,0.0
1788815539.47015,0.0,0.0,0.0,0.0,0.0,0.0
1788815539.5205016,0.0,0.0,0.0,0.0,0.0,0.0
1788815539.569986,0.0,0.0,0.0,0.0,0.0,0.0
1788815539.620187,0.0,0.0,0.0,0.0,0.0,0.0
1788815539.6699996,0.0,0.0,0.0,0.0,0.0,0.0
1788815539.7202713,0.0,0.0,0.0,0.0,0.0,0.0
1788815539.7700686,0.0,0.0,0.0,0.0,0.0,0.0
1788815539.8201907,0.0,0.0,0.0,0.0,0.0,0.0
1788815539.8702717,0.0,0.0,0.0,0.0,0.0,0.0
1788815539.919997,0.0,0.0,0.0,0.0,0.0,0.0
1788815539.970237,0.0,0.0,0.0,0.0,0.0,0.0
1788815540.0203197,0.0,0.0,0.0,0.0,0.0,0.0
1788815540.0701544,0.0,0.0,0.0,0.0,0.0,0.0
1788815540.1204526,0.0,0.0,0.0,0.0,0.0,0.0
1788815540.1702728,0.0,0.0,0.0,0.0,0.0,0.0
1788815540.2203789,0.0,0.0,0.0,0.0,0.0,0.0
1788815540.270106,0.0,0.0,0.0,0.0,0.0,0.0
1788815540.320363,0.0,0.0,0.0,0.0,0.0,0.0
1788815540.3701909,0.0,0.0,0.0,0.0,0.0,0.0
1788815540.4206398,0.0,0.0,0.0,0.0,0.0,0.0
1788815540.4701056,0.0,0.0,0.0,0.0,0.0,0.0
1788815540.5204325,0.0,0.0,0.0,0.0,0.0,0.0
1788815540.5701466,0.0,0.0,0.0,0.0,0.0,0.0
1788815540.6203694,0.0,0.0,0.0,0.0,0.0,0.0
1788815540.6703234,0.0,0.0,0.0,0.0,0.0,0.0
1788815540.720405,0.0,0.0,0.0,0.0,0.0,0.0
1788815540.7701466,0.0,0.0,0.0,0.0,0.0,0.0
1788815540.8203788,0.0,0.0,0.0,0.0,0.0,0.0
1788815540.870338,0.0,0.0,0.0,0.0,0.0,0.0
1788815540.920466,0.0,0.0,0.0,0.0,0.0,0.0
1788815540.9702446,0.0,0.0,0.0,0.0,0.0,0.0
1788815541.020364,0.0,0.0,0.0,0.0,0.0,0.0
1788815541.0701547,0.0,0.0,0.0,0.0,0.0,0.0
1788815541.1203098,0.0,0.0,0.0,0.0,0.0,0.0
1788815541.1701336,0.0,0.0,0.0,0.0,0.0,0.0
1788815541.2206035,0.0,0.0,0.0,0.0,0.0,0.0
1788815541.2702355,0.0,0.0,0.0,0.0,0.0,0.0
1788815541.3203084,0.0,0.0,0.0,0.0,0.0,0.0
1788815541.3701112,0.0,0.0,0.0,0.0,0.0,0.0
1788815541.4203017,0.0,0.0,0.0,0.0,0.0,0.0
1788815541.470128,0.0,0.0,0.0,0.0,0.0,0.0
1788815541.5204158,0.0,0.0,0.0,0.0,0.0,0.0
1788815541.5701878,0.0,0.0,0.0,0.0,0.0,0.0
1788815541.6203375,0.0,0.0,0.0,0.0,0.0,0.0
1788815541.6700082,0.0,0.0,0.0,0.0,0.0,0.0
1788815541.720367,0.0,0.0,0.0,0.0,0.0,0.0
1788815541.7701657,0.0,0.0,0.0,0.0,0.0,0.0
1788815541.820193,0.0,0.0,0.0,0.0,0.0,0.0
1788815541.8701313,0.0,0.0,0.0,0.0,0.0,0.0
1788815541.9203305,0.0,0.0,0.0,0.0,0.0,0.0
1788815541.9701166,0.0,0.0,0.0,0.0,0.0,0.0
1788815542.0203185,0.0,0.0,0.0,0.0,0.0,0.0
1788815542.0703063,0.0,0.0,0.0,0.0,0.0,0.0
1788815542.1202142,0.0,0.0,0.0,0.0,0.0,0.0
1788815542.1701062,0.0,0.0,0.0,0.0,0.0,0.0
1788815542.220349,0.0,0.0,0.0,0.0,0.0,0.0
1788815542.2702262,0.0,0.0,0.0,0.0,0.0,0.0
1788815542.3204741,0.0012880000285804272,0.0,0.0,0.0,0.0,-0.00407777214422822
1788815542.3701158,0.0012880000285804272,0.0,0.0,0.0,0.0,-0.00407777214422822
1788815542.4203508,0.003113559680059552,0.0,0.0,0.0,0.0,-0.005703842733055353
1788815542.47015,0.003113559680059552,0.0,0.0,0.0,0.0,-0.005703842733055353
1788815542.52033,0.005147433839738369,0.0,0.0,0.0,0.0,-0.00570669025182724
1788815542.570197,0.005147433839738369,0.0,0.0,0.0,0.0,-0.00570669025182724
1788815542.6203167,0.007033493835479021,0.0,0.0,0.0,0.0,-0.0059539638459682465
1788815542.670207,0.007033493835479021,0.0,0.0,0.0,0.0,-0.0059539638459682465
1788815542.7201674,0.008480742573738098,0.0,0.0,0.0,0.0,-0.006078226491808891
1788815542.7702618,0.008480742573738098,0.0,0.0,0.0,0.0,-0.006078226491808891
1788815542.820257,0.009451506659388542,0.0,0.0,0.0,0.0,-0.006384293083101511
1788815542.8704338,0.009451506659388542,0.0,0.0,0.0,0.0,-0.006384293083101511
1788815542.9202516,0.010101072490215302,0.0,0.0,0.0,0.0,-0.006881170906126499
1788815542.97014,0.010101072490215302,0.0,0.0,0.0,0.0,-0.006881170906126499
1788815543.0203204,0.010441873222589493,0.0,0.0,0.0,0.0,-0.007529254537075758
1788815543.0701008,0.010441873222589493,0.0,0.0,0.0,0.0,-0.007529254537075758
1788815543.1202943,0.010404513217508793,0.0,0.0,0.0,0.0,-0.007981183007359505
1788815543.1703682,0.010404513217508793,0.0,0.0,0.0,0.0,-0.007981183007359505
1788815543.220437,0.01009460724890232,0.0,0.0,0.0,0.0,-0.008335476741194725
1788815543.2704344,0.01009460724890232,0.0,0.0,0.0,0.0,-0.008335476741194725
1788815543.3202524,0.009714413434267044,0.0,0.0,0.0,0.0,-0.008780297823250294
1788815543.369949,0.009714413434267044,0.0,0.0,0.0,0.0,-0.008780297823250294
1788815543.4201567,0.009155225940048695,0.0,0.0,0.0,0.0,-0.009092962369322777
1788815543.469719,0.008571567945182323,0.0,0.0,0.0,0.0,-0.009450351819396019
1788815543.520386,0.008571567945182323,0.0,0.0,0.0,0.0,-0.009450351819396019
1788815543.5702832,0.008571567945182323,0.0,0.0,0.0,0.0,-0.009450351819396019
1788815543.6205454,0.007828501053154469,0.0,0.0,0.0,0.0,-0.009629201143980026
1788815543.670204,0.007828501053154469,0.0,0.0,0.0,0.0,-0.009629201143980026
1788815543.720269,0.006910027004778385,0.0,0.0,0.0,0.0,-0.00956714153289795
1788815543.7701373,0.006910027004778385,0.0,0.0,0.0,0.0,-0.00956714153289795
1788815543.820133,0.005913230590522289,0.0,0.0,0.0,0.0,-0.00928566139191389
1788815543.870077,0.005913230590522289,0.0,0.0,0.0,0.0,-0.00928566139191389
1788815543.9205484,0.00493259634822607,0.0,0.0,0.0,0.0,-0.008908037096261978
1788815543.9705448,0.00493259634822607,0.0,0.0,0.0,0.0,-0.008908037096261978
1788815544.0205755,0.0040276250801980495,0.0,0.0,0.0,0.0,-0.008465239778161049
1788815544.0701394,0.0040276250801980495,0.0,0.0,0.0,0.0,-0.008465239778161049
1788815544.120388,0.0033512599766254425,0.0,0.0,0.0,0.0,-0.008278852328658104
1788815544.1702216,0.0033512599766254425,0.0,0.0,0.0,0.0,-0.008278852328658104
1788815544.220574,0.0028394588734954596,0.0,0.0,0.0,0.0,-0.008229770697653294
1788815544.2699606,0.0028394588734954596,0.0,0.0,0.0,0.0,-0.008229770697653294
1788815544.3203394,0.002447663340717554,0.0,0.0,0.0,0.0,-0.008324744179844856
1788815544.3701358,0.002447663340717554,0.0,0.0,0.0,0.0,-0.008324744179844856
1788815544.4202833,0.0020697484724223614,0.0,0.0,0.0,0.0,-0.007813090458512306
1788815544.4700499,0.0020697484724223614,0.0,0.0,0.0,0.0,-0.007813090458512306
1788815544.520304,0.0018357448279857635,0.0,0.0,0.0,0.0,-0.008310090750455856
1788815544.570152,0.0018357448279857635,0.0,0.0,0.0,0.0,-0.008310090750455856
1788815544.6203144,0.0016236153896898031,0.0,0.0,0.0,0.0,-0.008577781729400158
1788815544.6702344,0.0016236153896898031,0.0,0.0,0.0,0.0,-0.008577781729400158
1788815544.7202454,0.0014995548408478498,0.0,0.0,0.0,0.0,-0.009547021239995956
1788815544.770162,0.0014995548408478498,0.0,0.0,0.0,0.0,-0.009547021239995956
1788815544.820253,0.001291259890422225,0.0,0.0,0.0,0.0,-0.009321948513388634
1788815544.8701282,0.001291259890422225,0.0,0.0,0.0,0.0,-0.009321948513388634
1788815544.9204109,0.0011099668918177485,0.0,0.0,0.0,0.0,-0.009247595444321632
1788815544.9706411,0.000939960649702698,0.0,0.0,0.0,0.0,-0.00910249538719654
1788815545.020225,0.000939960649702698,0.0,0.0,0.0,0.0,-0.00910249538719654
1788815545.0703452,0.000939960649702698,0.0,0.0,0.0,0.0,-0.00910249538719654
1788815545.120576,0.0007965696277096868,0.0,0.0,0.0,0.0,-0.009073030203580856
1788815545.1700413,0.0007965696277096868,0.0,0.0,0.0,0.0,-0.009073030203580856
1788815545.2203157,0.0006723531987518072,0.0,0.0,0.0,0.0,-0.009068152867257595
1788815545.2699876,0.0006723531987518072,0.0,0.0,0.0,0.0,-0.009068152867257595
1788815545.3203838,0.0005661489558406174,0.0,0.0,0.0,0.0,-0.009090430103242397
1788815545.3701882,0.0005661489558406174,0.0,0.0,0.0,0.0,-0.009090430103242397
1788815545.420184,0.00047448009718209505,0.0,0.0,0.0,0.0,-0.009113968349993229
1788815545.470157,0.00047448009718209505,0.0,0.0,0.0,0.0,-0.009113968349993229
1788815545.520311,0.00039567804196849465,0.0,0.0,0.0,0.0,-0.009137896820902824
1788815545.5701985,0.00039567804196849465,0.0,0.0,0.0,0.0,-0.009137896820902824
1788815545.6202939,0.00032794399885460734,0.0,0.0,0.0,0.0,-0.0091591477394104
1788815545.6701932,0.00032794399885460734,0.0,0.0,0.0,0.0,-0.0091591477394104
1788815545.7203524,0.00027005496667698026,0.0,0.0,0.0,0.0,-0.00917897466570139
1788815545.7702157,0.00027005496667698026,0.0,0.0,0.0,0.0,-0.00917897466570139
1788815545.8203642,0.0002208906225860119,0.0,0.0,0.0,0.0,-0.009197572246193886
1788815545.870125,0.0002208906225860119,0.0,0.0,0.0,0.0,-0.009197572246193886
1788815545.9202178,0.00017940712859854102,0.0,0.0,0.0,0.0,-0.009215513244271278
1788815545.9701283,0.00017940712859854102,0.0,0.0,0.0,0.0,-0.009215513244271278
1788815546.0203404,0.00014459277736023068,0.0,0.0,0.0,0.0,-0.009232893586158752
1788815546.0699754,0.00014459277736023068,0.0,0.0,0.0,0.0,-0.009232893586158752
1788815546.1205444,0.00017835211474448442,0.0,0.0,0.0,0.0,-0.009893442504107952
1788815546.1702101,0.00012045964831486344,0.0,0.0,0.0,0.0,-0.009476512670516968
1788815546.2202733,0.00012045964831486344,0.0,0.0,0.0,0.0,-0.009476512670516968
1788815546.2696404,7.432245183736086e-05,0.0,0.0,0.0,0.0,-0.009286534041166306
1788815546.3203259,7.432245183736086e-05,0.0,0.0,0.0,0.0,-0.009286534041166306
1788815546.3700578,7.432245183736086e-05,0.0,0.0,0.0,0.0,-0.009286534041166306
1788815546.4203353,2.6971043553203344e-05,0.0,0.0,0.0,0.0,-0.009083177894353867
1788815546.4702303,-6.700982339680195e-06,0.0,0.0,0.0,0.0,-0.009018588811159134
1788815546.520274,-6.700982339680195e-06,0.0,0.0,0.0,0.0,-0.009018588811159134
1788815546.5702596,-3.3121323212981224e-05,0.0,0.0,0.0,0.0,-0.008989550173282623
1788815546.620265,-3.3121323212981224e-05,0.0,0.0,0.0,0.0,-0.008989550173282623
1788815546.6701837,-3.3121323212981224e-05,0.0,0.0,0.0,0.0,-0.008989550173282623
1788815546.7203755,-5.313963629305363e-05,0.0,0.0,0.0,0.0,-0.008992234244942665
1788815546.770468,-5.313963629305363e-05,0.0,0.0,0.0,0.0,-0.008992234244942665
1788815546.8201563,-6.968551315367222e-05,0.0,0.0,0.0,0.0,-0.008999556303024292
1788815546.8701098,-6.968551315367222e-05,0.0,0.0,0.0,0.0,-0.008999556303024292
1788815546.920431,-8.38342821225524e-05,0.0,0.0,0.0,0.0,-0.009010199457406998
1788815546.9702327,-3.359501715749502e-05,0.0,0.0,0.0,0.0,-0.009663481265306473
1788815547.0202959,-3.359501715749502e-05,0.0,0.0,0.0,0.0,-0.009663481265306473
1788815547.0700285,-8.044112473726273e-05,0.0,0.0,0.0,0.0,-0.009294118732213974
1788815547.1201587,-8.044112473726273e-05,0.0,0.0,0.0,0.0,-0.009294118732213974
1788815547.170136,-0.00011532707139849663,0.0,0.0,0.0,0.0,-0.00912515725940466
1788815547.2202904,-0.00011532707139849663,0.0,0.0,0.0,0.0,-0.00912515725940466
1788815547.2701793,-0.00011532707139849663,0.0,0.0,0.0,0.0,-0.00912515725940466
1788815547.3204162,-0.00015307776629924774,0.0,0.0,0.0,0.0,-0.00893356092274189
1788815547.3698826,-0.00011610542424023151,0.0,0.0,0.0,0.0,-0.0095125213265419
1788815547.4203434,-0.00011610542424023151,0.0,0.0,0.0,0.0,-0.0095125213265419
1788815547.4698386,-0.0001686683390289545,0.0,0.0,0.0,0.0,-0.008996104821562767
1788815547.5203676,-0.0001686683390289545,0.0,0.0,0.0,0.0,-0.008996104821562767
1788815547.5697644,-0.00021240708883851767,0.0,0.0,0.0,0.0,-0.008763978257775307
1788815547.6202273,-0.00021240708883851767,0.0,0.0,0.0,0.0,-0.008763978257775307
1788815547.6699967,-0.00025959115009754896,0.0,0.0,0.0,0.0,-0.008533784188330173
1788815547.7202156,-0.00025959115009754896,0.0,0.0,0.0,0.0,-0.008533784188330173
1788815547.7696693,-0.00029139965772628784,0.0,0.0,0.0,0.0,-0.008353140205144882
1788815547.8201804,-0.00029139965772628784,0.0,0.0,0.0,0.0,-0.008353140205144882
1788815547.8702278,-0.00029139965772628784,0.0,0.0,0.0,0.0,-0.008353140205144882
1788815547.9204538,-0.0003235889598727226,0.0,0.0,0.0,0.0,-0.008265065029263496
1788815547.969545,-0.0003500755410641432,0.0,0.0,0.0,0.0,-0.0081785898655653
1788815548.0202174,-0.0003500755410641432,0.0,0.0,0.0,0.0,-0.0081785898655653
1788815548.0700526,-0.0003500755410641432,0.0,0.0,0.0,0.0,-0.0081785898655653
1788815548.1203394,-0.00037744268774986267,0.0,0.0,0.0,0.0,-0.008147425018250942
1788815548.1701107,-0.00037744268774986267,0.0,0.0,0.0,0.0,-0.008147425018250942
1788815548.2203128,-0.0004025131929665804,0.0,0.0,0.0,0.0,-0.008135350421071053
1788815548.270602,-0.0004253844963386655,0.0,0.0,0.0,0.0,-0.008137552067637444
1788815548.320295,-0.0004253844963386655,0.0,0.0,0.0,0.0,-0.008137552067637444
1788815548.369937,-0.0004455576417967677,0.0,0.0,0.0,0.0,-0.008142591454088688
1788815548.4202197,-0.0004455576417967677,0.0,0.0,0.0,0.0,-0.008142591454088688
1788815548.469637,-0.0004634148208424449,0.0,0.0,0.0,0.0,-0.008148870430886745
1788815548.52011,-0.0004634148208424449,0.0,0.0,0.0,0.0,-0.008148870430886745
1788815548.569819,-0.00047926895786076784,0.0,0.0,0.0,0.0,-0.00815493892878294
1788815548.6202517,-0.00047926895786076784,0.0,0.0,0.0,0.0,-0.00815493892878294
1788815548.670219,-0.00047926895786076784,0.0,0.0,0.0,0.0,-0.00815493892878294
1788815548.7202234,-0.0004277637926861644,0.0,0.0,0.0,0.0,-0.008700313046574593
1788815548.770048,-0.0004277637926861644,0.0,0.0,0.0,0.0,-0.008700313046574593
1788815548.8204167,-0.0004771868698298931,0.0,0.0,0.0,0.0,-0.00822257436811924
1788815548.8699095,-0.0004771868698298931,0.0,0.0,0.0,0.0,-0.00822257436811924
1788815548.9204152,-0.0005198692670091987,0.0,0.0,0.0,0.0,-0.00799231231212616
1788815548.9703798,-0.0005668275989592075,0.0,0.0,0.0,0.0,-0.007772717624902725
1788815549.0203004,-0.0005668275989592075,0.0,0.0,0.0,0.0,-0.007772717624902725
1788815549.0703528,-0.0005668275989592075,0.0,0.0,0.0,0.0,-0.007772717624902725
1788815549.1201622,-0.0005374688189476728,0.0,0.0,0.0,0.0,-0.008289490826427937
1788815549.1701505,-0.0005374688189476728,0.0,0.0,0.0,0.0,-0.008289490826427937
1788815549.2201607,-0.0005980053683742881,0.0,0.0,0.0,0.0,-0.007741088978946209
1788815549.2702749,-0.0005980053683742881,0.0,0.0,0.0,0.0,-0.007741088978946209
1788815549.3203332,-0.0006489410297945142,0.0,0.0,0.0,0.0,-0.007487913593649864
1788815549.3704169,-0.0006489410297945142,0.0,0.0,0.0,0.0,-0.007487913593649864
1788815549.4201398,-0.0006367485038936138,0.0,0.0,0.0,0.0,-0.007787113077938557
1788815549.4702294,-0.0006367485038936138,0.0,0.0,0.0,0.0,-0.007787113077938557
1788815549.5203109,-0.000715743051841855,0.0,0.0,0.0,0.0,-0.007323975209146738
1788815549.5703068,-0.000715743051841855,0.0,0.0,0.0,0.0,-0.007323975209146738
1788815549.6203187,-0.0007743585156276822,0.0,0.0,0.0,0.0,-0.007093289867043495
1788815549.6700714,-0.0007743585156276822,0.0,0.0,0.0,0.0,-0.007093289867043495
1788815549.7203565,-0.0008287276141345501,0.0,0.0,0.0,0.0,-0.006886298768222332
1788815549.7700825,-0.0008287276141345501,0.0,0.0,0.0,0.0,-0.006886298768222332
1788815549.820291,-0.0008658095030114055,0.0,0.0,0.0,0.0,-0.0068045854568481445
1788815549.8702757,-0.0008658095030114055,0.0,0.0,0.0,0.0,-0.0068045854568481445
1788815549.920343,-0.0008939446415752172,0.0,0.0,0.0,0.0,-0.006759149022400379
1788815549.9702172,-0.0008939446415752172,0.0,0.0,0.0,0.0,-0.006759149022400379
1788815550.020326,-0.0009145273361355066,0.0,0.0,0.0,0.0,-0.006742721889168024
1788815550.070149,-0.0009145273361355066,0.0,0.0,0.0,0.0,-0.006742721889168024
1788815550.1202815,-0.000930670415982604,0.0,0.0,0.0,0.0,-0.006732466630637646
1788815550.170246,-0.000930670415982604,0.0,0.0,0.0,0.0,-0.006732466630637646
1788815550.220341,-0.0009433848317712545,0.0,0.0,0.0,0.0,-0.0067265029065310955
1788815550.2700412,-0.0009433848317712545,0.0,0.0,0.0,0.0,-0.0067265029065310955
1788815550.3202674,-0.000953572103753686,0.0,0.0,0.0,0.0,-0.006721800193190575
1788815550.3700998,-0.000953572103753686,0.0,0.0,0.0,0.0,-0.006721800193190575
1788815550.420273,-0.0009616577299311757,0.0,0.0,0.0,0.0,-0.0067186011001467705
1788815550.4699943,-0.0009616577299311757,0.0,0.0,0.0,0.0,-0.0067186011001467705
1788815550.5202303,-0.0009680521907284856,0.0,0.0,0.0,0.0,-0.006716517731547356
1788815550.5699003,-0.0009730663150548935,0.0,0.0,0.0,0.0,-0.0067154294811189175
1788815550.620189,-0.0009730663150548935,0.0,0.0,0.0,0.0,-0.0067154294811189175
1788815550.670738,-0.0009769878815859556,0.0,0.0,0.0,0.0,-0.006715079769492149
1788815550.7202766,-0.0009769878815859556,0.0,0.0,0.0,0.0,-0.006715079769492149
1788815550.7701406,-0.0009769878815859556,0.0,0.0,0.0,0.0,-0.006715079769492149
1788815550.820231,-0.000980075797997415,0.0,0.0,0.0,0.0,-0.006715254858136177
1788815550.8703685,-0.0009825245942920446,0.0,0.0,0.0,0.0,-0.006715800613164902
1788815550.9203591,-0.0009825245942920446,0.0,0.0,0.0,0.0,-0.006715800613164902
1788815550.9699419,-0.000984505983069539,0.0,0.0,0.0,0.0,-0.006716604344546795
1788815551.0202956,-0.000984505983069539,0.0,0.0,0.0,0.0,-0.006716604344546795
1788815551.069934,-0.000986153376288712,0.0,0.0,0.0,0.0,-0.006717590615153313
1788815551.1204493,-0.000986153376288712,0.0,0.0,0.0,0.0,-0.006717590615153313
1788815551.17017,-0.000986153376288712,0.0,0.0,0.0,0.0,-0.006717590615153313
1788815551.2203376,-0.0009875679388642311,0.0,0.0,0.0,0.0,-0.0067186965607106686
1788815551.2695644,-0.0009888318600133061,0.0,0.0,0.0,0.0,-0.006719888653606176
1788815551.3204508,-0.0009888318600133061,0.0,0.0,0.0,0.0,-0.006719888653606176
1788815551.3697145,-0.000990001019090414,0.0,0.0,0.0,0.0,-0.006721146404743195
1788815551.4205468,-0.000990001019090414,0.0,0.0,0.0,0.0,-0.006721146404743195
1788815551.4700756,-0.0009911154629662633,0.0,0.0,0.0,0.0,-0.006722441408783197
1788815551.5204437,-0.0009911154629662633,0.0,0.0,0.0,0.0,-0.006722441408783197
1788815551.5703862,-0.0009922118624672294,0.0,0.0,0.0,0.0,-0.006723758764564991
1788815551.6201637,-0.0009922118624672294,0.0,0.0,0.0,0.0,-0.006723758764564991
1788815551.6699145,-0.0009933068649843335,0.0,0.0,0.0,0.0,-0.00672507006675005
1788815551.7203205,-0.0009933068649843335,0.0,0.0,0.0,0.0,-0.00672507006675005
1788815551.7698834,-0.0009944115299731493,0.0,0.0,0.0,0.0,-0.0067263818345963955
1788815551.8204482,-0.0009944115299731493,0.0,0.0,0.0,0.0,-0.0067263818345963955
1788815551.8701382,-0.0009944115299731493,0.0,0.0,0.0,0.0,-0.0067263818345963955
1788815551.9203794,-0.0009955322602763772,0.0,0.0,0.0,0.0,-0.00672766612842679
1788815551.970094,-0.0009955322602763772,0.0,0.0,0.0,0.0,-0.00672766612842679
1788815552.0202463,-0.000996671267785132,0.0,0.0,0.0,0.0,-0.006728925742208958
1788815552.0702436,-0.000996671267785132,0.0,0.0,0.0,0.0,-0.006728925742208958
1788815552.1203341,-0.0009978280868381262,0.0,0.0,0.0,0.0,-0.0067301541566848755
1788815552.1703033,-0.0009978280868381262,0.0,0.0,0.0,0.0,-0.0067301541566848755
1788815552.220301,0.0,0.0,0.0,0.0,0.0,0.0
1788815552.2704546,0.0,0.0,0.0,0.0,0.0,0.0
1788815552.320207,0.0,0.0,0.0,0.0,0.0,0.0
1788815552.3700616,0.0,0.0,0.0,0.0,0.0,0.0
1788815552.4201992,0.005958593916147947,0.0,0.0,0.0,0.0,0.001944136107340455
1788815552.469909,0.005958593916147947,0.0,0.0,0.0,0.0,0.001944136107340455
1788815552.5203412,0.011164326220750809,0.0,0.0,0.0,0.0,0.0030286097899079323
1788815552.5701723,0.011164326220750809,0.0,0.0,0.0,0.0,0.0030286097899079323
1788815552.6203134,0.01527477614581585,0.0,0.0,0.0,0.0,0.0027701249346137047
1788815552.6701076,0.01527477614581585,0.0,0.0,0.0,0.0,0.0027701249346137047
1788815552.7203014,0.017116298899054527,0.0,0.0,0.0,0.0,0.0026733458507806063
1788815552.7702243,0.017116298899054527,0.0,0.0,0.0,0.0,0.0026733458507806063
1788815552.8203108,0.017621301114559174,0.0,0.0,0.0,0.0,0.0025495681911706924
1788815552.870164,0.017621301114559174,0.0,0.0,0.0,0.0,0.0025495681911706924
1788815552.9205809,0.017331784591078758,0.0,0.0,0.0,0.0,0.002484335796907544
1788815552.9702096,0.017331784591078758,0.0,0.0,0.0,0.0,0.002484335796907544
1788815553.0202332,0.016657251864671707,0.0,0.0,0.0,0.0,0.0021540746092796326
1788815553.0701058,0.016657251864671707,0.0,0.0,0.0,0.0,0.0021540746092796326
1788815553.1203344,0.01013939082622528,0.0,0.0,0.0,0.0,0.007294442504644394
1788815553.170169,0.01013939082622528,0.0,0.0,0.0,0.0,0.007294442504644394
1788815553.2202086,0.005187213886529207,0.0,0.0,0.0,0.0,0.009172315709292889
1788815553.2699137,0.005187213886529207,0.0,0.0,0.0,0.0,0.009172315709292889
1788815553.3202107,0.0009670956060290337,0.0,0.0,0.0,0.0,0.009706506505608559
1788815553.370117,0.0009670956060290337,0.0,0.0,0.0,0.0,0.009706506505608559
1788815553.4200878,-0.0018604651559144258,0.0,0.0,0.0,0.0,0.009392130188643932
1788815553.470552,-0.0018604651559144258,0.0,0.0,0.0,0.0,0.009392130188643932
1788815553.5202994,-0.0043107932433485985,0.0,0.0,0.0,0.0,0.007243417203426361
1788815553.5699623,-0.0043107932433485985,0.0,0.0,0.0,0.0,0.007243417203426361
1788815553.6203241,-0.005841169506311417,0.0,0.0,0.0,0.0,0.005855475552380085
1788815553.6702735,-0.005841169506311417,0.0,0.0,0.0,0.0,0.005855475552380085
1788815553.7204387,-0.007588873617351055,0.0,0.0,0.0,0.0,0.0030530542135238647
1788815553.770162,-0.007588873617351055,0.0,0.0,0.0,0.0,0.0030530542135238647
1788815553.8201473,-0.007912118919193745,0.0,0.0,0.0,0.0,0.004566515330225229
1788815553.8701751,-0.007912118919193745,0.0,0.0,0.0,0.0,0.004566515330225229
1788815553.9203455,-0.008159707300364971,0.0,0.0,0.0,0.0,0.005367923993617296
1788815553.9699738,-0.008159707300364971,0.0,0.0,0.0,0.0,0.005367923993617296
1788815554.0202823,-0.008221150375902653,0.0,0.0,0.0,0.0,0.006213438231498003
1788815554.0702052,-0.008221150375902653,0.0,0.0,0.0,0.0,0.006213438231498003
1788815554.1201386,-0.008170614950358868,0.0,0.0,0.0,0.0,0.00685972161591053
1788815554.1701257,-0.008170614950358868,0.0,0.0,0.0,0.0,0.00685972161591053
1788815554.2203057,-0.008307629264891148,0.0,0.0,0.0,0.0,0.006859646178781986
1788815554.2700374,-0.008307629264891148,0.0,0.0,0.0,0.0,0.006859646178781986
1788815554.3201933,-0.008394076488912106,0.0,0.0,0.0,0.0,0.006835958920419216
1788815554.3701797,-0.008394076488912106,0.0,0.0,0.0,0.0,0.006835958920419216
1788815554.4204984,-0.00846906192600727,0.0,0.0,0.0,0.0,0.006795841734856367
1788815554.4704578,-0.00846906192600727,0.0,0.0,0.0,0.0,0.006795841734856367
1788815554.5203776,-0.008507502265274525,0.0,0.0,0.0,0.0,0.0068166968412697315
1788815554.5702195,-0.008507502265274525,0.0,0.0,0.0,0.0,0.0068166968412697315
1788815554.6201909,-0.008531318977475166,0.0,0.0,0.0,0.0,0.006863247603178024
1788815554.6701944,-0.008531318977475166,0.0,0.0,0.0,0.0,0.006863247603178024
1788815554.7200975,-0.008758783340454102,0.0,0.0,0.0,0.0,0.0071981847286224365
1788815554.7702162,-0.008758783340454102,0.0,0.0,0.0,0.0,0.0071981847286224365
1788815554.820453,-0.008808017708361149,0.0,0.0,0.0,0.0,0.007343087811022997
1788815554.8699865,-0.008808017708361149,0.0,0.0,0.0,0.0,0.007343087811022997
1788815554.9204495,-0.008641540072858334,0.0,0.0,0.0,0.0,0.007263359148055315
1788815554.970259,-0.008641540072858334,0.0,0.0,0.0,0.0,0.007263359148055315
1788815555.020315,-0.008461418561637402,0.0,0.0,0.0,0.0,0.007199331186711788
1788815555.0700066,-0.008461418561637402,0.0,0.0,0.0,0.0,0.007199331186711788
1788815555.1203825,-0.008399094454944134,0.0,0.0,0.0,0.0,0.007311111316084862
1788815555.1700277,-0.008399094454944134,0.0,0.0,0.0,0.0,0.007311111316084862
1788815555.2202659,-0.008367670699954033,0.0,0.0,0.0,0.0,0.0074816253036260605
1788815555.2700949,-0.008367670699954033,0.0,0.0,0.0,0.0,0.0074816253036260605
1788815555.320753,-0.00810426939278841,0.0,0.0,0.0,0.0,0.007377968169748783
1788815555.3700924,-0.00810426939278841,0.0,0.0,0.0,0.0,0.007377968169748783
1788815555.4205198,-0.00782574713230133,0.0,0.0,0.0,0.0,0.0072828130796551704
1788815555.4702315,-0.00782574713230133,0.0,0.0,0.0,0.0,0.0072828130796551704
1788815555.5203147,-0.007422340102493763,0.0,0.0,0.0,0.0,0.0070451851934194565
1788815555.570161,-0.007422340102493763,0.0,0.0,0.0,0.0,0.0070451851934194565
1788815555.6201859,-0.00710667110979557,0.0,0.0,0.0,0.0,0.006918807048350573
1788815555.6701648,-0.00710667110979557,0.0,0.0,0.0,0.0,0.006918807048350573
1788815555.720223,-0.006956853903830051,0.0,0.0,0.0,0.0,0.007020959630608559
1788815555.7702541,-0.006956853903830051,0.0,0.0,0.0,0.0,0.007020959630608559
1788815555.8202493,-0.006761949043720961,0.0,0.0,0.0,0.0,0.007037784904241562
1788815555.8701344,-0.006761949043720961,0.0,0.0,0.0,0.0,0.007037784904241562
1788815555.9201493,-0.00651256088167429,0.0,0.0,0.0,0.0,0.006990000139921904
1788815555.9701753,-0.00651256088167429,0.0,0.0,0.0,0.0,0.006990000139921904
1788815556.0204206,-0.006108805537223816,0.0,0.0,0.0,0.0,0.006727597676217556
1788815556.070031,-0.006108805537223816,0.0,0.0,0.0,0.0,0.006727597676217556
1788815556.1203308,-0.005901035387068987,0.0,0.0,0.0,0.0,0.006794428452849388
1788815556.1700568,-0.005901035387068987,0.0,0.0,0.0,0.0,0.006794428452849388
1788815556.2202713,-0.005533652380108833,0.0,0.0,0.0,0.0,0.0065782093442976475
1788815556.26998,-0.005533652380108833,0.0,0.0,0.0,0.0,0.0065782093442976475
1788815556.3205419,-0.005220700055360794,0.0,0.0,0.0,0.0,0.0064417473040521145
1788815556.370321,-0.005220700055360794,0.0,0.0,0.0,0.0,0.0064417473040521145
1788815556.420079,-0.00492248497903347,0.0,0.0,0.0,0.0,0.0063187540508806705
1788815556.4702563,-0.00492248497903347,0.0,0.0,0.0,0.0,0.0063187540508806705
1788815556.520317,-0.0046595376916229725,0.0,0.0,0.0,0.0,0.006240534130483866
1788815556.5701709,-0.0046595376916229725,0.0,0.0,0.0,0.0,0.006240534130483866
1788815556.6202798,-0.004419964272528887,0.0,0.0,0.0,0.0,0.006183656398206949
1788815556.6703072,-0.004419964272528887,0.0,0.0,0.0,0.0,0.006183656398206949
1788815556.7201138,-0.004094557836651802,0.0,0.0,0.0,0.0,0.005934406537562609
1788815556.770069,-0.004094557836651802,0.0,0.0,0.0,0.0,0.005934406537562609
1788815556.8204033,-0.003871056716889143,0.0,0.0,0.0,0.0,0.005836937576532364
1788815556.870128,-0.003871056716889143,0.0,0.0,0.0,0.0,0.005836937576532364
1788815556.9204743,-0.0037059192545711994,0.0,0.0,0.0,0.0,0.005801595747470856
1788815556.9705994,-0.0037059192545711994,0.0,0.0,0.0,0.0,0.005801595747470856
1788815557.0201185,-0.003596962196752429,0.0,0.0,0.0,0.0,0.0058281151577830315
1788815557.0702522,-0.003596962196752429,0.0,0.0,0.0,0.0,0.0058281151577830315
1788815557.1203084,-0.0035150274634361267,0.0,0.0,0.0,0.0,0.005870565306395292
1788815557.1699333,-0.0035150274634361267,0.0,0.0,0.0,0.0,0.005870565306395292
1788815557.2202299,-0.0034497429151088,0.0,0.0,0.0,0.0,0.005919911898672581
1788815557.2701874,-0.0034497429151088,0.0,0.0,0.0,0.0,0.005919911898672581
1788815557.320081,-0.0033925885800272226,0.0,0.0,0.0,0.0,0.005968066863715649
1788815557.3701465,-0.0033925885800272226,0.0,0.0,0.0,0.0,0.005968066863715649
1788815557.4204748,-0.003340901341289282,0.0,0.0,0.0,0.0,0.006015171762555838
1788815557.4700572,-0.003340901341289282,0.0,0.0,0.0,0.0,0.006015171762555838
1788815557.5202937,-0.0032930602319538593,0.0,0.0,0.0,0.0,0.006060965824872255
1788815557.570024,-0.0032930602319538593,0.0,0.0,0.0,0.0,0.006060965824872255
1788815557.6205528,-0.003248525783419609,0.0,0.0,0.0,0.0,0.006105965469032526
1788815557.6702347,-0.003248525783419609,0.0,0.0,0.0,0.0,0.006105965469032526
1788815557.7205837,-0.003284378442913294,0.0,0.0,0.0,0.0,0.0063773151487112045
1788815557.770228,-0.003284378442913294,0.0,0.0,0.0,0.0,0.0063773151487112045
1788815557.8204393,-0.0031354292295873165,0.0,0.0,0.0,0.0,0.006192238535732031
1788815557.8700037,-0.0031354292295873165,0.0,0.0,0.0,0.0,0.006192238535732031
1788815557.9204426,-0.003032203996554017,0.0,0.0,0.0,0.0,0.006131624337285757
1788815557.9702861,-0.003032203996554017,0.0,0.0,0.0,0.0,0.006131624337285757
1788815558.0204508,-0.0029362335335463285,0.0,0.0,0.0,0.0,0.006079613696783781
1788815558.0701563,-0.0029362335335463285,0.0,0.0,0.0,0.0,0.006079613696783781
1788815558.1202254,-0.002872808137908578,0.0,0.0,0.0,0.0,0.006091673392802477
1788815558.1700723,-0.002872808137908578,0.0,0.0,0.0,0.0,0.006091673392802477
1788815558.2202919,-0.0028011586982756853,0.0,0.0,0.0,0.0,0.006069382652640343
1788815558.2702048,-0.0028011586982756853,0.0,0.0,0.0,0.0,0.006069382652640343
1788815558.320197,-0.002747221617028117,0.0,0.0,0.0,0.0,0.0060821883380413055
1788815558.3703506,-0.002747221617028117,0.0,0.0,0.0,0.0,0.0060821883380413055
1788815558.420597,-0.00274833757430315,0.0,0.0,0.0,0.0,0.005520902574062347
1788815558.4702368,-0.00274833757430315,0.0,0.0,0.0,0.0,0.005520902574062347
1788815558.5202608,-0.0027278687339276075,0.0,0.0,0.0,0.0,0.006015383638441563
1788815558.5699482,-0.0027278687339276075,0.0,0.0,0.0,0.0,0.006015383638441563
1788815558.6202722,-0.00309584173373878,0.0,0.0,0.0,0.0,0.005486814770847559
1788815558.6700962,-0.00309584173373878,0.0,0.0,0.0,0.0,0.005486814770847559
1788815558.720309,-0.002853463403880596,0.0,0.0,0.0,0.0,0.006165467668324709
1788815558.7701879,-0.002853463403880596,0.0,0.0,0.0,0.0,0.006165467668324709
1788815558.8202078,-0.0027116863057017326,0.0,0.0,0.0,0.0,0.006478106137365103
1788815558.870074,-0.0027116863057017326,0.0,0.0,0.0,0.0,0.006478106137365103
1788815558.9203806,-0.0025653475895524025,0.0,0.0,0.0,0.0,0.006941288709640503
1788815558.9701211,-0.0025653475895524025,0.0,0.0,0.0,0.0,0.006941288709640503
1788815559.0202656,-0.002489242469891906,0.0,0.0,0.0,0.0,0.007156447973102331
1788815559.070164,-0.002489242469891906,0.0,0.0,0.0,0.0,0.007156447973102331
1788815559.120214,-0.0024380122777074575,0.0,0.0,0.0,0.0,0.00729816360399127
1788815559.1700728,-0.0024380122777074575,0.0,0.0,0.0,0.0,0.00729816360399127
1788815559.22052,-0.002408785978332162,0.0,0.0,0.0,0.0,0.007362879812717438
1788815559.2702494,-0.002408785978332162,0.0,0.0,0.0,0.0,0.007362879812717438
1788815559.32034,-0.0023870589211583138,0.0,0.0,0.0,0.0,0.007409466430544853
1788815559.3702,-0.0023870589211583138,0.0,0.0,0.0,0.0,0.007409466430544853
1788815559.4202788,-0.002369684400036931,0.0,0.0,0.0,0.0,0.007444480899721384
1788815559.4702454,-0.002369684400036931,0.0,0.0,0.0,0.0,0.007444480899721384
1788815559.5205595,-0.0023536020889878273,0.0,0.0,0.0,0.0,0.007477590348571539
1788815559.5699985,-0.0023536020889878273,0.0,0.0,0.0,0.0,0.007477590348571539
1788815559.6204956,-0.0023382981307804585,0.0,0.0,0.0,0.0,0.00750825135037303
1788815559.6701202,-0.0023382981307804585,0.0,0.0,0.0,0.0,0.00750825135037303
1788815559.7204792,-0.0023233762476593256,0.0,0.0,0.0,0.0,0.007537181489169598
1788815559.7701476,-0.0023233762476593256,0.0,0.0,0.0,0.0,0.007537181489169598
1788815559.8204715,-0.002308806637302041,0.0,0.0,0.0,0.0,0.007564088795334101
1788815559.8701172,-0.002308806637302041,0.0,0.0,0.0,0.0,0.007564088795334101
1788815559.9204988,-0.002287838840857148,0.0,0.0,0.0,0.0,0.007542251609265804
1788815559.970211,-0.002287838840857148,0.0,0.0,0.0,0.0,0.007542251609265804
1788815560.0203352,-0.0022701588459312916,0.0,0.0,0.0,0.0,0.007540748454630375
1788815560.0699542,-0.0022701588459312916,0.0,0.0,0.0,0.0,0.007540748454630375
1788815560.12034,-0.0022537705954164267,0.0,0.0,0.0,0.0,0.0075472514145076275
1788815560.1701334,-0.0022537705954164267,0.0,0.0,0.0,0.0,0.0075472514145076275
1788815560.2204008,-0.00223880959674716,0.0,0.0,0.0,0.0,0.0075636669062078
1788815560.270228,-0.00223880959674716,0.0,0.0,0.0,0.0,0.0075636669062078
1788815560.3203678,-0.0022242555860430002,0.0,0.0,0.0,0.0,0.007582149934023619
1788815560.3701704,-0.0022242555860430002,0.0,0.0,0.0,0.0,0.007582149934023619
1788815560.4203255,-0.0022100433707237244,0.0,0.0,0.0,0.0,0.007601182907819748
1788815560.4701898,-0.0022100433707237244,0.0,0.0,0.0,0.0,0.007601182907819748
1788815560.520599,-0.0021961014717817307,0.0,0.0,0.0,0.0,0.0076193124987185
1788815560.5701122,-0.0021961014717817307,0.0,0.0,0.0,0.0,0.0076193124987185
1788815560.6200907,-0.002182505326345563,0.0,0.0,0.0,0.0,0.007636610418558121
1788815560.6701915,-0.002182505326345563,0.0,0.0,0.0,0.0,0.007636610418558121
1788815560.720374,-0.0021465320605784655,0.0,0.0,0.0,0.0,0.0083851907402277
1788815560.7702239,-0.0021465320605784655,0.0,0.0,0.0,0.0,0.0083851907402277
1788815560.8204231,-0.0021155455615371466,0.0,0.0,0.0,0.0,0.007918483577668667
1788815560.870042,-0.0021155455615371466,0.0,0.0,0.0,0.0,0.007918483577668667
1788815560.9202552,-0.0020918473601341248,0.0,0.0,0.0,0.0,0.007711013779044151
1788815560.9701145,-0.0020918473601341248,0.0,0.0,0.0,0.0,0.007711013779044151
1788815561.020631,-0.002070532413199544,0.0,0.0,0.0,0.0,0.007486796472221613
1788815561.070168,-0.002070532413199544,0.0,0.0,0.0,0.0,0.007486796472221613
1788815561.12036,-0.0020229583606123924,0.0,0.0,0.0,0.0,0.008101839572191238
1788815561.170101,-0.0020229583606123924,0.0,0.0,0.0,0.0,0.008101839572191238
1788815561.2205644,-0.0019708811305463314,0.0,0.0,0.0,0.0,0.007466994225978851
1788815561.2700663,-0.0019708811305463314,0.0,0.0,0.0,0.0,0.007466994225978851
1788815561.3201933,-0.0019343853928148746,0.0,0.0,0.0,0.0,0.007178975734859705
1788815561.370279,-0.0019343853928148746,0.0,0.0,0.0,0.0,0.007178975734859705
1788815561.4205227,-0.0019044526852667332,0.0,0.0,0.0,0.0,0.006908389739692211
1788815561.470002,-0.0019044526852667332,0.0,0.0,0.0,0.0,0.006908389739692211
1788815561.5202148,-0.0018809863831847906,0.0,0.0,0.0,0.0,0.006820849142968655
1788815561.570056,-0.0018809863831847906,0.0,0.0,0.0,0.0,0.006820849142968655
1788815561.620327,-0.0018601592164486647,0.0,0.0,0.0,0.0,0.006777796894311905
1788815561.670052,-0.0018601592164486647,0.0,0.0,0.0,0.0,0.006777796894311905
1788815561.7202814,-0.0018418070394545794,0.0,0.0,0.0,0.0,0.0067723775282502174
1788815561.7701209,-0.0018418070394545794,0.0,0.0,0.0,0.0,0.0067723775282502174
1788815561.8204644,-0.0018252590671181679,0.0,0.0,0.0,0.0,0.006771215703338385
1788815561.870175,-0.0018252590671181679,0.0,0.0,0.0,0.0,0.006771215703338385
1788815561.9205725,-0.0018105432391166687,0.0,0.0,0.0,0.0,0.006773622706532478
1788815561.970027,-0.0018105432391166687,0.0,0.0,0.0,0.0,0.006773622706532478
1788815562.0203588,-0.0017974264919757843,0.0,0.0,0.0,0.0,0.0067759244702756405
1788815562.0703726,-0.0017974264919757843,0.0,0.0,0.0,0.0,0.0067759244702756405
1788815562.1203942,-0.0017857691273093224,0.0,0.0,0.0,0.0,0.006779282819479704
1788815562.17016,-0.0017857691273093224,0.0,0.0,0.0,0.0,0.006779282819479704
1788815562.2203307,-0.0017753539141267538,0.0,0.0,0.0,0.0,0.006783397402614355
1788815562.270066,-0.0017753539141267538,0.0,0.0,0.0,0.0,0.006783397402614355
1788815562.320284,0.0,0.0,0.0,0.0,0.0,0.0
1788815562.3701177,0.0,0.0,0.0,0.0,0.0,0.0
1788815562.4204445,0.0,0.0,0.0,0.0,0.0,0.0
1788815562.4701772,0.0,0.0,0.0,0.0,0.0,0.0
1788815562.5203633,0.0,0.0,0.0,0.0,0.0,0.0
1788815562.5701523,0.0,0.0,0.0,0.0,0.0,0.0
1788815562.6203408,0.0,0.0,0.0,0.0,0.0,0.0
1788815562.6703012,0.0,0.0,0.0,0.0,0.0,0.0
1788815562.7202468,0.0,0.0,0.0,0.0,0.0,0.0
1788815562.7701206,0.0,0.0,0.0,0.0,0.0,0.0
1788815562.8204644,0.0,0.0,0.0,0.0,0.0,0.0
1788815562.8701584,0.0,0.0,0.0,0.0,0.0,0.0
1788815562.920369,0.0,0.0,0.0,0.0,0.0,0.0
1788815562.9701452,0.0,0.0,0.0,0.0,0.0,0.0
1788815563.020435,0.0,0.0,0.0,0.0,0.0,0.0
1788815563.0700245,0.0,0.0,0.0,0.0,0.0,0.0
1788815563.120212,-0.00679105706512928,0.0,0.0,0.0,0.0,0.008454490453004837
1788815563.1701145,-0.00679105706512928,0.0,0.0,0.0,0.0,0.008454490453004837
1788815563.220566,-0.012059545144438744,0.0,0.0,0.0,0.0,0.013906151056289673
1788815563.270285,-0.012059545144438744,0.0,0.0,0.0,0.0,0.013906151056289673
1788815563.3203328,-0.015966979786753654,0.0,0.0,0.0,0.0,0.01753135956823826
1788815563.370347,-0.015966979786753654,0.0,0.0,0.0,0.0,0.01753135956823826
1788815563.4202404,-0.0179180558770895,0.0,0.0,0.0,0.0,0.01906423270702362
1788815563.4699996,-0.0179180558770895,0.0,0.0,0.0,0.0,0.01906423270702362
1788815563.5203698,-0.018841704353690147,0.0,0.0,0.0,0.0,0.02005775459110737
1788815563.5703003,-0.019195349887013435,0.0,0.0,0.0,0.0,0.02110571786761284
1788815563.6203976,-0.019195349887013435,0.0,0.0,0.0,0.0,0.02110571786761284
1788815563.6702552,-0.019195349887013435,0.0,0.0,0.0,0.0,0.02110571786761284
1788815563.7201903,-0.019226687029004097,0.0,0.0,0.0,0.0,0.022401683032512665
1788815563.7700768,-0.019226687029004097,0.0,0.0,0.0,0.0,0.022401683032512665
1788815563.8205478,-0.018514489755034447,0.0,0.0,0.0,0.0,0.02274933271110058
1788815563.8700466,-0.018514489755034447,0.0,0.0,0.0,0.0,0.02274933271110058
1788815563.9203126,-0.017604993656277657,0.0,0.0,0.0,0.0,0.02311166562139988
1788815563.970251,-0.017604993656277657,0.0,0.0,0.0,0.0,0.02311166562139988
1788815564.0203338,-0.016248898580670357,0.0,0.0,0.0,0.0,0.022646553814411163
1788815564.070059,-0.016248898580670357,0.0,0.0,0.0,0.0,0.022646553814411163
1788815564.120673,-0.014848009683191776,0.0,0.0,0.0,0.0,0.021992050111293793
1788815564.1700954,-0.014848009683191776,0.0,0.0,0.0,0.0,0.021992050111293793
1788815564.2202196,-0.013505682349205017,0.0,0.0,0.0,0.0,0.02129894308745861
1788815564.2700684,-0.013505682349205017,0.0,0.0,0.0,0.0,0.02129894308745861
1788815564.3203433,-0.012313049286603928,0.0,0.0,0.0,0.0,0.020856475457549095
1788815564.3701622,-0.012313049286603928,0.0,0.0,0.0,0.0,0.020856475457549095
1788815564.4203794,-0.011185819283127785,0.0,0.0,0.0,0.0,0.02039102464914322
1788815564.470164,-0.011185819283127785,0.0,0.0,0.0,0.0,0.02039102464914322
1788815564.5203736,-0.009920097887516022,0.0,0.0,0.0,0.0,0.01916009560227394
1788815564.5701754,-0.009920097887516022,0.0,0.0,0.0,0.0,0.01916009560227394
1788815564.6205409,-0.008837868459522724,0.0,0.0,0.0,0.0,0.018171340227127075
1788815564.6699576,-0.007903413847088814,0.0,0.0,0.0,0.0,0.0173796396702528
1788815564.7202108,-0.007903413847088814,0.0,0.0,0.0,0.0,0.0173796396702528
1788815564.7700417,-0.0070018889382481575,0.0,0.0,0.0,0.0,0.01640545018017292
1788815564.8204536,-0.0070018889382481575,0.0,0.0,0.0,0.0,0.01640545018017292
1788815564.8701625,-0.0070018889382481575,0.0,0.0,0.0,0.0,0.01640545018017292
1788815564.9204965,-0.006152675952762365,0.0,0.0,0.0,0.0,0.014950508251786232
1788815564.970173,-0.006152675952762365,0.0,0.0,0.0,0.0,0.014950508251786232
1788815565.0203917,-0.0056511592119932175,0.0,0.0,0.0,0.0,0.013606314547359943
1788815565.0701063,-0.0056511592119932175,0.0,0.0,0.0,0.0,0.013606314547359943
1788815565.1203458,-0.0052180420607328415,0.0,0.0,0.0,0.0,0.014147288165986538
1788815565.1702101,-0.0052180420607328415,0.0,0.0,0.0,0.0,0.014147288165986538
1788815565.2204146,-0.00496447691693902,0.0,0.0,0.0,0.0,0.013780384324491024
1788815565.2699428,-0.004705932457000017,0.0,0.0,0.0,0.0,0.014284241944551468
1788815565.3203545,-0.004705932457000017,0.0,0.0,0.0,0.0,0.014284241944551468
1788815565.3701875,-0.0045440238900482655,0.0,0.0,0.0,0.0,0.0136864660307765
1788815565.42031,-0.0045440238900482655,0.0,0.0,0.0,0.0,0.0136864660307765
1788815565.4699316,-0.004400013014674187,0.0,0.0,0.0,0.0,0.01339999120682478
1788815565.5203054,-0.004400013014674187,0.0,0.0,0.0,0.0,0.01339999120682478
1788815565.570048,-0.004400013014674187,0.0,0.0,0.0,0.0,0.01339999120682478
1788815565.6203597,-0.004276427906006575,0.0,0.0,0.0,0.0,0.013110720552504063
1788815565.670343,-0.0041597685776650906,0.0,0.0,0.0,0.0,0.012976711615920067
1788815565.7203753,-0.0041597685776650906,0.0,0.0,0.0,0.0,0.012976711615920067
1788815565.7702901,-0.0041597685776650906,0.0,0.0,0.0,0.0,0.012976711615920067
1788815565.8202233,-0.004048995207995176,0.0,0.0,0.0,0.0,0.012828000821173191
1788815565.8701017,-0.003950879443436861,0.0,0.0,0.0,0.0,0.01274218037724495
1788815565.920429,-0.003950879443436861,0.0,0.0,0.0,0.0,0.01274218037724495
1788815565.9699824,-0.0038665481843054295,0.0,0.0,0.0,0.0,0.0126727856695652
1788815566.0202851,-0.0038665481843054295,0.0,0.0,0.0,0.0,0.0126727856695652
1788815566.0700479,-0.0038665481843054295,0.0,0.0,0.0,0.0,0.0126727856695652
1788815566.1204116,-0.0037969681434333324,0.0,0.0,0.0,0.0,0.012619659304618835
1788815566.1704352,-0.0037969681434333324,0.0,0.0,0.0,0.0,0.012619659304618835
1788815566.220736,-0.003741666441783309,0.0,0.0,0.0,0.0,0.012569691985845566
1788815566.270077,-0.003741666441783309,0.0,0.0,0.0,0.0,0.012569691985845566
1788815566.3203726,-0.003700102912262082,0.0,0.0,0.0,0.0,0.01252199336886406
1788815566.370215,-0.003700102912262082,0.0,0.0,0.0,0.0,0.01252199336886406
1788815566.4204104,-0.0036622020415961742,0.0,0.0,0.0,0.0,0.012368975207209587
1788815566.470163,-0.0036622020415961742,0.0,0.0,0.0,0.0,0.012368975207209587
1788815566.5203886,-0.0036391785833984613,0.0,0.0,0.0,0.0,0.012271847575902939
1788815566.5703723,-0.0036391785833984613,0.0,0.0,0.0,0.0,0.012271847575902939
1788815566.6202922,-0.003627956146374345,0.0,0.0,0.0,0.0,0.012196581810712814
1788815566.6701984,-0.003627956146374345,0.0,0.0,0.0,0.0,0.012196581810712814
1788815566.7202818,-0.0036282020155340433,0.0,0.0,0.0,0.0,0.012146207503974438
1788815566.7701712,-0.0036282020155340433,0.0,0.0,0.0,0.0,0.012146207503974438
1788815566.8204362,-0.0036375110503286123,0.0,0.0,0.0,0.0,0.012102571316063404
1788815566.8702812,-0.0036375110503286123,0.0,0.0,0.0,0.0,0.012102571316063404
1788815566.9203637,-0.0036406624130904675,0.0,0.0,0.0,0.0,0.011903603561222553
1788815566.9700806,-0.0036406624130904675,0.0,0.0,0.0,0.0,0.011903603561222553
1788815567.0203245,-0.003654280211776495,0.0,0.0,0.0,0.0,0.011787861585617065
1788815567.070029,-0.003654280211776495,0.0,0.0,0.0,0.0,0.011787861585617065
1788815567.1204064,-0.0036742715165019035,0.0,0.0,0.0,0.0,0.011704592034220695
1788815567.1701894,-0.0036742715165019035,0.0,0.0,0.0,0.0,0.011704592034220695
1788815567.2205617,-0.0036353382747620344,0.0,0.0,0.0,0.0,0.01219002716243267
1788815567.270407,-0.003656384302303195,0.0,0.0,0.0,0.0,0.01171877607703209
1788815567.3202052,-0.003656384302303195,0.0,0.0,0.0,0.0,0.01171877607703209
1788815567.3701818,-0.003656384302303195,0.0,0.0,0.0,0.0,0.01171877607703209
1788815567.4203546,-0.003683820366859436,0.0,0.0,0.0,0.0,0.011478516273200512
1788815567.4703245,-0.003683820366859436,0.0,0.0,0.0,0.0,0.011478516273200512
1788815567.5204062,-0.003721059998497367,0.0,0.0,0.0,0.0,0.011238956823945045
1788815567.5703516,-0.003721059998497367,0.0,0.0,0.0,0.0,0.011238956823945045
1788815567.6203637,-0.0037555983290076256,0.0,0.0,0.0,0.0,0.011130294762551785
1788815567.6703637,-0.0037555983290076256,0.0,0.0,0.0,0.0,0.011130294762551785
1788815567.7204175,-0.0037888563238084316,0.0,0.0,0.0,0.0,0.011057499796152115
1788815567.770494,-0.0037888563238084316,0.0,0.0,0.0,0.0,0.011057499796152115
1788815567.820537,-0.0038202961441129446,0.0,0.0,0.0,0.0,0.01101627852767706
1788815567.8702288,-0.0038202961441129446,0.0,0.0,0.0,0.0,0.01101627852767706
1788815567.9202602,-0.0038508449215441942,0.0,0.0,0.0,0.0,0.010982132516801357
1788815567.9703,-0.0038508449215441942,0.0,0.0,0.0,0.0,0.010982132516801357
1788815568.0204172,-0.0038804810028523207,0.0,0.0,0.0,0.0,0.010953474789857864
1788815568.0702858,-0.0038804810028523207,0.0,0.0,0.0,0.0,0.010953474789857864
1788815568.120338,-0.003909138962626457,0.0,0.0,0.0,0.0,0.010926984250545502
1788815568.1702626,-0.003909138962626457,0.0,0.0,0.0,0.0,0.010926984250545502
1788815568.220448,-0.003936588764190674,0.0,0.0,0.0,0.0,0.010902983136475086
1788815568.2702696,-0.003936588764190674,0.0,0.0,0.0,0.0,0.010902983136475086
1788815568.3204048,-0.003962701186537743,0.0,0.0,0.0,0.0,0.010880997404456139
1788815568.3701975,-0.003962701186537743,0.0,0.0,0.0,0.0,0.010880997404456139
1788815568.420353,-0.003987424075603485,0.0,0.0,0.0,0.0,0.010860906913876534
1788815568.4702637,-0.003987424075603485,0.0,0.0,0.0,0.0,0.010860906913876534
1788815568.5203924,-0.004010768141597509,0.0,0.0,0.0,0.0,0.01084237638860941
1788815568.570097,-0.004010768141597509,0.0,0.0,0.0,0.0,0.01084237638860941
1788815568.620419,-0.003957509994506836,0.0,0.0,0.0,0.0,0.011250060051679611
1788815568.6701322,-0.003957509994506836,0.0,0.0,0.0,0.0,0.011250060051679611
1788815568.720311,-0.003817956196144223,0.0,0.0,0.0,0.0,0.011921817436814308
1788815568.7702715,-0.003817956196144223,0.0,0.0,0.0,0.0,0.011921817436814308
1788815568.8203259,-0.003818174358457327,0.0,0.0,0.0,0.0,0.010844734497368336
1788815568.870214,-0.003818174358457327,0.0,0.0,0.0,0.0,0.010844734497368336
1788815568.9203598,-0.003832985181361437,0.0,0.0,0.0,0.0,0.010219553485512733
1788815568.9701102,-0.003832985181361437,0.0,0.0,0.0,0.0,0.010219553485512733
1788815569.0204525,-0.003861560020595789,0.0,0.0,0.0,0.0,0.009704493917524815
1788815569.0703375,-0.003861560020595789,0.0,0.0,0.0,0.0,0.009704493917524815
1788815569.1204274,-0.003878803225234151,0.0,0.0,0.0,0.0,0.009482941590249538
1788815569.1700888,-0.003878803225234151,0.0,0.0,0.0,0.0,0.009482941590249538
1788815569.2201772,-0.003890441032126546,0.0,0.0,0.0,0.0,0.009359868243336678
1788815569.2703238,-0.003890441032126546,0.0,0.0,0.0,0.0,0.009359868243336678
1788815569.3202899,-0.0038979547098279,0.0,0.0,0.0,0.0,0.00930467527359724
1788815569.3700914,-0.0038979547098279,0.0,0.0,0.0,0.0,0.00930467527359724
1788815569.4202797,-0.0038340340834110975,0.0,0.0,0.0,0.0,0.009745304472744465
1788815569.4701877,-0.0038340340834110975,0.0,0.0,0.0,0.0,0.009745304472744465
1788815569.5204706,-0.0038244319148361683,0.0,0.0,0.0,0.0,0.009204362519085407
1788815569.5704043,-0.0038244319148361683,0.0,0.0,0.0,0.0,0.009204362519085407
1788815569.62036,-0.003820614656433463,0.0,0.0,0.0,0.0,0.008930693380534649
1788815569.6703057,-0.003820614656433463,0.0,0.0,0.0,0.0,0.008930693380534649
1788815569.7202814,-0.0038265890907496214,0.0,0.0,0.0,0.0,0.008682776242494583
1788815569.770174,-0.0038265890907496214,0.0,0.0,0.0,0.0,0.008682776242494583
1788815569.8203154,-0.0038302605971693993,0.0,0.0,0.0,0.0,0.008581691421568394
1788815569.870194,-0.0038302605971693993,0.0,0.0,0.0,0.0,0.008581691421568394
1788815569.9202905,-0.0038332263939082623,0.0,0.0,0.0,0.0,0.00852123461663723
1788815569.9703145,-0.0038332263939082623,0.0,0.0,0.0,0.0,0.00852123461663723
1788815570.0205317,-0.00383540871553123,0.0,0.0,0.0,0.0,0.008493180386722088
1788815570.070424,-0.00383540871553123,0.0,0.0,0.0,0.0,0.008493180386722088
1788815570.1205595,-0.0038381076883524656,0.0,0.0,0.0,0.0,0.008471446111798286
1788815570.170235,-0.0038381076883524656,0.0,0.0,0.0,0.0,0.008471446111798286
1788815570.220453,-0.003841573838144541,0.0,0.0,0.0,0.0,0.008454469032585621
1788815570.2698994,-0.003841573838144541,0.0,0.0,0.0,0.0,0.008454469032585621
1788815570.3201487,-0.003845872823148966,0.0,0.0,0.0,0.0,0.008439065888524055
1788815570.3702471,-0.003845872823148966,0.0,0.0,0.0,0.0,0.008439065888524055
1788815570.420399,-0.0037845394108444452,0.0,0.0,0.0,0.0,0.008961554616689682
1788815570.4701157,-0.0037845394108444452,0.0,0.0,0.0,0.0,0.008961554616689682
1788815570.5204296,-0.0037766185123473406,0.0,0.0,0.0,0.0,0.008462428115308285
1788815570.5700972,-0.0037766185123473406,0.0,0.0,0.0,0.0,0.008462428115308285
1788815570.6202557,-0.0037124869413673878,0.0,0.0,0.0,0.0,0.00880715623497963
1788815570.6699922,-0.0037124869413673878,0.0,0.0,0.0,0.0,0.00880715623497963
1788815570.7202513,-0.003713292069733143,0.0,0.0,0.0,0.0,0.008164842613041401
1788815570.7702131,-0.003713292069733143,0.0,0.0,0.0,0.0,0.008164842613041401
1788815570.820329,-0.003714851336553693,0.0,0.0,0.0,0.0,0.00788030307739973
1788815570.8701904,-0.003714851336553693,0.0,0.0,0.0,0.0,0.00788030307739973
1788815570.9206238,-0.003723071189597249,0.0,0.0,0.0,0.0,0.007620890159159899
1788815570.9701896,-0.003723071189597249,0.0,0.0,0.0,0.0,0.007620890159159899
1788815571.020431,-0.003726600669324398,0.0,0.0,0.0,0.0,0.007520217448472977
1788815571.0701928,-0.003726600669324398,0.0,0.0,0.0,0.0,0.007520217448472977
1788815571.1203601,-0.0037288693711161613,0.0,0.0,0.0,0.0,0.007458430714905262
1788815571.1702669,-0.0037288693711161613,0.0,0.0,0.0,0.0,0.007458430714905262
1788815571.2203526,-0.0037301562260836363,0.0,0.0,0.0,0.0,0.00743111502379179
1788815571.2701354,-0.0037301562260836363,0.0,0.0,0.0,0.0,0.00743111502379179
1788815571.3204038,-0.0037371055223047733,0.0,0.0,0.0,0.0,0.007376559544354677
1788815571.3702285,-0.0037371055223047733,0.0,0.0,0.0,0.0,0.007376559544354677
1788815571.4203968,-0.0036539153661578894,0.0,0.0,0.0,0.0,0.007436326704919338
1788815571.4702246,-0.0036539153661578894,0.0,0.0,0.0,0.0,0.007436326704919338
1788815571.5204053,-0.0037238653749227524,0.0,0.0,0.0,0.0,0.007327896077185869
1788815571.5700543,-0.0037238653749227524,0.0,0.0,0.0,0.0,0.007327896077185869
1788815571.620379,-0.003811153117567301,0.0,0.0,0.0,0.0,0.007517568301409483
1788815571.6701484,-0.003811153117567301,0.0,0.0,0.0,0.0,0.007517568301409483
1788815571.7202506,-0.003797990968450904,0.0,0.0,0.0,0.0,0.007328938692808151
1788815571.770067,-0.003797990968450904,0.0,0.0,0.0,0.0,0.007328938692808151
1788815571.8202007,-0.00378813617862761,0.0,0.0,0.0,0.0,0.007240969222038984
1788815571.8700655,-0.00378813617862761,0.0,0.0,0.0,0.0,0.007240969222038984
1788815571.92062,-0.003772548632696271,0.0,0.0,0.0,0.0,0.0071488069370388985
1788815571.9700568,-0.003772548632696271,0.0,0.0,0.0,0.0,0.0071488069370388985
1788815572.020433,-0.0037660691887140274,0.0,0.0,0.0,0.0,0.007108770310878754
1788815572.070032,-0.0037660691887140274,0.0,0.0,0.0,0.0,0.007108770310878754
1788815572.1203609,-0.0037631576415151358,0.0,0.0,0.0,0.0,0.007082594092935324
1788815572.1701505,-0.0037631576415151358,0.0,0.0,0.0,0.0,0.007082594092935324
1788815572.2204583,-0.003763778368011117,0.0,0.0,0.0,0.0,0.007069691084325314
1788815572.2703204,-0.003763778368011117,0.0,0.0,0.0,0.0,0.007069691084325314
1788815572.320388,-0.0037657124921679497,0.0,0.0,0.0,0.0,0.007060076575726271
1788815572.370137,-0.0037657124921679497,0.0,0.0,0.0,0.0,0.007060076575726271
1788815572.420565,-0.0037684182170778513,0.0,0.0,0.0,0.0,0.007053003646433353
1788815572.4702249,-0.0037684182170778513,0.0,0.0,0.0,0.0,0.007053003646433353
1788815572.5205517,-0.0037607261911034584,0.0,0.0,0.0,0.0,0.007025204598903656
1788815572.5701962,-0.0037607261911034584,0.0,0.0,0.0,0.0,0.007025204598903656
1788815572.6204531,-0.0037563852965831757,0.0,0.0,0.0,0.0,0.00701015442609787
1788815572.6701436,-0.0037563852965831757,0.0,0.0,0.0,0.0,0.00701015442609787
1788815572.7202654,-0.0037537082098424435,0.0,0.0,0.0,0.0,0.007000329438596964
1788815572.7703898,-0.0037537082098424435,0.0,0.0,0.0,0.0,0.007000329438596964
1788815572.8203297,-0.003753565950319171,0.0,0.0,0.0,0.0,0.006996003910899162
1788815572.8700716,-0.003753565950319171,0.0,0.0,0.0,0.0,0.006996003910899162
1788815572.9203522,-0.0037545592058449984,0.0,0.0,0.0,0.0,0.006993130315095186
1788815572.9702058,-0.0037545592058449984,0.0,0.0,0.0,0.0,0.006993130315095186
1788815573.0203304,0.0,0.0,0.0,0.0,0.0,0.0
1788815573.0700297,0.0,0.0,0.0,0.0,0.0,0.0
1788815573.1201832,0.0,0.0,0.0,0.0,0.0,0.0
1788815573.1702325,0.0,0.0,0.0,0.0,0.0,0.0
1788815573.2204351,-0.0026437221094965935,0.0,0.0,0.0,0.0,-0.003257868578657508
1788815573.2702599,-0.0026437221094965935,0.0,0.0,0.0,0.0,-0.003257868578657508
1788815573.3202956,-0.005701490677893162,0.0,0.0,0.0,0.0,-0.004968391731381416
1788815573.3700876,-0.005701490677893162,0.0,0.0,0.0,0.0,-0.004968391731381416
1788815573.4203217,-0.008595410734415054,0.0,0.0,0.0,0.0,-0.00675314012914896
1788815573.470068,-0.008595410734415054,0.0,0.0,0.0,0.0,-0.00675314012914896
1788815573.5205848,-0.010804134421050549,0.0,0.0,0.0,0.0,-0.008028515614569187
1788815573.570208,-0.010804134421050549,0.0,0.0,0.0,0.0,-0.008028515614569187
1788815573.6202242,-0.012537448666989803,0.0,0.0,0.0,0.0,-0.009182985872030258
1788815573.6701937,-0.012537448666989803,0.0,0.0,0.0,0.0,-0.009182985872030258
1788815573.7201846,-0.013914188370108604,0.0,0.0,0.0,0.0,-0.010299046523869038
1788815573.7703047,-0.013914188370108604,0.0,0.0,0.0,0.0,-0.010299046523869038
1788815573.8203664,-0.015001284889876842,0.0,0.0,0.0,0.0,-0.011355241760611534
1788815573.8701947,-0.015001284889876842,0.0,0.0,0.0,0.0,-0.011355241760611534
1788815573.9206614,-0.015788935124874115,0.0,0.0,0.0,0.0,-0.01226511038839817
1788815573.9700797,-0.015788935124874115,0.0,0.0,0.0,0.0,-0.01226511038839817
1788815574.0200753,-0.01609606109559536,0.0,0.0,0.0,0.0,-0.012661588378250599
1788815574.0701752,-0.01609606109559536,0.0,0.0,0.0,0.0,-0.012661588378250599
1788815574.120474,-0.015975138172507286,0.0,0.0,0.0,0.0,-0.012539984658360481
1788815574.1702197,-0.015975138172507286,0.0,0.0,0.0,0.0,-0.012539984658360481
1788815574.2202969,-0.015769382938742638,0.0,0.0,0.0,0.0,-0.012418616563081741
1788815574.2700624,-0.015769382938742638,0.0,0.0,0.0,0.0,-0.012418616563081741
1788815574.3203447,-0.015484827570617199,0.0,0.0,0.0,0.0,-0.01224450208246708
1788815574.3699381,-0.015484827570617199,0.0,0.0,0.0,0.0,-0.01224450208246708
1788815574.420437,-0.015114501118659973,0.0,0.0,0.0,0.0,-0.011975211091339588
1788815574.4702356,-0.015114501118659973,0.0,0.0,0.0,0.0,-0.011975211091339588
1788815574.5204716,-0.014578948728740215,0.0,0.0,0.0,0.0,-0.011445075273513794
1788815574.5700607,-0.014578948728740215,0.0,0.0,0.0,0.0,-0.011445075273513794
1788815574.6203208,-0.013868759386241436,0.0,0.0,0.0,0.0,-0.010605143383145332
1788815574.670186,-0.013868759386241436,0.0,0.0,0.0,0.0,-0.010605143383145332
1788815574.7204247,-0.013113722205162048,0.0,0.0,0.0,0.0,-0.009664728306233883
1788815574.7702186,-0.013113722205162048,0.0,0.0,0.0,0.0,-0.009664728306233883
1788815574.8201878,-0.012423268519341946,0.0,0.0,0.0,0.0,-0.00880622398108244
1788815574.8700242,-0.012423268519341946,0.0,0.0,0.0,0.0,-0.00880622398108244
1788815574.9206276,-0.011960857547819614,0.0,0.0,0.0,0.0,-0.008331157267093658
1788815574.970228,-0.011960857547819614,0.0,0.0,0.0,0.0,-0.008331157267093658
1788815575.0200284,-0.011265823617577553,0.0,0.0,0.0,0.0,-0.007425089366734028
1788815575.0701332,-0.011265823617577553,0.0,0.0,0.0,0.0,-0.007425089366734028
1788815575.1203089,-0.010682628490030766,0.0,0.0,0.0,0.0,-0.006739847827702761
1788815575.170148,-0.010682628490030766,0.0,0.0,0.0,0.0,-0.006739847827702761
1788815575.2204034,-0.009909329004585743,0.0,0.0,0.0,0.0,-0.00573303084820509
1788815575.2701468,-0.009909329004585743,0.0,0.0,0.0,0.0,-0.00573303084820509
1788815575.3203065,-0.009117414243519306,0.0,0.0,0.0,0.0,-0.004689456894993782
1788815575.3700986,-0.009117414243519306,0.0,0.0,0.0,0.0,-0.004689456894993782
1788815575.420343,-0.008592992089688778,0.0,0.0,0.0,0.0,-0.004047330468893051
1788815575.4701848,-0.008592992089688778,0.0,0.0,0.0,0.0,-0.004047330468893051
1788815575.5204248,-0.008213430643081665,0.0,0.0,0.0,0.0,-0.0036232806742191315
1788815575.5701158,-0.008213430643081665,0.0,0.0,0.0,0.0,-0.0036232806742191315
1788815575.6202562,-0.00785824004560709,0.0,0.0,0.0,0.0,-0.003212768118828535
1788815575.670243,-0.00785824004560709,0.0,0.0,0.0,0.0,-0.003212768118828535
1788815575.7203865,-0.007392393425107002,0.0,0.0,0.0,0.0,-0.0026799370534718037
1788815575.7701423,-0.007392393425107002,0.0,0.0,0.0,0.0,-0.0026799370534718037
1788815575.8202705,-0.006900480482727289,0.0,0.0,0.0,0.0,-0.002140161581337452
1788815575.869946,-0.006900480482727289,0.0,0.0,0.0,0.0,-0.002140161581337452
1788815575.9205244,-0.006478720344603062,0.0,0.0,0.0,0.0,-0.0017001194646582007
1788815575.9702148,-0.006478720344603062,0.0,0.0,0.0,0.0,-0.0017001194646582007
1788815576.0202713,-0.0059689367190003395,0.0,0.0,0.0,0.0,-0.0012201095232740045
1788815576.0704076,-0.0059689367190003395,0.0,0.0,0.0,0.0,-0.0012201095232740045
1788815576.1201475,-0.005722000729292631,0.0,0.0,0.0,0.0,-0.0009121778421103954
1788815576.170048,-0.005722000729292631,0.0,0.0,0.0,0.0,-0.0009121778421103954
1788815576.2204762,-0.005449763964861631,0.0,0.0,0.0,0.0,-0.0007198458770290017
1788815576.2700615,-0.005449763964861631,0.0,0.0,0.0,0.0,-0.0007198458770290017
1788815576.3202693,-0.005450663156807423,0.0,0.0,0.0,0.0,-0.0005824537947773933
1788815576.370218,-0.005450663156807423,0.0,0.0,0.0,0.0,-0.0005824537947773933
1788815576.4203558,-0.005270296707749367,0.0,0.0,0.0,0.0,-0.00047159160021692514
1788815576.4704564,-0.005270296707749367,0.0,0.0,0.0,0.0,-0.00047159160021692514
1788815576.520296,-0.00512775918468833,0.0,0.0,0.0,0.0,-0.00037997285835444927
1788815576.5701268,-0.00512775918468833,0.0,0.0,0.0,0.0,-0.00037997285835444927
1788815576.620422,-0.004871112760156393,0.0,0.0,0.0,0.0,-0.00031009118538349867
1788815576.670163,-0.004871112760156393,0.0,0.0,0.0,0.0,-0.00031009118538349867
1788815576.7204087,-0.004781525582075119,0.0,0.0,0.0,0.0,-0.0002454135101288557
1788815576.7701132,-0.004781525582075119,0.0,0.0,0.0,0.0,-0.0002454135101288557
1788815576.8202004,-0.004667169880121946,0.0,0.0,0.0,0.0,-0.00018377683591097593
1788815576.8703306,-0.004667169880121946,0.0,0.0,0.0,0.0,-0.00018377683591097593
1788815576.9204845,-0.004559542518109083,0.0,0.0,0.0,0.0,-0.00012412224896252155
1788815576.9700613,-0.004559542518109083,0.0,0.0,0.0,0.0,-0.00012412224896252155
1788815577.0203147,-0.004431805573403835,0.0,0.0,0.0,0.0,-6.697187200188637e-05
1788815577.0701745,-0.004431805573403835,0.0,0.0,0.0,0.0,-6.697187200188637e-05
1788815577.1205032,-0.004241566173732281,0.0,0.0,0.0,0.0,-2.851977478712797e-05
1788815577.1702247,-0.004241566173732281,0.0,0.0,0.0,0.0,-2.851977478712797e-05
1788815577.2203362,-0.004097044002264738,0.0,0.0,0.0,0.0,-6.668269634246826e-07
1788815577.2701054,-0.004097044002264738,0.0,0.0,0.0,0.0,-6.668269634246826e-07
1788815577.3202548,-0.0040565915405750275,0.0,0.0,0.0,0.0,3.2331328839063644e-05
1788815577.3702927,-0.0040565915405750275,0.0,0.0,0.0,0.0,3.2331328839063644e-05
1788815577.4201615,-0.003919627983123064,0.0,0.0,0.0,0.0,5.5934651754796505e-05
1788815577.4701202,-0.003919627983123064,0.0,0.0,0.0,0.0,5.5934651754796505e-05
1788815577.520291,-0.0038318485021591187,0.0,0.0,0.0,0.0,7.369671948254108e-05
1788815577.5700228,-0.0038318485021591187,0.0,0.0,0.0,0.0,7.369671948254108e-05
1788815577.620242,-0.003836661344394088,0.0,0.0,0.0,0.0,9.707524441182613e-05
1788815577.670159,-0.003836661344394088,0.0,0.0,0.0,0.0,9.707524441182613e-05
1788815577.7203927,-0.003738237777724862,0.0,0.0,0.0,0.0,0.0001110908342525363
1788815577.770212,-0.003738237777724862,0.0,0.0,0.0,0.0,0.0001110908342525363
1788815577.8203673,-0.0036748042330145836,0.0,0.0,0.0,0.0,0.00012021779548376799
1788815577.87017,-0.0036748042330145836,0.0,0.0,0.0,0.0,0.00012021779548376799
1788815577.9202094,-0.0036171101965010166,0.0,0.0,0.0,0.0,0.00012535322457551956
1788815577.970235,-0.0036171101965010166,0.0,0.0,0.0,0.0,0.00012535322457551956
1788815578.020352,-0.003579546930268407,0.0,0.0,0.0,0.0,0.00012886174954473972
1788815578.0701683,-0.003579546930268407,0.0,0.0,0.0,0.0,0.00012886174954473972
1788815578.1205003,-0.003549962304532528,0.0,0.0,0.0,0.0,0.00013141671661287546
1788815578.1700325,-0.003549962304532528,0.0,0.0,0.0,0.0,0.00013141671661287546
1788815578.220374,-0.003526934888213873,0.0,0.0,0.0,0.0,0.0001335066044703126
1788815578.2702265,-0.003526934888213873,0.0,0.0,0.0,0.0,0.0001335066044703126
1788815578.320339,-0.00359282735735178,0.0,0.0,0.0,0.0,0.00014543323777616024
1788815578.3701913,-0.00359282735735178,0.0,0.0,0.0,0.0,0.00014543323777616024
1788815578.4203415,-0.0035299034789204597,0.0,0.0,0.0,0.0,0.0001506091793999076
1788815578.470103,-0.0035299034789204597,0.0,0.0,0.0,0.0,0.0001506091793999076
1788815578.5203502,-0.0034913807176053524,0.0,0.0,0.0,0.0,0.00015309115406125784
1788815578.5701401,-0.0034913807176053524,0.0,0.0,0.0,0.0,0.00015309115406125784
1788815578.6202369,-0.0034338023979216814,0.0,0.0,0.0,0.0,0.00015377067029476166
1788815578.670156,-0.0034338023979216814,0.0,0.0,0.0,0.0,0.00015377067029476166
1788815578.7202709,-0.0033968177158385515,0.0,0.0,0.0,0.0,0.00015591224655508995
1788815578.770017,-0.0033968177158385515,0.0,0.0,0.0,0.0,0.00015591224655508995
1788815578.820298,-0.0033683415967971087,0.0,0.0,0.0,0.0,0.00015812518540769815
1788815578.8700228,-0.0033683415967971087,0.0,0.0,0.0,0.0,0.00015812518540769815
1788815578.9202673,-0.0033495931420475245,0.0,0.0,0.0,0.0,0.00016011239495128393
1788815578.9701257,-0.0033495931420475245,0.0,0.0,0.0,0.0,0.00016011239495128393
1788815579.0201306,-0.003302857745438814,0.0,0.0,0.0,0.0,0.00016238237731158733
1788815579.0702322,-0.003302857745438814,0.0,0.0,0.0,0.0,0.00016238237731158733
1788815579.1202939,-0.0032668595667928457,0.0,0.0,0.0,0.0,0.00016811455134302378
1788815579.170024,-0.0032668595667928457,0.0,0.0,0.0,0.0,0.00016811455134302378
1788815579.220272,-0.0032376896124333143,0.0,0.0,0.0,0.0,0.00017396744806319475
1788815579.2701085,-0.0032376896124333143,0.0,0.0,0.0,0.0,0.00017396744806319475
1788815579.3204408,-0.003218109253793955,0.0,0.0,0.0,0.0,0.00017907924484461546
1788815579.3700726,-0.003218109253793955,0.0,0.0,0.0,0.0,0.00017907924484461546
1788815579.4200277,-0.0031876442953944206,0.0,0.0,0.0,0.0,0.00018303620163351297
1788815579.4702237,-0.0031876442953944206,0.0,0.0,0.0,0.0,0.00018303620163351297
1788815579.5202415,-0.00316465157084167,0.0,0.0,0.0,0.0,0.0001879255287349224
1788815579.5701463,-0.00316465157084167,0.0,0.0,0.0,0.0,0.0001879255287349224
1788815579.6203775,-0.003146223956719041,0.0,0.0,0.0,0.0,0.00019223196431994438
1788815579.670132,-0.003146223956719041,0.0,0.0,0.0,0.0,0.00019223196431994438
1788815579.7202513,-0.0031865942291915417,0.0,0.0,0.0,0.0,0.0002058319514617324
1788815579.7699327,-0.0031865942291915417,0.0,0.0,0.0,0.0,0.0002058319514617324
1788815579.8203018,-0.003106804797425866,0.0,0.0,0.0,0.0,0.00021636032033711672
1788815579.8701096,-0.003106804797425866,0.0,0.0,0.0,0.0,0.00021636032033711672
1788815579.9202852,-0.003057148540392518,0.0,0.0,0.0,0.0,0.00022422766778618097
1788815579.9701848,-0.003057148540392518,0.0,0.0,0.0,0.0,0.00022422766778618097
1788815580.0203547,-0.003012822475284338,0.0,0.0,0.0,0.0,0.00022905319929122925
1788815580.0702708,-0.003012822475284338,0.0,0.0,0.0,0.0,0.00022905319929122925
1788815580.1202874,-0.0030343965627253056,0.0,0.0,0.0,0.0,0.0002409500302746892
1788815580.1701348,-0.0030343965627253056,0.0,0.0,0.0,0.0,0.0002409500302746892
1788815580.2202032,-0.002995974849909544,0.0,0.0,0.0,0.0,0.0002600681036710739
1788815580.2702298,-0.002995974849909544,0.0,0.0,0.0,0.0,0.0002600681036710739
1788815580.3202739,-0.0029230888467282057,0.0,0.0,0.0,0.0,0.0002840358065441251
1788815580.3700707,-0.0029230888467282057,0.0,0.0,0.0,0.0,0.0002840358065441251
1788815580.4202414,-0.0027632114943116903,0.0,0.0,0.0,0.0,0.00030212622368708253
1788815580.4699867,-0.0027632114943116903,0.0,0.0,0.0,0.0,0.00030212622368708253
1788815580.5204673,-0.0026577897369861603,0.0,0.0,0.0,0.0,0.0003144311485812068
1788815580.570132,-0.0026577897369861603,0.0,0.0,0.0,0.0,0.0003144311485812068
1788815580.6202056,-0.002585308626294136,0.0,0.0,0.0,0.0,0.00032186834141612053
1788815580.6701925,-0.002585308626294136,0.0,0.0,0.0,0.0,0.00032186834141612053
1788815580.7203903,-0.002546786330640316,0.0,0.0,0.0,0.0,0.0003262093523517251
1788815580.7701101,-0.002546786330640316,0.0,0.0,0.0,0.0,0.0003262093523517251
1788815580.82037,-0.0025239093229174614,0.0,0.0,0.0,0.0,0.0003286310820840299
1788815580.8702157,-0.0025239093229174614,0.0,0.0,0.0,0.0,0.0003286310820840299
1788815580.9201005,-0.002510050078853965,0.0,0.0,0.0,0.0,0.00032997102243825793
1788815580.9700937,-0.002510050078853965,0.0,0.0,0.0,0.0,0.00032997102243825793
1788815581.0201461,-0.002499836031347513,0.0,0.0,0.0,0.0,0.000330721668433398
1788815581.0701115,-0.002499836031347513,0.0,0.0,0.0,0.0,0.000330721668433398
1788815581.1202517,-0.002491688821464777,0.0,0.0,0.0,0.0,0.0003311827313154936
1788815581.1700883,-0.002491688821464777,0.0,0.0,0.0,0.0,0.0003311827313154936
1788815581.2202165,-0.002484777243807912,0.0,0.0,0.0,0.0,0.00033149035880342126
1788815581.270206,-0.002484777243807912,0.0,0.0,0.0,0.0,0.00033149035880342126
1788815581.320252,-0.0024789110757410526,0.0,0.0,0.0,0.0,0.0003317109076306224
1788815581.370027,-0.0024789110757410526,0.0,0.0,0.0,0.0,0.0003317109076306224
1788815581.4201071,-0.002473927568644285,0.0,0.0,0.0,0.0,0.0003318911185488105
1788815581.4701312,-0.002473927568644285,0.0,0.0,0.0,0.0,0.0003318911185488105
1788815581.5203674,-0.0024697084445506334,0.0,0.0,0.0,0.0,0.0003320467658340931
1788815581.5702007,-0.0024697084445506334,0.0,0.0,0.0,0.0,0.0003320467658340931
1788815581.6201515,-0.0024661198258399963,0.0,0.0,0.0,0.0,0.0003321819822303951
1788815581.6701047,-0.0024661198258399963,0.0,0.0,0.0,0.0,0.0003321819822303951
1788815581.7201989,-0.0024630464613437653,0.0,0.0,0.0,0.0,0.0003323164419271052
1788815581.7702084,-0.0024630464613437653,0.0,0.0,0.0,0.0,0.0003323164419271052
1788815581.8202722,-0.0024603765923529863,0.0,0.0,0.0,0.0,0.00033243559300899506
1788815581.8704402,-0.0024603765923529863,0.0,0.0,0.0,0.0,0.00033243559300899506
1788815581.9203212,-0.0024580189492553473,0.0,0.0,0.0,0.0,0.000332541239913553
1788815581.9703064,-0.0024580189492553473,0.0,0.0,0.0,0.0,0.000332541239913553
1788815582.0202823,-0.0024559192825108767,0.0,0.0,0.0,0.0,0.00033264775993302464
1788815582.0702226,-0.0024559192825108767,0.0,0.0,0.0,0.0,0.00033264775993302464
1788815582.1203651,-0.0024540317244827747,0.0,0.0,0.0,0.0,0.00033273547887802124
1788815582.169993,-0.0024540317244827747,0.0,0.0,0.0,0.0,0.00033273547887802124
1788815582.2202702,-0.002452320884913206,0.0,0.0,0.0,0.0,0.0003328144084662199
1788815582.2700527,-0.002452320884913206,0.0,0.0,0.0,0.0,0.0003328144084662199
1788815582.3201368,-0.002450765110552311,0.0,0.0,0.0,0.0,0.00033288326812908053
1788815582.3701942,-0.002450765110552311,0.0,0.0,0.0,0.0,0.00033288326812908053
1788815582.4201305,-0.0024493506643921137,0.0,0.0,0.0,0.0,0.0003329380415380001
1788815582.4702177,-0.0024493506643921137,0.0,0.0,0.0,0.0,0.0003329380415380001
1788815582.5203812,-0.002448062412440777,0.0,0.0,0.0,0.0,0.0003329860046505928
1788815582.5700445,-0.002448062412440777,0.0,0.0,0.0,0.0,0.0003329860046505928
1788815582.6201954,-0.0024468854535371065,0.0,0.0,0.0,0.0,0.00033301813527941704
1788815582.6699057,-0.0024468854535371065,0.0,0.0,0.0,0.0,0.00033301813527941704
1788815582.7203496,-0.002445818856358528,0.0,0.0,0.0,0.0,0.0003330477047711611
1788815582.7701566,-0.002445818856358528,0.0,0.0,0.0,0.0,0.0003330477047711611
1788815582.820411,-0.0024448444601148367,0.0,0.0,0.0,0.0,0.0003330772742629051
1788815582.8701122,-0.0024448444601148367,0.0,0.0,0.0,0.0,0.0003330772742629051
1788815582.920301,-0.0024439548142254353,0.0,0.0,0.0,0.0,0.0003330944455228746
1788815582.970107,-0.0024439548142254353,0.0,0.0,0.0,0.0,0.0003330944455228746
1788815583.0202157,-0.0024431466590613127,0.0,0.0,0.0,0.0,0.0003331079497002065
1788815583.069943,-0.0024431466590613127,0.0,0.0,0.0,0.0,0.0003331079497002065
1788815583.120367,0.0,0.0,0.0,0.0,0.0,0.0
1788815583.1701617,0.0,0.0,0.0,0.0,0.0,0.0
1788815583.220321,0.0,0.0,0.0,0.0,0.0,0.0
1788815583.270126,0.0,0.0,0.0,0.0,0.0,0.0
1788815583.3204296,0.0,0.0,0.0,0.0,0.0,0.0
1788815583.3698895,0.0,0.0,0.0,0.0,0.0,0.0
1788815583.4203017,0.0,0.0,0.0,0.0,0.0,0.0
1788815583.4701133,0.0,0.0,0.0,0.0,0.0,0.0
1788815583.520331,0.0,0.0,0.0,0.0,0.0,0.0
1788815583.5701277,0.0,0.0,0.0,0.0,0.0,0.0
1788815583.6201994,0.0,0.0,0.0,0.0,0.0,0.0
1788815583.670151,0.0,0.0,0.0,0.0,0.0,0.0
1788815583.720238,0.0,0.0,0.0,0.0,0.0,0.0
1788815583.7701118,0.0,0.0,0.0,0.0,0.0,0.0
1788815583.8202996,0.0,0.0,0.0,0.0,0.0,0.0
1788815583.8700814,0.0,0.0,0.0,0.0,0.0,0.0
1788815583.9202762,0.0,0.0,0.0,0.0,0.0,0.0
1788815583.9701192,0.0,0.0,0.0,0.0,0.0,0.0
1788815584.020342,0.0,0.0,0.0,0.0,0.0,0.0
1788815584.0700822,0.0,0.0,0.0,0.0,0.0,0.0
1788815584.1202433,0.0,0.0,0.0,0.0,0.0,0.0
1788815584.1699748,0.0,0.0,0.0,0.0,0.0,0.0
1788815584.2202096,0.0,0.0,0.0,0.0,0.0,0.0
1788815584.269728,0.0,0.0,0.0,0.0,0.0,0.0
1788815584.3203435,0.0,0.0,0.0,0.0,0.0,0.0
1788815584.3701758,0.0,0.0,0.0,0.0,0.0,0.0
1788815584.4202662,0.0,0.0,0.0,0.0,0.0,0.0
1788815584.4701128,0.0,0.0,0.0,0.0,0.0,0.0
1788815584.5203435,0.0,0.0,0.0,0.0,0.0,0.0
1788815584.5700676,0.0,0.0,0.0,0.0,0.0,0.0
1788815584.6201684,0.0,0.0,0.0,0.0,0.0,0.0
1788815584.6701453,0.0,0.0,0.0,0.0,0.0,0.0
1788815584.7204173,0.0,0.0,0.0,0.0,0.0,0.0
1788815584.770085,0.0,0.0,0.0,0.0,0.0,0.0
1788815584.8204577,0.0,0.0,0.0,0.0,0.0,0.0
1788815584.8702202,0.0,0.0,0.0,0.0,0.0,0.0
1788815584.9203932,0.0,0.0,0.0,0.0,0.0,0.0
1788815584.9700208,0.0,0.0,0.0,0.0,0.0,0.0
1788815585.0204394,0.0,0.0,0.0,0.0,0.0,0.0
1788815585.070307,0.0,0.0,0.0,0.0,0.0,0.0
1788815585.1203067,0.0,0.0,0.0,0.0,0.0,0.0
1788815585.1700969,0.0,0.0,0.0,0.0,0.0,0.0
1788815585.2203674,0.0,0.0,0.0,0.0,0.0,0.0
1788815585.2702215,0.0,0.0,0.0,0.0,0.0,0.0
1788815585.3202155,0.0,0.0,0.0,0.0,0.0,0.0
1788815585.3701,0.0,0.0,0.0,0.0,0.0,0.0
1788815585.4201374,0.0,0.0,0.0,0.0,0.0,0.0
1788815585.46993,0.0,0.0,0.0,0.0,0.0,0.0
1788815585.5202794,0.0,0.0,0.0,0.0,0.0,0.0
1788815585.5701852,0.0,0.0,0.0,0.0,0.0,0.0
1788815585.6202555,0.0,0.0,0.0,0.0,0.0,0.0
1788815585.6701324,0.0,0.0,0.0,0.0,0.0,0.0
1788815585.7202637,0.0,0.0,0.0,0.0,0.0,0.0
1788815585.7701569,0.0,0.0,0.0,0.0,0.0,0.0
1788815585.8201602,0.0,0.0,0.0,0.0,0.0,0.0
1788815585.8701057,0.0,0.0,0.0,0.0,0.0,0.0
1788815585.9203267,0.0,0.0,0.0,0.0,0.0,0.0
1788815585.9699578,0.0,0.0,0.0,0.0,0.0,0.0
1788815586.0202768,0.0,0.0,0.0,0.0,0.0,0.0
1788815586.0702226,0.0,0.0,0.0,0.0,0.0,0.0
1788815586.1201997,0.0,0.0,0.0,0.0,0.0,0.0
1788815586.1701043,0.0,0.0,0.0,0.0,0.0,0.0
1788815586.2202287,0.0,0.0,0.0,0.0,0.0,0.0
1788815586.270033,0.0,0.0,0.0,0.0,0.0,0.0
1788815586.320242,0.0,0.0,0.0,0.0,0.0,0.0
1788815586.370203,0.0,0.0,0.0,0.0,0.0,0.0
1788815586.4200819,0.0,0.0,0.0,0.0,0.0,0.0
1788815586.4702158,0.0,0.0,0.0,0.0,0.0,0.0
1788815586.5204332,0.0,0.0,0.0,0.0,0.0,0.0
1788815586.5702014,0.0,0.0,0.0,0.0,0.0,0.0
1788815586.6205723,0.0,0.0,0.0,0.0,0.0,0.0
1788815586.6704128,0.0,0.0,0.0,0.0,0.0,0.0
1788815586.720462,0.0,0.0,0.0,0.0,0.0,0.0
1788815586.7702267,0.0,0.0,0.0,0.0,0.0,0.0
1788815586.8203914,0.0,0.0,0.0,0.0,0.0,0.0
1788815586.8701646,0.0,0.0,0.0,0.0,0.0,0.0
1788815586.92045,0.0,0.0,0.0,0.0,0.0,0.0
1788815586.9700637,0.0,0.0,0.0,0.0,0.0,0.0
1788815587.0203454,0.0,0.0,0.0,0.0,0.0,0.0
1788815587.0698216,0.0,0.0,0.0,0.0,0.0,0.0
1788815587.1203063,0.0,0.0,0.0,0.0,0.0,0.0
1788815587.1699371,0.0,0.0,0.0,0.0,0.0,0.0
1788815587.2203033,0.0,0.0,0.0,0.0,0.0,0.0
1788815587.270206,0.0,0.0,0.0,0.0,0.0,0.0
1788815587.3202026,0.0,0.0,0.0,0.0,0.0,0.0
1788815587.3700445,0.0,0.0,0.0,0.0,0.0,0.0
1788815587.4200904,0.0,0.0,0.0,0.0,0.0,0.0
1788815587.4701092,0.0,0.0,0.0,0.0,0.0,0.0
1788815587.5204983,0.0,0.0,0.0,0.0,0.0,0.0
1788815587.5700417,0.0,0.0,0.0,0.0,0.0,0.0
1788815587.620403,0.0,0.0,0.0,0.0,0.0,0.0
1788815587.6700766,0.0,0.0,0.0,0.0,0.0,0.0
1788815587.7203999,0.0,0.0,0.0,0.0,0.0,0.0
1788815587.77008,0.0,0.0,0.0,0.0,0.0,0.0
1788815587.8202212,0.0,0.0,0.0,0.0,0.0,0.0
1788815587.8700638,0.0,0.0,0.0,0.0,0.0,0.0
1788815587.9203825,0.0,0.0,0.0,0.0,0.0,0.0
1788815587.9701858,0.0,0.0,0.0,0.0,0.0,0.0
1788815588.0205681,0.0,0.0,0.0,0.0,0.0,0.0
1788815588.0701,0.0,0.0,0.0,0.0,0.0,0.0
1788815588.1202788,0.0,0.0,0.0,0.0,0.0,0.0
1788815588.1701562,0.0,0.0,0.0,0.0,0.0,0.0
1788815588.2203116,0.0,0.0,0.0,0.0,0.0,0.0
1788815588.2699778,0.0,0.0,0.0,0.0,0.0,0.0
1788815588.3203151,0.0008061762200668454,0.0,0.0,0.0,0.0,0.004591016098856926
1788815588.3704906,0.0008061762200668454,0.0,0.0,0.0,0.0,0.004591016098856926
1788815588.4202871,0.000658869044855237,0.0,0.0,0.0,0.0,0.006235368084162474
1788815588.4702613,0.000658869044855237,0.0,0.0,0.0,0.0,0.006235368084162474
1788815588.5204153,0.0005124835879541934,0.0,0.0,0.0,0.0,0.007381378207355738
1788815588.5701113,0.0005124835879541934,0.0,0.0,0.0,0.0,0.007381378207355738
1788815588.6204178,0.0004266565083526075,0.0,0.0,0.0,0.0,0.006319380830973387
1788815588.670111,0.0004266565083526075,0.0,0.0,0.0,0.0,0.006319380830973387
1788815588.7202253,0.0006152321002446115,0.0,0.0,0.0,0.0,0.005410406272858381
1788815588.770064,0.0006152321002446115,0.0,0.0,0.0,0.0,0.005410406272858381
1788815588.8203833,0.0010299553396180272,0.0,0.0,0.0,0.0,0.004583515226840973
1788815588.870286,0.0010299553396180272,0.0,0.0,0.0,0.0,0.004583515226840973
1788815588.9202402,0.0016186846187338233,0.0,0.0,0.0,0.0,0.004007185809314251
1788815588.9701512,0.0016186846187338233,0.0,0.0,0.0,0.0,0.004007185809314251
1788815589.0202672,0.0022924612276256084,0.0,0.0,0.0,0.0,0.0036623268388211727
1788815589.0699353,0.0022924612276256084,0.0,0.0,0.0,0.0,0.0036623268388211727
1788815589.1204534,0.002977721393108368,0.0,0.0,0.0,0.0,0.00347253680229187
1788815589.1705124,0.002977721393108368,0.0,0.0,0.0,0.0,0.00347253680229187
1788815589.2203083,0.0036185849457979202,0.0,0.0,0.0,0.0,0.003366196993738413
1788815589.269925,0.0036185849457979202,0.0,0.0,0.0,0.0,0.003366196993738413
1788815589.3202617,0.0041807894594967365,0.0,0.0,0.0,0.0,0.0033022374846041203
1788815589.370247,0.0041807894594967365,0.0,0.0,0.0,0.0,0.0033022374846041203
1788815589.420557,0.004734104964882135,0.0,0.0,0.0,0.0,0.0028735375963151455
1788815589.4700406,0.004734104964882135,0.0,0.0,0.0,0.0,0.0028735375963151455
1788815589.5202487,0.005021834746003151,0.0,0.0,0.0,0.0,0.0030925225000828505
1788815589.5701249,0.005021834746003151,0.0,0.0,0.0,0.0,0.0030925225000828505
1788815589.6202185,0.005258013028651476,0.0,0.0,0.0,0.0,0.003191285999491811
1788815589.6699328,0.005258013028651476,0.0,0.0,0.0,0.0,0.003191285999491811
1788815589.7200718,0.005426258780062199,0.0,0.0,0.0,0.0,0.0033089478965848684
1788815589.7700367,0.005426258780062199,0.0,0.0,0.0,0.0,0.0033089478965848684
1788815589.8202817,0.005566305015236139,0.0,0.0,0.0,0.0,0.003354442771524191
1788815589.8701918,0.005566305015236139,0.0,0.0,0.0,0.0,0.003354442771524191
1788815589.9203784,0.005678620655089617,0.0,0.0,0.0,0.0,0.0033851482439786196
1788815589.9699686,0.005678620655089617,0.0,0.0,0.0,0.0,0.0033851482439786196
1788815590.0203612,0.005775273311883211,0.0,0.0,0.0,0.0,0.0034005315974354744
1788815590.0701313,0.005775273311883211,0.0,0.0,0.0,0.0,0.0034005315974354744
1788815590.1201496,0.006037413142621517,0.0,0.0,0.0,0.0,0.003612982342019677
1788815590.170196,0.006037413142621517,0.0,0.0,0.0,0.0,0.003612982342019677
1788815590.2203395,0.00614888733252883,0.0,0.0,0.0,0.0,0.003614111803472042
1788815590.270627,0.00614888733252883,0.0,0.0,0.0,0.0,0.003614111803472042
1788815590.3206973,0.006097629200667143,0.0,0.0,0.0,0.0,0.003427505027502775
1788815590.370174,0.006097629200667143,0.0,0.0,0.0,0.0,0.003427505027502775
1788815590.4203978,0.005953202955424786,0.0,0.0,0.0,0.0,0.003155500628054142
1788815590.4700959,0.005953202955424786,0.0,0.0,0.0,0.0,0.003155500628054142
1788815590.5202267,0.005883384961634874,0.0,0.0,0.0,0.0,0.0029930048622190952
1788815590.5702336,0.005883384961634874,0.0,0.0,0.0,0.0,0.0029930048622190952
1788815590.620411,0.0060395547188818455,0.0,0.0,0.0,0.0,0.0030637839809060097
1788815590.6702416,0.0060395547188818455,0.0,0.0,0.0,0.0,0.0030637839809060097
1788815590.7202466,0.006114091258496046,0.0,0.0,0.0,0.0,0.0030183950439095497
1788815590.7701156,0.006114091258496046,0.0,0.0,0.0,0.0,0.0030183950439095497
1788815590.8202863,0.006022668443620205,0.0,0.0,0.0,0.0,0.002675083465874195
1788815590.8699548,0.006022668443620205,0.0,0.0,0.0,0.0,0.002675083465874195
1788815590.9201913,0.005840363912284374,0.0,0.0,0.0,0.0,0.0024338604416698217
1788815590.9700072,0.005840363912284374,0.0,0.0,0.0,0.0,0.0024338604416698217
1788815591.0200863,0.005731647368520498,0.0,0.0,0.0,0.0,0.002268618904054165
1788815591.0703106,0.005731647368520498,0.0,0.0,0.0,0.0,0.002268618904054165
1788815591.120519,0.005679757799953222,0.0,0.0,0.0,0.0,0.0021823695860803127
1788815591.1701972,0.005679757799953222,0.0,0.0,0.0,0.0,0.0021823695860803127
1788815591.2203925,0.005835879594087601,0.0,0.0,0.0,0.0,0.002245978219434619
1788815591.2701354,0.005835879594087601,0.0,0.0,0.0,0.0,0.002245978219434619
1788815591.320232,0.005882459692656994,0.0,0.0,0.0,0.0,0.0021938621066510677
1788815591.3699808,0.005882459692656994,0.0,0.0,0.0,0.0,0.0021938621066510677
1788815591.420444,0.005663502030074596,0.0,0.0,0.0,0.0,0.0019457531161606312
1788815591.470265,0.005663502030074596,0.0,0.0,0.0,0.0,0.0019457531161606312
1788815591.5202143,0.005499712191522121,0.0,0.0,0.0,0.0,0.0017771649872884154
1788815591.5700161,0.005499712191522121,0.0,0.0,0.0,0.0,0.0017771649872884154
1788815591.6203265,0.005441592540591955,0.0,0.0,0.0,0.0,0.0016129272989928722
1788815591.6701066,0.005441592540591955,0.0,0.0,0.0,0.0,0.0016129272989928722
1788815591.7203052,0.005466972477734089,0.0,0.0,0.0,0.0,0.0016166651621460915
1788815591.7701843,0.005466972477734089,0.0,0.0,0.0,0.0,0.0016166651621460915
1788815591.8204262,0.005306728184223175,0.0,0.0,0.0,0.0,0.0013996557099744678
1788815591.870152,0.005306728184223175,0.0,0.0,0.0,0.0,0.0013996557099744678
1788815591.920483,0.005246671847999096,0.0,0.0,0.0,0.0,0.0013637116644531488
1788815591.9702172,0.005246671847999096,0.0,0.0,0.0,0.0,0.0013637116644531488
1788815592.0206988,0.005023996811360121,0.0,0.0,0.0,0.0,0.0011440925300121307
1788815592.0701256,0.005023996811360121,0.0,0.0,0.0,0.0,0.0011440925300121307
1788815592.1203072,0.004832127131521702,0.0,0.0,0.0,0.0,0.0009940166492015123
1788815592.170142,0.004832127131521702,0.0,0.0,0.0,0.0,0.0009940166492015123
1788815592.220487,0.0046347579918801785,0.0,0.0,0.0,0.0,0.0008480904507450759
1788815592.2701156,0.0046347579918801785,0.0,0.0,0.0,0.0,0.0008480904507450759
1788815592.3203266,0.00437738886103034,0.0,0.0,0.0,0.0,0.0007641360862180591
1788815592.3702638,0.00437738886103034,0.0,0.0,0.0,0.0,0.0007641360862180591
1788815592.4205115,0.004190552514046431,0.0,0.0,0.0,0.0,0.0007045688689686358
1788815592.4700792,0.004190552514046431,0.0,0.0,0.0,0.0,0.0007045688689686358
1788815592.5204763,0.0041334498673677444,0.0,0.0,0.0,0.0,0.0006407878827303648
1788815592.5699923,0.0041334498673677444,0.0,0.0,0.0,0.0,0.0006407878827303648
1788815592.6202931,0.004048472736030817,0.0,0.0,0.0,0.0,0.0005674234707839787
1788815592.6701496,0.004048472736030817,0.0,0.0,0.0,0.0,0.0005674234707839787
1788815592.7201502,0.0039526429027318954,0.0,0.0,0.0,0.0,0.000494377629365772
1788815592.7700598,0.0039526429027318954,0.0,0.0,0.0,0.0,0.000494377629365772
1788815592.8204293,0.0038271304219961166,0.0,0.0,0.0,0.0,0.0004192656197119504
1788815592.8701184,0.0038271304219961166,0.0,0.0,0.0,0.0,0.0004192656197119504
1788815592.9205916,0.003609271952882409,0.0,0.0,0.0,0.0,0.00037185268593020737
1788815592.9702215,0.003609271952882409,0.0,0.0,0.0,0.0,0.00037185268593020737
1788815593.0202677,0.0034564838279038668,0.0,0.0,0.0,0.0,0.0003421796136535704
1788815593.0702298,0.0034564838279038668,0.0,0.0,0.0,0.0,0.0003421796136535704
1788815593.1204557,0.003345112781971693,0.0,0.0,0.0,0.0,0.00032441315124742687
1788815593.1702316,0.003345112781971693,0.0,0.0,0.0,0.0,0.00032441315124742687
1788815593.2204177,0.003275989554822445,0.0,0.0,0.0,0.0,0.00031139934435486794
1788815593.2701974,0.003275989554822445,0.0,0.0,0.0,0.0,0.00031139934435486794
1788815593.3205552,0.0032284024637192488,0.0,0.0,0.0,0.0,0.0003006045299116522
1788815593.3702302,0.0032284024637192488,0.0,0.0,0.0,0.0,0.0003006045299116522
1788815593.4202778,0.0031944885849952698,0.0,0.0,0.0,0.0,0.00029090282623656094
1788815593.4700427,0.0031944885849952698,0.0,0.0,0.0,0.0,0.00029090282623656094
1788815593.5203846,0.00316778477281332,0.0,0.0,0.0,0.0,0.0002822164969984442
1788815593.570127,0.00316778477281332,0.0,0.0,0.0,0.0,0.0002822164969984442
1788815593.620317,0.0031460397876799107,0.0,0.0,0.0,0.0,0.00027455255622044206
1788815593.669893,0.0031460397876799107,0.0,0.0,0.0,0.0,0.00027455255622044206
1788815593.7204099,0.0032232566736638546,0.0,0.0,0.0,0.0,0.00025181652745231986
1788815593.7702801,0.0032232566736638546,0.0,0.0,0.0,0.0,0.00025181652745231986
1788815593.820396,0.0032166012097150087,0.0,0.0,0.0,0.0,0.0002100170822814107
1788815593.8700025,0.0032166012097150087,0.0,0.0,0.0,0.0,0.0002100170822814107
1788815593.9205449,0.00316745787858963,0.0,0.0,0.0,0.0,0.00016015325672924519
1788815593.9698915,0.00316745787858963,0.0,0.0,0.0,0.0,0.00016015325672924519
1788815594.020388,0.003074707230553031,0.0,0.0,0.0,0.0,0.00010743411257863045
1788815594.070445,0.003074707230553031,0.0,0.0,0.0,0.0,0.00010743411257863045
1788815594.120107,0.002900179009884596,0.0,0.0,0.0,0.0,8.620560402050614e-05
1788815594.1701837,0.002900179009884596,0.0,0.0,0.0,0.0,8.620560402050614e-05
1788815594.2203665,0.0027843276038765907,0.0,0.0,0.0,0.0,7.585983257740736e-05
1788815594.270108,0.0027843276038765907,0.0,0.0,0.0,0.0,7.585983257740736e-05
1788815594.320203,0.0027052555233240128,0.0,0.0,0.0,0.0,7.23314587958157e-05
1788815594.370354,0.0027052555233240128,0.0,0.0,0.0,0.0,7.23314587958157e-05
1788815594.4205787,0.0026623359881341457,0.0,0.0,0.0,0.0,6.917811697348952e-05
1788815594.469991,0.0026623359881341457,0.0,0.0,0.0,0.0,6.917811697348952e-05
1788815594.5204005,0.0026367574464529753,0.0,0.0,0.0,0.0,6.584485527127981e-05
1788815594.5702815,0.0026367574464529753,0.0,0.0,0.0,0.0,6.584485527127981e-05
1788815594.620232,0.002621457679197192,0.0,0.0,0.0,0.0,6.206432590261102e-05
1788815594.670334,0.002621457679197192,0.0,0.0,0.0,0.0,6.206432590261102e-05
1788815594.720298,0.0026108024176210165,0.0,0.0,0.0,0.0,5.831511225551367e-05
1788815594.7699142,0.0026108024176210165,0.0,0.0,0.0,0.0,5.831511225551367e-05
1788815594.8203523,0.0026029229629784822,0.0,0.0,0.0,0.0,5.482154665514827e-05
1788815594.8722644,0.0026029229629784822,0.0,0.0,0.0,0.0,5.482154665514827e-05
1788815594.9202046,0.002596707781776786,0.0,0.0,0.0,0.0,5.168560892343521e-05
1788815594.9702044,0.002596707781776786,0.0,0.0,0.0,0.0,5.168560892343521e-05
1788815595.020337,0.002591727301478386,0.0,0.0,0.0,0.0,4.889222327619791e-05
1788815595.0701659,0.002591727301478386,0.0,0.0,0.0,0.0,4.889222327619791e-05
1788815595.1203613,0.002587660448625684,0.0,0.0,0.0,0.0,4.639092367142439e-05
1788815595.1701188,0.002587660448625684,0.0,0.0,0.0,0.0,4.639092367142439e-05
1788815595.2203374,0.0025842939503490925,0.0,0.0,0.0,0.0,4.412856651470065e-05
1788815595.2702355,0.0025842939503490925,0.0,0.0,0.0,0.0,4.412856651470065e-05
1788815595.320219,0.0025814534164965153,0.0,0.0,0.0,0.0,4.205422010272741e-05
1788815595.3702714,0.0025814534164965153,0.0,0.0,0.0,0.0,4.205422010272741e-05
1788815595.41998,0.002579019172117114,0.0,0.0,0.0,0.0,4.013808211311698e-05
1788815595.4702425,0.002579019172117114,0.0,0.0,0.0,0.0,4.013808211311698e-05
1788815595.5203018,0.002576899714767933,0.0,0.0,0.0,0.0,3.83604783564806e-05
1788815595.570147,0.002576899714767933,0.0,0.0,0.0,0.0,3.83604783564806e-05
1788815595.620378,0.0025750319473445415,0.0,0.0,0.0,0.0,3.6689627449959517e-05
1788815595.6702971,0.0025733760558068752,0.0,0.0,0.0,0.0,3.513053525239229e-05
1788815595.7201545,0.0025733760558068752,0.0,0.0,0.0,0.0,3.513053525239229e-05
1788815595.7700675,0.0025733760558068752,0.0,0.0,0.0,0.0,3.513053525239229e-05
1788815595.8202581,0.0025719001423567533,0.0,0.0,0.0,0.0,3.366143209859729e-05
1788815595.870222,0.0025719001423567533,0.0,0.0,0.0,0.0,3.366143209859729e-05
1788815595.9202464,0.0025705788284540176,0.0,0.0,0.0,0.0,3.226439002901316e-05
1788815595.9703295,0.0025705788284540176,0.0,0.0,0.0,0.0,3.226439002901316e-05
1788815596.020348,0.002569385804235935,0.0,0.0,0.0,0.0,3.09476163238287e-05
1788815596.0701246,0.002569385804235935,0.0,0.0,0.0,0.0,3.09476163238287e-05
1788815596.1202366,0.0025683026760816574,0.0,0.0,0.0,0.0,2.9684975743293762e-05
1788815596.1701193,0.0025683026760816574,0.0,0.0,0.0,0.0,2.9684975743293762e-05
1788815596.2202117,0.0025673103518784046,0.0,0.0,0.0,0.0,2.8495851438492537e-05
1788815596.2700138,0.0025673103518784046,0.0,0.0,0.0,0.0,2.8495851438492537e-05
1788815596.320352,0.0025663934648036957,0.0,0.0,0.0,0.0,2.736446913331747e-05
1788815596.3700511,0.0025663934648036957,0.0,0.0,0.0,0.0,2.736446913331747e-05
1788815596.4202049,0.0025655305944383144,0.0,0.0,0.0,0.0,2.6282796170562506e-05
1788815596.470203,0.0025655305944383144,0.0,0.0,0.0,0.0,2.6282796170562506e-05
1788815596.5205688,0.0025647215079516172,0.0,0.0,0.0,0.0,2.5247572921216488e-05
1788815596.570178,0.0025647215079516172,0.0,0.0,0.0,0.0,2.5247572921216488e-05
1788815596.6203525,0.002563949441537261,0.0,0.0,0.0,0.0,2.4260312784463167e-05
1788815596.6700761,0.002563949441537261,0.0,0.0,0.0,0.0,2.4260312784463167e-05
1788815596.7201936,0.002563214860856533,0.0,0.0,0.0,0.0,2.3316359147429466e-05
1788815596.7702186,0.002563214860856533,0.0,0.0,0.0,0.0,2.3316359147429466e-05
1788815596.8203344,0.002562511945143342,0.0,0.0,0.0,0.0,2.2421532776206732e-05
1788815596.8702524,0.002562511945143342,0.0,0.0,0.0,0.0,2.2421532776206732e-05
1788815596.9201782,0.002561831846833229,0.0,0.0,0.0,0.0,2.1571002434939146e-05
1788815596.9700704,0.002561831846833229,0.0,0.0,0.0,0.0,2.1571002434939146e-05
1788815597.0205219,0.0025611715391278267,0.0,0.0,0.0,0.0,2.075318479910493e-05
1788815597.0702515,0.0025611715391278267,0.0,0.0,0.0,0.0,2.075318479910493e-05
1788815597.1202247,0.0025605421978980303,0.0,0.0,0.0,0.0,1.9984436221420765e-05
1788815597.1701083,0.0025605421978980303,0.0,0.0,0.0,0.0,1.9984436221420765e-05
1788815597.2204776,0.002559926826506853,0.0,0.0,0.0,0.0,1.925090327858925e-05
1788815597.2697752,0.002559926826506853,0.0,0.0,0.0,0.0,1.925090327858925e-05
1788815597.3201241,0.0025593421887606382,0.0,0.0,0.0,0.0,1.8553633708506823e-05
1788815597.3703537,0.0025593421887606382,0.0,0.0,0.0,0.0,1.8553633708506823e-05
1788815597.4201849,0.0025587757118046284,0.0,0.0,0.0,0.0,1.789303496479988e-05
1788815597.470169,0.0025587757118046284,0.0,0.0,0.0,0.0,1.789303496479988e-05
1788815597.5202057,0.002558230422437191,0.0,0.0,0.0,0.0,1.7264217603951693e-05
1788815597.5700185,0.002558230422437191,0.0,0.0,0.0,0.0,1.7264217603951693e-05
1788815597.6202557,0.002557713771238923,0.0,0.0,0.0,0.0,1.6668287571519613e-05
1788815597.669895,0.002557713771238923,0.0,0.0,0.0,0.0,1.6668287571519613e-05
1788815597.7203634,0.002557218074798584,0.0,0.0,0.0,0.0,1.6096513718366623e-05
1788815597.7700765,0.002557218074798584,0.0,0.0,0.0,0.0,1.6096513718366623e-05
1788815597.820309,0.002556747291237116,0.0,0.0,0.0,0.0,1.5553669072687626e-05
1788815597.8702126,0.002556747291237116,0.0,0.0,0.0,0.0,1.5553669072687626e-05
1788815597.9202268,0.0025562946684658527,0.0,0.0,0.0,0.0,1.5039870049804449e-05
1788815597.9701722,0.0025562946684658527,0.0,0.0,0.0,0.0,1.5039870049804449e-05
1788815598.0203412,0.002555863233283162,0.0,0.0,0.0,0.0,1.4556630048900843e-05
1788815598.0701754,0.002555863233283162,0.0,0.0,0.0,0.0,1.4556630048900843e-05
1788815598.1204977,0.002555456943809986,0.0,0.0,0.0,0.0,1.4095858205109835e-05
1788815598.1701927,0.002555456943809986,0.0,0.0,0.0,0.0,1.4095858205109835e-05
1788815598.2203386,0.0,0.0,0.0,0.0,0.0,0.0
1788815598.270154,0.0,0.0,0.0,0.0,0.0,0.0
1788815598.320321,0.0,0.0,0.0,0.0,0.0,0.0
1788815598.3700142,0.0,0.0,0.0,0.0,0.0,0.0
1788815598.4200797,0.006161484867334366,0.0,0.0,0.0,0.0,0.004761712159961462
1788815598.470112,0.006161484867334366,0.0,0.0,0.0,0.0,0.004761712159961462
1788815598.5202231,0.010305616073310375,0.0,0.0,0.0,0.0,0.008877934888005257
1788815598.5698931,0.010305616073310375,0.0,0.0,0.0,0.0,0.008877934888005257
1788815598.620176,0.013661912642419338,0.0,0.0,0.0,0.0,0.012221829034388065
1788815598.6701803,0.013661912642419338,0.0,0.0,0.0,0.0,0.012221829034388065
1788815598.7205107,0.015777554363012314,0.0,0.0,0.0,0.0,0.014194984920322895
1788815598.7700949,0.015777554363012314,0.0,0.0,0.0,0.0,0.014194984920322895
1788815598.8202372,0.017676275223493576,0.0,0.0,0.0,0.0,0.015735283493995667
1788815598.8702252,0.017676275223493576,0.0,0.0,0.0,0.0,0.015735283493995667
1788815598.9204342,0.01928722858428955,0.0,0.0,0.0,0.0,0.01676391437649727
1788815598.9702265,0.01928722858428955,0.0,0.0,0.0,0.0,0.01676391437649727
1788815599.0203288,0.020367413759231567,0.0,0.0,0.0,0.0,0.016813287511467934
1788815599.070266,0.020367413759231567,0.0,0.0,0.0,0.0,0.016813287511467934
1788815599.1202092,0.021157613024115562,0.0,0.0,0.0,0.0,0.016481654718518257
1788815599.169931,0.021157613024115562,0.0,0.0,0.0,0.0,0.016481654718518257
1788815599.220326,0.02182837203145027,0.0,0.0,0.0,0.0,0.0161259938031435
1788815599.2703238,0.02182837203145027,0.0,0.0,0.0,0.0,0.0161259938031435
1788815599.3204157,0.022325973957777023,0.0,0.0,0.0,0.0,0.01567455194890499
1788815599.3704832,0.022325973957777023,0.0,0.0,0.0,0.0,0.01567455194890499
1788815599.420306,0.022538019344210625,0.0,0.0,0.0,0.0,0.01496989093720913
1788815599.4704125,0.02238587848842144,0.0,0.0,0.0,0.0,0.013930787332355976
1788815599.520325,0.02238587848842144,0.0,0.0,0.0,0.0,0.013930787332355976
1788815599.5701709,0.02238587848842144,0.0,0.0,0.0,0.0,0.013930787332355976
1788815599.6200206,0.02178187482059002,0.0,0.0,0.0,0.0,0.012458297424018383
1788815599.6704829,0.021203594282269478,0.0,0.0,0.0,0.0,0.011195641942322254
1788815599.7202497,0.021203594282269478,0.0,0.0,0.0,0.0,0.011195641942322254
1788815599.7705424,0.021203594282269478,0.0,0.0,0.0,0.0,0.011195641942322254
1788815599.8202486,0.020346766337752342,0.0,0.0,0.0,0.0,0.009824231266975403
1788815599.8700624,0.020346766337752342,0.0,0.0,0.0,0.0,0.009824231266975403
1788815599.9201531,0.019410859793424606,0.0,0.0,0.0,0.0,0.008453981950879097
1788815599.9700065,0.019410859793424606,0.0,0.0,0.0,0.0,0.008453981950879097
1788815600.0203857,0.018382295966148376,0.0,0.0,0.0,0.0,0.007161139510571957
1788815600.0704048,0.018382295966148376,0.0,0.0,0.0,0.0,0.007161139510571957
1788815600.1203234,0.017331093549728394,0.0,0.0,0.0,0.0,0.005948529578745365
1788815600.17037,0.017331093549728394,0.0,0.0,0.0,0.0,0.005948529578745365
1788815600.2203467,0.016134832054376602,0.0,0.0,0.0,0.0,0.004700533580034971
1788815600.2701867,0.016134832054376602,0.0,0.0,0.0,0.0,0.004700533580034971
1788815600.3203678,0.015094427391886711,0.0,0.0,0.0,0.0,0.0036700116470456123
1788815600.369969,0.015094427391886711,0.0,0.0,0.0,0.0,0.0036700116470456123
1788815600.4203923,0.013987910002470016,0.0,0.0,0.0,0.0,0.002661315957084298
1788815600.470414,0.012913661077618599,0.0,0.0,0.0,0.0,0.0017281727632507682
1788815600.5202382,0.012913661077618599,0.0,0.0,0.0,0.0,0.0017281727632507682
1788815600.5699968,0.011895387433469296,0.0,0.0,0.0,0.0,0.0009146800730377436
1788815600.6203413,0.011895387433469296,0.0,0.0,0.0,0.0,0.0009146800730377436
1788815600.6699202,0.011895387433469296,0.0,0.0,0.0,0.0,0.0009146800730377436
1788815600.7202587,0.010676633566617966,0.0,0.0,0.0,0.0,6.570038385689259e-05
1788815600.7700806,0.010676633566617966,0.0,0.0,0.0,0.0,6.570038385689259e-05
1788815600.820277,0.009582876227796078,0.0,0.0,0.0,0.0,-0.0006404388695955276
1788815600.8700807,0.009582876227796078,0.0,0.0,0.0,0.0,-0.0006404388695955276
1788815600.920297,0.008565336465835571,0.0,0.0,0.0,0.0,-0.001129060983657837
1788815600.9700556,0.008565336465835571,0.0,0.0,0.0,0.0,-0.001129060983657837
1788815601.0203424,0.007859023287892342,0.0,0.0,0.0,0.0,-0.0014688801020383835
1788815601.070321,0.007859023287892342,0.0,0.0,0.0,0.0,-0.0014688801020383835
1788815601.120183,0.00732323108240962,0.0,0.0,0.0,0.0,-0.0017168119084089994
1788815601.1701813,0.00732323108240962,0.0,0.0,0.0,0.0,-0.0017168119084089994
1788815601.2202742,0.006721205078065395,0.0,0.0,0.0,0.0,-0.0018820122350007296
1788815601.2699137,0.006721205078065395,0.0,0.0,0.0,0.0,-0.0018820122350007296
1788815601.3203316,0.006112000904977322,0.0,0.0,0.0,0.0,-0.0019824346527457237
1788815601.370064,0.006112000904977322,0.0,0.0,0.0,0.0,-0.0019824346527457237
1788815601.4204824,0.005541984923183918,0.0,0.0,0.0,0.0,-0.0020371954888105392
1788815601.4705017,0.005111269652843475,0.0,0.0,0.0,0.0,-0.002077502431347966
1788815601.5203893,0.005111269652843475,0.0,0.0,0.0,0.0,-0.002077502431347966
1788815601.570345,0.005111269652843475,0.0,0.0,0.0,0.0,-0.002077502431347966
1788815601.620244,0.004804977215826511,0.0,0.0,0.0,0.0,-0.0021155872382223606
1788815601.6701515,0.004804977215826511,0.0,0.0,0.0,0.0,-0.0021155872382223606
1788815601.7204602,0.0044762976467609406,0.0,0.0,0.0,0.0,-0.0021304350811988115
1788815601.7700984,0.0044762976467609406,0.0,0.0,0.0,0.0,-0.0021304350811988115
1788815601.8203337,0.004317255690693855,0.0,0.0,0.0,0.0,-0.002163407625630498
1788815601.8700635,0.004206516779959202,0.0,0.0,0.0,0.0,-0.002404717495664954
1788815601.9205165,0.004206516779959202,0.0,0.0,0.0,0.0,-0.002404717495664954
1788815601.9700818,0.004000002518296242,0.0,0.0,0.0,0.0,-0.002337769838050008
1788815602.0202675,0.004000002518296242,0.0,0.0,0.0,0.0,-0.002337769838050008
1788815602.0700908,0.0037526097148656845,0.0,0.0,0.0,0.0,-0.0023096040822565556
1788815602.120497,0.0037526097148656845,0.0,0.0,0.0,0.0,-0.0023096040822565556
1788815602.1696284,0.0035706758499145508,0.0,0.0,0.0,0.0,-0.0022764448076486588
1788815602.2203307,0.0035706758499145508,0.0,0.0,0.0,0.0,-0.0022764448076486588
1788815602.2703137,0.003516246099025011,0.0,0.0,0.0,0.0,-0.00242995610460639
1788815602.3202546,0.003516246099025011,0.0,0.0,0.0,0.0,-0.00242995610460639
1788815602.3704052,0.003392727579921484,0.0,0.0,0.0,0.0,-0.00239191553555429
1788815602.4205015,0.003392727579921484,0.0,0.0,0.0,0.0,-0.00239191553555429
1788815602.4705956,0.0033033143263310194,0.0,0.0,0.0,0.0,-0.002388349501416087
1788815602.5204375,0.0033033143263310194,0.0,0.0,0.0,0.0,-0.002388349501416087
1788815602.5701096,0.0033195633441209793,0.0,0.0,0.0,0.0,-0.0026735058054327965
1788815602.6203861,0.0033195633441209793,0.0,0.0,0.0,0.0,-0.0026735058054327965
1788815602.67008,0.0033195633441209793,0.0,0.0,0.0,0.0,-0.0026735058054327965
1788815602.7203453,0.0031094267033040524,0.0,0.0,0.0,0.0,-0.0025179239455610514
1788815602.7702682,0.0031094267033040524,0.0,0.0,0.0,0.0,-0.0025179239455610514
1788815602.8203685,0.0029604472219944,0.0,0.0,0.0,0.0,-0.0024514803662896156
1788815602.8700411,0.0029604472219944,0.0,0.0,0.0,0.0,-0.0024514803662896156
1788815602.9202397,0.002811058424413204,0.0,0.0,0.0,0.0,-0.0023670485243201256
1788815602.9703317,0.0027146616484969854,0.0,0.0,0.0,0.0,-0.0023499317467212677
1788815603.0201747,0.0027146616484969854,0.0,0.0,0.0,0.0,-0.0023499317467212677
1788815603.0698612,0.0026420948561280966,0.0,0.0,0.0,0.0,-0.002352764131501317
1788815603.120304,0.0026420948561280966,0.0,0.0,0.0,0.0,-0.002352764131501317
1788815603.1699255,0.0025890313554555178,0.0,0.0,0.0,0.0,-0.002372946124523878
1788815603.220404,0.0025890313554555178,0.0,0.0,0.0,0.0,-0.002372946124523878
1788815603.2698884,0.0025890313554555178,0.0,0.0,0.0,0.0,-0.002372946124523878
1788815603.3203905,0.0025441129691898823,0.0,0.0,0.0,0.0,-0.0023959914688020945
1788815603.3697946,0.0025441129691898823,0.0,0.0,0.0,0.0,-0.0023959914688020945
1788815603.420223,0.002504431176930666,0.0,0.0,0.0,0.0,-0.002420261036604643
1788815603.4703608,0.002467680722475052,0.0,0.0,0.0,0.0,-0.0024438861291855574
1788815603.520253,0.002467680722475052,0.0,0.0,0.0,0.0,-0.0024438861291855574
1788815603.57032,0.0024333838373422623,0.0,0.0,0.0,0.0,-0.0024671764113008976
1788815603.620376,0.0024333838373422623,0.0,0.0,0.0,0.0,-0.0024671764113008976
1788815603.6698124,0.0024333838373422623,0.0,0.0,0.0,0.0,-0.0024671764113008976
1788815603.7205842,0.00240103667601943,0.0,0.0,0.0,0.0,-0.002490040846168995
1788815603.770327,0.0023704241029918194,0.0,0.0,0.0,0.0,-0.0025125567335635424
1788815603.8204238,0.0023704241029918194,0.0,0.0,0.0,0.0,-0.0025125567335635424
1788815603.870565,0.002341396175324917,0.0,0.0,0.0,0.0,-0.0025345520116388798
1788815603.9203372,0.002341396175324917,0.0,0.0,0.0,0.0,-0.0025345520116388798
1788815603.9701781,0.002313929842785001,0.0,0.0,0.0,0.0,-0.0025558415800333023
1788815604.020223,0.002313929842785001,0.0,0.0,0.0,0.0,-0.0025558415800333023
1788815604.0702488,0.002313929842785001,0.0,0.0,0.0,0.0,-0.0025558415800333023
1788815604.1202493,0.0022880714386701584,0.0,0.0,0.0,0.0,-0.002576451515778899
1788815604.1705856,0.0022880714386701584,0.0,0.0,0.0,0.0,-0.002576451515778899
1788815604.2203722,0.002263750648126006,0.0,0.0,0.0,0.0,-0.00259634992107749
1788815604.2701576,0.002263750648126006,0.0,0.0,0.0,0.0,-0.00259634992107749
1788815604.32041,0.0022409260272979736,0.0,0.0,0.0,0.0,-0.0026154762599617243
1788815604.3701193,0.0022409260272979736,0.0,0.0,0.0,0.0,-0.0026154762599617243
1788815604.420254,0.002219421323388815,0.0,0.0,0.0,0.0,-0.0026337499730288982
1788815604.4699752,0.002219421323388815,0.0,0.0,0.0,0.0,-0.0026337499730288982
1788815604.5203753,0.0021990982349961996,0.0,0.0,0.0,0.0,-0.0026511847972869873
1788815604.5700219,0.0021990982349961996,0.0,0.0,0.0,0.0,-0.0026511847972869873
1788815604.6202357,0.0021799514070153236,0.0,0.0,0.0,0.0,-0.0026677753776311874
1788815604.6701167,0.002161949872970581,0.0,0.0,0.0,0.0,-0.002683663973584771
1788815604.7204278,0.002161949872970581,0.0,0.0,0.0,0.0,-0.002683663973584771
1788815604.770597,0.0021450198255479336,0.0,0.0,0.0,0.0,-0.002698930911719799
1788815604.820455,0.0021450198255479336,0.0,0.0,0.0,0.0,-0.002698930911719799
1788815604.874778,0.0021450198255479336,0.0,0.0,0.0,0.0,-0.002698930911719799
1788815604.9205017,0.0021290702279657125,0.0,0.0,0.0,0.0,-0.00271356338635087
1788815604.9702928,0.0021140212193131447,0.0,0.0,0.0,0.0,-0.0027276212349534035
1788815605.0202775,0.0021140212193131447,0.0,0.0,0.0,0.0,-0.0027276212349534035
1788815605.070633,0.002099931938573718,0.0,0.0,0.0,0.0,-0.0027411370538175106
1788815605.1203136,0.002099931938573718,0.0,0.0,0.0,0.0,-0.0027411370538175106
1788815605.1701005,0.0020867441780865192,0.0,0.0,0.0,0.0,-0.002754203276708722
1788815605.2202961,0.0020867441780865192,0.0,0.0,0.0,0.0,-0.002754203276708722
1788815605.2702742,0.0020867441780865192,0.0,0.0,0.0,0.0,-0.002754203276708722
1788815605.320389,0.002074385527521372,0.0,0.0,0.0,0.0,-0.002766875084489584
1788815605.3705726,0.002062727464362979,0.0,0.0,0.0,0.0,-0.0027791359461843967
1788815605.4203207,0.002062727464362979,0.0,0.0,0.0,0.0,-0.0027791359461843967
1788815605.4701245,0.002062727464362979,0.0,0.0,0.0,0.0,-0.0027791359461843967
1788815605.5203607,0.0020516403019428253,0.0,0.0,0.0,0.0,-0.00279101449996233
1788815605.570003,0.00204115966334939,0.0,0.0,0.0,0.0,-0.002802417380735278
1788815605.620134,0.00204115966334939,0.0,0.0,0.0,0.0,-0.002802417380735278
1788815605.6701155,0.00204115966334939,0.0,0.0,0.0,0.0,-0.002802417380735278
1788815605.7200625,0.0020312767010182142,0.0,0.0,0.0,0.0,-0.0028133809100836515
1788815605.7698865,0.0020312767010182142,0.0,0.0,0.0,0.0,-0.0028133809100836515
1788815605.82041,0.002022016793489456,0.0,0.0,0.0,0.0,-0.0028238752856850624
1788815605.870166,0.002022016793489456,0.0,0.0,0.0,0.0,-0.0028238752856850624
1788815605.9202535,0.0020133396610617638,0.0,0.0,0.0,0.0,-0.0028339766431599855
1788815605.9699678,0.0020133396610617638,0.0,0.0,0.0,0.0,-0.0028339766431599855
1788815606.0203657,0.002005187328904867,0.0,0.0,0.0,0.0,-0.0028437075670808554
1788815606.0699697,0.002005187328904867,0.0,0.0,0.0,0.0,-0.0028437075670808554
1788815606.1202424,0.0019975167233496904,0.0,0.0,0.0,0.0,-0.002853090176358819
1788815606.1702774,0.001990262418985367,0.0,0.0,0.0,0.0,-0.0028621742967516184
1788815606.220465,0.001990262418985367,0.0,0.0,0.0,0.0,-0.0028621742967516184
1788815606.2699404,0.001983406487852335,0.0,0.0,0.0,0.0,-0.0028709545731544495
1788815606.3202782,0.001983406487852335,0.0,0.0,0.0,0.0,-0.0028709545731544495
1788815606.3702452,0.001983406487852335,0.0,0.0,0.0,0.0,-0.0028709545731544495
1788815606.420263,0.001976903062313795,0.0,0.0,0.0,0.0,-0.0028794188983738422
1788815606.469835,0.001970706507563591,0.0,0.0,0.0,0.0,-0.0028875565622001886
1788815606.5204208,0.001970706507563591,0.0,0.0,0.0,0.0,-0.0028875565622001886
1788815606.569658,0.0019647451117634773,0.0,0.0,0.0,0.0,-0.002895410405471921
1788815606.620197,0.0019647451117634773,0.0,0.0,0.0,0.0,-0.002895410405471921
1788815606.670299,0.001958949025720358,0.0,0.0,0.0,0.0,-0.002903012093156576
1788815606.7205331,0.001958949025720358,0.0,0.0,0.0,0.0,-0.002903012093156576
1788815606.7702246,0.001958949025720358,0.0,0.0,0.0,0.0,-0.002903012093156576
1788815606.8204994,0.001953316852450371,0.0,0.0,0.0,0.0,-0.0029103450942784548
1788815606.8703508,0.001953316852450371,0.0,0.0,0.0,0.0,-0.0029103450942784548
1788815606.9205077,0.001947859302163124,0.0,0.0,0.0,0.0,-0.0029174871742725372
1788815606.970212,0.001947859302163124,0.0,0.0,0.0,0.0,-0.0029174871742725372
1788815607.020214,0.001942601753398776,0.0,0.0,0.0,0.0,-0.0029244369361549616
1788815607.0699875,0.001942601753398776,0.0,0.0,0.0,0.0,-0.0029244369361549616
1788815607.1205575,0.0019375472329556942,0.0,0.0,0.0,0.0,-0.0029311957769095898
1788815607.1703508,0.0019375472329556942,0.0,0.0,0.0,0.0,-0.0029311957769095898
1788815607.2206063,0.0019326969049870968,0.0,0.0,0.0,0.0,-0.0029377455357462168
1788815607.2705357,0.0019280246924608946,0.0,0.0,0.0,0.0,-0.0029440424405038357
1788815607.3203022,0.0019280246924608946,0.0,0.0,0.0,0.0,-0.0029440424405038357
1788815607.3698785,0.001923539093695581,0.0,0.0,0.0,0.0,-0.0029500899836421013
1788815607.4202247,0.001923539093695581,0.0,0.0,0.0,0.0,-0.0029500899836421013
1788815607.4705045,0.0019192072795704007,0.0,0.0,0.0,0.0,-0.002955904696136713
1788815607.520582,0.0019192072795704007,0.0,0.0,0.0,0.0,-0.002955904696136713
1788815607.5703604,0.0019150117877870798,0.0,0.0,0.0,0.0,-0.0029615326784551144
1788815607.6203182,0.0019150117877870798,0.0,0.0,0.0,0.0,-0.0029615326784551144
1788815607.6701493,0.0019109367858618498,0.0,0.0,0.0,0.0,-0.002966907573863864
1788815607.720227,0.0019109367858618498,0.0,0.0,0.0,0.0,-0.002966907573863864
1788815607.770315,0.00190698669757694,0.0,0.0,0.0,0.0,-0.0029720463789999485
1788815607.8203127,0.00190698669757694,0.0,0.0,0.0,0.0,-0.0029720463789999485
1788815607.8696623,0.00190698669757694,0.0,0.0,0.0,0.0,-0.0029720463789999485
1788815607.920434,0.0019031600095331669,0.0,0.0,0.0,0.0,-0.0029769695829600096
1788815607.9701896,0.0019031600095331669,0.0,0.0,0.0,0.0,-0.0029769695829600096
1788815608.020622,0.0018994595156982541,0.0,0.0,0.0,0.0,-0.0029816916212439537
1788815608.0702453,0.0018994595156982541,0.0,0.0,0.0,0.0,-0.0029816916212439537
1788815608.120358,0.0018958913860842586,0.0,0.0,0.0,0.0,-0.002986225299537182
1788815608.1701214,0.0018958913860842586,0.0,0.0,0.0,0.0,-0.002986225299537182
1788815608.2205365,0.0018958913860842586,0.0,0.0,0.0,0.0,-0.002986225299537182
1788815608.2701783,0.0018958913860842586,0.0,0.0,0.0,0.0,-0.002986225299537182
1788815608.3202944,0.0018958913860842586,0.0,0.0,0.0,0.0,-0.002986225299537182
1788815608.3697891,0.0018958913860842586,0.0,0.0,0.0,0.0,-0.002986225299537182
1788815608.4203515,0.0,0.0,0.0,0.0,0.0,0.0
1788815608.470377,0.0,0.0,0.0,0.0,0.0,0.0
1788815608.5203273,0.0,0.0,0.0,0.0,0.0,0.0
1788815608.5700839,0.0,0.0,0.0,0.0,0.0,0.0
1788815608.6203828,0.0,0.0,0.0,0.0,0.0,0.0
1788815608.6701279,0.0,0.0,0.0,0.0,0.0,0.0
1788815608.7202988,0.0,0.0,0.0,0.0,0.0,0.0
1788815608.7701097,0.0,0.0,0.0,0.0,0.0,0.0
1788815608.8204026,0.0,0.0,0.0,0.0,0.0,0.0
1788815608.870194,0.0,0.0,0.0,0.0,0.0,0.0
1788815608.9204,0.0,0.0,0.0,0.0,0.0,0.0
1788815608.9698787,0.0,0.0,0.0,0.0,0.0,0.0
1788815609.0202682,0.0,0.0,0.0,0.0,0.0,0.0
1788815609.069832,0.0,0.0,0.0,0.0,0.0,0.0
1788815609.1203644,0.0,0.0,0.0,0.0,0.0,0.0
1788815609.1699722,0.0,0.0,0.0,0.0,0.0,0.0
1788815609.2201197,0.0,0.0,0.0,0.0,0.0,0.0
1788815609.2698221,0.0,0.0,0.0,0.0,0.0,0.0
1788815609.3203328,0.0,0.0,0.0,0.0,0.0,0.0
1788815609.370126,0.0,0.0,0.0,0.0,0.0,0.0
1788815609.4203544,0.0,0.0,0.0,0.0,0.0,0.0
1788815609.4702337,0.0,0.0,0.0,0.0,0.0,0.0
1788815609.520315,0.0,0.0,0.0,0.0,0.0,0.0
1788815609.5702116,0.0,0.0,0.0,0.0,0.0,0.0
1788815609.6200871,0.0,0.0,0.0,0.0,0.0,0.0
1788815609.6701672,0.0,0.0,0.0,0.0,0.0,0.0
1788815609.720172,0.0,0.0,0.0,0.0,0.0,0.0
1788815609.7701757,0.0,0.0,0.0,0.0,0.0,0.0
1788815609.8203602,0.0,0.0,0.0,0.0,0.0,0.0
1788815609.870148,0.0,0.0,0.0,0.0,0.0,0.0
1788815609.920458,0.0,0.0,0.0,0.0,0.0,0.0
1788815609.9702861,0.0,0.0,0.0,0.0,0.0,0.0
1788815610.0203786,0.0,0.0,0.0,0.0,0.0,0.0
1788815610.070165,0.0,0.0,0.0,0.0,0.0,0.0
1788815610.120378,0.0,0.0,0.0,0.0,0.0,0.0
1788815610.1701813,0.0,0.0,0.0,0.0,0.0,0.0
1788815610.220045,0.0,0.0,0.0,0.0,0.0,0.0
1788815610.2700164,0.0,0.0,0.0,0.0,0.0,0.0
1788815610.320444,0.0,0.0,0.0,0.0,0.0,0.0
1788815610.369739,0.0,0.0,0.0,0.0,0.0,0.0
1788815610.4202418,0.0,0.0,0.0,0.0,0.0,0.0
1788815610.470016,0.0,0.0,0.0,0.0,0.0,0.0
1788815610.5203688,0.0,0.0,0.0,0.0,0.0,0.0
1788815610.5701938,0.0,0.0,0.0,0.0,0.0,0.0
1788815610.6204805,0.0,0.0,0.0,0.0,0.0,0.0
1788815610.670207,0.0,0.0,0.0,0.0,0.0,0.0
1788815610.7203476,0.0,0.0,0.0,0.0,0.0,0.0
1788815610.770122,0.0,0.0,0.0,0.0,0.0,0.0
1788815610.8242884,0.0,0.0,0.0,0.0,0.0,0.0
1788815610.8701744,0.0,0.0,0.0,0.0,0.0,0.0
1788815610.922023,0.0,0.0,0.0,0.0,0.0,0.0
1788815610.9700344,0.0,0.0,0.0,0.0,0.0,0.0
1788815611.0263705,0.0,0.0,0.0,0.0,0.0,0.0
1788815611.0704937,0.0,0.0,0.0,0.0,0.0,0.0
1788815611.12464,0.0,0.0,0.0,0.0,0.0,0.0
1788815611.1699395,0.0,0.0,0.0,0.0,0.0,0.0
1788815611.223273,0.0,0.0,0.0,0.0,0.0,0.0
1788815611.2701793,0.0,0.0,0.0,0.0,0.0,0.0
1788815611.3223925,0.0,0.0,0.0,0.0,0.0,0.0
1788815611.3698163,0.0,0.0,0.0,0.0,0.0,0.0
1788815611.422222,0.0,0.0,0.0,0.0,0.0,0.0
1788815611.4698226,0.0,0.0,0.0,0.0,0.0,0.0
1788815611.5220861,0.0,0.0,0.0,0.0,0.0,0.0
1788815611.5702045,0.0,0.0,0.0,0.0,0.0,0.0
1788815611.6243522,0.0,0.0,0.0,0.0,0.0,0.0
1788815611.670236,0.0,0.0,0.0,0.0,0.0,0.0
1788815611.7227826,0.0,0.0,0.0,0.0,0.0,0.0
1788815611.7701094,0.0,0.0,0.0,0.0,0.0,0.0
1788815611.828666,0.0,0.0,0.0,0.0,0.0,0.0
1788815611.8700986,0.0,0.0,0.0,0.0,0.0,0.0
1788815611.9239404,0.0,0.0,0.0,0.0,0.0,0.0
1788815611.970119,0.0,0.0,0.0,0.0,0.0,0.0
1788815612.0233345,0.0,0.0,0.0,0.0,0.0,0.0
1788815612.0701327,0.0,0.0,0.0,0.0,0.0,0.0
1788815612.121326,0.0,0.0,0.0,0.0,0.0,0.0
1788815612.170151,0.0,0.0,0.0,0.0,0.0,0.0
1788815612.2237427,0.0,0.0,0.0,0.0,0.0,0.0
1788815612.2704515,0.0,0.0,0.0,0.0,0.0,0.0
1788815612.3315713,0.0,0.0,0.0,0.0,0.0,0.0
1788815612.3699603,0.0,0.0,0.0,0.0,0.0,0.0
1788815612.4234717,0.0,0.0,0.0,0.0,0.0,0.0
1788815612.4701846,0.0,0.0,0.0,0.0,0.0,0.0
1788815612.524644,0.0,0.0,0.0,0.0,0.0,0.0
1788815612.5701468,0.0,0.0,0.0,0.0,0.0,0.0
1788815612.620308,0.0,0.0,0.0,0.0,0.0,0.0
1788815612.6702218,0.0,0.0,0.0,0.0,0.0,0.0
1788815612.7214327,0.0,0.0,0.0,0.0,0.0,0.0
1788815612.7702484,0.0,0.0,0.0,0.0,0.0,0.0
1788815612.825147,0.0,0.0,0.0,0.0,0.0,0.0
1788815612.8701863,0.0,0.0,0.0,0.0,0.0,0.0
1788815612.9255593,0.0,0.0,0.0,0.0,0.0,0.0
1788815612.9701135,0.0,0.0,0.0,0.0,0.0,0.0
1788815613.0227153,0.0,0.0,0.0,0.0,0.0,0.0
1788815613.0698867,0.0,0.0,0.0,0.0,0.0,0.0
1788815613.124542,0.0,0.0,0.0,0.0,0.0,0.0
1788815613.1702707,0.0,0.0,0.0,0.0,0.0,0.0
1788815613.2245138,0.0,0.0,0.0,0.0,0.0,0.0
1788815613.270223,0.0,0.0,0.0,0.0,0.0,0.0
1788815613.3264036,0.0,0.0,0.0,0.0,0.0,0.0
1788815613.3697839,0.0,0.0,0.0,0.0,0.0,0.0
1788815613.4203885,0.0,0.0,0.0,0.0,0.0,0.0
1788815613.470273,0.0,0.0,0.0,0.0,0.0,0.0
1788815613.5203226,0.0,0.0,0.0,0.0,0.0,0.0
1788815613.5703368,0.0,0.0,0.0,0.0,0.0,0.0
1788815613.6204116,0.0,0.0,0.0,0.0,0.0,0.0
1788815613.670209,0.0,0.0,0.0,0.0,0.0,0.0
1788815613.72041,0.0,0.0,0.0,0.0,0.0,0.0
1788815613.7701619,0.0,0.0,0.0,0.0,0.0,0.0
1788815613.8205342,0.0,0.0,0.0,0.0,0.0,0.0
1788815613.8702908,0.0,0.0,0.0,0.0,0.0,0.0
1788815613.9203942,0.0,0.0,0.0,0.0,0.0,0.0
1788815613.9702837,0.0,0.0,0.0,0.0,0.0,0.0
1788815614.0203884,0.0,0.0,0.0,0.0,0.0,0.0
1788815614.070253,0.0,0.0,0.0,0.0,0.0,0.0
1788815614.120352,0.0,0.0,0.0,0.0,0.0,0.0
1788815614.1701412,0.0,0.0,0.0,0.0,0.0,0.0
1788815614.2204869,0.0,0.0,0.0,0.0,0.0,0.0
1788815614.2702606,0.0,0.0,0.0,0.0,0.0,0.0
1788815614.3204145,0.0,0.0,0.0,0.0,0.0,0.0
1788815614.3700323,0.0,0.0,0.0,0.0,0.0,0.0
1788815614.4205096,0.0,0.0,0.0,0.0,0.0,0.0
1788815614.4701996,0.0,0.0,0.0,0.0,0.0,0.0
1788815614.5205693,0.0,0.0,0.0,0.0,0.0,0.0
1788815614.570239,0.0,0.0,0.0,0.0,0.0,0.0
1788815614.6203208,0.0,0.0,0.0,0.0,0.0,0.0
1788815614.6701674,0.0,0.0,0.0,0.0,0.0,0.0
1788815614.7204509,0.0,0.0,0.0,0.0,0.0,0.0
1788815614.7701726,0.0,0.0,0.0,0.0,0.0,0.0
1788815614.8202932,0.0,0.0,0.0,0.0,0.0,0.0
1788815614.8700848,0.0,0.0,0.0,0.0,0.0,0.0
1788815614.9201365,0.0,0.0,0.0,0.0,0.0,0.0
1788815614.9703183,0.0,0.0,0.0,0.0,0.0,0.0
1788815615.020373,0.0,0.0,0.0,0.0,0.0,0.0
1788815615.0699658,0.0,0.0,0.0,0.0,0.0,0.0
1788815615.1202316,0.0,0.0,0.0,0.0,0.0,0.0
1788815615.1711283,0.0,0.0,0.0,0.0,0.0,0.0
1788815615.220546,0.0,0.0,0.0,0.0,0.0,0.0
1788815615.2702212,0.0,0.0,0.0,0.0,0.0,0.0
1788815615.3204222,0.0,0.0,0.0,0.0,0.0,0.0
1788815615.3701646,0.0,0.0,0.0,0.0,0.0,0.0
1788815615.4202743,0.0,0.0,0.0,0.0,0.0,0.0
1788815615.4702973,0.0,0.0,0.0,0.0,0.0,0.0
1788815615.5201783,0.0,0.0,0.0,0.0,0.0,0.0
1788815615.5706224,0.0,0.0,0.0,0.0,0.0,0.0
1788815615.6203914,0.0,0.0,0.0,0.0,0.0,0.0
1788815615.670004,0.0,0.0,0.0,0.0,0.0,0.0
1788815615.720274,0.0,0.0,0.0,0.0,0.0,0.0
1788815615.7704687,0.0,0.0,0.0,0.0,0.0,0.0
1788815615.8204796,0.0,0.0,0.0,0.0,0.0,0.0
1788815615.8701937,0.0,0.0,0.0,0.0,0.0,0.0
1788815615.9201877,0.0,0.0,0.0,0.0,0.0,0.0
1788815615.970191,0.0,0.0,0.0,0.0,0.0,0.0
1788815616.0202138,0.0,0.0,0.0,0.0,0.0,0.0
1788815616.0699916,0.0,0.0,0.0,0.0,0.0,0.0
1788815616.1199248,0.0,0.0,0.0,0.0,0.0,0.0
1788815616.170164,0.0,0.0,0.0,0.0,0.0,0.0
1788815616.220477,0.0,0.0,0.0,0.0,0.0,0.0
1788815616.2702088,0.0,0.0,0.0,0.0,0.0,0.0
1788815616.320412,0.0,0.0,0.0,0.0,0.0,0.0
1788815616.370011,0.0,0.0,0.0,0.0,0.0,0.0
1788815616.4202483,0.0,0.0,0.0,0.0,0.0,0.0
1788815616.4702024,0.0,0.0,0.0,0.0,0.0,0.0
1788815616.520516,0.0,0.0,0.0,0.0,0.0,0.0
1788815616.570318,0.0,0.0,0.0,0.0,0.0,0.0
1788815616.6279883,0.0,0.0,0.0,0.0,0.0,0.0
1788815616.67011,0.0,0.0,0.0,0.0,0.0,0.0
1788815616.729485,0.0,0.0,0.0,0.0,0.0,0.0
1788815616.769852,0.0,0.0,0.0,0.0,0.0,0.0
1788815616.8279886,0.0,0.0,0.0,0.0,0.0,0.0
1788815616.8702133,0.0,0.0,0.0,0.0,0.0,0.0
1788815616.920172,0.0,0.0,0.0,0.0,0.0,0.0
1788815616.970054,0.0,0.0,0.0,0.0,0.0,0.0
1788815617.0289688,0.0,0.0,0.0,0.0,0.0,0.0
1788815617.0700881,0.0,0.0,0.0,0.0,0.0,0.0
1788815617.1332605,0.0,0.0,0.0,0.0,0.0,0.0
1788815617.170016,0.0,0.0,0.0,0.0,0.0,0.0
1788815617.2207108,0.0,0.0,0.0,0.0,0.0,0.0
1788815617.2701712,0.0,0.0,0.0,0.0,0.0,0.0
1788815617.3284726,0.0,0.0,0.0,0.0,0.0,0.0
1788815617.3702526,0.0,0.0,0.0,0.0,0.0,0.0
1788815617.4286628,0.0,0.0,0.0,0.0,0.0,0.0
1788815617.470214,0.0,0.0,0.0,0.0,0.0,0.0
1788815617.5263963,0.0,0.0,0.0,0.0,0.0,0.0
1788815617.5702262,0.0,0.0,0.0,0.0,0.0,0.0
1788815617.6270778,0.0,0.0,0.0,0.0,0.0,0.0
1788815617.6700788,0.0,0.0,0.0,0.0,0.0,0.0
1788815617.7222996,0.0,0.0,0.0,0.0,0.0,0.0
1788815617.7700577,0.0,0.0,0.0,0.0,0.0,0.0
1788815617.828331,0.0,0.0,0.0,0.0,0.0,0.0
1788815617.8701367,0.0,0.0,0.0,0.0,0.0,0.0
1788815617.9287102,0.0,0.0,0.0,0.0,0.0,0.0
1788815617.970057,0.0,0.0,0.0,0.0,0.0,0.0
1788815618.02916,0.0,0.0,0.0,0.0,0.0,0.0
1788815618.0701416,0.0,0.0,0.0,0.0,0.0,0.0
1788815618.1201446,0.0,0.0,0.0,0.0,0.0,0.0
1788815618.1703556,0.0,0.0,0.0,0.0,0.0,0.0
1788815618.227242,0.0,0.0,0.0,0.0,0.0,0.0
1788815618.2702537,0.0,0.0,0.0,0.0,0.0,0.0
1788815618.3202193,0.0,0.0,0.0,0.0,0.0,0.0
1788815618.3699787,0.0,0.0,0.0,0.0,0.0,0.0
1788815618.4288316,0.0,0.0,0.0,0.0,0.0,0.0
1788815618.4701524,0.0,0.0,0.0,0.0,0.0,0.0
1788815618.5298383,0.0,0.0,0.0,0.0,0.0,0.0
1788815618.5702138,0.0,0.0,0.0,0.0,0.0,0.0
1788815618.6206,0.0,0.0,0.0,0.0,0.0,0.0
1788815618.6704323,0.0,0.0,0.0,0.0,0.0,0.0
1788815618.7294393,0.0,0.0,0.0,0.0,0.0,0.0
1788815618.770192,0.0,0.0,0.0,0.0,0.0,0.0
1788815618.8203151,0.0,0.0,0.0,0.0,0.0,0.0
1788815618.8702247,0.0,0.0,0.0,0.0,0.0,0.0
1788815618.9203532,0.0,0.0,0.0,0.0,0.0,0.0
1788815618.970246,0.0,0.0,0.0,0.0,0.0,0.0
1788815619.0289958,0.0,0.0,0.0,0.0,0.0,0.0
1788815619.0701263,0.0,0.0,0.0,0.0,0.0,0.0
1788815619.1282883,0.0,0.0,0.0,0.0,0.0,0.0
1788815619.1700597,0.0,0.0,0.0,0.0,0.0,0.0
1788815619.2330468,0.0,0.0,0.0,0.0,0.0,0.0
1788815619.2702513,0.0,0.0,0.0,0.0,0.0,0.0
1788815619.3228147,0.0,0.0,0.0,0.0,0.0,0.0
1788815619.3701022,0.0,0.0,0.0,0.0,0.0,0.0
1788815619.4204388,0.0,0.0,0.0,0.0,0.0,0.0
1788815619.4702554,0.0,0.0,0.0,0.0,0.0,0.0
1788815619.5204499,0.0,0.0,0.0,0.0,0.0,0.0
1788815619.5699322,0.0,0.0,0.0,0.0,0.0,0.0
1788815619.921699,0.0,0.0,0.0,0.0,0.0,0.0
1788815619.9223313,0.0,0.0,0.0,0.0,0.0,0.0
1788815619.97033,0.0,0.0,0.0,0.0,0.0,0.0
1788815620.0202007,0.0,0.0,0.0,0.0,0.0,0.0
1788815620.0702016,0.0,0.0,0.0,0.0,0.0,0.0
1788815620.1207402,0.0,0.0,0.0,0.0,0.0,0.0
1788815620.1707866,0.0,0.0,0.0,0.0,0.0,0.0
1788815620.2203393,0.0,0.0,0.0,0.0,0.0,0.0
1788815620.2701564,0.0,0.0,0.0,0.0,0.0,0.0
1788815620.3206432,0.0,0.0,0.0,0.0,0.0,0.0
1788815620.3701854,0.0,0.0,0.0,0.0,0.0,0.0
1788815620.4204767,0.0,0.0,0.0,0.0,0.0,0.0
1788815620.4704597,0.0,0.0,0.0,0.0,0.0,0.0
1788815620.5206482,0.0,0.0,0.0,0.0,0.0,0.0
1788815620.5702093,0.0,0.0,0.0,0.0,0.0,0.0
1788815620.6205635,0.0,0.0,0.0,0.0,0.0,0.0
1788815620.670124,0.0,0.0,0.0,0.0,0.0,0.0
1788815620.7203534,0.0,0.0,0.0,0.0,0.0,0.0
1788815620.7703855,0.0,0.0,0.0,0.0,0.0,0.0
1788815620.820386,0.0,0.0,0.0,0.0,0.0,0.0
1788815620.8701637,0.0,0.0,0.0,0.0,0.0,0.0
1788815620.9204657,0.02503359317779541,0.0,0.0,0.0,0.0,-0.05006718635559082
1788815620.9700508,0.028781667351722717,0.0,0.0,0.0,0.0,-0.05593201890587807
1788815621.0204031,0.053804174065589905,0.0,0.0,0.0,0.0,-0.019881224259734154
1788815621.0702274,0.07883836328983307,0.0,0.0,0.0,0.0,-0.019881224259734154
1788815621.1204093,0.10377182066440582,0.0,0.0,0.0,0.0,-0.003925410099327564
1788815621.1700714,0.12878336012363434,0.0,0.0,0.0,0.0,-0.003925410099327564
1788815621.2204156,0.15378476679325104,0.0,0.0,0.0,0.0,0.029339034110307693
1788815621.2700412,0.17878545820713043,0.0,0.0,0.0,0.0,0.029339034110307693
1788815621.3205295,0.20379723608493805,0.0,0.0,0.0,0.0,0.04689618572592735
1788815621.3704205,0.2244688719511032,0.0,0.0,0.0,0.0,0.04689618572592735
1788815621.4203982,0.2494925707578659,0.0,0.0,0.0,0.0,0.060496170073747635
1788815621.4699953,0.27007415890693665,0.0,0.0,0.0,0.0,0.060496170073747635
1788815621.5203037,0.2950715124607086,0.0,0.0,0.0,0.0,0.05928446725010872
1788815621.5700588,0.3200712502002716,0.0,0.0,0.0,0.0,0.05928446725010872
1788815621.6204793,0.3450888693332672,0.0,0.0,0.0,0.0,0.06463633477687836
1788815621.670003,0.3650594651699066,0.0,0.0,0.0,0.0,0.06463633477687836
1788815621.7202356,0.39008089900016785,0.0,0.0,0.0,0.0,0.059615910053253174
1788815621.7700984,0.40248748660087585,0.0,0.0,0.0,0.0,0.059615910053253174
1788815621.820362,0.4269135594367981,0.0,0.0,0.0,0.0,0.05418632552027702
1788815621.8700373,0.4269135594367981,0.0,0.0,0.0,0.0,0.05418632552027702
1788815621.9204028,0.44627538323402405,0.0,0.0,0.0,0.0,0.045516956597566605
1788815621.9704936,0.44627538323402405,0.0,0.0,0.0,0.0,0.045516956597566605
1788815622.0204508,0.45337408781051636,0.0,0.0,0.0,0.0,0.007703142706304789
1788815622.0702958,0.45337408781051636,0.0,0.0,0.0,0.0,0.007703142706304789
1788815622.1203306,0.45863547921180725,0.0,0.0,0.0,0.0,-0.033109333366155624
1788815622.1703372,0.45863547921180725,0.0,0.0,0.0,0.0,-0.033109333366155624
1788815622.2204995,0.4609958827495575,0.0,0.0,0.0,0.0,-0.08302726969122887
1788815622.2703588,0.4609958827495575,0.0,0.0,0.0,0.0,-0.08721902221441269
1788815622.3204706,0.4713749289512634,0.0,0.0,0.0,0.0,-0.1105169802904129
1788815622.3701875,0.4713749289512634,0.0,0.0,0.0,0.0,-0.1105169802904129
1788815622.4204621,0.4771415889263153,0.0,0.0,0.0,0.0,-0.12030161172151566
1788815622.470092,0.4771415889263153,0.0,0.0,0.0,0.0,-0.12030161172151566
1788815622.5203779,0.47456350922584534,0.0,0.0,0.0,0.0,-0.12234137207269669
1788815622.5701044,0.47456350922584534,0.0,0.0,0.0,0.0,-0.12234137207269669
1788815622.6201794,0.48964932560920715,0.0,0.0,0.0,0.0,-0.11626990139484406
1788815622.6701384,0.48964932560920715,0.0,0.0,0.0,0.0,-0.11626990139484406
1788815622.7202835,0.48634088039398193,0.0,0.0,0.0,0.0,-0.11378758400678635
1788815622.7701223,0.48634088039398193,0.0,0.0,0.0,0.0,-0.11378758400678635
1788815622.8203137,0.4844707250595093,0.0,0.0,0.0,0.0,-0.09561760723590851
1788815622.8700957,0.4844707250595093,0.0,0.0,0.0,0.0,-0.09561760723590851
1788815622.9202766,0.48287248611450195,0.0,0.0,0.0,0.0,-0.065004363656044
1788815622.9701056,0.48287248611450195,0.0,0.0,0.0,0.0,-0.065004363656044
1788815623.0202458,0.4740585386753082,0.0,0.0,0.0,0.0,-0.033886320888996124
1788815623.0702538,0.4740585386753082,0.0,0.0,0.0,0.0,-0.033886320888996124
1788815623.1208706,0.4607659578323364,0.0,0.0,0.0,0.0,-0.014976548962295055
1788815623.1698847,0.4607659578323364,0.0,0.0,0.0,0.0,-0.014976548962295055
1788815623.220361,0.48086750507354736,0.0,0.0,0.0,0.0,0.006372763309627771
1788815623.270152,0.48086750507354736,0.0,0.0,0.0,0.0,0.006372763309627771
1788815623.320349,0.4962146282196045,0.0,0.0,0.0,0.0,0.016698328778147697
1788815623.3702137,0.4962146282196045,0.0,0.0,0.0,0.0,0.016698328778147697
1788815623.4203184,0.5081886649131775,0.0,0.0,0.0,0.0,0.025336239486932755
1788815623.4701328,0.5081886649131775,0.0,0.0,0.0,0.0,0.025336239486932755
1788815623.5213087,0.5142310261726379,0.0,0.0,0.0,0.0,0.03040391393005848
1788815623.5701208,0.5142310261726379,0.0,0.0,0.0,0.0,0.03040391393005848
1788815623.620333,0.5184198617935181,0.0,0.0,0.0,0.0,0.035358380526304245
1788815623.670562,0.5184198617935181,0.0,0.0,0.0,0.0,0.035358380526304245
1788815623.720222,0.5196601152420044,0.0,0.0,0.0,0.0,0.038495421409606934
1788815623.7702754,0.5196601152420044,0.0,0.0,0.0,0.0,0.038495421409606934
1788815623.820338,0.5208714008331299,0.0,0.0,0.0,0.0,0.04091609641909599
1788815623.8703256,0.5208714008331299,0.0,0.0,0.0,0.0,0.04091609641909599
1788815623.9202893,0.5145109295845032,0.0,0.0,0.0,0.0,0.042765095829963684
1788815623.970106,0.5145109295845032,0.0,0.0,0.0,0.0,0.042765095829963684
1788815624.020731,0.5088070631027222,0.0,0.0,0.0,0.0,0.0481615848839283
1788815624.0701694,0.5088070631027222,0.0,0.0,0.0,0.0,0.0481615848839283
1788815624.1203878,0.5002086162567139,0.0,0.0,0.0,0.0,0.05003093183040619
1788815624.1701987,0.5002086162567139,0.0,0.0,0.0,0.0,0.05003093183040619
1788815624.2203526,0.4970521628856659,0.0,0.0,0.0,0.0,0.0508790947496891
1788815624.2701561,0.4970521628856659,0.0,0.0,0.0,0.0,0.0508790947496891
1788815624.3204465,0.4875781536102295,0.0,0.0,0.0,0.0,0.046706702560186386
1788815624.3701732,0.4875781536102295,0.0,0.0,0.0,0.0,0.046706702560186386
1788815624.4204984,0.4745989441871643,0.0,0.0,0.0,0.0,0.04099101573228836
1788815624.470097,0.4745989441871643,0.0,0.0,0.0,0.0,0.04099101573228836
1788815624.5203621,0.45763126015663147,0.0,0.0,0.0,0.0,0.031958483159542084
1788815624.5701888,0.45763126015663147,0.0,0.0,0.0,0.0,0.031958483159542084
1788815624.620242,0.4456121325492859,0.0,0.0,0.0,0.0,0.031016841530799866
1788815624.670108,0.4456121325492859,0.0,0.0,0.0,0.0,0.031016841530799866
1788815624.720523,0.43037864565849304,0.0,0.0,0.0,0.0,0.02206358313560486
1788815624.7704034,0.43037864565849304,0.0,0.0,0.0,0.0,0.02206358313560486
1788815624.8203175,0.4090177118778229,0.0,0.0,0.0,0.0,0.012454139068722725
1788815624.8703175,0.4090177118778229,0.0,0.0,0.0,0.0,0.012454139068722725
1788815624.9202404,0.39285483956336975,0.0,0.0,0.0,0.0,0.003578855423256755
1788815624.9702933,0.39285483956336975,0.0,0.0,0.0,0.0,0.003578855423256755
1788815625.0204754,0.3675122559070587,0.0,0.0,0.0,0.0,0.0026310356333851814
1788815625.0701008,0.3675122559070587,0.0,0.0,0.0,0.0,0.0026310356333851814
1788815625.1202755,0.3655419945716858,0.0,0.0,0.0,0.0,0.014021269045770168
1788815625.1704094,0.35636675357818604,0.0,0.0,0.0,0.0,0.015448834747076035
1788815625.220326,0.35636675357818604,0.0,0.0,0.0,0.0,0.015448834747076035
1788815625.270117,0.35636675357818604,0.0,0.0,0.0,0.0,0.015448834747076035
1788815625.320341,0.34500032663345337,0.0,0.0,0.0,0.0,0.017806556075811386
1788815625.3702548,0.32930782437324524,0.0,0.0,0.0,0.0,0.01559402421116829
1788815625.4205647,0.32930782437324524,0.0,0.0,0.0,0.0,0.01559402421116829
1788815625.470127,0.32930782437324524,0.0,0.0,0.0,0.0,0.01559402421116829
1788815625.5205297,0.31376853585243225,0.0,0.0,0.0,0.0,0.01302797719836235
1788815625.5704648,0.31376853585243225,0.0,0.0,0.0,0.0,0.01302797719836235
1788815625.620451,0.23869529366493225,0.0,0.0,0.0,0.0,0.0
1788815625.6702368,0.16379192471504211,0.0,0.0,0.0,0.0,0.0
1788815625.7203596,0.08869436383247375,0.0,0.0,0.0,0.0,0.0
1788815625.7701118,0.013737708330154419,0.0,0.0,0.0,0.0,0.0
1788815625.820593,0.0,0.0,0.0,0.0,0.0,0.0
1788815625.8702745,0.0,0.0,0.0,0.0,0.0,0.0
1788815625.920254,0.0,0.0,0.0,0.0,0.0,0.0
1788815625.970236,0.0,0.0,0.0,0.0,0.0,0.0
1788815626.0203779,0.0,0.0,0.0,0.0,0.0,0.0
1788815626.070093,0.0,0.0,0.0,0.0,0.0,0.0
1788815626.1205177,0.0,0.0,0.0,0.0,0.0,0.0
1788815626.169901,0.0,0.0,0.0,0.0,0.0,0.0
1788815626.2203782,0.0,0.0,0.0,0.0,0.0,0.0
1788815626.2704613,0.0,0.0,0.0,0.0,0.0,0.0
1788815626.3203404,0.0,0.0,0.0,0.0,0.0,0.0
1788815626.3701155,0.0,0.0,0.0,0.0,0.0,0.0
1788815626.420428,0.0,0.0,0.0,0.0,0.0,0.0
1788815626.4703605,0.0,0.0,0.0,0.0,0.0,0.0
1788815626.5202441,0.0,0.0,0.0,0.0,0.0,0.0
1788815626.5700073,0.0,0.0,0.0,0.0,0.0,0.0
1788815626.6200333,0.0,0.0,0.0,0.0,0.0,0.0
1788815626.6700876,0.0,0.0,0.0,0.0,0.0,0.0
1788815626.7205513,0.0,0.0,0.0,0.0,0.0,0.0
1788815626.7701468,0.0,0.0,0.0,0.0,0.0,0.0
1788815626.8203042,0.0,0.0,0.0,0.0,0.0,0.0
1788815626.8702228,0.0,0.0,0.0,0.0,0.0,0.0
1788815626.920481,0.0,0.0,0.0,0.0,0.0,0.0
1788815626.9702883,0.0,0.0,0.0,0.0,0.0,0.0
1788815627.0203636,0.0,0.0,0.0,0.0,0.0,0.0
1788815627.070112,0.0,0.0,0.0,0.0,0.0,0.0
1788815627.120771,0.0,0.0,0.0,0.0,0.0,0.0
1788815627.1700816,0.0,0.0,0.0,0.0,0.0,0.0
1788815627.2203393,0.0,0.0,0.0,0.0,0.0,0.0
1788815627.2704318,0.0,0.0,0.0,0.0,0.0,0.0
1788815627.3201134,0.0,0.0,0.0,0.0,0.0,0.0
1788815627.370918,0.0,0.0,0.0,0.0,0.0,0.0
1788815627.4203303,0.0,0.0,0.0,0.0,0.0,0.0
1788815627.4719188,0.0,0.0,0.0,0.0,0.0,0.0
1788815627.520388,0.0,0.0,0.0,0.0,0.0,0.0
1788815627.5705264,0.0,0.0,0.0,0.0,0.0,0.0
1788815627.620369,0.0,0.0,0.0,0.0,0.0,0.0
1788815627.6702292,0.0,0.0,0.0,0.0,0.0,0.0
1788815627.720499,0.0,0.0,0.0,0.0,0.0,0.0
1788815627.7709696,0.0,0.0,0.0,0.0,0.0,0.0
1788815627.8203504,0.0,0.0,0.0,0.0,0.0,0.0
1788815627.8700895,0.0,0.0,0.0,0.0,0.0,0.0
1788815627.920425,0.0,0.0,0.0,0.0,0.0,0.0
1788815627.9702325,0.0,0.0,0.0,0.0,0.0,0.0
1788815628.0203414,0.0,0.0,0.0,0.0,0.0,0.0
1788815628.0730405,0.0,0.0,0.0,0.0,0.0,0.0
1788815628.1202815,0.0,0.0,0.0,0.0,0.0,0.0
1788815628.1737833,0.0,0.0,0.0,0.0,0.0,0.0
1788815628.2203984,0.0,0.0,0.0,0.0,0.0,0.0
1788815628.2701254,0.0,0.0,0.0,0.0,0.0,0.0
1788815628.3204336,0.0,0.0,0.0,0.0,0.0,0.0
1788815628.3701155,0.0,0.0,0.0,0.0,0.0,0.0
1788815628.4203475,0.0,0.0,0.0,0.0,0.0,0.0
1788815628.4703462,0.0,0.0,0.0,0.0,0.0,0.0
1788815628.5203836,0.0,0.0,0.0,0.0,0.0,0.0
1788815628.5704877,0.0,0.0,0.0,0.0,0.0,0.0
1788815628.6203759,-0.006364682223647833,0.0,0.0,0.0,0.0,0.049903154373168945
1788815628.6698787,-0.006364682223647833,0.0,0.0,0.0,0.0,0.0998377799987793
1788815628.7203274,-0.014915929175913334,0.0,0.0,0.0,0.0,0.1499471664428711
1788815628.7704835,-0.014915929175913334,0.0,0.0,0.0,0.0,0.1950443536043167
1788815628.8203418,-0.025282107293605804,0.0,0.0,0.0,0.0,0.24499280750751495
1788815628.8703482,-0.025282107293605804,0.0,0.0,0.0,0.0,0.27681538462638855
1788815628.920477,-0.03649352863430977,0.0,0.0,0.0,0.0,0.3268224895000458
1788815628.9701276,-0.03649352863430977,0.0,0.0,0.0,0.0,0.33260291814804077
1788815629.0203297,-0.0485999621450901,0.0,0.0,0.0,0.0,0.3731529712677002
1788815629.070234,-0.0485999621450901,0.0,0.0,0.0,0.0,0.3731529712677002
1788815629.1203508,-0.06082653999328613,0.0,0.0,0.0,0.0,0.41308727860450745
1788815629.1700842,-0.06082653999328613,0.0,0.0,0.0,0.0,0.41308727860450745
1788815629.2205663,-0.07355955988168716,0.0,0.0,0.0,0.0,0.46298447251319885
1788815629.270224,-0.07355955988168716,0.0,0.0,0.0,0.0,0.47698742151260376
1788815629.3204122,-0.08227517455816269,0.0,0.0,0.0,0.0,0.526982843875885
1788815629.3702178,-0.08227517455816269,0.0,0.0,0.0,0.0,0.5769773125648499
1788815629.420566,-0.08624135702848434,0.0,0.0,0.0,0.0,0.6271241307258606
1788815629.4704754,-0.08624135702848434,0.0,0.0,0.0,0.0,0.6771224141120911
1788815629.520195,-0.0854383260011673,0.0,0.0,0.0,0.0,0.7269862294197083
1788815629.5700102,-0.0854383260011673,0.0,0.0,0.0,0.0,0.7430742979049683
1788815629.6202404,-0.08108702301979065,0.0,0.0,0.0,0.0,0.7680639624595642
1788815629.6702602,-0.08108702301979065,0.0,0.0,0.0,0.0,0.7680639624595642
1788815629.7201436,-0.07450054585933685,0.0,0.0,0.0,0.0,0.7865330576896667
1788815629.7699614,-0.07450054585933685,0.0,0.0,0.0,0.0,0.7865330576896667
1788815629.820433,-0.06595025211572647,0.0,0.0,0.0,0.0,0.8
1788815629.8703969,-0.06595025211572647,0.0,0.0,0.0,0.0,0.8
1788815629.9205587,-0.05567808821797371,0.0,0.0,0.0,0.0,0.8
1788815629.970179,-0.05567808821797371,0.0,0.0,0.0,0.0,0.8
1788815630.0204809,-0.04491879791021347,0.0,0.0,0.0,0.0,0.8
1788815630.0702515,-0.04491879791021347,0.0,0.0,0.0,0.0,0.8
1788815630.12038,-0.03371214121580124,0.0,0.0,0.0,0.0,0.7990413308143616
1788815630.1704025,-0.03371214121580124,0.0,0.0,0.0,0.0,0.7990413308143616
1788815630.2202804,-0.022312063723802567,0.0,0.0,0.0,0.0,0.7948507070541382
1788815630.2700567,-0.022312063723802567,0.0,0.0,0.0,0.0,0.7948507070541382
1788815630.320608,-0.010588792152702808,0.0,0.0,0.0,0.0,0.7879388928413391
1788815630.3710861,-0.010588792152702808,0.0,0.0,0.0,0.0,0.7879388928413391
1788815630.4207122,0.0015807263553142548,0.0,0.0,0.0,0.0,0.7809872627258301
1788815630.4701002,0.0015807263553142548,0.0,0.0,0.0,0.0,0.7809872627258301
1788815630.5203788,0.013866528868675232,0.0,0.0,0.0,0.0,0.7680078744888306
1788815630.5702922,0.013866528868675232,0.0,0.0,0.0,0.0,0.7680078744888306
1788815630.6203387,0.026304712519049644,0.0,0.0,0.0,0.0,0.751173198223114
1788815630.6703522,0.026304712519049644,0.0,0.0,0.0,0.0,0.751173198223114
1788815630.720309,0.03878740593791008,0.0,0.0,0.0,0.0,0.7310210466384888
1788815630.7702107,0.03878740593791008,0.0,0.0,0.0,0.0,0.7310210466384888
1788815630.8205523,0.05101214349269867,0.0,0.0,0.0,0.0,0.7108538150787354
1788815630.8703167,0.05101214349269867,0.0,0.0,0.0,0.0,0.7108538150787354
1788815630.9202714,0.06344155967235565,0.0,0.0,0.0,0.0,0.6867923140525818
1788815630.970102,0.06344155967235565,0.0,0.0,0.0,0.0,0.6867923140525818
1788815631.0203629,0.07572129368782043,0.0,0.0,0.0,0.0,0.6572520732879639
1788815631.0702093,0.07572129368782043,0.0,0.0,0.0,0.0,0.6572520732879639
1788815631.120386,0.08836831152439117,0.0,0.0,0.0,0.0,0.6280648708343506
1788815631.1702132,0.08836831152439117,0.0,0.0,0.0,0.0,0.6280648708343506
1788815631.2203934,0.10027983784675598,0.0,0.0,0.0,0.0,0.5966352224349976
1788815631.2701325,0.10027983784675598,0.0,0.0,0.0,0.0,0.5966352224349976
1788815631.3205066,0.11249406635761261,0.0,0.0,0.0,0.0,0.5641056299209595
1788815631.370134,0.11249406635761261,0.0,0.0,0.0,0.0,0.5641056299209595
1788815631.4202394,0.12390490621328354,0.0,0.0,0.0,0.0,0.5261908173561096
1788815631.4701893,0.12390490621328354,0.0,0.0,0.0,0.0,0.5261908173561096
1788815631.5203705,0.135541170835495,0.0,0.0,0.0,0.0,0.4880474805831909
1788815631.5701435,0.135541170835495,0.0,0.0,0.0,0.0,0.4880474805831909
1788815631.620331,0.14680513739585876,0.0,0.0,0.0,0.0,0.45175015926361084
1788815631.6701627,0.14680513739585876,0.0,0.0,0.0,0.0,0.45175015926361084
1788815631.720592,0.07168397307395935,0.0,0.0,0.0,0.0,0.301507830619812
1788815631.7704763,0.0,0.0,0.0,0.0,0.0,0.15185630321502686
1788815631.820543,0.0,0.0,0.0,0.0,0.0,0.0016232728958129883
1788815631.8701668,0.0,0.0,0.0,0.0,0.0,0.0
1788815631.9206655,0.0,0.0,0.0,0.0,0.0,0.0
1788815631.9701896,0.0,0.0,0.0,0.0,0.0,0.0
1788815632.0201857,0.0,0.0,0.0,0.0,0.0,0.0
1788815632.0703187,0.0,0.0,0.0,0.0,0.0,0.0
1788815632.1203308,0.0,0.0,0.0,0.0,0.0,0.0
1788815632.170019,0.0,0.0,0.0,0.0,0.0,0.0
1788815632.2203765,0.0,0.0,0.0,0.0,0.0,0.0
1788815632.2717707,0.0,0.0,0.0,0.0,0.0,0.0
1788815632.320594,0.0,0.0,0.0,0.0,0.0,0.0
1788815632.3702316,0.0,0.0,0.0,0.0,0.0,0.0
1788815632.4204419,0.0,0.0,0.0,0.0,0.0,0.0
1788815632.4717393,0.0,0.0,0.0,0.0,0.0,0.0
1788815632.5203636,0.0,0.0,0.0,0.0,0.0,0.0
1788815632.5714958,0.0,0.0,0.0,0.0,0.0,0.0
1788815632.6202028,0.0,0.0,0.0,0.0,0.0,0.0
1788815632.6753242,0.0,0.0,0.0,0.0,0.0,0.0
1788815632.720404,0.0,0.0,0.0,0.0,0.0,0.0
1788815632.770888,0.0,0.0,0.0,0.0,0.0,0.0
1788815632.820286,0.0,0.0,0.0,0.0,0.0,0.0
1788815632.8716981,0.0,0.0,0.0,0.0,0.0,0.0
1788815632.9204788,0.0,0.0,0.0,0.0,0.0,0.0
1788815632.9718866,0.0,0.0,0.0,0.0,0.0,0.0
1788815633.0204167,0.0,0.0,0.0,0.0,0.0,0.0
1788815633.0709264,0.0,0.0,0.0,0.0,0.0,0.0
1788815633.1203833,0.0,0.0,0.0,0.0,0.0,0.0
1788815633.1698954,0.0,0.0,0.0,0.0,0.0,0.0
1788815633.2202013,0.0,0.0,0.0,0.0,0.0,0.0
1788815633.27258,0.0,0.0,0.0,0.0,0.0,0.0
1788815633.320382,0.0,0.0,0.0,0.0,0.0,0.0
1788815633.3724022,0.0,0.0,0.0,0.0,0.0,0.0
1788815633.4202435,0.0,0.0,0.0,0.0,0.0,0.0
1788815633.4722216,0.0,0.0,0.0,0.0,0.0,0.0
1788815633.520157,0.0,0.0,0.0,0.0,0.0,0.0
1788815633.5707712,0.0,0.0,0.0,0.0,0.0,0.0
1788815633.6204233,0.0,0.0,0.0,0.0,0.0,0.0
1788815633.6746018,0.0,0.0,0.0,0.0,0.0,0.0
1788815633.720444,0.0,0.0,0.0,0.0,0.0,0.0
1788815633.7732885,0.0,0.0,0.0,0.0,0.0,0.0
1788815633.820341,0.0,0.0,0.0,0.0,0.0,0.0
1788815633.871279,0.0,0.0,0.0,0.0,0.0,0.0
1788815633.9205658,0.0,0.0,0.0,0.0,0.0,0.0
1788815633.9708045,0.0,0.0,0.0,0.0,0.0,0.0
1788815634.0203545,0.0,0.0,0.0,0.0,0.0,0.0
1788815634.0730624,0.0,0.0,0.0,0.0,0.0,0.0
1788815634.1203845,0.0,0.0,0.0,0.0,0.0,0.0
1788815634.1731818,0.0,0.0,0.0,0.0,0.0,0.0
1788815634.2204642,0.0,0.0,0.0,0.0,0.0,0.0
1788815634.277189,0.0,0.0,0.0,0.0,0.0,0.0
1788815634.320211,0.0,0.0,0.0,0.0,0.0,0.0
1788815634.3710608,0.0,0.0,0.0,0.0,0.0,0.0
1788815634.4203901,0.0,0.0,0.0,0.0,0.0,0.0
1788815634.4744413,0.0,0.0,0.0,0.0,0.0,0.0
1788815634.520443,0.0,0.0,0.0,0.0,0.0,0.0
1788815634.5754104,0.0,0.0,0.0,0.0,0.0,0.0
1788815634.669808,0.0,0.0,0.0,0.0,0.0,0.0
1788815634.682788,0.0,0.0,0.0,0.0,0.0,0.0
1788815634.7204747,0.0,0.0,0.0,0.0,0.0,0.0
1788815634.770116,0.0,0.0,0.0,0.0,0.0,0.0
1788815634.820356,0.0,0.0,0.0,0.0,0.0,0.0
1788815634.8705344,0.0,0.0,0.0,0.0,0.0,0.0
1788815634.9203594,0.0,0.0,0.0,0.0,0.0,0.0
1788815634.9700747,0.0,0.0,0.0,0.0,0.0,0.0
1788815635.0202537,0.0,0.0,0.0,0.0,0.0,0.0
1788815635.0704176,0.0,0.0,0.0,0.0,0.0,0.0
1788815635.120221,0.0,0.0,0.0,0.0,0.0,0.0
1788815635.169965,0.0,0.0,0.0,0.0,0.0,0.0
1788815635.2202036,0.0,0.0,0.0,0.0,0.0,0.0
1788815635.2700634,0.0,0.0,0.0,0.0,0.0,0.0
1788815635.3203313,0.0,0.0,0.0,0.0,0.0,0.0
1788815635.3702607,0.0,0.0,0.0,0.0,0.0,0.0
1788815635.420365,0.0,0.0,0.0,0.0,0.0,0.0
1788815635.4700513,0.0,0.0,0.0,0.0,0.0,0.0
1788815635.5202892,0.0,0.0,0.0,0.0,0.0,0.0
1788815635.5702014,0.0,0.0,0.0,0.0,0.0,0.0
1788815635.620207,0.0,0.0,0.0,0.0,0.0,0.0
1788815635.6706536,0.0,0.0,0.0,0.0,0.0,0.0
1788815635.7204242,0.0,0.0,0.0,0.0,0.0,0.0
1788815635.7702453,0.0,0.0,0.0,0.0,0.0,0.0
1788815635.8203328,0.0,0.0,0.0,0.0,0.0,0.0
1788815635.8701653,0.0,0.0,0.0,0.0,0.0,0.0
1788815635.9203227,0.0,0.0,0.0,0.0,0.0,0.0
1788815635.970296,0.0,0.0,0.0,0.0,0.0,0.0
1788815636.020262,0.0,0.0,0.0,0.0,0.0,0.0
1788815636.0703156,0.0,0.0,0.0,0.0,0.0,0.0
1788815636.1202457,0.0,0.0,0.0,0.0,0.0,0.0
1788815636.1701431,0.0,0.0,0.0,0.0,0.0,0.0
1788815636.22026,0.0,0.0,0.0,0.0,0.0,0.0
1788815636.27029,0.0,0.0,0.0,0.0,0.0,0.0
1788815636.320435,0.0,0.0,0.0,0.0,0.0,0.0
1788815636.3702037,0.0,0.0,0.0,0.0,0.0,0.0
1788815636.4202664,0.0,0.0,0.0,0.0,0.0,0.0
1788815636.4700222,0.0,0.0,0.0,0.0,0.0,0.0
1788815636.520222,0.0,0.0,0.0,0.0,0.0,0.0
1788815636.570328,0.0,0.0,0.0,0.0,0.0,0.0
1788815636.6203713,0.0,0.0,0.0,0.0,0.0,0.0
1788815636.6702623,0.0,0.0,0.0,0.0,0.0,0.0
1788815636.7205153,0.0,0.0,0.0,0.0,0.0,0.0
1788815636.7703283,0.0,0.0,0.0,0.0,0.0,0.0
1788815636.8203616,0.0,0.0,0.0,0.0,0.0,0.0
1788815636.8700688,0.0,0.0,0.0,0.0,0.0,0.0
1788815636.9203281,0.0,0.0,0.0,0.0,0.0,0.0
1788815636.9700236,0.0,0.0,0.0,0.0,0.0,0.0
1788815637.0204291,0.0,0.0,0.0,0.0,0.0,0.0
1788815637.0703769,0.0,0.0,0.0,0.0,0.0,0.0
1788815637.1206222,0.0,0.0,0.0,0.0,0.0,0.0
1788815637.1702209,0.0,0.0,0.0,0.0,0.0,0.0
1788815637.2205548,0.0,0.0,0.0,0.0,0.0,0.0
1788815637.2700918,0.0,0.0,0.0,0.0,0.0,0.0
1788815637.320562,0.0,0.0,0.0,0.0,0.0,0.0
1788815637.3702068,0.0,0.0,0.0,0.0,0.0,0.0
1788815637.4202774,0.0,0.0,0.0,0.0,0.0,0.0
1788815637.4702702,0.0,0.0,0.0,0.0,0.0,0.0
1788815637.5203552,0.0,0.0,0.0,0.0,0.0,0.0
1788815637.5700305,0.0,0.0,0.0,0.0,0.0,0.0
1788815637.6206052,0.0,0.0,0.0,0.0,0.0,0.0
1788815637.6702874,0.0,0.0,0.0,0.0,0.0,0.0
1788815637.7205424,0.0,0.0,0.0,0.0,0.0,0.0
1788815637.7701304,0.0,0.0,0.0,0.0,0.0,0.0
1788815637.8203228,0.0,0.0,0.0,0.0,0.0,0.0
1788815637.8701138,0.0,0.0,0.0,0.0,0.0,0.0
1788815637.9202538,0.0,0.0,0.0,0.0,0.0,0.0
1788815637.9706457,0.0,0.0,0.0,0.0,0.0,0.0
1788815638.0202155,0.0,0.0,0.0,0.0,0.0,0.0
1788815638.0702784,0.0,0.0,0.0,0.0,0.0,0.0
1788815638.1201818,0.0,0.0,0.0,0.0,0.0,0.0
1788815638.1700466,0.0,0.0,0.0,0.0,0.0,0.0
1788815638.2204359,0.0,0.0,0.0,0.0,0.0,0.0
1788815638.2699416,0.0,0.0,0.0,0.0,0.0,0.0
1788815638.3201704,0.0,0.0,0.0,0.0,0.0,0.0
1788815638.3701184,0.0,0.0,0.0,0.0,0.0,0.0
1788815638.4202104,0.0,0.0,0.0,0.0,0.0,0.0
1788815638.4702725,0.0,0.0,0.0,0.0,0.0,0.0
1788815638.5201402,0.0,0.0,0.0,0.0,0.0,0.0
1788815638.5704396,0.0,0.0,0.0,0.0,0.0,0.0
1788815638.6248226,0.0,0.0,0.0,0.0,0.0,0.0
1788815638.6767712,0.0,0.0,0.0,0.0,0.0,0.0
1788815638.719928,0.0,0.0,0.0,0.0,0.0,0.0
1788815638.7844949,0.0,0.0,0.0,0.0,0.0,0.0
1788815638.8199236,0.0,0.0,0.0,0.0,0.0,0.0
1788815638.8783937,0.0,0.0,0.0,0.0,0.0,0.0
1788815638.9243019,0.0,0.0,0.0,0.0,0.0,0.0
1788815638.9790103,0.0,0.0,0.0,0.0,0.0,0.0
1788815639.0272167,0.0,0.0,0.0,0.0,0.0,0.0
1788815639.0857327,0.0,0.0,0.0,0.0,0.0,0.0
1788815639.1275833,0.0,0.0,0.0,0.0,0.0,0.0
1788815639.1722345,0.0,0.0,0.0,0.0,0.0,0.0
1788815639.2204306,0.0,0.0,0.0,0.0,0.0,0.0
1788815639.270323,0.0,0.0,0.0,0.0,0.0,0.0
1788815639.3205462,0.0,0.0,0.0,0.0,0.0,0.0
1788815639.3702831,0.0,0.0,0.0,0.0,0.0,0.0
1788815639.4204478,0.0,0.0,0.0,0.0,0.0,0.0
1788815639.4701853,0.0,0.0,0.0,0.0,0.0,0.0
1788815639.5205805,0.0,0.0,0.0,0.0,0.0,0.0
1788815639.5702462,0.0,0.0,0.0,0.0,0.0,0.0
1788815639.6204302,0.0,0.0,0.0,0.0,0.0,0.0
1788815639.6702425,0.0,0.0,0.0,0.0,0.0,0.0
1788815639.7203267,0.0,0.0,0.0,0.0,0.0,0.0
1788815639.7702117,0.0,0.0,0.0,0.0,0.0,0.0
1788815639.8206174,0.0,0.0,0.0,0.0,0.0,0.0
1788815639.8703287,0.0,0.0,0.0,0.0,0.0,0.0
1788815639.9205365,0.0,0.0,0.0,0.0,0.0,0.0
1788815639.9702327,0.0,0.0,0.0,0.0,0.0,0.0
1788815640.0203493,0.0,0.0,0.0,0.0,0.0,0.0
1788815640.070171,0.0,0.0,0.0,0.0,0.0,0.0
1788815640.1207814,0.0,0.0,0.0,0.0,0.0,0.0
1788815640.1701894,0.0,0.0,0.0,0.0,0.0,0.0
1788815640.2203925,0.0,0.0,0.0,0.0,0.0,0.0
1788815640.2705004,0.0,0.0,0.0,0.0,0.0,0.0
1788815640.320507,0.0,0.0,0.0,0.0,0.0,0.0
1788815640.3714538,0.0,0.0,0.0,0.0,0.0,0.0
1788815640.4214795,0.0,0.0,0.0,0.0,0.0,0.0
1788815640.4703178,0.0,0.0,0.0,0.0,0.0,0.0
1788815640.5203605,0.0,0.0,0.0,0.0,0.0,0.0
1788815640.5702567,0.0,0.0,0.0,0.0,0.0,0.0
1788815640.6205928,0.0,0.0,0.0,0.0,0.0,0.0
1788815640.670281,0.0,0.0,0.0,0.0,0.0,0.0
1788815640.7203581,0.0,0.0,0.0,0.0,0.0,0.0
1788815640.7702892,0.0,0.0,0.0,0.0,0.0,0.0
1788815640.8204634,0.0,0.0,0.0,0.0,0.0,0.0
1788815640.8702462,0.0,0.0,0.0,0.0,0.0,0.0
1788815640.9203064,0.0,0.0,0.0,0.0,0.0,0.0
1788815640.970222,0.0,0.0,0.0,0.0,0.0,0.0
1788815641.0204346,0.0,0.0,0.0,0.0,0.0,0.0
1788815641.0704024,0.0,0.0,0.0,0.0,0.0,0.0
1788815641.1204531,0.0,0.0,0.0,0.0,0.0,0.0
1788815641.1700094,0.0,0.0,0.0,0.0,0.0,0.0
1788815641.2208726,0.0,0.0,0.0,0.0,0.0,0.0
1788815641.270301,0.0,0.0,0.0,0.0,0.0,0.0
1788815641.3203974,0.0,0.0,0.0,0.0,0.0,0.0
1788815641.3704026,0.0,0.0,0.0,0.0,0.0,0.0
1788815641.4203417,0.0,0.0,0.0,0.0,0.0,0.0
1788815641.4704928,0.0,0.0,0.0,0.0,0.0,0.0
1788815641.5204394,0.0,0.0,0.0,0.0,0.0,0.0
1788815641.5702393,0.0,0.0,0.0,0.0,0.0,0.0
1788815641.620555,0.0,0.0,0.0,0.0,0.0,0.0
1788815641.6703851,0.0,0.0,0.0,0.0,0.0,0.0
1788815641.7202818,0.0,0.0,0.0,0.0,0.0,0.0
1788815641.7703404,0.0,0.0,0.0,0.0,0.0,0.0
1788815641.8206406,0.0,0.0,0.0,0.0,0.0,0.0
1788815641.8702419,0.0,0.0,0.0,0.0,0.0,0.0
1788815641.9203641,0.0,0.0,0.0,0.0,0.0,0.0
1788815641.9702945,0.0,0.0,0.0,0.0,0.0,0.0
1788815642.0203023,0.0,0.0,0.0,0.0,0.0,0.0
1788815642.0947173,0.0,0.0,0.0,0.0,0.0,0.0
1788815642.1246488,0.0,0.0,0.0,0.0,0.0,0.0
1788815642.170235,0.0,0.0,0.0,0.0,0.0,0.0
1788815642.2203426,0.0,0.0,0.0,0.0,0.0,0.0
1788815642.2702315,0.0,0.0,0.0,0.0,0.0,0.0
1788815642.3204327,0.0,0.0,0.0,0.0,0.0,0.0
1788815642.3701425,0.0,0.0,0.0,0.0,0.0,0.0
1788815642.4205818,0.0,0.0,0.0,0.0,0.0,0.0
1788815642.4703183,0.0,0.0,0.0,0.0,0.0,0.0
1788815642.5203137,0.0,0.0,0.0,0.0,0.0,0.0
1788815642.570209,0.0,0.0,0.0,0.0,0.0,0.0
1788815642.6204987,0.0,0.0,0.0,0.0,0.0,0.0
1788815642.6701813,0.0,0.0,0.0,0.0,0.0,0.0
1788815642.7204304,0.0,0.0,0.0,0.0,0.0,0.0
1788815642.7701852,0.0,0.0,0.0,0.0,0.0,0.0
1788815642.8203623,0.0,0.0,0.0,0.0,0.0,0.0
1788815642.8703413,0.0,0.0,0.0,0.0,0.0,0.0
1788815642.9203494,0.0,0.0,0.0,0.0,0.0,0.0
1788815642.9701939,0.0,0.0,0.0,0.0,0.0,0.0
1788815643.020295,0.0,0.0,0.0,0.0,0.0,0.0
1788815643.0702434,0.0,0.0,0.0,0.0,0.0,0.0
1788815643.1204355,0.0,0.0,0.0,0.0,0.0,0.0
1788815643.1704564,0.0,0.0,0.0,0.0,0.0,0.0
1788815643.220548,0.0,0.0,0.0,0.0,0.0,0.0
1788815643.2703342,0.0,0.0,0.0,0.0,0.0,0.0
1788815643.3202596,0.0,0.0,0.0,0.0,0.0,0.0
1788815643.370198,0.0,0.0,0.0,0.0,0.0,0.0
1788815643.4205534,0.0,0.0,0.0,0.0,0.0,0.0
1788815643.4702773,0.0,0.0,0.0,0.0,0.0,0.0
1788815643.5203722,0.0,0.0,0.0,0.0,0.0,0.0
1788815643.5702264,0.0,0.0,0.0,0.0,0.0,0.0
1788815643.6202984,0.0,0.0,0.0,0.0,0.0,0.0
1788815643.6704886,0.0,0.0,0.0,0.0,0.0,0.0
1788815643.7203822,0.0,0.0,0.0,0.0,0.0,0.0
1788815643.770224,0.0,0.0,0.0,0.0,0.0,0.0
1788815643.8204272,0.0,0.0,0.0,0.0,0.0,0.0
1788815643.8702085,0.0,0.0,0.0,0.0,0.0,0.0
1788815643.9202352,0.0,0.0,0.0,0.0,0.0,0.0
1788815643.9702613,0.0,0.0,0.0,0.0,0.0,0.0
1788815644.0202963,0.0,0.0,0.0,0.0,0.0,0.0
1788815644.0702338,0.0,0.0,0.0,0.0,0.0,0.0
1788815644.120392,0.0,0.0,0.0,0.0,0.0,0.0
1788815644.1704018,0.0,0.0,0.0,0.0,0.0,0.0
1788815644.2202182,0.0,0.0,0.0,0.0,0.0,0.0
1788815644.2702303,0.0,0.0,0.0,0.0,0.0,0.0
1788815644.3204262,0.0,0.0,0.0,0.0,0.0,0.0
1788815644.370161,0.0,0.0,0.0,0.0,0.0,0.0
1788815644.4206123,0.0,0.0,0.0,0.0,0.0,0.0
1788815644.4711041,0.0,0.0,0.0,0.0,0.0,0.0
1788815644.520324,0.0,0.0,0.0,0.0,0.0,0.0
1788815644.5702553,0.0,0.0,0.0,0.0,0.0,0.0
1788815644.6203134,0.0,0.0,0.0,0.0,0.0,0.0
1788815644.6701775,0.0,0.0,0.0,0.0,0.0,0.0
1788815644.7204144,0.0,0.0,0.0,0.0,0.0,0.0
1788815644.770216,0.0,0.0,0.0,0.0,0.0,0.0
1788815644.820544,0.0,0.0,0.0,0.0,0.0,0.0
1788815644.8702285,0.0,0.0,0.0,0.0,0.0,0.0
1788815644.9206202,0.0,0.0,0.0,0.0,0.0,0.0
1788815644.9701812,0.0,0.0,0.0,0.0,0.0,0.0
1788815645.0205305,0.0,0.0,0.0,0.0,0.0,0.0
1788815645.0704887,0.0,0.0,0.0,0.0,0.0,0.0
1788815645.1203427,0.0,0.0,0.0,0.0,0.0,0.0
1788815645.170106,0.0,0.0,0.0,0.0,0.0,0.0
1788815645.2203522,0.0,0.0,0.0,0.0,0.0,0.0
1788815645.2701423,0.0,0.0,0.0,0.0,0.0,0.0
1788815645.3203719,0.0,0.0,0.0,0.0,0.0,0.0
1788815645.3702264,0.0,0.0,0.0,0.0,0.0,0.0
1788815645.42054,0.0,0.0,0.0,0.0,0.0,0.0
1788815645.4704018,0.0,0.0,0.0,0.0,0.0,0.0
1788815645.5203304,0.0,0.0,0.0,0.0,0.0,0.0
1788815645.570163,0.0,0.0,0.0,0.0,0.0,0.0
1788815645.6203198,0.0,0.0,0.0,0.0,0.0,0.0
1788815645.6701903,0.0,0.0,0.0,0.0,0.0,0.0
1788815645.720414,0.0,0.0,0.0,0.0,0.0,0.0
1788815645.7703652,0.0,0.0,0.0,0.0,0.0,0.0
1788815645.820295,0.0,0.0,0.0,0.0,0.0,0.0
1788815645.870318,0.0,0.0,0.0,0.0,0.0,0.0
1788815645.9202385,0.0,0.0,0.0,0.0,0.0,0.0
1788815645.970371,0.0,0.0,0.0,0.0,0.0,0.0
1788815646.0202916,0.0,0.0,0.0,0.0,0.0,0.0
1788815646.070223,0.0,0.0,0.0,0.0,0.0,0.0
1788815646.1202705,0.0,0.0,0.0,0.0,0.0,0.0
1788815646.1702645,0.0,0.0,0.0,0.0,0.0,0.0
1788815646.2203453,0.0,0.0,0.0,0.0,0.0,0.0
1788815646.270055,0.0,0.0,0.0,0.0,0.0,0.0
1788815646.3202825,0.0,0.0,0.0,0.0,0.0,0.0
1788815646.3781023,0.0,0.0,0.0,0.0,0.0,0.0
1788815646.421432,0.0,0.0,0.0,0.0,0.0,0.0
1788815646.521429,0.0,0.0,0.0,0.0,0.0,0.0
1788815646.5232468,0.0,0.0,0.0,0.0,0.0,0.0
1788815646.579036,0.0,0.0,0.0,0.0,0.0,0.0
1788815646.6359465,0.0,0.0,0.0,0.0,0.0,0.0
1788815646.6849139,0.0,0.0,0.0,0.0,0.0,0.0
1788815646.7306395,0.0,0.0,0.0,0.0,0.0,0.0
1788815646.788061,0.0,0.0,0.0,0.0,0.0,0.0
1788815646.8294184,0.0,0.0,0.0,0.0,0.0,0.0
1788815646.8868074,0.0,0.0,0.0,0.0,0.0,0.0
1788815646.9202583,0.0,0.0,0.0,0.0,0.0,0.0
1788815646.9701924,0.0,0.0,0.0,0.0,0.0,0.0
1788815647.020331,0.0,0.0,0.0,0.0,0.0,0.0
1788815647.0701249,0.0,0.0,0.0,0.0,0.0,0.0
1788815647.120371,0.0,0.0,0.0,0.0,0.0,0.0
1788815647.1700742,0.0,0.0,0.0,0.0,0.0,0.0
1788815647.2203584,0.0,0.0,0.0,0.0,0.0,0.0
1788815647.2703798,0.0,0.0,0.0,0.0,0.0,0.0
1788815647.3204238,0.0,0.0,0.0,0.0,0.0,0.0
1788815647.3701622,0.0,0.0,0.0,0.0,0.0,0.0
1788815647.4202368,0.0,0.0,0.0,0.0,0.0,0.0
1788815647.470277,0.0,0.0,0.0,0.0,0.0,0.0
1788815647.5205019,0.0,0.0,0.0,0.0,0.0,0.0
1788815647.5702946,0.0,0.0,0.0,0.0,0.0,0.0
1788815647.6205857,0.0,0.0,0.0,0.0,0.0,0.0
1788815647.6704087,0.0,0.0,0.0,0.0,0.0,0.0
1788815647.720416,0.0,0.0,0.0,0.0,0.0,0.0
1788815647.7704055,0.0,0.0,0.0,0.0,0.0,0.0
1788815647.8211691,0.0,0.0,0.0,0.0,0.0,0.0
1788815647.8703723,0.0,0.0,0.0,0.0,0.0,0.0
1788815647.920255,0.0,0.0,0.0,0.0,0.0,0.0
1788815647.9705288,0.0,0.0,0.0,0.0,0.0,0.0
1788815648.02041,0.0,0.0,0.0,0.0,0.0,0.0
1788815648.0702286,0.0,0.0,0.0,0.0,0.0,0.0
1788815648.120408,0.0,0.0,0.0,0.0,0.0,0.0
1788815648.1701567,0.0,0.0,0.0,0.0,0.0,0.0
1788815648.2202516,0.0,0.0,0.0,0.0,0.0,0.0
1788815648.2702053,0.0,0.0,0.0,0.0,0.0,0.0
1788815648.320404,0.0,0.0,0.0,0.0,0.0,0.0
1788815648.370192,0.0,0.0,0.0,0.0,0.0,0.0
1788815648.4203653,0.0,0.0,0.0,0.0,0.0,0.0
1788815648.4703205,0.0,0.0,0.0,0.0,0.0,0.0
1788815648.520972,0.0,0.0,0.0,0.0,0.0,0.0
1788815648.5700152,0.0,0.0,0.0,0.0,0.0,0.0
1788815648.6202807,0.0,0.0,0.0,0.0,0.0,0.0
1788815648.6701348,0.0,0.0,0.0,0.0,0.0,0.0
1788815648.720221,0.0,0.0,0.0,0.0,0.0,0.0
1788815648.7700977,0.0,0.0,0.0,0.0,0.0,0.0
1788815648.8204737,0.0,0.0,0.0,0.0,0.0,0.0
1788815648.8705595,0.0,0.0,0.0,0.0,0.0,0.0
1788815648.9203935,0.0,0.0,0.0,0.0,0.0,0.0
1788815648.9703274,0.0,0.0,0.0,0.0,0.0,0.0
1788815649.0202625,0.0,0.0,0.0,0.0,0.0,0.0
1788815649.0701773,0.0,0.0,0.0,0.0,0.0,0.0
1788815649.1201777,0.0,0.0,0.0,0.0,0.0,0.0
1788815649.1703184,0.0,0.0,0.0,0.0,0.0,0.0
1788815649.220347,0.0,0.0,0.0,0.0,0.0,0.0
1788815649.2703657,0.0,0.0,0.0,0.0,0.0,0.0
1788815649.3205583,0.0,0.0,0.0,0.0,0.0,0.0
1788815649.371325,0.0,0.0,0.0,0.0,0.0,0.0
1788815649.420359,0.0,0.0,0.0,0.0,0.0,0.0
1788815649.4699836,0.0,0.0,0.0,0.0,0.0,0.0
1788815649.520395,0.0,0.0,0.0,0.0,0.0,0.0
1788815649.5703502,0.0,0.0,0.0,0.0,0.0,0.0
1788815649.6204991,0.0,0.0,0.0,0.0,0.0,0.0
1788815649.6702933,0.0,0.0,0.0,0.0,0.0,0.0
1788815649.7203927,0.0,0.0,0.0,0.0,0.0,0.0
1788815649.7700841,0.0,0.0,0.0,0.0,0.0,0.0
1788815649.820381,0.0,0.0,0.0,0.0,0.0,0.0
1788815649.8701963,0.0,0.0,0.0,0.0,0.0,0.0
1788815649.92047,0.0,0.0,0.0,0.0,0.0,0.0
1788815649.9701355,0.0,0.0,0.0,0.0,0.0,0.0
1788815650.0204246,0.0,0.0,0.0,0.0,0.0,0.0
1788815650.0703685,0.0,0.0,0.0,0.0,0.0,0.0
1788815650.1205306,0.0,0.0,0.0,0.0,0.0,0.0
1788815650.170485,0.0,0.0,0.0,0.0,0.0,0.0
1788815650.220366,0.0,0.0,0.0,0.0,0.0,0.0
1788815650.2702837,0.0,0.0,0.0,0.0,0.0,0.0
1788815650.3204575,0.0,0.0,0.0,0.0,0.0,0.0
1788815650.3705287,0.0,0.0,0.0,0.0,0.0,0.0
1788815650.420653,0.0,0.0,0.0,0.0,0.0,0.0
1788815650.4701836,0.0,0.0,0.0,0.0,0.0,0.0
1788815650.5205746,0.0,0.0,0.0,0.0,0.0,0.0
1788815650.5703793,0.0,0.0,0.0,0.0,0.0,0.0
1788815650.6202989,0.0,0.0,0.0,0.0,0.0,0.0
1788815650.6701791,0.0,0.0,0.0,0.0,0.0,0.0
1788815650.720363,0.0,0.0,0.0,0.0,0.0,0.0
1788815650.7701862,0.0,0.0,0.0,0.0,0.0,0.0
1788815650.8204098,0.0,0.0,0.0,0.0,0.0,0.0
1788815650.8704479,0.0,0.0,0.0,0.0,0.0,0.0
1788815650.9204986,0.0,0.0,0.0,0.0,0.0,0.0
1788815650.9702578,0.0,0.0,0.0,0.0,0.0,0.0
1788815651.0205915,0.0,0.0,0.0,0.0,0.0,0.0
1788815651.070325,0.0,0.0,0.0,0.0,0.0,0.0
1788815651.1205564,0.0,0.0,0.0,0.0,0.0,0.0
1788815651.1703246,0.0,0.0,0.0,0.0,0.0,0.0
1788815651.2205172,0.0,0.0,0.0,0.0,0.0,0.0
1788815651.2701292,0.0,0.0,0.0,0.0,0.0,0.0
1788815651.3205028,0.0,0.0,0.0,0.0,0.0,0.0
1788815651.3701787,0.0,0.0,0.0,0.0,0.0,0.0
1788815651.4203281,0.0,0.0,0.0,0.0,0.0,0.0
1788815651.4702287,0.0,0.0,0.0,0.0,0.0,0.0
1788815651.5201566,0.0,0.0,0.0,0.0,0.0,0.0
1788815651.5701797,0.0,0.0,0.0,0.0,0.0,0.0
1788815651.6204422,0.0,0.0,0.0,0.0,0.0,0.0
1788815651.670195,0.0,0.0,0.0,0.0,0.0,0.0
1788815651.7205184,0.0,0.0,0.0,0.0,0.0,0.0
1788815651.770118,0.0,0.0,0.0,0.0,0.0,0.0
1788815651.820308,0.0,0.0,0.0,0.0,0.0,0.0
1788815651.8701596,0.0,0.0,0.0,0.0,0.0,0.0
1788815651.9202533,0.0,0.0,0.0,0.0,0.0,0.0
1788815651.9702535,0.0,0.0,0.0,0.0,0.0,0.0
1788815652.0216048,0.0,0.0,0.0,0.0,0.0,0.0
1788815652.0700526,0.0,0.0,0.0,0.0,0.0,0.0
1788815652.1205015,0.0,0.0,0.0,0.0,0.0,0.0
1788815652.1701846,0.0,0.0,0.0,0.0,0.0,0.0
1788815652.2204807,0.0,0.0,0.0,0.0,0.0,0.0
1788815652.270053,0.0,0.0,0.0,0.0,0.0,0.0
1788815652.3204699,0.0,0.0,0.0,0.0,0.0,0.0
1788815652.370143,0.0,0.0,0.0,0.0,0.0,0.0
1788815652.420413,0.0,0.0,0.0,0.0,0.0,0.0
1788815652.470169,0.0,0.0,0.0,0.0,0.0,0.0
1788815652.5205412,0.0,0.0,0.0,0.0,0.0,0.0
1788815652.5700266,0.0,0.0,0.0,0.0,0.0,0.0
1788815652.6205077,0.0,0.0,0.0,0.0,0.0,0.0
1788815652.6702037,0.0,0.0,0.0,0.0,0.0,0.0
1788815652.7203968,0.0,0.0,0.0,0.0,0.0,0.0
1788815652.7703278,0.0,0.0,0.0,0.0,0.0,0.0
1788815652.820506,0.0,0.0,0.0,0.0,0.0,0.0
1788815652.8701596,0.0,0.0,0.0,0.0,0.0,0.0
1788815652.9203644,0.0,0.0,0.0,0.0,0.0,0.0
1788815652.9703097,0.0,0.0,0.0,0.0,0.0,0.0
1788815653.0204637,0.0,0.0,0.0,0.0,0.0,0.0
1788815653.0703409,0.0,0.0,0.0,0.0,0.0,0.0
1788815653.1204455,0.0,0.0,0.0,0.0,0.0,0.0
1788815653.1702254,0.0,0.0,0.0,0.0,0.0,0.0
1788815653.2204037,0.0,0.0,0.0,0.0,0.0,0.0
1788815653.2705767,0.0,0.0,0.0,0.0,0.0,0.0
1788815653.320401,0.0,0.0,0.0,0.0,0.0,0.0
1788815653.3703659,0.0,0.0,0.0,0.0,0.0,0.0
1788815653.4203851,0.0,0.0,0.0,0.0,0.0,0.0
1788815653.470137,0.0,0.0,0.0,0.0,0.0,0.0
1788815653.520323,0.0,0.0,0.0,0.0,0.0,0.0
1788815653.5704412,0.0,0.0,0.0,0.0,0.0,0.0
1788815653.6203692,0.0,0.0,0.0,0.0,0.0,0.0
1788815653.6703768,0.0,0.0,0.0,0.0,0.0,0.0
1788815653.720521,0.0,0.0,0.0,0.0,0.0,0.0
1788815653.7703109,0.0,0.0,0.0,0.0,0.0,0.0
1788815653.820268,0.0,0.0,0.0,0.0,0.0,0.0
1788815653.8702059,0.0,0.0,0.0,0.0,0.0,0.0
1788815653.921826,0.0,0.0,0.0,0.0,0.0,0.0
1788815653.9701908,0.0,0.0,0.0,0.0,0.0,0.0
1788815654.0203185,0.0,0.0,0.0,0.0,0.0,0.0
1788815654.0701964,0.0,0.0,0.0,0.0,0.0,0.0
1788815654.1202905,0.0,0.0,0.0,0.0,0.0,0.0
1788815654.1702688,0.0,0.0,0.0,0.0,0.0,0.0
1788815654.2204344,0.0,0.0,0.0,0.0,0.0,0.0
1788815654.2701786,0.0,0.0,0.0,0.0,0.0,0.0
1788815654.3210707,0.0,0.0,0.0,0.0,0.0,0.0
1788815654.3701572,0.0,0.0,0.0,0.0,0.0,0.0
1788815654.4203715,0.0,0.0,0.0,0.0,0.0,0.0
1788815654.4702387,0.0,0.0,0.0,0.0,0.0,0.0
1788815654.5224159,0.0,0.0,0.0,0.0,0.0,0.0
1788815654.5701377,0.0,0.0,0.0,0.0,0.0,0.0
1788815654.6202276,0.0,0.0,0.0,0.0,0.0,0.0
1788815654.670241,0.0,0.0,0.0,0.0,0.0,0.0
1788815654.7207956,0.0,0.0,0.0,0.0,0.0,0.0
1788815654.7702188,0.0,0.0,0.0,0.0,0.0,0.0
1788815654.820987,0.0,0.0,0.0,0.0,0.0,0.0
1788815654.8702815,0.0,0.0,0.0,0.0,0.0,0.0
1788815654.9205487,0.0,0.0,0.0,0.0,0.0,0.0
1788815654.9702353,0.0,0.0,0.0,0.0,0.0,0.0
1788815655.0235975,0.0,0.0,0.0,0.0,0.0,0.0
1788815655.0704014,0.0,0.0,0.0,0.0,0.0,0.0
1788815655.124203,0.0,0.0,0.0,0.0,0.0,0.0
1788815655.1702585,0.0,0.0,0.0,0.0,0.0,0.0
1788815655.2226305,0.0,0.0,0.0,0.0,0.0,0.0
1788815655.2701125,0.0,0.0,0.0,0.0,0.0,0.0
1788815655.3273144,0.0,0.0,0.0,0.0,0.0,0.0
1788815655.37025,0.0,0.0,0.0,0.0,0.0,0.0
1788815655.4202309,0.0,0.0,0.0,0.0,0.0,0.0
1788815655.4701316,0.0,0.0,0.0,0.0,0.0,0.0
1788815655.520152,0.0,0.0,0.0,0.0,0.0,0.0
1788815655.5702572,0.0,0.0,0.0,0.0,0.0,0.0
1788815655.6204681,0.0,0.0,0.0,0.0,0.0,0.0
1788815655.6703873,0.0,0.0,0.0,0.0,0.0,0.0
1788815655.7282722,0.0,0.0,0.0,0.0,0.0,0.0
1788815655.7703462,0.0,0.0,0.0,0.0,0.0,0.0
1788815655.8243308,0.0,0.0,0.0,0.0,0.0,0.0
1788815655.8700829,0.0,0.0,0.0,0.0,0.0,0.0
1788815655.9220574,0.0,0.0,0.0,0.0,0.0,0.0
1788815655.97029,0.0,0.0,0.0,0.0,0.0,0.0
1788815656.0206885,0.0,0.0,0.0,0.0,0.0,0.0
1788815656.0700598,0.0,0.0,0.0,0.0,0.0,0.0
1788815656.120236,0.0,0.0,0.0,0.0,0.0,0.0
1788815656.1700058,0.0,0.0,0.0,0.0,0.0,0.0
1788815656.2202482,0.0,0.0,0.0,0.0,0.0,0.0
1788815656.2701592,0.0,0.0,0.0,0.0,0.0,0.0
1788815656.3202517,0.0,0.0,0.0,0.0,0.0,0.0
1788815656.3703222,0.0,0.0,0.0,0.0,0.0,0.0
1788815656.4201508,0.0,0.0,0.0,0.0,0.0,0.0
1788815656.470214,0.0,0.0,0.0,0.0,0.0,0.0
1788815656.5201664,0.0,0.0,0.0,0.0,0.0,0.0
1788815656.5702126,0.0,0.0,0.0,0.0,0.0,0.0
1788815656.6213577,0.0,0.0,0.0,0.0,0.0,0.0
1788815656.67024,0.0,0.0,0.0,0.0,0.0,0.0
1788815656.7207704,0.0,0.0,0.0,0.0,0.0,0.0
1788815656.7702634,0.0,0.0,0.0,0.0,0.0,0.0
1788815656.8226032,0.0,0.0,0.0,0.0,0.0,0.0
1788815656.8701098,0.0,0.0,0.0,0.0,0.0,0.0
1788815656.9232354,0.0,0.0,0.0,0.0,0.0,0.0
1788815656.970427,0.0,0.0,0.0,0.0,0.0,0.0
1788815657.0209067,0.0,0.0,0.0,0.0,0.0,0.0
1788815657.07018,0.0,0.0,0.0,0.0,0.0,0.0
1788815657.122225,0.0,0.0,0.0,0.0,0.0,0.0
1788815657.1702678,0.0,0.0,0.0,0.0,0.0,0.0
1788815657.2205598,0.0,0.0,0.0,0.0,0.0,0.0
1788815657.2702212,0.0,0.0,0.0,0.0,0.0,0.0
1788815657.321354,0.0,0.0,0.0,0.0,0.0,0.0
1788815657.3700755,0.0,0.0,0.0,0.0,0.0,0.0
1788815657.4252567,0.0,0.0,0.0,0.0,0.0,0.0
1788815657.4701467,0.0,0.0,0.0,0.0,0.0,0.0
1788815657.5232124,0.0,0.0,0.0,0.0,0.0,0.0
1788815657.5703208,0.0,0.0,0.0,0.0,0.0,0.0
1788815657.6248224,0.0,0.0,0.0,0.0,0.0,0.0
1788815657.6701946,0.0,0.0,0.0,0.0,0.0,0.0
1788815657.7248669,0.0,0.0,0.0,0.0,0.0,0.0
1788815657.7703006,0.0,0.0,0.0,0.0,0.0,0.0
1788815657.823616,0.0,0.0,0.0,0.0,0.0,0.0
1788815657.870234,0.0,0.0,0.0,0.0,0.0,0.0
1788815657.9300241,0.0,0.0,0.0,0.0,0.0,0.0
1788815657.9701552,0.0,0.0,0.0,0.0,0.0,0.0
1788815658.0204062,0.0,0.0,0.0,0.0,0.0,0.0
1788815658.0702715,0.0,0.0,0.0,0.0,0.0,0.0
1788815658.1227674,0.0,0.0,0.0,0.0,0.0,0.0
1788815658.1701345,0.0,0.0,0.0,0.0,0.0,0.0
1788815658.2208614,0.0,0.0,0.0,0.0,0.0,0.0
1788815658.2703128,0.0,0.0,0.0,0.0,0.0,0.0
1788815658.3208225,0.0,0.0,0.0,0.0,0.0,0.0
1788815658.3702545,0.0,0.0,0.0,0.0,0.0,0.0
1788815658.4223373,0.0,0.0,0.0,0.0,0.0,0.0
1788815658.4700637,0.0,0.0,0.0,0.0,0.0,0.0
1788815658.5265312,0.0,0.0,0.0,0.0,0.0,0.0
1788815658.5702426,0.0,0.0,0.0,0.0,0.0,0.0
1788815658.620197,0.0,0.0,0.0,0.0,0.0,0.0
1788815658.6701493,0.0,0.0,0.0,0.0,0.0,0.0
1788815658.7205708,0.0,0.0,0.0,0.0,0.0,0.0
1788815658.7705,0.0,0.0,0.0,0.0,0.0,0.0
1788815658.8205845,0.0,0.0,0.0,0.0,0.0,0.0
1788815658.8702314,0.0,0.0,0.0,0.0,0.0,0.0
1788815658.9205835,0.0,0.0,0.0,0.0,0.0,0.0
1788815658.970326,0.0,0.0,0.0,0.0,0.0,0.0
1788815659.0206015,0.0,0.0,0.0,0.0,0.0,0.0
1788815659.0702755,0.0,0.0,0.0,0.0,0.0,0.0
1788815659.1205142,0.0,0.0,0.0,0.0,0.0,0.0
1788815659.1701462,0.0,0.0,0.0,0.0,0.0,0.0
1788815659.2205455,-0.016775423660874367,0.0,0.0,0.0,0.0,0.04991555213928223
1788815659.270217,-0.016775423660874367,0.0,0.0,0.0,0.0,0.09993433952331543
1788815659.320658,-0.029254596680402756,0.0,0.0,0.0,0.0,0.15004444122314453
1788815659.370397,-0.029254596680402756,0.0,0.0,0.0,0.0,0.19137252867221832
1788815659.4203134,-0.03453640639781952,0.0,0.0,0.0,0.0,0.24137677252292633
1788815659.4702065,-0.03453640639781952,0.0,0.0,0.0,0.0,0.2754739224910736
1788815659.5204105,-0.027831649407744408,0.0,0.0,0.0,0.0,0.3254950940608978
1788815659.5703537,-0.027831649407744408,0.0,0.0,0.0,0.0,0.33644768595695496
1788815659.6204472,-0.01868310198187828,0.0,0.0,0.0,0.0,0.37150490283966064
1788815659.6701233,-0.01868310198187828,0.0,0.0,0.0,0.0,0.37150490283966064
1788815659.7204547,-0.010225260630249977,0.0,0.0,0.0,0.0,0.38805586099624634
1788815659.7702284,-0.010225260630249977,0.0,0.0,0.0,0.0,0.38805586099624634
1788815659.820459,-0.004672379232943058,0.0,0.0,0.0,0.0,0.40651312470436096
1788815659.8703523,-0.004672379232943058,0.0,0.0,0.0,0.0,0.40651312470436096
1788815659.9204903,-0.0027481415309011936,0.0,0.0,0.0,0.0,0.45109713077545166
1788815659.9702325,-0.0027481415309011936,0.0,0.0,0.0,0.0,0.45109713077545166
1788815660.0202777,-0.004699003417044878,0.0,0.0,0.0,0.0,0.5010474920272827
1788815660.0704026,-0.004699003417044878,0.0,0.0,0.0,0.0,0.5160539150238037
1788815660.1203198,-0.008267837576568127,0.0,0.0,0.0,0.0,0.5628849267959595
1788815660.1703176,-0.008267837576568127,0.0,0.0,0.0,0.0,0.5628849267959595
1788815660.220551,-0.012323370203375816,0.0,0.0,0.0,0.0,0.5856366753578186
1788815660.2704217,-0.012323370203375816,0.0,0.0,0.0,0.0,0.5856366753578186
1788815660.320419,-0.01642434671521187,0.0,0.0,0.0,0.0,0.5929730534553528
1788815660.3703809,-0.01642434671521187,0.0,0.0,0.0,0.0,0.5929730534553528
1788815660.4204965,-0.02130509540438652,0.0,0.0,0.0,0.0,0.6016138195991516
1788815660.4701276,-0.02130509540438652,0.0,0.0,0.0,0.0,0.6016138195991516
1788815660.5203655,-0.027432575821876526,0.0,0.0,0.0,0.0,0.6157470345497131
1788815660.570307,-0.027432575821876526,0.0,0.0,0.0,0.0,0.6157470345497131
1788815660.620472,-0.03480685129761696,0.0,0.0,0.0,0.0,0.6199084520339966
1788815660.6702342,-0.03480685129761696,0.0,0.0,0.0,0.0,0.6199084520339966
1788815660.72059,-0.04298240691423416,0.0,0.0,0.0,0.0,0.6138064861297607
1788815660.7702625,-0.04298240691423416,0.0,0.0,0.0,0.0,0.6138064861297607
1788815660.8206038,-0.051723022013902664,0.0,0.0,0.0,0.0,0.6043553352355957
1788815660.8702664,-0.051723022013902664,0.0,0.0,0.0,0.0,0.6043553352355957
1788815660.9204128,-0.06100032106041908,0.0,0.0,0.0,0.0,0.5956605076789856
1788815660.9704185,-0.06100032106041908,0.0,0.0,0.0,0.0,0.5956605076789856
1788815661.0205076,-0.07081867009401321,0.0,0.0,0.0,0.0,0.5850106477737427
1788815661.0702024,-0.07081867009401321,0.0,0.0,0.0,0.0,0.5850106477737427
1788815661.1203241,-0.08099374920129776,0.0,0.0,0.0,0.0,0.5704160928726196
1788815661.1702468,-0.08099374920129776,0.0,0.0,0.0,0.0,0.5704160928726196
1788815661.2205162,-0.09125387668609619,0.0,0.0,0.0,0.0,0.5499224662780762
1788815661.270287,-0.09125387668609619,0.0,0.0,0.0,0.0,0.5499224662780762
1788815661.3205204,-0.1015302762389183,0.0,0.0,0.0,0.0,0.5284063220024109
1788815661.3703396,-0.1015302762389183,0.0,0.0,0.0,0.0,0.5284063220024109
1788815661.4204519,-0.11178052425384521,0.0,0.0,0.0,0.0,0.5051443576812744
1788815661.4703107,-0.11178052425384521,0.0,0.0,0.0,0.0,0.5051443576812744
1788815661.5205815,-0.1218525767326355,0.0,0.0,0.0,0.0,0.4774516224861145
1788815661.5700204,-0.1218525767326355,0.0,0.0,0.0,0.0,0.4774516224861145
1788815661.620359,-0.04683870077133179,0.0,0.0,0.0,0.0,0.3274238705635071
1788815661.6705515,0.0,0.0,0.0,0.0,0.0,0.17739754915237427
1788815661.7205,0.0,0.0,0.0,0.0,0.0,0.02737194299697876
1788815661.7703183,0.0,0.0,0.0,0.0,0.0,0.0
1788815661.8202505,0.0,0.0,0.0,0.0,0.0,0.0
1788815661.8703272,0.0,0.0,0.0,0.0,0.0,0.0
1788815661.920686,0.0,0.0,0.0,0.0,0.0,0.0
1788815661.970265,0.0,0.0,0.0,0.0,0.0,0.0
1788815662.0255272,0.0,0.0,0.0,0.0,0.0,0.0
1788815662.0699666,0.0,0.0,0.0,0.0,0.0,0.0
1788815662.125659,0.0,0.0,0.0,0.0,0.0,0.0
1788815662.1701324,0.0,0.0,0.0,0.0,0.0,0.0
1788815662.2276018,0.0,0.0,0.0,0.0,0.0,0.0
1788815662.2704296,0.0,0.0,0.0,0.0,0.0,0.0
1788815662.327049,0.0,0.0,0.0,0.0,0.0,0.0
1788815662.3703063,0.0,0.0,0.0,0.0,0.0,0.0
1788815662.420939,0.0,0.0,0.0,0.0,0.0,0.0
1788815662.471116,0.0,0.0,0.0,0.0,0.0,0.0
1788815662.525627,0.0,0.0,0.0,0.0,0.0,0.0
1788815662.570204,0.0,0.0,0.0,0.0,0.0,0.0
1788815662.624397,0.0,0.0,0.0,0.0,0.0,0.0
1788815662.6702402,0.0,0.0,0.0,0.0,0.0,0.0
1788815662.7271595,0.0,0.0,0.0,0.0,0.0,0.0
1788815662.7702527,0.0,0.0,0.0,0.0,0.0,0.0
1788815662.8198907,0.0,0.0,0.0,0.0,0.0,0.0
1788815662.870365,0.0,0.0,0.0,0.0,0.0,0.0
1788815662.9299912,0.0,0.0,0.0,0.0,0.0,0.0
1788815662.9701903,0.0,0.0,0.0,0.0,0.0,0.0
1788815663.033602,0.0,0.0,0.0,0.0,0.0,0.0
1788815663.0701866,0.0,0.0,0.0,0.0,0.0,0.0
1788815663.1220732,0.0,0.0,0.0,0.0,0.0,0.0
1788815663.1704087,0.0,0.0,0.0,0.0,0.0,0.0
1788815663.2202697,0.0,0.0,0.0,0.0,0.0,0.0
1788815663.2701216,0.0,0.0,0.0,0.0,0.0,0.0
1788815663.3258467,0.0,0.0,0.0,0.0,0.0,0.0
1788815663.3701398,0.0,0.0,0.0,0.0,0.0,0.0
1788815663.4231215,0.0,0.0,0.0,0.0,0.0,0.0
1788815663.4702945,0.0,0.0,0.0,0.0,0.0,0.0
1788815663.5270817,0.0,0.0,0.0,0.0,0.0,0.0
1788815663.5700724,0.0,0.0,0.0,0.0,0.0,0.0
1788815663.627233,0.0,0.0,0.0,0.0,0.0,0.0
1788815663.6702003,0.0,0.0,0.0,0.0,0.0,0.0
1788815663.724881,0.0,0.0,0.0,0.0,0.0,0.0
1788815663.7702024,0.0,0.0,0.0,0.0,0.0,0.0
1788815663.8258832,0.0,0.0,0.0,0.0,0.0,0.0
1788815663.8702025,0.0,0.0,0.0,0.0,0.0,0.0
1788815663.927695,0.0,0.0,0.0,0.0,0.0,0.0
1788815663.970304,0.0,0.0,0.0,0.0,0.0,0.0
1788815664.0280058,0.0,0.0,0.0,0.0,0.0,0.0
1788815664.0700557,0.0,0.0,0.0,0.0,0.0,0.0
1788815664.127281,0.0,0.0,0.0,0.0,0.0,0.0
1788815664.1702037,0.0,0.0,0.0,0.0,0.0,0.0
1788815664.2203116,0.0,0.0,0.0,0.0,0.0,0.0
1788815664.270191,0.0,0.0,0.0,0.0,0.0,0.0
1788815664.3244452,0.0,0.0,0.0,0.0,0.0,0.0
1788815664.3701634,0.0,0.0,0.0,0.0,0.0,0.0
1788815664.42896,0.0,0.0,0.0,0.0,0.0,0.0
1788815664.470237,0.0,0.0,0.0,0.0,0.0,0.0
1788815664.5264275,0.0,0.0,0.0,0.0,0.0,0.0
1788815664.5699244,0.0,0.0,0.0,0.0,0.0,0.0
1788815664.6279733,0.0,0.0,0.0,0.0,0.0,0.0
1788815664.6703737,0.0,0.0,0.0,0.0,0.0,0.0
1788815664.726963,0.0,0.0,0.0,0.0,0.0,0.0
1788815664.77016,0.0,0.0,0.0,0.0,0.0,0.0
1788815664.8204684,0.0,0.0,0.0,0.0,0.0,0.0
1788815664.8709488,0.0,0.0,0.0,0.0,0.0,0.0
1788815664.9204857,0.0,0.0,0.0,0.0,0.0,0.0
1788815664.9702446,0.0,0.0,0.0,0.0,0.0,0.0
1788815665.0199814,0.0,0.0,0.0,0.0,0.0,0.0
1788815665.0701685,0.0,0.0,0.0,0.0,0.0,0.0
1788815665.1203456,0.0,0.0,0.0,0.0,0.0,0.0
1788815665.1700995,0.0,0.0,0.0,0.0,0.0,0.0
1788815665.2205567,0.0,0.0,0.0,0.0,0.0,0.0
1788815665.2703314,0.0,0.0,0.0,0.0,0.0,0.0
1788815665.3204246,0.0,0.0,0.0,0.0,0.0,0.0
1788815665.3703077,0.0,0.0,0.0,0.0,0.0,0.0
1788815665.4202669,0.0,0.0,0.0,0.0,0.0,0.0
1788815665.4702914,0.0,0.0,0.0,0.0,0.0,0.0
1788815665.5207329,0.0,0.0,0.0,0.0,0.0,0.0
1788815665.5704114,0.0,0.0,0.0,0.0,0.0,0.0
1788815665.6206048,0.0,0.0,0.0,0.0,0.0,0.0
1788815665.6701708,0.0,0.0,0.0,0.0,0.0,0.0
1788815665.7203977,0.0,0.0,0.0,0.0,0.0,0.0
1788815665.770259,0.0,0.0,0.0,0.0,0.0,0.0
1788815665.8289046,0.0,0.0,0.0,0.0,0.0,0.0
1788815665.870528,0.0,0.0,0.0,0.0,0.0,0.0
1788815665.925088,0.0,0.0,0.0,0.0,0.0,0.0
1788815665.970194,0.0,0.0,0.0,0.0,0.0,0.0
1788815666.0278122,0.0,0.0,0.0,0.0,0.0,0.0
1788815666.0702007,0.0,0.0,0.0,0.0,0.0,0.0
1788815666.1277819,0.0,0.0,0.0,0.0,0.0,0.0
1788815666.1701448,0.0,0.0,0.0,0.0,0.0,0.0
1788815666.2280192,0.0,0.0,0.0,0.0,0.0,0.0
1788815666.2704031,0.0,0.0,0.0,0.0,0.0,0.0
1788815666.3205056,0.0,0.0,0.0,0.0,0.0,0.0
1788815666.3701918,0.0,0.0,0.0,0.0,0.0,0.0
1788815666.4275932,0.0,0.0,0.0,0.0,0.0,0.0
1788815666.4702792,0.0,0.0,0.0,0.0,0.0,0.0
1788815666.5290656,0.0,0.0,0.0,0.0,0.0,0.0
1788815666.5700843,0.0,0.0,0.0,0.0,0.0,0.0
1788815666.6253424,0.0,0.0,0.0,0.0,0.0,0.0
1788815666.6703541,0.0,0.0,0.0,0.0,0.0,0.0
1788815666.7292206,0.0,0.0,0.0,0.0,0.0,0.0
1788815666.7702312,0.0,0.0,0.0,0.0,0.0,0.0
1788815666.8323348,0.0,0.0,0.0,0.0,0.0,0.0
1788815666.870462,0.0,0.0,0.0,0.0,0.0,0.0
1788815666.92752,0.0,0.0,0.0,0.0,0.0,0.0
1788815666.9700553,0.0,0.0,0.0,0.0,0.0,0.0
1788815667.0301986,0.0,0.0,0.0,0.0,0.0,0.0
1788815667.070286,0.0,0.0,0.0,0.0,0.0,0.0
1788815667.1299784,0.0,0.0,0.0,0.0,0.0,0.0
1788815667.1701784,0.0,0.0,0.0,0.0,0.0,0.0
1788815667.2286105,0.0,0.0,0.0,0.0,0.0,0.0
1788815667.2701545,0.0,0.0,0.0,0.0,0.0,0.0
1788815667.3329558,0.0,0.0,0.0,0.0,0.0,0.0
1788815667.3700657,0.0,0.0,0.0,0.0,0.0,0.0
1788815667.4202533,0.0,0.0,0.0,0.0,0.0,0.0
1788815667.4701998,0.0,0.0,0.0,0.0,0.0,0.0
1788815667.5202134,0.0,0.0,0.0,0.0,0.0,0.0
1788815667.8624341,0.0,0.0,0.0,0.0,0.0,0.0
1788815667.870136,0.0,0.0,0.0,0.0,0.0,0.0
1788815667.9203434,0.0,0.0,0.0,0.0,0.0,0.0
1788815667.970392,0.0,0.0,0.0,0.0,0.0,0.0
1788815668.023561,0.0,0.0,0.0,0.0,0.0,0.0
1788815668.0700314,0.0,0.0,0.0,0.0,0.0,0.0
1788815668.1204543,0.0,0.0,0.0,0.0,0.0,0.0
1788815668.1701396,0.0,0.0,0.0,0.0,0.0,0.0
1788815668.2202194,0.0,0.0,0.0,0.0,0.0,0.0
1788815668.2702904,0.0,0.0,0.0,0.0,0.0,0.0
1788815668.3204331,0.0,0.0,0.0,0.0,0.0,0.0
1788815668.371223,0.0,0.0,0.0,0.0,0.0,0.0
1788815668.4209685,0.0,0.0,0.0,0.0,0.0,0.0
1788815668.4703224,0.0,0.0,0.0,0.0,0.0,0.0
1788815668.5212398,0.0,0.0,0.0,0.0,0.0,0.0
1788815668.5705156,0.0,0.0,0.0,0.0,0.0,0.0
1788815668.620948,0.0,0.0,0.0,0.0,0.0,0.0
1788815668.670121,0.0,0.0,0.0,0.0,0.0,0.0
1788815668.7210329,0.0,0.0,0.0,0.0,0.0,0.0
1788815668.7703073,0.0,0.0,0.0,0.0,0.0,0.0
1788815668.820964,0.0,0.0,0.0,0.0,0.0,0.0
1788815668.8701773,0.0,0.0,0.0,0.0,0.0,0.0
1788815668.920828,0.0,0.0,0.0,0.0,0.0,0.0
1788815668.9703186,0.0,0.0,0.0,0.0,0.0,0.0
1788815669.021294,0.0,0.0,0.0,0.0,0.0,0.0
1788815669.0703363,0.0,0.0,0.0,0.0,0.0,0.0
1788815669.1212676,0.0,0.0,0.0,0.0,0.0,0.0
1788815669.1703,0.0,0.0,0.0,0.0,0.0,0.0
1788815669.2212784,0.0,0.0,0.0,0.0,0.0,0.0
1788815669.270364,0.0,0.0,0.0,0.0,0.0,0.0
1788815669.3208365,0.0,0.0,0.0,0.0,0.0,0.0
1788815669.3702157,0.0,0.0,0.0,0.0,0.0,0.0
1788815669.421252,0.0,0.0,0.0,0.0,0.0,0.0
1788815669.4703481,0.0,0.0,0.0,0.0,0.0,0.0
1788815669.5212247,0.0,0.0,0.0,0.0,0.0,0.0
1788815669.5704868,0.0,0.0,0.0,0.0,0.0,0.0
1788815669.621211,0.0,0.0,0.0,0.0,0.0,0.0
1788815669.6706634,0.0,0.0,0.0,0.0,0.0,0.0
1788815669.7211082,0.0,0.0,0.0,0.0,0.0,0.0
1788815669.7704072,0.0,0.0,0.0,0.0,0.0,0.0
1788815669.8215516,0.0,0.0,0.0,0.0,0.0,0.0
1788815669.8702192,0.0,0.0,0.0,0.0,0.0,0.0
1788815669.9215388,0.0,0.0,0.0,0.0,0.0,0.0
1788815669.9704497,0.0,0.0,0.0,0.0,0.0,0.0
1788815670.0211837,0.0,0.0,0.0,0.0,0.0,0.0
1788815670.070388,0.0,0.0,0.0,0.0,0.0,0.0
1788815670.1212711,0.0,0.0,0.0,0.0,0.0,0.0
1788815670.1701946,0.0,0.0,0.0,0.0,0.0,0.0
1788815670.2210248,0.0,0.0,0.0,0.0,0.0,0.0
1788815670.2702377,0.0,0.0,0.0,0.0,0.0,0.0
1788815670.3207684,0.0,0.0,0.0,0.0,0.0,0.0
1788815670.3700686,0.0,0.0,0.0,0.0,0.0,0.0
1788815670.4210546,0.0,0.0,0.0,0.0,0.0,0.0
1788815670.4702108,0.0,0.0,0.0,0.0,0.0,0.0
1788815670.5212183,0.0,0.0,0.0,0.0,0.0,0.0
1788815670.5702658,0.0,0.0,0.0,0.0,0.0,0.0
1788815670.6205752,0.0,0.0,0.0,0.0,0.0,0.0
1788815670.6704507,0.0,0.0,0.0,0.0,0.0,0.0
1788815670.7209454,0.0,0.0,0.0,0.0,0.0,0.0
1788815670.7702467,0.0,0.0,0.0,0.0,0.0,0.0
1788815670.820913,0.0,0.0,0.0,0.0,0.0,0.0
1788815670.870186,0.0,0.0,0.0,0.0,0.0,0.0
1788815670.9209733,0.0,0.0,0.0,0.0,0.0,0.0
1788815670.9701688,0.0,0.0,0.0,0.0,0.0,0.0
1788815671.0210009,0.0,0.0,0.0,0.0,0.0,0.0
1788815671.0702112,0.0,0.0,0.0,0.0,0.0,0.0
1788815671.1211812,0.0,0.0,0.0,0.0,0.0,0.0
1788815671.1706758,0.0,0.0,0.0,0.0,0.0,0.0
1788815671.2209723,0.0,0.0,0.0,0.0,0.0,0.0
1788815671.2703164,0.0,0.0,0.0,0.0,0.0,0.0
1788815671.32113,0.0,0.0,0.0,0.0,0.0,0.0
1788815671.3701468,0.0,0.0,0.0,0.0,0.0,0.0
1788815671.421089,0.0,0.0,0.0,0.0,0.0,0.0
1788815671.4702542,0.0,0.0,0.0,0.0,0.0,0.0
1788815671.5210824,0.0,0.0,0.0,0.0,0.0,0.0
1788815671.5701962,0.0,0.0,0.0,0.0,0.0,0.0
1788815671.620921,0.0,0.0,0.0,0.0,0.0,0.0
1788815671.6702802,0.0,0.0,0.0,0.0,0.0,0.0
1788815671.7211277,0.0,0.0,0.0,0.0,0.0,0.0
1788815671.7701528,0.0,0.0,0.0,0.0,0.0,0.0
1788815671.8212214,0.0,0.0,0.0,0.0,0.0,0.0
1788815671.8703103,0.0,0.0,0.0,0.0,0.0,0.0
1788815671.9212077,0.0,0.0,0.0,0.0,0.0,0.0
1788815671.9702494,0.0,0.0,0.0,0.0,0.0,0.0
1788815672.0284777,0.0,0.0,0.0,0.0,0.0,0.0
1788815672.0702183,0.0,0.0,0.0,0.0,0.0,0.0
1788815672.1212068,0.0,0.0,0.0,0.0,0.0,0.0
1788815672.1703198,0.0,0.0,0.0,0.0,0.0,0.0
1788815672.220821,0.0,0.0,0.0,0.0,0.0,0.0
1788815672.2701876,0.0,0.0,0.0,0.0,0.0,0.0
1788815672.3212786,0.0,0.0,0.0,0.0,0.0,0.0
1788815672.3702803,0.0,0.0,0.0,0.0,0.0,0.0
1788815672.4209967,0.0,0.0,0.0,0.0,0.0,0.0
1788815672.4701602,0.0,0.0,0.0,0.0,0.0,0.0
1788815672.5210035,0.0,0.0,0.0,0.0,0.0,0.0
1788815672.570416,0.0,0.0,0.0,0.0,0.0,0.0
1788815672.6207423,0.0,0.0,0.0,0.0,0.0,0.0
1788815672.6702816,0.0,0.0,0.0,0.0,0.0,0.0
1788815672.7205813,0.0,0.0,0.0,0.0,0.0,0.0
1788815672.7701876,0.0,0.0,0.0,0.0,0.0,0.0
1788815672.8210828,0.0,0.0,0.0,0.0,0.0,0.0
1788815672.8703094,0.0,0.0,0.0,0.0,0.0,0.0
1788815672.9212594,0.0,0.0,0.0,0.0,0.0,0.0
1788815672.9703486,0.0,0.0,0.0,0.0,0.0,0.0
1788815673.0210068,0.0,0.0,0.0,0.0,0.0,0.0
1788815673.070222,0.0,0.0,0.0,0.0,0.0,0.0
1788815673.1211326,0.0,0.0,0.0,0.0,0.0,0.0
1788815673.1704206,0.0,0.0,0.0,0.0,0.0,0.0
1788815673.221034,0.0,0.0,0.0,0.0,0.0,0.0
1788815673.2704287,0.0,0.0,0.0,0.0,0.0,0.0
1788815673.3211424,0.0,0.0,0.0,0.0,0.0,0.0
1788815673.3707478,0.0,0.0,0.0,0.0,0.0,0.0
1788815673.4210985,0.0,0.0,0.0,0.0,0.0,0.0
1788815673.4703526,0.0,0.0,0.0,0.0,0.0,0.0
1788815673.520857,0.0,0.0,0.0,0.0,0.0,0.0
1788815673.5702276,0.0,0.0,0.0,0.0,0.0,0.0
1788815673.6209085,0.0,0.0,0.0,0.0,0.0,0.0
1788815673.6702473,0.0,0.0,0.0,0.0,0.0,0.0
1788815673.7211568,0.0,0.0,0.0,0.0,0.0,0.0
1788815673.7703571,0.0,0.0,0.0,0.0,0.0,0.0
1788815673.8209927,0.0,0.0,0.0,0.0,0.0,0.0
1788815673.8703783,0.0,0.0,0.0,0.0,0.0,0.0
1788815673.921039,0.0,0.0,0.0,0.0,0.0,0.0
1788815673.9703002,0.0,0.0,0.0,0.0,0.0,0.0
1788815674.0210323,0.0,0.0,0.0,0.0,0.0,0.0
1788815674.0705268,0.0,0.0,0.0,0.0,0.0,0.0
1788815674.1211653,0.0,0.0,0.0,0.0,0.0,0.0
1788815674.170406,0.0,0.0,0.0,0.0,0.0,0.0
1788815674.2214596,0.0,0.0,0.0,0.0,0.0,0.0
1788815674.2702498,0.0,0.0,0.0,0.0,0.0,0.0
1788815674.3209727,0.0,0.0,0.0,0.0,0.0,0.0
1788815674.3703005,0.0,0.0,0.0,0.0,0.0,0.0
1788815674.420964,0.0,0.0,0.0,0.0,0.0,0.0
1788815674.4704232,0.0,0.0,0.0,0.0,0.0,0.0
1788815674.5210848,0.0,0.0,0.0,0.0,0.0,0.0
1788815674.5700934,0.0,0.0,0.0,0.0,0.0,0.0
1788815674.621228,0.0,0.0,0.0,0.0,0.0,0.0
1788815674.670358,0.0,0.0,0.0,0.0,0.0,0.0
1788815674.7210824,0.0,0.0,0.0,0.0,0.0,0.0
1788815674.7704327,0.0,0.0,0.0,0.0,0.0,0.0
1788815674.8208153,0.0,0.0,0.0,0.0,0.0,0.0
1788815674.8704035,0.0,0.0,0.0,0.0,0.0,0.0
1788815674.9210765,0.0,0.0,0.0,0.0,0.0,0.0
1788815674.9701722,0.0,0.0,0.0,0.0,0.0,0.0
1788815675.0208702,0.0,0.0,0.0,0.0,0.0,0.0
1788815675.0706143,0.0,0.0,0.0,0.0,0.0,0.0
1788815675.1210341,0.0,0.0,0.0,0.0,0.0,0.0
1788815675.1700227,0.0,0.0,0.0,0.0,0.0,0.0
1788815675.2209954,0.0,0.0,0.0,0.0,0.0,0.0
1788815675.2702432,0.0,0.0,0.0,0.0,0.0,0.0
1788815675.3210342,0.0,0.0,0.0,0.0,0.0,0.0
1788815675.3703237,0.0,0.0,0.0,0.0,0.0,0.0
1788815675.4210525,0.0,0.0,0.0,0.0,0.0,0.0
1788815675.4705205,0.0,0.0,0.0,0.0,0.0,0.0
1788815675.5211885,0.0,0.0,0.0,0.0,0.0,0.0
1788815675.570221,0.0,0.0,0.0,0.0,0.0,0.0
1788815675.6211605,0.0,0.0,0.0,0.0,0.0,0.0
1788815675.670162,0.0,0.0,0.0,0.0,0.0,0.0
1788815675.7211604,0.0,0.0,0.0,0.0,0.0,0.0
1788815675.7703152,0.0,0.0,0.0,0.0,0.0,0.0
1788815675.8212023,0.0,0.0,0.0,0.0,0.0,0.0
1788815675.8702784,0.0,0.0,0.0,0.0,0.0,0.0
1788815675.9212923,0.0,0.0,0.0,0.0,0.0,0.0
1788815675.9705553,0.0,0.0,0.0,0.0,0.0,0.0
1788815676.0210302,0.0,0.0,0.0,0.0,0.0,0.0
1788815676.070196,0.0,0.0,0.0,0.0,0.0,0.0
1788815676.1211207,0.0,0.0,0.0,0.0,0.0,0.0
1788815676.1701086,0.0,0.0,0.0,0.0,0.0,0.0
1788815676.2210875,0.0,0.0,0.0,0.0,0.0,0.0
1788815676.2702453,0.0,0.0,0.0,0.0,0.0,0.0
1788815676.3209295,0.0,0.0,0.0,0.0,0.0,0.0
1788815676.370333,0.0,0.0,0.0,0.0,0.0,0.0
1788815676.4211943,0.0,0.0,0.0,0.0,0.0,0.0
1788815676.470401,0.0,0.0,0.0,0.0,0.0,0.0
1788815676.5208607,0.0,0.0,0.0,0.0,0.0,0.0
1788815676.5701952,0.0,0.0,0.0,0.0,0.0,0.0
1788815676.62105,0.0,0.0,0.0,0.0,0.0,0.0
1788815676.6702113,0.0,0.0,0.0,0.0,0.0,0.0
1788815676.721234,0.0,0.0,0.0,0.0,0.0,0.0
1788815676.7701693,0.0,0.0,0.0,0.0,0.0,0.0
1788815676.8213003,0.0,0.0,0.0,0.0,0.0,0.0
1788815676.8702857,0.0,0.0,0.0,0.0,0.0,0.0
1788815676.921191,0.0,0.0,0.0,0.0,0.0,0.0
1788815676.9702015,0.0,0.0,0.0,0.0,0.0,0.0
1788815677.0211105,0.0,0.0,0.0,0.0,0.0,0.0
1788815677.0702999,0.0,0.0,0.0,0.0,0.0,0.0
1788815677.1209378,0.0,0.0,0.0,0.0,0.0,0.0
1788815677.1701999,0.0,0.0,0.0,0.0,0.0,0.0
1788815677.220425,0.0,0.0,0.0,0.0,0.0,0.0
1788815677.2702823,0.0,0.0,0.0,0.0,0.0,0.0
1788815677.3209445,0.0,0.0,0.0,0.0,0.0,0.0
1788815677.3701992,0.0,0.0,0.0,0.0,0.0,0.0
1788815677.4207454,0.0,0.0,0.0,0.0,0.0,0.0
1788815677.4703324,0.0,0.0,0.0,0.0,0.0,0.0
1788815677.5208251,0.0,0.0,0.0,0.0,0.0,0.0
1788815677.5703325,0.0,0.0,0.0,0.0,0.0,0.0
1788815677.6209674,0.0,0.0,0.0,0.0,0.0,0.0
1788815677.6703944,0.0,0.0,0.0,0.0,0.0,0.0
1788815677.7210338,0.0,0.0,0.0,0.0,0.0,0.0
1788815677.7701538,0.0,0.0,0.0,0.0,0.0,0.0
1788815677.820738,0.0,0.0,0.0,0.0,0.0,0.0
1788815677.870403,0.0,0.0,0.0,0.0,0.0,0.0
1788815677.920842,0.0,0.0,0.0,0.0,0.0,0.0
1788815677.9715598,0.0,0.0,0.0,0.0,0.0,0.0
1788815678.0211911,0.0,0.0,0.0,0.0,0.0,0.0
1788815678.070504,0.0,0.0,0.0,0.0,0.0,0.0
1788815678.1210468,0.0,0.0,0.0,0.0,0.0,0.0
1788815678.170384,0.0,0.0,0.0,0.0,0.0,0.0
1788815678.2209709,0.0,0.0,0.0,0.0,0.0,0.0
1788815678.2704985,0.0,0.0,0.0,0.0,0.0,0.0
1788815678.3213222,0.0,0.0,0.0,0.0,0.0,0.0
1788815678.3704538,0.0,0.0,0.0,0.0,0.0,0.0
1788815678.4210587,0.0,0.0,0.0,0.0,0.0,0.0
1788815678.470127,0.0,0.0,0.0,0.0,0.0,0.0
1788815678.521028,0.0,0.0,0.0,0.0,0.0,0.0
1788815678.5702949,0.0,0.0,0.0,0.0,0.0,0.0
1788815678.6210527,0.0,0.0,0.0,0.0,0.0,0.0
1788815678.670241,0.0,0.0,0.0,0.0,0.0,0.0
1788815678.7210906,0.0,0.0,0.0,0.0,0.0,0.0
1788815678.7706099,0.0,0.0,0.0,0.0,0.0,0.0
1788815678.8212268,0.0,0.0,0.0,0.0,0.0,0.0
1788815678.8704743,0.0,0.0,0.0,0.0,0.0,0.0
1788815678.9212496,0.0,0.0,0.0,0.0,0.0,0.0
1788815678.9702692,0.0,0.0,0.0,0.0,0.0,0.0
1788815679.0209684,0.0,0.0,0.0,0.0,0.0,0.0
1788815679.0705922,0.0,0.0,0.0,0.0,0.0,0.0
1788815679.1209223,0.0,0.0,0.0,0.0,0.0,0.0
1788815679.1702743,0.0,0.0,0.0,0.0,0.0,0.0
1788815679.2209523,0.0,0.0,0.0,0.0,0.0,0.0
1788815679.270477,0.0,0.0,0.0,0.0,0.0,0.0
1788815679.3211644,0.0,0.0,0.0,0.0,0.0,0.0
1788815679.3702667,0.0,0.0,0.0,0.0,0.0,0.0
1788815679.4210405,0.0,0.0,0.0,0.0,0.0,0.0
1788815679.470418,0.0,0.0,0.0,0.0,0.0,0.0
1788815679.5208144,0.0,0.0,0.0,0.0,0.0,0.0
1788815679.5702329,0.0,0.0,0.0,0.0,0.0,0.0
1788815679.620958,0.0,0.0,0.0,0.0,0.0,0.0
1788815679.670297,0.0,0.0,0.0,0.0,0.0,0.0
1788815679.7208679,0.0,0.0,0.0,0.0,0.0,0.0
1788815679.7707822,0.0,0.0,0.0,0.0,0.0,0.0
1788815679.8213854,0.0,0.0,0.0,0.0,0.0,0.0
1788815679.8703957,0.0,0.0,0.0,0.0,0.0,0.0
1788815679.9208698,0.0,0.0,0.0,0.0,0.0,0.0
1788815679.9704993,0.0,0.0,0.0,0.0,0.0,0.0
1788815680.020813,0.0,0.0,0.0,0.0,0.0,0.0
1788815680.0705714,0.0,0.0,0.0,0.0,0.0,0.0
1788815680.121225,0.0,0.0,0.0,0.0,0.0,0.0
1788815680.170308,0.0,0.0,0.0,0.0,0.0,0.0
1788815680.2212403,0.0,0.0,0.0,0.0,0.0,0.0
1788815680.2704673,0.0,0.0,0.0,0.0,0.0,0.0
1788815680.320934,0.0,0.0,0.0,0.0,0.0,0.0
1788815680.3704956,0.0,0.0,0.0,0.0,0.0,0.0
1788815680.4210787,0.0,0.0,0.0,0.0,0.0,0.0
1788815680.4704375,0.0,0.0,0.0,0.0,0.0,0.0
1788815680.5210798,0.0,0.0,0.0,0.0,0.0,0.0
1788815680.5702457,0.0,0.0,0.0,0.0,0.0,0.0
1788815680.6212249,0.0,0.0,0.0,0.0,0.0,0.0
1788815680.6701589,0.0,0.0,0.0,0.0,0.0,0.0
1788815680.721353,0.0,0.0,0.0,0.0,0.0,0.0
1788815680.7702494,0.0,0.0,0.0,0.0,0.0,0.0
1788815680.8207695,0.0,0.0,0.0,0.0,0.0,0.0
1788815680.8702893,0.0,0.0,0.0,0.0,0.0,0.0
1788815680.920809,0.0,0.0,0.0,0.0,0.0,0.0
1788815680.970164,0.0,0.0,0.0,0.0,0.0,0.0
1788815681.0210493,0.0,0.0,0.0,0.0,0.0,0.0
1788815681.0701752,0.0,0.0,0.0,0.0,0.0,0.0
1788815681.1208858,0.0,0.0,0.0,0.0,0.0,0.0
1788815681.1703625,0.0,0.0,0.0,0.0,0.0,0.0
1788815681.2210023,0.0,0.0,0.0,0.0,0.0,0.0
1788815681.2702572,0.0,0.0,0.0,0.0,0.0,0.0
1788815681.3210604,0.0,0.0,0.0,0.0,0.0,0.0
1788815681.3703833,0.0,0.0,0.0,0.0,0.0,0.0
1788815681.4209375,0.0,0.0,0.0,0.0,0.0,0.0
1788815681.4705293,0.0,0.0,0.0,0.0,0.0,0.0
1788815681.5209732,0.0,0.0,0.0,0.0,0.0,0.0
1788815681.570477,0.0,0.0,0.0,0.0,0.0,0.0
1788815681.6210732,0.0,0.0,0.0,0.0,0.0,0.0
1788815681.670088,0.0,0.0,0.0,0.0,0.0,0.0
1788815681.7211595,0.0,0.0,0.0,0.0,0.0,0.0
1788815681.7704272,0.0,0.0,0.0,0.0,0.0,0.0
1788815681.8209758,0.0,0.0,0.0,0.0,0.0,0.0
1788815681.8701818,0.0,0.0,0.0,0.0,0.0,0.0
1788815681.921238,0.0,0.0,0.0,0.0,0.0,0.0
1788815681.9703596,0.0,0.0,0.0,0.0,0.0,0.0
1788815682.0210733,0.0,0.0,0.0,0.0,0.0,0.0
1788815682.0705507,0.0,0.0,0.0,0.0,0.0,0.0
1788815682.120634,0.0,0.0,0.0,0.0,0.0,0.0
1788815682.1702538,0.0,0.0,0.0,0.0,0.0,0.0
1788815682.22104,0.0,0.0,0.0,0.0,0.0,0.0
1788815682.2704291,0.0,0.0,0.0,0.0,0.0,0.0
1788815682.3207164,0.0,0.0,0.0,0.0,0.0,0.0
1788815682.3702757,0.0,0.0,0.0,0.0,0.0,0.0
1788815682.4210446,0.0,0.0,0.0,0.0,0.0,0.0
1788815682.4704683,0.0,0.0,0.0,0.0,0.0,0.0
1788815682.521288,0.0,0.0,0.0,0.0,0.0,0.0
1788815682.5703104,0.0,0.0,0.0,0.0,0.0,0.0
1788815682.6208587,0.0,0.0,0.0,0.0,0.0,0.0
1788815682.6704876,0.0,0.0,0.0,0.0,0.0,0.0
1788815682.7211447,0.0,0.0,0.0,0.0,0.0,0.0
1788815682.770179,0.0,0.0,0.0,0.0,0.0,0.0
1788815682.8210118,0.0,0.0,0.0,0.0,0.0,0.0
1788815682.8703306,0.0,0.0,0.0,0.0,0.0,0.0
1788815682.9211717,0.0,0.0,0.0,0.0,0.0,0.0
1788815682.9703329,0.0,0.0,0.0,0.0,0.0,0.0
1788815683.0208766,0.0,0.0,0.0,0.0,0.0,0.0
1788815683.0702379,0.0,0.0,0.0,0.0,0.0,0.0
1788815683.1211865,0.0,0.0,0.0,0.0,0.0,0.0
1788815683.170198,0.0,0.0,0.0,0.0,0.0,0.0
1788815683.2210548,0.0,0.0,0.0,0.0,0.0,0.0
1788815683.2703228,0.0,0.0,0.0,0.0,0.0,0.0
1788815683.320963,0.0,0.0,0.0,0.0,0.0,0.0
1788815683.3703225,0.0,0.0,0.0,0.0,0.0,0.0
1788815683.4209569,0.0,0.0,0.0,0.0,0.0,0.0
1788815683.4703002,0.0,0.0,0.0,0.0,0.0,0.0
1788815683.5213397,0.0,0.0,0.0,0.0,0.0,0.0
1788815683.5707576,0.0,0.0,0.0,0.0,0.0,0.0
1788815683.6209192,0.0,0.0,0.0,0.0,0.0,0.0
1788815683.670475,0.0,0.0,0.0,0.0,0.0,0.0
1788815683.7211428,0.0,0.0,0.0,0.0,0.0,0.0
1788815683.770389,0.0,0.0,0.0,0.0,0.0,0.0
1788815683.8207765,0.0,0.0,0.0,0.0,0.0,0.0
1788815683.8704915,0.0,0.0,0.0,0.0,0.0,0.0
1788815683.9208648,0.0,0.0,0.0,0.0,0.0,0.0
1788815683.9703968,0.0,0.0,0.0,0.0,0.0,0.0
1788815684.0209336,0.0,0.0,0.0,0.0,0.0,0.0
1788815684.0704088,0.0,0.0,0.0,0.0,0.0,0.0
1788815684.1220808,0.0,0.0,0.0,0.0,0.0,0.0
1788815684.17025,0.0,0.0,0.0,0.0,0.0,0.0
1788815684.2211678,0.0,0.0,0.0,0.0,0.0,0.0
1788815684.2704911,0.0,0.0,0.0,0.0,0.0,0.0
1788815684.3214803,0.0,0.0,0.0,0.0,0.0,0.0
1788815684.3704078,0.0,0.0,0.0,0.0,0.0,0.0
1788815684.4214547,0.0,0.0,0.0,0.0,0.0,0.0
1788815684.470474,0.0,0.0,0.0,0.0,0.0,0.0
1788815684.521108,0.0,0.0,0.0,0.0,0.0,0.0
1788815684.5705366,0.0,0.0,0.0,0.0,0.0,0.0
1788815684.6208444,0.0,0.0,0.0,0.0,0.0,0.0
1788815684.670454,0.0,0.0,0.0,0.0,0.0,0.0
1788815684.7211015,0.0,0.0,0.0,0.0,0.0,0.0
1788815684.7703898,0.0,0.0,0.0,0.0,0.0,0.0
1788815684.8214524,0.0,0.0,0.0,0.0,0.0,0.0
1788815684.8705842,0.0,0.0,0.0,0.0,0.0,0.0
1788815684.9209638,0.0,0.0,0.0,0.0,0.0,0.0
1788815684.9703462,0.0,0.0,0.0,0.0,0.0,0.0
1788815685.02121,0.0,0.0,0.0,0.0,0.0,0.0
1788815685.0706692,0.0,0.0,0.0,0.0,0.0,0.0
1788815685.12104,0.0,0.0,0.0,0.0,0.0,0.0
1788815685.170461,0.0,0.0,0.0,0.0,0.0,0.0
1788815685.2207785,0.0,0.0,0.0,0.0,0.0,0.0
1788815685.2703366,0.0,0.0,0.0,0.0,0.0,0.0
1788815685.3208294,0.0,0.0,0.0,0.0,0.0,0.0
1788815685.3703804,0.0,0.0,0.0,0.0,0.0,0.0
1788815685.4210627,0.0,0.0,0.0,0.0,0.0,0.0
1788815685.4704072,0.0,0.0,0.0,0.0,0.0,0.0
1788815685.5211613,0.0,0.0,0.0,0.0,0.0,0.0
1788815685.5703685,0.0,0.0,0.0,0.0,0.0,0.0
1788815685.6211748,0.0,0.0,0.0,0.0,0.0,0.0
1788815685.670204,0.0,0.0,0.0,0.0,0.0,0.0
1788815685.7208073,0.0,0.0,0.0,0.0,0.0,0.0
1788815685.7704875,0.0,0.0,0.0,0.0,0.0,0.0
1788815685.8210974,0.0,0.0,0.0,0.0,0.0,0.0
1788815685.870329,0.0,0.0,0.0,0.0,0.0,0.0
1788815685.9212291,0.0,0.0,0.0,0.0,0.0,0.0
1788815685.9703908,0.0,0.0,0.0,0.0,0.0,0.0
1788815686.020763,0.0,0.0,0.0,0.0,0.0,0.0
1788815686.0703535,0.0,0.0,0.0,0.0,0.0,0.0
1788815686.121114,0.0,0.0,0.0,0.0,0.0,0.0
1788815686.170404,0.0,0.0,0.0,0.0,0.0,0.0
1788815686.2211099,0.0,0.0,0.0,0.0,0.0,0.0
1788815686.270424,0.0,0.0,0.0,0.0,0.0,0.0
1788815686.3212082,0.0,0.0,0.0,0.0,0.0,0.0
1788815686.3703887,0.0,0.0,0.0,0.0,0.0,0.0
1788815686.4212787,0.0,0.0,0.0,0.0,0.0,0.0
1788815686.470367,0.0,0.0,0.0,0.0,0.0,0.0
1788815686.5211463,0.0,0.0,0.0,0.0,0.0,0.0
1788815686.5703235,0.0,0.0,0.0,0.0,0.0,0.0
1788815686.6208189,0.0,0.0,0.0,0.0,0.0,0.0
1788815686.6702838,0.0,0.0,0.0,0.0,0.0,0.0
1788815686.721642,0.0,0.0,0.0,0.0,0.0,0.0
1788815686.7703652,0.0,0.0,0.0,0.0,0.0,0.0
1788815686.8209178,0.0,0.0,0.0,0.0,0.0,0.0
1788815686.8704298,0.0,0.0,0.0,0.0,0.0,0.0
1788815686.9207668,0.0,0.0,0.0,0.0,0.0,0.0
1788815686.9704497,0.0,0.0,0.0,0.0,0.0,0.0
1788815687.0212133,0.0,0.0,0.0,0.0,0.0,0.0
1788815687.0703154,0.0,0.0,0.0,0.0,0.0,0.0
1788815687.1212258,0.0,0.0,0.0,0.0,0.0,0.0
1788815687.170539,0.0,0.0,0.0,0.0,0.0,0.0
1788815687.22109,0.0,0.0,0.0,0.0,0.0,0.0
1788815687.270349,0.0,0.0,0.0,0.0,0.0,0.0
1788815687.3210814,0.0,0.0,0.0,0.0,0.0,0.0
1788815687.3704908,0.0,0.0,0.0,0.0,0.0,0.0
1788815687.4210694,0.0,0.0,0.0,0.0,0.0,0.0
1788815687.4705477,0.0,0.0,0.0,0.0,0.0,0.0
1788815687.5208886,0.0,0.0,0.0,0.0,0.0,0.0
1788815687.5704224,0.0,0.0,0.0,0.0,0.0,0.0
1788815687.6209104,0.0,0.0,0.0,0.0,0.0,0.0
1788815687.6704311,0.0,0.0,0.0,0.0,0.0,0.0
1788815687.72107,0.0,0.0,0.0,0.0,0.0,0.0
1788815687.7702167,0.0,0.0,0.0,0.0,0.0,0.0
1788815687.820968,0.0,0.0,0.0,0.0,0.0,0.0
1788815687.8702152,0.0,0.0,0.0,0.0,0.0,0.0
1788815687.9206448,0.0,0.0,0.0,0.0,0.0,0.0
1788815687.9703465,0.0,0.0,0.0,0.0,0.0,0.0
1788815688.021246,0.0,0.0,0.0,0.0,0.0,0.0
1788815688.0703223,0.0,0.0,0.0,0.0,0.0,0.0
1788815688.1212008,0.0,0.0,0.0,0.0,0.0,0.0
1788815688.1703346,0.0,0.0,0.0,0.0,0.0,0.0
1788815688.221109,0.0,0.0,0.0,0.0,0.0,0.0
1788815688.2702432,0.0,0.0,0.0,0.0,0.0,0.0
1788815688.3207147,0.0,0.0,0.0,0.0,0.0,0.0
1788815688.3703156,0.0,0.0,0.0,0.0,0.0,0.0
1788815688.421108,0.0,0.0,0.0,0.0,0.0,0.0
1788815688.4705129,0.0,0.0,0.0,0.0,0.0,0.0
1788815688.520995,0.0,0.0,0.0,0.0,0.0,0.0
1788815688.5702863,0.0,0.0,0.0,0.0,0.0,0.0
1788815688.6210008,0.0,0.0,0.0,0.0,0.0,0.0
1788815688.6704438,0.0,0.0,0.0,0.0,0.0,0.0
1788815688.721063,0.0,0.0,0.0,0.0,0.0,0.0
1788815688.7705016,0.0,0.0,0.0,0.0,0.0,0.0
1788815688.8209717,0.0,0.0,0.0,0.0,0.0,0.0
1788815688.8705158,0.0,0.0,0.0,0.0,0.0,0.0
1788815688.9210248,0.0,0.0,0.0,0.0,0.0,0.0
1788815688.9704843,0.0,0.0,0.0,0.0,0.0,0.0
1788815689.020581,0.0,0.0,0.0,0.0,0.0,0.0
1788815689.0704756,0.0,0.0,0.0,0.0,0.0,0.0
1788815689.1206064,0.0,0.0,0.0,0.0,0.0,0.0
1788815689.1704953,0.0,0.0,0.0,0.0,0.0,0.0
1788815689.2205698,0.0,0.0,0.0,0.0,0.0,0.0
1788815689.2705398,0.0,0.0,0.0,0.0,0.0,0.0
1788815689.320073,0.0,0.0,0.0,0.0,0.0,0.0
1788815689.3711638,0.0,0.0,0.0,0.0,0.0,0.0
1788815689.4202368,0.0,0.0,0.0,0.0,0.0,0.0
1788815689.4704154,0.0,0.0,0.0,0.0,0.0,0.0
1788815689.5202844,0.0,0.0,0.0,0.0,0.0,0.0
1788815689.5705605,0.0,0.0,0.0,0.0,0.0,0.0
1788815689.6208053,0.0,0.0,0.0,0.0,0.0,0.0
1788815689.6703696,0.0,0.0,0.0,0.0,0.0,0.0
1788815689.7205498,0.0,0.0,0.0,0.0,0.0,0.0
1788815689.770239,0.0,0.0,0.0,0.0,0.0,0.0
1788815689.8204849,0.0,0.0,0.0,0.0,0.0,0.0
1788815689.8703268,0.0,0.0,0.0,0.0,0.0,0.0
1788815689.920436,0.0,0.0,0.0,0.0,0.0,0.0
1788815689.970557,0.0,0.0,0.0,0.0,0.0,0.0
1788815690.0203156,0.0,0.0,0.0,0.0,0.0,0.0
1788815690.0703118,0.0,0.0,0.0,0.0,0.0,0.0
1788815690.1203601,0.0,0.0,0.0,0.0,0.0,0.0
1788815690.1701999,0.0,0.0,0.0,0.0,0.0,0.0
1788815690.2206802,0.0,0.0,0.0,0.0,0.0,0.0
1788815690.2701008,0.0,0.0,0.0,0.0,0.0,0.0
1788815690.320324,0.0,0.0,0.0,0.0,0.0,0.0
1788815690.3701086,0.0,0.0,0.0,0.0,0.0,0.0
1788815690.4202282,0.0,0.0,0.0,0.0,0.0,0.0
1788815690.470103,0.0,0.0,0.0,0.0,0.0,0.0
1788815690.5206268,0.0,0.0,0.0,0.0,0.0,0.0
1788815690.5701146,0.0,0.0,0.0,0.0,0.0,0.0
1788815690.6202352,0.0,0.0,0.0,0.0,0.0,0.0
1788815690.6701884,0.0,0.0,0.0,0.0,0.0,0.0
1788815690.720297,0.0,0.0,0.0,0.0,0.0,0.0
1788815690.7703357,0.0,0.0,0.0,0.0,0.0,0.0
1788815690.8203163,0.0,0.0,0.0,0.0,0.0,0.0
1788815690.8700056,0.0,0.0,0.0,0.0,0.0,0.0
1788815690.9202662,0.0,0.0,0.0,0.0,0.0,0.0
1788815690.9702475,0.0,0.0,0.0,0.0,0.0,0.0
1788815691.0202434,0.0,0.0,0.0,0.0,0.0,0.0
1788815691.0702276,0.0,0.0,0.0,0.0,0.0,0.0
1788815691.1203377,0.0,0.0,0.0,0.0,0.0,0.0
1788815691.1702154,0.0,0.0,0.0,0.0,0.0,0.0
1788815691.22042,0.0,0.0,0.0,0.0,0.0,0.0
1788815691.270212,0.0,0.0,0.0,0.0,0.0,0.0
1788815691.3204215,0.0,0.0,0.0,0.0,0.0,0.0
1788815691.3701022,0.0,0.0,0.0,0.0,0.0,0.0
1788815691.420591,0.0,0.0,0.0,0.0,0.0,0.0
1788815691.4701042,0.0,0.0,0.0,0.0,0.0,0.0
1788815691.520348,0.0,0.0,0.0,0.0,0.0,0.0
1788815691.5702615,0.0,0.0,0.0,0.0,0.0,0.0
1788815691.6202533,0.0,0.0,0.0,0.0,0.0,0.0
1788815691.670168,0.0,0.0,0.0,0.0,0.0,0.0
1788815691.7203739,0.0,0.0,0.0,0.0,0.0,0.0
1788815691.7702036,0.0,0.0,0.0,0.0,0.0,0.0
1788815691.8203495,0.0,0.0,0.0,0.0,0.0,0.0
1788815691.8701103,0.0,0.0,0.0,0.0,0.0,0.0
1788815691.9203384,0.0,0.0,0.0,0.0,0.0,0.0
1788815691.9701889,0.0,0.0,0.0,0.0,0.0,0.0
1788815692.0203846,0.0,0.0,0.0,0.0,0.0,0.0
1788815692.070272,0.0,0.0,0.0,0.0,0.0,0.0
1788815692.1202817,0.0,0.0,0.0,0.0,0.0,0.0
1788815692.1700885,0.0,0.0,0.0,0.0,0.0,0.0
1788815692.2203045,0.0,0.0,0.0,0.0,0.0,0.0
1788815692.2701547,0.0,0.0,0.0,0.0,0.0,0.0
1788815692.3203642,0.0,0.0,0.0,0.0,0.0,0.0
1788815692.3699796,0.0,0.0,0.0,0.0,0.0,0.0
1788815692.420296,0.0,0.0,0.0,0.0,0.0,0.0
1788815692.4701467,0.0,0.0,0.0,0.0,0.0,0.0
1788815692.52023,0.0,0.0,0.0,0.0,0.0,0.0
1788815692.5702147,0.0,0.0,0.0,0.0,0.0,0.0
1788815692.6206236,0.0,0.0,0.0,0.0,0.0,0.0
1788815692.670176,0.0,0.0,0.0,0.0,0.0,0.0
1788815692.7202618,0.0,0.0,0.0,0.0,0.0,0.0
1788815692.7702136,0.0,0.0,0.0,0.0,0.0,0.0
1788815692.8202908,0.0,0.0,0.0,0.0,0.0,0.0
1788815692.870259,0.0,0.0,0.0,0.0,0.0,0.0
1788815692.920254,0.0,0.0,0.0,0.0,0.0,0.0
1788815692.9702265,0.0,0.0,0.0,0.0,0.0,0.0
1788815693.020217,0.0,0.0,0.0,0.0,0.0,0.0
1788815693.0702126,0.0,0.0,0.0,0.0,0.0,0.0
1788815693.120459,0.0,0.0,0.0,0.0,0.0,0.0
1788815693.1700604,0.0,0.0,0.0,0.0,0.0,0.0
1788815693.2203283,0.0,0.0,0.0,0.0,0.0,0.0
1788815693.270209,0.0,0.0,0.0,0.0,0.0,0.0
1788815693.3203354,0.0,0.0,0.0,0.0,0.0,0.0
1788815693.3701565,0.0,0.0,0.0,0.0,0.0,0.0
1788815693.4201887,0.0,0.0,0.0,0.0,0.0,0.0
1788815693.470315,0.0,0.0,0.0,0.0,0.0,0.0
1788815693.5202048,0.0,0.0,0.0,0.0,0.0,0.0
1788815693.570078,0.0,0.0,0.0,0.0,0.0,0.0
1788815693.620301,0.0,0.0,0.0,0.0,0.0,0.0
1788815693.670322,0.0,0.0,0.0,0.0,0.0,0.0
1788815693.7204692,0.0,0.0,0.0,0.0,0.0,0.0
1788815693.770154,0.0,0.0,0.0,0.0,0.0,0.0
1788815693.8202882,0.0,0.0,0.0,0.0,0.0,0.0
1788815693.8701081,0.0,0.0,0.0,0.0,0.0,0.0
1788815693.9203646,0.0,0.0,0.0,0.0,0.0,0.0
1788815693.9702935,0.0,0.0,0.0,0.0,0.0,0.0
1788815694.0203962,0.0,0.0,0.0,0.0,0.0,0.0
1788815694.070142,0.0,0.0,0.0,0.0,0.0,0.0
1788815694.120308,0.0,0.0,0.0,0.0,0.0,0.0
1788815694.1699834,0.0,0.0,0.0,0.0,0.0,0.0
1788815694.2204053,0.0,0.0,0.0,0.0,0.0,0.0
1788815694.2703247,0.0,0.0,0.0,0.0,0.0,0.0
1788815694.3202934,0.0,0.0,0.0,0.0,0.0,0.0
1788815694.3701084,0.0,0.0,0.0,0.0,0.0,0.0
1788815694.4202888,0.0,0.0,0.0,0.0,0.0,0.0
1788815694.4701166,0.0,0.0,0.0,0.0,0.0,0.0
1788815694.520385,0.0,0.0,0.0,0.0,0.0,0.0
1788815694.570463,0.0,0.0,0.0,0.0,0.0,0.0
1788815694.620569,0.0,0.0,0.0,0.0,0.0,0.0
1788815694.670537,0.0,0.0,0.0,0.0,0.0,0.0
1788815694.7203548,0.0,0.0,0.0,0.0,0.0,0.0
1788815694.7706387,0.0,0.0,0.0,0.0,0.0,0.0
1788815694.8206208,0.0,0.0,0.0,0.0,0.0,0.0
1788815694.87027,0.0,0.0,0.0,0.0,0.0,0.0
1788815694.921023,0.0,0.0,0.0,0.0,0.0,0.0
1788815694.9703856,0.0,0.0,0.0,0.0,0.0,0.0
1788815695.0203037,0.0,0.0,0.0,0.0,0.0,0.0
1788815695.0704112,0.0,0.0,0.0,0.0,0.0,0.0
1788815695.1202328,0.0,0.0,0.0,0.0,0.0,0.0
1788815695.1703973,0.0,0.0,0.0,0.0,0.0,0.0
1788815695.2203984,0.0,0.0,0.0,0.0,0.0,0.0
1788815695.2704153,0.0,0.0,0.0,0.0,0.0,0.0
1788815695.3204541,0.0,0.0,0.0,0.0,0.0,0.0
1788815695.3701875,0.0,0.0,0.0,0.0,0.0,0.0
1788815695.4203591,0.0,0.0,0.0,0.0,0.0,0.0
1788815695.4702456,0.0,0.0,0.0,0.0,0.0,0.0
1788815695.5201154,0.0,0.0,0.0,0.0,0.0,0.0
1788815695.5706193,0.0,0.0,0.0,0.0,0.0,0.0
1788815695.6202056,0.0,0.0,0.0,0.0,0.0,0.0
1788815695.6704319,0.0,0.0,0.0,0.0,0.0,0.0
1788815695.7202494,0.0,0.0,0.0,0.0,0.0,0.0
1788815696.0987535,0.0,0.0,0.0,0.0,0.0,0.0
1788815696.0994687,0.0,0.0,0.0,0.0,0.0,0.0
1788815696.12009,0.0,0.0,0.0,0.0,0.0,0.0
1788815696.1702855,0.0,0.0,0.0,0.0,0.0,0.0
1788815696.2204697,0.0,0.0,0.0,0.0,0.0,0.0
1788815696.2702348,0.0,0.0,0.0,0.0,0.0,0.0
1788815696.3204231,0.0,0.0,0.0,0.0,0.0,0.0
1788815696.3700752,0.0,0.0,0.0,0.0,0.0,0.0
1788815696.4210286,0.0,0.0,0.0,0.0,0.0,0.0
1788815696.4704154,0.0,0.0,0.0,0.0,0.0,0.0
1788815696.5203176,0.0,0.0,0.0,0.0,0.0,0.0
1788815696.5702949,0.0,0.0,0.0,0.0,0.0,0.0
1788815696.6200926,0.0,0.0,0.0,0.0,0.0,0.0
1788815696.6703885,0.0,0.0,0.0,0.0,0.0,0.0
1788815696.720413,0.0,0.0,0.0,0.0,0.0,0.0
1788815696.7703228,0.0,0.0,0.0,0.0,0.0,0.0
1788815696.8202162,0.0,0.0,0.0,0.0,0.0,0.0
1788815696.8701992,0.0,0.0,0.0,0.0,0.0,0.0
1788815696.9201293,0.0,0.0,0.0,0.0,0.0,0.0
1788815696.9702556,0.0,0.0,0.0,0.0,0.0,0.0
1788815697.0202115,0.0,0.0,0.0,0.0,0.0,0.0
1788815697.0702546,0.0,0.0,0.0,0.0,0.0,0.0
1788815697.120189,0.0,0.0,0.0,0.0,0.0,0.0
1788815697.1702878,0.0,0.0,0.0,0.0,0.0,0.0
1788815697.2201579,0.0,0.0,0.0,0.0,0.0,0.0
1788815697.2702708,0.0,0.0,0.0,0.0,0.0,0.0
1788815697.319963,0.0,0.0,0.0,0.0,0.0,0.0
1788815697.370211,0.0,0.0,0.0,0.0,0.0,0.0
1788815697.4202669,0.0,0.0,0.0,0.0,0.0,0.0
1788815697.4702892,0.0,0.0,0.0,0.0,0.0,0.0
1788815697.5201607,0.0,0.0,0.0,0.0,0.0,0.0
1788815697.5703335,0.0,0.0,0.0,0.0,0.0,0.0
1788815697.6201732,0.0,0.0,0.0,0.0,0.0,0.0
1788815697.6702037,0.0,0.0,0.0,0.0,0.0,0.0
1788815697.7201543,0.0,0.0,0.0,0.0,0.0,0.0
1788815697.7702231,0.0,0.0,0.0,0.0,0.0,0.0
1788815697.820174,0.0,0.0,0.0,0.0,0.0,0.0
1788815697.8703563,0.0,0.0,0.0,0.0,0.0,0.0
1788815697.920279,0.0,0.0,0.0,0.0,0.0,0.0
1788815697.970129,0.0,0.0,0.0,0.0,0.0,0.0
1788815698.0201135,0.0,0.0,0.0,0.0,0.0,0.0
1788815698.070379,0.0,0.0,0.0,0.0,0.0,0.0
1788815698.120146,0.0,0.0,0.0,0.0,0.0,0.0
1788815698.1700466,0.0,0.0,0.0,0.0,0.0,0.0
1788815698.2210524,0.0,0.0,0.0,0.0,0.0,0.0
1788815698.2702096,0.0,0.0,0.0,0.0,0.0,0.0
1788815698.3202178,0.0,0.0,0.0,0.0,0.0,0.0
1788815698.370063,0.0,0.0,0.0,0.0,0.0,0.0
1788815698.4199367,0.0,0.0,0.0,0.0,0.0,0.0
1788815698.4702077,0.0,0.0,0.0,0.0,0.0,0.0
1788815698.5201547,0.0,0.0,0.0,0.0,0.0,0.0
1788815698.5700638,0.0,0.0,0.0,0.0,0.0,0.0
1788815698.6201055,0.0,0.0,0.0,0.0,0.0,0.0
1788815698.6701033,0.0,0.0,0.0,0.0,0.0,0.0
1788815698.7202857,0.0,0.0,0.0,0.0,0.0,0.0
1788815698.7701583,0.0,0.0,0.0,0.0,0.0,0.0
1788815698.8199809,0.0,0.0,0.0,0.0,0.0,0.0
1788815698.8702295,0.0,0.0,0.0,0.0,0.0,0.0
1788815698.9200644,0.0,0.0,0.0,0.0,0.0,0.0
1788815698.9700537,0.0,0.0,0.0,0.0,0.0,0.0
1788815699.0201776,0.0,0.0,0.0,0.0,0.0,0.0
1788815699.0702443,0.0,0.0,0.0,0.0,0.0,0.0
1788815699.1202717,0.0,0.0,0.0,0.0,0.0,0.0
1788815699.1703618,0.0,0.0,0.0,0.0,0.0,0.0
1788815699.2201986,0.0,0.0,0.0,0.0,0.0,0.0
1788815699.2701998,0.0,0.0,0.0,0.0,0.0,0.0
1788815699.3202107,0.0,0.0,0.0,0.0,0.0,0.0
1788815699.3702188,0.0,0.0,0.0,0.0,0.0,0.0
1788815699.4201474,0.0,0.0,0.0,0.0,0.0,0.0
1788815699.4700017,0.0,0.0,0.0,0.0,0.0,0.0
1788815699.5201528,0.0,0.0,0.0,0.0,0.0,0.0
1788815699.5703313,0.0,0.0,0.0,0.0,0.0,0.0
1788815699.6207755,0.0,0.0,0.0,0.0,0.0,0.0
1788815699.6702266,0.0,0.0,0.0,0.0,0.0,0.0
1788815700.03896,0.0,0.0,0.0,0.0,0.0,0.0
1788815700.040552,0.0,0.0,0.0,0.0,0.0,0.0
1788815700.0698094,0.0,0.0,0.0,0.0,0.0,0.0
1788815700.1203458,0.0,0.0,0.0,0.0,0.0,0.0
1788815700.170108,0.0,0.0,0.0,0.0,0.0,0.0
1788815700.2203627,0.0,0.0,0.0,0.0,0.0,0.0
1788815700.2703633,0.0,0.0,0.0,0.0,0.0,0.0
1788815700.3203824,0.0,0.0,0.0,0.0,0.0,0.0
1788815700.3702753,0.0,0.0,0.0,0.0,0.0,0.0
1788815700.4201062,0.0,0.0,0.0,0.0,0.0,0.0
1788815700.4701266,0.0,0.0,0.0,0.0,0.0,0.0
1788815700.5201836,0.0,0.0,0.0,0.0,0.0,0.0
1788815700.570128,0.0,0.0,0.0,0.0,0.0,0.0
1788815700.6212628,0.0,0.0,0.0,0.0,0.0,0.0
1788815700.670203,0.0,0.0,0.0,0.0,0.0,0.0
1788815700.7210846,0.0,0.0,0.0,0.0,0.0,0.0
1788815700.770355,0.0,0.0,0.0,0.0,0.0,0.0
1788815700.8209734,0.0,0.0,0.0,0.0,0.0,0.0
1788815700.870163,0.0,0.0,0.0,0.0,0.0,0.0
1788815700.9202847,0.0,0.0,0.0,0.0,0.0,0.0
1788815700.9701343,0.0,0.0,0.0,0.0,0.0,0.0
1788815701.0209427,0.0,0.0,0.0,0.0,0.0,0.0
1788815701.0701976,0.0,0.0,0.0,0.0,0.0,0.0
1788815701.1204195,0.0,0.0,0.0,0.0,0.0,0.0
1788815701.1700916,0.0,0.0,0.0,0.0,0.0,0.0
1788815701.2204506,0.0,0.0,0.0,0.0,0.0,0.0
1788815701.2700927,0.0,0.0,0.0,0.0,0.0,0.0
1788815701.3204048,0.0,0.0,0.0,0.0,0.0,0.0
1788815701.3703716,0.0,0.0,0.0,0.0,0.0,0.0
1788815701.4204006,0.0,0.0,0.0,0.0,0.0,0.0
1788815701.4701345,0.0,0.0,0.0,0.0,0.0,0.0
1788815701.5212853,0.0,0.0,0.0,0.0,0.0,0.0
1788815701.570212,0.0,0.0,0.0,0.0,0.0,0.0
1788815701.62133,0.0,0.0,0.0,0.0,0.0,0.0
1788815701.6702352,0.0,0.0,0.0,0.0,0.0,0.0
1788815701.7206922,0.0,0.0,0.0,0.0,0.0,0.0
1788815701.7702339,0.0,0.0,0.0,0.0,0.0,0.0
1788815701.8211668,0.0,0.0,0.0,0.0,0.0,0.0
1788815701.870221,0.0,0.0,0.0,0.0,0.0,0.0
1788815701.9212778,0.0,0.0,0.0,0.0,0.0,0.0
1788815701.9701896,0.0,0.0,0.0,0.0,0.0,0.0
1788815702.0212739,0.0,0.0,0.0,0.0,0.0,0.0
1788815702.0703518,0.0,0.0,0.0,0.0,0.0,0.0
1788815702.1211917,0.0,0.0,0.0,0.0,0.0,0.0
1788815702.1700203,0.0,0.0,0.0,0.0,0.0,0.0
1788815702.220886,0.0,0.0,0.0,0.0,0.0,0.0
1788815702.2701926,0.0,0.0,0.0,0.0,0.0,0.0
1788815702.3203986,0.0,0.0,0.0,0.0,0.0,0.0
1788815702.3702571,0.0,0.0,0.0,0.0,0.0,0.0
1788815702.4213972,0.0,0.0,0.0,0.0,0.0,0.0
1788815702.470092,0.0,0.0,0.0,0.0,0.0,0.0
1788815702.520349,0.0,0.0,0.0,0.0,0.0,0.0
1788815702.5703042,0.0,0.0,0.0,0.0,0.0,0.0
1788815702.620947,0.0,0.0,0.0,0.0,0.0,0.0
1788815702.6701765,0.0,0.0,0.0,0.0,0.0,0.0
1788815702.7211637,0.0,0.0,0.0,0.0,0.0,0.0
1788815702.7702606,0.0,0.0,0.0,0.0,0.0,0.0
1788815702.821288,0.0,0.0,0.0,0.0,0.0,0.0
1788815702.8702667,0.0,0.0,0.0,0.0,0.0,0.0
1788815702.9203105,0.0,0.0,0.0,0.0,0.0,0.0
1788815702.9702842,0.0,0.0,0.0,0.0,0.0,0.0
1788815703.0211694,0.0,0.0,0.0,0.0,0.0,0.0
1788815703.0701385,0.0,0.0,0.0,0.0,0.0,0.0
1788815703.120495,0.0,0.0,0.0,0.0,0.0,0.0
1788815703.1702313,0.0,0.0,0.0,0.0,0.0,0.0
1788815703.2204773,0.0,0.0,0.0,0.0,0.0,0.0
1788815703.2702334,0.0,0.0,0.0,0.0,0.0,0.0
1788815703.321286,0.0,0.0,0.0,0.0,0.0,0.0
1788815703.3701925,0.0,0.0,0.0,0.0,0.0,0.0
1788815703.4212759,0.0,0.0,0.0,0.0,0.0,0.0
1788815703.4702113,0.0,0.0,0.0,0.0,0.0,0.0
1788815703.5210195,0.0,0.0,0.0,0.0,0.0,0.0
1788815703.5701632,0.0,0.0,0.0,0.0,0.0,0.0
1788815703.6204786,0.0,0.0,0.0,0.0,0.0,0.0
1788815703.670152,0.0,0.0,0.0,0.0,0.0,0.0
1788815703.7208428,0.0,0.0,0.0,0.0,0.0,0.0
1788815703.7701166,0.0,0.0,0.0,0.0,0.0,0.0
1788815703.820437,0.0,0.0,0.0,0.0,0.0,0.0
1788815703.8701959,0.0,0.0,0.0,0.0,0.0,0.0
1788815703.9210563,0.0,0.0,0.0,0.0,0.0,0.0
1788815703.9702554,0.0,0.0,0.0,0.0,0.0,0.0
1788815704.0204282,0.0,0.0,0.0,0.0,0.0,0.0
1788815704.0702255,0.0,0.0,0.0,0.0,0.0,0.0
1788815704.1211066,0.0,0.0,0.0,0.0,0.0,0.0
1788815704.1701689,0.0,0.0,0.0,0.0,0.0,0.0
1788815704.22124,0.0,0.0,0.0,0.0,0.0,0.0
1788815704.2701087,0.0,0.0,0.0,0.0,0.0,0.0
1788815704.3204386,0.0,0.0,0.0,0.0,0.0,0.0
1788815704.370147,0.0,0.0,0.0,0.0,0.0,0.0
1788815704.4209924,0.0,0.0,0.0,0.0,0.0,0.0
1788815704.4703803,0.0,0.0,0.0,0.0,0.0,0.0
1788815704.5209184,0.0,0.0,0.0,0.0,0.0,0.0
1788815704.5701532,0.0,0.0,0.0,0.0,0.0,0.0
1788815704.6203163,0.0,0.0,0.0,0.0,0.0,0.0
1788815704.6703193,0.0,0.0,0.0,0.0,0.0,0.0
1788815704.720962,0.0,0.0,0.0,0.0,0.0,0.0
1788815704.770418,0.0,0.0,0.0,0.0,0.0,0.0
1788815704.820376,0.0,0.0,0.0,0.0,0.0,0.0
1788815704.8702075,0.0,0.0,0.0,0.0,0.0,0.0
1788815704.921031,0.0,0.0,0.0,0.0,0.0,0.0
1788815704.970004,0.0,0.0,0.0,0.0,0.0,0.0
1788815705.0205963,0.0,0.0,0.0,0.0,0.0,0.0
1788815705.070174,0.0,0.0,0.0,0.0,0.0,0.0
1788815705.1204216,0.0,0.0,0.0,0.0,0.0,0.0
1788815705.170113,0.0,0.0,0.0,0.0,0.0,0.0
1788815705.22044,0.0,0.0,0.0,0.0,0.0,0.0
1788815705.2701676,0.0,0.0,0.0,0.0,0.0,0.0
1788815705.3212204,0.0,0.0,0.0,0.0,0.0,0.0
1788815705.3703668,0.0,0.0,0.0,0.0,0.0,0.0
1788815705.4213722,0.0,0.0,0.0,0.0,0.0,0.0
1788815705.4701743,0.0,0.0,0.0,0.0,0.0,0.0
1788815705.523498,0.0,0.0,0.0,0.0,0.0,0.0
1788815705.5701296,0.0,0.0,0.0,0.0,0.0,0.0
1788815705.6209497,0.0,0.0,0.0,0.0,0.0,0.0
1788815705.6702554,0.0,0.0,0.0,0.0,0.0,0.0
1788815705.7204163,0.0,0.0,0.0,0.0,0.0,0.0
1788815705.77031,0.0,0.0,0.0,0.0,0.0,0.0
1788815705.820411,0.0,0.0,0.0,0.0,0.0,0.0
1788815705.8701222,0.0,0.0,0.0,0.0,0.0,0.0
1788815705.9210496,0.0,0.0,0.0,0.0,0.0,0.0
1788815705.9701824,0.0,0.0,0.0,0.0,0.0,0.0
1788815706.0210054,0.0,0.0,0.0,0.0,0.0,0.0
1788815706.0701675,0.0,0.0,0.0,0.0,0.0,0.0
1788815706.1212583,0.0,0.0,0.0,0.0,0.0,0.0
1788815706.1702628,0.0,0.0,0.0,0.0,0.0,0.0
1788815706.2211337,0.0,0.0,0.0,0.0,0.0,0.0
1788815706.2701678,0.0,0.0,0.0,0.0,0.0,0.0
1788815706.3211377,0.0,0.0,0.0,0.0,0.0,0.0
1788815706.3702943,0.0,0.0,0.0,0.0,0.0,0.0
1788815706.4210014,0.0,0.0,0.0,0.0,0.0,0.0
1788815706.470466,0.0,0.0,0.0,0.0,0.0,0.0
1788815706.5212321,0.0,0.0,0.0,0.0,0.0,0.0
1788815706.5701184,0.0,0.0,0.0,0.0,0.0,0.0
1788815706.621016,0.0,0.0,0.0,0.0,0.0,0.0
1788815706.6702032,0.0,0.0,0.0,0.0,0.0,0.0
1788815706.7212818,0.0,0.0,0.0,0.0,0.0,0.0
1788815706.7702398,0.0,0.0,0.0,0.0,0.0,0.0
1788815706.821357,0.0,0.0,0.0,0.0,0.0,0.0
1788815706.870718,0.0,0.0,0.0,0.0,0.0,0.0
1788815706.920408,0.0,0.0,0.0,0.0,0.0,0.0
1788815706.9701648,0.0,0.0,0.0,0.0,0.0,0.0
1788815707.0211453,0.0,0.0,0.0,0.0,0.0,0.0
1788815707.0701315,0.0,0.0,0.0,0.0,0.0,0.0
1788815707.1203718,0.0,0.0,0.0,0.0,0.0,0.0
1788815707.1701381,0.0,0.0,0.0,0.0,0.0,0.0
1788815707.2211132,0.0,0.0,0.0,0.0,0.0,0.0
1788815707.270209,0.0,0.0,0.0,0.0,0.0,0.0
1788815707.3202796,0.0,0.0,0.0,0.0,0.0,0.0
1788815707.3701167,0.0,0.0,0.0,0.0,0.0,0.0
1788815707.4213052,0.0,0.0,0.0,0.0,0.0,0.0
1788815707.47036,0.0,0.0,0.0,0.0,0.0,0.0
1788815707.521233,0.0,0.0,0.0,0.0,0.0,0.0
1788815707.5702102,0.0,0.0,0.0,0.0,0.0,0.0
1788815707.620662,0.0,0.0,0.0,0.0,0.0,0.0
1788815707.67018,0.0,0.0,0.0,0.0,0.0,0.0
1788815707.7209277,0.0,0.0,0.0,0.0,0.0,0.0
1788815707.7702792,0.0,0.0,0.0,0.0,0.0,0.0
1788815707.8203347,0.0,0.0,0.0,0.0,0.0,0.0
1788815707.8701956,0.0,0.0,0.0,0.0,0.0,0.0
1788815707.9212859,0.0,0.0,0.0,0.0,0.0,0.0
1788815707.970272,0.0,0.0,0.0,0.0,0.0,0.0
1788815708.020281,0.0,0.0,0.0,0.0,0.0,0.0
1788815708.0701013,0.0,0.0,0.0,0.0,0.0,0.0
1788815708.1206987,0.0,0.0,0.0,0.0,0.0,0.0
1788815708.1704812,0.0,0.0,0.0,0.0,0.0,0.0
1788815708.2215002,0.0,0.0,0.0,0.0,0.0,0.0
1788815708.270173,0.0,0.0,0.0,0.0,0.0,0.0
1788815708.3213646,0.0,0.0,0.0,0.0,0.0,0.0
1788815708.3705895,0.0,0.0,0.0,0.0,0.0,0.0
1788815708.420779,0.0,0.0,0.0,0.0,0.0,0.0
1788815708.4701679,0.0,0.0,0.0,0.0,0.0,0.0
1788815708.5204623,0.0,0.0,0.0,0.0,0.0,0.0
1788815708.5701816,0.0,0.0,0.0,0.0,0.0,0.0
1788815708.6207945,0.0,0.0,0.0,0.0,0.0,0.0
1788815708.6701798,0.0,0.0,0.0,0.0,0.0,0.0
1788815708.7213268,0.0,0.0,0.0,0.0,0.0,0.0
1788815708.7702467,0.0,0.0,0.0,0.0,0.0,0.0
1788815708.8204446,0.0,0.0,0.0,0.0,0.0,0.0
1788815708.8704677,0.0,0.0,0.0,0.0,0.0,0.0
1788815708.9210286,0.0,0.0,0.0,0.0,0.0,0.0
1788815708.9701238,0.0,0.0,0.0,0.0,0.0,0.0
1788815709.0211987,0.0,0.0,0.0,0.0,0.0,0.0
1788815709.0703573,0.0,0.0,0.0,0.0,0.0,0.0
1788815709.1212668,0.0,0.0,0.0,0.0,0.0,0.0
1788815709.1701005,0.0,0.0,0.0,0.0,0.0,0.0
1788815709.2213407,0.0,0.0,0.0,0.0,0.0,0.0
1788815709.2702909,0.0,0.0,0.0,0.0,0.0,0.0
1788815709.3213315,0.0,0.0,0.0,0.0,0.0,0.0
1788815709.699201,0.0,0.0,0.0,0.0,0.0,0.0
1788815709.7012439,0.0,0.0,0.0,0.0,0.0,0.0
1788815709.7203567,0.0,0.0,0.0,0.0,0.0,0.0
1788815709.7701867,0.0,0.0,0.0,0.0,0.0,0.0
1788815709.821127,0.0,0.0,0.0,0.0,0.0,0.0
1788815709.8703375,0.0,0.0,0.0,0.0,0.0,0.0
1788815709.9210708,0.0,0.0,0.0,0.0,0.0,0.0
1788815709.970297,0.0,0.0,0.0,0.0,0.0,0.0
1788815710.0211291,0.0,0.0,0.0,0.0,0.0,0.0
1788815710.070236,0.0,0.0,0.0,0.0,0.0,0.0
1788815710.1207795,0.0,0.0,0.0,0.0,0.0,0.0
1788815710.170089,0.0,0.0,0.0,0.0,0.0,0.0
1788815710.2203157,0.0,0.0,0.0,0.0,0.0,0.0
1788815710.270209,0.0,0.0,0.0,0.0,0.0,0.0
1788815710.3210967,0.0,0.0,0.0,0.0,0.0,0.0
1788815710.3703,0.0,0.0,0.0,0.0,0.0,0.0
1788815710.421188,0.0,0.0,0.0,0.0,0.0,0.0
1788815710.4702322,0.0,0.0,0.0,0.0,0.0,0.0
1788815710.5211422,0.0,0.0,0.0,0.0,0.0,0.0
1788815710.5702665,0.0,0.0,0.0,0.0,0.0,0.0
1788815710.620256,0.0,0.0,0.0,0.0,0.0,0.0
1788815710.6701255,0.0,0.0,0.0,0.0,0.0,0.0
1788815710.7202885,0.0,0.0,0.0,0.0,0.0,0.0
1788815710.77024,0.0,0.0,0.0,0.0,0.0,0.0
1788815710.8211174,0.0,0.0,0.0,0.0,0.0,0.0
1788815710.8704216,0.0,0.0,0.0,0.0,0.0,0.0
1788815710.920474,0.0,0.0,0.0,0.0,0.0,0.0
1788815710.9701815,0.0,0.0,0.0,0.0,0.0,0.0
1788815711.0203362,0.0,0.0,0.0,0.0,0.0,0.0
1788815711.0701098,0.0,0.0,0.0,0.0,0.0,0.0
1788815711.1208222,0.0,0.0,0.0,0.0,0.0,0.0
1788815711.1701307,0.0,0.0,0.0,0.0,0.0,0.0
1788815711.2204134,0.0,0.0,0.0,0.0,0.0,0.0
1788815711.2701344,0.0,0.0,0.0,0.0,0.0,0.0
1788815711.3204215,0.0,0.0,0.0,0.0,0.0,0.0
1788815711.3701575,0.0,0.0,0.0,0.0,0.0,0.0
1788815711.420207,0.0,0.0,0.0,0.0,0.0,0.0
1788815711.4700246,0.0,0.0,0.0,0.0,0.0,0.0
1788815711.5206661,0.0,0.0,0.0,0.0,0.0,0.0
1788815711.57037,0.0,0.0,0.0,0.0,0.0,0.0
1788815711.930786,0.0,0.0,0.0,0.0,0.0,0.0
1788815711.9316769,0.0,0.0,0.0,0.0,0.0,0.0
1788815711.9703326,0.0,0.0,0.0,0.0,0.0,0.0
1788815712.0204399,0.0,0.0,0.0,0.0,0.0,0.0
1788815712.070167,0.0,0.0,0.0,0.0,0.0,0.0
1788815712.1209562,0.0,0.0,0.0,0.0,0.0,0.0
1788815712.1704633,0.0,0.0,0.0,0.0,0.0,0.0
1788815712.2205534,0.0,0.0,0.0,0.0,0.0,0.0
1788815712.2702084,0.0,0.0,0.0,0.0,0.0,0.0
1788815712.322097,0.0,0.0,0.0,0.0,0.0,0.0
1788815712.3702729,0.0,0.0,0.0,0.0,0.0,0.0
1788815712.4202092,0.0,0.0,0.0,0.0,0.0,0.0
1788815712.470122,0.0,0.0,0.0,0.0,0.0,0.0
1788815712.5202425,0.0,0.0,0.0,0.0,0.0,0.0
1788815712.5710917,0.0,0.0,0.0,0.0,0.0,0.0
1788815712.620283,0.0,0.0,0.0,0.0,0.0,0.0
1788815712.6701596,0.0,0.0,0.0,0.0,0.0,0.0
1788815712.7202005,0.0,0.0,0.0,0.0,0.0,0.0
1788815712.7701104,0.0,0.0,0.0,0.0,0.0,0.0
1788815712.8203404,0.0,0.0,0.0,0.0,0.0,0.0
1788815712.8701565,0.0,0.0,0.0,0.0,0.0,0.0
1788815712.9203908,0.0,0.0,0.0,0.0,0.0,0.0
1788815712.9701502,0.0,0.0,0.0,0.0,0.0,0.0
1788815713.02037,0.0,0.0,0.0,0.0,0.0,0.0
1788815713.070101,0.0,0.0,0.0,0.0,0.0,0.0
1788815713.1200929,0.0,0.0,0.0,0.0,0.0,0.0
1788815713.1701963,0.0,0.0,0.0,0.0,0.0,0.0
1788815713.2200782,0.0,0.0,0.0,0.0,0.0,0.0
1788815713.2700765,0.0,0.0,0.0,0.0,0.0,0.0
1788815713.3201485,0.0,0.0,0.0,0.0,0.0,0.0
1788815713.3701353,0.0,0.0,0.0,0.0,0.0,0.0
1788815713.4201427,0.0,0.0,0.0,0.0,0.0,0.0
1788815713.4701967,0.0,0.0,0.0,0.0,0.0,0.0
1788815713.5202322,0.0,0.0,0.0,0.0,0.0,0.0
1788815713.570116,0.0,0.0,0.0,0.0,0.0,0.0
1788815713.6204293,0.0,0.0,0.0,0.0,0.0,0.0
1788815713.6700363,0.0,0.0,0.0,0.0,0.0,0.0
1788815713.7204633,0.0,0.0,0.0,0.0,0.0,0.0
1788815713.7702765,0.0,0.0,0.0,0.0,0.0,0.0
1788815713.8202822,0.0,0.0,0.0,0.0,0.0,0.0
1788815713.870223,0.0,0.0,0.0,0.0,0.0,0.0
1788815713.9202974,0.0,0.0,0.0,0.0,0.0,0.0
1788815713.9700615,0.0,0.0,0.0,0.0,0.0,0.0
1788815714.0203645,0.0,0.0,0.0,0.0,0.0,0.0
1788815714.0701218,0.0,0.0,0.0,0.0,0.0,0.0
1788815714.1204112,0.0,0.0,0.0,0.0,0.0,0.0
1788815714.1702385,0.0,0.0,0.0,0.0,0.0,0.0
1788815714.2203166,0.0,0.0,0.0,0.0,0.0,0.0
1788815714.270266,0.0,0.0,0.0,0.0,0.0,0.0
1788815714.3199959,0.0,0.0,0.0,0.0,0.0,0.0
1788815714.3699658,0.0,0.0,0.0,0.0,0.0,0.0
1788815714.4202034,0.0,0.0,0.0,0.0,0.0,0.0
1788815714.4700265,0.0,0.0,0.0,0.0,0.0,0.0
1788815714.5200837,0.0,0.0,0.0,0.0,0.0,0.0
1788815714.5705252,0.0,0.0,0.0,0.0,0.0,0.0
1788815714.6201856,0.0,0.0,0.0,0.0,0.0,0.0
1788815714.6701968,0.0,0.0,0.0,0.0,0.0,0.0
1788815714.720335,0.0,0.0,0.0,0.0,0.0,0.0
1788815714.7702212,0.0,0.0,0.0,0.0,0.0,0.0
1788815714.8202155,0.0,0.0,0.0,0.0,0.0,0.0
1788815714.8702831,0.0,0.0,0.0,0.0,0.0,0.0
1788815714.9203522,0.0,0.0,0.0,0.0,0.0,0.0
1788815714.970275,0.0,0.0,0.0,0.0,0.0,0.0
1788815715.0200858,0.0,0.0,0.0,0.0,0.0,0.0
1788815715.0699928,0.0,0.0,0.0,0.0,0.0,0.0
1788815715.120208,0.0,0.0,0.0,0.0,0.0,0.0
1788815715.170132,0.0,0.0,0.0,0.0,0.0,0.0
1788815715.2203553,0.0,0.0,0.0,0.0,0.0,0.0
1788815715.270151,0.0,0.0,0.0,0.0,0.0,0.0
1788815715.3202322,0.0,0.0,0.0,0.0,0.0,0.0
1788815715.3701994,0.0,0.0,0.0,0.0,0.0,0.0
1788815715.4202836,0.0,0.0,0.0,0.0,0.0,0.0
1788815715.470228,0.0,0.0,0.0,0.0,0.0,0.0
1788815715.5202293,0.0,0.0,0.0,0.0,0.0,0.0
1788815715.5701368,0.0,0.0,0.0,0.0,0.0,0.0
1788815715.6203606,0.0,0.0,0.0,0.0,0.0,0.0
1788815715.6703467,0.0,0.0,0.0,0.0,0.0,0.0
1788815715.720376,0.0,0.0,0.0,0.0,0.0,0.0
1788815715.7701423,0.0,0.0,0.0,0.0,0.0,0.0
1788815715.8203218,0.0,0.0,0.0,0.0,0.0,0.0
1788815715.8701785,0.0,0.0,0.0,0.0,0.0,0.0
1788815715.9202259,0.0,0.0,0.0,0.0,0.0,0.0
1788815715.9702008,0.0,0.0,0.0,0.0,0.0,0.0
1788815716.020341,0.0,0.0,0.0,0.0,0.0,0.0
1788815716.0701265,0.0,0.0,0.0,0.0,0.0,0.0
1788815716.1204336,0.0,0.0,0.0,0.0,0.0,0.0
1788815716.1702464,0.0,0.0,0.0,0.0,0.0,0.0
1788815716.2202227,0.0,0.0,0.0,0.0,0.0,0.0
1788815716.2700906,0.0,0.0,0.0,0.0,0.0,0.0
1788815716.3206437,0.0,0.0,0.0,0.0,0.0,0.0
1788815716.3701007,0.0,0.0,0.0,0.0,0.0,0.0
1788815716.4202447,0.0,0.0,0.0,0.0,0.0,0.0
1788815716.4702182,0.0,0.0,0.0,0.0,0.0,0.0
1788815716.5202386,0.0,0.0,0.0,0.0,0.0,0.0
1788815716.5701869,0.0,0.0,0.0,0.0,0.0,0.0
1788815716.6202214,0.0,0.0,0.0,0.0,0.0,0.0
1788815716.6702528,0.0,0.0,0.0,0.0,0.0,0.0
1788815716.7203531,0.0,0.0,0.0,0.0,0.0,0.0
1788815716.770143,0.0,0.0,0.0,0.0,0.0,0.0
1788815716.820266,0.0,0.0,0.0,0.0,0.0,0.0
1788815716.8701897,0.0,0.0,0.0,0.0,0.0,0.0
1788815716.9201953,0.0,0.0,0.0,0.0,0.0,0.0
1788815716.9702299,0.0,0.0,0.0,0.0,0.0,0.0
1788815717.02035,0.0,0.0,0.0,0.0,0.0,0.0
1788815717.0702353,0.0,0.0,0.0,0.0,0.0,0.0
1788815717.1201406,0.0,0.0,0.0,0.0,0.0,0.0
1788815717.170166,0.0,0.0,0.0,0.0,0.0,0.0
1788815717.2204094,0.0,0.0,0.0,0.0,0.0,0.0
1788815717.270209,0.0,0.0,0.0,0.0,0.0,0.0
1788815717.568135,0.0,0.0,0.0,0.0,0.0,0.0
1788815717.5704482,0.0,0.0,0.0,0.0,0.0,0.0
1788815717.6200254,0.0,0.0,0.0,0.0,0.0,0.0
1788815717.6701536,0.0,0.0,0.0,0.0,0.0,0.0
1788815717.720287,0.0,0.0,0.0,0.0,0.0,0.0
1788815717.7705514,0.0,0.0,0.0,0.0,0.0,0.0
1788815717.8201742,0.0,0.0,0.0,0.0,0.0,0.0
1788815717.870309,0.0,0.0,0.0,0.0,0.0,0.0
1788815717.920391,0.0,0.0,0.0,0.0,0.0,0.0
1788815717.970257,0.0,0.0,0.0,0.0,0.0,0.0
1788815718.020202,0.0,0.0,0.0,0.0,0.0,0.0
1788815718.0704012,0.0,0.0,0.0,0.0,0.0,0.0
1788815718.120185,0.0,0.0,0.0,0.0,0.0,0.0
1788815718.1707451,0.0,0.0,0.0,0.0,0.0,0.0
1788815718.2202005,0.0,0.0,0.0,0.0,0.0,0.0
1788815718.2700295,0.0,0.0,0.0,0.0,0.0,0.0
1788815718.3200445,0.0,0.0,0.0,0.0,0.0,0.0
1788815718.3703198,0.0,0.0,0.0,0.0,0.0,0.0
1788815718.4203565,0.0,0.0,0.0,0.0,0.0,0.0
1788815718.4702423,0.0,0.0,0.0,0.0,0.0,0.0
1788815718.5201244,0.0,0.0,0.0,0.0,0.0,0.0
1788815718.5702116,0.0,0.0,0.0,0.0,0.0,0.0
1788815718.6202526,0.0,0.0,0.0,0.0,0.0,0.0
1788815718.6701536,0.0,0.0,0.0,0.0,0.0,0.0
1788815718.72021,0.0,0.0,0.0,0.0,0.0,0.0
1788815718.770203,0.0,0.0,0.0,0.0,0.0,0.0
1788815718.820057,0.0,0.0,0.0,0.0,0.0,0.0
1788815718.8700972,0.0,0.0,0.0,0.0,0.0,0.0
1788815718.920178,0.0,0.0,0.0,0.0,0.0,0.0
1788815718.9697325,0.0,0.0,0.0,0.0,0.0,0.0
1788815719.0202057,0.0,0.0,0.0,0.0,0.0,0.0
1788815719.070061,0.0,0.0,0.0,0.0,0.0,0.0
1788815719.120185,0.0,0.0,0.0,0.0,0.0,0.0
1788815719.17013,0.0,0.0,0.0,0.0,0.0,0.0
1788815719.2204351,0.0,0.0,0.0,0.0,0.0,0.0
1788815719.2701983,0.0,0.0,0.0,0.0,0.0,0.0
1788815719.3204439,0.0,0.0,0.0,0.0,0.0,0.0
1788815719.3701034,0.0,0.0,0.0,0.0,0.0,0.0
1788815719.4203608,0.0,0.0,0.0,0.0,0.0,0.0
1788815719.4700232,0.0,0.0,0.0,0.0,0.0,0.0
1788815719.5203414,0.0,0.0,0.0,0.0,0.0,0.0
1788815719.5700989,0.0,0.0,0.0,0.0,0.0,0.0
1788815719.6200793,0.0,0.0,0.0,0.0,0.0,0.0
1788815719.6699405,0.0,0.0,0.0,0.0,0.0,0.0
1788815719.7200224,0.0,0.0,0.0,0.0,0.0,0.0
1788815719.7701383,0.0,0.0,0.0,0.0,0.0,0.0
1788815719.8201168,0.0,0.0,0.0,0.0,0.0,0.0
1788815719.8700898,0.0,0.0,0.0,0.0,0.0,0.0
1788815719.9201841,0.0,0.0,0.0,0.0,0.0,0.0
1788815719.9701784,0.0,0.0,0.0,0.0,0.0,0.0
1788815720.0203884,0.0,0.0,0.0,0.0,0.0,0.0
1788815720.070216,0.0,0.0,0.0,0.0,0.0,0.0
1788815720.120209,0.0,0.0,0.0,0.0,0.0,0.0
1788815720.1703477,0.0,0.0,0.0,0.0,0.0,0.0
1788815720.2201958,0.0,0.0,0.0,0.0,0.0,0.0
1788815720.2700782,0.0,0.0,0.0,0.0,0.0,0.0
1788815720.3201895,0.0,0.0,0.0,0.0,0.0,0.0
1788815720.370186,0.0,0.0,0.0,0.0,0.0,0.0
1788815720.4201882,0.0,0.0,0.0,0.0,0.0,0.0
1788815720.470232,0.0,0.0,0.0,0.0,0.0,0.0
1788815720.5203245,0.0,0.0,0.0,0.0,0.0,0.0
1788815720.5701034,0.0,0.0,0.0,0.0,0.0,0.0
1788815720.6201472,0.0,0.0,0.0,0.0,0.0,0.0
1788815720.6702836,0.0,0.0,0.0,0.0,0.0,0.0
1788815720.7201033,0.0,0.0,0.0,0.0,0.0,0.0
1788815720.7701573,0.0,0.0,0.0,0.0,0.0,0.0
1788815720.820301,0.0,0.0,0.0,0.0,0.0,0.0
1788815720.8702157,0.0,0.0,0.0,0.0,0.0,0.0
1788815720.9201293,0.0,0.0,0.0,0.0,0.0,0.0
1788815720.9705815,0.0,0.0,0.0,0.0,0.0,0.0
1788815721.0202332,0.0,0.0,0.0,0.0,0.0,0.0
1788815721.070063,0.0,0.0,0.0,0.0,0.0,0.0
1788815721.1200807,0.0,0.0,0.0,0.0,0.0,0.0
1788815721.1699874,0.0,0.0,0.0,0.0,0.0,0.0
1788815721.2201326,0.0,0.0,0.0,0.0,0.0,0.0
1788815721.2702534,0.0,0.0,0.0,0.0,0.0,0.0
1788815721.319912,0.0,0.0,0.0,0.0,0.0,0.0
1788815721.370037,0.0,0.0,0.0,0.0,0.0,0.0
1788815721.420333,0.0,0.0,0.0,0.0,0.0,0.0
1788815721.470088,0.0,0.0,0.0,0.0,0.0,0.0
1788815721.5202086,0.0,0.0,0.0,0.0,0.0,0.0
1788815721.570111,0.0,0.0,0.0,0.0,0.0,0.0
1788815721.620054,0.0,0.0,0.0,0.0,0.0,0.0
1788815721.669982,0.0,0.0,0.0,0.0,0.0,0.0
1788815721.7202861,0.0,0.0,0.0,0.0,0.0,0.0
1788815721.770112,0.0,0.0,0.0,0.0,0.0,0.0
1788815721.820154,0.0,0.0,0.0,0.0,0.0,0.0
1788815721.8701606,0.0,0.0,0.0,0.0,0.0,0.0
1788815721.9200733,0.0,0.0,0.0,0.0,0.0,0.0
1788815721.9699497,0.0,0.0,0.0,0.0,0.0,0.0
1788815722.0201297,0.0,0.0,0.0,0.0,0.0,0.0
1788815722.0725143,0.0,0.0,0.0,0.0,0.0,0.0
1788815722.1201217,0.0,0.0,0.0,0.0,0.0,0.0
1788815722.1702461,0.0,0.0,0.0,0.0,0.0,0.0
1788815722.2200744,0.0,0.0,0.0,0.0,0.0,0.0
1788815722.2700908,0.0,0.0,0.0,0.0,0.0,0.0
1788815722.3202658,0.0,0.0,0.0,0.0,0.0,0.0
1788815722.3718362,0.0,0.0,0.0,0.0,0.0,0.0
1788815722.4202316,0.0,0.0,0.0,0.0,0.0,0.0
1788815722.470199,0.0,0.0,0.0,0.0,0.0,0.0
1788815722.5202937,0.0,0.0,0.0,0.0,0.0,0.0
1788815722.5699706,0.0,0.0,0.0,0.0,0.0,0.0
1788815722.6200829,0.0,0.0,0.0,0.0,0.0,0.0
1788815722.6698856,0.0,0.0,0.0,0.0,0.0,0.0
1788815722.7202168,0.0,0.0,0.0,0.0,0.0,0.0
1788815722.7700288,0.0,0.0,0.0,0.0,0.0,0.0
1788815722.820052,0.0,0.0,0.0,0.0,0.0,0.0
1788815723.173161,0.0,0.0,0.0,0.0,0.0,0.0
1788815723.1874459,0.0,0.0,0.0,0.0,0.0,0.0
1788815723.2203014,0.0,0.0,0.0,0.0,0.0,0.0
1788815723.2704551,0.0,0.0,0.0,0.0,0.0,0.0
1788815723.3202171,0.0,0.0,0.0,0.0,0.0,0.0
1788815723.3705375,0.0,0.0,0.0,0.0,0.0,0.0
1788815723.4201632,0.0,0.0,0.0,0.0,0.0,0.0
1788815723.4701455,0.0,0.0,0.0,0.0,0.0,0.0
1788815723.5201936,0.0,0.0,0.0,0.0,0.0,0.0
1788815723.5712461,0.0,0.0,0.0,0.0,0.0,0.0
1788815723.6200063,0.0,0.0,0.0,0.0,0.0,0.0
1788815723.670145,0.0,0.0,0.0,0.0,0.0,0.0
1788815723.7203035,0.0,0.0,0.0,0.0,0.0,0.0
1788815723.7699323,0.0,0.0,0.0,0.0,0.0,0.0
1788815723.8201044,0.0,0.0,0.0,0.0,0.0,0.0
1788815723.8701248,0.0,0.0,0.0,0.0,0.0,0.0
1788815723.9202087,0.0,0.0,0.0,0.0,0.0,0.0
1788815723.9702046,0.0,0.0,0.0,0.0,0.0,0.0
1788815724.0201461,0.0,0.0,0.0,0.0,0.0,0.0
1788815724.0701563,0.0,0.0,0.0,0.0,0.0,0.0
1788815724.1202,0.0,0.0,0.0,0.0,0.0,0.0
1788815724.1699092,0.0,0.0,0.0,0.0,0.0,0.0
1788815724.2201598,0.0,0.0,0.0,0.0,0.0,0.0
1788815724.2765002,0.0,0.0,0.0,0.0,0.0,0.0
1788815724.3201492,0.0,0.0,0.0,0.0,0.0,0.0
1788815724.3707767,0.0,0.0,0.0,0.0,0.0,0.0
1788815724.420366,0.0,0.0,0.0,0.0,0.0,0.0
1788815724.4700372,0.0,0.0,0.0,0.0,0.0,0.0
1788815724.5201764,0.0,0.0,0.0,0.0,0.0,0.0
1788815724.5701928,0.0,0.0,0.0,0.0,0.0,0.0
1788815724.620269,0.0,0.0,0.0,0.0,0.0,0.0
1788815724.6701522,0.0,0.0,0.0,0.0,0.0,0.0
1788815724.7202992,0.0,0.0,0.0,0.0,0.0,0.0
1788815724.7702432,0.0,0.0,0.0,0.0,0.0,0.0
1788815724.8201938,0.0,0.0,0.0,0.0,0.0,0.0
1788815724.8700662,0.0,0.0,0.0,0.0,0.0,0.0
1788815724.9202132,0.0,0.0,0.0,0.0,0.0,0.0
1788815724.9700696,0.0,0.0,0.0,0.0,0.0,0.0
1788815725.0201468,0.0,0.0,0.0,0.0,0.0,0.0
1788815725.0704136,0.0,0.0,0.0,0.0,0.0,0.0
1788815725.1203487,0.0,0.0,0.0,0.0,0.0,0.0
1788815725.1703613,0.0,0.0,0.0,0.0,0.0,0.0
1788815725.2202585,0.0,0.0,0.0,0.0,0.0,0.0
1788815725.270696,0.0,0.0,0.0,0.0,0.0,0.0
1788815725.320205,0.0,0.0,0.0,0.0,0.0,0.0
1788815725.370331,0.0,0.0,0.0,0.0,0.0,0.0
1788815725.4200692,0.0,0.0,0.0,0.0,0.0,0.0
1788815725.4704087,0.0,0.0,0.0,0.0,0.0,0.0
1788815725.5201483,0.0,0.0,0.0,0.0,0.0,0.0
1788815725.570424,0.0,0.0,0.0,0.0,0.0,0.0
1788815725.6201322,0.0,0.0,0.0,0.0,0.0,0.0
1788815725.6704059,0.0,0.0,0.0,0.0,0.0,0.0
1788815725.7201388,0.0,0.0,0.0,0.0,0.0,0.0
1788815725.7704613,0.0,0.0,0.0,0.0,0.0,0.0
1788815725.8198843,0.0,0.0,0.0,0.0,0.0,0.0
1788815725.8703313,0.0,0.0,0.0,0.0,0.0,0.0
1788815725.9202123,0.0,0.0,0.0,0.0,0.0,0.0
1788815725.970543,0.0,0.0,0.0,0.0,0.0,0.0
1788815726.020449,0.0,0.0,0.0,0.0,0.0,0.0
1788815726.0700612,0.0,0.0,0.0,0.0,0.0,0.0
1788815726.1200228,0.0,0.0,0.0,0.0,0.0,0.0
1788815726.1701252,0.0,0.0,0.0,0.0,0.0,0.0
1788815726.2202911,0.0,0.0,0.0,0.0,0.0,0.0
1788815726.270251,0.0,0.0,0.0,0.0,0.0,0.0
1788815726.320354,0.0,0.0,0.0,0.0,0.0,0.0
1788815726.3749118,0.0,0.0,0.0,0.0,0.0,0.0
1788815726.4203646,0.0,0.0,0.0,0.0,0.0,0.0
1788815726.4706783,0.0,0.0,0.0,0.0,0.0,0.0
1788815726.5202148,0.0,0.0,0.0,0.0,0.0,0.0
1788815726.570995,0.0,0.0,0.0,0.0,0.0,0.0
1788815726.6202114,0.0,0.0,0.0,0.0,0.0,0.0
1788815726.671549,0.0,0.0,0.0,0.0,0.0,0.0
1788815726.7202525,0.0,0.0,0.0,0.0,0.0,0.0
1788815726.7705395,0.0,0.0,0.0,0.0,0.0,0.0
1788815726.8202302,0.0,0.0,0.0,0.0,0.0,0.0
1788815726.8767269,0.0,0.0,0.0,0.0,0.0,0.0
1788815726.9202023,0.0,0.0,0.0,0.0,0.0,0.0
1788815726.9757416,0.0,0.0,0.0,0.0,0.0,0.0
1788815727.0202508,0.0,0.0,0.0,0.0,0.0,0.0
1788815727.0760252,0.0,0.0,0.0,0.0,0.0,0.0
1788815727.1202955,0.0,0.0,0.0,0.0,0.0,0.0
1788815727.1744752,0.0,0.0,0.0,0.0,0.0,0.0
1788815727.220287,0.0,0.0,0.0,0.0,0.0,0.0
1788815727.2729285,0.0,0.0,0.0,0.0,0.0,0.0
1788815727.3202882,0.0,0.0,0.0,0.0,0.0,0.0
1788815727.3771813,0.0,0.0,0.0,0.0,0.0,0.0
1788815727.4202623,0.0,0.0,0.0,0.0,0.0,0.0
1788815727.471526,0.0,0.0,0.0,0.0,0.0,0.0
1788815727.5204434,0.0,0.0,0.0,0.0,0.0,0.0
1788815727.5711372,0.0,0.0,0.0,0.0,0.0,0.0
1788815727.6201918,0.0,0.0,0.0,0.0,0.0,0.0
1788815727.671654,0.0,0.0,0.0,0.0,0.0,0.0
1788815727.7202604,0.0,0.0,0.0,0.0,0.0,0.0
1788815727.7702568,0.0,0.0,0.0,0.0,0.0,0.0
1788815727.8202562,0.0,0.0,0.0,0.0,0.0,0.0
1788815727.8774967,0.0,0.0,0.0,0.0,0.0,0.0
1788815727.9203045,0.0,0.0,0.0,0.0,0.0,0.0
1788815727.9709206,0.0,0.0,0.0,0.0,0.0,0.0
1788815728.0202847,0.0,0.0,0.0,0.0,0.0,0.0
1788815728.076639,0.0,0.0,0.0,0.0,0.0,0.0
1788815728.1201868,0.0,0.0,0.0,0.0,0.0,0.0
1788815728.1716928,0.0,0.0,0.0,0.0,0.0,0.0
1788815728.2202723,0.0,0.0,0.0,0.0,0.0,0.0
1788815728.2718048,0.0,0.0,0.0,0.0,0.0,0.0
1788815728.3202379,0.0,0.0,0.0,0.0,0.0,0.0
1788815728.371448,0.0,0.0,0.0,0.0,0.0,0.0
1788815728.4201503,0.0,0.0,0.0,0.0,0.0,0.0
1788815728.4736946,0.0,0.0,0.0,0.0,0.0,0.0
1788815728.5201833,0.0,0.0,0.0,0.0,0.0,0.0
1788815728.5760953,0.0,0.0,0.0,0.0,0.0,0.0
1788815728.6201682,0.0,0.0,0.0,0.0,0.0,0.0
1788815728.6763375,0.0,0.0,0.0,0.0,0.0,0.0
1788815728.7201347,0.0,0.0,0.0,0.0,0.0,0.0
1788815728.772237,0.0,0.0,0.0,0.0,0.0,0.0
1788815728.82042,0.0,0.0,0.0,0.0,0.0,0.0
1788815728.8702457,0.0,0.0,0.0,0.0,0.0,0.0
1788815728.9205625,0.0,0.0,0.0,0.0,0.0,0.0
1788815728.9706972,0.0,0.0,0.0,0.0,0.0,0.0
1788815729.0204906,0.0,0.0,0.0,0.0,0.0,0.0
1788815729.0705607,0.0,0.0,0.0,0.0,0.0,0.0
1788815729.120459,0.0,0.0,0.0,0.0,0.0,0.0
1788815729.1702158,0.0,0.0,0.0,0.0,0.0,0.0
1788815729.220363,0.0,0.0,0.0,0.0,0.0,0.0
1788815729.270268,0.0,0.0,0.0,0.0,0.0,0.0
1788815729.3205702,0.0,0.0,0.0,0.0,0.0,0.0
1788815729.3701978,0.0,0.0,0.0,0.0,0.0,0.0
1788815729.4204223,0.0,0.0,0.0,0.0,0.0,0.0
1788815729.4703052,0.0,0.0,0.0,0.0,0.0,0.0
1788815729.5203981,0.0,0.0,0.0,0.0,0.0,0.0
1788815729.5703745,0.0,0.0,0.0,0.0,0.0,0.0
1788815729.6204543,0.0,0.0,0.0,0.0,0.0,0.0
1788815729.6705928,0.0,0.0,0.0,0.0,0.0,0.0
1788815729.7201836,0.0,0.0,0.0,0.0,0.0,0.0
1788815729.770191,0.0,0.0,0.0,0.0,0.0,0.0
1788815729.8206038,0.0,0.0,0.0,0.0,0.0,0.0
1788815729.8703084,0.0,0.0,0.0,0.0,0.0,0.0
1788815729.9205005,0.0,0.0,0.0,0.0,0.0,0.0
1788815729.9703918,0.0,0.0,0.0,0.0,0.0,0.0
1788815730.0200462,0.0,0.0,0.0,0.0,0.0,0.0
1788815730.0703557,0.0,0.0,0.0,0.0,0.0,0.0
1788815730.1204157,0.0,0.0,0.0,0.0,0.0,0.0
1788815730.1704705,0.0,0.0,0.0,0.0,0.0,0.0
1788815730.2201145,0.0,0.0,0.0,0.0,0.0,0.0
1788815730.2701137,0.0,0.0,0.0,0.0,0.0,0.0
1788815730.320543,0.0,0.0,0.0,0.0,0.0,0.0
1788815730.3703523,0.0,0.0,0.0,0.0,0.0,0.0
1788815730.4202085,0.0,0.0,0.0,0.0,0.0,0.0
1788815730.470446,0.0,0.0,0.0,0.0,0.0,0.0
1788815730.5201995,0.0,0.0,0.0,0.0,0.0,0.0
1788815730.570332,0.0,0.0,0.0,0.0,0.0,0.0
1788815730.6202695,0.0,0.0,0.0,0.0,0.0,0.0
1788815730.6702762,0.0,0.0,0.0,0.0,0.0,0.0
1788815730.7201803,0.0,0.0,0.0,0.0,0.0,0.0
1788815730.7768836,0.0,0.0,0.0,0.0,0.0,0.0
1788815730.820516,0.0,0.0,0.0,0.0,0.0,0.0
1788815730.8772388,0.0,0.0,0.0,0.0,0.0,0.0
1788815730.9202514,0.0,0.0,0.0,0.0,0.0,0.0
1788815730.9746172,0.0,0.0,0.0,0.0,0.0,0.0
1788815731.0201142,0.0,0.0,0.0,0.0,0.0,0.0
1788815731.073902,0.0,0.0,0.0,0.0,0.0,0.0
1788815731.120245,0.0,0.0,0.0,0.0,0.0,0.0
1788815731.1763463,0.0,0.0,0.0,0.0,0.0,0.0
1788815731.2201498,0.0,0.0,0.0,0.0,0.0,0.0
1788815731.2827551,0.0,0.0,0.0,0.0,0.0,0.0
1788815731.3201573,0.0,0.0,0.0,0.0,0.0,0.0
1788815731.3739693,0.0,0.0,0.0,0.0,0.0,0.0
1788815731.7164657,0.0,0.0,0.0,0.0,0.0,0.0
1788815731.7172952,0.0,0.0,0.0,0.0,0.0,0.0
1788815731.7202995,0.0,0.0,0.0,0.0,0.0,0.0
1788815731.775283,0.0,0.0,0.0,0.0,0.0,0.0
1788815731.8199718,0.0,0.0,0.0,0.0,0.0,0.0
1788815731.8721635,0.0,0.0,0.0,0.0,0.0,0.0
1788815731.920148,0.0,0.0,0.0,0.0,0.0,0.0
1788815731.9751236,0.0,0.0,0.0,0.0,0.0,0.0
1788815732.0202332,0.0,0.0,0.0,0.0,0.0,0.0
1788815732.071272,0.0,0.0,0.0,0.0,0.0,0.0
1788815732.1204216,0.0,0.0,0.0,0.0,0.0,0.0
1788815732.176084,0.0,0.0,0.0,0.0,0.0,0.0
1788815732.2204897,0.0,0.0,0.0,0.0,0.0,0.0
1788815732.2767012,0.0,0.0,0.0,0.0,0.0,0.0
1788815732.3203115,0.0,0.0,0.0,0.0,0.0,0.0
1788815732.3720653,0.0,0.0,0.0,0.0,0.0,0.0
1788815732.4205866,0.0,0.0,0.0,0.0,0.0,0.0
1788815732.470823,0.0,0.0,0.0,0.0,0.0,0.0
1788815732.5203986,0.0,0.0,0.0,0.0,0.0,0.0
1788815732.5802858,0.0,0.0,0.0,0.0,0.0,0.0
1788815732.6203344,0.0,0.0,0.0,0.0,0.0,0.0
1788815732.678355,0.0,0.0,0.0,0.0,0.0,0.0
1788815732.7205288,0.0,0.0,0.0,0.0,0.0,0.0
1788815732.7787576,0.0,0.0,0.0,0.0,0.0,0.0
1788815732.8204093,0.0,0.0,0.0,0.0,0.0,0.0
1788815732.8777733,0.0,0.0,0.0,0.0,0.0,0.0
1788815732.9203098,0.0,0.0,0.0,0.0,0.0,0.0
1788815732.9758246,0.0,0.0,0.0,0.0,0.0,0.0
1788815733.0203934,0.0,0.0,0.0,0.0,0.0,0.0
1788815733.0790925,0.0,0.0,0.0,0.0,0.0,0.0
1788815733.1200747,0.0,0.0,0.0,0.0,0.0,0.0
1788815733.1752045,0.0,0.0,0.0,0.0,0.0,0.0
1788815733.220193,0.0,0.0,0.0,0.0,0.0,0.0
1788815733.2740877,0.0,0.0,0.0,0.0,0.0,0.0
1788815733.3202422,0.0,0.0,0.0,0.0,0.0,0.0
1788815733.3699136,0.0,0.0,0.0,0.0,0.0,0.0
1788815733.4204874,0.0,0.0,0.0,0.0,0.0,0.0
1788815733.4703932,0.0,0.0,0.0,0.0,0.0,0.0
1788815733.5201719,0.0,0.0,0.0,0.0,0.0,0.0
1788815733.5705633,0.0,0.0,0.0,0.0,0.0,0.0
1788815733.6204927,0.0,0.0,0.0,0.0,0.0,0.0
1788815733.6704843,0.0,0.0,0.0,0.0,0.0,0.0
1788815733.720272,0.0,0.0,0.0,0.0,0.0,0.0
1788815733.7703693,0.0,0.0,0.0,0.0,0.0,0.0
1788815733.8203464,0.0,0.0,0.0,0.0,0.0,0.0
1788815733.870493,0.0,0.0,0.0,0.0,0.0,0.0
1788815733.9202065,0.0,0.0,0.0,0.0,0.0,0.0
1788815733.9706085,0.0,0.0,0.0,0.0,0.0,0.0
1788815734.0205762,0.0,0.0,0.0,0.0,0.0,0.0
1788815734.0704687,0.0,0.0,0.0,0.0,0.0,0.0
1788815734.1203806,0.0,0.0,0.0,0.0,0.0,0.0
1788815734.1705241,0.0,0.0,0.0,0.0,0.0,0.0
1788815734.220283,0.0,0.0,0.0,0.0,0.0,0.0
1788815734.2706597,0.0,0.0,0.0,0.0,0.0,0.0
1788815734.3202178,0.0,0.0,0.0,0.0,0.0,0.0
1788815734.370536,0.0,0.0,0.0,0.0,0.0,0.0
1788815734.4202588,0.0,0.0,0.0,0.0,0.0,0.0
1788815734.4706411,0.0,0.0,0.0,0.0,0.0,0.0
1788815734.520302,0.0,0.0,0.0,0.0,0.0,0.0
1788815734.5704317,0.0,0.0,0.0,0.0,0.0,0.0
1788815734.6202707,0.0,0.0,0.0,0.0,0.0,0.0
1788815734.6703947,0.0,0.0,0.0,0.0,0.0,0.0
1788815734.7200613,0.0,0.0,0.0,0.0,0.0,0.0
1788815734.770567,0.0,0.0,0.0,0.0,0.0,0.0
1788815734.82036,0.0,0.0,0.0,0.0,0.0,0.0
1788815734.8702302,0.0,0.0,0.0,0.0,0.0,0.0
1788815734.9202332,0.0,0.0,0.0,0.0,0.0,0.0
1788815734.970405,0.0,0.0,0.0,0.0,0.0,0.0
1788815735.020456,0.0,0.0,0.0,0.0,0.0,0.0
1788815735.07068,0.0,0.0,0.0,0.0,0.0,0.0
1788815735.1201367,0.0,0.0,0.0,0.0,0.0,0.0
1788815735.170554,0.0,0.0,0.0,0.0,0.0,0.0
1788815735.220272,0.0,0.0,0.0,0.0,0.0,0.0
1788815735.2704284,0.0,0.0,0.0,0.0,0.0,0.0
1788815735.320321,0.0,0.0,0.0,0.0,0.0,0.0
1788815735.3828058,0.0,0.0,0.0,0.0,0.0,0.0
1788815735.420352,0.0,0.0,0.0,0.0,0.0,0.0
1788815735.4762342,0.0,0.0,0.0,0.0,0.0,0.0
1788815735.5203884,0.0,0.0,0.0,0.0,0.0,0.0
1788815735.5701957,0.0,0.0,0.0,0.0,0.0,0.0
1788815735.6203024,0.0,0.0,0.0,0.0,0.0,0.0
1788815735.6702735,0.0,0.0,0.0,0.0,0.0,0.0
1788815735.7202406,0.0,0.0,0.0,0.0,0.0,0.0
1788815735.7797008,0.0,0.0,0.0,0.0,0.0,0.0
1788815735.8204627,0.0,0.0,0.0,0.0,0.0,0.0
1788815735.8793602,0.0,0.0,0.0,0.0,0.0,0.0
1788815735.9199166,0.0,0.0,0.0,0.0,0.0,0.0
1788815735.9785676,0.0,0.0,0.0,0.0,0.0,0.0
1788815736.020134,0.0,0.0,0.0,0.0,0.0,0.0
1788815736.0702746,0.0,0.0,0.0,0.0,0.0,0.0
1788815736.12027,0.0,0.0,0.0,0.0,0.0,0.0
1788815736.1776128,0.0,0.0,0.0,0.0,0.0,0.0
1788815736.2203624,0.0,0.0,0.0,0.0,0.0,0.0
1788815736.2705636,0.0,0.0,0.0,0.0,0.0,0.0
1788815736.3202014,0.0,0.0,0.0,0.0,0.0,0.0
1788815736.379241,0.0,0.0,0.0,0.0,0.0,0.0
1788815736.4202082,0.0,0.0,0.0,0.0,0.0,0.0
1788815736.4792016,0.0,0.0,0.0,0.0,0.0,0.0
1788815736.5199747,0.0,0.0,0.0,0.0,0.0,0.0
1788815736.5775075,0.0,0.0,0.0,0.0,0.0,0.0
1788815736.6202786,0.0,0.0,0.0,0.0,0.0,0.0
1788815736.6784027,0.0,0.0,0.0,0.0,0.0,0.0
1788815736.7203743,0.0,0.0,0.0,0.0,0.0,0.0
1788815736.7704942,0.0,0.0,0.0,0.0,0.0,0.0
1788815736.8203812,0.0,0.0,0.0,0.0,0.0,0.0
1788815736.8788102,0.0,0.0,0.0,0.0,0.0,0.0
1788815736.920347,0.0,0.0,0.0,0.0,0.0,0.0
1788815736.970374,0.0,0.0,0.0,0.0,0.0,0.0
1788815737.0201237,0.0,0.0,0.0,0.0,0.0,0.0
1788815737.0702457,0.0,0.0,0.0,0.0,0.0,0.0
1788815737.1201246,0.0,0.0,0.0,0.0,0.0,0.0
1788815737.1703804,0.0,0.0,0.0,0.0,0.0,0.0
1788815737.220079,0.0,0.0,0.0,0.0,0.0,0.0
1788815737.2702339,0.0,0.0,0.0,0.0,0.0,0.0
1788815737.3201475,0.0,0.0,0.0,0.0,0.0,0.0
1788815737.3790884,0.0,0.0,0.0,0.0,0.0,0.0
1788815737.4203842,0.0,0.0,0.0,0.0,0.0,0.0
1788815737.4703815,0.0,0.0,0.0,0.0,0.0,0.0
1788815737.5202627,0.0,0.0,0.0,0.0,0.0,0.0
1788815737.570356,0.0,0.0,0.0,0.0,0.0,0.0
1788815737.6202972,0.0,0.0,0.0,0.0,0.0,0.0
1788815737.6703336,0.0,0.0,0.0,0.0,0.0,0.0
1788815737.7199895,0.0,0.0,0.0,0.0,0.0,0.0
1788815737.770489,0.0,0.0,0.0,0.0,0.0,0.0
1788815737.8201158,0.0,0.0,0.0,0.0,0.0,0.0
1788815737.8705149,0.0,0.0,0.0,0.0,0.0,0.0
1788815737.9203641,0.0,0.0,0.0,0.0,0.0,0.0
1788815737.9704604,0.0,0.0,0.0,0.0,0.0,0.0
1788815738.0202525,0.0,0.0,0.0,0.0,0.0,0.0
1788815738.0704858,0.0,0.0,0.0,0.0,0.0,0.0
1788815738.1202211,0.0,0.0,0.0,0.0,0.0,0.0
1788815738.170396,0.0,0.0,0.0,0.0,0.0,0.0
1788815738.220143,0.0,0.0,0.0,0.0,0.0,0.0
1788815738.27061,0.0,0.0,0.0,0.0,0.0,0.0
1788815738.3202758,0.0,0.0,0.0,0.0,0.0,0.0
1788815738.370496,0.0,0.0,0.0,0.0,0.0,0.0
1788815738.42028,0.0,0.0,0.0,0.0,0.0,0.0
1788815738.470362,0.0,0.0,0.0,0.0,0.0,0.0
1788815738.520129,0.0,0.0,0.0,0.0,0.0,0.0
1788815738.5702388,0.0,0.0,0.0,0.0,0.0,0.0
1788815738.620146,0.0,0.0,0.0,0.0,0.0,0.0
1788815738.6703753,0.0,0.0,0.0,0.0,0.0,0.0
1788815738.7201324,0.0,0.0,0.0,0.0,0.0,0.0
1788815738.7703373,0.0,0.0,0.0,0.0,0.0,0.0
1788815738.8201737,0.0,0.0,0.0,0.0,0.0,0.0
1788815738.8705761,0.0,0.0,0.0,0.0,0.0,0.0
1788815738.920372,0.0,0.0,0.0,0.0,0.0,0.0
1788815738.9706626,0.0,0.0,0.0,0.0,0.0,0.0
1788815739.0204813,0.0,0.0,0.0,0.0,0.0,0.0
1788815739.0705523,0.0,0.0,0.0,0.0,0.0,0.0
1788815739.1202104,0.0,0.0,0.0,0.0,0.0,0.0
1788815739.1702425,0.0,0.0,0.0,0.0,0.0,0.0
1788815739.2204342,0.0,0.0,0.0,0.0,0.0,0.0
1788815739.2703443,0.0,0.0,0.0,0.0,0.0,0.0
1788815739.3201666,0.0,0.0,0.0,0.0,0.0,0.0
1788815739.37041,0.0,0.0,0.0,0.0,0.0,0.0
1788815739.4203937,0.0,0.0,0.0,0.0,0.0,0.0
1788815739.4703758,0.0,0.0,0.0,0.0,0.0,0.0
1788815739.5205138,0.0,0.0,0.0,0.0,0.0,0.0
1788815739.5701933,0.0,0.0,0.0,0.0,0.0,0.0
1788815739.6201918,0.0,0.0,0.0,0.0,0.0,0.0
1788815739.670463,0.0,0.0,0.0,0.0,0.0,0.0
1788815739.7203963,0.0,0.0,0.0,0.0,0.0,0.0
1788815739.7702384,0.0,0.0,0.0,0.0,0.0,0.0
1788815739.8202968,0.0,0.0,0.0,0.0,0.0,0.0
1788815739.8702965,0.0,0.0,0.0,0.0,0.0,0.0
1788815739.9200463,0.0,0.0,0.0,0.0,0.0,0.0
1788815739.970398,0.0,0.0,0.0,0.0,0.0,0.0
1788815740.0202322,0.0,0.0,0.0,0.0,0.0,0.0
1788815740.0703418,0.0,0.0,0.0,0.0,0.0,0.0
1788815740.1202486,0.0,0.0,0.0,0.0,0.0,0.0
1788815740.1704147,0.0,0.0,0.0,0.0,0.0,0.0
1788815740.2203987,0.0,0.0,0.0,0.0,0.0,0.0
1788815740.2705321,0.0,0.0,0.0,0.0,0.0,0.0
1788815740.32023,0.0,0.0,0.0,0.0,0.0,0.0
1788815740.3705108,0.0,0.0,0.0,0.0,0.0,0.0
1788815740.420217,0.0,0.0,0.0,0.0,0.0,0.0
1788815740.4703722,0.0,0.0,0.0,0.0,0.0,0.0
1788815740.5203445,0.0,0.0,0.0,0.0,0.0,0.0
1788815740.5702424,0.0,0.0,0.0,0.0,0.0,0.0
1788815740.6203063,0.0,0.0,0.0,0.0,0.0,0.0
1788815740.6705909,0.0,0.0,0.0,0.0,0.0,0.0
1788815740.7203481,0.0,0.0,0.0,0.0,0.0,0.0
1788815740.7704391,0.0,0.0,0.0,0.0,0.0,0.0
1788815740.8201544,0.0,0.0,0.0,0.0,0.0,0.0
1788815740.8702178,0.0,0.0,0.0,0.0,0.0,0.0
1788815740.9201665,0.0,0.0,0.0,0.0,0.0,0.0
1788815740.970326,0.0,0.0,0.0,0.0,0.0,0.0
1788815741.020265,0.0,0.0,0.0,0.0,0.0,0.0
1788815741.0703673,0.0,0.0,0.0,0.0,0.0,0.0
1788815741.1201026,0.0,0.0,0.0,0.0,0.0,0.0
1788815741.1701982,0.0,0.0,0.0,0.0,0.0,0.0
1788815741.2199728,0.0,0.0,0.0,0.0,0.0,0.0
1788815741.2702336,0.0,0.0,0.0,0.0,0.0,0.0
1788815741.320174,0.0,0.0,0.0,0.0,0.0,0.0
1788815741.3703103,0.0,0.0,0.0,0.0,0.0,0.0
1788815741.4199157,0.0,0.0,0.0,0.0,0.0,0.0
1788815741.470293,0.0,0.0,0.0,0.0,0.0,0.0
1788815741.520391,0.0,0.0,0.0,0.0,0.0,0.0
1788815741.5704408,0.0,0.0,0.0,0.0,0.0,0.0
1788815741.620188,0.0,0.0,0.0,0.0,0.0,0.0
1788815741.670178,0.0,0.0,0.0,0.0,0.0,0.0
1788815741.7200818,0.0,0.0,0.0,0.0,0.0,0.0
1788815741.770248,0.0,0.0,0.0,0.0,0.0,0.0
1788815741.8202827,0.0,0.0,0.0,0.0,0.0,0.0
1788815741.8703294,0.0,0.0,0.0,0.0,0.0,0.0
1788815741.9202352,0.0,0.0,0.0,0.0,0.0,0.0
1788815741.9703286,0.0,0.0,0.0,0.0,0.0,0.0
1788815742.0201945,0.0,0.0,0.0,0.0,0.0,0.0
1788815742.0702488,0.0,0.0,0.0,0.0,0.0,0.0
1788815742.120223,0.0,0.0,0.0,0.0,0.0,0.0
1788815742.1700952,0.0,0.0,0.0,0.0,0.0,0.0
1788815742.2244394,0.0,0.0,0.0,0.0,0.0,0.0
1788815742.2703347,0.0,0.0,0.0,0.0,0.0,0.0
1788815742.3201404,0.0,0.0,0.0,0.0,0.0,0.0
1788815742.3704526,0.0,0.0,0.0,0.0,0.0,0.0
1788815742.42017,0.0,0.0,0.0,0.0,0.0,0.0
1788815742.470387,0.0,0.0,0.0,0.0,0.0,0.0
1788815742.5201762,0.0,0.0,0.0,0.0,0.0,0.0
1788815742.570061,0.0,0.0,0.0,0.0,0.0,0.0
1788815742.6202416,0.0,0.0,0.0,0.0,0.0,0.0
1788815742.6708472,0.0,0.0,0.0,0.0,0.0,0.0
1788815742.719941,0.0,0.0,0.0,0.0,0.0,0.0
1788815742.7703025,0.0,0.0,0.0,0.0,0.0,0.0
1788815742.8200645,0.0,0.0,0.0,0.0,0.0,0.0
1788815742.8703973,0.0,0.0,0.0,0.0,0.0,0.0
1788815742.920198,0.0,0.0,0.0,0.0,0.0,0.0
1788815742.9702413,0.0,0.0,0.0,0.0,0.0,0.0
1788815743.020754,0.0,0.0,0.0,0.0,0.0,0.0
1788815743.0703182,0.0,0.0,0.0,0.0,0.0,0.0
1788815743.120069,0.0,0.0,0.0,0.0,0.0,0.0
1788815743.1704068,0.0,0.0,0.0,0.0,0.0,0.0
1788815743.2217052,0.0,0.0,0.0,0.0,0.0,0.0
1788815743.2698736,0.0,0.0,0.0,0.0,0.0,0.0
1788815743.3202143,0.0,0.0,0.0,0.0,0.0,0.0
1788815743.370306,0.0,0.0,0.0,0.0,0.0,0.0
1788815743.4201095,0.0,0.0,0.0,0.0,0.0,0.0
1788815743.470098,0.0,0.0,0.0,0.0,0.0,0.0
1788815743.5198495,0.0,0.0,0.0,0.0,0.0,0.0
1788815743.5703802,0.0,0.0,0.0,0.0,0.0,0.0
1788815743.6212711,0.0,0.0,0.0,0.0,0.0,0.0
1788815743.6701825,0.0,0.0,0.0,0.0,0.0,0.0
1788815743.7200704,0.0,0.0,0.0,0.0,0.0,0.0
1788815743.7702975,0.0,0.0,0.0,0.0,0.0,0.0
1788815743.8200636,0.0,0.0,0.0,0.0,0.0,0.0
1788815743.8701992,0.0,0.0,0.0,0.0,0.0,0.0
1788815743.9201405,0.0,0.0,0.0,0.0,0.0,0.0
1788815743.9704328,0.0,0.0,0.0,0.0,0.0,0.0
1788815744.0204232,0.0,0.0,0.0,0.0,0.0,0.0
1788815744.070593,0.0,0.0,0.0,0.0,0.0,0.0
1788815744.1202056,0.0,0.0,0.0,0.0,0.0,0.0
1788815744.1706,0.0,0.0,0.0,0.0,0.0,0.0
1788815744.2201777,0.0,0.0,0.0,0.0,0.0,0.0
1788815744.2704396,0.0,0.0,0.0,0.0,0.0,0.0
1788815744.3201802,0.0,0.0,0.0,0.0,0.0,0.0
1788815744.370544,0.0,0.0,0.0,0.0,0.0,0.0
1788815744.4204948,0.0,0.0,0.0,0.0,0.0,0.0
1788815744.4705331,0.0,0.0,0.0,0.0,0.0,0.0
1788815744.520154,0.0,0.0,0.0,0.0,0.0,0.0
1788815744.570552,0.0,0.0,0.0,0.0,0.0,0.0
1788815744.6202703,0.0,0.0,0.0,0.0,0.0,0.0
1788815744.6702874,0.0,0.0,0.0,0.0,0.0,0.0
1788815744.7201815,0.0,0.0,0.0,0.0,0.0,0.0
1788815744.7702441,0.0,0.0,0.0,0.0,0.0,0.0
1788815744.8204346,0.0,0.0,0.0,0.0,0.0,0.0
1788815744.8706439,0.0,0.0,0.0,0.0,0.0,0.0
1788815744.9203973,0.0,0.0,0.0,0.0,0.0,0.0
1788815744.9704173,0.0,0.0,0.0,0.0,0.0,0.0
1788815745.0203526,0.0,0.0,0.0,0.0,0.0,0.0
1788815745.0706367,0.0,0.0,0.0,0.0,0.0,0.0
1788815745.1203759,0.0,0.0,0.0,0.0,0.0,0.0
1788815745.1707587,0.0,0.0,0.0,0.0,0.0,0.0
1788815745.2204072,0.0,0.0,0.0,0.0,0.0,0.0
1788815745.2704356,0.0,0.0,0.0,0.0,0.0,0.0
1788815745.3202724,0.0,0.0,0.0,0.0,0.0,0.0
1788815745.37039,0.0,0.0,0.0,0.0,0.0,0.0
1788815745.4203718,0.0,0.0,0.0,0.0,0.0,0.0
1788815745.470386,0.0,0.0,0.0,0.0,0.0,0.0
1788815745.5203664,0.0,0.0,0.0,0.0,0.0,0.0
1788815745.5704029,0.0,0.0,0.0,0.0,0.0,0.0
1788815745.6202896,0.0,0.0,0.0,0.0,0.0,0.0
1788815745.6704998,0.0,0.0,0.0,0.0,0.0,0.0
1788815745.7204401,0.0,0.0,0.0,0.0,0.0,0.0
1788815745.770565,0.0,0.0,0.0,0.0,0.0,0.0
1788815745.8202937,0.0,0.0,0.0,0.0,0.0,0.0
1788815745.8706138,0.0,0.0,0.0,0.0,0.0,0.0
1788815745.920417,0.0,0.0,0.0,0.0,0.0,0.0
1788815745.9705539,0.0,0.0,0.0,0.0,0.0,0.0
1788815746.0202591,0.0,0.0,0.0,0.0,0.0,0.0
1788815746.0704937,0.0,0.0,0.0,0.0,0.0,0.0
1788815746.1200106,0.0,0.0,0.0,0.0,0.0,0.0
1788815746.1705089,0.0,0.0,0.0,0.0,0.0,0.0
1788815746.2202652,0.0,0.0,0.0,0.0,0.0,0.0
1788815746.2704098,0.0,0.0,0.0,0.0,0.0,0.0
1788815746.3203704,0.0,0.0,0.0,0.0,0.0,0.0
1788815746.370639,0.0,0.0,0.0,0.0,0.0,0.0
1788815746.420155,0.0,0.0,0.0,0.0,0.0,0.0
1788815746.4707093,0.0,0.0,0.0,0.0,0.0,0.0
1788815746.5201766,0.0,0.0,0.0,0.0,0.0,0.0
1788815746.5703723,0.0,0.0,0.0,0.0,0.0,0.0
1788815746.6202526,0.0,0.0,0.0,0.0,0.0,0.0
1788815746.6705348,0.0,0.0,0.0,0.0,0.0,0.0
1788815746.7202647,0.0,0.0,0.0,0.0,0.0,0.0
1788815746.7708826,0.0,0.0,0.0,0.0,0.0,0.0
1788815746.8202097,0.0,0.0,0.0,0.0,0.0,0.0
1788815746.87034,0.0,0.0,0.0,0.0,0.0,0.0
1788815746.9201975,0.0,0.0,0.0,0.0,0.0,0.0
1788815746.9702911,0.0,0.0,0.0,0.0,0.0,0.0
1788815747.0202346,0.0,0.0,0.0,0.0,0.0,0.0
1788815747.070258,0.0,0.0,0.0,0.0,0.0,0.0
1788815747.1201518,0.0,0.0,0.0,0.0,0.0,0.0
1788815747.1703095,0.0,0.0,0.0,0.0,0.0,0.0
1788815747.2236898,0.0,0.0,0.0,0.0,0.0,0.0
1788815747.2703202,0.0,0.0,0.0,0.0,0.0,0.0
1788815747.3201265,0.0,0.0,0.0,0.0,0.0,0.0
1788815747.3702571,0.0,0.0,0.0,0.0,0.0,0.0
1788815747.420525,0.0,0.0,0.0,0.0,0.0,0.0
1788815747.470162,0.0,0.0,0.0,0.0,0.0,0.0
1788815747.5201845,0.0,0.0,0.0,0.0,0.0,0.0
1788815747.570423,0.0,0.0,0.0,0.0,0.0,0.0
1788815747.9438465,0.0,0.0,0.0,0.0,0.0,0.0
1788815747.944639,0.0,0.0,0.0,0.0,0.0,0.0
1788815747.9704432,0.0,0.0,0.0,0.0,0.0,0.0
1788815748.0256085,0.0,0.0,0.0,0.0,0.0,0.0
1788815748.0704384,0.0,0.0,0.0,0.0,0.0,0.0
1788815748.1204262,0.0,0.0,0.0,0.0,0.0,0.0
1788815748.1705499,0.0,0.0,0.0,0.0,0.0,0.0
1788815748.2239954,0.0,0.0,0.0,0.0,0.0,0.0
1788815748.270303,0.0,0.0,0.0,0.0,0.0,0.0
1788815748.3204508,0.0,0.0,0.0,0.0,0.0,0.0
1788815748.3705251,0.0,0.0,0.0,0.0,0.0,0.0
1788815748.4218688,0.0,0.0,0.0,0.0,0.0,0.0
1788815748.4704063,0.0,0.0,0.0,0.0,0.0,0.0
1788815748.5256686,0.0,0.0,0.0,0.0,0.0,0.0
1788815748.5703735,0.0,0.0,0.0,0.0,0.0,0.0
1788815748.622756,0.0,0.0,0.0,0.0,0.0,0.0
1788815748.6704228,0.0,0.0,0.0,0.0,0.0,0.0
1788815748.7226245,0.0,0.0,0.0,0.0,0.0,0.0
1788815748.7703435,0.0,0.0,0.0,0.0,0.0,0.0
1788815748.8203568,0.0,0.0,0.0,0.0,0.0,0.0
1788815748.870669,0.0,0.0,0.0,0.0,0.0,0.0
1788815748.9230027,0.0,0.0,0.0,0.0,0.0,0.0
1788815748.97046,0.0,0.0,0.0,0.0,0.0,0.0
1788815749.0275745,0.0,0.0,0.0,0.0,0.0,0.0
1788815749.0705268,0.0,0.0,0.0,0.0,0.0,0.0
1788815749.123481,0.0,0.0,0.0,0.0,0.0,0.0
1788815749.1704996,0.0,0.0,0.0,0.0,0.0,0.0
1788815749.2252247,0.0,0.0,0.0,0.0,0.0,0.0
1788815749.2704208,0.0,0.0,0.0,0.0,0.0,0.0
1788815749.322702,0.0,0.0,0.0,0.0,0.0,0.0
1788815749.370254,0.0,0.0,0.0,0.0,0.0,0.0
1788815749.42377,0.0,0.0,0.0,0.0,0.0,0.0
1788815749.4703896,0.0,0.0,0.0,0.0,0.0,0.0
1788815749.5217083,0.0,0.0,0.0,0.0,0.0,0.0
1788815749.570468,0.0,0.0,0.0,0.0,0.0,0.0
1788815749.6199644,0.0,0.0,0.0,0.0,0.0,0.0
1788815749.6704361,0.0,0.0,0.0,0.0,0.0,0.0
1788815749.7201824,0.0,0.0,0.0,0.0,0.0,0.0
1788815749.770407,0.0,0.0,0.0,0.0,0.0,0.0
1788815749.8202398,0.0,0.0,0.0,0.0,0.0,0.0
1788815749.8704255,0.0,0.0,0.0,0.0,0.0,0.0
1788815749.9203885,0.0,0.0,0.0,0.0,0.0,0.0
1788815749.970517,0.0,0.0,0.0,0.0,0.0,0.0
1788815750.0201852,0.0,0.0,0.0,0.0,0.0,0.0
1788815750.0704193,0.0,0.0,0.0,0.0,0.0,0.0
1788815750.120329,0.0,0.0,0.0,0.0,0.0,0.0
1788815750.1702306,0.0,0.0,0.0,0.0,0.0,0.0
1788815750.2201977,0.0,0.0,0.0,0.0,0.0,0.0
1788815750.2703896,0.0,0.0,0.0,0.0,0.0,0.0
1788815750.3203363,0.0,0.0,0.0,0.0,0.0,0.0
1788815750.3705187,0.0,0.0,0.0,0.0,0.0,0.0
1788815750.4203928,0.0,0.0,0.0,0.0,0.0,0.0
1788815750.4703746,0.0,0.0,0.0,0.0,0.0,0.0
1788815750.5202134,0.0,0.0,0.0,0.0,0.0,0.0
1788815750.5703015,0.0,0.0,0.0,0.0,0.0,0.0
1788815750.6203775,0.0,0.0,0.0,0.0,0.0,0.0
1788815750.6703403,0.0,0.0,0.0,0.0,0.0,0.0
1788815750.7203915,0.0,0.0,0.0,0.0,0.0,0.0
1788815750.770367,0.0,0.0,0.0,0.0,0.0,0.0
1788815750.820265,0.0,0.0,0.0,0.0,0.0,0.0
1788815750.8705308,0.0,0.0,0.0,0.0,0.0,0.0
1788815750.9203095,0.0,0.0,0.0,0.0,0.0,0.0
1788815750.9703286,0.0,0.0,0.0,0.0,0.0,0.0
1788815751.0202892,0.0,0.0,0.0,0.0,0.0,0.0
1788815751.0703351,0.0,0.0,0.0,0.0,0.0,0.0
1788815751.1202705,0.0,0.0,0.0,0.0,0.0,0.0
1788815751.170194,0.0,0.0,0.0,0.0,0.0,0.0
1788815751.2218761,0.0,0.0,0.0,0.0,0.0,0.0
1788815751.270297,0.0,0.0,0.0,0.0,0.0,0.0
1788815751.3219397,0.0,0.0,0.0,0.0,0.0,0.0
1788815751.3703759,0.0,0.0,0.0,0.0,0.0,0.0
1788815751.424248,0.0,0.0,0.0,0.0,0.0,0.0
1788815751.470232,0.0,0.0,0.0,0.0,0.0,0.0
1788815751.5231314,0.0,0.0,0.0,0.0,0.0,0.0
1788815751.5702596,0.0,0.0,0.0,0.0,0.0,0.0
1788815751.6231215,0.0,0.0,0.0,0.0,0.0,0.0
1788815751.6703608,0.0,0.0,0.0,0.0,0.0,0.0
1788815751.726439,0.0,0.0,0.0,0.0,0.0,0.0
1788815751.770265,0.0,0.0,0.0,0.0,0.0,0.0
1788815751.8227031,0.0,0.0,0.0,0.0,0.0,0.0
1788815751.8702793,0.0,0.0,0.0,0.0,0.0,0.0
1788815751.9224966,0.0,0.0,0.0,0.0,0.0,0.0
1788815751.970381,0.0,0.0,0.0,0.0,0.0,0.0
1788815752.0268977,0.0,0.0,0.0,0.0,0.0,0.0
1788815752.0704825,0.0,0.0,0.0,0.0,0.0,0.0
1788815752.1229756,0.0,0.0,0.0,0.0,0.0,0.0
1788815752.1704023,0.0,0.0,0.0,0.0,0.0,0.0
1788815752.2268684,0.0,0.0,0.0,0.0,0.0,0.0
1788815752.2704713,0.0,0.0,0.0,0.0,0.0,0.0
1788815752.3212469,0.0,0.0,0.0,0.0,0.0,0.0
1788815752.3702798,0.0,0.0,0.0,0.0,0.0,0.0
1788815752.4245567,0.0,0.0,0.0,0.0,0.0,0.0
1788815752.470611,0.0,0.0,0.0,0.0,0.0,0.0
1788815752.5231516,0.0,0.0,0.0,0.0,0.0,0.0
1788815752.570285,0.0,0.0,0.0,0.0,0.0,0.0
1788815752.625023,0.0,0.0,0.0,0.0,0.0,0.0
1788815752.6704378,0.0,0.0,0.0,0.0,0.0,0.0
1788815752.7294886,0.0,0.0,0.0,0.0,0.0,0.0
1788815752.7703075,0.0,0.0,0.0,0.0,0.0,0.0
1788815752.82579,0.0,0.0,0.0,0.0,0.0,0.0
1788815752.8704972,0.0,0.0,0.0,0.0,0.0,0.0
1788815752.9226022,0.0,0.0,0.0,0.0,0.0,0.0
1788815752.9703496,0.0,0.0,0.0,0.0,0.0,0.0
1788815753.0228329,0.0,0.0,0.0,0.0,0.0,0.0
1788815753.070325,0.0,0.0,0.0,0.0,0.0,0.0
1788815753.1246238,0.0,0.0,0.0,0.0,0.0,0.0
1788815753.1703541,0.0,0.0,0.0,0.0,0.0,0.0
1788815753.2212503,0.0,0.0,0.0,0.0,0.0,0.0
1788815753.2702832,0.0,0.0,0.0,0.0,0.0,0.0
1788815753.3234866,0.0,0.0,0.0,0.0,0.0,0.0
1788815753.3704052,0.0,0.0,0.0,0.0,0.0,0.0
1788815753.4284575,0.0,0.0,0.0,0.0,0.0,0.0
1788815753.4702597,0.0,0.0,0.0,0.0,0.0,0.0
1788815753.5238268,0.0,0.0,0.0,0.0,0.0,0.0
1788815753.5705516,0.0,0.0,0.0,0.0,0.0,0.0
1788815753.6233058,0.0,0.0,0.0,0.0,0.0,0.0
1788815753.6703806,0.0,0.0,0.0,0.0,0.0,0.0
1788815753.7230628,0.0,0.0,0.0,0.0,0.0,0.0
1788815753.7702157,0.0,0.0,0.0,0.0,0.0,0.0
1788815753.8202846,0.0,0.0,0.0,0.0,0.0,0.0
1788815753.870234,0.0,0.0,0.0,0.0,0.0,0.0
1788815753.9203773,0.0,0.0,0.0,0.0,0.0,0.0
1788815753.97037,0.0,0.0,0.0,0.0,0.0,0.0
1788815754.0202732,0.0,0.0,0.0,0.0,0.0,0.0
1788815754.0701919,0.0,0.0,0.0,0.0,0.0,0.0
1788815754.1202128,0.0,0.0,0.0,0.0,0.0,0.0
1788815754.170458,0.0,0.0,0.0,0.0,0.0,0.0
1788815754.220303,0.0,0.0,0.0,0.0,0.0,0.0
1788815754.2705038,0.0,0.0,0.0,0.0,0.0,0.0
1788815754.320319,0.0,0.0,0.0,0.0,0.0,0.0
1788815754.3706088,0.0,0.0,0.0,0.0,0.0,0.0
1788815754.4202096,0.0,0.0,0.0,0.0,0.0,0.0
1788815754.4704144,0.0,0.0,0.0,0.0,0.0,0.0
1788815754.5206163,0.0,0.0,0.0,0.0,0.0,0.0
1788815754.5702147,0.0,0.0,0.0,0.0,0.0,0.0
1788815754.620203,0.0,0.0,0.0,0.0,0.0,0.0
1788815754.6702938,0.0,0.0,0.0,0.0,0.0,0.0
1788815754.7204971,0.0,0.0,0.0,0.0,0.0,0.0
1788815754.7706306,0.0,0.0,0.0,0.0,0.0,0.0
1788815754.820326,0.0,0.0,0.0,0.0,0.0,0.0
1788815754.8703966,0.0,0.0,0.0,0.0,0.0,0.0
1788815754.920449,0.0,0.0,0.0,0.0,0.0,0.0
1788815754.970305,0.0,0.0,0.0,0.0,0.0,0.0
1788815755.020112,0.0,0.0,0.0,0.0,0.0,0.0
1788815755.0703778,0.0,0.0,0.0,0.0,0.0,0.0
1788815755.1203935,0.0,0.0,0.0,0.0,0.0,0.0
1788815755.1703362,0.0,0.0,0.0,0.0,0.0,0.0
1788815755.2203665,0.0,0.0,0.0,0.0,0.0,0.0
1788815755.2702422,0.0,0.0,0.0,0.0,0.0,0.0
1788815755.3202848,0.0,0.0,0.0,0.0,0.0,0.0
1788815755.3703446,0.0,0.0,0.0,0.0,0.0,0.0
1788815755.4202943,0.0,0.0,0.0,0.0,0.0,0.0
1788815755.470217,0.0,0.0,0.0,0.0,0.0,0.0
1788815755.5202842,0.0,0.0,0.0,0.0,0.0,0.0
1788815755.570234,0.0,0.0,0.0,0.0,0.0,0.0
1788815755.6199472,0.0,0.0,0.0,0.0,0.0,0.0
1788815755.6698816,0.0,0.0,0.0,0.0,0.0,0.0
1788815755.7204714,0.0,0.0,0.0,0.0,0.0,0.0
1788815755.7703063,0.0,0.0,0.0,0.0,0.0,0.0
1788815755.8200629,0.0,0.0,0.0,0.0,0.0,0.0
