frame,plan_index,point_index,stamp,x,y,yaw
map,0,0,1788733332.4033105,6.045256472221736,2.510210148758981,0.0
map,0,1,1788733332.4033105,5.995256471476678,2.510210148758981,0.0
map,0,2,1788733332.4033105,5.970256471104149,2.510210148758981,0.0
map,0,3,1788733332.4033105,5.94525647073162,2.510210148758981,0.0
map,0,4,1788733332.4033105,5.9075,2.537,0.9668000000000001
map,1,0,1788733335.4164412,6.045256472221736,2.510210148758981,0.0
map,1,1,1788733335.4164412,6.089506961162369,2.474930302041864,0.0
map,1,2,1788733335.4164412,6.108592654806143,2.4587819253363907,0.0
map,1,3,1788733335.4164412,6.127405216121629,2.442317691692617,0.0
map,1,4,1788733335.4164412,6.146526004980769,2.4262120395971554,0.0
map,1,5,1788733335.4164412,6.165303471080888,2.409708133101228,0.0
map,1,6,1788733335.4164412,6.1839466598352555,2.393050112833473,0.0
map,1,7,1788733335.4164412,6.2027943163661075,2.376627077920782,0.0
map,1,8,1788733335.4164412,6.221461919183339,2.3599980493526775,0.0
map,1,9,1788733335.4164412,6.240048650417334,2.343278993927763,0.0
map,1,10,1788733335.4164412,6.258775762512796,2.326717104032534,0.0
map,1,11,1788733335.4164412,6.277393011325371,2.310031617944057,0.0
map,1,12,1788733335.4164412,6.296150640999413,2.293503297385266,0.0
map,1,13,1788733335.4164412,6.314822821453431,2.2768803723328777,0.0
map,1,14,1788733335.4164412,6.333424811476716,2.260176575697253,0.0
map,1,15,1788733335.4164412,6.352127509509314,2.2435887458602313,0.0
map,1,16,1788733335.4164412,6.370770698263682,2.226932251471405,0.0
map,1,17,1788733335.4164412,6.389365058892322,2.2102223513200645,0.0
map,1,18,1788733335.4164412,6.408035713467411,2.193596374509818,0.0
map,1,19,1788733335.4164412,6.42666211755356,2.176921569573844,0.0
map,1,20,1788733335.4164412,6.4452564781822,2.1602101435435745,0.0
map,1,21,1788733335.4164412,6.4994,2.1194,0.8483
map,2,0,1788733336.447296,5.995256471476678,2.510210148758981,0.0
map,2,1,1788733336.447296,6.034383058973772,2.4864506879557187,0.0
map,2,2,1788733336.447296,6.056177187716498,2.474202457792737,0.0
map,2,3,1788733336.447296,6.075812197774708,2.458728519573876,0.0
map,2,4,1788733336.447296,6.095781375318365,2.4436879309708477,0.0
map,2,5,1788733336.447296,6.115477420533734,2.428290286698436,0.0
map,2,6,1788733336.447296,6.1349094886943885,2.4125630525773634,0.0
map,2,7,1788733336.447296,6.154520084689734,2.3970555450220647,0.0
map,2,8,1788733336.447296,6.1739948774604,2.3813801907845775,0.0
map,2,9,1788733336.447296,6.193349125795676,2.3655553004120495,0.0
map,2,10,1788733336.447296,6.212804082140265,2.3498555321116985,0.0
map,2,11,1788733336.447296,6.232182744538404,2.3340611593177503,0.0
map,2,12,1788733336.447296,6.251646856156567,2.318372072169902,0.0
map,2,13,1788733336.447296,6.2710300961914935,2.30258380289167,0.0
map,2,14,1788733336.447296,6.290369085737479,2.286739076093065,0.0
map,2,15,1788733336.447296,6.309769110440625,2.2709721691198386,0.0
map,2,16,1788733336.447296,6.329114203502327,2.2551350717158787,0.0
map,2,17,1788733336.447296,6.348526435236904,2.239383423531942,0.0
map,2,18,1788733336.447296,6.367891364724683,2.223572266069775,0.0
map,2,19,1788733336.447296,6.387218147239237,2.2077122804818803,0.0
map,2,20,1788733336.447296,6.406592232000589,2.191913330051145,0.0
map,2,21,1788733336.447296,6.425937325062291,2.176077758526114,0.0
map,2,22,1788733336.447296,6.4452564781822,2.1602101435435745,0.0
map,2,23,1788733336.447296,6.4994,2.1194,0.8483
map,3,0,1788733337.467447,5.995256471476678,2.510210148758981,0.0
map,3,1,1788733337.467447,6.034383058973772,2.4864506879557187,0.0
map,3,2,1788733337.467447,6.056177187716498,2.474202457792737,0.0
map,3,3,1788733337.467447,6.075812197774708,2.458728519573876,0.0
map,3,4,1788733337.467447,6.095781375318365,2.4436879309708477,0.0
map,3,5,1788733337.467447,6.115477420533734,2.428290286698436,0.0
map,3,6,1788733337.467447,6.1349094886943885,2.4125630525773634,0.0
map,3,7,1788733337.467447,6.154520084689734,2.3970555450220647,0.0
map,3,8,1788733337.467447,6.1739948774604,2.3813801907845775,0.0
map,3,9,1788733337.467447,6.193349125795676,2.3655553004120495,0.0
map,3,10,1788733337.467447,6.212804082140265,2.3498555321116985,0.0
map,3,11,1788733337.467447,6.232182744538404,2.3340611593177503,0.0
map,3,12,1788733337.467447,6.251646856156567,2.318372072169902,0.0
map,3,13,1788733337.467447,6.2710300961914935,2.30258380289167,0.0
map,3,14,1788733337.467447,6.290369085737479,2.286739076093065,0.0
map,3,15,1788733337.467447,6.309769110440625,2.2709721691198386,0.0
map,3,16,1788733337.467447,6.329114203502327,2.2551350717158787,0.0
map,3,17,1788733337.467447,6.348526435236904,2.239383423531942,0.0
map,3,18,1788733337.467447,6.367891364724683,2.223572266069775,0.0
map,3,19,1788733337.467447,6.387218147239237,2.2077122804818803,0.0
map,3,20,1788733337.467447,6.406592232000589,2.191913330051145,0.0
map,3,21,1788733337.467447,6.425937325062291,2.176077758526114,0.0
map,3,22,1788733337.467447,6.4452564781822,2.1602101435435745,0.0
map,3,23,1788733337.467447,6.4994,2.1194,0.8483
map,4,0,1788733338.4881408,5.995256471476678,2.510210148758981,0.0
map,4,1,1788733338.4881408,6.034383058973772,2.4864506879557187,0.0
map,4,2,1788733338.4881408,6.056177187716498,2.474202457792737,0.0
map,4,3,1788733338.4881408,6.075812197774708,2.458728519573876,0.0
map,4,4,1788733338.4881408,6.095781375318365,2.4436879309708477,0.0
map,4,5,1788733338.4881408,6.115477420533734,2.428290286698436,0.0
map,4,6,1788733338.4881408,6.1349094886943885,2.4125630525773634,0.0
map,4,7,1788733338.4881408,6.154520084689734,2.3970555450220647,0.0
map,4,8,1788733338.4881408,6.1739948774604,2.3813801907845775,0.0
map,4,9,1788733338.4881408,6.193349125795676,2.3655553004120495,0.0
map,4,10,1788733338.4881408,6.212804082140265,2.3498555321116985,0.0
map,4,11,1788733338.4881408,6.232182744538404,2.3340611593177503,0.0
map,4,12,1788733338.4881408,6.251646856156567,2.318372072169902,0.0
map,4,13,1788733338.4881408,6.2710300961914935,2.30258380289167,0.0
map,4,14,1788733338.4881408,6.290369085737479,2.286739076093065,0.0
map,4,15,1788733338.4881408,6.309769110440625,2.2709721691198386,0.0
map,4,16,1788733338.4881408,6.329114203502327,2.2551350717158787,0.0
map,4,17,1788733338.4881408,6.348526435236904,2.239383423531942,0.0
map,4,18,1788733338.4881408,6.367891364724683,2.223572266069775,0.0
map,4,19,1788733338.4881408,6.387218147239237,2.2077122804818803,0.0
map,4,20,1788733338.4881408,6.406592232000589,2.191913330051145,0.0
map,4,21,1788733338.4881408,6.425937325062291,2.176077758526114,0.0
map,4,22,1788733338.4881408,6.4452564781822,2.1602101435435745,0.0
map,4,23,1788733338.4881408,6.4994,2.1194,0.8483
map,5,0,1788733339.5188441,5.995256471476678,2.510210148758981,0.0
map,5,1,1788733339.5188441,6.034383058973772,2.4864506879557187,0.0
map,5,2,1788733339.5188441,6.056177187716498,2.474202457792737,0.0
map,5,3,1788733339.5188441,6.075812197774708,2.458728519573876,0.0
map,5,4,1788733339.5188441,6.095781375318365,2.4436879309708477,0.0
map,5,5,1788733339.5188441,6.115477420533734,2.428290286698436,0.0
map,5,6,1788733339.5188441,6.1349094886943885,2.4125630525773634,0.0
map,5,7,1788733339.5188441,6.154520084689734,2.3970555450220647,0.0
map,5,8,1788733339.5188441,6.1739948774604,2.3813801907845775,0.0
map,5,9,1788733339.5188441,6.193349125795676,2.3655553004120495,0.0
map,5,10,1788733339.5188441,6.212804082140265,2.3498555321116985,0.0
map,5,11,1788733339.5188441,6.232182744538404,2.3340611593177503,0.0
map,5,12,1788733339.5188441,6.251646856156567,2.318372072169902,0.0
map,5,13,1788733339.5188441,6.2710300961914935,2.30258380289167,0.0
map,5,14,1788733339.5188441,6.290369085737479,2.286739076093065,0.0
map,5,15,1788733339.5188441,6.309769110440625,2.2709721691198386,0.0
map,5,16,1788733339.5188441,6.329114203502327,2.2551350717158787,0.0
map,5,17,1788733339.5188441,6.348526435236904,2.239383423531942,0.0
map,5,18,1788733339.5188441,6.367891364724683,2.223572266069775,0.0
map,5,19,1788733339.5188441,6.387218147239237,2.2077122804818803,0.0
map,5,20,1788733339.5188441,6.406592232000589,2.191913330051145,0.0
map,5,21,1788733339.5188441,6.425937325062291,2.176077758526114,0.0
map,5,22,1788733339.5188441,6.4452564781822,2.1602101435435745,0.0
map,5,23,1788733339.5188441,6.4994,2.1194,0.8483
map,6,0,1788733340.5473933,6.045256472221736,2.460210148013923,0.0
map,6,1,1788733340.5473933,6.089798404037806,2.435686221867238,0.0
map,6,2,1788733340.5473933,6.111549808170521,2.423361697757807,0.0
map,6,3,1788733340.5473933,6.131325199090197,2.4080662873736376,0.0
map,6,4,1788733340.5473933,6.151396610522097,2.393161501995289,0.0
map,6,5,1788733340.5473933,6.171214726051785,2.377921023252563,0.0
map,6,6,1788733340.5473933,6.190788700952835,2.362370791087253,0.0
map,6,7,1788733340.5473933,6.2105183155046415,2.347015871424853,0.0
map,6,8,1788733340.5473933,6.230125859742129,2.3315083638695544,0.0
map,6,9,1788733340.5473933,6.249828008473214,2.316118348991788,0.0
map,6,10,1788733340.5473933,6.269421819800341,2.3005910050104124,0.0
map,6,11,1788733340.5473933,6.288950018333521,2.2849812635668716,0.0
map,6,12,1788733340.5473933,6.308548407297435,2.269461548980141,0.0
map,6,13,1788733340.5473933,6.328073554072757,2.2538472298998133,0.0
map,6,14,1788733340.5473933,6.347682624189174,2.2383412482234437,0.0
map,6,15,1788733340.5473933,6.367227607390573,2.22275134320598,0.0
map,6,16,1788733340.5473933,6.386719184829458,2.2070973512734984,0.0
map,6,17,1788733340.5473933,6.406271797425502,2.1915181274085374,0.0
map,6,18,1788733340.5473933,6.425781685411534,2.1758854977810618,0.0
map,6,19,1788733340.5473933,6.4452564781822,2.1602101435435745,0.0
map,6,20,1788733340.5473933,6.4994,2.1194,0.8483
map,7,0,1788733341.5777023,6.295256475947026,2.2602101450336907,0.0
map,7,1,1788733341.5777023,6.321632819113502,2.2440404060232115,0.0
map,7,2,1788733341.5777023,6.344514899532596,2.233972656849753,0.0
map,7,3,1788733341.5777023,6.3659702831530875,2.221140015056969,0.0
map,7,4,1788733341.5777023,6.385774665772415,2.2058827516460244,0.0
map,7,5,1788733341.5777023,6.405844551325385,2.190976440388747,0.0
map,7,6,1788733341.5777023,6.42566724449186,2.175743591040666,0.0
map,7,7,1788733341.5777023,6.4452564781822,2.1602101435435745,0.0
map,7,8,1788733341.5777023,6.4994,2.1194,0.8483
map,8,0,1788733342.6078832,6.4452564781822,2.2102101442886326,0.0
map,8,1,1788733342.6078832,6.4452564781822,2.1602101435435745,0.0
map,8,2,1788733342.6078832,6.4994,2.1194,0.8483
map,9,0,1788733343.6377108,6.4452564781822,2.2102101442886326,0.0
map,9,1,1788733343.6377108,6.4452564781822,2.1602101435435745,0.0
map,9,2,1788733343.6377108,6.4994,2.1194,0.8483
map,10,0,1788733344.6574693,6.4452564781822,2.2102101442886326,0.0
map,10,1,1788733344.6574693,6.4452564781822,2.1602101435435745,0.0
map,10,2,1788733344.6574693,6.4994,2.1194,0.8483
map,11,0,1788733377.46129,6.445261399982986,2.205713985031064,0.0
map,11,1,1788733377.46129,6.40175248820184,2.1990016436224487,0.0
map,11,2,1788733377.46129,6.38118364023909,2.213210628209179,0.0
map,11,3,1788733377.46129,6.360262314243744,2.2268962363232667,0.0
map,11,4,1788733377.46129,6.339092269982974,2.2401927453104626,0.0
map,11,5,1788733377.46129,6.317910018690771,2.2534739955083687,0.0
map,11,6,1788733377.46129,6.297098555978312,2.267325924425716,0.0
map,11,7,1788733377.46129,6.2762474204137,2.281115292306975,0.0
map,11,8,1788733377.46129,6.25534745672336,2.2948344697575003,0.0
map,11,9,1788733377.46129,6.234655012567362,2.30886340063061,0.0
map,11,10,1788733377.46129,6.213928999074927,2.3228450292569214,0.0
map,11,11,1788733377.46129,6.193155683335693,2.33675494157357,0.0
map,11,12,1788733377.46129,6.172383893475388,2.350664853890219,0.0
map,11,13,1788733377.46129,6.151715863382254,2.3647304058576246,0.0
map,11,14,1788733377.46129,6.131029522741972,2.3787684920043084,0.0
map,11,15,1788733377.46129,6.11032944919133,2.3927867417249153,0.0
map,11,16,1788733377.46129,6.089705669587136,2.4069163806073384,0.0
map,11,17,1788733377.46129,6.069069682951511,2.4210292348215425,0.0
map,11,18,1788733377.46129,6.04841233401088,2.435110045578238,0.0
map,11,19,1788733377.46129,6.02775345919132,2.4491893304560044,0.0
map,11,20,1788733377.46129,6.007146464255346,2.463343383401291,0.0
map,11,21,1788733377.46129,5.9865242105300815,2.477477599920501,0.0
map,11,22,1788733377.46129,5.965898905046959,2.4916041870450663,0.0
map,11,23,1788733377.46129,5.945261392532405,2.5057139895014124,0.0
map,11,24,1788733377.46129,5.9075,2.537,0.9668000000000001
map,12,0,1788733378.4810793,6.445261399982986,2.205713985031064,0.0
map,12,1,1788733378.4810793,6.40175248820184,2.1990016436224487,0.0
map,12,2,1788733378.4810793,6.38118364023909,2.213210628209179,0.0
map,12,3,1788733378.4810793,6.360262314243744,2.2268962363232667,0.0
map,12,4,1788733378.4810793,6.339092269982974,2.2401927453104626,0.0
map,12,5,1788733378.4810793,6.317910018690771,2.2534739955083687,0.0
map,12,6,1788733378.4810793,6.297098555978312,2.267325924425716,0.0
map,12,7,1788733378.4810793,6.2762474204137,2.281115292306975,0.0
map,12,8,1788733378.4810793,6.25534745672336,2.2948344697575003,0.0
map,12,9,1788733378.4810793,6.234655012567362,2.30886340063061,0.0
map,12,10,1788733378.4810793,6.213928999074927,2.3228450292569214,0.0
map,12,11,1788733378.4810793,6.193155683335693,2.33675494157357,0.0
map,12,12,1788733378.4810793,6.172383893475388,2.350664853890219,0.0
map,12,13,1788733378.4810793,6.151715863382254,2.3647304058576246,0.0
map,12,14,1788733378.4810793,6.131029522741972,2.3787684920043084,0.0
map,12,15,1788733378.4810793,6.11032944919133,2.3927867417249153,0.0
map,12,16,1788733378.4810793,6.089705669587136,2.4069163806073384,0.0
map,12,17,1788733378.4810793,6.069069682951511,2.4210292348215425,0.0
map,12,18,1788733378.4810793,6.04841233401088,2.435110045578238,0.0
map,12,19,1788733378.4810793,6.02775345919132,2.4491893304560044,0.0
map,12,20,1788733378.4810793,6.007146464255346,2.463343383401291,0.0
map,12,21,1788733378.4810793,5.9865242105300815,2.477477599920501,0.0
map,12,22,1788733378.4810793,5.965898905046959,2.4916041870450663,0.0
map,12,23,1788733378.4810793,5.945261392532405,2.5057139895014124,0.0
map,12,24,1788733378.4810793,5.9075,2.537,0.9668000000000001
map,13,0,1788733379.5110614,6.445261399982986,2.205713985031064,0.0
map,13,1,1788733379.5110614,6.401763169354343,2.1990153765328095,0.0
map,13,2,1788733379.5110614,6.381194321391593,2.213227412877398,0.0
map,13,3,1788733379.5110614,6.360274521275176,2.2269145468704146,0.0
map,13,4,1788733379.5110614,6.339104477014406,2.2402125817365395,0.0
map,13,5,1788733379.5110614,6.317925277480061,2.2534953578133745,0.0
map,13,6,1788733379.5110614,6.297115340646531,2.267348812609651,0.0
map,13,7,1788733379.5110614,6.276264205081919,2.2811412322487676,0.0
map,13,8,1788733379.5110614,6.255364241391579,2.294861935578222,0.0
map,13,9,1788733379.5110614,6.234659590204149,2.308871030025255,0.0
map,13,10,1788733379.5110614,6.213925947317069,2.3228404516201344,0.0
map,13,11,1788733379.5110614,6.193149579819977,2.3367457862999963,0.0
map,13,12,1788733379.5110614,6.172376264080743,2.350655698616645,0.0
map,13,13,1788733379.5110614,6.151697552835106,2.364702940036903,0.0
map,13,14,1788733379.5110614,6.131005108679108,2.3787333967889417,0.0
map,13,15,1788733379.5110614,6.110305035128466,2.3927501206306196,0.0
map,13,16,1788733379.5110614,6.089673626129628,2.4068706042394687,0.0
map,13,17,1788733379.5110614,6.069037639494002,2.420981932574744,0.0
map,13,18,1788733379.5110614,6.0483818164323,2.4350657950892973,0.0
map,13,19,1788733379.5110614,6.027727519249527,2.4491527093617087,0.0
map,13,20,1788733379.5110614,6.007123576071411,2.4633113399437825,0.0
map,13,21,1788733379.5110614,5.986508951740792,2.4774531858576374,0.0
map,13,22,1788733379.5110614,5.965889749773385,2.4915904541347054,0.0
map,13,23,1788733379.5110614,5.945261392532405,2.5057139895014124,0.0
map,13,24,1788733379.5110614,5.9075,2.537,0.9668000000000001
map,14,0,1788733380.5401864,6.445261399982986,2.205713985031064,0.0
map,14,1,1788733380.5401864,6.40175248820184,2.1990016436224487,0.0
map,14,2,1788733380.5401864,6.38118364023909,2.213210628209179,0.0
map,14,3,1788733380.5401864,6.360262314243744,2.2268962363232667,0.0
map,14,4,1788733380.5401864,6.339092269982974,2.2401927453104626,0.0
map,14,5,1788733380.5401864,6.317910018690771,2.2534739955083687,0.0
map,14,6,1788733380.5401864,6.297098555978312,2.267325924425716,0.0
map,14,7,1788733380.5401864,6.2762474204137,2.281115292306975,0.0
map,14,8,1788733380.5401864,6.25534745672336,2.2948344697575003,0.0
map,14,9,1788733380.5401864,6.234655012567362,2.30886340063061,0.0
map,14,10,1788733380.5401864,6.213928999074927,2.3228450292569214,0.0
map,14,11,1788733380.5401864,6.193155683335693,2.33675494157357,0.0
map,14,12,1788733380.5401864,6.172383893475388,2.350664853890219,0.0
map,14,13,1788733380.5401864,6.151715863382254,2.3647304058576246,0.0
map,14,14,1788733380.5401864,6.131029522741972,2.3787684920043084,0.0
map,14,15,1788733380.5401864,6.11032944919133,2.3927867417249153,0.0
map,14,16,1788733380.5401864,6.089705669587136,2.4069163806073384,0.0
map,14,17,1788733380.5401864,6.069069682951511,2.4210292348215425,0.0
map,14,18,1788733380.5401864,6.04841233401088,2.435110045578238,0.0
map,14,19,1788733380.5401864,6.02775345919132,2.4491893304560044,0.0
map,14,20,1788733380.5401864,6.007146464255346,2.463343383401291,0.0
map,14,21,1788733380.5401864,5.9865242105300815,2.477477599920501,0.0
map,14,22,1788733380.5401864,5.965898905046959,2.4916041870450663,0.0
map,14,23,1788733380.5401864,5.945261392532405,2.5057139895014124,0.0
map,14,24,1788733380.5401864,5.9075,2.537,0.9668000000000001
map,15,0,1788733381.5612025,6.445261399982986,2.205713985031064,0.0
map,15,1,1788733381.5612025,6.40175248820184,2.1990016436224487,0.0
map,15,2,1788733381.5612025,6.38118364023909,2.213210628209179,0.0
map,15,3,1788733381.5612025,6.360262314243744,2.2268962363232667,0.0
map,15,4,1788733381.5612025,6.339092269982974,2.2401927453104626,0.0
map,15,5,1788733381.5612025,6.317910018690771,2.2534739955083687,0.0
map,15,6,1788733381.5612025,6.297098555978312,2.267325924425716,0.0
map,15,7,1788733381.5612025,6.2762474204137,2.281115292306975,0.0
map,15,8,1788733381.5612025,6.25534745672336,2.2948344697575003,0.0
map,15,9,1788733381.5612025,6.234655012567362,2.30886340063061,0.0
map,15,10,1788733381.5612025,6.213928999074927,2.3228450292569214,0.0
map,15,11,1788733381.5612025,6.193155683335693,2.33675494157357,0.0
map,15,12,1788733381.5612025,6.172383893475388,2.350664853890219,0.0
map,15,13,1788733381.5612025,6.151715863382254,2.3647304058576246,0.0
map,15,14,1788733381.5612025,6.131029522741972,2.3787684920043084,0.0
map,15,15,1788733381.5612025,6.11032944919133,2.3927867417249153,0.0
map,15,16,1788733381.5612025,6.089705669587136,2.4069163806073384,0.0
map,15,17,1788733381.5612025,6.069069682951511,2.4210292348215425,0.0
map,15,18,1788733381.5612025,6.04841233401088,2.435110045578238,0.0
map,15,19,1788733381.5612025,6.02775345919132,2.4491893304560044,0.0
map,15,20,1788733381.5612025,6.007146464255346,2.463343383401291,0.0
map,15,21,1788733381.5612025,5.9865242105300815,2.477477599920501,0.0
map,15,22,1788733381.5612025,5.965898905046959,2.4916041870450663,0.0
map,15,23,1788733381.5612025,5.945261392532405,2.5057139895014124,0.0
map,15,24,1788733381.5612025,5.9075,2.537,0.9668000000000001
map,16,0,1788733382.5907636,6.445261399982986,2.205713985031064,0.0
map,16,1,1788733382.5907636,6.40175248820184,2.1990016436224487,0.0
map,16,2,1788733382.5907636,6.38118364023909,2.213210628209179,0.0
map,16,3,1788733382.5907636,6.360262314243744,2.2268962363232667,0.0
map,16,4,1788733382.5907636,6.339092269982974,2.2401927453104626,0.0
map,16,5,1788733382.5907636,6.317910018690771,2.2534739955083687,0.0
map,16,6,1788733382.5907636,6.297098555978312,2.267325924425716,0.0
map,16,7,1788733382.5907636,6.2762474204137,2.281115292306975,0.0
map,16,8,1788733382.5907636,6.25534745672336,2.2948344697575003,0.0
map,16,9,1788733382.5907636,6.234655012567362,2.30886340063061,0.0
map,16,10,1788733382.5907636,6.213928999074927,2.3228450292569214,0.0
map,16,11,1788733382.5907636,6.193155683335693,2.33675494157357,0.0
map,16,12,1788733382.5907636,6.172383893475388,2.350664853890219,0.0
map,16,13,1788733382.5907636,6.151715863382254,2.3647304058576246,0.0
map,16,14,1788733382.5907636,6.131029522741972,2.3787684920043084,0.0
map,16,15,1788733382.5907636,6.11032944919133,2.3927867417249153,0.0
map,16,16,1788733382.5907636,6.089705669587136,2.4069163806073384,0.0
map,16,17,1788733382.5907636,6.069069682951511,2.4210292348215425,0.0
map,16,18,1788733382.5907636,6.04841233401088,2.435110045578238,0.0
map,16,19,1788733382.5907636,6.02775345919132,2.4491893304560044,0.0
map,16,20,1788733382.5907636,6.007146464255346,2.463343383401291,0.0
map,16,21,1788733382.5907636,5.9865242105300815,2.477477599920501,0.0
map,16,22,1788733382.5907636,5.965898905046959,2.4916041870450663,0.0
map,16,23,1788733382.5907636,5.945261392532405,2.5057139895014124,0.0
map,16,24,1788733382.5907636,5.9075,2.537,0.9668000000000001
map,17,0,1788733383.6213415,6.445261399982986,2.205713985031064,0.0
map,17,1,1788733383.6213415,6.401763169354343,2.1990153765328095,0.0
map,17,2,1788733383.6213415,6.381194321391593,2.213227412877398,0.0
map,17,3,1788733383.6213415,6.360274521275176,2.2269145468704146,0.0
map,17,4,1788733383.6213415,6.339104477014406,2.2402125817365395,0.0
map,17,5,1788733383.6213415,6.317925277480061,2.2534953578133745,0.0
map,17,6,1788733383.6213415,6.297115340646531,2.267348812609651,0.0
map,17,7,1788733383.6213415,6.276264205081919,2.2811412322487676,0.0
map,17,8,1788733383.6213415,6.255364241391579,2.294861935578222,0.0
map,17,9,1788733383.6213415,6.234659590204149,2.308871030025255,0.0
map,17,10,1788733383.6213415,6.213925947317069,2.3228404516201344,0.0
map,17,11,1788733383.6213415,6.193149579819977,2.3367457862999963,0.0
map,17,12,1788733383.6213415,6.172376264080743,2.350655698616645,0.0
map,17,13,1788733383.6213415,6.151697552835106,2.364702940036903,0.0
map,17,14,1788733383.6213415,6.131005108679108,2.3787333967889417,0.0
map,17,15,1788733383.6213415,6.110305035128466,2.3927501206306196,0.0
map,17,16,1788733383.6213415,6.089673626129628,2.4068706042394687,0.0
map,17,17,1788733383.6213415,6.069037639494002,2.420981932574744,0.0
map,17,18,1788733383.6213415,6.0483818164323,2.4350657950892973,0.0
map,17,19,1788733383.6213415,6.027727519249527,2.4491527093617087,0.0
map,17,20,1788733383.6213415,6.007123576071411,2.4633113399437825,0.0
map,17,21,1788733383.6213415,5.986508951740792,2.4774531858576374,0.0
map,17,22,1788733383.6213415,5.965889749773385,2.4915904541347054,0.0
map,17,23,1788733383.6213415,5.945261392532405,2.5057139895014124,0.0
map,17,24,1788733383.6213415,5.9075,2.537,0.9668000000000001
map,18,0,1788733384.6499963,6.395261399237928,2.205713985031064,0.0
map,18,1,1788733384.6499963,6.367937485256551,2.1944423173826344,0.0
map,18,2,1788733384.6499963,6.348799911729191,2.2105266071730902,0.0
map,18,3,1788733384.6499963,6.328662887503345,2.2253428915735576,0.0
map,18,4,1788733384.6499963,6.30822221337063,2.2397349816317664,0.0
map,18,5,1788733384.6499963,6.287607589040011,2.2538798793034793,0.0
map,18,6,1788733384.6499963,6.267517867060963,2.268758724740035,0.0
map,18,7,1788733384.6499963,6.247226729063289,2.2833629119693732,0.0
map,18,8,1788733384.6499963,6.226918806397396,2.2979442110147765,0.0
map,18,9,1788733384.6499963,6.206830610297278,2.3128245823302613,0.0
map,18,10,1788733384.6499963,6.186653913219278,2.327587460968214,0.0
map,18,11,1788733384.6499963,6.166461957351988,2.342327451422232,0.0
map,18,12,1788733384.6499963,6.146358502462579,2.357189512190569,0.0
map,18,13,1788733384.6499963,6.126244366420668,2.372034788290687,0.0
map,18,14,1788733384.6499963,6.106104290436964,2.3868480209332965,0.0
map,18,15,1788733384.6499963,6.085948955663969,2.401636839513042,0.0
map,18,16,1788733384.6499963,6.065860759563851,2.416518736707456,0.0
map,18,17,1788733384.6499963,6.045743571764081,2.431362486928645,0.0
map,18,18,1788733384.6499963,6.025627909843241,2.446206237149834,0.0
map,18,19,1788733384.6499963,6.005553446653483,2.4611064448913957,0.0
map,18,20,1788733384.6499963,5.985465250553364,2.4759883420858095,0.0
map,18,21,1788733384.6499963,5.96537095093753,2.4908626098855784,0.0
map,18,22,1788733384.6499963,5.945261392532405,2.5057139895014124,0.0
map,18,23,1788733384.6499963,5.9075,2.537,0.9668000000000001
map,19,0,1788733385.6806338,6.395261399237928,2.155713984286006,0.0
map,19,1,1788733385.6806338,6.368762985757133,2.1549190013640036,0.0
map,19,2,1788733385.6806338,6.350746933242579,2.172251460118371,0.0
map,19,3,1788733385.6806338,6.331362167328724,2.1880382035176744,0.0
map,19,4,1788733385.6806338,6.311757674849094,2.203551814588689,0.0
map,19,5,1788733385.6806338,6.292588057864226,2.219599483284849,0.0
map,19,6,1788733385.6806338,6.2732856894125355,2.2354869346934656,0.0
map,19,7,1788733385.6806338,6.2538429400993785,2.2512034876620355,0.0
map,19,8,1788733385.6806338,6.234662641962007,2.2672374234478347,0.0
map,19,9,1788733385.6806338,6.215378584057465,2.283147763040386,0.0
map,19,10,1788733385.6806338,6.195987714627893,2.2989268770450444,0.0
map,19,11,1788733385.6806338,6.176786054185516,2.31493639876798,0.0
map,19,12,1788733385.6806338,6.157497418644187,2.330840634844815,0.0
map,19,13,1788733385.6806338,6.138161480856059,2.346686887522349,0.0
map,19,14,1788733385.6806338,6.118933880471889,2.3626658916667047,0.0
map,19,15,1788733385.6806338,6.099633037899128,2.37855486895425,0.0
map,19,16,1788733385.6806338,6.080323040052793,2.3944331650892927,0.0
map,19,17,1788733385.6806338,6.06106949972683,2.4103801257761397,0.0
map,19,18,1788733385.6806338,6.041764079517282,2.426264525426898,0.0
map,19,19,1788733385.6806338,6.022463236944521,2.4421550285933726,0.0
map,19,20,1788733385.6806338,6.003182230797837,2.458066894064853,0.0
map,19,21,1788733385.6806338,5.983881388225075,2.4739573972313273,0.0
map,19,22,1788733385.6806338,5.964580545652314,2.489846374518873,0.0
map,19,23,1788733385.6806338,5.945261392532405,2.5057139895014124,0.0
map,19,24,1788733385.6806338,5.9075,2.537,0.9668000000000001
map,20,0,1788733386.7012296,6.1952613962576955,2.05571398279589,0.0
map,20,1,1788733386.7012296,6.183469403894481,2.0969279726678387,0.0
map,20,2,1788733386.7012296,6.177416242183188,2.121184870001951,0.0
map,20,3,1788733386.7012296,6.169126141962,2.1447688547283796,0.0
map,20,4,1788733386.7012296,6.158860028527773,2.167563960048522,0.0
map,20,5,1788733386.7012296,6.146079266618575,2.189049861247593,0.0
map,20,6,1788733386.7012296,6.133379376292613,2.2105845905723918,0.0
map,20,7,1788733386.7012296,6.120406353638362,2.23195452497286,0.0
map,20,8,1788733386.7012296,6.107183086839758,2.253171871480429,0.0
map,20,9,1788733386.7012296,6.093932354220431,2.2743709074408507,0.0
map,20,10,1788733386.7012296,6.080571758318218,2.2955012788494678,0.0
map,20,11,1788733386.7012296,6.067276775209951,2.3166728489891675,0.0
map,20,12,1788733386.7012296,6.053829204208785,2.337748288756341,0.0
map,20,13,1788733386.7012296,6.040421306059773,2.3588496684653073,0.0
map,20,14,1788733386.7012296,6.026927958690738,2.379894590653901,0.0
map,20,15,1788733386.7012296,6.013355265617395,2.4008906847167673,0.0
map,20,16,1788733386.7012296,5.999800883091201,2.4218959340532074,0.0
map,20,17,1788733386.7012296,5.98617936189213,2.442859984658565,0.0
map,20,18,1788733386.7012296,5.972605142939859,2.463853026963573,0.0
map,20,19,1788733386.7012296,5.958963785314712,2.4848033446585696,0.0
map,20,20,1788733386.7012296,5.945261392532405,2.5057139895014124,0.0
map,20,21,1788733386.7012296,5.9075,2.537,0.9668000000000001
map,21,0,1788733387.7204888,6.095261394767579,1.9557139813057738,0.0
map,21,1,1788733387.7204888,6.091910564639523,2.004964775496699,0.0
map,21,2,1788733387.7204888,6.090334331705879,2.0299159477435005,0.0
map,21,3,1788733387.7204888,6.0882286187838766,2.0548259212592193,0.0
map,21,4,1788733387.7204888,6.085599529389231,2.0796885925281394,0.0
map,21,5,1788733387.7204888,6.08227158744511,2.1044658145770363,0.0
map,21,6,1788733387.7204888,6.078266155256518,2.12914232861662,0.0
map,21,7,1788733387.7204888,6.07339554971519,2.153663203005447,0.0
map,21,8,1788733387.7204888,6.067713176583641,2.1780086013174405,0.0
map,21,9,1788733387.7204888,6.061034404511464,2.202100703727222,0.0
map,21,10,1788733387.7204888,6.0534507862343965,2.225922725566573,0.0
map,21,11,1788733387.7204888,6.04484177731705,2.2493937952522565,0.0
map,21,12,1788733387.7204888,6.03623734603649,2.272866390816869,0.0
map,21,13,1788733387.7204888,6.027487956257676,2.2962855806189673,0.0
map,21,14,1788733387.7204888,6.018701945384567,2.3196895116317755,0.0
map,21,15,1788733387.7204888,6.009755717223914,2.3430354592452822,0.0
map,21,16,1788733387.7204888,6.000748453906102,2.366355466916996,0.0
map,21,17,1788733387.7204888,5.991611490879325,2.3896266464629825,0.0
map,21,18,1788733387.7204888,5.982480631368265,2.412899351887898,0.0
map,21,19,1788733387.7204888,5.973259745000394,2.4361369620974465,0.0
map,21,20,1788733387.7204888,5.964023599843234,2.459368468791279,0.0
map,21,21,1788733387.7204888,5.954688272555689,2.482558776754029,0.0
map,21,22,1788733387.7204888,5.945261392532405,2.5057139895014124,0.0
map,21,23,1788733387.7204888,5.9075,2.537,0.9668000000000001
map,22,0,1788733388.7527316,5.795261390297231,1.8057139790705996,0.0
map,22,1,1788733388.7527316,5.795148475256486,1.8351771753104167,0.0
map,22,2,1788733388.7527316,5.795093543615042,1.8601771756829457,0.0
map,22,3,1788733388.7527316,5.795018775547522,1.8851771760554747,0.0
map,22,4,1788733388.7527316,5.794925696932854,1.9101771764280038,0.0
map,22,5,1788733388.7527316,5.794805152497464,1.9351771768005328,0.0
map,22,6,1788733388.7527316,5.794661719878139,1.9601771771730618,0.0
map,22,7,1788733388.7527316,5.794487769680234,1.9851756516666619,0.0
map,22,8,1788733388.7527316,5.794281776024821,2.010175652039191,0.0
map,22,9,1788733388.7527316,5.794040687154041,2.035174126532791,0.0
map,22,10,1788733388.7527316,5.793762977188965,2.060172601026391,0.0
map,22,11,1788733388.7527316,5.793442542613878,2.085171075519991,0.0
map,22,12,1788733388.7527316,5.793082435186637,2.110168024134662,0.0
map,22,13,1788733388.7527316,5.792675025512597,2.135164972749333,0.0
map,22,14,1788733388.7527316,5.792223365349617,2.160160395485075,0.0
map,22,15,1788733388.7527316,5.791719825303051,2.1851558182208173,0.0
map,22,16,1788733388.7527316,5.79583512077453,2.209814021713253,0.0
map,22,17,1788733388.7527316,5.799970252672086,2.23447069932676,0.0
map,22,18,1788733388.7527316,5.804045875291411,2.259135006334912,0.0
map,22,19,1788733388.7527316,5.808152015489316,2.2837962615852057,0.0
map,22,20,1788733388.7527316,5.8122230604718546,2.3084620944722865,0.0
map,22,21,1788733388.7527316,5.8163322524276175,2.3331218238436513,0.0
map,22,22,1788733388.7527316,5.820421607957304,2.357786130851803,0.0
map,22,23,1788733388.7527316,5.8245521622180725,2.382441282586381,0.0
map,22,24,1788733388.7527316,5.828675087084196,2.407099486078817,0.0
map,22,25,1788733388.7527316,5.832840736560332,2.4317500601766078,0.0
map,22,26,1788733388.7527316,5.836859901659285,2.4564250483372625,0.0
map,22,27,1788733388.7527316,5.84102555113542,2.4810756224350534,0.0
map,22,28,1788733388.7527316,5.845261391042289,2.5057139895014124,0.0
map,22,29,1788733388.7527316,5.9075,2.537,0.9668000000000001
map,23,0,1788733389.7704413,5.595261387316999,1.7057139775804835,0.0
map,23,1,1788733389.7704413,5.593811802334461,1.7541743664861933,0.0
map,23,2,1788733389.7704413,5.593157200273925,1.7791652115851484,0.0
map,23,3,1788733389.7704413,5.592298130436905,1.8041499531683876,0.0
map,23,4,1788733389.7704413,5.591243748096975,1.8291285912359108,0.0
map,23,5,1788733389.7704413,5.589933018096975,1.854093496393073,0.0
map,23,6,1788733389.7704413,5.598390965000352,1.8776194977202003,0.0
map,23,7,1788733389.7704413,5.606851963661587,1.9011439731683986,0.0
map,23,8,1788733389.7704413,5.615106968667408,1.9247416908051882,0.0
map,23,9,1788733389.7704413,5.6234306382250345,1.948314994379114,0.0
map,23,10,1788733389.7704413,5.631658177410134,1.9719233931684066,0.0
map,23,11,1788733389.7704413,5.63999710575705,1.9954905932266165,0.0
map,23,12,1788733389.7704413,5.648966222101638,2.0188273855665493,0.0
map,23,13,1788733389.7704413,5.657958226630161,2.042153496753979,0.0
map,23,14,1788733389.7704413,5.666861730180802,2.0655147031567758,0.0
map,23,15,1788733389.7704413,5.675814061857171,2.0888560731334955,0.0
map,23,16,1788733389.7704413,5.68472061716567,2.112215753657363,0.0
map,23,17,1788733389.7704413,5.693698888783832,2.135547968360509,0.0
map,23,18,1788733389.7704413,5.702947240972424,2.1587748974175547,0.0
map,23,19,1788733389.7704413,5.712223058981738,2.1819911453220975,0.0
map,23,20,1788733389.7704413,5.7215187134171295,2.2051982379530664,0.0
map,23,21,1788733389.7704413,5.730791479668586,2.228414485857609,0.0
map,23,22,1788733389.7704413,5.740102392893267,2.251617000851791,0.0
map,23,23,1788733389.7704413,5.749594885710497,2.2747432218995236,0.0
map,23,24,1788733389.7704413,5.759101111438088,2.297866391189398,0.0
map,23,25,1788733389.7704413,5.768578345466029,2.3210002416317757,0.0
map,23,26,1788733389.7704413,5.778079993556833,2.344124936800579,0.0
map,23,27,1788733389.7704413,5.787566382858348,2.3672542096061697,0.0
map,23,28,1788733389.7704413,5.797223670599909,2.390313291981027,0.0
map,23,29,1788733389.7704413,5.806853492520748,2.413384581387316,0.0
map,23,30,1788733389.7704413,5.816498573230877,2.43644824139896,0.0
map,23,31,1788733389.7704413,5.825978859016676,2.4595820918413374,0.0
map,23,32,1788733389.7704413,5.835590370390367,2.4826594847633423,0.0
map,23,33,1788733389.7704413,5.845261391042289,2.5057139895014124,0.0
map,23,34,1788733389.7704413,5.9075,2.537,0.9668000000000001
map,24,0,1788733390.8011193,5.095261379866418,1.5557139753453093,0.0
map,24,1,1788733390.8011193,5.1077735870841146,1.5910441760670828,0.0
map,24,2,1788733390.8011193,5.122611233789588,1.6111644156247102,0.0
map,24,3,1788733390.8011193,5.137693021123699,1.6311030755897882,0.0
map,24,4,1788733390.8011193,5.153873441286681,1.6501597775339114,0.0
map,24,5,1788733390.8011193,5.169345853626613,1.6697978393499788,0.0
map,24,6,1788733390.8011193,5.184934232765148,1.689341296672449,0.0
map,24,7,1788733390.8011193,5.200510404872251,1.7088969610263511,0.0
map,24,8,1788733390.8011193,5.216176603836164,1.7283793831916618,0.0
map,24,9,1788733390.8011193,5.231908415594024,1.747809925473387,0.0
map,24,10,1788733390.8011193,5.24760055449973,1.7672709853336919,0.0
map,24,11,1788733390.8011193,5.2633552544415245,1.7866816911893402,0.0
map,24,12,1788733390.8011193,5.278952788853633,1.8062205708750234,0.0
map,24,13,1788733390.8011193,5.294620513696476,1.8256999412824761,0.0
map,24,14,1788733390.8011193,5.310407257095779,1.8450847071963317,0.0
map,24,15,1788733390.8011193,5.326087188970053,1.8645564482091395,0.0
map,24,16,1788733390.8011193,5.341815948970055,1.8839885163697936,0.0
map,24,17,1788733390.8011193,5.357617951158648,1.9033626011311462,0.0
map,24,18,1788733390.8011193,5.37334671115865,1.9227946692918003,0.0
map,24,19,1788733390.8011193,5.389109040495089,1.9421992716317327,0.0
map,24,20,1788733390.8011193,5.404828645221517,1.9616389691870317,0.0
map,24,21,1788733390.8011193,5.420583345163312,1.98104967504268,0.0
map,24,22,1788733390.8011193,5.436360933289041,2.0004420703511805,0.0
map,24,23,1788733390.8011193,5.452101900320475,2.0198634573593317,0.0
map,24,24,1788733390.8011193,5.46787033317263,2.039263482062477,0.0
map,24,25,1788733390.8011193,5.483580782625484,2.058710809012421,0.0
map,24,26,1788733390.8011193,5.49933395668835,2.0781230407469984,0.0
map,24,27,1788733390.8011193,5.515105441298363,2.097521539571215,0.0
map,24,28,1788733390.8011193,5.530834201298365,2.116953607731869,0.0
map,24,29,1788733390.8011193,5.546590427119089,2.1363627877085882,0.0
map,24,30,1788733390.8011193,5.56230545420873,2.1558070629006743,0.0
map,24,31,1788733390.8011193,5.578041843603376,2.1752315016666834,0.0
map,24,32,1788733390.8011193,5.593795017666242,2.1946437334012607,0.0
map,24,33,1788733390.8011193,5.609517674150528,2.214080379198702,0.0
map,24,34,1788733390.8011193,5.625258641181961,2.233503292085782,0.0
map,24,35,1788733390.8011193,5.641010289365898,2.2529170496992883,0.0
map,24,36,1788733390.8011193,5.656737523486971,2.2723506437388714,0.0
map,24,37,1788733390.8011193,5.6724784905184045,2.2917720307470226,0.0
map,24,38,1788733390.8011193,5.688188939971258,2.3112193576969666,0.0
map,24,39,1788733390.8011193,5.703913122334473,2.3306544776154787,0.0
map,24,40,1788733390.8011193,5.719651037608049,2.350080442260417,0.0
map,24,41,1788733390.8011193,5.735364538818761,2.369524717452503,0.0
map,24,42,1788733390.8011193,5.751079565908402,2.38896746676566,0.0
map,24,43,1788733390.8011193,5.766777808329824,2.408423948989178,0.0
map,24,44,1788733390.8011193,5.782491309540536,2.427868224181264,0.0
map,24,45,1788733390.8011193,5.798184974325171,2.44732775816264,0.0
map,24,46,1788733390.8011193,5.81384201801551,2.4668178097225955,0.0
map,24,47,1788733390.8011193,5.829541786315861,2.4862742919461134,0.0
map,24,48,1788733390.8011193,5.845261391042289,2.5057139895014124,0.0
map,24,49,1788733390.8011193,5.9075,2.537,0.9668000000000001
map,25,0,1788733391.822511,4.695261373905954,1.5557139753453093,0.0
map,25,1,1788733391.822511,4.733834067351825,1.5745356919343685,0.0
map,25,2,1788733391.822511,4.753701011007241,1.5897105578831479,0.0
map,25,3,1788733391.822511,4.772406760797697,1.6062968618412405,0.0
map,25,4,1788733391.822511,4.791208640960679,1.6227748283953751,0.0
map,25,5,1788733391.822511,4.810543052869878,1.638622606951838,0.0
map,25,6,1788733391.822511,4.829770653254048,1.6546016110961936,0.0
map,25,7,1788733391.822511,4.8490486076428745,1.6705180542044609,0.0
map,25,8,1788733391.822511,4.868241112811678,1.6865382570798992,0.0
map,25,9,1788733391.822511,4.887371056944392,1.702633228022858,0.0
map,25,10,1788733391.822511,4.906557458597479,1.7186610602929413,0.0
map,25,11,1788733391.822511,4.925685876851265,1.734757557114829,0.0
map,25,12,1788733391.822511,4.944773096373968,1.7509028820624444,0.0
map,25,13,1788733391.822511,4.9639121957802566,1.7669871718529002,0.0
map,25,14,1788733391.822511,4.9830070446976045,1.7831233415269416,0.0
map,25,15,1788733391.822511,5.00219649810855,1.799148122039167,0.0
map,25,16,1788733391.822511,5.021312709330903,1.8152583517714156,0.0
map,25,17,1788733391.822511,5.040396877095748,1.831406728476889,0.0
map,25,18,1788733391.822511,5.059548183533469,1.8474772853569839,0.0
map,25,19,1788733391.822511,5.07865371360332,1.8635997221206644,0.0
map,25,20,1788733391.822511,5.09782027883033,1.8796519684536115,0.0
map,25,21,1788733391.822511,5.116951748841974,1.8957454135176413,0.0
map,25,22,1788733391.822511,5.136055753032895,1.9118693761602508,0.0
map,25,23,1788733391.822511,5.155204007712758,1.9279429847982037,0.0
map,25,24,1788733391.822511,5.174326322450828,1.9440471110147364,0.0
map,25,25,1788733391.822511,5.193433378399607,1.960169547778417,0.0
map,25,26,1788733391.822511,5.212570951926967,1.9762553634478017,0.0
map,25,27,1788733391.822511,5.23168868902825,1.9923640673011214,0.0
map,25,28,1788733391.822511,5.250847624860615,2.0084254689076424,0.0
map,25,29,1788733391.822511,5.269982146630117,2.024514336334885,0.0
map,25,30,1788733391.822511,5.289101409610328,2.040623040188205,0.0
map,25,31,1788733391.822511,5.308255767805907,2.056687493552584,0.0
map,25,32,1788733391.822511,5.327391815454337,2.0727763609798266,0.0
map,25,33,1788733391.822511,5.346558380681348,2.0888270814338448,0.0
map,25,34,1788733391.822511,5.365708161240139,2.1048976383139397,0.0
map,25,35,1788733391.822511,5.384847260646428,2.1209819281043956,0.0
map,25,36,1788733391.822511,5.404012299994509,2.1370357003162717,0.0
map,25,37,1788733391.822511,5.4231620805533005,2.1531062571963666,0.0
map,25,38,1788733391.822511,5.442307283475305,2.1691844434711065,0.0
map,25,39,1788733391.822511,5.461470796944457,2.1852382156829826,0.0
map,25,40,1788733391.822511,5.480625155140036,2.2013057208052196,0.0
map,25,41,1788733391.822511,5.499803927398478,2.217339656591019,0.0
map,25,42,1788733391.822511,5.518972018504417,2.233391902923966,0.0
map,25,43,1788733391.822511,5.538129428457854,2.249451778651558,0.0
map,25,44,1788733391.822511,5.557311252474154,2.2654857144373572,0.0
map,25,45,1788733391.822511,5.576482395337951,2.2815318572545884,0.0
map,25,46,1788733391.822511,5.595673374627825,2.2975520601300268,0.0
map,25,47,1788733391.822511,5.6148597762809125,2.313581418279039,0.0
map,25,48,1788733391.822511,5.634037022660426,2.3296199317016253,0.0
map,25,49,1788733391.822511,5.6532280019503,2.3456401345770637,0.0
map,25,50,1788733391.822511,5.672418981240174,2.36166338921036,0.0
map,25,51,1788733391.822511,5.691602331135403,2.3776942732383013,0.0
map,25,52,1788733391.822511,5.710797888062064,2.3937114243558817,0.0
map,25,53,1788733391.822511,5.729994970867654,2.409725523715604,0.0
map,25,54,1788733391.822511,5.749201208946818,2.4257304678017526,0.0
map,25,55,1788733391.822511,5.768402869389195,2.441739989524688,0.0
map,25,56,1788733391.822511,5.787610633347288,2.4577418818529786,0.0
map,25,57,1788733391.822511,5.806833656094671,2.4737254636341213,0.0
map,25,58,1788733391.822511,5.82604752356848,2.489719726567767,0.0
map,25,59,1788733391.822511,5.845261391042289,2.5057139895014124,0.0
map,25,60,1788733391.822511,5.9075,2.537,0.9668000000000001
map,26,0,1788733392.8531005,4.195261366455373,1.5557139753453093,0.0
map,26,1,1788733392.8531005,4.236145766478661,1.5522990583022356,0.0
map,26,2,1788733392.8531005,4.261096938725462,1.5507411359157395,0.0
map,26,3,1788733392.8531005,4.282923110925697,1.5629329085583485,0.0
map,26,4,1788733392.8531005,4.305063614185304,1.5745417954500844,0.0
map,26,5,1788733392.8531005,4.327141556408822,1.5862697008982813,0.0
map,26,6,1788733392.8531005,4.349373612404168,1.5977046375921127,0.0
map,26,7,1788733392.8531005,4.371067033137582,1.6101313955897858,0.0
map,26,8,1788733392.8531005,4.392755876234208,1.6225642571031749,0.0
map,26,9,1788733392.8531005,4.414548479098006,1.6348140131450855,0.0
map,26,10,1788733392.8531005,4.4363044608675075,1.6471309078598715,0.0
map,26,11,1788733392.8531005,4.457906328865182,1.6597148313872303,0.0
map,26,12,1788733392.8531005,4.479494463952495,1.672323168977453,0.0
map,26,13,1788733392.8531005,4.501152789470542,1.6848079103744276,0.0
map,26,14,1788733392.8531005,4.52277907153108,1.6973506351707037,0.0
map,26,15,1788733392.8531005,4.544254291577648,1.7101497076270498,0.0
map,26,16,1788733392.8531005,4.565779865628873,1.7228648567423015,0.0
map,26,17,1788733392.8531005,4.5872917067697365,1.735601368162559,0.0
map,26,18,1788733392.8531005,4.608840169004896,1.748278370304586,0.0
map,26,19,1788733392.8531005,4.630280293836098,1.7611354261602337,0.0
map,26,20,1788733392.8531005,4.651761617398382,1.7739238174640768,0.0
map,26,21,1788733392.8531005,4.673227682171376,1.7867366228307837,0.0
map,26,22,1788733392.8531005,4.694684591670796,1.7995677387446385,0.0
map,26,23,1788733392.8531005,4.716098776560205,1.8124675192102977,0.0
map,26,24,1788733392.8531005,4.737508383812827,1.8253764549495308,0.0
map,26,25,1788733392.8531005,4.7589408792493835,1.8382457178366103,0.0
map,26,26,1788733392.8531005,4.780361167654508,1.8511363430286956,0.0
map,26,27,1788733392.8531005,4.80175551611784,1.8640696928307925,0.0
map,26,28,1788733392.8531005,4.823143761065456,1.8770167755432503,0.0
map,26,29,1788733392.8531005,4.844524376618427,1.889971487650353,0.0
map,26,30,1788733392.8531005,4.865918725081759,1.90290483745245,0.0
map,26,31,1788733392.8531005,4.887270348935079,1.9159099035642093,0.0
map,26,32,1788733392.8531005,4.908638757456618,1.928884452097389,0.0
map,26,33,1788733392.8531005,4.930001062462441,1.9418727335409294,0.0
map,26,34,1788733392.8531005,4.951375574499696,1.954839652679464,0.0
map,26,35,1788733392.8531005,4.972714991321585,1.9678645552173002,0.0
map,26,36,1788733392.8531005,4.994049830506686,1.9808940353919233,0.0
map,26,37,1788733392.8531005,5.015396876723219,1.9939082567772566,0.0
map,26,38,1788733392.8531005,5.036710353603315,2.0069728321672464,0.0
map,26,39,1788733392.8531005,5.058037563393771,2.0200175711311594,0.0
map,26,40,1788733392.8531005,5.079360195547441,2.0330684136107884,0.0
map,26,41,1788733392.8531005,5.100693508853613,2.0461024714221985,0.0
map,26,42,1788733392.8531005,5.121999356339064,2.059182305601478,0.0
map,26,43,1788733392.8531005,5.143303677945585,2.072263665659687,0.0
map,26,44,1788733392.8531005,5.164615628946752,2.0853328186864637,0.0
map,26,45,1788733392.8531005,5.185924528190061,2.0984065493500275,0.0
map,26,46,1788733392.8531005,5.207222746280866,2.111498590560739,0.0
map,26,47,1788733392.8531005,5.228517912613814,2.1245952094082377,0.0
map,26,48,1788733392.8531005,5.249822234220336,2.1376765694664464,0.0
map,26,49,1788733392.8531005,5.27112197819007,2.150767084798229,0.0
map,26,50,1788733392.8531005,5.292401885733728,2.1638850659507334,0.0
map,26,51,1788733392.8531005,5.31369094855096,2.176992365950735,0.0
map,26,52,1788733392.8531005,5.334976959610334,2.1901042435875233,0.0
map,26,53,1788733392.8531005,5.356267548306494,2.203206965950738,0.0
map,26,54,1788733392.8531005,5.377542878213365,2.216337154134674,0.0
map,26,55,1788733392.8531005,5.398825837514881,2.2294536094082495,0.0
map,26,56,1788733392.8531005,5.42010421917961,2.242576168197541,0.0
map,26,57,1788733392.8531005,5.44138107496541,2.2557033046236192,0.0
map,26,58,1788733392.8531005,5.462650301356565,2.2688395963232715,0.0
map,26,59,1788733392.8531005,5.4839195277477195,2.2819804656597107,0.0
map,26,60,1788733392.8531005,5.505193331775661,2.295112179722576,0.0
map,26,61,1788733392.8531005,5.526451877014313,2.308266781969376,0.0
map,26,62,1788733392.8531005,5.54771805164761,2.3214107030636733,0.0
map,26,63,1788733392.8531005,5.568981174523049,2.3345576759158284,0.0
map,26,64,1788733392.8531005,5.590242771519559,2.3477092264047705,0.0
map,26,65,1788733392.8531005,5.611498265000353,2.3608699321672866,0.0
map,26,66,1788733392.8531005,5.632753758481147,2.3740321638087316,0.0
map,26,67,1788733392.8531005,5.654012303719799,2.3871867660555317,0.0
map,26,68,1788733392.8531005,5.675267797200593,2.4003459459391188,0.0
map,26,69,1788733392.8531005,5.696520238923529,2.4135127552173508,0.0
map,26,70,1788733392.8531005,5.7177711547675365,2.4266810903745117,0.0
map,26,71,1788733392.8531005,5.739020544732615,2.4398509514106017,0.0
map,26,72,1788733392.8531005,5.760269934697693,2.4530208124466917,0.0
map,26,73,1788733392.8531005,5.781514747025984,2.4662013546352846,0.0
map,26,74,1788733392.8531005,5.80276718874892,2.4793666380345876,0.0
map,26,75,1788733392.8531005,5.824012001077211,2.4925426025863935,0.0
map,26,76,1788733392.8531005,5.845261391042289,2.5057139895014124,0.0
map,26,77,1788733392.8531005,5.9075,2.537,0.9668000000000001
map,27,0,1788733393.8822248,3.8952613619850247,1.5557139753453093,0.0
map,27,1,1788733393.8822248,3.9271430763272868,1.5549937604908273,0.0
map,27,2,1788733393.8822248,3.952140024941958,1.5546428083371602,0.0
map,27,3,1788733393.8822248,3.9771354476777,1.554172837627032,0.0
map,27,4,1788733393.8822248,4.002129344534513,1.55358842599723,0.0
map,27,5,1788733393.8822248,4.024910716944294,1.5638835311311077,0.0
map,27,6,1788733393.8822248,4.047869091309838,1.5737773301066618,0.0
map,27,7,1788733393.8822248,4.070780163428584,1.583782518244032,0.0
map,27,8,1788733393.8822248,4.093650036816246,1.5938792591171413,0.0
map,27,9,1788733393.8822248,4.116565686571779,1.6038752919809376,0.0
map,27,10,1788733393.8822248,4.139109021868638,1.6146800406770971,0.0
map,27,11,1788733393.8822248,4.161727125233018,1.625332201480358,0.0
map,27,12,1788733393.8822248,4.184322340413463,1.6360316645304174,0.0
map,27,13,1788733393.8822248,4.206957228446061,1.6466441524815245,0.0
map,27,14,1788733393.8822248,4.229370864033957,1.6577174558691858,0.0
map,27,15,1788733393.8822248,4.251839431263296,1.668679370095031,0.0
map,27,16,1788733393.8822248,4.274291213824416,1.679676379536243,0.0
map,27,17,1788733393.8822248,4.296776565721974,1.6906047244256506,0.0
map,27,18,1788733393.8822248,4.31923445179881,1.7015880009565016,0.0
map,27,19,1788733393.8822248,4.341568741682398,1.7128199957527777,0.0
map,27,20,1788733393.8822248,4.363932023265637,1.7239940071497522,0.0
map,27,21,1788733393.8822248,4.386284623696373,1.7351909067306615,0.0
map,27,22,1788733393.8822248,4.408655534674256,1.746352711096204,0.0
map,27,23,1788733393.8822248,4.430930315279614,1.757702198570012,0.0
map,27,24,1788733393.8822248,4.453229509947835,1.7690043837970215,0.0
map,27,25,1788733393.8822248,4.475519549342483,1.7803248795711788,0.0
map,27,26,1788733393.8822248,4.497826373405349,1.7916118060088984,0.0
map,27,27,1788733393.8822248,4.520117938678926,1.8029307759041266,0.0
map,27,28,1788733393.8822248,4.542346942916414,1.814368764355816,0.0
map,27,29,1788733393.8822248,4.5645912059431915,1.8257792869867835,0.0
map,27,30,1788733393.8822248,4.586827839575324,1.837205068407041,0.0
map,27,31,1788733393.8822248,4.609073628481031,1.8486125392801505,0.0
map,27,32,1788733393.8822248,4.6312675375031525,1.8601207181625732,0.0
map,27,33,1788733393.8822248,4.653473653556706,1.8716029571032031,0.0
map,27,34,1788733393.8822248,4.675673666094543,1.883098928954194,0.0
map,27,35,1788733393.8822248,4.697884359784883,1.894578116136966,0.0
map,27,36,1788733393.8822248,4.7200477512284245,1.9061427525397612,0.0
map,27,37,1788733393.8822248,4.742209616793037,1.9177119665793434,0.0
map,27,38,1788733393.8822248,4.7643791117522944,1.9292659218296357,0.0
map,27,39,1788733393.8822248,4.786544029074765,1.94083208411136,0.0
map,27,40,1788733393.8822248,4.808711998155093,1.9523875652405813,0.0
map,27,41,1788733393.8822248,4.830849449656842,1.9640040815269622,0.0
map,27,42,1788733393.8822248,4.852994530553236,1.975605339024053,0.0
map,27,43,1788733393.8822248,4.8751335079339135,1.987218803552576,0.0
map,27,44,1788733393.8822248,4.897278588830307,1.998820061049667,0.0
map,27,45,1788733393.8822248,4.91939467802705,2.0104777760671304,0.0
map,27,46,1788733393.8822248,4.941507715465935,2.022140068721381,0.0
map,27,47,1788733393.8822248,4.963625330541607,2.0337932061020574,0.0
map,27,48,1788733393.8822248,4.985739893859421,2.045453972877379,0.0
map,27,49,1788733393.8822248,5.007836146630087,2.057146783110209,0.0
map,27,50,1788733393.8822248,5.029930873521824,2.068845696858755,0.0
map,27,51,1788733393.8822248,5.052030178050348,2.0805324035758694,0.0
map,27,52,1788733393.8822248,5.074124904942085,2.0922297914454866,0.0
map,27,53,1788733393.8822248,5.096224209470609,2.103919549920459,0.0
map,27,54,1788733393.8822248,5.118302151694127,2.1156474553686557,0.0
map,27,55,1788733393.8822248,5.140377042159788,2.1273814643325686,0.0
map,27,56,1788733393.8822248,5.162456510262235,2.1391078439018365,0.0
map,27,57,1788733393.8822248,5.184531400727895,2.1508418528657494,0.0
map,27,58,1788733393.8822248,5.206595610041052,2.162597224134668,0.0
map,27,59,1788733393.8822248,5.228656767596352,2.1743586989193027,0.0
map,27,60,1788733393.8822248,5.250720976909509,2.1861110184303634,0.0
map,27,61,1788733393.8822248,5.2727821344648085,2.197872493214998,0.0
map,27,62,1788733393.8822248,5.294826507351889,2.2096644855782124,0.0
map,27,63,1788733393.8822248,5.316875457875756,2.221448848546782,0.0
map,27,64,1788733393.8822248,5.338919830762837,2.233237789152138,0.0
map,27,65,1788733393.8822248,5.360968781286704,2.2450236779996366,0.0
map,27,66,1788733393.8822248,5.383000947142353,2.256837032667857,0.0
map,27,67,1788733393.8822248,5.405037690634789,2.268644283820361,0.0
map,27,68,1788733393.8822248,5.427071382369366,2.2804545867307233,0.0
map,27,69,1788733393.8822248,5.449106599982873,2.2922618378832276,0.0
map,27,70,1788733393.8822248,5.471138765838521,2.3040767184303768,0.0
map,27,71,1788733393.8822248,5.493160250541667,2.315911435403603,0.0
map,27,72,1788733393.8822248,5.515183261123742,2.327743100618971,0.0
map,27,73,1788733393.8822248,5.537204745826887,2.339579343471126,0.0
map,27,74,1788733393.8822248,5.559226230530033,2.351412534565423,0.0
map,27,75,1788733393.8822248,5.581237034080676,2.3632670879647257,0.0
map,27,76,1788733393.8822248,5.603250889389177,2.3751170637272416,0.0
map,27,77,1788733393.8822248,5.625261692939819,2.3869716171265445,0.0
map,27,78,1788733393.8822248,5.647272496490462,2.3988246446469184,0.0
map,27,79,1788733393.8822248,5.669274144767531,2.410694456835511,0.0
map,27,80,1788733393.8822248,5.6912757930446,2.422567320781962,0.0
map,27,81,1788733393.8822248,5.713277441321669,2.4344401847284125,0.0
map,27,82,1788733393.8822248,5.735277563719809,2.446313048674863,0.0
map,27,83,1788733393.8822248,5.7572700567233035,2.458201171410604,0.0
map,27,84,1788733393.8822248,5.779262549726798,2.4700892941463444,0.0
map,27,85,1788733393.8822248,5.801271827398512,2.481945373424576,0.0
map,27,86,1788733393.8822248,5.823267372159865,2.493827392644601,0.0
map,27,87,1788733393.8822248,5.845261391042289,2.5057139895014124,0.0
map,27,88,1788733393.8822248,5.9075,2.537,0.9668000000000001
map,28,0,1788733394.912103,3.4952613560245602,1.6057139760903674,0.0
map,28,1,1788733394.912103,3.525728580599651,1.604545152830763,0.0
map,28,2,1788733394.912103,3.550722477456464,1.6039775258691797,0.0
map,28,3,1788733394.912103,3.575710270797561,1.603214586404686,0.0
map,28,4,1788733394.912103,3.6006934865018714,1.6022700673476429,0.0
map,28,5,1788733394.912103,3.6256644951747496,1.6010737782673168,0.0
map,28,6,1788733394.912103,3.650623296816196,1.5996455555897846,0.0
map,28,7,1788733394.912103,3.6742286438476306,1.6078776724116715,0.0
map,28,8,1788733394.912103,3.6979346988883783,1.6158183463581217,0.0
map,28,9,1788733394.912103,3.7216178657451913,1.6238246330985184,0.0
map,28,10,1788733394.912103,3.7453544383645188,1.6316691766724425,0.0
map,28,11,1788733394.912103,3.7690559157684795,1.6396235835292536,0.0
map,28,12,1788733394.912103,3.7927253497149316,1.647668017242875,0.0
map,28,13,1788733394.912103,3.8161582724273906,1.6563838376852509,0.0
map,28,14,1788733394.912103,3.8395866175030626,1.6651072875222717,0.0
map,28,15,1788733394.912103,3.8630454801573144,1.6737468140181981,0.0
map,28,16,1788733394.912103,3.8864921357801343,1.6824244874873493,0.0
map,28,17,1788733394.912103,3.909954050192244,1.6910579104675598,0.0
map,28,18,1788733394.912103,3.933393076420419,1.6997523686049298,0.0
map,28,19,1788733394.912103,3.956719187607849,1.7087458990123814,0.0
map,28,20,1788733394.912103,3.980039195279563,1.7177562140880518,0.0
map,28,21,1788733394.912103,4.003375987619496,1.7267207527958526,0.0
map,28,22,1788733394.912103,4.0267005729279965,1.73572038671902,0.0
map,28,23,1788733394.912103,4.050035839389,1.7446925548214658,0.0
map,28,24,1788733394.912103,4.073351269423927,1.7537120251707101,0.0
map,28,25,1788733394.912103,4.096604138422766,1.762893238686427,0.0
map,28,26,1788733394.912103,4.119849378026959,1.77209581450715,0.0
map,28,27,1788733394.912103,4.143086988236508,1.7813151749960916,0.0
map,28,28,1788733394.912103,4.166330701961773,1.7905208025746724,0.0
map,28,29,1788733394.912103,4.189563734534534,1.799753895973975,0.0
map,28,30,1788733394.912103,4.212746413102639,1.8091105855665255,0.0
map,28,31,1788733394.912103,4.235924514033957,1.818479482190508,0.0
map,28,32,1788733394.912103,4.2591102443599205,1.8278285423884135,0.0
map,28,33,1788733394.912103,4.282288345291239,1.837198964891325,0.0
map,28,34,1788733394.912103,4.305469497980415,1.8465587062417335,0.0
map,28,35,1788733394.912103,4.328600296664934,1.856045095543248,0.0
map,28,36,1788733394.912103,4.351738724744099,1.8655116484186856,0.0
map,28,37,1788733394.912103,4.374871049307547,1.874991934204484,0.0
map,28,38,1788733394.912103,4.3980094773867116,1.8844584870799217,0.0
map,28,39,1788733394.912103,4.421138750192302,1.8939464022603651,0.0
map,28,40,1788733394.912103,4.444261919482177,1.9034511021090275,0.0
map,28,41,1788733394.912103,4.467357622951329,1.9130214147516362,0.0
map,28,42,1788733394.912103,4.490448748783695,1.922600882667819,0.0
map,28,43,1788733394.912103,4.513544452252848,1.9321727211893567,0.0
map,28,44,1788733394.912103,4.536632526327356,1.9417598185001843,0.0
map,28,45,1788733394.912103,4.559723652159722,1.951342338174225,0.0
map,28,46,1788733394.912103,4.582784260413508,1.960998100036857,0.0
map,28,47,1788733394.912103,4.605847920425152,1.9706431807469862,0.0
map,28,48,1788733394.912103,4.628907002800009,1.9803004684885472,0.0
map,28,49,1788733394.912103,4.651969136932724,1.9899516527143923,0.0
map,28,50,1788733394.912103,4.675025167549723,1.9996180957295273,0.0
map,28,51,1788733394.912103,4.6980628876195745,2.009328789233603,0.0
map,28,52,1788733394.912103,4.721096030052639,2.0190471121323235,0.0
map,28,53,1788733394.912103,4.744126120727845,2.028773064425689,0.0
map,28,54,1788733394.912103,4.7671577372819804,2.0384974908401254,0.0
map,28,55,1788733394.912103,4.790184776199329,2.048232598407065,0.0
map,28,56,1788733394.912103,4.813195030448458,2.058007378826158,0.0
map,28,57,1788733394.912103,4.83620223293973,2.067786736882038,0.0
map,28,58,1788733394.912103,4.85921096130993,2.077564569058989,0.0
map,28,59,1788733394.912103,4.882216637922273,2.087350030630585,0.0
map,28,60,1788733394.912103,4.905222314534615,2.097133966323252,0.0
map,28,61,1788733394.912103,4.928208154720881,2.1069636783837886,0.0
map,28,62,1788733394.912103,4.951197046665005,2.1167872869286093,0.0
map,28,63,1788733394.912103,4.9741828868512705,2.126620050747004,0.0
map,28,64,1788733394.912103,4.997170252916465,2.1364482369286115,0.0
map,28,65,1788733394.912103,5.020151515465944,2.146287104262722,0.0
map,28,66,1788733394.912103,5.043117519226133,2.1561641185700573,0.0
map,28,67,1788733394.912103,5.066085048865251,2.1660380811195346,0.0
map,28,68,1788733394.912103,5.0890510526254396,2.1759181471847278,0.0
map,28,69,1788733394.912103,5.112015530506699,2.185796687370992,0.0
map,28,70,1788733394.912103,5.13497848250903,2.195682856951901,0.0
map,28,71,1788733394.912103,5.157939908632432,2.2055705524117393,0.0
map,28,72,1788733394.912103,5.180889127724402,2.215487239571228,0.0
map,28,73,1788733394.912103,5.203838346816372,2.225402400851788,0.0
map,28,74,1788733394.912103,5.226784514150484,2.235325191526993,0.0
map,28,75,1788733394.912103,5.249732207363525,2.245246456323269,0.0
map,28,76,1788733394.912103,5.272675322939779,2.2551768763931186,0.0
map,28,77,1788733394.912103,5.2956108091213885,2.2651256070101162,0.0
map,28,78,1788733394.912103,5.31854324354514,2.275081967021759,0.0
map,28,79,1788733394.912103,5.341472626211033,2.2850429046701883,0.0
map,28,80,1788733394.912103,5.364402008876926,2.295003842318618,0.0
map,28,81,1788733394.912103,5.387328339784961,2.3049724093616923,0.0
map,28,82,1788733394.912103,5.410247041298351,2.3149577610729857,0.0
map,28,83,1788733394.912103,5.433164216932813,2.324949216299995,0.0
map,28,84,1788733394.912103,5.456081392567274,2.3349406715270042,0.0
map,28,85,1788733394.912103,5.478995516443877,2.3449382302697295,0.0
map,28,86,1788733394.912103,5.501909640320481,2.3549357890124547,0.0
map,28,87,1788733394.912103,5.524813083044581,2.3649562359391147,0.0
map,28,88,1788733394.912103,5.54771805164761,2.374973631107917,0.0
map,28,89,1788733394.912103,5.570619968492782,2.384998655671364,0.0
map,28,90,1788733394.912103,5.593520359459024,2.395028257871598,0.0
map,28,91,1788733394.912103,5.616419224546338,2.4050593859507607,0.0
map,28,92,1788733394.912103,5.639310460239006,2.4151103504560005,0.0
map,28,93,1788733394.912103,5.6622016959316745,2.4251597890823113,0.0
map,28,94,1788733394.912103,5.685089879866485,2.435215331224338,0.0
map,28,95,1788733394.912103,5.707978063801296,2.445272399245294,0.0
map,28,96,1788733394.912103,5.730863195978248,2.4553340449030365,0.0
map,28,97,1788733394.912103,5.753742224639485,2.465410949350069,0.0
map,28,98,1788733394.912103,5.776621253300721,2.4754893796760307,0.0
map,28,99,1788733394.912103,5.799507911356603,2.4855494994548444,0.0
map,28,100,1788733394.912103,5.822383888259981,2.495632507417593,0.0
map,28,101,1788733394.912103,5.845261391042289,2.5057139895014124,0.0
map,28,102,1788733394.912103,5.9075,2.537,0.9668000000000001
map,29,0,1788733395.9426634,3.195261351554212,1.6557139768354254,0.0
map,29,1,1788733395.9426634,3.2403525997847176,1.6556895627725616,0.0
map,29,2,1788733395.9426634,3.2653526001572466,1.6556788816200587,0.0
map,29,3,1788733395.9426634,3.2903526005297756,1.6556651487096978,0.0
map,29,4,1788733395.9426634,3.3153526009023047,1.65564683816255,0.0
map,29,5,1788733395.9426634,3.3403526012748337,1.6556239499786152,0.0
map,29,6,1788733395.9426634,3.3653526016473627,1.6555964841578934,0.0
map,29,7,1788733395.9426634,3.3903526020198917,1.6555644407003847,0.0
map,29,8,1788733395.9426634,3.4153526023924208,1.65552629372716,0.0
map,29,9,1788733395.9426634,3.439363833218966,1.6624904051590583,0.0
map,29,10,1788733395.9426634,3.463419314534452,1.669297351061271,0.0
map,29,11,1788733395.9426634,3.487461062939577,1.6761485474524243,0.0
map,29,12,1788733395.9426634,3.5115272254075656,1.6829203981392702,0.0
map,29,13,1788733395.9426634,3.5355720255705485,1.6897670168936365,0.0
map,29,14,1788733395.9426634,3.5596244551281764,1.696583118069423,0.0
map,29,15,1788733395.9426634,3.5836509447440115,1.7034938237388069,0.0
map,29,16,1788733395.9426634,3.607526372345877,1.7109050176968985,0.0
map,29,17,1788733395.9426634,3.631394170553097,1.718340625717854,0.0
map,29,18,1788733395.9426634,3.6552802793074655,1.7257243538552238,0.0
map,29,19,1788733395.9426634,3.679152655151473,1.7331462289658184,0.0
map,29,20,1788733395.9426634,3.703034186269054,1.7405421641346202,0.0
map,29,21,1788733395.9426634,3.7268989327184165,1.7479884533080785,0.0
map,29,22,1788733395.9426634,3.7506751781898977,1.7557139783255415,0.0
map,29,23,1788733395.9426634,3.774445320145663,1.7634578138901524,0.0
map,29,24,1788733395.9426634,3.79822766913286,1.7711635024815386,0.0
map,29,25,1788733395.9426634,3.822002388725412,1.7788981827725756,0.0
map,29,26,1788733395.9426634,3.8457832118336803,1.7866099748796778,0.0
map,29,27,1788733395.9426634,3.8695518279105166,1.7943583880810756,0.0
map,29,28,1788733395.9426634,3.89330976283485,1.8021373188610532,0.0
map,29,29,1788733395.9426634,3.9170158178755976,1.8100764669285745,0.0
map,29,30,1788733395.9426634,3.9407188211584874,1.8180262961485987,0.0
map,29,31,1788733395.9426634,3.964426402078164,1.825960866579333,0.0
map,29,32,1788733395.9426634,3.988127879482125,1.8339137475572151,0.0
map,29,33,1788733395.9426634,4.011830882765015,1.8418589991404524,0.0
map,29,34,1788733395.9426634,4.0355262566532595,1.8498301906654824,0.0
map,29,35,1788733395.9426634,4.05918348356828,1.8579142972312574,0.0
map,29,36,1788733395.9426634,4.082837658725442,1.8660075590706064,0.0
map,29,37,1788733395.9426634,4.106494885640462,1.8740901397574525,0.0
map,29,38,1788733395.9426634,4.130147534918695,1.8821879792335885,0.0
map,29,39,1788733395.9426634,4.153801710075857,1.8902797151940085,0.0
map,29,40,1788733395.9426634,4.1774482558383745,1.8983912875805053,0.0
map,29,41,1788733395.9426634,4.201065809901241,1.9065883091870255,0.0
map,29,42,1788733395.9426634,4.2246818380851785,1.9147944860671195,0.0
map,29,43,1788733395.9426634,4.248299392148045,1.9229915076736397,0.0
map,29,44,1788733395.9426634,4.2719123685741245,1.9312022621905207,0.0
map,29,45,1788733395.9426634,4.295526870879133,1.9394069131916858,0.0
map,29,46,1788733395.9426634,4.3191367955473545,1.9476298747399987,0.0
map,29,47,1788733395.9426634,4.342716202636996,1.955935233750477,0.0
map,29,48,1788733395.9426634,4.366298661484496,1.9642329633663103,0.0
map,29,49,1788733395.9426634,4.389879594453067,1.9725398482557175,0.0
map,29,50,1788733395.9426634,4.413460527421638,1.9808436813872667,0.0
map,29,51,1788733395.9426634,4.4370368827534215,1.989158195671319,0.0
map,29,52,1788733395.9426634,4.460613238085205,1.997472709955371,0.0
map,29,53,1788733395.9426634,4.484166705233054,2.0058528370333697,0.0
map,29,54,1788733395.9426634,4.507721698259832,2.0142283864745814,0.0
map,29,55,1788733395.9426634,4.531275165407681,2.022613091189367,0.0
map,29,56,1788733395.9426634,4.554827106676601,2.0309932182673656,0.0
map,29,57,1788733395.9426634,4.578377522066592,2.039385552376796,0.0
map,29,58,1788733395.9426634,4.601926411577654,2.0477763606072976,0.0
map,29,59,1788733395.9426634,4.625456990541569,2.0562236263581717,0.0
map,29,60,1788733395.9426634,4.648987569505483,2.064666314472259,0.0
map,29,61,1788733395.9426634,4.672516622590468,2.073116631980991,0.0
map,29,62,1788733395.9426634,4.696045675675453,2.081563897731865,0.0
map,29,63,1788733395.9426634,4.71957167700258,2.090021844635242,0.0
map,29,64,1788733395.9426634,4.74309462657185,2.098488946812193,0.0
map,29,65,1788733395.9426634,4.766603843230758,2.1069941959623684,0.0
map,29,66,1788733395.9426634,4.790110008131808,2.115504022749331,0.0
map,29,67,1788733395.9426634,4.813617698911788,2.1240123236573645,0.0
map,29,68,1788733395.9426634,4.837122337933909,2.132528253960043,0.0
map,29,69,1788733395.9426634,4.86062850283496,2.1410441842627215,0.0
map,29,70,1788733395.9426634,4.884130090099223,2.149569269838974,0.0
map,29,71,1788733395.9426634,4.907619470332055,2.158124872993806,0.0
map,29,72,1788733395.9426634,4.931107324685957,2.166686579664354,0.0
map,29,73,1788733395.9426634,4.954596704918789,2.1752467604559733,0.0
map,29,74,1788733395.9426634,4.978083033393762,2.1838145706422374,0.0
map,29,75,1788733395.9426634,5.001569361868736,2.1923823808285015,0.0
map,29,76,1788733395.9426634,5.025051112706922,2.2009593462883394,0.0
map,29,77,1788733395.9426634,5.048525234150464,2.2095607258110412,0.0
map,29,78,1788733395.9426634,5.071996303836148,2.218169734728388,0.0
map,29,79,1788733395.9426634,5.095467373521831,2.2267756918878767,0.0
map,29,80,1788733395.9426634,5.118936917328586,2.2353908043209394,0.0
map,29,81,1788733395.9426634,5.142403409377483,2.244010494390789,0.0
map,29,82,1788733395.9426634,5.16586990142638,2.2526332362184966,0.0
map,29,83,1788733395.9426634,5.189325712322773,2.261284969745855,0.0
map,29,84,1788733395.9426634,5.212781523219167,2.2699351773942844,0.0
map,29,85,1788733395.9426634,5.236234282357703,2.2785899626795008,0.0
map,29,86,1788733395.9426634,5.259688567375168,2.287247799722575,0.0
map,29,87,1788733395.9426634,5.283139800634775,2.2959102144024364,0.0
map,29,88,1788733395.9426634,5.306589508015453,2.3045756808401556,0.0
map,29,89,1788733395.9426634,5.3300300601225565,2.3132640354618097,0.0
map,29,90,1788733395.9426634,5.3534721381085895,2.3219539159623928,0.0
map,29,91,1788733395.9426634,5.376911164336764,2.3306483740997628,0.0
map,29,92,1788733395.9426634,5.400350190564939,2.339342832237133,0.0
map,29,93,1788733395.9426634,5.423787690914185,2.3480449197691478,0.0
map,29,94,1788733395.9426634,5.447217561868786,2.3567653178483106,0.0
map,29,95,1788733395.9426634,5.470645906944458,2.3654902935642603,0.0
map,29,96,1788733395.9426634,5.4940712002622725,2.374219846916997,0.0
map,29,97,1788733395.9426634,5.5174980194590155,2.3829509261486628,0.0
map,29,98,1788733395.9426634,5.540921786897901,2.3916850571381865,0.0
map,29,99,1788733395.9426634,5.564345554336786,2.400423765764497,0.0
map,29,100,1788733395.9426634,5.587761692381026,2.4091807849379556,0.0
map,29,101,1788733395.9426634,5.611176304546337,2.417939329990343,0.0
map,29,102,1788733395.9426634,5.634590916711648,2.4267024526795176,0.0
map,29,103,1788733395.9426634,5.65800400299803,2.435465575368692,0.0
map,29,104,1788733395.9426634,5.6814155634054835,2.4442348015735824,0.0
map,29,105,1788733395.9426634,5.704827123812937,2.453005553657402,0.0
map,29,106,1788733395.9426634,5.728231054825745,2.461794616288369,0.0
map,29,107,1788733395.9426634,5.751634985838553,2.4705852047982653,0.0
map,29,108,1788733395.9426634,5.775037390972432,2.4793788450660195,0.0
map,29,109,1788733395.9426634,5.7984565807745305,2.488126708965904,0.0
map,29,110,1788733395.9426634,5.821862037666268,2.4969127198390133,0.0
map,29,111,1788733395.9426634,5.845261391042289,2.5057139895014124,0.0
map,29,112,1788733395.9426634,5.9075,2.537,0.9668000000000001
map,30,0,1788733396.955572,2.911658904500783,1.6557139768354254,0.0
map,30,1,1788733396.955572,2.9437252501934523,1.6552241696992205,0.0
map,30,2,1788733396.955572,2.9687252505659814,1.6549861325862985,0.0
map,30,3,1788733396.955572,2.9937221991806524,1.654665698011211,0.0
map,30,4,1788733396.955572,3.0187191477953235,1.6542674436107454,0.0
map,30,5,1788733396.955572,3.0437145705310655,1.6537623776852506,0.0
map,30,6,1788733396.955572,3.0687069415089496,1.6531566037504426,0.0
map,30,7,1788733396.955572,3.0936962607289757,1.6524180783488127,0.0
map,30,8,1788733396.955572,3.118681002312215,1.6515605343907218,0.0
map,30,9,1788733396.955572,3.143661166258667,1.6505473507818742,0.0
map,30,10,1788733396.955572,3.1678753389827676,1.6567637815385687,0.0
map,30,11,1788733396.955572,3.192083408191152,1.663006152237056,0.0
map,30,12,1788733396.955572,3.2163250467359745,1.6691172973476505,0.0
map,30,13,1788733396.955572,3.240552952370436,1.6752833740996884,0.0
map,30,14,1788733396.955572,3.264799168552045,1.681376208663135,0.0
map,30,15,1788733396.955572,3.2890255483075777,1.687545337173031,0.0
map,30,16,1788733396.955572,3.313261083336684,1.693682422225418,0.0
map,30,17,1788733396.955572,3.3374737301818556,1.6999049564978286,0.0
map,30,18,1788733396.955572,3.3615322632551994,1.7067012212475383,0.0
map,30,19,1788733396.955572,3.385606055117833,1.7134425543558045,0.0
map,30,20,1788733396.955572,3.40967526934368,1.7202006721322896,0.0
map,30,21,1788733396.955572,3.4337536388431005,1.7269267464512659,0.0
map,30,22,1788733396.955572,3.457824378947876,1.733681812469893,0.0
map,30,23,1788733396.955572,3.48189817081051,1.7404246714570881,0.0
map,30,24,1788733396.955572,3.5059597556417117,1.747207203296437,0.0
map,30,25,1788733396.955572,3.5300228663518425,1.7539882092568568,0.0
map,30,26,1788733396.955572,3.554009683115524,1.7610347181509205,0.0
map,30,27,1788733396.955572,3.5780041292738503,1.7680537612242624,0.0
map,30,28,1788733396.955572,3.6019924719164607,1.7750895889658231,0.0
map,30,29,1788733396.955572,3.625986918074787,1.782113209675952,0.0
map,30,30,1788733396.955572,3.6499722089595394,1.7891597185700157,0.0
map,30,31,1788733396.955572,3.67396055160215,1.7962031757062213,0.0
map,30,32,1788733396.955572,3.6979382130922573,1.8032756245420778,0.0
map,30,33,1788733396.955572,3.721876201730211,1.810485402481543,0.0
map,30,34,1788733396.955572,3.745809612731378,1.8177089133313693,0.0
map,30,35,1788733396.955572,3.769747601369332,1.8249171653919056,0.0
map,30,36,1788733396.955572,3.7936810123704987,1.8321452538785188,0.0
map,30,37,1788733396.955572,3.8176159492505946,1.839364187091558,0.0
map,30,38,1788733396.955572,3.8415432567360455,1.846607534367461,0.0
map,30,39,1788733396.955572,3.8654720901004254,1.8538478298855061,0.0
map,30,40,1788733396.955572,3.8893643023705096,1.8612056180810832,0.0
map,30,41,1788733396.955572,3.9132610922773807,1.8685511992452284,0.0
map,30,42,1788733396.955572,3.937153304547465,1.8759105133197345,0.0
map,30,43,1788733396.955572,3.961042465059691,1.8832820344256724,0.0
map,30,44,1788733396.955572,3.9849316255719174,1.8906520296526814,0.0
map,30,45,1788733396.955572,4.008814682568428,1.8980372836689803,0.0
map,30,46,1788733396.955572,4.032699265443867,1.9054240635642081,0.0
map,30,47,1788733396.955572,4.056556382498584,1.9128947668005303,0.0
map,30,48,1788733396.955572,4.08041655131116,1.9203578406422075,0.0
map,30,49,1788733396.955572,4.104273668365877,1.9278315956363876,0.0
map,30,50,1788733396.955572,4.128130785420595,1.9353038247516388,0.0
map,30,51,1788733396.955572,4.151984850717454,1.9427867350193928,0.0
map,30,52,1788733396.955572,4.175837390135385,1.9502726970450048,0.0
map,30,53,1788733396.955572,4.19966856724831,1.9578273236224213,0.0
map,30,54,1788733396.955572,4.223501270240163,1.9653773725630508,0.0
map,30,55,1788733396.955572,4.247330921474159,1.9729365767772542,0.0
map,30,56,1788733396.955572,4.271162098587084,1.9804912033546707,0.0
map,30,57,1788733396.955572,4.2949902239421505,1.988058036963519,0.0
map,30,58,1788733396.955572,4.318818349297217,1.9956233446934384,0.0
map,30,59,1788733396.955572,4.342641897015497,2.0032023853337186,0.0
map,30,60,1788733396.955572,4.366451711823416,2.0108241505840105,0.0
map,30,61,1788733396.955572,4.390258474873477,2.0184535452289474,0.0
map,30,62,1788733396.955572,4.414066763802467,2.0260783622370973,0.0
map,30,63,1788733396.955572,4.437872000973599,2.03371386039775,0.0
map,30,64,1788733396.955572,4.4616787640236595,2.041349358558403,0.0
map,30,65,1788733396.955572,4.485480949436933,2.0489940119926295,0.0
map,30,66,1788733396.955572,4.5092678760609175,2.056687493552584,0.0
map,30,67,1788733396.955572,4.533054802684902,2.06437792335468,0.0
map,30,68,1788733396.955572,4.556840203429957,2.0720744566724925,0.0
map,30,69,1788733396.955572,4.580627130053941,2.0797709899903047,0.0
map,30,70,1788733396.955572,4.604409479041138,2.087475152702762,0.0
map,30,71,1788733396.955572,4.628193353907264,2.095179315415219,0.0
map,30,72,1788733396.955572,4.651974177015532,2.1028926334012503,0.0
map,30,73,1788733396.955572,4.675744318971297,2.11063799484479,0.0
map,30,74,1788733396.955572,4.6995114091692045,2.118387933925117,0.0
map,30,75,1788733396.955572,4.723280025246041,2.126137873005444,0.0
map,30,76,1788733396.955572,4.747047115443948,2.1338939156014867,0.0
map,30,77,1788733396.955572,4.770812679762926,2.1416499581975295,0.0
map,30,78,1788733396.955572,4.7945767182029755,2.149415156067146,0.0
map,30,79,1788733396.955572,4.818331601369451,2.1572078197574847,0.0
map,30,80,1788733396.955572,4.842083432778068,2.16500506108461,0.0
map,30,81,1788733396.955572,4.8658367900656145,2.1728023024117356,0.0
map,30,82,1788733396.955572,4.889588621474232,2.180605647254577,0.0
map,30,83,1788733396.955572,4.91333892700392,2.1884089920974183,0.0
map,30,84,1788733396.955572,4.93708770665468,2.1962199663349047,0.0
map,30,85,1788733396.955572,4.960833434547581,2.204037044088107,0.0
map,30,86,1788733396.955572,4.9845730589247665,2.211878535904173,0.0
map,30,87,1788733396.955572,5.008309631544094,2.219723079478097,0.0
map,30,88,1788733396.955572,5.0320462041634215,2.22756914893095,0.0
map,30,89,1788733396.955572,5.055782776782749,2.23541979602059,0.0
map,30,90,1788733396.955572,5.0795162976442185,2.243271968989159,0.0
map,30,91,1788733396.955572,5.103249818505688,2.251130245473444,0.0
map,30,92,1788733396.955572,5.126975709972513,2.259009884262735,0.0
map,30,93,1788733396.955572,5.150700075560408,2.2668941006888126,0.0
map,30,94,1788733396.955572,5.174424441148304,2.2747783171148903,0.0
map,30,95,1788733396.955572,5.198145754978341,2.282668637056684,0.0
map,30,96,1788733396.955572,5.221868594687308,2.2905589569984777,0.0
map,30,97,1788733396.955572,5.245588382638417,2.2984553804559873,0.0
map,30,98,1788733396.955572,5.269302067073809,2.3063716403395738,0.0
map,30,99,1788733396.955572,5.293014225630273,2.314290951981018,0.0
map,30,100,1788733396.955572,5.316726384186737,2.3222102636224626,0.0
map,30,101,1788733396.955572,5.340437016864271,2.330135678779623,0.0
map,30,102,1788733396.955572,5.364147649541806,2.3380610939367834,0.0
map,30,103,1788733396.955572,5.387856756340412,2.3459926126096597,0.0
map,30,104,1788733396.955572,5.41156281138116,2.353928708919323,0.0
map,30,105,1788733396.955572,5.43526428878512,2.361881589897205,0.0
map,30,106,1788733396.955572,5.458964240310152,2.3698390485118743,0.0
map,30,107,1788733396.955572,5.482664191835184,2.3777965071265434,0.0
map,30,108,1788733396.955572,5.506362617481287,2.3857570174990705,0.0
map,30,109,1788733396.955572,5.5300610431273896,2.3937205796294556,0.0
map,30,110,1788733396.955572,5.553756417015634,2.4016887193966276,0.0
map,30,111,1788733396.955572,5.577447213267092,2.4096721179530896,0.0
map,30,112,1788733396.955572,5.60113800951855,2.4176600941463384,0.0
map,30,113,1788733396.955572,5.624827279891079,2.4256480703395873,0.0
map,30,114,1788733396.955572,5.648515024384679,2.433639098290694,0.0
map,30,115,1788733396.955572,5.672202768878279,2.441633177999659,0.0
map,30,116,1788733396.955572,5.69588898749295,2.4496318353454107,0.0
map,30,117,1788733396.955572,5.719570628470834,2.4576426997225944,0.0
map,30,118,1788733396.955572,5.743250743569789,2.465658141736565,0.0
map,30,119,1788733396.955572,5.766929332789815,2.4736766355083937,0.0
map,30,120,1788733396.955572,5.7906079220098405,2.4816966551591513,0.0
map,30,121,1788733396.955572,5.814301770019156,2.4896724243209682,0.0
map,30,122,1788733396.955572,5.83798341099704,2.49768634045601,0.0
map,30,123,1788733396.955572,5.861658948459208,2.5057139895014124,0.0
map,30,124,1788733396.955572,5.9075,2.537,0.9668000000000001
map,31,0,1788733397.9814851,2.5616588992853764,1.6557139768354254,0.0
map,31,1,1788733397.9814851,2.6052730967126223,1.6553691281974743,0.0
map,31,2,1788733397.9814851,2.6302730970851513,1.6552089109099306,0.0
map,31,3,1788733397.9814851,2.6552715715787514,1.6549968137388014,0.0
map,31,4,1788733397.9814851,2.6802700460723514,1.6547328366840865,0.0
map,31,5,1788733397.9814851,2.7052685205659515,1.6544032468354253,0.0
map,31,6,1788733397.9814851,2.7302654691806225,1.6540080441928176,0.0
map,31,7,1788733397.9814851,2.7552608919163646,1.6535319699669735,0.0
map,31,8,1788733397.9814851,2.7802547887731777,1.652976550036822,0.0
map,31,9,1788733397.9814851,2.8052456338721328,1.6523265256130735,0.0
map,31,10,1788733397.9814851,2.830234953092159,1.6515864743325146,0.0
map,31,11,1788733397.9814851,2.8545727220095074,1.6573054685583593,0.0
map,31,12,1788733397.9814851,2.8789394826265067,1.662897814833098,0.0
map,31,13,1788733397.9814851,2.90330013972779,1.6685145751707005,0.0
map,31,14,1788733397.9814851,2.927676055618363,1.6740611450775695,0.0
map,31,15,1788733397.9814851,2.9520428162353625,1.6796534913523082,0.0
map,31,16,1788733397.9814851,2.9764172062470067,1.6852137941695382,0.0
map,31,17,1788733397.9814851,3.00077786334829,1.6908336062649987,0.0
map,31,18,1788733397.9814851,3.0251385204495733,1.6964457889658142,0.0
map,31,19,1788733397.9814851,3.0494854446404958,1.7021251103395052,0.0
map,31,20,1788733397.9814851,3.073733186701034,1.7082133672661648,0.0
map,31,21,1788733397.9814851,3.0979763511247853,1.7143184088610433,0.0
map,31,22,1788733397.9814851,3.1222286708221105,1.720386829361626,0.0
map,31,23,1788733397.9814851,3.146473361124791,1.7264827156829305,0.0
map,31,24,1788733397.9814851,3.170724154943187,1.7325572396992293,0.0
map,31,25,1788733397.9814851,3.1949673193669383,1.7386653330519657,0.0
map,31,26,1788733397.9814851,3.2192104837906896,1.7447657970100572,0.0
map,31,27,1788733397.9814851,3.243446018819796,1.7509059338203024,0.0
map,31,28,1788733397.9814851,3.267626622207459,1.7572505384070318,0.0
map,31,29,1788733397.9814851,3.2918041738372636,1.7636104017830512,0.0
map,31,30,1788733397.9814851,3.3159878289827844,1.7699473769751357,0.0
map,31,31,1788733397.9814851,3.3401653806125893,1.776304188593297,0.0
map,31,32,1788733397.9814851,3.364347509879181,1.7826487931800266,0.0
map,31,33,1788733397.9814851,3.388523535630057,1.7890178118296198,0.0
map,31,34,1788733397.9814851,3.4126995613809328,1.7953792010845682,0.0
map,31,35,1788733397.9814851,3.4368694836160927,1.8017695820391673,0.0
map,31,36,1788733397.9814851,3.460999732999099,1.8083079732498781,0.0
map,31,37,1788733397.9814851,3.485133034139963,1.8148326315502281,0.0
map,31,38,1788733397.9814851,3.5092632835229693,1.821367971003081,0.0
map,31,39,1788733397.9814851,3.5333965846638336,1.827895681061289,0.0
map,31,40,1788733397.9814851,3.557525308167911,1.8344371240298578,0.0
map,31,41,1788733397.9814851,3.581654031671988,1.8409770411194977,0.0
map,31,42,1788733397.9814851,3.6057797034182073,1.8475322169984274,0.0
map,31,43,1788733397.9814851,3.6299038492854976,1.854090444635215,0.0
map,31,44,1788733397.9814851,3.654002055210995,1.860746328523458,0.0
map,31,45,1788733397.9814851,3.6781017870154216,1.867393057138127,0.0
map,31,46,1788733397.9814851,3.702199992940919,1.8740504669052989,0.0
map,31,47,1788733397.9814851,3.7262981988664166,1.8807032990356838,0.0
map,31,48,1788733397.9814851,3.750393353034056,1.8873683381975006,0.0
map,31,49,1788733397.9814851,3.7744885072016956,1.8940318514803884,0.0
map,31,50,1788733397.9814851,3.798580609611477,1.9007106235525661,0.0
map,31,51,1788733397.9814851,3.822654401474111,1.9074534825397613,0.0
map,31,52,1788733397.9814851,3.8467251415788866,1.9142024450426725,0.0
map,31,53,1788733397.9814851,3.8707989334415203,1.9209468299087966,0.0
map,31,54,1788733397.9814851,3.894869673546296,1.9277003700484947,0.0
map,31,55,1788733397.9814851,3.9189404136510717,1.9344508584303348,0.0
map,31,56,1788733397.9814851,3.9430081019979895,1.9412120279646778,0.0
map,31,57,1788733397.9814851,3.967077316223836,1.9479731974990209,0.0
map,31,58,1788733397.9814851,3.991141952812896,1.9547480999437248,0.0
map,31,59,1788733397.9814851,4.015194382370524,1.9615672528773693,0.0
map,31,60,1788733397.9814851,4.039243760170294,1.9683940352056588,0.0
map,31,61,1788733397.9814851,4.063294663848993,1.9752162398971613,0.0
map,31,62,1788733397.9814851,4.0873425157698335,1.9820475998622378,0.0
map,31,63,1788733397.9814851,4.1113888418117455,1.9888865892219592,0.0
map,31,64,1788733397.9814851,4.135435167853657,1.9957271044606095,0.0
map,31,65,1788733397.9814851,4.159478442137711,2.002576774972834,0.0
map,31,66,1788733397.9814851,4.183511035269262,2.009466118337212,0.0
map,31,67,1788733397.9814851,4.207542102521884,2.0163600393383767,0.0
map,31,68,1788733397.9814851,4.2315731697745065,2.0232524344606126,0.0
map,31,69,1788733397.9814851,4.2556027111481995,2.0301494072196355,0.0
map,31,70,1788733397.9814851,4.279632252521893,2.0370479058575874,0.0
map,31,71,1788733397.9814851,4.303658742137728,2.0439540338901843,0.0
map,31,72,1788733397.9814851,4.327685231753563,2.05086168780171,0.0
map,31,73,1788733397.9814851,4.351701040216895,2.0578090145653896,0.0
map,31,74,1788733397.9814851,4.375716848680227,2.06475481545014,0.0
map,31,75,1788733397.9814851,4.39973113126463,2.0717051939716775,0.0
map,31,76,1788733397.9814851,4.4237454138490335,2.078654046614286,0.0
map,31,77,1788733397.9814851,4.447759696433437,2.0856105286515394,0.0
map,31,78,1788733397.9814851,4.471770927259982,2.092567010688793,0.0
map,31,79,1788733397.9814851,4.495782158086527,2.099529596241762,0.0
map,31,80,1788733397.9814851,4.519784233639498,2.1065226993733113,0.0
map,31,81,1788733397.9814851,4.543784783313541,2.1135188542627183,0.0
map,31,82,1788733397.9814851,4.567786858866512,2.1205150091521254,0.0
map,31,83,1788733397.9814851,4.591785882661625,2.1275157416783195,0.0
map,31,84,1788733397.9814851,4.615786432335668,2.1345149483255845,0.0
map,31,85,1788733397.9814851,4.639783930251852,2.1415217843674945,0.0
map,31,86,1788733397.9814851,4.663782954046965,2.1485301462883335,0.0
map,31,87,1788733397.9814851,4.687778926084221,2.1555446117248884,0.0
map,31,88,1788733397.9814851,4.711767268726831,2.162580439466449,0.0
map,31,89,1788733397.9814851,4.7357556113694415,2.169620844844797,0.0
map,31,90,1788733397.9814851,4.759742428133123,2.1766658278599316,0.0
map,31,91,1788733397.9814851,4.783729244896804,2.1837108108750662,0.0
map,31,92,1788733397.9814851,4.807714535781557,2.190761897405917,0.0
map,31,93,1788733397.9814851,4.831699826666309,2.1978145098156965,0.0
map,31,94,1788733397.9814851,4.855682065793204,2.204871699862263,0.0
map,31,95,1788733397.9814851,4.879659727283311,2.2119487263349065,0.0
map,31,96,1788733397.9814851,4.90363586289449,2.219030330444337,0.0
map,31,97,1788733397.9814851,4.927611998505668,2.2261104086748382,0.0
map,31,98,1788733397.9814851,4.951586608237918,2.2331965904210556,0.0
map,31,99,1788733397.9814851,4.975561217970167,2.240282772167273,0.0
map,31,100,1788733397.9814851,4.999534301823488,2.247373531550277,0.0
map,31,101,1788733397.9814851,5.023507385676808,2.2544673426911395,0.0
map,31,102,1788733397.9814851,5.047474366014413,2.2615809902580786,0.0
map,31,103,1788733397.9814851,5.071439820473088,2.2686961637039467,0.0
map,31,104,1788733397.9814851,5.095405274931764,2.2758128630287437,0.0
map,31,105,1788733397.9814851,5.11937072939044,2.28293108823247,0.0
map,31,106,1788733397.9814851,5.143334657970186,2.290053891072983,0.0
map,31,107,1788733397.9814851,5.167298586549933,2.297178219792425,0.0
map,31,108,1788733397.9814851,5.191259463371821,2.304307126148654,0.0
map,31,109,1788733397.9814851,5.215217288435852,2.3114512912941727,0.0
map,31,110,1788733397.9814851,5.239173587620954,2.3185985081975495,0.0
map,31,111,1788733397.9814851,5.263129886806055,2.3257472509798554,0.0
map,31,112,1788733397.9814851,5.287086185991157,2.332899045520019,0.0
map,31,113,1788733397.9814851,5.311039433418401,2.340053891818041,0.0
map,31,114,1788733397.9814851,5.3349926808456445,2.3472117898739207,0.0
map,31,115,1788733397.9814851,5.358945928272888,2.3543727396876584,0.0
map,31,116,1788733397.9814851,5.382893072184416,2.361548948290686,0.0
map,31,117,1788733397.9814851,5.406840216095944,2.3687282086515715,0.0
map,31,118,1788733397.9814851,5.430787360007471,2.375907469012457,0.0
map,31,119,1788733397.9814851,5.45473297804007,2.3830897811312006,0.0
map,31,120,1788733397.9814851,5.478678596072669,2.390273619128873,0.0
map,31,121,1788733397.9814851,5.502624214105268,2.3974605088844037,0.0
map,31,122,1788733397.9814851,5.5265683062589375,2.404650450397792,0.0
map,31,123,1788733397.9814851,5.55050782077582,2.4118556507004705,0.0
map,31,124,1788733397.9814851,5.574445809413774,2.41905932512422,0.0
map,31,125,1788733397.9814851,5.598385323930657,2.426267577184756,0.0
map,31,126,1788733397.9814851,5.622323312568611,2.4334773551242215,0.0
map,31,127,1788733397.9814851,5.646259775327636,2.4406886589426158,0.0
map,31,128,1788733397.9814851,5.67019623808666,2.447903014518868,0.0
map,31,129,1788733397.9814851,5.694132700845685,2.4551204218529783,0.0
map,31,130,1788733397.9814851,5.718064585967923,2.4623500362185204,0.0
map,31,131,1788733397.9814851,5.741994945211232,2.4695811764629916,0.0
map,31,132,1788733397.9814851,5.76592683033347,2.4768138425863917,0.0
map,31,133,1788733397.9814851,5.78985566369785,2.48404956046765,0.0
map,31,134,1788733397.9814851,5.8137982299725905,2.4912425537388962,0.0
map,31,135,1788733397.9814851,5.837730115094828,2.4984721681044384,0.0
map,31,136,1788733397.9814851,5.861658948459208,2.5057139895014124,0.0
map,31,137,1788733397.9814851,5.9075,2.537,0.9668000000000001
map,32,0,1788733399.013993,2.111658892579854,1.5557139753453093,0.0
map,32,1,1788733399.013993,2.1409054140117547,1.5554866193848902,0.0
map,32,2,1788733399.013993,2.1659054143842837,1.5553752302230741,0.0
map,32,3,1788733399.013993,2.1909054147568128,1.5552226423301754,0.0
map,32,4,1788733399.013993,2.215903889250413,1.55503495922191,0.0
map,32,5,1788733399.013993,2.240903889622942,1.55479387035113,0.0
map,32,6,1788733399.013993,2.265902364116542,1.5545054792335513,0.0
map,32,7,1788733399.013993,2.290899312731213,1.5541514753220262,0.0
map,32,8,1788733399.013993,2.315896261345884,1.5537394880111997,0.0
map,32,9,1788733399.013993,2.340891684081626,1.5532512067539237,0.0
map,32,10,1788733399.013993,2.36588405505951,1.5526942609448433,0.0
map,32,11,1788733399.013993,2.3908764260373943,1.5520503400368106,0.0
map,32,12,1788733399.013993,2.4152782818697602,1.5574885725397216,0.0
map,32,13,1788733399.013993,2.4396725083074813,1.5629542708633544,0.0
map,32,14,1788733399.013993,2.464089622929137,1.568320787056603,0.0
map,32,15,1788733399.013993,2.488497582277219,1.5737346054966501,0.0
map,32,16,1788733399.013993,2.512916222777804,1.5790934922952538,0.0
map,32,17,1788733399.013993,2.537321130368028,1.5845134142510169,0.0
map,32,18,1788733399.013993,2.5617321414739678,1.5899073962649872,0.0
map,32,19,1788733399.013993,2.586127893790618,1.595371568709691,0.0
map,32,20,1788733399.013993,2.610509913196907,1.6008937245536963,0.0
map,32,21,1788733399.013993,2.63479580223067,1.6068278677085281,0.0
map,32,22,1788733399.013993,2.659078639506575,1.612772692015863,0.0
map,32,23,1788733399.013993,2.6833691061771248,1.61868394698676,0.0
map,32,24,1788733399.013993,2.7076565210898167,1.6246165642626629,0.0
map,32,25,1788733399.013993,2.7319454618814376,1.630530870991418,0.0
map,32,26,1788733399.013993,2.7562298250362716,1.6364726435408947,0.0
map,32,27,1788733399.013993,2.7805141881911055,1.6424098384535846,0.0
map,32,28,1788733399.013993,2.8047909219512945,1.6483790768237832,0.0
map,32,29,1788733399.013993,2.8290676557114836,1.6543498410729107,0.0
map,32,30,1788733399.013993,2.853290983709158,1.6605357542510255,0.0
map,32,31,1788733399.013993,2.8775188893436194,1.6667018310030635,0.0
map,32,32,1788733399.013993,2.901742217341294,1.6728831665443913,0.0
map,32,33,1788733399.013993,2.9259685970968263,1.6790522950542872,0.0
map,32,34,1788733399.013993,2.950190399215572,1.68524125999026,0.0
map,32,35,1788733399.013993,2.9744137272132463,1.6914241214105168,0.0
map,32,36,1788733399.013993,2.9986309516952048,1.6976313968936374,0.0
map,32,37,1788733399.013993,3.0228481761771633,1.703837146497829,0.0
map,32,38,1788733399.013993,3.047030305443755,1.7101802252056295,0.0
map,32,39,1788733399.013993,3.071215486468205,1.7165095710030691,0.0
map,32,40,1788733399.013993,3.0953976157347967,1.7228526497108696,0.0
map,32,41,1788733399.013993,3.1195827967592464,1.7291865731450962,0.0
map,32,42,1788733399.013993,3.1437634001469092,1.7355357553686126,0.0
map,32,43,1788733399.013993,3.167944003534572,1.741880359955342,0.0
map,32,44,1788733399.013993,3.192120029285448,1.7482448009681484,0.0
map,32,45,1788733399.013993,3.2162975809152528,1.7546077161020257,0.0
map,32,46,1788733399.013993,3.240449192603265,1.7610652357295002,0.0
map,32,47,1788733399.013993,3.264603856049135,1.7675120742044719,0.0
map,32,48,1788733399.013993,3.288753941858218,1.7739711197108754,0.0
map,32,49,1788733399.013993,3.312907079425159,1.780424061701563,0.0
map,32,50,1788733399.013993,3.337057165234242,1.7868892107236825,0.0
map,32,51,1788733399.013993,3.361202673406538,1.7933665667772338,0.0
map,32,52,1788733399.013993,3.385349707457763,1.7998439228307852,0.0
map,32,53,1788733399.013993,3.4094753792039825,1.806397572830786,0.0
map,32,54,1788733399.013993,3.4336025768291307,1.8129451193150707,0.0
map,32,55,1788733399.013993,3.45772824857535,1.8194987693150715,0.0
map,32,56,1788733399.013993,3.4818554462004982,1.8260493675572143,0.0
map,32,57,1788733399.013993,3.5059795920677885,1.832607595194002,0.0
map,32,58,1788733399.013993,3.530103737935079,1.8391658228307897,0.0
map,32,59,1788733399.013993,3.554224832044511,1.8457347316200803,0.0
map,32,60,1788733399.013993,3.5783474520328724,1.852303640409371,0.0
map,32,61,1788733399.013993,3.602453287353015,1.858929006719034,0.0
map,32,62,1788733399.013993,3.6265606485520863,1.8655497953919102,0.0
map,32,63,1788733399.013993,3.6506664838722287,1.8721766875805024,0.0
map,32,64,1788733399.013993,3.674772319192371,1.8788020538901655,0.0
map,32,65,1788733399.013993,3.6988766286335846,1.8854365754734026,0.0
map,32,66,1788733399.013993,3.722979412195869,1.8920680452987817,0.0
map,32,67,1788733399.013993,3.7470821957581535,1.8987101962766637,0.0
map,32,68,1788733399.013993,3.771183453441509,1.9053538731334747,0.0
map,32,69,1788733399.013993,3.7952725040934325,1.9120387487213684,0.0
map,32,70,1788733399.013993,3.819363080624285,1.918722098430333,0.0
map,32,71,1788733399.013993,3.8434506053972797,1.9254115516550137,0.0
map,32,72,1788733399.013993,3.8675396560492032,1.9320994790007653,0.0
map,32,73,1788733399.013993,3.891627180822198,1.9387950357411619,0.0
map,32,74,1788733399.013993,3.9157131797162634,1.9454905924815584,0.0
map,32,75,1788733399.013993,3.9397976527314,1.9521937786166,0.0
map,32,76,1788733399.013993,3.9638744963518917,1.9589274823302212,0.0
map,32,77,1788733399.013993,3.9879482882145254,1.9656657636806294,0.0
map,32,78,1788733399.013993,4.012023605956088,1.9724025191521086,0.0
map,32,79,1788733399.013993,4.036097397818722,1.9791453781393038,0.0
map,32,80,1788733399.013993,4.0601696638024265,1.985894340642215,0.0
map,32,81,1788733399.013993,4.084240403907202,1.992643303145126,0.0
map,32,82,1788733399.013993,4.108311144011978,1.9993983691637531,0.0
map,32,83,1788733399.013993,4.13237272884318,2.006180901003102,0.0
map,32,84,1788733399.013993,4.1564343136743815,2.012968010479238,0.0
map,32,85,1788733399.013993,4.180495898505583,2.0197535940764446,0.0
map,32,86,1788733399.013993,4.204555957457856,2.0265437553104384,0.0
map,32,87,1788733399.013993,4.228616016410129,2.033333916544432,0.0
map,32,88,1788733399.013993,4.252674549483473,2.040130181294142,0.0
map,32,89,1788733399.013993,4.276733082556817,2.0469264460438517,0.0
map,32,90,1788733399.013993,4.3007900897512314,2.0537288143092773,0.0
map,32,91,1788733399.013993,4.32484099342993,2.060554070758638,0.0
map,32,92,1788733399.013993,4.3488903712297,2.0673823789658563,0.0
map,32,93,1788733399.013993,4.37293974902947,2.0742106871730748,0.0
map,32,94,1788733399.013993,4.396987600950311,2.081042047138151,0.0
map,32,95,1788733399.013993,4.421035452871152,2.0878749329821567,0.0
map,32,96,1788733399.013993,4.445083304791993,2.094712396462949,0.0
map,32,97,1788733399.013993,4.469129630833905,2.1015513858226704,0.0
map,32,98,1788733399.013993,4.493168327481172,2.1084132633663266,0.0
map,32,99,1788733399.013993,4.517208550007368,2.115275140909983,0.0
map,32,100,1788733399.013993,4.541247246654635,2.122141596090426,0.0
map,32,101,1788733399.013993,4.565285943301902,2.12900652539194,0.0
map,32,102,1788733399.013993,4.58932311407024,2.1358775582091702,0.0
map,32,103,1788733399.013993,4.613361810717507,2.1427470651474714,0.0
map,32,104,1788733399.013993,4.637397455606916,2.1496242014804174,0.0
map,32,105,1788733399.013993,4.661426996980609,2.1565211742394403,0.0
map,32,106,1788733399.013993,4.685456538354302,2.1634166211195343,0.0
map,32,107,1788733399.013993,4.709486079727995,2.170316645636415,0.0
map,32,108,1788733399.013993,4.733514095222759,2.177216670153296,0.0
map,32,109,1788733399.013993,4.757542110717523,2.184121272306964,0.0
map,32,110,1788733399.013993,4.781570126212287,2.1910258744606317,0.0
map,32,111,1788733399.013993,4.805596615828122,2.1979350542510865,0.0
map,32,112,1788733399.013993,4.829621579565028,2.2048457599204703,0.0
map,32,113,1788733399.013993,4.8536434915440765,2.211774776137002,0.0
map,32,114,1788733399.013993,4.877663877644196,2.2187022664746046,0.0
map,32,115,1788733399.013993,4.901684263744315,2.225634334448994,0.0
map,32,116,1788733399.013993,4.925703123965505,2.2325664024233838,0.0
map,32,117,1788733399.013993,4.949721984186695,2.2395015221556314,0.0
map,32,118,1788733399.013993,4.973740844407885,2.246439693645737,0.0
map,32,119,1788733399.013993,4.997756652871217,2.2533793910147715,0.0
map,32,120,1788733399.013993,5.021770935455621,2.260334347173096,0.0
map,32,121,1788733399.013993,5.045782166282166,2.2672923550892783,0.0
map,32,122,1788733399.013993,5.06979492298764,2.2742488371265317,0.0
map,32,123,1788733399.013993,5.093806153814185,2.281209896800572,0.0
map,32,124,1788733399.013993,5.11781738464073,2.2881724823535414,0.0
map,32,125,1788733399.013993,5.141828615467276,2.2951365937854398,0.0
map,32,126,1788733399.013993,5.165838320414892,2.302103756975196,0.0
map,32,127,1788733399.013993,5.189843447725721,2.3090861789542423,0.0
map,32,128,1788733399.013993,5.21384857503655,2.3160670750543595,0.0
map,32,129,1788733399.013993,5.237852176468451,2.3230510229123347,0.0
map,32,130,1788733399.013993,5.26185730377928,2.330036496649239,0.0
map,32,131,1788733399.013993,5.28586090521118,2.337025022144001,0.0
map,32,132,1788733399.013993,5.3098629807641515,2.344016599396621,0.0
map,32,133,1788733399.013993,5.333865056317123,2.35100970252817,0.0
map,32,134,1788733399.013993,5.357862554233307,2.358015012691151,0.0
map,32,135,1788733399.013993,5.3818615780284205,2.36502337461199,0.0
map,32,136,1788733399.013993,5.405859075944605,2.372031736532829,0.0
map,32,137,1788733399.013993,5.42985504798186,2.379041624332597,0.0
map,32,138,1788733399.013993,5.4538525458980445,2.386054563890223,0.0
map,32,139,1788733399.013993,5.477846992056371,2.393069029326778,0.0
map,32,140,1788733399.013993,5.501842964093626,2.400086546521191,0.0
map,32,141,1788733399.013993,5.5258343584940945,2.4071147448681067,0.0
map,32,142,1788733399.013993,5.549825752894563,2.4141444690939515,0.0
map,32,143,1788733399.013993,5.573817147295031,2.4211757191987253,0.0
map,32,144,1788733399.013993,5.597807015816571,2.428208495182428,0.0
map,32,145,1788733399.013993,5.62179688433811,2.43524279704506,0.0
map,32,146,1788733399.013993,5.6457852269807205,2.4422801506655496,0.0
map,32,147,1788733399.013993,5.66977509550226,2.4493190301649683,0.0
map,32,148,1788733399.013993,5.693760386387012,2.45636859081689,0.0
map,32,149,1788733399.013993,5.717745677271765,2.4634196773477406,0.0
map,32,150,1788733399.013993,5.741729442277588,2.47047228975752,0.0
map,32,151,1788733399.013993,5.765713207283412,2.477526428046229,0.0
map,32,152,1788733399.013993,5.789696972289235,2.4845836180927954,0.0
map,32,153,1788733399.013993,5.813691418447561,2.4916026611661373,0.0
map,32,154,1788733399.013993,5.837676709332314,2.498652221818059,0.0
map,32,155,1788733399.013993,5.861658948459208,2.5057139895014124,0.0
map,32,156,1788733399.013993,5.9075,2.537,0.9668000000000001
map,33,0,1788733400.0419,2.0116588910897377,1.5557139753453093,0.0
map,33,1,1788733400.0419,2.0373180711595893,1.5556758283720846,0.0
map,33,2,1788733400.0419,2.0623180715321183,1.5556575178249368,0.0
map,33,3,1788733400.0419,2.0873180719046474,1.555631577883144,0.0
map,33,4,1788733400.0419,2.1123180722771764,1.5555995344256353,0.0
map,33,5,1788733400.0419,2.1373180726497054,1.5555583356945526,0.0
map,33,6,1788733400.0419,2.1623180730222344,1.555509507568825,0.0
map,33,7,1788733400.0419,2.1873180733947635,1.5554499982905945,0.0
map,33,8,1788733400.0419,2.2123180737672925,1.555378281980932,0.0
map,33,9,1788733400.0419,2.2373180741398215,1.5552943586398378,0.0
map,33,10,1788733400.0419,2.2623180745123506,1.5551982282673116,0.0
map,33,11,1788733400.0419,2.2873180748848796,1.5550868391054955,0.0
map,33,12,1788733400.0419,2.3123165493784796,1.5549617170333185,0.0
map,33,13,1788733400.0419,2.3367382416369225,1.5603099226794193,0.0
map,33,14,1788733400.0419,2.3611568821375073,1.565668809478023,0.0
map,33,15,1788733400.0419,2.385590781427382,1.57096208348268,0.0
map,33,16,1788733400.0419,2.410017051322612,1.576287400944846,0.0
map,33,17,1788733400.0419,2.4344494247335575,1.5815806749495032,0.0
map,33,18,1788733400.0419,2.4588726428709293,1.58691972532203,0.0
map,33,19,1788733400.0419,2.48329738688723,1.5922526721788408,0.0
map,33,20,1788733400.0419,2.507709923872099,1.5976420765560242,0.0
map,33,21,1788733400.0419,2.532120934978039,1.6030375844489235,0.0
map,33,22,1788733400.0419,2.5564342898325236,1.6088557608051524,0.0
map,33,23,1788733400.0419,2.5807567999605823,1.6146373160670855,0.0
map,33,24,1788733400.0419,2.605074732451854,1.6204356559972375,0.0
map,33,25,1788733400.0419,2.6293987684588416,1.6262126336223837,0.0
map,33,26,1788733400.0419,2.6537151750711843,1.6320140253103936,0.0
map,33,27,1788733400.0419,2.678036159320314,1.6378062617248297,0.0
map,33,28,1788733400.0419,2.7023479882958696,1.6436290157178455,0.0
map,33,29,1788733400.0419,2.7266613431503544,1.6494502438319323,0.0
map,33,30,1788733400.0419,2.750965542731265,1.6553065671613858,0.0
map,33,31,1788733400.0419,2.7752285435810933,1.661332263051957,0.0
map,33,32,1788733400.0419,2.7994884926730634,1.66737016597396,0.0
map,33,33,1788733400.0419,2.8237514935228916,1.673394335985602,0.0
map,33,34,1788733400.0419,2.8480099167359327,1.679435290665463,0.0
map,33,35,1788733400.0419,2.872271391706832,1.685468615950679,0.0
map,33,36,1788733400.0419,2.896528289040944,1.691523303540901,0.0
map,33,37,1788733400.0419,2.9207836604961273,1.6975734134943359,0.0
map,33,38,1788733400.0419,2.9450344543145235,1.7036494633895636,0.0
map,33,39,1788733400.0419,2.969257782312198,1.7098323248098204,0.0
map,33,40,1788733400.0419,2.9934780585520144,1.7160258673825801,0.0
map,33,41,1788733400.0419,3.017701386549689,1.722208728802837,0.0
map,33,42,1788733400.0419,3.0419216627895054,1.7284053231334546,0.0
map,33,43,1788733400.0419,3.066143464908251,1.7345958139483564,0.0
map,33,44,1788733400.0419,3.0903606893902094,1.740803089431477,0.0
map,33,45,1788733400.0419,3.114577913872168,1.7470057872778106,0.0
map,33,46,1788733400.0419,3.1387920865962684,1.7532283215502211,0.0
map,33,47,1788733400.0419,3.162986422894292,1.759524098011223,0.0
map,33,48,1788733400.0419,3.187177707434458,1.7658305556247278,0.0
map,33,49,1788733400.0419,3.2113674660956946,1.7721431167539485,0.0
map,33,50,1788733400.0419,3.2355587506358603,1.7784511002463823,0.0
map,33,51,1788733400.0419,3.259746983418168,1.784769764891319,0.0
map,33,52,1788733400.0419,3.283935216200476,1.7910884295362557,0.0
map,33,53,1788733400.0419,3.3081219231038546,1.7974162494547663,0.0
map,33,54,1788733400.0419,3.3323055782493753,1.803747121131135,0.0
map,33,55,1788733400.0419,3.3564739746056063,1.810145131480379,0.0
map,33,56,1788733400.0419,3.380642370961837,1.816538564192836,0.0
map,33,57,1788733400.0419,3.404809241439139,1.82293657454208,0.0
map,33,58,1788733400.0419,3.42897763779537,1.829334584891324,0.0
map,33,59,1788733400.0419,3.453142982393743,1.835738698756284,0.0
map,33,60,1788733400.0419,3.477308326992116,1.842144338500173,0.0
map,33,61,1788733400.0419,3.50147214571156,1.848557607638707,0.0
map,33,62,1788733400.0419,3.525634438552075,1.8549739285350988,0.0
map,33,63,1788733400.0419,3.549784524361158,1.8614406034361473,0.0
map,33,64,1788733400.0419,3.573934610170241,1.8679042265793377,0.0
map,33,65,1788733400.0419,3.598083170100395,1.8743724273593152,0.0
map,33,66,1788733400.0419,3.622231730030549,1.8808406281392926,0.0
map,33,67,1788733400.0419,3.646378764081774,1.887316458313915,0.0
map,33,68,1788733400.0419,3.6705257981329993,1.8937907626096084,0.0
map,33,69,1788733400.0419,3.6946697804263664,1.9002742221788758,0.0
map,33,70,1788733400.0419,3.7188046074461596,1.9067943028424388,0.0
map,33,71,1788733400.0419,3.742937908587024,1.9133204870217178,0.0
map,33,72,1788733400.0419,3.767072735606817,1.9198420935642098,0.0
map,33,73,1788733400.0419,3.791204510868752,1.9263713295013467,0.0
map,33,74,1788733400.0419,3.8153378120096164,1.9328990395595547,0.0
map,33,75,1788733400.0419,3.8394680613926226,1.9394328531334786,0.0
map,33,76,1788733400.0419,3.863599836654558,1.9459666667074025,0.0
map,33,77,1788733400.0419,3.887728560158635,1.9525081096759713,0.0
map,33,78,1788733400.0419,3.9118496542680674,1.959078544344191,0.0
map,33,79,1788733400.0419,3.9359692224985707,1.9656550825281265,0.0
map,33,80,1788733400.0419,3.960087264850145,1.97223467246992,0.0
map,33,81,1788733400.0419,3.9842068330806484,1.9788142624117135,0.0
map,33,82,1788733400.0419,4.008323349553294,1.985398429990294,0.0
map,33,83,1788733400.0419,4.032441391904868,1.9919825975688745,0.0
map,33,84,1788733400.0419,4.056556382498584,1.998572868663171,0.0
map,33,85,1788733400.0419,4.080671373092301,2.0051661915153254,0.0
map,33,86,1788733400.0419,4.104778734291372,2.0117869801882016,0.0
map,33,87,1788733400.0419,4.128886095490444,2.0184062429821488,0.0
map,33,88,1788733400.0419,4.152993456689515,2.025030083412883,0.0
map,33,89,1788733400.0419,4.1770992920096575,2.031653923843617,0.0
map,33,90,1788733400.0419,4.2012051273298,2.038283867790067,0.0
map,33,91,1788733400.0419,4.225309436771013,2.0449122858575883,0.0
map,33,92,1788733400.0419,4.249413746212227,2.0515468074408254,0.0
map,33,93,1788733400.0419,4.273510426258795,2.0582042172079973,0.0
map,33,94,1788733400.0419,4.297607106305364,2.064864678733027,0.0
map,33,95,1788733400.0419,4.321703786351932,2.071523614379128,0.0
map,33,96,1788733400.0419,4.345800466398501,2.078187127662016,0.0
map,33,97,1788733400.0419,4.36989562056614,2.0848506409449037,0.0
map,33,98,1788733400.0419,4.393989248854851,2.0915187318645785,0.0
map,33,99,1788733400.0419,4.41808440302249,2.0981883486631823,0.0
map,33,100,1788733400.0419,4.442176505432272,2.104862543098573,0.0
map,33,101,1788733400.0419,4.4662640302052665,2.1115535222021826,0.0
map,33,102,1788733400.0419,4.490351554978261,2.118249078942579,0.0
map,33,103,1788733400.0419,4.514437553872327,2.1249446356829758,0.0
map,33,104,1788733400.0419,4.538523552766392,2.1316432441812303,0.0
map,33,105,1788733400.0419,4.562609551660458,2.138341852679485,0.0
map,33,106,1788733400.0419,4.5866940246755945,2.1450450388145264,0.0
map,33,107,1788733400.0419,4.610776971811802,2.151754328465284,0.0
map,33,108,1788733400.0419,4.634855341311223,2.158478876905331,0.0
map,33,109,1788733400.0419,4.6589337108106434,2.1652064771032364,0.0
map,33,110,1788733400.0419,4.683010554431135,2.1719340773011417,0.0
map,33,111,1788733400.0419,4.707087398051627,2.178664729256905,0.0
map,33,112,1788733400.0419,4.7311642416721185,2.1853969070915973,0.0
map,33,113,1788733400.0419,4.75524108529261,2.1921306108052185,0.0
map,33,114,1788733400.0419,4.779316403034173,2.1988673662766978,0.0
map,33,115,1788733400.0419,4.8033901948968065,2.205608699384964,0.0
map,33,116,1788733400.0419,4.827460935001582,2.212362239524662,0.0
map,33,117,1788733400.0419,4.851530149227429,2.219120357301147,0.0
map,33,118,1788733400.0419,4.875599363453276,2.225876949198703,0.0
map,33,119,1788733400.0419,4.8996670518001935,2.232636592854117,0.0
map,33,120,1788733400.0419,4.92373626602604,2.2393977623884602,0.0
map,33,121,1788733400.0419,4.947803954372958,2.24616350955959,0.0
map,33,122,1788733400.0419,4.971870116840947,2.25292925673072,0.0
map,33,123,1788733400.0419,4.9959332275510775,2.25971026269114,0.0
map,33,124,1788733400.0419,5.019996338261208,2.266492794530489,0.0
map,33,125,1788733400.0419,5.04405792309241,2.2732768522487667,0.0
map,33,126,1788733400.0419,5.068119507923612,2.2800624358459736,0.0
map,33,127,1788733400.0419,5.092179566875885,2.2868495453221094,0.0
map,33,128,1788733400.0419,5.1162411517070865,2.293638180677174,0.0
map,33,129,1788733400.0419,5.14029968478043,2.300431393669026,0.0
map,33,130,1788733400.0419,5.164356691974845,2.3072352878133806,0.0
map,33,131,1788733400.0419,5.188412173290331,2.3140422337155933,0.0
map,33,132,1788733400.0419,5.212467654605817,2.320849179617806,0.0
map,33,133,1788733400.0419,5.236521610042374,2.3276591772778765,0.0
map,33,134,1788733400.0419,5.260575565478931,2.334472226695805,0.0
map,33,135,1788733400.0419,5.284629520915487,2.3412852761137337,0.0
map,33,136,1788733400.0419,5.308681950473115,2.3481029031684493,0.0
map,33,137,1788733400.0419,5.332734380030743,2.354920530223165,0.0
map,33,138,1788733400.0419,5.356783757830513,2.3617503643093123,0.0
map,33,139,1788733400.0419,5.380831609751354,2.3685817242743887,0.0
map,33,140,1788733400.0419,5.404879461672195,2.375414610118394,0.0
map,33,141,1788733400.0419,5.428927313593036,2.3822490218413286,0.0
map,33,142,1788733400.0419,5.452975165513877,2.389084959443192,0.0
map,33,143,1788733400.0419,5.477021491555789,2.3959239488029134,0.0
map,33,144,1788733400.0419,5.501067817597701,2.4027644640415637,0.0
map,33,145,1788733400.0419,5.5251110918817545,2.409614134553788,0.0
map,33,146,1788733400.0419,5.5491528402868795,2.4164668568238703,0.0
map,33,147,1788733400.0419,5.5731945886920045,2.4233211049728816,0.0
map,33,148,1788733400.0419,5.597236337097129,2.430175353121893,0.0
map,33,149,1788733400.0419,5.621278085502254,2.437032653028762,0.0
map,33,150,1788733400.0419,5.64531830802845,2.4438914788145603,0.0
map,33,151,1788733400.0419,5.669358530554646,2.4507518304792875,0.0
map,33,152,1788733400.0419,5.693395701322984,2.4576228632965176,0.0
map,33,153,1788733400.0419,5.717432872091322,2.4644954219926767,0.0
map,33,154,1788733400.0419,5.74147004285966,2.4713695065677648,0.0
map,33,155,1788733400.0419,5.765505687749069,2.478243591142853,0.0
map,33,156,1788733400.0419,5.789541332638478,2.485120727475799,0.0
map,33,157,1788733400.0419,5.81358765868039,2.4919612427144493,0.0
map,33,158,1788733400.0419,5.837624829448728,2.4988322755316794,0.0
map,33,159,1788733400.0419,5.861658948459208,2.5057139895014124,0.0
map,33,160,1788733400.0419,5.9075,2.537,0.9668000000000001
map,34,0,1788733401.06457,2.0116588910897377,1.5557139753453093,0.0
map,34,1,1788733401.06457,2.0373180711595893,1.5556758283720846,0.0
map,34,2,1788733401.06457,2.0623180715321183,1.5556575178249368,0.0
map,34,3,1788733401.06457,2.0873180719046474,1.555631577883144,0.0
map,34,4,1788733401.06457,2.1123180722771764,1.5555995344256353,0.0
map,34,5,1788733401.06457,2.1373180726497054,1.5555583356945526,0.0
map,34,6,1788733401.06457,2.1623180730222344,1.555509507568825,0.0
map,34,7,1788733401.06457,2.1873180733947635,1.5554499982905945,0.0
map,34,8,1788733401.06457,2.2123180737672925,1.555378281980932,0.0
map,34,9,1788733401.06457,2.2373180741398215,1.5552943586398378,0.0
map,34,10,1788733401.06457,2.2623180745123506,1.5551982282673116,0.0
map,34,11,1788733401.06457,2.2873180748848796,1.5550868391054955,0.0
map,34,12,1788733401.06457,2.3123165493784796,1.5549617170333185,0.0
map,34,13,1788733401.06457,2.3367382416369225,1.5603099226794193,0.0
map,34,14,1788733401.06457,2.3611568821375073,1.565668809478023,0.0
map,34,15,1788733401.06457,2.385590781427382,1.57096208348268,0.0
map,34,16,1788733401.06457,2.410017051322612,1.576287400944846,0.0
map,34,17,1788733401.06457,2.4344494247335575,1.5815806749495032,0.0
map,34,18,1788733401.06457,2.4588726428709293,1.58691972532203,0.0
map,34,19,1788733401.06457,2.48329738688723,1.5922526721788408,0.0
map,34,20,1788733401.06457,2.507709923872099,1.5976420765560242,0.0
map,34,21,1788733401.06457,2.532120934978039,1.6030375844489235,0.0
map,34,22,1788733401.06457,2.5564342898325236,1.6088557608051524,0.0
map,34,23,1788733401.06457,2.5807567999605823,1.6146373160670855,0.0
map,34,24,1788733401.06457,2.605074732451854,1.6204356559972375,0.0
map,34,25,1788733401.06457,2.6293987684588416,1.6262126336223837,0.0
map,34,26,1788733401.06457,2.6537151750711843,1.6320140253103936,0.0
map,34,27,1788733401.06457,2.678036159320314,1.6378062617248297,0.0
map,34,28,1788733401.06457,2.7023479882958696,1.6436290157178455,0.0
map,34,29,1788733401.06457,2.7266613431503544,1.6494502438319323,0.0
map,34,30,1788733401.06457,2.750965542731265,1.6553065671613858,0.0
map,34,31,1788733401.06457,2.7752285435810933,1.661332263051957,0.0
map,34,32,1788733401.06457,2.7994884926730634,1.66737016597396,0.0
map,34,33,1788733401.06457,2.8237514935228916,1.673394335985602,0.0
map,34,34,1788733401.06457,2.8480099167359327,1.679435290665463,0.0
map,34,35,1788733401.06457,2.872271391706832,1.685468615950679,0.0
map,34,36,1788733401.06457,2.896528289040944,1.691523303540901,0.0
map,34,37,1788733401.06457,2.9207836604961273,1.6975734134943359,0.0
map,34,38,1788733401.06457,2.9450344543145235,1.7036494633895636,0.0
map,34,39,1788733401.06457,2.969257782312198,1.7098323248098204,0.0
map,34,40,1788733401.06457,2.9934780585520144,1.7160258673825801,0.0
map,34,41,1788733401.06457,3.017701386549689,1.722208728802837,0.0
map,34,42,1788733401.06457,3.0419216627895054,1.7284053231334546,0.0
map,34,43,1788733401.06457,3.066143464908251,1.7345958139483564,0.0
map,34,44,1788733401.06457,3.0903606893902094,1.740803089431477,0.0
map,34,45,1788733401.06457,3.114577913872168,1.7470057872778106,0.0
map,34,46,1788733401.06457,3.1387920865962684,1.7532283215502211,0.0
map,34,47,1788733401.06457,3.162986422894292,1.759524098011223,0.0
map,34,48,1788733401.06457,3.187177707434458,1.7658305556247278,0.0
map,34,49,1788733401.06457,3.2113674660956946,1.7721431167539485,0.0
map,34,50,1788733401.06457,3.2355587506358603,1.7784511002463823,0.0
map,34,51,1788733401.06457,3.259746983418168,1.784769764891319,0.0
map,34,52,1788733401.06457,3.283935216200476,1.7910884295362557,0.0
map,34,53,1788733401.06457,3.3081219231038546,1.7974162494547663,0.0
map,34,54,1788733401.06457,3.3323055782493753,1.803747121131135,0.0
map,34,55,1788733401.06457,3.3564739746056063,1.810145131480379,0.0
map,34,56,1788733401.06457,3.380642370961837,1.816538564192836,0.0
map,34,57,1788733401.06457,3.404809241439139,1.82293657454208,0.0
map,34,58,1788733401.06457,3.42897763779537,1.829334584891324,0.0
map,34,59,1788733401.06457,3.453142982393743,1.835738698756284,0.0
map,34,60,1788733401.06457,3.477308326992116,1.842144338500173,0.0
map,34,61,1788733401.06457,3.50147214571156,1.848557607638707,0.0
map,34,62,1788733401.06457,3.525634438552075,1.8549739285350988,0.0
map,34,63,1788733401.06457,3.549784524361158,1.8614406034361473,0.0
map,34,64,1788733401.06457,3.573934610170241,1.8679042265793377,0.0
map,34,65,1788733401.06457,3.598083170100395,1.8743724273593152,0.0
map,34,66,1788733401.06457,3.622231730030549,1.8808406281392926,0.0
map,34,67,1788733401.06457,3.646378764081774,1.887316458313915,0.0
map,34,68,1788733401.06457,3.6705257981329993,1.8937907626096084,0.0
map,34,69,1788733401.06457,3.6946697804263664,1.9002742221788758,0.0
map,34,70,1788733401.06457,3.7188046074461596,1.9067943028424388,0.0
map,34,71,1788733401.06457,3.742937908587024,1.9133204870217178,0.0
map,34,72,1788733401.06457,3.767072735606817,1.9198420935642098,0.0
map,34,73,1788733401.06457,3.791204510868752,1.9263713295013467,0.0
map,34,74,1788733401.06457,3.8153378120096164,1.9328990395595547,0.0
map,34,75,1788733401.06457,3.8394680613926226,1.9394328531334786,0.0
map,34,76,1788733401.06457,3.863599836654558,1.9459666667074025,0.0
map,34,77,1788733401.06457,3.887728560158635,1.9525081096759713,0.0
map,34,78,1788733401.06457,3.9118496542680674,1.959078544344191,0.0
map,34,79,1788733401.06457,3.9359692224985707,1.9656550825281265,0.0
map,34,80,1788733401.06457,3.960087264850145,1.97223467246992,0.0
map,34,81,1788733401.06457,3.9842068330806484,1.9788142624117135,0.0
map,34,82,1788733401.06457,4.008323349553294,1.985398429990294,0.0
map,34,83,1788733401.06457,4.032441391904868,1.9919825975688745,0.0
map,34,84,1788733401.06457,4.056556382498584,1.998572868663171,0.0
map,34,85,1788733401.06457,4.080671373092301,2.0051661915153254,0.0
map,34,86,1788733401.06457,4.104778734291372,2.0117869801882016,0.0
map,34,87,1788733401.06457,4.128886095490444,2.0184062429821488,0.0
map,34,88,1788733401.06457,4.152993456689515,2.025030083412883,0.0
map,34,89,1788733401.06457,4.1770992920096575,2.031653923843617,0.0
map,34,90,1788733401.06457,4.2012051273298,2.038283867790067,0.0
map,34,91,1788733401.06457,4.225309436771013,2.0449122858575883,0.0
map,34,92,1788733401.06457,4.249413746212227,2.0515468074408254,0.0
map,34,93,1788733401.06457,4.273510426258795,2.0582042172079973,0.0
map,34,94,1788733401.06457,4.297607106305364,2.064864678733027,0.0
map,34,95,1788733401.06457,4.321703786351932,2.071523614379128,0.0
map,34,96,1788733401.06457,4.345800466398501,2.078187127662016,0.0
map,34,97,1788733401.06457,4.36989562056614,2.0848506409449037,0.0
map,34,98,1788733401.06457,4.393989248854851,2.0915187318645785,0.0
map,34,99,1788733401.06457,4.41808440302249,2.0981883486631823,0.0
map,34,100,1788733401.06457,4.442176505432272,2.104862543098573,0.0
map,34,101,1788733401.06457,4.4662640302052665,2.1115535222021826,0.0
map,34,102,1788733401.06457,4.490351554978261,2.118249078942579,0.0
map,34,103,1788733401.06457,4.514437553872327,2.1249446356829758,0.0
map,34,104,1788733401.06457,4.538523552766392,2.1316432441812303,0.0
map,34,105,1788733401.06457,4.562609551660458,2.138341852679485,0.0
map,34,106,1788733401.06457,4.5866940246755945,2.1450450388145264,0.0
map,34,107,1788733401.06457,4.610776971811802,2.151754328465284,0.0
map,34,108,1788733401.06457,4.634855341311223,2.158478876905331,0.0
map,34,109,1788733401.06457,4.6589337108106434,2.1652064771032364,0.0
map,34,110,1788733401.06457,4.683010554431135,2.1719340773011417,0.0
map,34,111,1788733401.06457,4.707087398051627,2.178664729256905,0.0
map,34,112,1788733401.06457,4.7311642416721185,2.1853969070915973,0.0
map,34,113,1788733401.06457,4.75524108529261,2.1921306108052185,0.0
map,34,114,1788733401.06457,4.779316403034173,2.1988673662766978,0.0
map,34,115,1788733401.06457,4.8033901948968065,2.205608699384964,0.0
map,34,116,1788733401.06457,4.827460935001582,2.212362239524662,0.0
map,34,117,1788733401.06457,4.851530149227429,2.219120357301147,0.0
map,34,118,1788733401.06457,4.875599363453276,2.225876949198703,0.0
map,34,119,1788733401.06457,4.8996670518001935,2.232636592854117,0.0
map,34,120,1788733401.06457,4.92373626602604,2.2393977623884602,0.0
map,34,121,1788733401.06457,4.947803954372958,2.24616350955959,0.0
map,34,122,1788733401.06457,4.971870116840947,2.25292925673072,0.0
map,34,123,1788733401.06457,4.9959332275510775,2.25971026269114,0.0
map,34,124,1788733401.06457,5.019996338261208,2.266492794530489,0.0
map,34,125,1788733401.06457,5.04405792309241,2.2732768522487667,0.0
map,34,126,1788733401.06457,5.068119507923612,2.2800624358459736,0.0
map,34,127,1788733401.06457,5.092179566875885,2.2868495453221094,0.0
map,34,128,1788733401.06457,5.1162411517070865,2.293638180677174,0.0
map,34,129,1788733401.06457,5.14029968478043,2.300431393669026,0.0
map,34,130,1788733401.06457,5.164356691974845,2.3072352878133806,0.0
map,34,131,1788733401.06457,5.188412173290331,2.3140422337155933,0.0
map,34,132,1788733401.06457,5.212467654605817,2.320849179617806,0.0
map,34,133,1788733401.06457,5.236521610042374,2.3276591772778765,0.0
map,34,134,1788733401.06457,5.260575565478931,2.334472226695805,0.0
map,34,135,1788733401.06457,5.284629520915487,2.3412852761137337,0.0
map,34,136,1788733401.06457,5.308681950473115,2.3481029031684493,0.0
map,34,137,1788733401.06457,5.332734380030743,2.354920530223165,0.0
map,34,138,1788733401.06457,5.356783757830513,2.3617503643093123,0.0
map,34,139,1788733401.06457,5.380831609751354,2.3685817242743887,0.0
map,34,140,1788733401.06457,5.404879461672195,2.375414610118394,0.0
map,34,141,1788733401.06457,5.428927313593036,2.3822490218413286,0.0
map,34,142,1788733401.06457,5.452975165513877,2.389084959443192,0.0
map,34,143,1788733401.06457,5.477021491555789,2.3959239488029134,0.0
map,34,144,1788733401.06457,5.501067817597701,2.4027644640415637,0.0
map,34,145,1788733401.06457,5.5251110918817545,2.409614134553788,0.0
map,34,146,1788733401.06457,5.5491528402868795,2.4164668568238703,0.0
map,34,147,1788733401.06457,5.5731945886920045,2.4233211049728816,0.0
map,34,148,1788733401.06457,5.597236337097129,2.430175353121893,0.0
map,34,149,1788733401.06457,5.621278085502254,2.437032653028762,0.0
map,34,150,1788733401.06457,5.64531830802845,2.4438914788145603,0.0
map,34,151,1788733401.06457,5.669358530554646,2.4507518304792875,0.0
map,34,152,1788733401.06457,5.693395701322984,2.4576228632965176,0.0
map,34,153,1788733401.06457,5.717432872091322,2.4644954219926767,0.0
map,34,154,1788733401.06457,5.74147004285966,2.4713695065677648,0.0
map,34,155,1788733401.06457,5.765505687749069,2.478243591142853,0.0
map,34,156,1788733401.06457,5.789541332638478,2.485120727475799,0.0
map,34,157,1788733401.06457,5.81358765868039,2.4919612427144493,0.0
map,34,158,1788733401.06457,5.837624829448728,2.4988322755316794,0.0
map,34,159,1788733401.06457,5.861658948459208,2.5057139895014124,0.0
map,34,160,1788733401.06457,5.9075,2.537,0.9668000000000001
map,35,0,1788733402.0928464,2.0116588910897377,1.5557139753453093,0.0
map,35,1,1788733402.0928464,2.0373180711595893,1.5556758283720846,0.0
map,35,2,1788733402.0928464,2.0623180715321183,1.5556575178249368,0.0
map,35,3,1788733402.0928464,2.0873180719046474,1.555631577883144,0.0
map,35,4,1788733402.0928464,2.1123180722771764,1.5555995344256353,0.0
map,35,5,1788733402.0928464,2.1373180726497054,1.5555583356945526,0.0
map,35,6,1788733402.0928464,2.1623180730222344,1.555509507568825,0.0
map,35,7,1788733402.0928464,2.1873180733947635,1.5554499982905945,0.0
map,35,8,1788733402.0928464,2.2123180737672925,1.555378281980932,0.0
map,35,9,1788733402.0928464,2.2373180741398215,1.5552943586398378,0.0
map,35,10,1788733402.0928464,2.2623180745123506,1.5551982282673116,0.0
map,35,11,1788733402.0928464,2.2873180748848796,1.5550868391054955,0.0
map,35,12,1788733402.0928464,2.3123165493784796,1.5549617170333185,0.0
map,35,13,1788733402.0928464,2.3367382416369225,1.5603099226794193,0.0
map,35,14,1788733402.0928464,2.3611568821375073,1.565668809478023,0.0
map,35,15,1788733402.0928464,2.385590781427382,1.57096208348268,0.0
map,35,16,1788733402.0928464,2.410017051322612,1.576287400944846,0.0
map,35,17,1788733402.0928464,2.4344494247335575,1.5815806749495032,0.0
map,35,18,1788733402.0928464,2.4588726428709293,1.58691972532203,0.0
map,35,19,1788733402.0928464,2.48329738688723,1.5922526721788408,0.0
map,35,20,1788733402.0928464,2.507709923872099,1.5976420765560242,0.0
map,35,21,1788733402.0928464,2.532120934978039,1.6030375844489235,0.0
map,35,22,1788733402.0928464,2.5564342898325236,1.6088557608051524,0.0
map,35,23,1788733402.0928464,2.5807567999605823,1.6146373160670855,0.0
map,35,24,1788733402.0928464,2.605074732451854,1.6204356559972375,0.0
map,35,25,1788733402.0928464,2.6293987684588416,1.6262126336223837,0.0
map,35,26,1788733402.0928464,2.6537151750711843,1.6320140253103936,0.0
map,35,27,1788733402.0928464,2.678036159320314,1.6378062617248297,0.0
map,35,28,1788733402.0928464,2.7023479882958696,1.6436290157178455,0.0
map,35,29,1788733402.0928464,2.7266613431503544,1.6494502438319323,0.0
map,35,30,1788733402.0928464,2.750965542731265,1.6553065671613858,0.0
map,35,31,1788733402.0928464,2.7752285435810933,1.661332263051957,0.0
map,35,32,1788733402.0928464,2.7994884926730634,1.66737016597396,0.0
map,35,33,1788733402.0928464,2.8237514935228916,1.673394335985602,0.0
map,35,34,1788733402.0928464,2.8480099167359327,1.679435290665463,0.0
map,35,35,1788733402.0928464,2.872271391706832,1.685468615950679,0.0
map,35,36,1788733402.0928464,2.896528289040944,1.691523303540901,0.0
map,35,37,1788733402.0928464,2.9207836604961273,1.6975734134943359,0.0
map,35,38,1788733402.0928464,2.9450344543145235,1.7036494633895636,0.0
map,35,39,1788733402.0928464,2.969257782312198,1.7098323248098204,0.0
map,35,40,1788733402.0928464,2.9934780585520144,1.7160258673825801,0.0
map,35,41,1788733402.0928464,3.017701386549689,1.722208728802837,0.0
map,35,42,1788733402.0928464,3.0419216627895054,1.7284053231334546,0.0
map,35,43,1788733402.0928464,3.066143464908251,1.7345958139483564,0.0
map,35,44,1788733402.0928464,3.0903606893902094,1.740803089431477,0.0
map,35,45,1788733402.0928464,3.114577913872168,1.7470057872778106,0.0
map,35,46,1788733402.0928464,3.1387920865962684,1.7532283215502211,0.0
map,35,47,1788733402.0928464,3.162986422894292,1.759524098011223,0.0
map,35,48,1788733402.0928464,3.187177707434458,1.7658305556247278,0.0
map,35,49,1788733402.0928464,3.2113674660956946,1.7721431167539485,0.0
map,35,50,1788733402.0928464,3.2355587506358603,1.7784511002463823,0.0
map,35,51,1788733402.0928464,3.259746983418168,1.784769764891319,0.0
map,35,52,1788733402.0928464,3.283935216200476,1.7910884295362557,0.0
map,35,53,1788733402.0928464,3.3081219231038546,1.7974162494547663,0.0
map,35,54,1788733402.0928464,3.3323055782493753,1.803747121131135,0.0
map,35,55,1788733402.0928464,3.3564739746056063,1.810145131480379,0.0
map,35,56,1788733402.0928464,3.380642370961837,1.816538564192836,0.0
map,35,57,1788733402.0928464,3.404809241439139,1.82293657454208,0.0
map,35,58,1788733402.0928464,3.42897763779537,1.829334584891324,0.0
map,35,59,1788733402.0928464,3.453142982393743,1.835738698756284,0.0
map,35,60,1788733402.0928464,3.477308326992116,1.842144338500173,0.0
map,35,61,1788733402.0928464,3.50147214571156,1.848557607638707,0.0
map,35,62,1788733402.0928464,3.525634438552075,1.8549739285350988,0.0
map,35,63,1788733402.0928464,3.549784524361158,1.8614406034361473,0.0
map,35,64,1788733402.0928464,3.573934610170241,1.8679042265793377,0.0
map,35,65,1788733402.0928464,3.598083170100395,1.8743724273593152,0.0
map,35,66,1788733402.0928464,3.622231730030549,1.8808406281392926,0.0
map,35,67,1788733402.0928464,3.646378764081774,1.887316458313915,0.0
map,35,68,1788733402.0928464,3.6705257981329993,1.8937907626096084,0.0
map,35,69,1788733402.0928464,3.6946697804263664,1.9002742221788758,0.0
map,35,70,1788733402.0928464,3.7188046074461596,1.9067943028424388,0.0
map,35,71,1788733402.0928464,3.742937908587024,1.9133204870217178,0.0
map,35,72,1788733402.0928464,3.767072735606817,1.9198420935642098,0.0
map,35,73,1788733402.0928464,3.791204510868752,1.9263713295013467,0.0
map,35,74,1788733402.0928464,3.8153378120096164,1.9328990395595547,0.0
map,35,75,1788733402.0928464,3.8394680613926226,1.9394328531334786,0.0
map,35,76,1788733402.0928464,3.863599836654558,1.9459666667074025,0.0
map,35,77,1788733402.0928464,3.887728560158635,1.9525081096759713,0.0
map,35,78,1788733402.0928464,3.9118496542680674,1.959078544344191,0.0
map,35,79,1788733402.0928464,3.9359692224985707,1.9656550825281265,0.0
map,35,80,1788733402.0928464,3.960087264850145,1.97223467246992,0.0
map,35,81,1788733402.0928464,3.9842068330806484,1.9788142624117135,0.0
map,35,82,1788733402.0928464,4.008323349553294,1.985398429990294,0.0
map,35,83,1788733402.0928464,4.032441391904868,1.9919825975688745,0.0
map,35,84,1788733402.0928464,4.056556382498584,1.998572868663171,0.0
map,35,85,1788733402.0928464,4.080671373092301,2.0051661915153254,0.0
map,35,86,1788733402.0928464,4.104778734291372,2.0117869801882016,0.0
map,35,87,1788733402.0928464,4.128886095490444,2.0184062429821488,0.0
map,35,88,1788733402.0928464,4.152993456689515,2.025030083412883,0.0
map,35,89,1788733402.0928464,4.1770992920096575,2.031653923843617,0.0
map,35,90,1788733402.0928464,4.2012051273298,2.038283867790067,0.0
map,35,91,1788733402.0928464,4.225309436771013,2.0449122858575883,0.0
map,35,92,1788733402.0928464,4.249413746212227,2.0515468074408254,0.0
map,35,93,1788733402.0928464,4.273510426258795,2.0582042172079973,0.0
map,35,94,1788733402.0928464,4.297607106305364,2.064864678733027,0.0
map,35,95,1788733402.0928464,4.321703786351932,2.071523614379128,0.0
map,35,96,1788733402.0928464,4.345800466398501,2.078187127662016,0.0
map,35,97,1788733402.0928464,4.36989562056614,2.0848506409449037,0.0
map,35,98,1788733402.0928464,4.393989248854851,2.0915187318645785,0.0
map,35,99,1788733402.0928464,4.41808440302249,2.0981883486631823,0.0
map,35,100,1788733402.0928464,4.442176505432272,2.104862543098573,0.0
map,35,101,1788733402.0928464,4.4662640302052665,2.1115535222021826,0.0
map,35,102,1788733402.0928464,4.490351554978261,2.118249078942579,0.0
map,35,103,1788733402.0928464,4.514437553872327,2.1249446356829758,0.0
map,35,104,1788733402.0928464,4.538523552766392,2.1316432441812303,0.0
map,35,105,1788733402.0928464,4.562609551660458,2.138341852679485,0.0
map,35,106,1788733402.0928464,4.5866940246755945,2.1450450388145264,0.0
map,35,107,1788733402.0928464,4.610776971811802,2.151754328465284,0.0
map,35,108,1788733402.0928464,4.634855341311223,2.158478876905331,0.0
map,35,109,1788733402.0928464,4.6589337108106434,2.1652064771032364,0.0
map,35,110,1788733402.0928464,4.683010554431135,2.1719340773011417,0.0
map,35,111,1788733402.0928464,4.707087398051627,2.178664729256905,0.0
map,35,112,1788733402.0928464,4.7311642416721185,2.1853969070915973,0.0
map,35,113,1788733402.0928464,4.75524108529261,2.1921306108052185,0.0
map,35,114,1788733402.0928464,4.779316403034173,2.1988673662766978,0.0
map,35,115,1788733402.0928464,4.8033901948968065,2.205608699384964,0.0
map,35,116,1788733402.0928464,4.827460935001582,2.212362239524662,0.0
map,35,117,1788733402.0928464,4.851530149227429,2.219120357301147,0.0
map,35,118,1788733402.0928464,4.875599363453276,2.225876949198703,0.0
map,35,119,1788733402.0928464,4.8996670518001935,2.232636592854117,0.0
map,35,120,1788733402.0928464,4.92373626602604,2.2393977623884602,0.0
map,35,121,1788733402.0928464,4.947803954372958,2.24616350955959,0.0
map,35,122,1788733402.0928464,4.971870116840947,2.25292925673072,0.0
map,35,123,1788733402.0928464,4.9959332275510775,2.25971026269114,0.0
map,35,124,1788733402.0928464,5.019996338261208,2.266492794530489,0.0
map,35,125,1788733402.0928464,5.04405792309241,2.2732768522487667,0.0
map,35,126,1788733402.0928464,5.068119507923612,2.2800624358459736,0.0
map,35,127,1788733402.0928464,5.092179566875885,2.2868495453221094,0.0
map,35,128,1788733402.0928464,5.1162411517070865,2.293638180677174,0.0
map,35,129,1788733402.0928464,5.14029968478043,2.300431393669026,0.0
map,35,130,1788733402.0928464,5.164356691974845,2.3072352878133806,0.0
map,35,131,1788733402.0928464,5.188412173290331,2.3140422337155933,0.0
map,35,132,1788733402.0928464,5.212467654605817,2.320849179617806,0.0
map,35,133,1788733402.0928464,5.236521610042374,2.3276591772778765,0.0
map,35,134,1788733402.0928464,5.260575565478931,2.334472226695805,0.0
map,35,135,1788733402.0928464,5.284629520915487,2.3412852761137337,0.0
map,35,136,1788733402.0928464,5.308681950473115,2.3481029031684493,0.0
map,35,137,1788733402.0928464,5.332734380030743,2.354920530223165,0.0
map,35,138,1788733402.0928464,5.356783757830513,2.3617503643093123,0.0
map,35,139,1788733402.0928464,5.380831609751354,2.3685817242743887,0.0
map,35,140,1788733402.0928464,5.404879461672195,2.375414610118394,0.0
map,35,141,1788733402.0928464,5.428927313593036,2.3822490218413286,0.0
map,35,142,1788733402.0928464,5.452975165513877,2.389084959443192,0.0
map,35,143,1788733402.0928464,5.477021491555789,2.3959239488029134,0.0
map,35,144,1788733402.0928464,5.501067817597701,2.4027644640415637,0.0
map,35,145,1788733402.0928464,5.5251110918817545,2.409614134553788,0.0
map,35,146,1788733402.0928464,5.5491528402868795,2.4164668568238703,0.0
map,35,147,1788733402.0928464,5.5731945886920045,2.4233211049728816,0.0
map,35,148,1788733402.0928464,5.597236337097129,2.430175353121893,0.0
map,35,149,1788733402.0928464,5.621278085502254,2.437032653028762,0.0
map,35,150,1788733402.0928464,5.64531830802845,2.4438914788145603,0.0
map,35,151,1788733402.0928464,5.669358530554646,2.4507518304792875,0.0
map,35,152,1788733402.0928464,5.693395701322984,2.4576228632965176,0.0
map,35,153,1788733402.0928464,5.717432872091322,2.4644954219926767,0.0
map,35,154,1788733402.0928464,5.74147004285966,2.4713695065677648,0.0
map,35,155,1788733402.0928464,5.765505687749069,2.478243591142853,0.0
map,35,156,1788733402.0928464,5.789541332638478,2.485120727475799,0.0
map,35,157,1788733402.0928464,5.81358765868039,2.4919612427144493,0.0
map,35,158,1788733402.0928464,5.837624829448728,2.4988322755316794,0.0
map,35,159,1788733402.0928464,5.861658948459208,2.5057139895014124,0.0
map,35,160,1788733402.0928464,5.9075,2.537,0.9668000000000001
map,36,0,1788733403.1128721,2.0116588910897377,1.5557139753453093,0.0
map,36,1,1788733403.1128721,2.0373180711595893,1.5556758283720846,0.0
map,36,2,1788733403.1128721,2.0623180715321183,1.5556575178249368,0.0
map,36,3,1788733403.1128721,2.0873180719046474,1.555631577883144,0.0
map,36,4,1788733403.1128721,2.1123180722771764,1.5555995344256353,0.0
map,36,5,1788733403.1128721,2.1373180726497054,1.5555583356945526,0.0
map,36,6,1788733403.1128721,2.1623180730222344,1.555509507568825,0.0
map,36,7,1788733403.1128721,2.1873180733947635,1.5554499982905945,0.0
map,36,8,1788733403.1128721,2.2123180737672925,1.555378281980932,0.0
map,36,9,1788733403.1128721,2.2373180741398215,1.5552943586398378,0.0
map,36,10,1788733403.1128721,2.2623180745123506,1.5551982282673116,0.0
map,36,11,1788733403.1128721,2.2873180748848796,1.5550868391054955,0.0
map,36,12,1788733403.1128721,2.3123165493784796,1.5549617170333185,0.0
map,36,13,1788733403.1128721,2.3367382416369225,1.5603099226794193,0.0
map,36,14,1788733403.1128721,2.3611568821375073,1.565668809478023,0.0
map,36,15,1788733403.1128721,2.385590781427382,1.57096208348268,0.0
map,36,16,1788733403.1128721,2.410017051322612,1.576287400944846,0.0
map,36,17,1788733403.1128721,2.4344494247335575,1.5815806749495032,0.0
map,36,18,1788733403.1128721,2.4588726428709293,1.58691972532203,0.0
map,36,19,1788733403.1128721,2.48329738688723,1.5922526721788408,0.0
map,36,20,1788733403.1128721,2.507709923872099,1.5976420765560242,0.0
map,36,21,1788733403.1128721,2.532120934978039,1.6030375844489235,0.0
map,36,22,1788733403.1128721,2.5564342898325236,1.6088557608051524,0.0
map,36,23,1788733403.1128721,2.5807567999605823,1.6146373160670855,0.0
map,36,24,1788733403.1128721,2.605074732451854,1.6204356559972375,0.0
map,36,25,1788733403.1128721,2.6293987684588416,1.6262126336223837,0.0
map,36,26,1788733403.1128721,2.6537151750711843,1.6320140253103936,0.0
map,36,27,1788733403.1128721,2.678036159320314,1.6378062617248297,0.0
map,36,28,1788733403.1128721,2.7023479882958696,1.6436290157178455,0.0
map,36,29,1788733403.1128721,2.7266613431503544,1.6494502438319323,0.0
map,36,30,1788733403.1128721,2.750965542731265,1.6553065671613858,0.0
map,36,31,1788733403.1128721,2.7752285435810933,1.661332263051957,0.0
map,36,32,1788733403.1128721,2.7994884926730634,1.66737016597396,0.0
map,36,33,1788733403.1128721,2.8237514935228916,1.673394335985602,0.0
map,36,34,1788733403.1128721,2.8480099167359327,1.679435290665463,0.0
map,36,35,1788733403.1128721,2.872271391706832,1.685468615950679,0.0
map,36,36,1788733403.1128721,2.896528289040944,1.691523303540901,0.0
map,36,37,1788733403.1128721,2.9207836604961273,1.6975734134943359,0.0
map,36,38,1788733403.1128721,2.9450344543145235,1.7036494633895636,0.0
map,36,39,1788733403.1128721,2.969257782312198,1.7098323248098204,0.0
map,36,40,1788733403.1128721,2.9934780585520144,1.7160258673825801,0.0
map,36,41,1788733403.1128721,3.017701386549689,1.722208728802837,0.0
map,36,42,1788733403.1128721,3.0419216627895054,1.7284053231334546,0.0
map,36,43,1788733403.1128721,3.066143464908251,1.7345958139483564,0.0
map,36,44,1788733403.1128721,3.0903606893902094,1.740803089431477,0.0
map,36,45,1788733403.1128721,3.114577913872168,1.7470057872778106,0.0
map,36,46,1788733403.1128721,3.1387920865962684,1.7532283215502211,0.0
map,36,47,1788733403.1128721,3.162986422894292,1.759524098011223,0.0
map,36,48,1788733403.1128721,3.187177707434458,1.7658305556247278,0.0
map,36,49,1788733403.1128721,3.2113674660956946,1.7721431167539485,0.0
map,36,50,1788733403.1128721,3.2355587506358603,1.7784511002463823,0.0
map,36,51,1788733403.1128721,3.259746983418168,1.784769764891319,0.0
map,36,52,1788733403.1128721,3.283935216200476,1.7910884295362557,0.0
map,36,53,1788733403.1128721,3.3081219231038546,1.7974162494547663,0.0
map,36,54,1788733403.1128721,3.3323055782493753,1.803747121131135,0.0
map,36,55,1788733403.1128721,3.3564739746056063,1.810145131480379,0.0
map,36,56,1788733403.1128721,3.380642370961837,1.816538564192836,0.0
map,36,57,1788733403.1128721,3.404809241439139,1.82293657454208,0.0
map,36,58,1788733403.1128721,3.42897763779537,1.829334584891324,0.0
map,36,59,1788733403.1128721,3.453142982393743,1.835738698756284,0.0
map,36,60,1788733403.1128721,3.477308326992116,1.842144338500173,0.0
map,36,61,1788733403.1128721,3.50147214571156,1.848557607638707,0.0
map,36,62,1788733403.1128721,3.525634438552075,1.8549739285350988,0.0
map,36,63,1788733403.1128721,3.549784524361158,1.8614406034361473,0.0
map,36,64,1788733403.1128721,3.573934610170241,1.8679042265793377,0.0
map,36,65,1788733403.1128721,3.598083170100395,1.8743724273593152,0.0
map,36,66,1788733403.1128721,3.622231730030549,1.8808406281392926,0.0
map,36,67,1788733403.1128721,3.646378764081774,1.887316458313915,0.0
map,36,68,1788733403.1128721,3.6705257981329993,1.8937907626096084,0.0
map,36,69,1788733403.1128721,3.6946697804263664,1.9002742221788758,0.0
map,36,70,1788733403.1128721,3.7188046074461596,1.9067943028424388,0.0
map,36,71,1788733403.1128721,3.742937908587024,1.9133204870217178,0.0
map,36,72,1788733403.1128721,3.767072735606817,1.9198420935642098,0.0
map,36,73,1788733403.1128721,3.791204510868752,1.9263713295013467,0.0
map,36,74,1788733403.1128721,3.8153378120096164,1.9328990395595547,0.0
map,36,75,1788733403.1128721,3.8394680613926226,1.9394328531334786,0.0
map,36,76,1788733403.1128721,3.863599836654558,1.9459666667074025,0.0
map,36,77,1788733403.1128721,3.887728560158635,1.9525081096759713,0.0
map,36,78,1788733403.1128721,3.9118496542680674,1.959078544344191,0.0
map,36,79,1788733403.1128721,3.9359692224985707,1.9656550825281265,0.0
map,36,80,1788733403.1128721,3.960087264850145,1.97223467246992,0.0
map,36,81,1788733403.1128721,3.9842068330806484,1.9788142624117135,0.0
map,36,82,1788733403.1128721,4.008323349553294,1.985398429990294,0.0
map,36,83,1788733403.1128721,4.032441391904868,1.9919825975688745,0.0
map,36,84,1788733403.1128721,4.056556382498584,1.998572868663171,0.0
map,36,85,1788733403.1128721,4.080671373092301,2.0051661915153254,0.0
map,36,86,1788733403.1128721,4.104778734291372,2.0117869801882016,0.0
map,36,87,1788733403.1128721,4.128886095490444,2.0184062429821488,0.0
map,36,88,1788733403.1128721,4.152993456689515,2.025030083412883,0.0
map,36,89,1788733403.1128721,4.1770992920096575,2.031653923843617,0.0
map,36,90,1788733403.1128721,4.2012051273298,2.038283867790067,0.0
map,36,91,1788733403.1128721,4.225309436771013,2.0449122858575883,0.0
map,36,92,1788733403.1128721,4.249413746212227,2.0515468074408254,0.0
map,36,93,1788733403.1128721,4.273510426258795,2.0582042172079973,0.0
map,36,94,1788733403.1128721,4.297607106305364,2.064864678733027,0.0
map,36,95,1788733403.1128721,4.321703786351932,2.071523614379128,0.0
map,36,96,1788733403.1128721,4.345800466398501,2.078187127662016,0.0
map,36,97,1788733403.1128721,4.36989562056614,2.0848506409449037,0.0
map,36,98,1788733403.1128721,4.393989248854851,2.0915187318645785,0.0
map,36,99,1788733403.1128721,4.41808440302249,2.0981883486631823,0.0
map,36,100,1788733403.1128721,4.442176505432272,2.104862543098573,0.0
map,36,101,1788733403.1128721,4.4662640302052665,2.1115535222021826,0.0
map,36,102,1788733403.1128721,4.490351554978261,2.118249078942579,0.0
map,36,103,1788733403.1128721,4.514437553872327,2.1249446356829758,0.0
map,36,104,1788733403.1128721,4.538523552766392,2.1316432441812303,0.0
map,36,105,1788733403.1128721,4.562609551660458,2.138341852679485,0.0
map,36,106,1788733403.1128721,4.5866940246755945,2.1450450388145264,0.0
map,36,107,1788733403.1128721,4.610776971811802,2.151754328465284,0.0
map,36,108,1788733403.1128721,4.634855341311223,2.158478876905331,0.0
map,36,109,1788733403.1128721,4.6589337108106434,2.1652064771032364,0.0
map,36,110,1788733403.1128721,4.683010554431135,2.1719340773011417,0.0
map,36,111,1788733403.1128721,4.707087398051627,2.178664729256905,0.0
map,36,112,1788733403.1128721,4.7311642416721185,2.1853969070915973,0.0
map,36,113,1788733403.1128721,4.75524108529261,2.1921306108052185,0.0
map,36,114,1788733403.1128721,4.779316403034173,2.1988673662766978,0.0
map,36,115,1788733403.1128721,4.8033901948968065,2.205608699384964,0.0
map,36,116,1788733403.1128721,4.827460935001582,2.212362239524662,0.0
map,36,117,1788733403.1128721,4.851530149227429,2.219120357301147,0.0
map,36,118,1788733403.1128721,4.875599363453276,2.225876949198703,0.0
map,36,119,1788733403.1128721,4.8996670518001935,2.232636592854117,0.0
map,36,120,1788733403.1128721,4.92373626602604,2.2393977623884602,0.0
map,36,121,1788733403.1128721,4.947803954372958,2.24616350955959,0.0
map,36,122,1788733403.1128721,4.971870116840947,2.25292925673072,0.0
map,36,123,1788733403.1128721,4.9959332275510775,2.25971026269114,0.0
map,36,124,1788733403.1128721,5.019996338261208,2.266492794530489,0.0
map,36,125,1788733403.1128721,5.04405792309241,2.2732768522487667,0.0
map,36,126,1788733403.1128721,5.068119507923612,2.2800624358459736,0.0
map,36,127,1788733403.1128721,5.092179566875885,2.2868495453221094,0.0
map,36,128,1788733403.1128721,5.1162411517070865,2.293638180677174,0.0
map,36,129,1788733403.1128721,5.14029968478043,2.300431393669026,0.0
map,36,130,1788733403.1128721,5.164356691974845,2.3072352878133806,0.0
map,36,131,1788733403.1128721,5.188412173290331,2.3140422337155933,0.0
map,36,132,1788733403.1128721,5.212467654605817,2.320849179617806,0.0
map,36,133,1788733403.1128721,5.236521610042374,2.3276591772778765,0.0
map,36,134,1788733403.1128721,5.260575565478931,2.334472226695805,0.0
map,36,135,1788733403.1128721,5.284629520915487,2.3412852761137337,0.0
map,36,136,1788733403.1128721,5.308681950473115,2.3481029031684493,0.0
map,36,137,1788733403.1128721,5.332734380030743,2.354920530223165,0.0
map,36,138,1788733403.1128721,5.356783757830513,2.3617503643093123,0.0
map,36,139,1788733403.1128721,5.380831609751354,2.3685817242743887,0.0
map,36,140,1788733403.1128721,5.404879461672195,2.375414610118394,0.0
map,36,141,1788733403.1128721,5.428927313593036,2.3822490218413286,0.0
map,36,142,1788733403.1128721,5.452975165513877,2.389084959443192,0.0
map,36,143,1788733403.1128721,5.477021491555789,2.3959239488029134,0.0
map,36,144,1788733403.1128721,5.501067817597701,2.4027644640415637,0.0
map,36,145,1788733403.1128721,5.5251110918817545,2.409614134553788,0.0
map,36,146,1788733403.1128721,5.5491528402868795,2.4164668568238703,0.0
map,36,147,1788733403.1128721,5.5731945886920045,2.4233211049728816,0.0
map,36,148,1788733403.1128721,5.597236337097129,2.430175353121893,0.0
map,36,149,1788733403.1128721,5.621278085502254,2.437032653028762,0.0
map,36,150,1788733403.1128721,5.64531830802845,2.4438914788145603,0.0
map,36,151,1788733403.1128721,5.669358530554646,2.4507518304792875,0.0
map,36,152,1788733403.1128721,5.693395701322984,2.4576228632965176,0.0
map,36,153,1788733403.1128721,5.717432872091322,2.4644954219926767,0.0
map,36,154,1788733403.1128721,5.74147004285966,2.4713695065677648,0.0
map,36,155,1788733403.1128721,5.765505687749069,2.478243591142853,0.0
map,36,156,1788733403.1128721,5.789541332638478,2.485120727475799,0.0
map,36,157,1788733403.1128721,5.81358765868039,2.4919612427144493,0.0
map,36,158,1788733403.1128721,5.837624829448728,2.4988322755316794,0.0
map,36,159,1788733403.1128721,5.861658948459208,2.5057139895014124,0.0
map,36,160,1788733403.1128721,5.9075,2.537,0.9668000000000001
map,37,0,1788733404.1343303,2.0116588910897377,1.5557139753453093,0.0
map,37,1,1788733404.1343303,2.0373180711595893,1.5556758283720846,0.0
map,37,2,1788733404.1343303,2.0623180715321183,1.5556575178249368,0.0
map,37,3,1788733404.1343303,2.0873180719046474,1.555631577883144,0.0
map,37,4,1788733404.1343303,2.1123180722771764,1.5555995344256353,0.0
map,37,5,1788733404.1343303,2.1373180726497054,1.5555583356945526,0.0
map,37,6,1788733404.1343303,2.1623180730222344,1.555509507568825,0.0
map,37,7,1788733404.1343303,2.1873180733947635,1.5554499982905945,0.0
map,37,8,1788733404.1343303,2.2123180737672925,1.555378281980932,0.0
map,37,9,1788733404.1343303,2.2373180741398215,1.5552943586398378,0.0
map,37,10,1788733404.1343303,2.2623180745123506,1.5551982282673116,0.0
map,37,11,1788733404.1343303,2.2873180748848796,1.5550868391054955,0.0
map,37,12,1788733404.1343303,2.3123165493784796,1.5549617170333185,0.0
map,37,13,1788733404.1343303,2.3367382416369225,1.5603099226794193,0.0
map,37,14,1788733404.1343303,2.3611568821375073,1.565668809478023,0.0
map,37,15,1788733404.1343303,2.385590781427382,1.57096208348268,0.0
map,37,16,1788733404.1343303,2.410017051322612,1.576287400944846,0.0
map,37,17,1788733404.1343303,2.4344494247335575,1.5815806749495032,0.0
map,37,18,1788733404.1343303,2.4588726428709293,1.58691972532203,0.0
map,37,19,1788733404.1343303,2.48329738688723,1.5922526721788408,0.0
map,37,20,1788733404.1343303,2.507709923872099,1.5976420765560242,0.0
map,37,21,1788733404.1343303,2.532120934978039,1.6030375844489235,0.0
map,37,22,1788733404.1343303,2.5564342898325236,1.6088557608051524,0.0
map,37,23,1788733404.1343303,2.5807567999605823,1.6146373160670855,0.0
map,37,24,1788733404.1343303,2.605074732451854,1.6204356559972375,0.0
map,37,25,1788733404.1343303,2.6293987684588416,1.6262126336223837,0.0
map,37,26,1788733404.1343303,2.6537151750711843,1.6320140253103936,0.0
map,37,27,1788733404.1343303,2.678036159320314,1.6378062617248297,0.0
map,37,28,1788733404.1343303,2.7023479882958696,1.6436290157178455,0.0
map,37,29,1788733404.1343303,2.7266613431503544,1.6494502438319323,0.0
map,37,30,1788733404.1343303,2.750965542731265,1.6553065671613858,0.0
map,37,31,1788733404.1343303,2.7752285435810933,1.661332263051957,0.0
map,37,32,1788733404.1343303,2.7994884926730634,1.66737016597396,0.0
map,37,33,1788733404.1343303,2.8237514935228916,1.673394335985602,0.0
map,37,34,1788733404.1343303,2.8480099167359327,1.679435290665463,0.0
map,37,35,1788733404.1343303,2.872271391706832,1.685468615950679,0.0
map,37,36,1788733404.1343303,2.896528289040944,1.691523303540901,0.0
map,37,37,1788733404.1343303,2.9207836604961273,1.6975734134943359,0.0
map,37,38,1788733404.1343303,2.9450344543145235,1.7036494633895636,0.0
map,37,39,1788733404.1343303,2.969257782312198,1.7098323248098204,0.0
map,37,40,1788733404.1343303,2.9934780585520144,1.7160258673825801,0.0
map,37,41,1788733404.1343303,3.017701386549689,1.722208728802837,0.0
map,37,42,1788733404.1343303,3.0419216627895054,1.7284053231334546,0.0
map,37,43,1788733404.1343303,3.066143464908251,1.7345958139483564,0.0
map,37,44,1788733404.1343303,3.0903606893902094,1.740803089431477,0.0
map,37,45,1788733404.1343303,3.114577913872168,1.7470057872778106,0.0
map,37,46,1788733404.1343303,3.1387920865962684,1.7532283215502211,0.0
map,37,47,1788733404.1343303,3.162986422894292,1.759524098011223,0.0
map,37,48,1788733404.1343303,3.187177707434458,1.7658305556247278,0.0
map,37,49,1788733404.1343303,3.2113674660956946,1.7721431167539485,0.0
map,37,50,1788733404.1343303,3.2355587506358603,1.7784511002463823,0.0
map,37,51,1788733404.1343303,3.259746983418168,1.784769764891319,0.0
map,37,52,1788733404.1343303,3.283935216200476,1.7910884295362557,0.0
map,37,53,1788733404.1343303,3.3081219231038546,1.7974162494547663,0.0
map,37,54,1788733404.1343303,3.3323055782493753,1.803747121131135,0.0
map,37,55,1788733404.1343303,3.3564739746056063,1.810145131480379,0.0
map,37,56,1788733404.1343303,3.380642370961837,1.816538564192836,0.0
map,37,57,1788733404.1343303,3.404809241439139,1.82293657454208,0.0
map,37,58,1788733404.1343303,3.42897763779537,1.829334584891324,0.0
map,37,59,1788733404.1343303,3.453142982393743,1.835738698756284,0.0
map,37,60,1788733404.1343303,3.477308326992116,1.842144338500173,0.0
map,37,61,1788733404.1343303,3.50147214571156,1.848557607638707,0.0
map,37,62,1788733404.1343303,3.525634438552075,1.8549739285350988,0.0
map,37,63,1788733404.1343303,3.549784524361158,1.8614406034361473,0.0
map,37,64,1788733404.1343303,3.573934610170241,1.8679042265793377,0.0
map,37,65,1788733404.1343303,3.598083170100395,1.8743724273593152,0.0
map,37,66,1788733404.1343303,3.622231730030549,1.8808406281392926,0.0
map,37,67,1788733404.1343303,3.646378764081774,1.887316458313915,0.0
map,37,68,1788733404.1343303,3.6705257981329993,1.8937907626096084,0.0
map,37,69,1788733404.1343303,3.6946697804263664,1.9002742221788758,0.0
map,37,70,1788733404.1343303,3.7188046074461596,1.9067943028424388,0.0
map,37,71,1788733404.1343303,3.742937908587024,1.9133204870217178,0.0
map,37,72,1788733404.1343303,3.767072735606817,1.9198420935642098,0.0
map,37,73,1788733404.1343303,3.791204510868752,1.9263713295013467,0.0
map,37,74,1788733404.1343303,3.8153378120096164,1.9328990395595547,0.0
map,37,75,1788733404.1343303,3.8394680613926226,1.9394328531334786,0.0
map,37,76,1788733404.1343303,3.863599836654558,1.9459666667074025,0.0
map,37,77,1788733404.1343303,3.887728560158635,1.9525081096759713,0.0
map,37,78,1788733404.1343303,3.9118496542680674,1.959078544344191,0.0
map,37,79,1788733404.1343303,3.9359692224985707,1.9656550825281265,0.0
map,37,80,1788733404.1343303,3.960087264850145,1.97223467246992,0.0
map,37,81,1788733404.1343303,3.9842068330806484,1.9788142624117135,0.0
map,37,82,1788733404.1343303,4.008323349553294,1.985398429990294,0.0
map,37,83,1788733404.1343303,4.032441391904868,1.9919825975688745,0.0
map,37,84,1788733404.1343303,4.056556382498584,1.998572868663171,0.0
map,37,85,1788733404.1343303,4.080671373092301,2.0051661915153254,0.0
map,37,86,1788733404.1343303,4.104778734291372,2.0117869801882016,0.0
map,37,87,1788733404.1343303,4.128886095490444,2.0184062429821488,0.0
map,37,88,1788733404.1343303,4.152993456689515,2.025030083412883,0.0
map,37,89,1788733404.1343303,4.1770992920096575,2.031653923843617,0.0
map,37,90,1788733404.1343303,4.2012051273298,2.038283867790067,0.0
map,37,91,1788733404.1343303,4.225309436771013,2.0449122858575883,0.0
map,37,92,1788733404.1343303,4.249413746212227,2.0515468074408254,0.0
map,37,93,1788733404.1343303,4.273510426258795,2.0582042172079973,0.0
map,37,94,1788733404.1343303,4.297607106305364,2.064864678733027,0.0
map,37,95,1788733404.1343303,4.321703786351932,2.071523614379128,0.0
map,37,96,1788733404.1343303,4.345800466398501,2.078187127662016,0.0
map,37,97,1788733404.1343303,4.36989562056614,2.0848506409449037,0.0
map,37,98,1788733404.1343303,4.393989248854851,2.0915187318645785,0.0
map,37,99,1788733404.1343303,4.41808440302249,2.0981883486631823,0.0
map,37,100,1788733404.1343303,4.442176505432272,2.104862543098573,0.0
map,37,101,1788733404.1343303,4.4662640302052665,2.1115535222021826,0.0
map,37,102,1788733404.1343303,4.490351554978261,2.118249078942579,0.0
map,37,103,1788733404.1343303,4.514437553872327,2.1249446356829758,0.0
map,37,104,1788733404.1343303,4.538523552766392,2.1316432441812303,0.0
map,37,105,1788733404.1343303,4.562609551660458,2.138341852679485,0.0
map,37,106,1788733404.1343303,4.5866940246755945,2.1450450388145264,0.0
map,37,107,1788733404.1343303,4.610776971811802,2.151754328465284,0.0
map,37,108,1788733404.1343303,4.634855341311223,2.158478876905331,0.0
map,37,109,1788733404.1343303,4.6589337108106434,2.1652064771032364,0.0
map,37,110,1788733404.1343303,4.683010554431135,2.1719340773011417,0.0
map,37,111,1788733404.1343303,4.707087398051627,2.178664729256905,0.0
map,37,112,1788733404.1343303,4.7311642416721185,2.1853969070915973,0.0
map,37,113,1788733404.1343303,4.75524108529261,2.1921306108052185,0.0
map,37,114,1788733404.1343303,4.779316403034173,2.1988673662766978,0.0
map,37,115,1788733404.1343303,4.8033901948968065,2.205608699384964,0.0
map,37,116,1788733404.1343303,4.827460935001582,2.212362239524662,0.0
map,37,117,1788733404.1343303,4.851530149227429,2.219120357301147,0.0
map,37,118,1788733404.1343303,4.875599363453276,2.225876949198703,0.0
map,37,119,1788733404.1343303,4.8996670518001935,2.232636592854117,0.0
map,37,120,1788733404.1343303,4.92373626602604,2.2393977623884602,0.0
map,37,121,1788733404.1343303,4.947803954372958,2.24616350955959,0.0
map,37,122,1788733404.1343303,4.971870116840947,2.25292925673072,0.0
map,37,123,1788733404.1343303,4.9959332275510775,2.25971026269114,0.0
map,37,124,1788733404.1343303,5.019996338261208,2.266492794530489,0.0
map,37,125,1788733404.1343303,5.04405792309241,2.2732768522487667,0.0
map,37,126,1788733404.1343303,5.068119507923612,2.2800624358459736,0.0
map,37,127,1788733404.1343303,5.092179566875885,2.2868495453221094,0.0
map,37,128,1788733404.1343303,5.1162411517070865,2.293638180677174,0.0
map,37,129,1788733404.1343303,5.14029968478043,2.300431393669026,0.0
map,37,130,1788733404.1343303,5.164356691974845,2.3072352878133806,0.0
map,37,131,1788733404.1343303,5.188412173290331,2.3140422337155933,0.0
map,37,132,1788733404.1343303,5.212467654605817,2.320849179617806,0.0
map,37,133,1788733404.1343303,5.236521610042374,2.3276591772778765,0.0
map,37,134,1788733404.1343303,5.260575565478931,2.334472226695805,0.0
map,37,135,1788733404.1343303,5.284629520915487,2.3412852761137337,0.0
map,37,136,1788733404.1343303,5.308681950473115,2.3481029031684493,0.0
map,37,137,1788733404.1343303,5.332734380030743,2.354920530223165,0.0
map,37,138,1788733404.1343303,5.356783757830513,2.3617503643093123,0.0
map,37,139,1788733404.1343303,5.380831609751354,2.3685817242743887,0.0
map,37,140,1788733404.1343303,5.404879461672195,2.375414610118394,0.0
map,37,141,1788733404.1343303,5.428927313593036,2.3822490218413286,0.0
map,37,142,1788733404.1343303,5.452975165513877,2.389084959443192,0.0
map,37,143,1788733404.1343303,5.477021491555789,2.3959239488029134,0.0
map,37,144,1788733404.1343303,5.501067817597701,2.4027644640415637,0.0
map,37,145,1788733404.1343303,5.5251110918817545,2.409614134553788,0.0
map,37,146,1788733404.1343303,5.5491528402868795,2.4164668568238703,0.0
map,37,147,1788733404.1343303,5.5731945886920045,2.4233211049728816,0.0
map,37,148,1788733404.1343303,5.597236337097129,2.430175353121893,0.0
map,37,149,1788733404.1343303,5.621278085502254,2.437032653028762,0.0
map,37,150,1788733404.1343303,5.64531830802845,2.4438914788145603,0.0
map,37,151,1788733404.1343303,5.669358530554646,2.4507518304792875,0.0
map,37,152,1788733404.1343303,5.693395701322984,2.4576228632965176,0.0
map,37,153,1788733404.1343303,5.717432872091322,2.4644954219926767,0.0
map,37,154,1788733404.1343303,5.74147004285966,2.4713695065677648,0.0
map,37,155,1788733404.1343303,5.765505687749069,2.478243591142853,0.0
map,37,156,1788733404.1343303,5.789541332638478,2.485120727475799,0.0
map,37,157,1788733404.1343303,5.81358765868039,2.4919612427144493,0.0
map,37,158,1788733404.1343303,5.837624829448728,2.4988322755316794,0.0
map,37,159,1788733404.1343303,5.861658948459208,2.5057139895014124,0.0
map,37,160,1788733404.1343303,5.9075,2.537,0.9668000000000001
map,38,0,1788733405.1518743,2.0116588910897377,1.5557139753453093,0.0
map,38,1,1788733405.1518743,2.0373180711595893,1.5556758283720846,0.0
map,38,2,1788733405.1518743,2.0623180715321183,1.5556575178249368,0.0
map,38,3,1788733405.1518743,2.0873180719046474,1.555631577883144,0.0
map,38,4,1788733405.1518743,2.1123180722771764,1.5555995344256353,0.0
map,38,5,1788733405.1518743,2.1373180726497054,1.5555583356945526,0.0
map,38,6,1788733405.1518743,2.1623180730222344,1.555509507568825,0.0
map,38,7,1788733405.1518743,2.1873180733947635,1.5554499982905945,0.0
map,38,8,1788733405.1518743,2.2123180737672925,1.555378281980932,0.0
map,38,9,1788733405.1518743,2.2373180741398215,1.5552943586398378,0.0
map,38,10,1788733405.1518743,2.2623180745123506,1.5551982282673116,0.0
map,38,11,1788733405.1518743,2.2873180748848796,1.5550868391054955,0.0
map,38,12,1788733405.1518743,2.3123165493784796,1.5549617170333185,0.0
map,38,13,1788733405.1518743,2.3367382416369225,1.5603099226794193,0.0
map,38,14,1788733405.1518743,2.3611568821375073,1.565668809478023,0.0
map,38,15,1788733405.1518743,2.385590781427382,1.57096208348268,0.0
map,38,16,1788733405.1518743,2.410017051322612,1.576287400944846,0.0
map,38,17,1788733405.1518743,2.4344494247335575,1.5815806749495032,0.0
map,38,18,1788733405.1518743,2.4588726428709293,1.58691972532203,0.0
map,38,19,1788733405.1518743,2.48329738688723,1.5922526721788408,0.0
map,38,20,1788733405.1518743,2.507709923872099,1.5976420765560242,0.0
map,38,21,1788733405.1518743,2.532120934978039,1.6030375844489235,0.0
map,38,22,1788733405.1518743,2.5564342898325236,1.6088557608051524,0.0
map,38,23,1788733405.1518743,2.5807567999605823,1.6146373160670855,0.0
map,38,24,1788733405.1518743,2.605074732451854,1.6204356559972375,0.0
map,38,25,1788733405.1518743,2.6293987684588416,1.6262126336223837,0.0
map,38,26,1788733405.1518743,2.6537151750711843,1.6320140253103936,0.0
map,38,27,1788733405.1518743,2.678036159320314,1.6378062617248297,0.0
map,38,28,1788733405.1518743,2.7023479882958696,1.6436290157178455,0.0
map,38,29,1788733405.1518743,2.7266613431503544,1.6494502438319323,0.0
map,38,30,1788733405.1518743,2.750965542731265,1.6553065671613858,0.0
map,38,31,1788733405.1518743,2.7752285435810933,1.661332263051957,0.0
map,38,32,1788733405.1518743,2.7994884926730634,1.66737016597396,0.0
map,38,33,1788733405.1518743,2.8237514935228916,1.673394335985602,0.0
map,38,34,1788733405.1518743,2.8480099167359327,1.679435290665463,0.0
map,38,35,1788733405.1518743,2.872271391706832,1.685468615950679,0.0
map,38,36,1788733405.1518743,2.896528289040944,1.691523303540901,0.0
map,38,37,1788733405.1518743,2.9207836604961273,1.6975734134943359,0.0
map,38,38,1788733405.1518743,2.9450344543145235,1.7036494633895636,0.0
map,38,39,1788733405.1518743,2.969257782312198,1.7098323248098204,0.0
map,38,40,1788733405.1518743,2.9934780585520144,1.7160258673825801,0.0
map,38,41,1788733405.1518743,3.017701386549689,1.722208728802837,0.0
map,38,42,1788733405.1518743,3.0419216627895054,1.7284053231334546,0.0
map,38,43,1788733405.1518743,3.066143464908251,1.7345958139483564,0.0
map,38,44,1788733405.1518743,3.0903606893902094,1.740803089431477,0.0
map,38,45,1788733405.1518743,3.114577913872168,1.7470057872778106,0.0
map,38,46,1788733405.1518743,3.1387920865962684,1.7532283215502211,0.0
map,38,47,1788733405.1518743,3.162986422894292,1.759524098011223,0.0
map,38,48,1788733405.1518743,3.187177707434458,1.7658305556247278,0.0
map,38,49,1788733405.1518743,3.2113674660956946,1.7721431167539485,0.0
map,38,50,1788733405.1518743,3.2355587506358603,1.7784511002463823,0.0
map,38,51,1788733405.1518743,3.259746983418168,1.784769764891319,0.0
map,38,52,1788733405.1518743,3.283935216200476,1.7910884295362557,0.0
map,38,53,1788733405.1518743,3.3081219231038546,1.7974162494547663,0.0
map,38,54,1788733405.1518743,3.3323055782493753,1.803747121131135,0.0
map,38,55,1788733405.1518743,3.3564739746056063,1.810145131480379,0.0
map,38,56,1788733405.1518743,3.380642370961837,1.816538564192836,0.0
map,38,57,1788733405.1518743,3.404809241439139,1.82293657454208,0.0
map,38,58,1788733405.1518743,3.42897763779537,1.829334584891324,0.0
map,38,59,1788733405.1518743,3.453142982393743,1.835738698756284,0.0
map,38,60,1788733405.1518743,3.477308326992116,1.842144338500173,0.0
map,38,61,1788733405.1518743,3.50147214571156,1.848557607638707,0.0
map,38,62,1788733405.1518743,3.525634438552075,1.8549739285350988,0.0
map,38,63,1788733405.1518743,3.549784524361158,1.8614406034361473,0.0
map,38,64,1788733405.1518743,3.573934610170241,1.8679042265793377,0.0
map,38,65,1788733405.1518743,3.598083170100395,1.8743724273593152,0.0
map,38,66,1788733405.1518743,3.622231730030549,1.8808406281392926,0.0
map,38,67,1788733405.1518743,3.646378764081774,1.887316458313915,0.0
map,38,68,1788733405.1518743,3.6705257981329993,1.8937907626096084,0.0
map,38,69,1788733405.1518743,3.6946697804263664,1.9002742221788758,0.0
map,38,70,1788733405.1518743,3.7188046074461596,1.9067943028424388,0.0
map,38,71,1788733405.1518743,3.742937908587024,1.9133204870217178,0.0
map,38,72,1788733405.1518743,3.767072735606817,1.9198420935642098,0.0
map,38,73,1788733405.1518743,3.791204510868752,1.9263713295013467,0.0
map,38,74,1788733405.1518743,3.8153378120096164,1.9328990395595547,0.0
map,38,75,1788733405.1518743,3.8394680613926226,1.9394328531334786,0.0
map,38,76,1788733405.1518743,3.863599836654558,1.9459666667074025,0.0
map,38,77,1788733405.1518743,3.887728560158635,1.9525081096759713,0.0
map,38,78,1788733405.1518743,3.9118496542680674,1.959078544344191,0.0
map,38,79,1788733405.1518743,3.9359692224985707,1.9656550825281265,0.0
map,38,80,1788733405.1518743,3.960087264850145,1.97223467246992,0.0
map,38,81,1788733405.1518743,3.9842068330806484,1.9788142624117135,0.0
map,38,82,1788733405.1518743,4.008323349553294,1.985398429990294,0.0
map,38,83,1788733405.1518743,4.032441391904868,1.9919825975688745,0.0
map,38,84,1788733405.1518743,4.056556382498584,1.998572868663171,0.0
map,38,85,1788733405.1518743,4.080671373092301,2.0051661915153254,0.0
map,38,86,1788733405.1518743,4.104778734291372,2.0117869801882016,0.0
map,38,87,1788733405.1518743,4.128886095490444,2.0184062429821488,0.0
map,38,88,1788733405.1518743,4.152993456689515,2.025030083412883,0.0
map,38,89,1788733405.1518743,4.1770992920096575,2.031653923843617,0.0
map,38,90,1788733405.1518743,4.2012051273298,2.038283867790067,0.0
map,38,91,1788733405.1518743,4.225309436771013,2.0449122858575883,0.0
map,38,92,1788733405.1518743,4.249413746212227,2.0515468074408254,0.0
map,38,93,1788733405.1518743,4.273510426258795,2.0582042172079973,0.0
map,38,94,1788733405.1518743,4.297607106305364,2.064864678733027,0.0
map,38,95,1788733405.1518743,4.321703786351932,2.071523614379128,0.0
map,38,96,1788733405.1518743,4.345800466398501,2.078187127662016,0.0
map,38,97,1788733405.1518743,4.36989562056614,2.0848506409449037,0.0
map,38,98,1788733405.1518743,4.393989248854851,2.0915187318645785,0.0
map,38,99,1788733405.1518743,4.41808440302249,2.0981883486631823,0.0
map,38,100,1788733405.1518743,4.442176505432272,2.104862543098573,0.0
map,38,101,1788733405.1518743,4.4662640302052665,2.1115535222021826,0.0
map,38,102,1788733405.1518743,4.490351554978261,2.118249078942579,0.0
map,38,103,1788733405.1518743,4.514437553872327,2.1249446356829758,0.0
map,38,104,1788733405.1518743,4.538523552766392,2.1316432441812303,0.0
map,38,105,1788733405.1518743,4.562609551660458,2.138341852679485,0.0
map,38,106,1788733405.1518743,4.5866940246755945,2.1450450388145264,0.0
map,38,107,1788733405.1518743,4.610776971811802,2.151754328465284,0.0
map,38,108,1788733405.1518743,4.634855341311223,2.158478876905331,0.0
map,38,109,1788733405.1518743,4.6589337108106434,2.1652064771032364,0.0
map,38,110,1788733405.1518743,4.683010554431135,2.1719340773011417,0.0
map,38,111,1788733405.1518743,4.707087398051627,2.178664729256905,0.0
map,38,112,1788733405.1518743,4.7311642416721185,2.1853969070915973,0.0
map,38,113,1788733405.1518743,4.75524108529261,2.1921306108052185,0.0
map,38,114,1788733405.1518743,4.779316403034173,2.1988673662766978,0.0
map,38,115,1788733405.1518743,4.8033901948968065,2.205608699384964,0.0
map,38,116,1788733405.1518743,4.827460935001582,2.212362239524662,0.0
map,38,117,1788733405.1518743,4.851530149227429,2.219120357301147,0.0
map,38,118,1788733405.1518743,4.875599363453276,2.225876949198703,0.0
map,38,119,1788733405.1518743,4.8996670518001935,2.232636592854117,0.0
map,38,120,1788733405.1518743,4.92373626602604,2.2393977623884602,0.0
map,38,121,1788733405.1518743,4.947803954372958,2.24616350955959,0.0
map,38,122,1788733405.1518743,4.971870116840947,2.25292925673072,0.0
map,38,123,1788733405.1518743,4.9959332275510775,2.25971026269114,0.0
map,38,124,1788733405.1518743,5.019996338261208,2.266492794530489,0.0
map,38,125,1788733405.1518743,5.04405792309241,2.2732768522487667,0.0
map,38,126,1788733405.1518743,5.068119507923612,2.2800624358459736,0.0
map,38,127,1788733405.1518743,5.092179566875885,2.2868495453221094,0.0
map,38,128,1788733405.1518743,5.1162411517070865,2.293638180677174,0.0
map,38,129,1788733405.1518743,5.14029968478043,2.300431393669026,0.0
map,38,130,1788733405.1518743,5.164356691974845,2.3072352878133806,0.0
map,38,131,1788733405.1518743,5.188412173290331,2.3140422337155933,0.0
map,38,132,1788733405.1518743,5.212467654605817,2.320849179617806,0.0
map,38,133,1788733405.1518743,5.236521610042374,2.3276591772778765,0.0
map,38,134,1788733405.1518743,5.260575565478931,2.334472226695805,0.0
map,38,135,1788733405.1518743,5.284629520915487,2.3412852761137337,0.0
map,38,136,1788733405.1518743,5.308681950473115,2.3481029031684493,0.0
map,38,137,1788733405.1518743,5.332734380030743,2.354920530223165,0.0
map,38,138,1788733405.1518743,5.356783757830513,2.3617503643093123,0.0
map,38,139,1788733405.1518743,5.380831609751354,2.3685817242743887,0.0
map,38,140,1788733405.1518743,5.404879461672195,2.375414610118394,0.0
map,38,141,1788733405.1518743,5.428927313593036,2.3822490218413286,0.0
map,38,142,1788733405.1518743,5.452975165513877,2.389084959443192,0.0
map,38,143,1788733405.1518743,5.477021491555789,2.3959239488029134,0.0
map,38,144,1788733405.1518743,5.501067817597701,2.4027644640415637,0.0
map,38,145,1788733405.1518743,5.5251110918817545,2.409614134553788,0.0
map,38,146,1788733405.1518743,5.5491528402868795,2.4164668568238703,0.0
map,38,147,1788733405.1518743,5.5731945886920045,2.4233211049728816,0.0
map,38,148,1788733405.1518743,5.597236337097129,2.430175353121893,0.0
map,38,149,1788733405.1518743,5.621278085502254,2.437032653028762,0.0
map,38,150,1788733405.1518743,5.64531830802845,2.4438914788145603,0.0
map,38,151,1788733405.1518743,5.669358530554646,2.4507518304792875,0.0
map,38,152,1788733405.1518743,5.693395701322984,2.4576228632965176,0.0
map,38,153,1788733405.1518743,5.717432872091322,2.4644954219926767,0.0
map,38,154,1788733405.1518743,5.74147004285966,2.4713695065677648,0.0
map,38,155,1788733405.1518743,5.765505687749069,2.478243591142853,0.0
map,38,156,1788733405.1518743,5.789541332638478,2.485120727475799,0.0
map,38,157,1788733405.1518743,5.81358765868039,2.4919612427144493,0.0
map,38,158,1788733405.1518743,5.837624829448728,2.4988322755316794,0.0
map,38,159,1788733405.1518743,5.861658948459208,2.5057139895014124,0.0
map,38,160,1788733405.1518743,5.9075,2.537,0.9668000000000001
map,39,0,1788733406.17342,2.0116588910897377,1.5557139753453093,0.0
map,39,1,1788733406.17342,2.0373180711595893,1.5556758283720846,0.0
map,39,2,1788733406.17342,2.0623180715321183,1.5556575178249368,0.0
map,39,3,1788733406.17342,2.0873180719046474,1.555631577883144,0.0
map,39,4,1788733406.17342,2.1123180722771764,1.5555995344256353,0.0
map,39,5,1788733406.17342,2.1373180726497054,1.5555583356945526,0.0
map,39,6,1788733406.17342,2.1623180730222344,1.555509507568825,0.0
map,39,7,1788733406.17342,2.1873180733947635,1.5554499982905945,0.0
map,39,8,1788733406.17342,2.2123180737672925,1.555378281980932,0.0
map,39,9,1788733406.17342,2.2373180741398215,1.5552943586398378,0.0
map,39,10,1788733406.17342,2.2623180745123506,1.5551982282673116,0.0
map,39,11,1788733406.17342,2.2873180748848796,1.5550868391054955,0.0
map,39,12,1788733406.17342,2.3123165493784796,1.5549617170333185,0.0
map,39,13,1788733406.17342,2.3367382416369225,1.5603099226794193,0.0
map,39,14,1788733406.17342,2.3611568821375073,1.565668809478023,0.0
map,39,15,1788733406.17342,2.385590781427382,1.57096208348268,0.0
map,39,16,1788733406.17342,2.410017051322612,1.576287400944846,0.0
map,39,17,1788733406.17342,2.4344494247335575,1.5815806749495032,0.0
map,39,18,1788733406.17342,2.4588726428709293,1.58691972532203,0.0
map,39,19,1788733406.17342,2.48329738688723,1.5922526721788408,0.0
map,39,20,1788733406.17342,2.507709923872099,1.5976420765560242,0.0
map,39,21,1788733406.17342,2.532120934978039,1.6030375844489235,0.0
map,39,22,1788733406.17342,2.5564342898325236,1.6088557608051524,0.0
map,39,23,1788733406.17342,2.5807567999605823,1.6146373160670855,0.0
map,39,24,1788733406.17342,2.605074732451854,1.6204356559972375,0.0
map,39,25,1788733406.17342,2.6293987684588416,1.6262126336223837,0.0
map,39,26,1788733406.17342,2.6537151750711843,1.6320140253103936,0.0
map,39,27,1788733406.17342,2.678036159320314,1.6378062617248297,0.0
map,39,28,1788733406.17342,2.7023479882958696,1.6436290157178455,0.0
map,39,29,1788733406.17342,2.7266613431503544,1.6494502438319323,0.0
map,39,30,1788733406.17342,2.750965542731265,1.6553065671613858,0.0
map,39,31,1788733406.17342,2.7752285435810933,1.661332263051957,0.0
map,39,32,1788733406.17342,2.7994884926730634,1.66737016597396,0.0
map,39,33,1788733406.17342,2.8237514935228916,1.673394335985602,0.0
map,39,34,1788733406.17342,2.8480099167359327,1.679435290665463,0.0
map,39,35,1788733406.17342,2.872271391706832,1.685468615950679,0.0
map,39,36,1788733406.17342,2.896528289040944,1.691523303540901,0.0
map,39,37,1788733406.17342,2.9207836604961273,1.6975734134943359,0.0
map,39,38,1788733406.17342,2.9450344543145235,1.7036494633895636,0.0
map,39,39,1788733406.17342,2.969257782312198,1.7098323248098204,0.0
map,39,40,1788733406.17342,2.9934780585520144,1.7160258673825801,0.0
map,39,41,1788733406.17342,3.017701386549689,1.722208728802837,0.0
map,39,42,1788733406.17342,3.0419216627895054,1.7284053231334546,0.0
map,39,43,1788733406.17342,3.066143464908251,1.7345958139483564,0.0
map,39,44,1788733406.17342,3.0903606893902094,1.740803089431477,0.0
map,39,45,1788733406.17342,3.114577913872168,1.7470057872778106,0.0
map,39,46,1788733406.17342,3.1387920865962684,1.7532283215502211,0.0
map,39,47,1788733406.17342,3.162986422894292,1.759524098011223,0.0
map,39,48,1788733406.17342,3.187177707434458,1.7658305556247278,0.0
map,39,49,1788733406.17342,3.2113674660956946,1.7721431167539485,0.0
map,39,50,1788733406.17342,3.2355587506358603,1.7784511002463823,0.0
map,39,51,1788733406.17342,3.259746983418168,1.784769764891319,0.0
map,39,52,1788733406.17342,3.283935216200476,1.7910884295362557,0.0
map,39,53,1788733406.17342,3.3081219231038546,1.7974162494547663,0.0
map,39,54,1788733406.17342,3.3323055782493753,1.803747121131135,0.0
map,39,55,1788733406.17342,3.3564739746056063,1.810145131480379,0.0
map,39,56,1788733406.17342,3.380642370961837,1.816538564192836,0.0
map,39,57,1788733406.17342,3.404809241439139,1.82293657454208,0.0
map,39,58,1788733406.17342,3.42897763779537,1.829334584891324,0.0
map,39,59,1788733406.17342,3.453142982393743,1.835738698756284,0.0
map,39,60,1788733406.17342,3.477308326992116,1.842144338500173,0.0
map,39,61,1788733406.17342,3.50147214571156,1.848557607638707,0.0
map,39,62,1788733406.17342,3.525634438552075,1.8549739285350988,0.0
map,39,63,1788733406.17342,3.549784524361158,1.8614406034361473,0.0
map,39,64,1788733406.17342,3.573934610170241,1.8679042265793377,0.0
map,39,65,1788733406.17342,3.598083170100395,1.8743724273593152,0.0
map,39,66,1788733406.17342,3.622231730030549,1.8808406281392926,0.0
map,39,67,1788733406.17342,3.646378764081774,1.887316458313915,0.0
map,39,68,1788733406.17342,3.6705257981329993,1.8937907626096084,0.0
map,39,69,1788733406.17342,3.6946697804263664,1.9002742221788758,0.0
map,39,70,1788733406.17342,3.7188046074461596,1.9067943028424388,0.0
map,39,71,1788733406.17342,3.742937908587024,1.9133204870217178,0.0
map,39,72,1788733406.17342,3.767072735606817,1.9198420935642098,0.0
map,39,73,1788733406.17342,3.791204510868752,1.9263713295013467,0.0
map,39,74,1788733406.17342,3.8153378120096164,1.9328990395595547,0.0
map,39,75,1788733406.17342,3.8394680613926226,1.9394328531334786,0.0
map,39,76,1788733406.17342,3.863599836654558,1.9459666667074025,0.0
map,39,77,1788733406.17342,3.887728560158635,1.9525081096759713,0.0
map,39,78,1788733406.17342,3.9118496542680674,1.959078544344191,0.0
map,39,79,1788733406.17342,3.9359692224985707,1.9656550825281265,0.0
map,39,80,1788733406.17342,3.960087264850145,1.97223467246992,0.0
map,39,81,1788733406.17342,3.9842068330806484,1.9788142624117135,0.0
map,39,82,1788733406.17342,4.008323349553294,1.985398429990294,0.0
map,39,83,1788733406.17342,4.032441391904868,1.9919825975688745,0.0
map,39,84,1788733406.17342,4.056556382498584,1.998572868663171,0.0
map,39,85,1788733406.17342,4.080671373092301,2.0051661915153254,0.0
map,39,86,1788733406.17342,4.104778734291372,2.0117869801882016,0.0
map,39,87,1788733406.17342,4.128886095490444,2.0184062429821488,0.0
map,39,88,1788733406.17342,4.152993456689515,2.025030083412883,0.0
map,39,89,1788733406.17342,4.1770992920096575,2.031653923843617,0.0
map,39,90,1788733406.17342,4.2012051273298,2.038283867790067,0.0
map,39,91,1788733406.17342,4.225309436771013,2.0449122858575883,0.0
map,39,92,1788733406.17342,4.249413746212227,2.0515468074408254,0.0
map,39,93,1788733406.17342,4.273510426258795,2.0582042172079973,0.0
map,39,94,1788733406.17342,4.297607106305364,2.064864678733027,0.0
map,39,95,1788733406.17342,4.321703786351932,2.071523614379128,0.0
map,39,96,1788733406.17342,4.345800466398501,2.078187127662016,0.0
map,39,97,1788733406.17342,4.36989562056614,2.0848506409449037,0.0
map,39,98,1788733406.17342,4.393989248854851,2.0915187318645785,0.0
map,39,99,1788733406.17342,4.41808440302249,2.0981883486631823,0.0
map,39,100,1788733406.17342,4.442176505432272,2.104862543098573,0.0
map,39,101,1788733406.17342,4.4662640302052665,2.1115535222021826,0.0
map,39,102,1788733406.17342,4.490351554978261,2.118249078942579,0.0
map,39,103,1788733406.17342,4.514437553872327,2.1249446356829758,0.0
map,39,104,1788733406.17342,4.538523552766392,2.1316432441812303,0.0
map,39,105,1788733406.17342,4.562609551660458,2.138341852679485,0.0
map,39,106,1788733406.17342,4.5866940246755945,2.1450450388145264,0.0
map,39,107,1788733406.17342,4.610776971811802,2.151754328465284,0.0
map,39,108,1788733406.17342,4.634855341311223,2.158478876905331,0.0
map,39,109,1788733406.17342,4.6589337108106434,2.1652064771032364,0.0
map,39,110,1788733406.17342,4.683010554431135,2.1719340773011417,0.0
map,39,111,1788733406.17342,4.707087398051627,2.178664729256905,0.0
map,39,112,1788733406.17342,4.7311642416721185,2.1853969070915973,0.0
map,39,113,1788733406.17342,4.75524108529261,2.1921306108052185,0.0
map,39,114,1788733406.17342,4.779316403034173,2.1988673662766978,0.0
map,39,115,1788733406.17342,4.8033901948968065,2.205608699384964,0.0
map,39,116,1788733406.17342,4.827460935001582,2.212362239524662,0.0
map,39,117,1788733406.17342,4.851530149227429,2.219120357301147,0.0
map,39,118,1788733406.17342,4.875599363453276,2.225876949198703,0.0
map,39,119,1788733406.17342,4.8996670518001935,2.232636592854117,0.0
map,39,120,1788733406.17342,4.92373626602604,2.2393977623884602,0.0
map,39,121,1788733406.17342,4.947803954372958,2.24616350955959,0.0
map,39,122,1788733406.17342,4.971870116840947,2.25292925673072,0.0
map,39,123,1788733406.17342,4.9959332275510775,2.25971026269114,0.0
map,39,124,1788733406.17342,5.019996338261208,2.266492794530489,0.0
map,39,125,1788733406.17342,5.04405792309241,2.2732768522487667,0.0
map,39,126,1788733406.17342,5.068119507923612,2.2800624358459736,0.0
map,39,127,1788733406.17342,5.092179566875885,2.2868495453221094,0.0
map,39,128,1788733406.17342,5.1162411517070865,2.293638180677174,0.0
map,39,129,1788733406.17342,5.14029968478043,2.300431393669026,0.0
map,39,130,1788733406.17342,5.164356691974845,2.3072352878133806,0.0
map,39,131,1788733406.17342,5.188412173290331,2.3140422337155933,0.0
map,39,132,1788733406.17342,5.212467654605817,2.320849179617806,0.0
map,39,133,1788733406.17342,5.236521610042374,2.3276591772778765,0.0
map,39,134,1788733406.17342,5.260575565478931,2.334472226695805,0.0
map,39,135,1788733406.17342,5.284629520915487,2.3412852761137337,0.0
map,39,136,1788733406.17342,5.308681950473115,2.3481029031684493,0.0
map,39,137,1788733406.17342,5.332734380030743,2.354920530223165,0.0
map,39,138,1788733406.17342,5.356783757830513,2.3617503643093123,0.0
map,39,139,1788733406.17342,5.380831609751354,2.3685817242743887,0.0
map,39,140,1788733406.17342,5.404879461672195,2.375414610118394,0.0
map,39,141,1788733406.17342,5.428927313593036,2.3822490218413286,0.0
map,39,142,1788733406.17342,5.452975165513877,2.389084959443192,0.0
map,39,143,1788733406.17342,5.477021491555789,2.3959239488029134,0.0
map,39,144,1788733406.17342,5.501067817597701,2.4027644640415637,0.0
map,39,145,1788733406.17342,5.5251110918817545,2.409614134553788,0.0
map,39,146,1788733406.17342,5.5491528402868795,2.4164668568238703,0.0
map,39,147,1788733406.17342,5.5731945886920045,2.4233211049728816,0.0
map,39,148,1788733406.17342,5.597236337097129,2.430175353121893,0.0
map,39,149,1788733406.17342,5.621278085502254,2.437032653028762,0.0
map,39,150,1788733406.17342,5.64531830802845,2.4438914788145603,0.0
map,39,151,1788733406.17342,5.669358530554646,2.4507518304792875,0.0
map,39,152,1788733406.17342,5.693395701322984,2.4576228632965176,0.0
map,39,153,1788733406.17342,5.717432872091322,2.4644954219926767,0.0
map,39,154,1788733406.17342,5.74147004285966,2.4713695065677648,0.0
map,39,155,1788733406.17342,5.765505687749069,2.478243591142853,0.0
map,39,156,1788733406.17342,5.789541332638478,2.485120727475799,0.0
map,39,157,1788733406.17342,5.81358765868039,2.4919612427144493,0.0
map,39,158,1788733406.17342,5.837624829448728,2.4988322755316794,0.0
map,39,159,1788733406.17342,5.861658948459208,2.5057139895014124,0.0
map,39,160,1788733406.17342,5.9075,2.537,0.9668000000000001
map,40,0,1788733407.2048624,2.0116588910897377,1.5557139753453093,0.0
map,40,1,1788733407.2048624,2.0373180711595893,1.5556758283720846,0.0
map,40,2,1788733407.2048624,2.0623180715321183,1.5556575178249368,0.0
map,40,3,1788733407.2048624,2.0873180719046474,1.555631577883144,0.0
map,40,4,1788733407.2048624,2.1123180722771764,1.5555995344256353,0.0
map,40,5,1788733407.2048624,2.1373180726497054,1.5555583356945526,0.0
map,40,6,1788733407.2048624,2.1623180730222344,1.555509507568825,0.0
map,40,7,1788733407.2048624,2.1873180733947635,1.5554499982905945,0.0
map,40,8,1788733407.2048624,2.2123180737672925,1.555378281980932,0.0
map,40,9,1788733407.2048624,2.2373180741398215,1.5552943586398378,0.0
map,40,10,1788733407.2048624,2.2623180745123506,1.5551982282673116,0.0
map,40,11,1788733407.2048624,2.2873180748848796,1.5550868391054955,0.0
map,40,12,1788733407.2048624,2.3123165493784796,1.5549617170333185,0.0
map,40,13,1788733407.2048624,2.3367382416369225,1.5603099226794193,0.0
map,40,14,1788733407.2048624,2.3611568821375073,1.565668809478023,0.0
map,40,15,1788733407.2048624,2.385590781427382,1.57096208348268,0.0
map,40,16,1788733407.2048624,2.410017051322612,1.576287400944846,0.0
map,40,17,1788733407.2048624,2.4344494247335575,1.5815806749495032,0.0
map,40,18,1788733407.2048624,2.4588726428709293,1.58691972532203,0.0
map,40,19,1788733407.2048624,2.48329738688723,1.5922526721788408,0.0
map,40,20,1788733407.2048624,2.507709923872099,1.5976420765560242,0.0
map,40,21,1788733407.2048624,2.532120934978039,1.6030375844489235,0.0
map,40,22,1788733407.2048624,2.5564342898325236,1.6088557608051524,0.0
map,40,23,1788733407.2048624,2.5807567999605823,1.6146373160670855,0.0
map,40,24,1788733407.2048624,2.605074732451854,1.6204356559972375,0.0
map,40,25,1788733407.2048624,2.6293987684588416,1.6262126336223837,0.0
map,40,26,1788733407.2048624,2.6537151750711843,1.6320140253103936,0.0
map,40,27,1788733407.2048624,2.678036159320314,1.6378062617248297,0.0
map,40,28,1788733407.2048624,2.7023479882958696,1.6436290157178455,0.0
map,40,29,1788733407.2048624,2.7266613431503544,1.6494502438319323,0.0
map,40,30,1788733407.2048624,2.750965542731265,1.6553065671613858,0.0
map,40,31,1788733407.2048624,2.7752285435810933,1.661332263051957,0.0
map,40,32,1788733407.2048624,2.7994884926730634,1.66737016597396,0.0
map,40,33,1788733407.2048624,2.8237514935228916,1.673394335985602,0.0
map,40,34,1788733407.2048624,2.8480099167359327,1.679435290665463,0.0
map,40,35,1788733407.2048624,2.872271391706832,1.685468615950679,0.0
map,40,36,1788733407.2048624,2.896528289040944,1.691523303540901,0.0
map,40,37,1788733407.2048624,2.9207836604961273,1.6975734134943359,0.0
map,40,38,1788733407.2048624,2.9450344543145235,1.7036494633895636,0.0
map,40,39,1788733407.2048624,2.969257782312198,1.7098323248098204,0.0
map,40,40,1788733407.2048624,2.9934780585520144,1.7160258673825801,0.0
map,40,41,1788733407.2048624,3.017701386549689,1.722208728802837,0.0
map,40,42,1788733407.2048624,3.0419216627895054,1.7284053231334546,0.0
map,40,43,1788733407.2048624,3.066143464908251,1.7345958139483564,0.0
map,40,44,1788733407.2048624,3.0903606893902094,1.740803089431477,0.0
map,40,45,1788733407.2048624,3.114577913872168,1.7470057872778106,0.0
map,40,46,1788733407.2048624,3.1387920865962684,1.7532283215502211,0.0
map,40,47,1788733407.2048624,3.162986422894292,1.759524098011223,0.0
map,40,48,1788733407.2048624,3.187177707434458,1.7658305556247278,0.0
map,40,49,1788733407.2048624,3.2113674660956946,1.7721431167539485,0.0
map,40,50,1788733407.2048624,3.2355587506358603,1.7784511002463823,0.0
map,40,51,1788733407.2048624,3.259746983418168,1.784769764891319,0.0
map,40,52,1788733407.2048624,3.283935216200476,1.7910884295362557,0.0
map,40,53,1788733407.2048624,3.3081219231038546,1.7974162494547663,0.0
map,40,54,1788733407.2048624,3.3323055782493753,1.803747121131135,0.0
map,40,55,1788733407.2048624,3.3564739746056063,1.810145131480379,0.0
map,40,56,1788733407.2048624,3.380642370961837,1.816538564192836,0.0
map,40,57,1788733407.2048624,3.404809241439139,1.82293657454208,0.0
map,40,58,1788733407.2048624,3.42897763779537,1.829334584891324,0.0
map,40,59,1788733407.2048624,3.453142982393743,1.835738698756284,0.0
map,40,60,1788733407.2048624,3.477308326992116,1.842144338500173,0.0
map,40,61,1788733407.2048624,3.50147214571156,1.848557607638707,0.0
map,40,62,1788733407.2048624,3.525634438552075,1.8549739285350988,0.0
map,40,63,1788733407.2048624,3.549784524361158,1.8614406034361473,0.0
map,40,64,1788733407.2048624,3.573934610170241,1.8679042265793377,0.0
map,40,65,1788733407.2048624,3.598083170100395,1.8743724273593152,0.0
map,40,66,1788733407.2048624,3.622231730030549,1.8808406281392926,0.0
map,40,67,1788733407.2048624,3.646378764081774,1.887316458313915,0.0
map,40,68,1788733407.2048624,3.6705257981329993,1.8937907626096084,0.0
map,40,69,1788733407.2048624,3.6946697804263664,1.9002742221788758,0.0
map,40,70,1788733407.2048624,3.7188046074461596,1.9067943028424388,0.0
map,40,71,1788733407.2048624,3.742937908587024,1.9133204870217178,0.0
map,40,72,1788733407.2048624,3.767072735606817,1.9198420935642098,0.0
map,40,73,1788733407.2048624,3.791204510868752,1.9263713295013467,0.0
map,40,74,1788733407.2048624,3.8153378120096164,1.9328990395595547,0.0
map,40,75,1788733407.2048624,3.8394680613926226,1.9394328531334786,0.0
map,40,76,1788733407.2048624,3.863599836654558,1.9459666667074025,0.0
map,40,77,1788733407.2048624,3.887728560158635,1.9525081096759713,0.0
map,40,78,1788733407.2048624,3.9118496542680674,1.959078544344191,0.0
map,40,79,1788733407.2048624,3.9359692224985707,1.9656550825281265,0.0
map,40,80,1788733407.2048624,3.960087264850145,1.97223467246992,0.0
map,40,81,1788733407.2048624,3.9842068330806484,1.9788142624117135,0.0
map,40,82,1788733407.2048624,4.008323349553294,1.985398429990294,0.0
map,40,83,1788733407.2048624,4.032441391904868,1.9919825975688745,0.0
map,40,84,1788733407.2048624,4.056556382498584,1.998572868663171,0.0
map,40,85,1788733407.2048624,4.080671373092301,2.0051661915153254,0.0
map,40,86,1788733407.2048624,4.104778734291372,2.0117869801882016,0.0
map,40,87,1788733407.2048624,4.128886095490444,2.0184062429821488,0.0
map,40,88,1788733407.2048624,4.152993456689515,2.025030083412883,0.0
map,40,89,1788733407.2048624,4.1770992920096575,2.031653923843617,0.0
map,40,90,1788733407.2048624,4.2012051273298,2.038283867790067,0.0
map,40,91,1788733407.2048624,4.225309436771013,2.0449122858575883,0.0
map,40,92,1788733407.2048624,4.249413746212227,2.0515468074408254,0.0
map,40,93,1788733407.2048624,4.273510426258795,2.0582042172079973,0.0
map,40,94,1788733407.2048624,4.297607106305364,2.064864678733027,0.0
map,40,95,1788733407.2048624,4.321703786351932,2.071523614379128,0.0
map,40,96,1788733407.2048624,4.345800466398501,2.078187127662016,0.0
map,40,97,1788733407.2048624,4.36989562056614,2.0848506409449037,0.0
map,40,98,1788733407.2048624,4.393989248854851,2.0915187318645785,0.0
map,40,99,1788733407.2048624,4.41808440302249,2.0981883486631823,0.0
map,40,100,1788733407.2048624,4.442176505432272,2.104862543098573,0.0
map,40,101,1788733407.2048624,4.4662640302052665,2.1115535222021826,0.0
map,40,102,1788733407.2048624,4.490351554978261,2.118249078942579,0.0
map,40,103,1788733407.2048624,4.514437553872327,2.1249446356829758,0.0
map,40,104,1788733407.2048624,4.538523552766392,2.1316432441812303,0.0
map,40,105,1788733407.2048624,4.562609551660458,2.138341852679485,0.0
map,40,106,1788733407.2048624,4.5866940246755945,2.1450450388145264,0.0
map,40,107,1788733407.2048624,4.610776971811802,2.151754328465284,0.0
map,40,108,1788733407.2048624,4.634855341311223,2.158478876905331,0.0
map,40,109,1788733407.2048624,4.6589337108106434,2.1652064771032364,0.0
map,40,110,1788733407.2048624,4.683010554431135,2.1719340773011417,0.0
map,40,111,1788733407.2048624,4.707087398051627,2.178664729256905,0.0
map,40,112,1788733407.2048624,4.7311642416721185,2.1853969070915973,0.0
map,40,113,1788733407.2048624,4.75524108529261,2.1921306108052185,0.0
map,40,114,1788733407.2048624,4.779316403034173,2.1988673662766978,0.0
map,40,115,1788733407.2048624,4.8033901948968065,2.205608699384964,0.0
map,40,116,1788733407.2048624,4.827460935001582,2.212362239524662,0.0
map,40,117,1788733407.2048624,4.851530149227429,2.219120357301147,0.0
map,40,118,1788733407.2048624,4.875599363453276,2.225876949198703,0.0
map,40,119,1788733407.2048624,4.8996670518001935,2.232636592854117,0.0
map,40,120,1788733407.2048624,4.92373626602604,2.2393977623884602,0.0
map,40,121,1788733407.2048624,4.947803954372958,2.24616350955959,0.0
map,40,122,1788733407.2048624,4.971870116840947,2.25292925673072,0.0
map,40,123,1788733407.2048624,4.9959332275510775,2.25971026269114,0.0
map,40,124,1788733407.2048624,5.019996338261208,2.266492794530489,0.0
map,40,125,1788733407.2048624,5.04405792309241,2.2732768522487667,0.0
map,40,126,1788733407.2048624,5.068119507923612,2.2800624358459736,0.0
map,40,127,1788733407.2048624,5.092179566875885,2.2868495453221094,0.0
map,40,128,1788733407.2048624,5.1162411517070865,2.293638180677174,0.0
map,40,129,1788733407.2048624,5.14029968478043,2.300431393669026,0.0
map,40,130,1788733407.2048624,5.164356691974845,2.3072352878133806,0.0
map,40,131,1788733407.2048624,5.188412173290331,2.3140422337155933,0.0
map,40,132,1788733407.2048624,5.212467654605817,2.320849179617806,0.0
map,40,133,1788733407.2048624,5.236521610042374,2.3276591772778765,0.0
map,40,134,1788733407.2048624,5.260575565478931,2.334472226695805,0.0
map,40,135,1788733407.2048624,5.284629520915487,2.3412852761137337,0.0
map,40,136,1788733407.2048624,5.308681950473115,2.3481029031684493,0.0
map,40,137,1788733407.2048624,5.332734380030743,2.354920530223165,0.0
map,40,138,1788733407.2048624,5.356783757830513,2.3617503643093123,0.0
map,40,139,1788733407.2048624,5.380831609751354,2.3685817242743887,0.0
map,40,140,1788733407.2048624,5.404879461672195,2.375414610118394,0.0
map,40,141,1788733407.2048624,5.428927313593036,2.3822490218413286,0.0
map,40,142,1788733407.2048624,5.452975165513877,2.389084959443192,0.0
map,40,143,1788733407.2048624,5.477021491555789,2.3959239488029134,0.0
map,40,144,1788733407.2048624,5.501067817597701,2.4027644640415637,0.0
map,40,145,1788733407.2048624,5.5251110918817545,2.409614134553788,0.0
map,40,146,1788733407.2048624,5.5491528402868795,2.4164668568238703,0.0
map,40,147,1788733407.2048624,5.5731945886920045,2.4233211049728816,0.0
map,40,148,1788733407.2048624,5.597236337097129,2.430175353121893,0.0
map,40,149,1788733407.2048624,5.621278085502254,2.437032653028762,0.0
map,40,150,1788733407.2048624,5.64531830802845,2.4438914788145603,0.0
map,40,151,1788733407.2048624,5.669358530554646,2.4507518304792875,0.0
map,40,152,1788733407.2048624,5.693395701322984,2.4576228632965176,0.0
map,40,153,1788733407.2048624,5.717432872091322,2.4644954219926767,0.0
map,40,154,1788733407.2048624,5.74147004285966,2.4713695065677648,0.0
map,40,155,1788733407.2048624,5.765505687749069,2.478243591142853,0.0
map,40,156,1788733407.2048624,5.789541332638478,2.485120727475799,0.0
map,40,157,1788733407.2048624,5.81358765868039,2.4919612427144493,0.0
map,40,158,1788733407.2048624,5.837624829448728,2.4988322755316794,0.0
map,40,159,1788733407.2048624,5.861658948459208,2.5057139895014124,0.0
map,40,160,1788733407.2048624,5.9075,2.537,0.9668000000000001
map,41,0,1788733408.2355425,2.0116588910897377,1.5557139753453093,0.0
map,41,1,1788733408.2355425,2.0373180711595893,1.5556758283720846,0.0
map,41,2,1788733408.2355425,2.0623180715321183,1.5556575178249368,0.0
map,41,3,1788733408.2355425,2.0873180719046474,1.555631577883144,0.0
map,41,4,1788733408.2355425,2.1123180722771764,1.5555995344256353,0.0
map,41,5,1788733408.2355425,2.1373180726497054,1.5555583356945526,0.0
map,41,6,1788733408.2355425,2.1623180730222344,1.555509507568825,0.0
map,41,7,1788733408.2355425,2.1873180733947635,1.5554499982905945,0.0
map,41,8,1788733408.2355425,2.2123180737672925,1.555378281980932,0.0
map,41,9,1788733408.2355425,2.2373180741398215,1.5552943586398378,0.0
map,41,10,1788733408.2355425,2.2623180745123506,1.5551982282673116,0.0
map,41,11,1788733408.2355425,2.2873180748848796,1.5550868391054955,0.0
map,41,12,1788733408.2355425,2.3123165493784796,1.5549617170333185,0.0
map,41,13,1788733408.2355425,2.3367382416369225,1.5603099226794193,0.0
map,41,14,1788733408.2355425,2.3611568821375073,1.565668809478023,0.0
map,41,15,1788733408.2355425,2.385590781427382,1.57096208348268,0.0
map,41,16,1788733408.2355425,2.410017051322612,1.576287400944846,0.0
map,41,17,1788733408.2355425,2.4344494247335575,1.5815806749495032,0.0
map,41,18,1788733408.2355425,2.4588726428709293,1.58691972532203,0.0
map,41,19,1788733408.2355425,2.48329738688723,1.5922526721788408,0.0
map,41,20,1788733408.2355425,2.507709923872099,1.5976420765560242,0.0
map,41,21,1788733408.2355425,2.532120934978039,1.6030375844489235,0.0
map,41,22,1788733408.2355425,2.5564342898325236,1.6088557608051524,0.0
map,41,23,1788733408.2355425,2.5807567999605823,1.6146373160670855,0.0
map,41,24,1788733408.2355425,2.605074732451854,1.6204356559972375,0.0
map,41,25,1788733408.2355425,2.6293987684588416,1.6262126336223837,0.0
map,41,26,1788733408.2355425,2.6537151750711843,1.6320140253103936,0.0
map,41,27,1788733408.2355425,2.678036159320314,1.6378062617248297,0.0
map,41,28,1788733408.2355425,2.7023479882958696,1.6436290157178455,0.0
map,41,29,1788733408.2355425,2.7266613431503544,1.6494502438319323,0.0
map,41,30,1788733408.2355425,2.750965542731265,1.6553065671613858,0.0
map,41,31,1788733408.2355425,2.7752285435810933,1.661332263051957,0.0
map,41,32,1788733408.2355425,2.7994884926730634,1.66737016597396,0.0
map,41,33,1788733408.2355425,2.8237514935228916,1.673394335985602,0.0
map,41,34,1788733408.2355425,2.8480099167359327,1.679435290665463,0.0
map,41,35,1788733408.2355425,2.872271391706832,1.685468615950679,0.0
map,41,36,1788733408.2355425,2.896528289040944,1.691523303540901,0.0
map,41,37,1788733408.2355425,2.9207836604961273,1.6975734134943359,0.0
map,41,38,1788733408.2355425,2.9450344543145235,1.7036494633895636,0.0
map,41,39,1788733408.2355425,2.969257782312198,1.7098323248098204,0.0
map,41,40,1788733408.2355425,2.9934780585520144,1.7160258673825801,0.0
map,41,41,1788733408.2355425,3.017701386549689,1.722208728802837,0.0
map,41,42,1788733408.2355425,3.0419216627895054,1.7284053231334546,0.0
map,41,43,1788733408.2355425,3.066143464908251,1.7345958139483564,0.0
map,41,44,1788733408.2355425,3.0903606893902094,1.740803089431477,0.0
map,41,45,1788733408.2355425,3.114577913872168,1.7470057872778106,0.0
map,41,46,1788733408.2355425,3.1387920865962684,1.7532283215502211,0.0
map,41,47,1788733408.2355425,3.162986422894292,1.759524098011223,0.0
map,41,48,1788733408.2355425,3.187177707434458,1.7658305556247278,0.0
map,41,49,1788733408.2355425,3.2113674660956946,1.7721431167539485,0.0
map,41,50,1788733408.2355425,3.2355587506358603,1.7784511002463823,0.0
map,41,51,1788733408.2355425,3.259746983418168,1.784769764891319,0.0
map,41,52,1788733408.2355425,3.283935216200476,1.7910884295362557,0.0
map,41,53,1788733408.2355425,3.3081219231038546,1.7974162494547663,0.0
map,41,54,1788733408.2355425,3.3323055782493753,1.803747121131135,0.0
map,41,55,1788733408.2355425,3.3564739746056063,1.810145131480379,0.0
map,41,56,1788733408.2355425,3.380642370961837,1.816538564192836,0.0
map,41,57,1788733408.2355425,3.404809241439139,1.82293657454208,0.0
map,41,58,1788733408.2355425,3.42897763779537,1.829334584891324,0.0
map,41,59,1788733408.2355425,3.453142982393743,1.835738698756284,0.0
map,41,60,1788733408.2355425,3.477308326992116,1.842144338500173,0.0
map,41,61,1788733408.2355425,3.50147214571156,1.848557607638707,0.0
map,41,62,1788733408.2355425,3.525634438552075,1.8549739285350988,0.0
map,41,63,1788733408.2355425,3.549784524361158,1.8614406034361473,0.0
map,41,64,1788733408.2355425,3.573934610170241,1.8679042265793377,0.0
map,41,65,1788733408.2355425,3.598083170100395,1.8743724273593152,0.0
map,41,66,1788733408.2355425,3.622231730030549,1.8808406281392926,0.0
map,41,67,1788733408.2355425,3.646378764081774,1.887316458313915,0.0
map,41,68,1788733408.2355425,3.6705257981329993,1.8937907626096084,0.0
map,41,69,1788733408.2355425,3.6946697804263664,1.9002742221788758,0.0
map,41,70,1788733408.2355425,3.7188046074461596,1.9067943028424388,0.0
map,41,71,1788733408.2355425,3.742937908587024,1.9133204870217178,0.0
map,41,72,1788733408.2355425,3.767072735606817,1.9198420935642098,0.0
map,41,73,1788733408.2355425,3.791204510868752,1.9263713295013467,0.0
map,41,74,1788733408.2355425,3.8153378120096164,1.9328990395595547,0.0
map,41,75,1788733408.2355425,3.8394680613926226,1.9394328531334786,0.0
map,41,76,1788733408.2355425,3.863599836654558,1.9459666667074025,0.0
map,41,77,1788733408.2355425,3.887728560158635,1.9525081096759713,0.0
map,41,78,1788733408.2355425,3.9118496542680674,1.959078544344191,0.0
map,41,79,1788733408.2355425,3.9359692224985707,1.9656550825281265,0.0
map,41,80,1788733408.2355425,3.960087264850145,1.97223467246992,0.0
map,41,81,1788733408.2355425,3.9842068330806484,1.9788142624117135,0.0
map,41,82,1788733408.2355425,4.008323349553294,1.985398429990294,0.0
map,41,83,1788733408.2355425,4.032441391904868,1.9919825975688745,0.0
map,41,84,1788733408.2355425,4.056556382498584,1.998572868663171,0.0
map,41,85,1788733408.2355425,4.080671373092301,2.0051661915153254,0.0
map,41,86,1788733408.2355425,4.104778734291372,2.0117869801882016,0.0
map,41,87,1788733408.2355425,4.128886095490444,2.0184062429821488,0.0
map,41,88,1788733408.2355425,4.152993456689515,2.025030083412883,0.0
map,41,89,1788733408.2355425,4.1770992920096575,2.031653923843617,0.0
map,41,90,1788733408.2355425,4.2012051273298,2.038283867790067,0.0
map,41,91,1788733408.2355425,4.225309436771013,2.0449122858575883,0.0
map,41,92,1788733408.2355425,4.249413746212227,2.0515468074408254,0.0
map,41,93,1788733408.2355425,4.273510426258795,2.0582042172079973,0.0
map,41,94,1788733408.2355425,4.297607106305364,2.064864678733027,0.0
map,41,95,1788733408.2355425,4.321703786351932,2.071523614379128,0.0
map,41,96,1788733408.2355425,4.345800466398501,2.078187127662016,0.0
map,41,97,1788733408.2355425,4.36989562056614,2.0848506409449037,0.0
map,41,98,1788733408.2355425,4.393989248854851,2.0915187318645785,0.0
map,41,99,1788733408.2355425,4.41808440302249,2.0981883486631823,0.0
map,41,100,1788733408.2355425,4.442176505432272,2.104862543098573,0.0
map,41,101,1788733408.2355425,4.4662640302052665,2.1115535222021826,0.0
map,41,102,1788733408.2355425,4.490351554978261,2.118249078942579,0.0
map,41,103,1788733408.2355425,4.514437553872327,2.1249446356829758,0.0
map,41,104,1788733408.2355425,4.538523552766392,2.1316432441812303,0.0
map,41,105,1788733408.2355425,4.562609551660458,2.138341852679485,0.0
map,41,106,1788733408.2355425,4.5866940246755945,2.1450450388145264,0.0
map,41,107,1788733408.2355425,4.610776971811802,2.151754328465284,0.0
map,41,108,1788733408.2355425,4.634855341311223,2.158478876905331,0.0
map,41,109,1788733408.2355425,4.6589337108106434,2.1652064771032364,0.0
map,41,110,1788733408.2355425,4.683010554431135,2.1719340773011417,0.0
map,41,111,1788733408.2355425,4.707087398051627,2.178664729256905,0.0
map,41,112,1788733408.2355425,4.7311642416721185,2.1853969070915973,0.0
map,41,113,1788733408.2355425,4.75524108529261,2.1921306108052185,0.0
map,41,114,1788733408.2355425,4.779316403034173,2.1988673662766978,0.0
map,41,115,1788733408.2355425,4.8033901948968065,2.205608699384964,0.0
map,41,116,1788733408.2355425,4.827460935001582,2.212362239524662,0.0
map,41,117,1788733408.2355425,4.851530149227429,2.219120357301147,0.0
map,41,118,1788733408.2355425,4.875599363453276,2.225876949198703,0.0
map,41,119,1788733408.2355425,4.8996670518001935,2.232636592854117,0.0
map,41,120,1788733408.2355425,4.92373626602604,2.2393977623884602,0.0
map,41,121,1788733408.2355425,4.947803954372958,2.24616350955959,0.0
map,41,122,1788733408.2355425,4.971870116840947,2.25292925673072,0.0
map,41,123,1788733408.2355425,4.9959332275510775,2.25971026269114,0.0
map,41,124,1788733408.2355425,5.019996338261208,2.266492794530489,0.0
map,41,125,1788733408.2355425,5.04405792309241,2.2732768522487667,0.0
map,41,126,1788733408.2355425,5.068119507923612,2.2800624358459736,0.0
map,41,127,1788733408.2355425,5.092179566875885,2.2868495453221094,0.0
map,41,128,1788733408.2355425,5.1162411517070865,2.293638180677174,0.0
map,41,129,1788733408.2355425,5.14029968478043,2.300431393669026,0.0
map,41,130,1788733408.2355425,5.164356691974845,2.3072352878133806,0.0
map,41,131,1788733408.2355425,5.188412173290331,2.3140422337155933,0.0
map,41,132,1788733408.2355425,5.212467654605817,2.320849179617806,0.0
map,41,133,1788733408.2355425,5.236521610042374,2.3276591772778765,0.0
map,41,134,1788733408.2355425,5.260575565478931,2.334472226695805,0.0
map,41,135,1788733408.2355425,5.284629520915487,2.3412852761137337,0.0
map,41,136,1788733408.2355425,5.308681950473115,2.3481029031684493,0.0
map,41,137,1788733408.2355425,5.332734380030743,2.354920530223165,0.0
map,41,138,1788733408.2355425,5.356783757830513,2.3617503643093123,0.0
map,41,139,1788733408.2355425,5.380831609751354,2.3685817242743887,0.0
map,41,140,1788733408.2355425,5.404879461672195,2.375414610118394,0.0
map,41,141,1788733408.2355425,5.428927313593036,2.3822490218413286,0.0
map,41,142,1788733408.2355425,5.452975165513877,2.389084959443192,0.0
map,41,143,1788733408.2355425,5.477021491555789,2.3959239488029134,0.0
map,41,144,1788733408.2355425,5.501067817597701,2.4027644640415637,0.0
map,41,145,1788733408.2355425,5.5251110918817545,2.409614134553788,0.0
map,41,146,1788733408.2355425,5.5491528402868795,2.4164668568238703,0.0
map,41,147,1788733408.2355425,5.5731945886920045,2.4233211049728816,0.0
map,41,148,1788733408.2355425,5.597236337097129,2.430175353121893,0.0
map,41,149,1788733408.2355425,5.621278085502254,2.437032653028762,0.0
map,41,150,1788733408.2355425,5.64531830802845,2.4438914788145603,0.0
map,41,151,1788733408.2355425,5.669358530554646,2.4507518304792875,0.0
map,41,152,1788733408.2355425,5.693395701322984,2.4576228632965176,0.0
map,41,153,1788733408.2355425,5.717432872091322,2.4644954219926767,0.0
map,41,154,1788733408.2355425,5.74147004285966,2.4713695065677648,0.0
map,41,155,1788733408.2355425,5.765505687749069,2.478243591142853,0.0
map,41,156,1788733408.2355425,5.789541332638478,2.485120727475799,0.0
map,41,157,1788733408.2355425,5.81358765868039,2.4919612427144493,0.0
map,41,158,1788733408.2355425,5.837624829448728,2.4988322755316794,0.0
map,41,159,1788733408.2355425,5.861658948459208,2.5057139895014124,0.0
map,41,160,1788733408.2355425,5.9075,2.537,0.9668000000000001
map,42,0,1788733408.8757932,2.0116588910897377,1.5557139753453093,0.0
map,42,1,1788733408.8757932,2.0373180711595893,1.5556758283720846,0.0
map,42,2,1788733408.8757932,2.0623180715321183,1.5556575178249368,0.0
map,42,3,1788733408.8757932,2.0873180719046474,1.555631577883144,0.0
map,42,4,1788733408.8757932,2.1123180722771764,1.5555995344256353,0.0
map,42,5,1788733408.8757932,2.1373180726497054,1.5555583356945526,0.0
map,42,6,1788733408.8757932,2.1623180730222344,1.555509507568825,0.0
map,42,7,1788733408.8757932,2.1873180733947635,1.5554499982905945,0.0
map,42,8,1788733408.8757932,2.2123180737672925,1.555378281980932,0.0
map,42,9,1788733408.8757932,2.2373180741398215,1.5552943586398378,0.0
map,42,10,1788733408.8757932,2.2623180745123506,1.5551982282673116,0.0
map,42,11,1788733408.8757932,2.2873180748848796,1.5550868391054955,0.0
map,42,12,1788733408.8757932,2.3123165493784796,1.5549617170333185,0.0
map,42,13,1788733408.8757932,2.3367382416369225,1.5603099226794193,0.0
map,42,14,1788733408.8757932,2.3611568821375073,1.565668809478023,0.0
map,42,15,1788733408.8757932,2.385590781427382,1.57096208348268,0.0
map,42,16,1788733408.8757932,2.410017051322612,1.576287400944846,0.0
map,42,17,1788733408.8757932,2.4344494247335575,1.5815806749495032,0.0
map,42,18,1788733408.8757932,2.4588726428709293,1.58691972532203,0.0
map,42,19,1788733408.8757932,2.48329738688723,1.5922526721788408,0.0
map,42,20,1788733408.8757932,2.507709923872099,1.5976420765560242,0.0
map,42,21,1788733408.8757932,2.532120934978039,1.6030375844489235,0.0
map,42,22,1788733408.8757932,2.5564342898325236,1.6088557608051524,0.0
map,42,23,1788733408.8757932,2.5807567999605823,1.6146373160670855,0.0
map,42,24,1788733408.8757932,2.605074732451854,1.6204356559972375,0.0
map,42,25,1788733408.8757932,2.6293987684588416,1.6262126336223837,0.0
map,42,26,1788733408.8757932,2.6537151750711843,1.6320140253103936,0.0
map,42,27,1788733408.8757932,2.678036159320314,1.6378062617248297,0.0
map,42,28,1788733408.8757932,2.7023479882958696,1.6436290157178455,0.0
map,42,29,1788733408.8757932,2.7266613431503544,1.6494502438319323,0.0
map,42,30,1788733408.8757932,2.750965542731265,1.6553065671613858,0.0
map,42,31,1788733408.8757932,2.7752285435810933,1.661332263051957,0.0
map,42,32,1788733408.8757932,2.7994884926730634,1.66737016597396,0.0
map,42,33,1788733408.8757932,2.8237514935228916,1.673394335985602,0.0
map,42,34,1788733408.8757932,2.8480099167359327,1.679435290665463,0.0
map,42,35,1788733408.8757932,2.872271391706832,1.685468615950679,0.0
map,42,36,1788733408.8757932,2.896528289040944,1.691523303540901,0.0
map,42,37,1788733408.8757932,2.9207836604961273,1.6975734134943359,0.0
map,42,38,1788733408.8757932,2.9450344543145235,1.7036494633895636,0.0
map,42,39,1788733408.8757932,2.969257782312198,1.7098323248098204,0.0
map,42,40,1788733408.8757932,2.9934780585520144,1.7160258673825801,0.0
map,42,41,1788733408.8757932,3.017701386549689,1.722208728802837,0.0
map,42,42,1788733408.8757932,3.0419216627895054,1.7284053231334546,0.0
map,42,43,1788733408.8757932,3.066143464908251,1.7345958139483564,0.0
map,42,44,1788733408.8757932,3.0903606893902094,1.740803089431477,0.0
map,42,45,1788733408.8757932,3.114577913872168,1.7470057872778106,0.0
map,42,46,1788733408.8757932,3.1387920865962684,1.7532283215502211,0.0
map,42,47,1788733408.8757932,3.162986422894292,1.759524098011223,0.0
map,42,48,1788733408.8757932,3.187177707434458,1.7658305556247278,0.0
map,42,49,1788733408.8757932,3.2113674660956946,1.7721431167539485,0.0
map,42,50,1788733408.8757932,3.2355587506358603,1.7784511002463823,0.0
map,42,51,1788733408.8757932,3.259746983418168,1.784769764891319,0.0
map,42,52,1788733408.8757932,3.283935216200476,1.7910884295362557,0.0
map,42,53,1788733408.8757932,3.3081219231038546,1.7974162494547663,0.0
map,42,54,1788733408.8757932,3.3323055782493753,1.803747121131135,0.0
map,42,55,1788733408.8757932,3.3564739746056063,1.810145131480379,0.0
map,42,56,1788733408.8757932,3.380642370961837,1.816538564192836,0.0
map,42,57,1788733408.8757932,3.404809241439139,1.82293657454208,0.0
map,42,58,1788733408.8757932,3.42897763779537,1.829334584891324,0.0
map,42,59,1788733408.8757932,3.453142982393743,1.835738698756284,0.0
map,42,60,1788733408.8757932,3.477308326992116,1.842144338500173,0.0
map,42,61,1788733408.8757932,3.50147214571156,1.848557607638707,0.0
map,42,62,1788733408.8757932,3.525634438552075,1.8549739285350988,0.0
map,42,63,1788733408.8757932,3.549784524361158,1.8614406034361473,0.0
map,42,64,1788733408.8757932,3.573934610170241,1.8679042265793377,0.0
map,42,65,1788733408.8757932,3.598083170100395,1.8743724273593152,0.0
map,42,66,1788733408.8757932,3.622231730030549,1.8808406281392926,0.0
map,42,67,1788733408.8757932,3.646378764081774,1.887316458313915,0.0
map,42,68,1788733408.8757932,3.6705257981329993,1.8937907626096084,0.0
map,42,69,1788733408.8757932,3.6946697804263664,1.9002742221788758,0.0
map,42,70,1788733408.8757932,3.7188046074461596,1.9067943028424388,0.0
map,42,71,1788733408.8757932,3.742937908587024,1.9133204870217178,0.0
map,42,72,1788733408.8757932,3.767072735606817,1.9198420935642098,0.0
map,42,73,1788733408.8757932,3.791204510868752,1.9263713295013467,0.0
map,42,74,1788733408.8757932,3.8153378120096164,1.9328990395595547,0.0
map,42,75,1788733408.8757932,3.8394680613926226,1.9394328531334786,0.0
map,42,76,1788733408.8757932,3.863599836654558,1.9459666667074025,0.0
map,42,77,1788733408.8757932,3.887728560158635,1.9525081096759713,0.0
map,42,78,1788733408.8757932,3.9118496542680674,1.959078544344191,0.0
map,42,79,1788733408.8757932,3.9359692224985707,1.9656550825281265,0.0
map,42,80,1788733408.8757932,3.960087264850145,1.97223467246992,0.0
map,42,81,1788733408.8757932,3.9842068330806484,1.9788142624117135,0.0
map,42,82,1788733408.8757932,4.008323349553294,1.985398429990294,0.0
map,42,83,1788733408.8757932,4.032441391904868,1.9919825975688745,0.0
map,42,84,1788733408.8757932,4.056556382498584,1.998572868663171,0.0
map,42,85,1788733408.8757932,4.080671373092301,2.0051661915153254,0.0
map,42,86,1788733408.8757932,4.104778734291372,2.0117869801882016,0.0
map,42,87,1788733408.8757932,4.128886095490444,2.0184062429821488,0.0
map,42,88,1788733408.8757932,4.152993456689515,2.025030083412883,0.0
map,42,89,1788733408.8757932,4.1770992920096575,2.031653923843617,0.0
map,42,90,1788733408.8757932,4.2012051273298,2.038283867790067,0.0
map,42,91,1788733408.8757932,4.225309436771013,2.0449122858575883,0.0
map,42,92,1788733408.8757932,4.249413746212227,2.0515468074408254,0.0
map,42,93,1788733408.8757932,4.273510426258795,2.0582042172079973,0.0
map,42,94,1788733408.8757932,4.297607106305364,2.064864678733027,0.0
map,42,95,1788733408.8757932,4.321703786351932,2.071523614379128,0.0
map,42,96,1788733408.8757932,4.345800466398501,2.078187127662016,0.0
map,42,97,1788733408.8757932,4.36989562056614,2.0848506409449037,0.0
map,42,98,1788733408.8757932,4.393989248854851,2.0915187318645785,0.0
map,42,99,1788733408.8757932,4.41808440302249,2.0981883486631823,0.0
map,42,100,1788733408.8757932,4.442176505432272,2.104862543098573,0.0
map,42,101,1788733408.8757932,4.4662640302052665,2.1115535222021826,0.0
map,42,102,1788733408.8757932,4.490351554978261,2.118249078942579,0.0
map,42,103,1788733408.8757932,4.514437553872327,2.1249446356829758,0.0
map,42,104,1788733408.8757932,4.538523552766392,2.1316432441812303,0.0
map,42,105,1788733408.8757932,4.562609551660458,2.138341852679485,0.0
map,42,106,1788733408.8757932,4.5866940246755945,2.1450450388145264,0.0
map,42,107,1788733408.8757932,4.610776971811802,2.151754328465284,0.0
map,42,108,1788733408.8757932,4.634855341311223,2.158478876905331,0.0
map,42,109,1788733408.8757932,4.6589337108106434,2.1652064771032364,0.0
map,42,110,1788733408.8757932,4.683010554431135,2.1719340773011417,0.0
map,42,111,1788733408.8757932,4.707087398051627,2.178664729256905,0.0
map,42,112,1788733408.8757932,4.7311642416721185,2.1853969070915973,0.0
map,42,113,1788733408.8757932,4.75524108529261,2.1921306108052185,0.0
map,42,114,1788733408.8757932,4.779316403034173,2.1988673662766978,0.0
map,42,115,1788733408.8757932,4.8033901948968065,2.205608699384964,0.0
map,42,116,1788733408.8757932,4.827460935001582,2.212362239524662,0.0
map,42,117,1788733408.8757932,4.851530149227429,2.219120357301147,0.0
map,42,118,1788733408.8757932,4.875599363453276,2.225876949198703,0.0
map,42,119,1788733408.8757932,4.8996670518001935,2.232636592854117,0.0
map,42,120,1788733408.8757932,4.92373626602604,2.2393977623884602,0.0
map,42,121,1788733408.8757932,4.947803954372958,2.24616350955959,0.0
map,42,122,1788733408.8757932,4.971870116840947,2.25292925673072,0.0
map,42,123,1788733408.8757932,4.9959332275510775,2.25971026269114,0.0
map,42,124,1788733408.8757932,5.019996338261208,2.266492794530489,0.0
map,42,125,1788733408.8757932,5.04405792309241,2.2732768522487667,0.0
map,42,126,1788733408.8757932,5.068119507923612,2.2800624358459736,0.0
map,42,127,1788733408.8757932,5.092179566875885,2.2868495453221094,0.0
map,42,128,1788733408.8757932,5.1162411517070865,2.293638180677174,0.0
map,42,129,1788733408.8757932,5.14029968478043,2.300431393669026,0.0
map,42,130,1788733408.8757932,5.164356691974845,2.3072352878133806,0.0
map,42,131,1788733408.8757932,5.188412173290331,2.3140422337155933,0.0
map,42,132,1788733408.8757932,5.212467654605817,2.320849179617806,0.0
map,42,133,1788733408.8757932,5.236521610042374,2.3276591772778765,0.0
map,42,134,1788733408.8757932,5.260575565478931,2.334472226695805,0.0
map,42,135,1788733408.8757932,5.284629520915487,2.3412852761137337,0.0
map,42,136,1788733408.8757932,5.308681950473115,2.3481029031684493,0.0
map,42,137,1788733408.8757932,5.332734380030743,2.354920530223165,0.0
map,42,138,1788733408.8757932,5.356783757830513,2.3617503643093123,0.0
map,42,139,1788733408.8757932,5.380831609751354,2.3685817242743887,0.0
map,42,140,1788733408.8757932,5.404879461672195,2.375414610118394,0.0
map,42,141,1788733408.8757932,5.428927313593036,2.3822490218413286,0.0
map,42,142,1788733408.8757932,5.452975165513877,2.389084959443192,0.0
map,42,143,1788733408.8757932,5.477021491555789,2.3959239488029134,0.0
map,42,144,1788733408.8757932,5.501067817597701,2.4027644640415637,0.0
map,42,145,1788733408.8757932,5.5251110918817545,2.409614134553788,0.0
map,42,146,1788733408.8757932,5.5491528402868795,2.4164668568238703,0.0
map,42,147,1788733408.8757932,5.5731945886920045,2.4233211049728816,0.0
map,42,148,1788733408.8757932,5.597236337097129,2.430175353121893,0.0
map,42,149,1788733408.8757932,5.621278085502254,2.437032653028762,0.0
map,42,150,1788733408.8757932,5.64531830802845,2.4438914788145603,0.0
map,42,151,1788733408.8757932,5.669358530554646,2.4507518304792875,0.0
map,42,152,1788733408.8757932,5.693395701322984,2.4576228632965176,0.0
map,42,153,1788733408.8757932,5.717432872091322,2.4644954219926767,0.0
map,42,154,1788733408.8757932,5.74147004285966,2.4713695065677648,0.0
map,42,155,1788733408.8757932,5.765505687749069,2.478243591142853,0.0
map,42,156,1788733408.8757932,5.789541332638478,2.485120727475799,0.0
map,42,157,1788733408.8757932,5.81358765868039,2.4919612427144493,0.0
map,42,158,1788733408.8757932,5.837624829448728,2.4988322755316794,0.0
map,42,159,1788733408.8757932,5.861658948459208,2.5057139895014124,0.0
map,42,160,1788733408.8757932,5.9075,2.537,0.9668000000000001
map,43,0,1788733409.9059284,2.0116588910897377,1.5557139753453093,0.0
map,43,1,1788733409.9059284,2.0373180711595893,1.5556758283720846,0.0
map,43,2,1788733409.9059284,2.0623180715321183,1.5556575178249368,0.0
map,43,3,1788733409.9059284,2.0873180719046474,1.555631577883144,0.0
map,43,4,1788733409.9059284,2.1123180722771764,1.5555995344256353,0.0
map,43,5,1788733409.9059284,2.1373180726497054,1.5555583356945526,0.0
map,43,6,1788733409.9059284,2.1623180730222344,1.555509507568825,0.0
map,43,7,1788733409.9059284,2.1873180733947635,1.5554499982905945,0.0
map,43,8,1788733409.9059284,2.2123180737672925,1.555378281980932,0.0
map,43,9,1788733409.9059284,2.2373180741398215,1.5552943586398378,0.0
map,43,10,1788733409.9059284,2.2623180745123506,1.5551982282673116,0.0
map,43,11,1788733409.9059284,2.2873180748848796,1.5550868391054955,0.0
map,43,12,1788733409.9059284,2.3123165493784796,1.5549617170333185,0.0
map,43,13,1788733409.9059284,2.3367382416369225,1.5603099226794193,0.0
map,43,14,1788733409.9059284,2.3611568821375073,1.565668809478023,0.0
map,43,15,1788733409.9059284,2.385590781427382,1.57096208348268,0.0
map,43,16,1788733409.9059284,2.410017051322612,1.576287400944846,0.0
map,43,17,1788733409.9059284,2.4344494247335575,1.5815806749495032,0.0
map,43,18,1788733409.9059284,2.4588726428709293,1.58691972532203,0.0
map,43,19,1788733409.9059284,2.48329738688723,1.5922526721788408,0.0
map,43,20,1788733409.9059284,2.507709923872099,1.5976420765560242,0.0
map,43,21,1788733409.9059284,2.532120934978039,1.6030375844489235,0.0
map,43,22,1788733409.9059284,2.5564342898325236,1.6088557608051524,0.0
map,43,23,1788733409.9059284,2.5807567999605823,1.6146373160670855,0.0
map,43,24,1788733409.9059284,2.605074732451854,1.6204356559972375,0.0
map,43,25,1788733409.9059284,2.6293987684588416,1.6262126336223837,0.0
map,43,26,1788733409.9059284,2.6537151750711843,1.6320140253103936,0.0
map,43,27,1788733409.9059284,2.678036159320314,1.6378062617248297,0.0
map,43,28,1788733409.9059284,2.7023479882958696,1.6436290157178455,0.0
map,43,29,1788733409.9059284,2.7266613431503544,1.6494502438319323,0.0
map,43,30,1788733409.9059284,2.750965542731265,1.6553065671613858,0.0
map,43,31,1788733409.9059284,2.7752285435810933,1.661332263051957,0.0
map,43,32,1788733409.9059284,2.7994884926730634,1.66737016597396,0.0
map,43,33,1788733409.9059284,2.8237514935228916,1.673394335985602,0.0
map,43,34,1788733409.9059284,2.8480099167359327,1.679435290665463,0.0
map,43,35,1788733409.9059284,2.872271391706832,1.685468615950679,0.0
map,43,36,1788733409.9059284,2.896528289040944,1.691523303540901,0.0
map,43,37,1788733409.9059284,2.9207836604961273,1.6975734134943359,0.0
map,43,38,1788733409.9059284,2.9450344543145235,1.7036494633895636,0.0
map,43,39,1788733409.9059284,2.969257782312198,1.7098323248098204,0.0
map,43,40,1788733409.9059284,2.9934780585520144,1.7160258673825801,0.0
map,43,41,1788733409.9059284,3.017701386549689,1.722208728802837,0.0
map,43,42,1788733409.9059284,3.0419216627895054,1.7284053231334546,0.0
map,43,43,1788733409.9059284,3.066143464908251,1.7345958139483564,0.0
map,43,44,1788733409.9059284,3.0903606893902094,1.740803089431477,0.0
map,43,45,1788733409.9059284,3.114577913872168,1.7470057872778106,0.0
map,43,46,1788733409.9059284,3.1387920865962684,1.7532283215502211,0.0
map,43,47,1788733409.9059284,3.162986422894292,1.759524098011223,0.0
map,43,48,1788733409.9059284,3.187177707434458,1.7658305556247278,0.0
map,43,49,1788733409.9059284,3.2113674660956946,1.7721431167539485,0.0
map,43,50,1788733409.9059284,3.2355587506358603,1.7784511002463823,0.0
map,43,51,1788733409.9059284,3.259746983418168,1.784769764891319,0.0
map,43,52,1788733409.9059284,3.283935216200476,1.7910884295362557,0.0
map,43,53,1788733409.9059284,3.3081219231038546,1.7974162494547663,0.0
map,43,54,1788733409.9059284,3.3323055782493753,1.803747121131135,0.0
map,43,55,1788733409.9059284,3.3564739746056063,1.810145131480379,0.0
map,43,56,1788733409.9059284,3.380642370961837,1.816538564192836,0.0
map,43,57,1788733409.9059284,3.404809241439139,1.82293657454208,0.0
map,43,58,1788733409.9059284,3.42897763779537,1.829334584891324,0.0
map,43,59,1788733409.9059284,3.453142982393743,1.835738698756284,0.0
map,43,60,1788733409.9059284,3.477308326992116,1.842144338500173,0.0
map,43,61,1788733409.9059284,3.50147214571156,1.848557607638707,0.0
map,43,62,1788733409.9059284,3.525634438552075,1.8549739285350988,0.0
map,43,63,1788733409.9059284,3.549784524361158,1.8614406034361473,0.0
map,43,64,1788733409.9059284,3.573934610170241,1.8679042265793377,0.0
map,43,65,1788733409.9059284,3.598083170100395,1.8743724273593152,0.0
map,43,66,1788733409.9059284,3.622231730030549,1.8808406281392926,0.0
map,43,67,1788733409.9059284,3.646378764081774,1.887316458313915,0.0
map,43,68,1788733409.9059284,3.6705257981329993,1.8937907626096084,0.0
map,43,69,1788733409.9059284,3.6946697804263664,1.9002742221788758,0.0
map,43,70,1788733409.9059284,3.7188046074461596,1.9067943028424388,0.0
map,43,71,1788733409.9059284,3.742937908587024,1.9133204870217178,0.0
map,43,72,1788733409.9059284,3.767072735606817,1.9198420935642098,0.0
map,43,73,1788733409.9059284,3.791204510868752,1.9263713295013467,0.0
map,43,74,1788733409.9059284,3.8153378120096164,1.9328990395595547,0.0
map,43,75,1788733409.9059284,3.8394680613926226,1.9394328531334786,0.0
map,43,76,1788733409.9059284,3.863599836654558,1.9459666667074025,0.0
map,43,77,1788733409.9059284,3.887728560158635,1.9525081096759713,0.0
map,43,78,1788733409.9059284,3.9118496542680674,1.959078544344191,0.0
map,43,79,1788733409.9059284,3.9359692224985707,1.9656550825281265,0.0
map,43,80,1788733409.9059284,3.960087264850145,1.97223467246992,0.0
map,43,81,1788733409.9059284,3.9842068330806484,1.9788142624117135,0.0
map,43,82,1788733409.9059284,4.008323349553294,1.985398429990294,0.0
map,43,83,1788733409.9059284,4.032441391904868,1.9919825975688745,0.0
map,43,84,1788733409.9059284,4.056556382498584,1.998572868663171,0.0
map,43,85,1788733409.9059284,4.080671373092301,2.0051661915153254,0.0
map,43,86,1788733409.9059284,4.104778734291372,2.0117869801882016,0.0
map,43,87,1788733409.9059284,4.128886095490444,2.0184062429821488,0.0
map,43,88,1788733409.9059284,4.152993456689515,2.025030083412883,0.0
map,43,89,1788733409.9059284,4.1770992920096575,2.031653923843617,0.0
map,43,90,1788733409.9059284,4.2012051273298,2.038283867790067,0.0
map,43,91,1788733409.9059284,4.225309436771013,2.0449122858575883,0.0
map,43,92,1788733409.9059284,4.249413746212227,2.0515468074408254,0.0
map,43,93,1788733409.9059284,4.273510426258795,2.0582042172079973,0.0
map,43,94,1788733409.9059284,4.297607106305364,2.064864678733027,0.0
map,43,95,1788733409.9059284,4.321703786351932,2.071523614379128,0.0
map,43,96,1788733409.9059284,4.345800466398501,2.078187127662016,0.0
map,43,97,1788733409.9059284,4.36989562056614,2.0848506409449037,0.0
map,43,98,1788733409.9059284,4.393989248854851,2.0915187318645785,0.0
map,43,99,1788733409.9059284,4.41808440302249,2.0981883486631823,0.0
map,43,100,1788733409.9059284,4.442176505432272,2.104862543098573,0.0
map,43,101,1788733409.9059284,4.4662640302052665,2.1115535222021826,0.0
map,43,102,1788733409.9059284,4.490351554978261,2.118249078942579,0.0
map,43,103,1788733409.9059284,4.514437553872327,2.1249446356829758,0.0
map,43,104,1788733409.9059284,4.538523552766392,2.1316432441812303,0.0
map,43,105,1788733409.9059284,4.562609551660458,2.138341852679485,0.0
map,43,106,1788733409.9059284,4.5866940246755945,2.1450450388145264,0.0
map,43,107,1788733409.9059284,4.610776971811802,2.151754328465284,0.0
map,43,108,1788733409.9059284,4.634855341311223,2.158478876905331,0.0
map,43,109,1788733409.9059284,4.6589337108106434,2.1652064771032364,0.0
map,43,110,1788733409.9059284,4.683010554431135,2.1719340773011417,0.0
map,43,111,1788733409.9059284,4.707087398051627,2.178664729256905,0.0
map,43,112,1788733409.9059284,4.7311642416721185,2.1853969070915973,0.0
map,43,113,1788733409.9059284,4.75524108529261,2.1921306108052185,0.0
map,43,114,1788733409.9059284,4.779316403034173,2.1988673662766978,0.0
map,43,115,1788733409.9059284,4.8033901948968065,2.205608699384964,0.0
map,43,116,1788733409.9059284,4.827460935001582,2.212362239524662,0.0
map,43,117,1788733409.9059284,4.851530149227429,2.219120357301147,0.0
map,43,118,1788733409.9059284,4.875599363453276,2.225876949198703,0.0
map,43,119,1788733409.9059284,4.8996670518001935,2.232636592854117,0.0
map,43,120,1788733409.9059284,4.92373626602604,2.2393977623884602,0.0
map,43,121,1788733409.9059284,4.947803954372958,2.24616350955959,0.0
map,43,122,1788733409.9059284,4.971870116840947,2.25292925673072,0.0
map,43,123,1788733409.9059284,4.9959332275510775,2.25971026269114,0.0
map,43,124,1788733409.9059284,5.019996338261208,2.266492794530489,0.0
map,43,125,1788733409.9059284,5.04405792309241,2.2732768522487667,0.0
map,43,126,1788733409.9059284,5.068119507923612,2.2800624358459736,0.0
map,43,127,1788733409.9059284,5.092179566875885,2.2868495453221094,0.0
map,43,128,1788733409.9059284,5.1162411517070865,2.293638180677174,0.0
map,43,129,1788733409.9059284,5.14029968478043,2.300431393669026,0.0
map,43,130,1788733409.9059284,5.164356691974845,2.3072352878133806,0.0
map,43,131,1788733409.9059284,5.188412173290331,2.3140422337155933,0.0
map,43,132,1788733409.9059284,5.212467654605817,2.320849179617806,0.0
map,43,133,1788733409.9059284,5.236521610042374,2.3276591772778765,0.0
map,43,134,1788733409.9059284,5.260575565478931,2.334472226695805,0.0
map,43,135,1788733409.9059284,5.284629520915487,2.3412852761137337,0.0
map,43,136,1788733409.9059284,5.308681950473115,2.3481029031684493,0.0
map,43,137,1788733409.9059284,5.332734380030743,2.354920530223165,0.0
map,43,138,1788733409.9059284,5.356783757830513,2.3617503643093123,0.0
map,43,139,1788733409.9059284,5.380831609751354,2.3685817242743887,0.0
map,43,140,1788733409.9059284,5.404879461672195,2.375414610118394,0.0
map,43,141,1788733409.9059284,5.428927313593036,2.3822490218413286,0.0
map,43,142,1788733409.9059284,5.452975165513877,2.389084959443192,0.0
map,43,143,1788733409.9059284,5.477021491555789,2.3959239488029134,0.0
map,43,144,1788733409.9059284,5.501067817597701,2.4027644640415637,0.0
map,43,145,1788733409.9059284,5.5251110918817545,2.409614134553788,0.0
map,43,146,1788733409.9059284,5.5491528402868795,2.4164668568238703,0.0
map,43,147,1788733409.9059284,5.5731945886920045,2.4233211049728816,0.0
map,43,148,1788733409.9059284,5.597236337097129,2.430175353121893,0.0
map,43,149,1788733409.9059284,5.621278085502254,2.437032653028762,0.0
map,43,150,1788733409.9059284,5.64531830802845,2.4438914788145603,0.0
map,43,151,1788733409.9059284,5.669358530554646,2.4507518304792875,0.0
map,43,152,1788733409.9059284,5.693395701322984,2.4576228632965176,0.0
map,43,153,1788733409.9059284,5.717432872091322,2.4644954219926767,0.0
map,43,154,1788733409.9059284,5.74147004285966,2.4713695065677648,0.0
map,43,155,1788733409.9059284,5.765505687749069,2.478243591142853,0.0
map,43,156,1788733409.9059284,5.789541332638478,2.485120727475799,0.0
map,43,157,1788733409.9059284,5.81358765868039,2.4919612427144493,0.0
map,43,158,1788733409.9059284,5.837624829448728,2.4988322755316794,0.0
map,43,159,1788733409.9059284,5.861658948459208,2.5057139895014124,0.0
map,43,160,1788733409.9059284,5.9075,2.537,0.9668000000000001
map,44,0,1788733410.932636,2.0116588910897377,1.5557139753453093,0.0
map,44,1,1788733410.932636,2.0373180711595893,1.5556758283720846,0.0
map,44,2,1788733410.932636,2.0623180715321183,1.5556575178249368,0.0
map,44,3,1788733410.932636,2.0873180719046474,1.555631577883144,0.0
map,44,4,1788733410.932636,2.1123180722771764,1.5555995344256353,0.0
map,44,5,1788733410.932636,2.1373180726497054,1.5555583356945526,0.0
map,44,6,1788733410.932636,2.1623180730222344,1.555509507568825,0.0
map,44,7,1788733410.932636,2.1873180733947635,1.5554499982905945,0.0
map,44,8,1788733410.932636,2.2123180737672925,1.555378281980932,0.0
map,44,9,1788733410.932636,2.2373180741398215,1.5552943586398378,0.0
map,44,10,1788733410.932636,2.2623180745123506,1.5551982282673116,0.0
map,44,11,1788733410.932636,2.2873180748848796,1.5550868391054955,0.0
map,44,12,1788733410.932636,2.3123165493784796,1.5549617170333185,0.0
map,44,13,1788733410.932636,2.3367382416369225,1.5603099226794193,0.0
map,44,14,1788733410.932636,2.3611568821375073,1.565668809478023,0.0
map,44,15,1788733410.932636,2.385590781427382,1.57096208348268,0.0
map,44,16,1788733410.932636,2.410017051322612,1.576287400944846,0.0
map,44,17,1788733410.932636,2.4344494247335575,1.5815806749495032,0.0
map,44,18,1788733410.932636,2.4588726428709293,1.58691972532203,0.0
map,44,19,1788733410.932636,2.48329738688723,1.5922526721788408,0.0
map,44,20,1788733410.932636,2.507709923872099,1.5976420765560242,0.0
map,44,21,1788733410.932636,2.532120934978039,1.6030375844489235,0.0
map,44,22,1788733410.932636,2.5564342898325236,1.6088557608051524,0.0
map,44,23,1788733410.932636,2.5807567999605823,1.6146373160670855,0.0
map,44,24,1788733410.932636,2.605074732451854,1.6204356559972375,0.0
map,44,25,1788733410.932636,2.6293987684588416,1.6262126336223837,0.0
map,44,26,1788733410.932636,2.6537151750711843,1.6320140253103936,0.0
map,44,27,1788733410.932636,2.678036159320314,1.6378062617248297,0.0
map,44,28,1788733410.932636,2.7023479882958696,1.6436290157178455,0.0
map,44,29,1788733410.932636,2.7266613431503544,1.6494502438319323,0.0
map,44,30,1788733410.932636,2.750965542731265,1.6553065671613858,0.0
map,44,31,1788733410.932636,2.7752285435810933,1.661332263051957,0.0
map,44,32,1788733410.932636,2.7994884926730634,1.66737016597396,0.0
map,44,33,1788733410.932636,2.8237514935228916,1.673394335985602,0.0
map,44,34,1788733410.932636,2.8480099167359327,1.679435290665463,0.0
map,44,35,1788733410.932636,2.872271391706832,1.685468615950679,0.0
map,44,36,1788733410.932636,2.896528289040944,1.691523303540901,0.0
map,44,37,1788733410.932636,2.9207836604961273,1.6975734134943359,0.0
map,44,38,1788733410.932636,2.9450344543145235,1.7036494633895636,0.0
map,44,39,1788733410.932636,2.969257782312198,1.7098323248098204,0.0
map,44,40,1788733410.932636,2.9934780585520144,1.7160258673825801,0.0
map,44,41,1788733410.932636,3.017701386549689,1.722208728802837,0.0
map,44,42,1788733410.932636,3.0419216627895054,1.7284053231334546,0.0
map,44,43,1788733410.932636,3.066143464908251,1.7345958139483564,0.0
map,44,44,1788733410.932636,3.0903606893902094,1.740803089431477,0.0
map,44,45,1788733410.932636,3.114577913872168,1.7470057872778106,0.0
map,44,46,1788733410.932636,3.1387920865962684,1.7532283215502211,0.0
map,44,47,1788733410.932636,3.162986422894292,1.759524098011223,0.0
map,44,48,1788733410.932636,3.187177707434458,1.7658305556247278,0.0
map,44,49,1788733410.932636,3.2113674660956946,1.7721431167539485,0.0
map,44,50,1788733410.932636,3.2355587506358603,1.7784511002463823,0.0
map,44,51,1788733410.932636,3.259746983418168,1.784769764891319,0.0
map,44,52,1788733410.932636,3.283935216200476,1.7910884295362557,0.0
map,44,53,1788733410.932636,3.3081219231038546,1.7974162494547663,0.0
map,44,54,1788733410.932636,3.3323055782493753,1.803747121131135,0.0
map,44,55,1788733410.932636,3.3564739746056063,1.810145131480379,0.0
map,44,56,1788733410.932636,3.380642370961837,1.816538564192836,0.0
map,44,57,1788733410.932636,3.404809241439139,1.82293657454208,0.0
map,44,58,1788733410.932636,3.42897763779537,1.829334584891324,0.0
map,44,59,1788733410.932636,3.453142982393743,1.835738698756284,0.0
map,44,60,1788733410.932636,3.477308326992116,1.842144338500173,0.0
map,44,61,1788733410.932636,3.50147214571156,1.848557607638707,0.0
map,44,62,1788733410.932636,3.525634438552075,1.8549739285350988,0.0
map,44,63,1788733410.932636,3.549784524361158,1.8614406034361473,0.0
map,44,64,1788733410.932636,3.573934610170241,1.8679042265793377,0.0
map,44,65,1788733410.932636,3.598083170100395,1.8743724273593152,0.0
map,44,66,1788733410.932636,3.622231730030549,1.8808406281392926,0.0
map,44,67,1788733410.932636,3.646378764081774,1.887316458313915,0.0
map,44,68,1788733410.932636,3.6705257981329993,1.8937907626096084,0.0
map,44,69,1788733410.932636,3.6946697804263664,1.9002742221788758,0.0
map,44,70,1788733410.932636,3.7188046074461596,1.9067943028424388,0.0
map,44,71,1788733410.932636,3.742937908587024,1.9133204870217178,0.0
map,44,72,1788733410.932636,3.767072735606817,1.9198420935642098,0.0
map,44,73,1788733410.932636,3.791204510868752,1.9263713295013467,0.0
map,44,74,1788733410.932636,3.8153378120096164,1.9328990395595547,0.0
map,44,75,1788733410.932636,3.8394680613926226,1.9394328531334786,0.0
map,44,76,1788733410.932636,3.863599836654558,1.9459666667074025,0.0
map,44,77,1788733410.932636,3.887728560158635,1.9525081096759713,0.0
map,44,78,1788733410.932636,3.9118496542680674,1.959078544344191,0.0
map,44,79,1788733410.932636,3.9359692224985707,1.9656550825281265,0.0
map,44,80,1788733410.932636,3.960087264850145,1.97223467246992,0.0
map,44,81,1788733410.932636,3.9842068330806484,1.9788142624117135,0.0
map,44,82,1788733410.932636,4.008323349553294,1.985398429990294,0.0
map,44,83,1788733410.932636,4.032441391904868,1.9919825975688745,0.0
map,44,84,1788733410.932636,4.056556382498584,1.998572868663171,0.0
map,44,85,1788733410.932636,4.080671373092301,2.0051661915153254,0.0
map,44,86,1788733410.932636,4.104778734291372,2.0117869801882016,0.0
map,44,87,1788733410.932636,4.128886095490444,2.0184062429821488,0.0
map,44,88,1788733410.932636,4.152993456689515,2.025030083412883,0.0
map,44,89,1788733410.932636,4.1770992920096575,2.031653923843617,0.0
map,44,90,1788733410.932636,4.2012051273298,2.038283867790067,0.0
map,44,91,1788733410.932636,4.225309436771013,2.0449122858575883,0.0
map,44,92,1788733410.932636,4.249413746212227,2.0515468074408254,0.0
map,44,93,1788733410.932636,4.273510426258795,2.0582042172079973,0.0
map,44,94,1788733410.932636,4.297607106305364,2.064864678733027,0.0
map,44,95,1788733410.932636,4.321703786351932,2.071523614379128,0.0
map,44,96,1788733410.932636,4.345800466398501,2.078187127662016,0.0
map,44,97,1788733410.932636,4.36989562056614,2.0848506409449037,0.0
map,44,98,1788733410.932636,4.393989248854851,2.0915187318645785,0.0
map,44,99,1788733410.932636,4.41808440302249,2.0981883486631823,0.0
map,44,100,1788733410.932636,4.442176505432272,2.104862543098573,0.0
map,44,101,1788733410.932636,4.4662640302052665,2.1115535222021826,0.0
map,44,102,1788733410.932636,4.490351554978261,2.118249078942579,0.0
map,44,103,1788733410.932636,4.514437553872327,2.1249446356829758,0.0
map,44,104,1788733410.932636,4.538523552766392,2.1316432441812303,0.0
map,44,105,1788733410.932636,4.562609551660458,2.138341852679485,0.0
map,44,106,1788733410.932636,4.5866940246755945,2.1450450388145264,0.0
map,44,107,1788733410.932636,4.610776971811802,2.151754328465284,0.0
map,44,108,1788733410.932636,4.634855341311223,2.158478876905331,0.0
map,44,109,1788733410.932636,4.6589337108106434,2.1652064771032364,0.0
map,44,110,1788733410.932636,4.683010554431135,2.1719340773011417,0.0
map,44,111,1788733410.932636,4.707087398051627,2.178664729256905,0.0
map,44,112,1788733410.932636,4.7311642416721185,2.1853969070915973,0.0
map,44,113,1788733410.932636,4.75524108529261,2.1921306108052185,0.0
map,44,114,1788733410.932636,4.779316403034173,2.1988673662766978,0.0
map,44,115,1788733410.932636,4.8033901948968065,2.205608699384964,0.0
map,44,116,1788733410.932636,4.827460935001582,2.212362239524662,0.0
map,44,117,1788733410.932636,4.851530149227429,2.219120357301147,0.0
map,44,118,1788733410.932636,4.875599363453276,2.225876949198703,0.0
map,44,119,1788733410.932636,4.8996670518001935,2.232636592854117,0.0
map,44,120,1788733410.932636,4.92373626602604,2.2393977623884602,0.0
map,44,121,1788733410.932636,4.947803954372958,2.24616350955959,0.0
map,44,122,1788733410.932636,4.971870116840947,2.25292925673072,0.0
map,44,123,1788733410.932636,4.9959332275510775,2.25971026269114,0.0
map,44,124,1788733410.932636,5.019996338261208,2.266492794530489,0.0
map,44,125,1788733410.932636,5.04405792309241,2.2732768522487667,0.0
map,44,126,1788733410.932636,5.068119507923612,2.2800624358459736,0.0
map,44,127,1788733410.932636,5.092179566875885,2.2868495453221094,0.0
map,44,128,1788733410.932636,5.1162411517070865,2.293638180677174,0.0
map,44,129,1788733410.932636,5.14029968478043,2.300431393669026,0.0
map,44,130,1788733410.932636,5.164356691974845,2.3072352878133806,0.0
map,44,131,1788733410.932636,5.188412173290331,2.3140422337155933,0.0
map,44,132,1788733410.932636,5.212467654605817,2.320849179617806,0.0
map,44,133,1788733410.932636,5.236521610042374,2.3276591772778765,0.0
map,44,134,1788733410.932636,5.260575565478931,2.334472226695805,0.0
map,44,135,1788733410.932636,5.284629520915487,2.3412852761137337,0.0
map,44,136,1788733410.932636,5.308681950473115,2.3481029031684493,0.0
map,44,137,1788733410.932636,5.332734380030743,2.354920530223165,0.0
map,44,138,1788733410.932636,5.356783757830513,2.3617503643093123,0.0
map,44,139,1788733410.932636,5.380831609751354,2.3685817242743887,0.0
map,44,140,1788733410.932636,5.404879461672195,2.375414610118394,0.0
map,44,141,1788733410.932636,5.428927313593036,2.3822490218413286,0.0
map,44,142,1788733410.932636,5.452975165513877,2.389084959443192,0.0
map,44,143,1788733410.932636,5.477021491555789,2.3959239488029134,0.0
map,44,144,1788733410.932636,5.501067817597701,2.4027644640415637,0.0
map,44,145,1788733410.932636,5.5251110918817545,2.409614134553788,0.0
map,44,146,1788733410.932636,5.5491528402868795,2.4164668568238703,0.0
map,44,147,1788733410.932636,5.5731945886920045,2.4233211049728816,0.0
map,44,148,1788733410.932636,5.597236337097129,2.430175353121893,0.0
map,44,149,1788733410.932636,5.621278085502254,2.437032653028762,0.0
map,44,150,1788733410.932636,5.64531830802845,2.4438914788145603,0.0
map,44,151,1788733410.932636,5.669358530554646,2.4507518304792875,0.0
map,44,152,1788733410.932636,5.693395701322984,2.4576228632965176,0.0
map,44,153,1788733410.932636,5.717432872091322,2.4644954219926767,0.0
map,44,154,1788733410.932636,5.74147004285966,2.4713695065677648,0.0
map,44,155,1788733410.932636,5.765505687749069,2.478243591142853,0.0
map,44,156,1788733410.932636,5.789541332638478,2.485120727475799,0.0
map,44,157,1788733410.932636,5.81358765868039,2.4919612427144493,0.0
map,44,158,1788733410.932636,5.837624829448728,2.4988322755316794,0.0
map,44,159,1788733410.932636,5.861658948459208,2.5057139895014124,0.0
map,44,160,1788733410.932636,5.9075,2.537,0.9668000000000001
map,45,0,1788733411.9420257,2.0116588910897377,1.5557139753453093,0.0
map,45,1,1788733411.9420257,2.0373180711595893,1.5556758283720846,0.0
map,45,2,1788733411.9420257,2.0623180715321183,1.5556575178249368,0.0
map,45,3,1788733411.9420257,2.0873180719046474,1.555631577883144,0.0
map,45,4,1788733411.9420257,2.1123180722771764,1.5555995344256353,0.0
map,45,5,1788733411.9420257,2.1373180726497054,1.5555583356945526,0.0
map,45,6,1788733411.9420257,2.1623180730222344,1.555509507568825,0.0
map,45,7,1788733411.9420257,2.1873180733947635,1.5554499982905945,0.0
map,45,8,1788733411.9420257,2.2123180737672925,1.555378281980932,0.0
map,45,9,1788733411.9420257,2.2373180741398215,1.5552943586398378,0.0
map,45,10,1788733411.9420257,2.2623180745123506,1.5551982282673116,0.0
map,45,11,1788733411.9420257,2.2873180748848796,1.5550868391054955,0.0
map,45,12,1788733411.9420257,2.3123165493784796,1.5549617170333185,0.0
map,45,13,1788733411.9420257,2.3367382416369225,1.5603099226794193,0.0
map,45,14,1788733411.9420257,2.3611568821375073,1.565668809478023,0.0
map,45,15,1788733411.9420257,2.385590781427382,1.57096208348268,0.0
map,45,16,1788733411.9420257,2.410017051322612,1.576287400944846,0.0
map,45,17,1788733411.9420257,2.4344494247335575,1.5815806749495032,0.0
map,45,18,1788733411.9420257,2.4588726428709293,1.58691972532203,0.0
map,45,19,1788733411.9420257,2.48329738688723,1.5922526721788408,0.0
map,45,20,1788733411.9420257,2.507709923872099,1.5976420765560242,0.0
map,45,21,1788733411.9420257,2.532120934978039,1.6030375844489235,0.0
map,45,22,1788733411.9420257,2.5564342898325236,1.6088557608051524,0.0
map,45,23,1788733411.9420257,2.5807567999605823,1.6146373160670855,0.0
map,45,24,1788733411.9420257,2.605074732451854,1.6204356559972375,0.0
map,45,25,1788733411.9420257,2.6293987684588416,1.6262126336223837,0.0
map,45,26,1788733411.9420257,2.6537151750711843,1.6320140253103936,0.0
map,45,27,1788733411.9420257,2.678036159320314,1.6378062617248297,0.0
map,45,28,1788733411.9420257,2.7023479882958696,1.6436290157178455,0.0
map,45,29,1788733411.9420257,2.7266613431503544,1.6494502438319323,0.0
map,45,30,1788733411.9420257,2.750965542731265,1.6553065671613858,0.0
map,45,31,1788733411.9420257,2.7752285435810933,1.661332263051957,0.0
map,45,32,1788733411.9420257,2.7994884926730634,1.66737016597396,0.0
map,45,33,1788733411.9420257,2.8237514935228916,1.673394335985602,0.0
map,45,34,1788733411.9420257,2.8480099167359327,1.679435290665463,0.0
map,45,35,1788733411.9420257,2.872271391706832,1.685468615950679,0.0
map,45,36,1788733411.9420257,2.896528289040944,1.691523303540901,0.0
map,45,37,1788733411.9420257,2.9207836604961273,1.6975734134943359,0.0
map,45,38,1788733411.9420257,2.9450344543145235,1.7036494633895636,0.0
map,45,39,1788733411.9420257,2.969257782312198,1.7098323248098204,0.0
map,45,40,1788733411.9420257,2.9934780585520144,1.7160258673825801,0.0
map,45,41,1788733411.9420257,3.017701386549689,1.722208728802837,0.0
map,45,42,1788733411.9420257,3.0419216627895054,1.7284053231334546,0.0
map,45,43,1788733411.9420257,3.066143464908251,1.7345958139483564,0.0
map,45,44,1788733411.9420257,3.0903606893902094,1.740803089431477,0.0
map,45,45,1788733411.9420257,3.114577913872168,1.7470057872778106,0.0
map,45,46,1788733411.9420257,3.1387920865962684,1.7532283215502211,0.0
map,45,47,1788733411.9420257,3.162986422894292,1.759524098011223,0.0
map,45,48,1788733411.9420257,3.187177707434458,1.7658305556247278,0.0
map,45,49,1788733411.9420257,3.2113674660956946,1.7721431167539485,0.0
map,45,50,1788733411.9420257,3.2355587506358603,1.7784511002463823,0.0
map,45,51,1788733411.9420257,3.259746983418168,1.784769764891319,0.0
map,45,52,1788733411.9420257,3.283935216200476,1.7910884295362557,0.0
map,45,53,1788733411.9420257,3.3081219231038546,1.7974162494547663,0.0
map,45,54,1788733411.9420257,3.3323055782493753,1.803747121131135,0.0
map,45,55,1788733411.9420257,3.3564739746056063,1.810145131480379,0.0
map,45,56,1788733411.9420257,3.380642370961837,1.816538564192836,0.0
map,45,57,1788733411.9420257,3.404809241439139,1.82293657454208,0.0
map,45,58,1788733411.9420257,3.42897763779537,1.829334584891324,0.0
map,45,59,1788733411.9420257,3.453142982393743,1.835738698756284,0.0
map,45,60,1788733411.9420257,3.477308326992116,1.842144338500173,0.0
map,45,61,1788733411.9420257,3.50147214571156,1.848557607638707,0.0
map,45,62,1788733411.9420257,3.525634438552075,1.8549739285350988,0.0
map,45,63,1788733411.9420257,3.549784524361158,1.8614406034361473,0.0
map,45,64,1788733411.9420257,3.573934610170241,1.8679042265793377,0.0
map,45,65,1788733411.9420257,3.598083170100395,1.8743724273593152,0.0
map,45,66,1788733411.9420257,3.622231730030549,1.8808406281392926,0.0
map,45,67,1788733411.9420257,3.646378764081774,1.887316458313915,0.0
map,45,68,1788733411.9420257,3.6705257981329993,1.8937907626096084,0.0
map,45,69,1788733411.9420257,3.6946697804263664,1.9002742221788758,0.0
map,45,70,1788733411.9420257,3.7188046074461596,1.9067943028424388,0.0
map,45,71,1788733411.9420257,3.742937908587024,1.9133204870217178,0.0
map,45,72,1788733411.9420257,3.767072735606817,1.9198420935642098,0.0
map,45,73,1788733411.9420257,3.791204510868752,1.9263713295013467,0.0
map,45,74,1788733411.9420257,3.8153378120096164,1.9328990395595547,0.0
map,45,75,1788733411.9420257,3.8394680613926226,1.9394328531334786,0.0
map,45,76,1788733411.9420257,3.863599836654558,1.9459666667074025,0.0
map,45,77,1788733411.9420257,3.887728560158635,1.9525081096759713,0.0
map,45,78,1788733411.9420257,3.9118496542680674,1.959078544344191,0.0
map,45,79,1788733411.9420257,3.9359692224985707,1.9656550825281265,0.0
map,45,80,1788733411.9420257,3.960087264850145,1.97223467246992,0.0
map,45,81,1788733411.9420257,3.9842068330806484,1.9788142624117135,0.0
map,45,82,1788733411.9420257,4.008323349553294,1.985398429990294,0.0
map,45,83,1788733411.9420257,4.032441391904868,1.9919825975688745,0.0
map,45,84,1788733411.9420257,4.056556382498584,1.998572868663171,0.0
map,45,85,1788733411.9420257,4.080671373092301,2.0051661915153254,0.0
map,45,86,1788733411.9420257,4.104778734291372,2.0117869801882016,0.0
map,45,87,1788733411.9420257,4.128886095490444,2.0184062429821488,0.0
map,45,88,1788733411.9420257,4.152993456689515,2.025030083412883,0.0
map,45,89,1788733411.9420257,4.1770992920096575,2.031653923843617,0.0
map,45,90,1788733411.9420257,4.2012051273298,2.038283867790067,0.0
map,45,91,1788733411.9420257,4.225309436771013,2.0449122858575883,0.0
map,45,92,1788733411.9420257,4.249413746212227,2.0515468074408254,0.0
map,45,93,1788733411.9420257,4.273510426258795,2.0582042172079973,0.0
map,45,94,1788733411.9420257,4.297607106305364,2.064864678733027,0.0
map,45,95,1788733411.9420257,4.321703786351932,2.071523614379128,0.0
map,45,96,1788733411.9420257,4.345800466398501,2.078187127662016,0.0
map,45,97,1788733411.9420257,4.36989562056614,2.0848506409449037,0.0
map,45,98,1788733411.9420257,4.393989248854851,2.0915187318645785,0.0
map,45,99,1788733411.9420257,4.41808440302249,2.0981883486631823,0.0
map,45,100,1788733411.9420257,4.442176505432272,2.104862543098573,0.0
map,45,101,1788733411.9420257,4.4662640302052665,2.1115535222021826,0.0
map,45,102,1788733411.9420257,4.490351554978261,2.118249078942579,0.0
map,45,103,1788733411.9420257,4.514437553872327,2.1249446356829758,0.0
map,45,104,1788733411.9420257,4.538523552766392,2.1316432441812303,0.0
map,45,105,1788733411.9420257,4.562609551660458,2.138341852679485,0.0
map,45,106,1788733411.9420257,4.5866940246755945,2.1450450388145264,0.0
map,45,107,1788733411.9420257,4.610776971811802,2.151754328465284,0.0
map,45,108,1788733411.9420257,4.634855341311223,2.158478876905331,0.0
map,45,109,1788733411.9420257,4.6589337108106434,2.1652064771032364,0.0
map,45,110,1788733411.9420257,4.683010554431135,2.1719340773011417,0.0
map,45,111,1788733411.9420257,4.707087398051627,2.178664729256905,0.0
map,45,112,1788733411.9420257,4.7311642416721185,2.1853969070915973,0.0
map,45,113,1788733411.9420257,4.75524108529261,2.1921306108052185,0.0
map,45,114,1788733411.9420257,4.779316403034173,2.1988673662766978,0.0
map,45,115,1788733411.9420257,4.8033901948968065,2.205608699384964,0.0
map,45,116,1788733411.9420257,4.827460935001582,2.212362239524662,0.0
map,45,117,1788733411.9420257,4.851530149227429,2.219120357301147,0.0
map,45,118,1788733411.9420257,4.875599363453276,2.225876949198703,0.0
map,45,119,1788733411.9420257,4.8996670518001935,2.232636592854117,0.0
map,45,120,1788733411.9420257,4.92373626602604,2.2393977623884602,0.0
map,45,121,1788733411.9420257,4.947803954372958,2.24616350955959,0.0
map,45,122,1788733411.9420257,4.971870116840947,2.25292925673072,0.0
map,45,123,1788733411.9420257,4.9959332275510775,2.25971026269114,0.0
map,45,124,1788733411.9420257,5.019996338261208,2.266492794530489,0.0
map,45,125,1788733411.9420257,5.04405792309241,2.2732768522487667,0.0
map,45,126,1788733411.9420257,5.068119507923612,2.2800624358459736,0.0
map,45,127,1788733411.9420257,5.092179566875885,2.2868495453221094,0.0
map,45,128,1788733411.9420257,5.1162411517070865,2.293638180677174,0.0
map,45,129,1788733411.9420257,5.14029968478043,2.300431393669026,0.0
map,45,130,1788733411.9420257,5.164356691974845,2.3072352878133806,0.0
map,45,131,1788733411.9420257,5.188412173290331,2.3140422337155933,0.0
map,45,132,1788733411.9420257,5.212467654605817,2.320849179617806,0.0
map,45,133,1788733411.9420257,5.236521610042374,2.3276591772778765,0.0
map,45,134,1788733411.9420257,5.260575565478931,2.334472226695805,0.0
map,45,135,1788733411.9420257,5.284629520915487,2.3412852761137337,0.0
map,45,136,1788733411.9420257,5.308681950473115,2.3481029031684493,0.0
map,45,137,1788733411.9420257,5.332734380030743,2.354920530223165,0.0
map,45,138,1788733411.9420257,5.356783757830513,2.3617503643093123,0.0
map,45,139,1788733411.9420257,5.380831609751354,2.3685817242743887,0.0
map,45,140,1788733411.9420257,5.404879461672195,2.375414610118394,0.0
map,45,141,1788733411.9420257,5.428927313593036,2.3822490218413286,0.0
map,45,142,1788733411.9420257,5.452975165513877,2.389084959443192,0.0
map,45,143,1788733411.9420257,5.477021491555789,2.3959239488029134,0.0
map,45,144,1788733411.9420257,5.501067817597701,2.4027644640415637,0.0
map,45,145,1788733411.9420257,5.5251110918817545,2.409614134553788,0.0
map,45,146,1788733411.9420257,5.5491528402868795,2.4164668568238703,0.0
map,45,147,1788733411.9420257,5.5731945886920045,2.4233211049728816,0.0
map,45,148,1788733411.9420257,5.597236337097129,2.430175353121893,0.0
map,45,149,1788733411.9420257,5.621278085502254,2.437032653028762,0.0
map,45,150,1788733411.9420257,5.64531830802845,2.4438914788145603,0.0
map,45,151,1788733411.9420257,5.669358530554646,2.4507518304792875,0.0
map,45,152,1788733411.9420257,5.693395701322984,2.4576228632965176,0.0
map,45,153,1788733411.9420257,5.717432872091322,2.4644954219926767,0.0
map,45,154,1788733411.9420257,5.74147004285966,2.4713695065677648,0.0
map,45,155,1788733411.9420257,5.765505687749069,2.478243591142853,0.0
map,45,156,1788733411.9420257,5.789541332638478,2.485120727475799,0.0
map,45,157,1788733411.9420257,5.81358765868039,2.4919612427144493,0.0
map,45,158,1788733411.9420257,5.837624829448728,2.4988322755316794,0.0
map,45,159,1788733411.9420257,5.861658948459208,2.5057139895014124,0.0
map,45,160,1788733411.9420257,5.9075,2.537,0.9668000000000001
map,46,0,1788733412.9744468,2.0116588910897377,1.5557139753453093,0.0
map,46,1,1788733412.9744468,2.0373180711595893,1.5556758283720846,0.0
map,46,2,1788733412.9744468,2.0623180715321183,1.5556575178249368,0.0
map,46,3,1788733412.9744468,2.0873180719046474,1.555631577883144,0.0
map,46,4,1788733412.9744468,2.1123180722771764,1.5555995344256353,0.0
map,46,5,1788733412.9744468,2.1373180726497054,1.5555583356945526,0.0
map,46,6,1788733412.9744468,2.1623180730222344,1.555509507568825,0.0
map,46,7,1788733412.9744468,2.1873180733947635,1.5554499982905945,0.0
map,46,8,1788733412.9744468,2.2123180737672925,1.555378281980932,0.0
map,46,9,1788733412.9744468,2.2373180741398215,1.5552943586398378,0.0
map,46,10,1788733412.9744468,2.2623180745123506,1.5551982282673116,0.0
map,46,11,1788733412.9744468,2.2873180748848796,1.5550868391054955,0.0
map,46,12,1788733412.9744468,2.3123165493784796,1.5549617170333185,0.0
map,46,13,1788733412.9744468,2.3367382416369225,1.5603099226794193,0.0
map,46,14,1788733412.9744468,2.3611568821375073,1.565668809478023,0.0
map,46,15,1788733412.9744468,2.385590781427382,1.57096208348268,0.0
map,46,16,1788733412.9744468,2.410017051322612,1.576287400944846,0.0
map,46,17,1788733412.9744468,2.4344494247335575,1.5815806749495032,0.0
map,46,18,1788733412.9744468,2.4588726428709293,1.58691972532203,0.0
map,46,19,1788733412.9744468,2.48329738688723,1.5922526721788408,0.0
map,46,20,1788733412.9744468,2.507709923872099,1.5976420765560242,0.0
map,46,21,1788733412.9744468,2.532120934978039,1.6030375844489235,0.0
map,46,22,1788733412.9744468,2.5564342898325236,1.6088557608051524,0.0
map,46,23,1788733412.9744468,2.5807567999605823,1.6146373160670855,0.0
map,46,24,1788733412.9744468,2.605074732451854,1.6204356559972375,0.0
map,46,25,1788733412.9744468,2.6293987684588416,1.6262126336223837,0.0
map,46,26,1788733412.9744468,2.6537151750711843,1.6320140253103936,0.0
map,46,27,1788733412.9744468,2.678036159320314,1.6378062617248297,0.0
map,46,28,1788733412.9744468,2.7023479882958696,1.6436290157178455,0.0
map,46,29,1788733412.9744468,2.7266613431503544,1.6494502438319323,0.0
map,46,30,1788733412.9744468,2.750965542731265,1.6553065671613858,0.0
map,46,31,1788733412.9744468,2.7752285435810933,1.661332263051957,0.0
map,46,32,1788733412.9744468,2.7994884926730634,1.66737016597396,0.0
map,46,33,1788733412.9744468,2.8237514935228916,1.673394335985602,0.0
map,46,34,1788733412.9744468,2.8480099167359327,1.679435290665463,0.0
map,46,35,1788733412.9744468,2.872271391706832,1.685468615950679,0.0
map,46,36,1788733412.9744468,2.896528289040944,1.691523303540901,0.0
map,46,37,1788733412.9744468,2.9207836604961273,1.6975734134943359,0.0
map,46,38,1788733412.9744468,2.9450344543145235,1.7036494633895636,0.0
map,46,39,1788733412.9744468,2.969257782312198,1.7098323248098204,0.0
map,46,40,1788733412.9744468,2.9934780585520144,1.7160258673825801,0.0
map,46,41,1788733412.9744468,3.017701386549689,1.722208728802837,0.0
map,46,42,1788733412.9744468,3.0419216627895054,1.7284053231334546,0.0
map,46,43,1788733412.9744468,3.066143464908251,1.7345958139483564,0.0
map,46,44,1788733412.9744468,3.0903606893902094,1.740803089431477,0.0
map,46,45,1788733412.9744468,3.114577913872168,1.7470057872778106,0.0
map,46,46,1788733412.9744468,3.1387920865962684,1.7532283215502211,0.0
map,46,47,1788733412.9744468,3.162986422894292,1.759524098011223,0.0
map,46,48,1788733412.9744468,3.187177707434458,1.7658305556247278,0.0
map,46,49,1788733412.9744468,3.2113674660956946,1.7721431167539485,0.0
map,46,50,1788733412.9744468,3.2355587506358603,1.7784511002463823,0.0
map,46,51,1788733412.9744468,3.259746983418168,1.784769764891319,0.0
map,46,52,1788733412.9744468,3.283935216200476,1.7910884295362557,0.0
map,46,53,1788733412.9744468,3.3081219231038546,1.7974162494547663,0.0
map,46,54,1788733412.9744468,3.3323055782493753,1.803747121131135,0.0
map,46,55,1788733412.9744468,3.3564739746056063,1.810145131480379,0.0
map,46,56,1788733412.9744468,3.380642370961837,1.816538564192836,0.0
map,46,57,1788733412.9744468,3.404809241439139,1.82293657454208,0.0
map,46,58,1788733412.9744468,3.42897763779537,1.829334584891324,0.0
map,46,59,1788733412.9744468,3.453142982393743,1.835738698756284,0.0
map,46,60,1788733412.9744468,3.477308326992116,1.842144338500173,0.0
map,46,61,1788733412.9744468,3.50147214571156,1.848557607638707,0.0
map,46,62,1788733412.9744468,3.525634438552075,1.8549739285350988,0.0
map,46,63,1788733412.9744468,3.549784524361158,1.8614406034361473,0.0
map,46,64,1788733412.9744468,3.573934610170241,1.8679042265793377,0.0
map,46,65,1788733412.9744468,3.598083170100395,1.8743724273593152,0.0
map,46,66,1788733412.9744468,3.622231730030549,1.8808406281392926,0.0
map,46,67,1788733412.9744468,3.646378764081774,1.887316458313915,0.0
map,46,68,1788733412.9744468,3.6705257981329993,1.8937907626096084,0.0
map,46,69,1788733412.9744468,3.6946697804263664,1.9002742221788758,0.0
map,46,70,1788733412.9744468,3.7188046074461596,1.9067943028424388,0.0
map,46,71,1788733412.9744468,3.742937908587024,1.9133204870217178,0.0
map,46,72,1788733412.9744468,3.767072735606817,1.9198420935642098,0.0
map,46,73,1788733412.9744468,3.791204510868752,1.9263713295013467,0.0
map,46,74,1788733412.9744468,3.8153378120096164,1.9328990395595547,0.0
map,46,75,1788733412.9744468,3.8394680613926226,1.9394328531334786,0.0
map,46,76,1788733412.9744468,3.863599836654558,1.9459666667074025,0.0
map,46,77,1788733412.9744468,3.887728560158635,1.9525081096759713,0.0
map,46,78,1788733412.9744468,3.9118496542680674,1.959078544344191,0.0
map,46,79,1788733412.9744468,3.9359692224985707,1.9656550825281265,0.0
map,46,80,1788733412.9744468,3.960087264850145,1.97223467246992,0.0
map,46,81,1788733412.9744468,3.9842068330806484,1.9788142624117135,0.0
map,46,82,1788733412.9744468,4.008323349553294,1.985398429990294,0.0
map,46,83,1788733412.9744468,4.032441391904868,1.9919825975688745,0.0
map,46,84,1788733412.9744468,4.056556382498584,1.998572868663171,0.0
map,46,85,1788733412.9744468,4.080671373092301,2.0051661915153254,0.0
map,46,86,1788733412.9744468,4.104778734291372,2.0117869801882016,0.0
map,46,87,1788733412.9744468,4.128886095490444,2.0184062429821488,0.0
map,46,88,1788733412.9744468,4.152993456689515,2.025030083412883,0.0
map,46,89,1788733412.9744468,4.1770992920096575,2.031653923843617,0.0
map,46,90,1788733412.9744468,4.2012051273298,2.038283867790067,0.0
map,46,91,1788733412.9744468,4.225309436771013,2.0449122858575883,0.0
map,46,92,1788733412.9744468,4.249413746212227,2.0515468074408254,0.0
map,46,93,1788733412.9744468,4.273510426258795,2.0582042172079973,0.0
map,46,94,1788733412.9744468,4.297607106305364,2.064864678733027,0.0
map,46,95,1788733412.9744468,4.321703786351932,2.071523614379128,0.0
map,46,96,1788733412.9744468,4.345800466398501,2.078187127662016,0.0
map,46,97,1788733412.9744468,4.36989562056614,2.0848506409449037,0.0
map,46,98,1788733412.9744468,4.393989248854851,2.0915187318645785,0.0
map,46,99,1788733412.9744468,4.41808440302249,2.0981883486631823,0.0
map,46,100,1788733412.9744468,4.442176505432272,2.104862543098573,0.0
map,46,101,1788733412.9744468,4.4662640302052665,2.1115535222021826,0.0
map,46,102,1788733412.9744468,4.490351554978261,2.118249078942579,0.0
map,46,103,1788733412.9744468,4.514437553872327,2.1249446356829758,0.0
map,46,104,1788733412.9744468,4.538523552766392,2.1316432441812303,0.0
map,46,105,1788733412.9744468,4.562609551660458,2.138341852679485,0.0
map,46,106,1788733412.9744468,4.5866940246755945,2.1450450388145264,0.0
map,46,107,1788733412.9744468,4.610776971811802,2.151754328465284,0.0
map,46,108,1788733412.9744468,4.634855341311223,2.158478876905331,0.0
map,46,109,1788733412.9744468,4.6589337108106434,2.1652064771032364,0.0
map,46,110,1788733412.9744468,4.683010554431135,2.1719340773011417,0.0
map,46,111,1788733412.9744468,4.707087398051627,2.178664729256905,0.0
map,46,112,1788733412.9744468,4.7311642416721185,2.1853969070915973,0.0
map,46,113,1788733412.9744468,4.75524108529261,2.1921306108052185,0.0
map,46,114,1788733412.9744468,4.779316403034173,2.1988673662766978,0.0
map,46,115,1788733412.9744468,4.8033901948968065,2.205608699384964,0.0
map,46,116,1788733412.9744468,4.827460935001582,2.212362239524662,0.0
map,46,117,1788733412.9744468,4.851530149227429,2.219120357301147,0.0
map,46,118,1788733412.9744468,4.875599363453276,2.225876949198703,0.0
map,46,119,1788733412.9744468,4.8996670518001935,2.232636592854117,0.0
map,46,120,1788733412.9744468,4.92373626602604,2.2393977623884602,0.0
map,46,121,1788733412.9744468,4.947803954372958,2.24616350955959,0.0
map,46,122,1788733412.9744468,4.971870116840947,2.25292925673072,0.0
map,46,123,1788733412.9744468,4.9959332275510775,2.25971026269114,0.0
map,46,124,1788733412.9744468,5.019996338261208,2.266492794530489,0.0
map,46,125,1788733412.9744468,5.04405792309241,2.2732768522487667,0.0
map,46,126,1788733412.9744468,5.068119507923612,2.2800624358459736,0.0
map,46,127,1788733412.9744468,5.092179566875885,2.2868495453221094,0.0
map,46,128,1788733412.9744468,5.1162411517070865,2.293638180677174,0.0
map,46,129,1788733412.9744468,5.14029968478043,2.300431393669026,0.0
map,46,130,1788733412.9744468,5.164356691974845,2.3072352878133806,0.0
map,46,131,1788733412.9744468,5.188412173290331,2.3140422337155933,0.0
map,46,132,1788733412.9744468,5.212467654605817,2.320849179617806,0.0
map,46,133,1788733412.9744468,5.236521610042374,2.3276591772778765,0.0
map,46,134,1788733412.9744468,5.260575565478931,2.334472226695805,0.0
map,46,135,1788733412.9744468,5.284629520915487,2.3412852761137337,0.0
map,46,136,1788733412.9744468,5.308681950473115,2.3481029031684493,0.0
map,46,137,1788733412.9744468,5.332734380030743,2.354920530223165,0.0
map,46,138,1788733412.9744468,5.356783757830513,2.3617503643093123,0.0
map,46,139,1788733412.9744468,5.380831609751354,2.3685817242743887,0.0
map,46,140,1788733412.9744468,5.404879461672195,2.375414610118394,0.0
map,46,141,1788733412.9744468,5.428927313593036,2.3822490218413286,0.0
map,46,142,1788733412.9744468,5.452975165513877,2.389084959443192,0.0
map,46,143,1788733412.9744468,5.477021491555789,2.3959239488029134,0.0
map,46,144,1788733412.9744468,5.501067817597701,2.4027644640415637,0.0
map,46,145,1788733412.9744468,5.5251110918817545,2.409614134553788,0.0
map,46,146,1788733412.9744468,5.5491528402868795,2.4164668568238703,0.0
map,46,147,1788733412.9744468,5.5731945886920045,2.4233211049728816,0.0
map,46,148,1788733412.9744468,5.597236337097129,2.430175353121893,0.0
map,46,149,1788733412.9744468,5.621278085502254,2.437032653028762,0.0
map,46,150,1788733412.9744468,5.64531830802845,2.4438914788145603,0.0
map,46,151,1788733412.9744468,5.669358530554646,2.4507518304792875,0.0
map,46,152,1788733412.9744468,5.693395701322984,2.4576228632965176,0.0
map,46,153,1788733412.9744468,5.717432872091322,2.4644954219926767,0.0
map,46,154,1788733412.9744468,5.74147004285966,2.4713695065677648,0.0
map,46,155,1788733412.9744468,5.765505687749069,2.478243591142853,0.0
map,46,156,1788733412.9744468,5.789541332638478,2.485120727475799,0.0
map,46,157,1788733412.9744468,5.81358765868039,2.4919612427144493,0.0
map,46,158,1788733412.9744468,5.837624829448728,2.4988322755316794,0.0
map,46,159,1788733412.9744468,5.861658948459208,2.5057139895014124,0.0
map,46,160,1788733412.9744468,5.9075,2.537,0.9668000000000001
map,47,0,1788733414.0017483,2.0116588910897377,1.5557139753453093,0.0
map,47,1,1788733414.0017483,2.0373180711595893,1.5556758283720846,0.0
map,47,2,1788733414.0017483,2.0623180715321183,1.5556575178249368,0.0
map,47,3,1788733414.0017483,2.0873180719046474,1.555631577883144,0.0
map,47,4,1788733414.0017483,2.1123180722771764,1.5555995344256353,0.0
map,47,5,1788733414.0017483,2.1373180726497054,1.5555583356945526,0.0
map,47,6,1788733414.0017483,2.1623180730222344,1.555509507568825,0.0
map,47,7,1788733414.0017483,2.1873180733947635,1.5554499982905945,0.0
map,47,8,1788733414.0017483,2.2123180737672925,1.555378281980932,0.0
map,47,9,1788733414.0017483,2.2373180741398215,1.5552943586398378,0.0
map,47,10,1788733414.0017483,2.2623180745123506,1.5551982282673116,0.0
map,47,11,1788733414.0017483,2.2873180748848796,1.5550868391054955,0.0
map,47,12,1788733414.0017483,2.3123165493784796,1.5549617170333185,0.0
map,47,13,1788733414.0017483,2.3367382416369225,1.5603099226794193,0.0
map,47,14,1788733414.0017483,2.3611568821375073,1.565668809478023,0.0
map,47,15,1788733414.0017483,2.385590781427382,1.57096208348268,0.0
map,47,16,1788733414.0017483,2.410017051322612,1.576287400944846,0.0
map,47,17,1788733414.0017483,2.4344494247335575,1.5815806749495032,0.0
map,47,18,1788733414.0017483,2.4588726428709293,1.58691972532203,0.0
map,47,19,1788733414.0017483,2.48329738688723,1.5922526721788408,0.0
map,47,20,1788733414.0017483,2.507709923872099,1.5976420765560242,0.0
map,47,21,1788733414.0017483,2.532120934978039,1.6030375844489235,0.0
map,47,22,1788733414.0017483,2.5564342898325236,1.6088557608051524,0.0
map,47,23,1788733414.0017483,2.5807567999605823,1.6146373160670855,0.0
map,47,24,1788733414.0017483,2.605074732451854,1.6204356559972375,0.0
map,47,25,1788733414.0017483,2.6293987684588416,1.6262126336223837,0.0
map,47,26,1788733414.0017483,2.6537151750711843,1.6320140253103936,0.0
map,47,27,1788733414.0017483,2.678036159320314,1.6378062617248297,0.0
map,47,28,1788733414.0017483,2.7023479882958696,1.6436290157178455,0.0
map,47,29,1788733414.0017483,2.7266613431503544,1.6494502438319323,0.0
map,47,30,1788733414.0017483,2.750965542731265,1.6553065671613858,0.0
map,47,31,1788733414.0017483,2.7752285435810933,1.661332263051957,0.0
map,47,32,1788733414.0017483,2.7994884926730634,1.66737016597396,0.0
map,47,33,1788733414.0017483,2.8237514935228916,1.673394335985602,0.0
map,47,34,1788733414.0017483,2.8480099167359327,1.679435290665463,0.0
map,47,35,1788733414.0017483,2.872271391706832,1.685468615950679,0.0
map,47,36,1788733414.0017483,2.896528289040944,1.691523303540901,0.0
map,47,37,1788733414.0017483,2.9207836604961273,1.6975734134943359,0.0
map,47,38,1788733414.0017483,2.9450344543145235,1.7036494633895636,0.0
map,47,39,1788733414.0017483,2.969257782312198,1.7098323248098204,0.0
map,47,40,1788733414.0017483,2.9934780585520144,1.7160258673825801,0.0
map,47,41,1788733414.0017483,3.017701386549689,1.722208728802837,0.0
map,47,42,1788733414.0017483,3.0419216627895054,1.7284053231334546,0.0
map,47,43,1788733414.0017483,3.066143464908251,1.7345958139483564,0.0
map,47,44,1788733414.0017483,3.0903606893902094,1.740803089431477,0.0
map,47,45,1788733414.0017483,3.114577913872168,1.7470057872778106,0.0
map,47,46,1788733414.0017483,3.1387920865962684,1.7532283215502211,0.0
map,47,47,1788733414.0017483,3.162986422894292,1.759524098011223,0.0
map,47,48,1788733414.0017483,3.187177707434458,1.7658305556247278,0.0
map,47,49,1788733414.0017483,3.2113674660956946,1.7721431167539485,0.0
map,47,50,1788733414.0017483,3.2355587506358603,1.7784511002463823,0.0
map,47,51,1788733414.0017483,3.259746983418168,1.784769764891319,0.0
map,47,52,1788733414.0017483,3.283935216200476,1.7910884295362557,0.0
map,47,53,1788733414.0017483,3.3081219231038546,1.7974162494547663,0.0
map,47,54,1788733414.0017483,3.3323055782493753,1.803747121131135,0.0
map,47,55,1788733414.0017483,3.3564739746056063,1.810145131480379,0.0
map,47,56,1788733414.0017483,3.380642370961837,1.816538564192836,0.0
map,47,57,1788733414.0017483,3.404809241439139,1.82293657454208,0.0
map,47,58,1788733414.0017483,3.42897763779537,1.829334584891324,0.0
map,47,59,1788733414.0017483,3.453142982393743,1.835738698756284,0.0
map,47,60,1788733414.0017483,3.477308326992116,1.842144338500173,0.0
map,47,61,1788733414.0017483,3.50147214571156,1.848557607638707,0.0
map,47,62,1788733414.0017483,3.525634438552075,1.8549739285350988,0.0
map,47,63,1788733414.0017483,3.549784524361158,1.8614406034361473,0.0
map,47,64,1788733414.0017483,3.573934610170241,1.8679042265793377,0.0
map,47,65,1788733414.0017483,3.598083170100395,1.8743724273593152,0.0
map,47,66,1788733414.0017483,3.622231730030549,1.8808406281392926,0.0
map,47,67,1788733414.0017483,3.646378764081774,1.887316458313915,0.0
map,47,68,1788733414.0017483,3.6705257981329993,1.8937907626096084,0.0
map,47,69,1788733414.0017483,3.6946697804263664,1.9002742221788758,0.0
map,47,70,1788733414.0017483,3.7188046074461596,1.9067943028424388,0.0
map,47,71,1788733414.0017483,3.742937908587024,1.9133204870217178,0.0
map,47,72,1788733414.0017483,3.767072735606817,1.9198420935642098,0.0
map,47,73,1788733414.0017483,3.791204510868752,1.9263713295013467,0.0
map,47,74,1788733414.0017483,3.8153378120096164,1.9328990395595547,0.0
map,47,75,1788733414.0017483,3.8394680613926226,1.9394328531334786,0.0
map,47,76,1788733414.0017483,3.863599836654558,1.9459666667074025,0.0
map,47,77,1788733414.0017483,3.887728560158635,1.9525081096759713,0.0
map,47,78,1788733414.0017483,3.9118496542680674,1.959078544344191,0.0
map,47,79,1788733414.0017483,3.9359692224985707,1.9656550825281265,0.0
map,47,80,1788733414.0017483,3.960087264850145,1.97223467246992,0.0
map,47,81,1788733414.0017483,3.9842068330806484,1.9788142624117135,0.0
map,47,82,1788733414.0017483,4.008323349553294,1.985398429990294,0.0
map,47,83,1788733414.0017483,4.032441391904868,1.9919825975688745,0.0
map,47,84,1788733414.0017483,4.056556382498584,1.998572868663171,0.0
map,47,85,1788733414.0017483,4.080671373092301,2.0051661915153254,0.0
map,47,86,1788733414.0017483,4.104778734291372,2.0117869801882016,0.0
map,47,87,1788733414.0017483,4.128886095490444,2.0184062429821488,0.0
map,47,88,1788733414.0017483,4.152993456689515,2.025030083412883,0.0
map,47,89,1788733414.0017483,4.1770992920096575,2.031653923843617,0.0
map,47,90,1788733414.0017483,4.2012051273298,2.038283867790067,0.0
map,47,91,1788733414.0017483,4.225309436771013,2.0449122858575883,0.0
map,47,92,1788733414.0017483,4.249413746212227,2.0515468074408254,0.0
map,47,93,1788733414.0017483,4.273510426258795,2.0582042172079973,0.0
map,47,94,1788733414.0017483,4.297607106305364,2.064864678733027,0.0
map,47,95,1788733414.0017483,4.321703786351932,2.071523614379128,0.0
map,47,96,1788733414.0017483,4.345800466398501,2.078187127662016,0.0
map,47,97,1788733414.0017483,4.36989562056614,2.0848506409449037,0.0
map,47,98,1788733414.0017483,4.393989248854851,2.0915187318645785,0.0
map,47,99,1788733414.0017483,4.41808440302249,2.0981883486631823,0.0
map,47,100,1788733414.0017483,4.442176505432272,2.104862543098573,0.0
map,47,101,1788733414.0017483,4.4662640302052665,2.1115535222021826,0.0
map,47,102,1788733414.0017483,4.490351554978261,2.118249078942579,0.0
map,47,103,1788733414.0017483,4.514437553872327,2.1249446356829758,0.0
map,47,104,1788733414.0017483,4.538523552766392,2.1316432441812303,0.0
map,47,105,1788733414.0017483,4.562609551660458,2.138341852679485,0.0
map,47,106,1788733414.0017483,4.5866940246755945,2.1450450388145264,0.0
map,47,107,1788733414.0017483,4.610776971811802,2.151754328465284,0.0
map,47,108,1788733414.0017483,4.634855341311223,2.158478876905331,0.0
map,47,109,1788733414.0017483,4.6589337108106434,2.1652064771032364,0.0
map,47,110,1788733414.0017483,4.683010554431135,2.1719340773011417,0.0
map,47,111,1788733414.0017483,4.707087398051627,2.178664729256905,0.0
map,47,112,1788733414.0017483,4.7311642416721185,2.1853969070915973,0.0
map,47,113,1788733414.0017483,4.75524108529261,2.1921306108052185,0.0
map,47,114,1788733414.0017483,4.779316403034173,2.1988673662766978,0.0
map,47,115,1788733414.0017483,4.8033901948968065,2.205608699384964,0.0
map,47,116,1788733414.0017483,4.827460935001582,2.212362239524662,0.0
map,47,117,1788733414.0017483,4.851530149227429,2.219120357301147,0.0
map,47,118,1788733414.0017483,4.875599363453276,2.225876949198703,0.0
map,47,119,1788733414.0017483,4.8996670518001935,2.232636592854117,0.0
map,47,120,1788733414.0017483,4.92373626602604,2.2393977623884602,0.0
map,47,121,1788733414.0017483,4.947803954372958,2.24616350955959,0.0
map,47,122,1788733414.0017483,4.971870116840947,2.25292925673072,0.0
map,47,123,1788733414.0017483,4.9959332275510775,2.25971026269114,0.0
map,47,124,1788733414.0017483,5.019996338261208,2.266492794530489,0.0
map,47,125,1788733414.0017483,5.04405792309241,2.2732768522487667,0.0
map,47,126,1788733414.0017483,5.068119507923612,2.2800624358459736,0.0
map,47,127,1788733414.0017483,5.092179566875885,2.2868495453221094,0.0
map,47,128,1788733414.0017483,5.1162411517070865,2.293638180677174,0.0
map,47,129,1788733414.0017483,5.14029968478043,2.300431393669026,0.0
map,47,130,1788733414.0017483,5.164356691974845,2.3072352878133806,0.0
map,47,131,1788733414.0017483,5.188412173290331,2.3140422337155933,0.0
map,47,132,1788733414.0017483,5.212467654605817,2.320849179617806,0.0
map,47,133,1788733414.0017483,5.236521610042374,2.3276591772778765,0.0
map,47,134,1788733414.0017483,5.260575565478931,2.334472226695805,0.0
map,47,135,1788733414.0017483,5.284629520915487,2.3412852761137337,0.0
map,47,136,1788733414.0017483,5.308681950473115,2.3481029031684493,0.0
map,47,137,1788733414.0017483,5.332734380030743,2.354920530223165,0.0
map,47,138,1788733414.0017483,5.356783757830513,2.3617503643093123,0.0
map,47,139,1788733414.0017483,5.380831609751354,2.3685817242743887,0.0
map,47,140,1788733414.0017483,5.404879461672195,2.375414610118394,0.0
map,47,141,1788733414.0017483,5.428927313593036,2.3822490218413286,0.0
map,47,142,1788733414.0017483,5.452975165513877,2.389084959443192,0.0
map,47,143,1788733414.0017483,5.477021491555789,2.3959239488029134,0.0
map,47,144,1788733414.0017483,5.501067817597701,2.4027644640415637,0.0
map,47,145,1788733414.0017483,5.5251110918817545,2.409614134553788,0.0
map,47,146,1788733414.0017483,5.5491528402868795,2.4164668568238703,0.0
map,47,147,1788733414.0017483,5.5731945886920045,2.4233211049728816,0.0
map,47,148,1788733414.0017483,5.597236337097129,2.430175353121893,0.0
map,47,149,1788733414.0017483,5.621278085502254,2.437032653028762,0.0
map,47,150,1788733414.0017483,5.64531830802845,2.4438914788145603,0.0
map,47,151,1788733414.0017483,5.669358530554646,2.4507518304792875,0.0
map,47,152,1788733414.0017483,5.693395701322984,2.4576228632965176,0.0
map,47,153,1788733414.0017483,5.717432872091322,2.4644954219926767,0.0
map,47,154,1788733414.0017483,5.74147004285966,2.4713695065677648,0.0
map,47,155,1788733414.0017483,5.765505687749069,2.478243591142853,0.0
map,47,156,1788733414.0017483,5.789541332638478,2.485120727475799,0.0
map,47,157,1788733414.0017483,5.81358765868039,2.4919612427144493,0.0
map,47,158,1788733414.0017483,5.837624829448728,2.4988322755316794,0.0
map,47,159,1788733414.0017483,5.861658948459208,2.5057139895014124,0.0
map,47,160,1788733414.0017483,5.9075,2.537,0.9668000000000001
map,48,0,1788733415.041999,2.0116588910897377,1.5557139753453093,0.0
map,48,1,1788733415.041999,2.0373180711595893,1.5556758283720846,0.0
map,48,2,1788733415.041999,2.0623180715321183,1.5556575178249368,0.0
map,48,3,1788733415.041999,2.0873180719046474,1.555631577883144,0.0
map,48,4,1788733415.041999,2.1123180722771764,1.5555995344256353,0.0
map,48,5,1788733415.041999,2.1373180726497054,1.5555583356945526,0.0
map,48,6,1788733415.041999,2.1623180730222344,1.555509507568825,0.0
map,48,7,1788733415.041999,2.1873180733947635,1.5554499982905945,0.0
map,48,8,1788733415.041999,2.2123180737672925,1.555378281980932,0.0
map,48,9,1788733415.041999,2.2373180741398215,1.5552943586398378,0.0
map,48,10,1788733415.041999,2.2623180745123506,1.5551982282673116,0.0
map,48,11,1788733415.041999,2.2873180748848796,1.5550868391054955,0.0
map,48,12,1788733415.041999,2.3123165493784796,1.5549617170333185,0.0
map,48,13,1788733415.041999,2.3367382416369225,1.5603099226794193,0.0
map,48,14,1788733415.041999,2.3611568821375073,1.565668809478023,0.0
map,48,15,1788733415.041999,2.385590781427382,1.57096208348268,0.0
map,48,16,1788733415.041999,2.410017051322612,1.576287400944846,0.0
map,48,17,1788733415.041999,2.4344494247335575,1.5815806749495032,0.0
map,48,18,1788733415.041999,2.4588726428709293,1.58691972532203,0.0
map,48,19,1788733415.041999,2.48329738688723,1.5922526721788408,0.0
map,48,20,1788733415.041999,2.507709923872099,1.5976420765560242,0.0
map,48,21,1788733415.041999,2.532120934978039,1.6030375844489235,0.0
map,48,22,1788733415.041999,2.5564342898325236,1.6088557608051524,0.0
map,48,23,1788733415.041999,2.5807567999605823,1.6146373160670855,0.0
map,48,24,1788733415.041999,2.605074732451854,1.6204356559972375,0.0
map,48,25,1788733415.041999,2.6293987684588416,1.6262126336223837,0.0
map,48,26,1788733415.041999,2.6537151750711843,1.6320140253103936,0.0
map,48,27,1788733415.041999,2.678036159320314,1.6378062617248297,0.0
map,48,28,1788733415.041999,2.7023479882958696,1.6436290157178455,0.0
map,48,29,1788733415.041999,2.7266613431503544,1.6494502438319323,0.0
map,48,30,1788733415.041999,2.750965542731265,1.6553065671613858,0.0
map,48,31,1788733415.041999,2.7752285435810933,1.661332263051957,0.0
map,48,32,1788733415.041999,2.7994884926730634,1.66737016597396,0.0
map,48,33,1788733415.041999,2.8237514935228916,1.673394335985602,0.0
map,48,34,1788733415.041999,2.8480099167359327,1.679435290665463,0.0
map,48,35,1788733415.041999,2.872271391706832,1.685468615950679,0.0
map,48,36,1788733415.041999,2.896528289040944,1.691523303540901,0.0
map,48,37,1788733415.041999,2.9207836604961273,1.6975734134943359,0.0
map,48,38,1788733415.041999,2.9450344543145235,1.7036494633895636,0.0
map,48,39,1788733415.041999,2.969257782312198,1.7098323248098204,0.0
map,48,40,1788733415.041999,2.9934780585520144,1.7160258673825801,0.0
map,48,41,1788733415.041999,3.017701386549689,1.722208728802837,0.0
map,48,42,1788733415.041999,3.0419216627895054,1.7284053231334546,0.0
map,48,43,1788733415.041999,3.066143464908251,1.7345958139483564,0.0
map,48,44,1788733415.041999,3.0903606893902094,1.740803089431477,0.0
map,48,45,1788733415.041999,3.114577913872168,1.7470057872778106,0.0
map,48,46,1788733415.041999,3.1387920865962684,1.7532283215502211,0.0
map,48,47,1788733415.041999,3.162986422894292,1.759524098011223,0.0
map,48,48,1788733415.041999,3.187177707434458,1.7658305556247278,0.0
map,48,49,1788733415.041999,3.2113674660956946,1.7721431167539485,0.0
map,48,50,1788733415.041999,3.2355587506358603,1.7784511002463823,0.0
map,48,51,1788733415.041999,3.259746983418168,1.784769764891319,0.0
map,48,52,1788733415.041999,3.283935216200476,1.7910884295362557,0.0
map,48,53,1788733415.041999,3.3081219231038546,1.7974162494547663,0.0
map,48,54,1788733415.041999,3.3323055782493753,1.803747121131135,0.0
map,48,55,1788733415.041999,3.3564739746056063,1.810145131480379,0.0
map,48,56,1788733415.041999,3.380642370961837,1.816538564192836,0.0
map,48,57,1788733415.041999,3.404809241439139,1.82293657454208,0.0
map,48,58,1788733415.041999,3.42897763779537,1.829334584891324,0.0
map,48,59,1788733415.041999,3.453142982393743,1.835738698756284,0.0
map,48,60,1788733415.041999,3.477308326992116,1.842144338500173,0.0
map,48,61,1788733415.041999,3.50147214571156,1.848557607638707,0.0
map,48,62,1788733415.041999,3.525634438552075,1.8549739285350988,0.0
map,48,63,1788733415.041999,3.549784524361158,1.8614406034361473,0.0
map,48,64,1788733415.041999,3.573934610170241,1.8679042265793377,0.0
map,48,65,1788733415.041999,3.598083170100395,1.8743724273593152,0.0
map,48,66,1788733415.041999,3.622231730030549,1.8808406281392926,0.0
map,48,67,1788733415.041999,3.646378764081774,1.887316458313915,0.0
map,48,68,1788733415.041999,3.6705257981329993,1.8937907626096084,0.0
map,48,69,1788733415.041999,3.6946697804263664,1.9002742221788758,0.0
map,48,70,1788733415.041999,3.7188046074461596,1.9067943028424388,0.0
map,48,71,1788733415.041999,3.742937908587024,1.9133204870217178,0.0
map,48,72,1788733415.041999,3.767072735606817,1.9198420935642098,0.0
map,48,73,1788733415.041999,3.791204510868752,1.9263713295013467,0.0
map,48,74,1788733415.041999,3.8153378120096164,1.9328990395595547,0.0
map,48,75,1788733415.041999,3.8394680613926226,1.9394328531334786,0.0
map,48,76,1788733415.041999,3.863599836654558,1.9459666667074025,0.0
map,48,77,1788733415.041999,3.887728560158635,1.9525081096759713,0.0
map,48,78,1788733415.041999,3.9118496542680674,1.959078544344191,0.0
map,48,79,1788733415.041999,3.9359692224985707,1.9656550825281265,0.0
map,48,80,1788733415.041999,3.960087264850145,1.97223467246992,0.0
map,48,81,1788733415.041999,3.9842068330806484,1.9788142624117135,0.0
map,48,82,1788733415.041999,4.008323349553294,1.985398429990294,0.0
map,48,83,1788733415.041999,4.032441391904868,1.9919825975688745,0.0
map,48,84,1788733415.041999,4.056556382498584,1.998572868663171,0.0
map,48,85,1788733415.041999,4.080671373092301,2.0051661915153254,0.0
map,48,86,1788733415.041999,4.104778734291372,2.0117869801882016,0.0
map,48,87,1788733415.041999,4.128886095490444,2.0184062429821488,0.0
map,48,88,1788733415.041999,4.152993456689515,2.025030083412883,0.0
map,48,89,1788733415.041999,4.1770992920096575,2.031653923843617,0.0
map,48,90,1788733415.041999,4.2012051273298,2.038283867790067,0.0
map,48,91,1788733415.041999,4.225309436771013,2.0449122858575883,0.0
map,48,92,1788733415.041999,4.249413746212227,2.0515468074408254,0.0
map,48,93,1788733415.041999,4.273510426258795,2.0582042172079973,0.0
map,48,94,1788733415.041999,4.297607106305364,2.064864678733027,0.0
map,48,95,1788733415.041999,4.321703786351932,2.071523614379128,0.0
map,48,96,1788733415.041999,4.345800466398501,2.078187127662016,0.0
map,48,97,1788733415.041999,4.36989562056614,2.0848506409449037,0.0
map,48,98,1788733415.041999,4.393989248854851,2.0915187318645785,0.0
map,48,99,1788733415.041999,4.41808440302249,2.0981883486631823,0.0
map,48,100,1788733415.041999,4.442176505432272,2.104862543098573,0.0
map,48,101,1788733415.041999,4.4662640302052665,2.1115535222021826,0.0
map,48,102,1788733415.041999,4.490351554978261,2.118249078942579,0.0
map,48,103,1788733415.041999,4.514437553872327,2.1249446356829758,0.0
map,48,104,1788733415.041999,4.538523552766392,2.1316432441812303,0.0
map,48,105,1788733415.041999,4.562609551660458,2.138341852679485,0.0
map,48,106,1788733415.041999,4.5866940246755945,2.1450450388145264,0.0
map,48,107,1788733415.041999,4.610776971811802,2.151754328465284,0.0
map,48,108,1788733415.041999,4.634855341311223,2.158478876905331,0.0
map,48,109,1788733415.041999,4.6589337108106434,2.1652064771032364,0.0
map,48,110,1788733415.041999,4.683010554431135,2.1719340773011417,0.0
map,48,111,1788733415.041999,4.707087398051627,2.178664729256905,0.0
map,48,112,1788733415.041999,4.7311642416721185,2.1853969070915973,0.0
map,48,113,1788733415.041999,4.75524108529261,2.1921306108052185,0.0
map,48,114,1788733415.041999,4.779316403034173,2.1988673662766978,0.0
map,48,115,1788733415.041999,4.8033901948968065,2.205608699384964,0.0
map,48,116,1788733415.041999,4.827460935001582,2.212362239524662,0.0
map,48,117,1788733415.041999,4.851530149227429,2.219120357301147,0.0
map,48,118,1788733415.041999,4.875599363453276,2.225876949198703,0.0
map,48,119,1788733415.041999,4.8996670518001935,2.232636592854117,0.0
map,48,120,1788733415.041999,4.92373626602604,2.2393977623884602,0.0
map,48,121,1788733415.041999,4.947803954372958,2.24616350955959,0.0
map,48,122,1788733415.041999,4.971870116840947,2.25292925673072,0.0
map,48,123,1788733415.041999,4.9959332275510775,2.25971026269114,0.0
map,48,124,1788733415.041999,5.019996338261208,2.266492794530489,0.0
map,48,125,1788733415.041999,5.04405792309241,2.2732768522487667,0.0
map,48,126,1788733415.041999,5.068119507923612,2.2800624358459736,0.0
map,48,127,1788733415.041999,5.092179566875885,2.2868495453221094,0.0
map,48,128,1788733415.041999,5.1162411517070865,2.293638180677174,0.0
map,48,129,1788733415.041999,5.14029968478043,2.300431393669026,0.0
map,48,130,1788733415.041999,5.164356691974845,2.3072352878133806,0.0
map,48,131,1788733415.041999,5.188412173290331,2.3140422337155933,0.0
map,48,132,1788733415.041999,5.212467654605817,2.320849179617806,0.0
map,48,133,1788733415.041999,5.236521610042374,2.3276591772778765,0.0
map,48,134,1788733415.041999,5.260575565478931,2.334472226695805,0.0
map,48,135,1788733415.041999,5.284629520915487,2.3412852761137337,0.0
map,48,136,1788733415.041999,5.308681950473115,2.3481029031684493,0.0
map,48,137,1788733415.041999,5.332734380030743,2.354920530223165,0.0
map,48,138,1788733415.041999,5.356783757830513,2.3617503643093123,0.0
map,48,139,1788733415.041999,5.380831609751354,2.3685817242743887,0.0
map,48,140,1788733415.041999,5.404879461672195,2.375414610118394,0.0
map,48,141,1788733415.041999,5.428927313593036,2.3822490218413286,0.0
map,48,142,1788733415.041999,5.452975165513877,2.389084959443192,0.0
map,48,143,1788733415.041999,5.477021491555789,2.3959239488029134,0.0
map,48,144,1788733415.041999,5.501067817597701,2.4027644640415637,0.0
map,48,145,1788733415.041999,5.5251110918817545,2.409614134553788,0.0
map,48,146,1788733415.041999,5.5491528402868795,2.4164668568238703,0.0
map,48,147,1788733415.041999,5.5731945886920045,2.4233211049728816,0.0
map,48,148,1788733415.041999,5.597236337097129,2.430175353121893,0.0
map,48,149,1788733415.041999,5.621278085502254,2.437032653028762,0.0
map,48,150,1788733415.041999,5.64531830802845,2.4438914788145603,0.0
map,48,151,1788733415.041999,5.669358530554646,2.4507518304792875,0.0
map,48,152,1788733415.041999,5.693395701322984,2.4576228632965176,0.0
map,48,153,1788733415.041999,5.717432872091322,2.4644954219926767,0.0
map,48,154,1788733415.041999,5.74147004285966,2.4713695065677648,0.0
map,48,155,1788733415.041999,5.765505687749069,2.478243591142853,0.0
map,48,156,1788733415.041999,5.789541332638478,2.485120727475799,0.0
map,48,157,1788733415.041999,5.81358765868039,2.4919612427144493,0.0
map,48,158,1788733415.041999,5.837624829448728,2.4988322755316794,0.0
map,48,159,1788733415.041999,5.861658948459208,2.5057139895014124,0.0
map,48,160,1788733415.041999,5.9075,2.537,0.9668000000000001
map,49,0,1788733416.0519738,2.0116588910897377,1.5557139753453093,0.0
map,49,1,1788733416.0519738,2.0373180711595893,1.5556758283720846,0.0
map,49,2,1788733416.0519738,2.0623180715321183,1.5556575178249368,0.0
map,49,3,1788733416.0519738,2.0873180719046474,1.555631577883144,0.0
map,49,4,1788733416.0519738,2.1123180722771764,1.5555995344256353,0.0
map,49,5,1788733416.0519738,2.1373180726497054,1.5555583356945526,0.0
map,49,6,1788733416.0519738,2.1623180730222344,1.555509507568825,0.0
map,49,7,1788733416.0519738,2.1873180733947635,1.5554499982905945,0.0
map,49,8,1788733416.0519738,2.2123180737672925,1.555378281980932,0.0
map,49,9,1788733416.0519738,2.2373180741398215,1.5552943586398378,0.0
map,49,10,1788733416.0519738,2.2623180745123506,1.5551982282673116,0.0
map,49,11,1788733416.0519738,2.2873180748848796,1.5550868391054955,0.0
map,49,12,1788733416.0519738,2.3123165493784796,1.5549617170333185,0.0
map,49,13,1788733416.0519738,2.3367382416369225,1.5603099226794193,0.0
map,49,14,1788733416.0519738,2.3611568821375073,1.565668809478023,0.0
map,49,15,1788733416.0519738,2.385590781427382,1.57096208348268,0.0
map,49,16,1788733416.0519738,2.410017051322612,1.576287400944846,0.0
map,49,17,1788733416.0519738,2.4344494247335575,1.5815806749495032,0.0
map,49,18,1788733416.0519738,2.4588726428709293,1.58691972532203,0.0
map,49,19,1788733416.0519738,2.48329738688723,1.5922526721788408,0.0
map,49,20,1788733416.0519738,2.507709923872099,1.5976420765560242,0.0
map,49,21,1788733416.0519738,2.532120934978039,1.6030375844489235,0.0
map,49,22,1788733416.0519738,2.5564342898325236,1.6088557608051524,0.0
map,49,23,1788733416.0519738,2.5807567999605823,1.6146373160670855,0.0
map,49,24,1788733416.0519738,2.605074732451854,1.6204356559972375,0.0
map,49,25,1788733416.0519738,2.6293987684588416,1.6262126336223837,0.0
map,49,26,1788733416.0519738,2.6537151750711843,1.6320140253103936,0.0
map,49,27,1788733416.0519738,2.678036159320314,1.6378062617248297,0.0
map,49,28,1788733416.0519738,2.7023479882958696,1.6436290157178455,0.0
map,49,29,1788733416.0519738,2.7266613431503544,1.6494502438319323,0.0
map,49,30,1788733416.0519738,2.750965542731265,1.6553065671613858,0.0
map,49,31,1788733416.0519738,2.7752285435810933,1.661332263051957,0.0
map,49,32,1788733416.0519738,2.7994884926730634,1.66737016597396,0.0
map,49,33,1788733416.0519738,2.8237514935228916,1.673394335985602,0.0
map,49,34,1788733416.0519738,2.8480099167359327,1.679435290665463,0.0
map,49,35,1788733416.0519738,2.872271391706832,1.685468615950679,0.0
map,49,36,1788733416.0519738,2.896528289040944,1.691523303540901,0.0
map,49,37,1788733416.0519738,2.9207836604961273,1.6975734134943359,0.0
map,49,38,1788733416.0519738,2.9450344543145235,1.7036494633895636,0.0
map,49,39,1788733416.0519738,2.969257782312198,1.7098323248098204,0.0
map,49,40,1788733416.0519738,2.9934780585520144,1.7160258673825801,0.0
map,49,41,1788733416.0519738,3.017701386549689,1.722208728802837,0.0
map,49,42,1788733416.0519738,3.0419216627895054,1.7284053231334546,0.0
map,49,43,1788733416.0519738,3.066143464908251,1.7345958139483564,0.0
map,49,44,1788733416.0519738,3.0903606893902094,1.740803089431477,0.0
map,49,45,1788733416.0519738,3.114577913872168,1.7470057872778106,0.0
map,49,46,1788733416.0519738,3.1387920865962684,1.7532283215502211,0.0
map,49,47,1788733416.0519738,3.162986422894292,1.759524098011223,0.0
map,49,48,1788733416.0519738,3.187177707434458,1.7658305556247278,0.0
map,49,49,1788733416.0519738,3.2113674660956946,1.7721431167539485,0.0
map,49,50,1788733416.0519738,3.2355587506358603,1.7784511002463823,0.0
map,49,51,1788733416.0519738,3.259746983418168,1.784769764891319,0.0
map,49,52,1788733416.0519738,3.283935216200476,1.7910884295362557,0.0
map,49,53,1788733416.0519738,3.3081219231038546,1.7974162494547663,0.0
map,49,54,1788733416.0519738,3.3323055782493753,1.803747121131135,0.0
map,49,55,1788733416.0519738,3.3564739746056063,1.810145131480379,0.0
map,49,56,1788733416.0519738,3.380642370961837,1.816538564192836,0.0
map,49,57,1788733416.0519738,3.404809241439139,1.82293657454208,0.0
map,49,58,1788733416.0519738,3.42897763779537,1.829334584891324,0.0
map,49,59,1788733416.0519738,3.453142982393743,1.835738698756284,0.0
map,49,60,1788733416.0519738,3.477308326992116,1.842144338500173,0.0
map,49,61,1788733416.0519738,3.50147214571156,1.848557607638707,0.0
map,49,62,1788733416.0519738,3.525634438552075,1.8549739285350988,0.0
map,49,63,1788733416.0519738,3.549784524361158,1.8614406034361473,0.0
map,49,64,1788733416.0519738,3.573934610170241,1.8679042265793377,0.0
map,49,65,1788733416.0519738,3.598083170100395,1.8743724273593152,0.0
map,49,66,1788733416.0519738,3.622231730030549,1.8808406281392926,0.0
map,49,67,1788733416.0519738,3.646378764081774,1.887316458313915,0.0
map,49,68,1788733416.0519738,3.6705257981329993,1.8937907626096084,0.0
map,49,69,1788733416.0519738,3.6946697804263664,1.9002742221788758,0.0
map,49,70,1788733416.0519738,3.7188046074461596,1.9067943028424388,0.0
map,49,71,1788733416.0519738,3.742937908587024,1.9133204870217178,0.0
map,49,72,1788733416.0519738,3.767072735606817,1.9198420935642098,0.0
map,49,73,1788733416.0519738,3.791204510868752,1.9263713295013467,0.0
map,49,74,1788733416.0519738,3.8153378120096164,1.9328990395595547,0.0
map,49,75,1788733416.0519738,3.8394680613926226,1.9394328531334786,0.0
map,49,76,1788733416.0519738,3.863599836654558,1.9459666667074025,0.0
map,49,77,1788733416.0519738,3.887728560158635,1.9525081096759713,0.0
map,49,78,1788733416.0519738,3.9118496542680674,1.959078544344191,0.0
map,49,79,1788733416.0519738,3.9359692224985707,1.9656550825281265,0.0
map,49,80,1788733416.0519738,3.960087264850145,1.97223467246992,0.0
map,49,81,1788733416.0519738,3.9842068330806484,1.9788142624117135,0.0
map,49,82,1788733416.0519738,4.008323349553294,1.985398429990294,0.0
map,49,83,1788733416.0519738,4.032441391904868,1.9919825975688745,0.0
map,49,84,1788733416.0519738,4.056556382498584,1.998572868663171,0.0
map,49,85,1788733416.0519738,4.080671373092301,2.0051661915153254,0.0
map,49,86,1788733416.0519738,4.104778734291372,2.0117869801882016,0.0
map,49,87,1788733416.0519738,4.128886095490444,2.0184062429821488,0.0
map,49,88,1788733416.0519738,4.152993456689515,2.025030083412883,0.0
map,49,89,1788733416.0519738,4.1770992920096575,2.031653923843617,0.0
map,49,90,1788733416.0519738,4.2012051273298,2.038283867790067,0.0
map,49,91,1788733416.0519738,4.225309436771013,2.0449122858575883,0.0
map,49,92,1788733416.0519738,4.249413746212227,2.0515468074408254,0.0
map,49,93,1788733416.0519738,4.273510426258795,2.0582042172079973,0.0
map,49,94,1788733416.0519738,4.297607106305364,2.064864678733027,0.0
map,49,95,1788733416.0519738,4.321703786351932,2.071523614379128,0.0
map,49,96,1788733416.0519738,4.345800466398501,2.078187127662016,0.0
map,49,97,1788733416.0519738,4.36989562056614,2.0848506409449037,0.0
map,49,98,1788733416.0519738,4.393989248854851,2.0915187318645785,0.0
map,49,99,1788733416.0519738,4.41808440302249,2.0981883486631823,0.0
map,49,100,1788733416.0519738,4.442176505432272,2.104862543098573,0.0
map,49,101,1788733416.0519738,4.4662640302052665,2.1115535222021826,0.0
map,49,102,1788733416.0519738,4.490351554978261,2.118249078942579,0.0
map,49,103,1788733416.0519738,4.514437553872327,2.1249446356829758,0.0
map,49,104,1788733416.0519738,4.538523552766392,2.1316432441812303,0.0
map,49,105,1788733416.0519738,4.562609551660458,2.138341852679485,0.0
map,49,106,1788733416.0519738,4.5866940246755945,2.1450450388145264,0.0
map,49,107,1788733416.0519738,4.610776971811802,2.151754328465284,0.0
map,49,108,1788733416.0519738,4.634855341311223,2.158478876905331,0.0
map,49,109,1788733416.0519738,4.6589337108106434,2.1652064771032364,0.0
map,49,110,1788733416.0519738,4.683010554431135,2.1719340773011417,0.0
map,49,111,1788733416.0519738,4.707087398051627,2.178664729256905,0.0
map,49,112,1788733416.0519738,4.7311642416721185,2.1853969070915973,0.0
map,49,113,1788733416.0519738,4.75524108529261,2.1921306108052185,0.0
map,49,114,1788733416.0519738,4.779316403034173,2.1988673662766978,0.0
map,49,115,1788733416.0519738,4.8033901948968065,2.205608699384964,0.0
map,49,116,1788733416.0519738,4.827460935001582,2.212362239524662,0.0
map,49,117,1788733416.0519738,4.851530149227429,2.219120357301147,0.0
map,49,118,1788733416.0519738,4.875599363453276,2.225876949198703,0.0
map,49,119,1788733416.0519738,4.8996670518001935,2.232636592854117,0.0
map,49,120,1788733416.0519738,4.92373626602604,2.2393977623884602,0.0
map,49,121,1788733416.0519738,4.947803954372958,2.24616350955959,0.0
map,49,122,1788733416.0519738,4.971870116840947,2.25292925673072,0.0
map,49,123,1788733416.0519738,4.9959332275510775,2.25971026269114,0.0
map,49,124,1788733416.0519738,5.019996338261208,2.266492794530489,0.0
map,49,125,1788733416.0519738,5.04405792309241,2.2732768522487667,0.0
map,49,126,1788733416.0519738,5.068119507923612,2.2800624358459736,0.0
map,49,127,1788733416.0519738,5.092179566875885,2.2868495453221094,0.0
map,49,128,1788733416.0519738,5.1162411517070865,2.293638180677174,0.0
map,49,129,1788733416.0519738,5.14029968478043,2.300431393669026,0.0
map,49,130,1788733416.0519738,5.164356691974845,2.3072352878133806,0.0
map,49,131,1788733416.0519738,5.188412173290331,2.3140422337155933,0.0
map,49,132,1788733416.0519738,5.212467654605817,2.320849179617806,0.0
map,49,133,1788733416.0519738,5.236521610042374,2.3276591772778765,0.0
map,49,134,1788733416.0519738,5.260575565478931,2.334472226695805,0.0
map,49,135,1788733416.0519738,5.284629520915487,2.3412852761137337,0.0
map,49,136,1788733416.0519738,5.308681950473115,2.3481029031684493,0.0
map,49,137,1788733416.0519738,5.332734380030743,2.354920530223165,0.0
map,49,138,1788733416.0519738,5.356783757830513,2.3617503643093123,0.0
map,49,139,1788733416.0519738,5.380831609751354,2.3685817242743887,0.0
map,49,140,1788733416.0519738,5.404879461672195,2.375414610118394,0.0
map,49,141,1788733416.0519738,5.428927313593036,2.3822490218413286,0.0
map,49,142,1788733416.0519738,5.452975165513877,2.389084959443192,0.0
map,49,143,1788733416.0519738,5.477021491555789,2.3959239488029134,0.0
map,49,144,1788733416.0519738,5.501067817597701,2.4027644640415637,0.0
map,49,145,1788733416.0519738,5.5251110918817545,2.409614134553788,0.0
map,49,146,1788733416.0519738,5.5491528402868795,2.4164668568238703,0.0
map,49,147,1788733416.0519738,5.5731945886920045,2.4233211049728816,0.0
map,49,148,1788733416.0519738,5.597236337097129,2.430175353121893,0.0
map,49,149,1788733416.0519738,5.621278085502254,2.437032653028762,0.0
map,49,150,1788733416.0519738,5.64531830802845,2.4438914788145603,0.0
map,49,151,1788733416.0519738,5.669358530554646,2.4507518304792875,0.0
map,49,152,1788733416.0519738,5.693395701322984,2.4576228632965176,0.0
map,49,153,1788733416.0519738,5.717432872091322,2.4644954219926767,0.0
map,49,154,1788733416.0519738,5.74147004285966,2.4713695065677648,0.0
map,49,155,1788733416.0519738,5.765505687749069,2.478243591142853,0.0
map,49,156,1788733416.0519738,5.789541332638478,2.485120727475799,0.0
map,49,157,1788733416.0519738,5.81358765868039,2.4919612427144493,0.0
map,49,158,1788733416.0519738,5.837624829448728,2.4988322755316794,0.0
map,49,159,1788733416.0519738,5.861658948459208,2.5057139895014124,0.0
map,49,160,1788733416.0519738,5.9075,2.537,0.9668000000000001
map,50,0,1788733417.072683,2.0116588910897377,1.5557139753453093,0.0
map,50,1,1788733417.072683,2.0373180711595893,1.5556758283720846,0.0
map,50,2,1788733417.072683,2.0623180715321183,1.5556575178249368,0.0
map,50,3,1788733417.072683,2.0873180719046474,1.555631577883144,0.0
map,50,4,1788733417.072683,2.1123180722771764,1.5555995344256353,0.0
map,50,5,1788733417.072683,2.1373180726497054,1.5555583356945526,0.0
map,50,6,1788733417.072683,2.1623180730222344,1.555509507568825,0.0
map,50,7,1788733417.072683,2.1873180733947635,1.5554499982905945,0.0
map,50,8,1788733417.072683,2.2123180737672925,1.555378281980932,0.0
map,50,9,1788733417.072683,2.2373180741398215,1.5552943586398378,0.0
map,50,10,1788733417.072683,2.2623180745123506,1.5551982282673116,0.0
map,50,11,1788733417.072683,2.2873180748848796,1.5550868391054955,0.0
map,50,12,1788733417.072683,2.3123165493784796,1.5549617170333185,0.0
map,50,13,1788733417.072683,2.3367382416369225,1.5603099226794193,0.0
map,50,14,1788733417.072683,2.3611568821375073,1.565668809478023,0.0
map,50,15,1788733417.072683,2.385590781427382,1.57096208348268,0.0
map,50,16,1788733417.072683,2.410017051322612,1.576287400944846,0.0
map,50,17,1788733417.072683,2.4344494247335575,1.5815806749495032,0.0
map,50,18,1788733417.072683,2.4588726428709293,1.58691972532203,0.0
map,50,19,1788733417.072683,2.48329738688723,1.5922526721788408,0.0
map,50,20,1788733417.072683,2.507709923872099,1.5976420765560242,0.0
map,50,21,1788733417.072683,2.532120934978039,1.6030375844489235,0.0
map,50,22,1788733417.072683,2.5564342898325236,1.6088557608051524,0.0
map,50,23,1788733417.072683,2.5807567999605823,1.6146373160670855,0.0
map,50,24,1788733417.072683,2.605074732451854,1.6204356559972375,0.0
map,50,25,1788733417.072683,2.6293987684588416,1.6262126336223837,0.0
map,50,26,1788733417.072683,2.6537151750711843,1.6320140253103936,0.0
map,50,27,1788733417.072683,2.678036159320314,1.6378062617248297,0.0
map,50,28,1788733417.072683,2.7023479882958696,1.6436290157178455,0.0
map,50,29,1788733417.072683,2.7266613431503544,1.6494502438319323,0.0
map,50,30,1788733417.072683,2.750965542731265,1.6553065671613858,0.0
map,50,31,1788733417.072683,2.7752285435810933,1.661332263051957,0.0
map,50,32,1788733417.072683,2.7994884926730634,1.66737016597396,0.0
map,50,33,1788733417.072683,2.8237514935228916,1.673394335985602,0.0
map,50,34,1788733417.072683,2.8480099167359327,1.679435290665463,0.0
map,50,35,1788733417.072683,2.872271391706832,1.685468615950679,0.0
map,50,36,1788733417.072683,2.896528289040944,1.691523303540901,0.0
map,50,37,1788733417.072683,2.9207836604961273,1.6975734134943359,0.0
map,50,38,1788733417.072683,2.9450344543145235,1.7036494633895636,0.0
map,50,39,1788733417.072683,2.969257782312198,1.7098323248098204,0.0
map,50,40,1788733417.072683,2.9934780585520144,1.7160258673825801,0.0
map,50,41,1788733417.072683,3.017701386549689,1.722208728802837,0.0
map,50,42,1788733417.072683,3.0419216627895054,1.7284053231334546,0.0
map,50,43,1788733417.072683,3.066143464908251,1.7345958139483564,0.0
map,50,44,1788733417.072683,3.0903606893902094,1.740803089431477,0.0
map,50,45,1788733417.072683,3.114577913872168,1.7470057872778106,0.0
map,50,46,1788733417.072683,3.1387920865962684,1.7532283215502211,0.0
map,50,47,1788733417.072683,3.162986422894292,1.759524098011223,0.0
map,50,48,1788733417.072683,3.187177707434458,1.7658305556247278,0.0
map,50,49,1788733417.072683,3.2113674660956946,1.7721431167539485,0.0
map,50,50,1788733417.072683,3.2355587506358603,1.7784511002463823,0.0
map,50,51,1788733417.072683,3.259746983418168,1.784769764891319,0.0
map,50,52,1788733417.072683,3.283935216200476,1.7910884295362557,0.0
map,50,53,1788733417.072683,3.3081219231038546,1.7974162494547663,0.0
map,50,54,1788733417.072683,3.3323055782493753,1.803747121131135,0.0
map,50,55,1788733417.072683,3.3564739746056063,1.810145131480379,0.0
map,50,56,1788733417.072683,3.380642370961837,1.816538564192836,0.0
map,50,57,1788733417.072683,3.404809241439139,1.82293657454208,0.0
map,50,58,1788733417.072683,3.42897763779537,1.829334584891324,0.0
map,50,59,1788733417.072683,3.453142982393743,1.835738698756284,0.0
map,50,60,1788733417.072683,3.477308326992116,1.842144338500173,0.0
map,50,61,1788733417.072683,3.50147214571156,1.848557607638707,0.0
map,50,62,1788733417.072683,3.525634438552075,1.8549739285350988,0.0
map,50,63,1788733417.072683,3.549784524361158,1.8614406034361473,0.0
map,50,64,1788733417.072683,3.573934610170241,1.8679042265793377,0.0
map,50,65,1788733417.072683,3.598083170100395,1.8743724273593152,0.0
map,50,66,1788733417.072683,3.622231730030549,1.8808406281392926,0.0
map,50,67,1788733417.072683,3.646378764081774,1.887316458313915,0.0
map,50,68,1788733417.072683,3.6705257981329993,1.8937907626096084,0.0
map,50,69,1788733417.072683,3.6946697804263664,1.9002742221788758,0.0
map,50,70,1788733417.072683,3.7188046074461596,1.9067943028424388,0.0
map,50,71,1788733417.072683,3.742937908587024,1.9133204870217178,0.0
map,50,72,1788733417.072683,3.767072735606817,1.9198420935642098,0.0
map,50,73,1788733417.072683,3.791204510868752,1.9263713295013467,0.0
map,50,74,1788733417.072683,3.8153378120096164,1.9328990395595547,0.0
map,50,75,1788733417.072683,3.8394680613926226,1.9394328531334786,0.0
map,50,76,1788733417.072683,3.863599836654558,1.9459666667074025,0.0
map,50,77,1788733417.072683,3.887728560158635,1.9525081096759713,0.0
map,50,78,1788733417.072683,3.9118496542680674,1.959078544344191,0.0
map,50,79,1788733417.072683,3.9359692224985707,1.9656550825281265,0.0
map,50,80,1788733417.072683,3.960087264850145,1.97223467246992,0.0
map,50,81,1788733417.072683,3.9842068330806484,1.9788142624117135,0.0
map,50,82,1788733417.072683,4.008323349553294,1.985398429990294,0.0
map,50,83,1788733417.072683,4.032441391904868,1.9919825975688745,0.0
map,50,84,1788733417.072683,4.056556382498584,1.998572868663171,0.0
map,50,85,1788733417.072683,4.080671373092301,2.0051661915153254,0.0
map,50,86,1788733417.072683,4.104778734291372,2.0117869801882016,0.0
map,50,87,1788733417.072683,4.128886095490444,2.0184062429821488,0.0
map,50,88,1788733417.072683,4.152993456689515,2.025030083412883,0.0
map,50,89,1788733417.072683,4.1770992920096575,2.031653923843617,0.0
map,50,90,1788733417.072683,4.2012051273298,2.038283867790067,0.0
map,50,91,1788733417.072683,4.225309436771013,2.0449122858575883,0.0
map,50,92,1788733417.072683,4.249413746212227,2.0515468074408254,0.0
map,50,93,1788733417.072683,4.273510426258795,2.0582042172079973,0.0
map,50,94,1788733417.072683,4.297607106305364,2.064864678733027,0.0
map,50,95,1788733417.072683,4.321703786351932,2.071523614379128,0.0
map,50,96,1788733417.072683,4.345800466398501,2.078187127662016,0.0
map,50,97,1788733417.072683,4.36989562056614,2.0848506409449037,0.0
map,50,98,1788733417.072683,4.393989248854851,2.0915187318645785,0.0
map,50,99,1788733417.072683,4.41808440302249,2.0981883486631823,0.0
map,50,100,1788733417.072683,4.442176505432272,2.104862543098573,0.0
map,50,101,1788733417.072683,4.4662640302052665,2.1115535222021826,0.0
map,50,102,1788733417.072683,4.490351554978261,2.118249078942579,0.0
map,50,103,1788733417.072683,4.514437553872327,2.1249446356829758,0.0
map,50,104,1788733417.072683,4.538523552766392,2.1316432441812303,0.0
map,50,105,1788733417.072683,4.562609551660458,2.138341852679485,0.0
map,50,106,1788733417.072683,4.5866940246755945,2.1450450388145264,0.0
map,50,107,1788733417.072683,4.610776971811802,2.151754328465284,0.0
map,50,108,1788733417.072683,4.634855341311223,2.158478876905331,0.0
map,50,109,1788733417.072683,4.6589337108106434,2.1652064771032364,0.0
map,50,110,1788733417.072683,4.683010554431135,2.1719340773011417,0.0
map,50,111,1788733417.072683,4.707087398051627,2.178664729256905,0.0
map,50,112,1788733417.072683,4.7311642416721185,2.1853969070915973,0.0
map,50,113,1788733417.072683,4.75524108529261,2.1921306108052185,0.0
map,50,114,1788733417.072683,4.779316403034173,2.1988673662766978,0.0
map,50,115,1788733417.072683,4.8033901948968065,2.205608699384964,0.0
map,50,116,1788733417.072683,4.827460935001582,2.212362239524662,0.0
map,50,117,1788733417.072683,4.851530149227429,2.219120357301147,0.0
map,50,118,1788733417.072683,4.875599363453276,2.225876949198703,0.0
map,50,119,1788733417.072683,4.8996670518001935,2.232636592854117,0.0
map,50,120,1788733417.072683,4.92373626602604,2.2393977623884602,0.0
map,50,121,1788733417.072683,4.947803954372958,2.24616350955959,0.0
map,50,122,1788733417.072683,4.971870116840947,2.25292925673072,0.0
map,50,123,1788733417.072683,4.9959332275510775,2.25971026269114,0.0
map,50,124,1788733417.072683,5.019996338261208,2.266492794530489,0.0
map,50,125,1788733417.072683,5.04405792309241,2.2732768522487667,0.0
map,50,126,1788733417.072683,5.068119507923612,2.2800624358459736,0.0
map,50,127,1788733417.072683,5.092179566875885,2.2868495453221094,0.0
map,50,128,1788733417.072683,5.1162411517070865,2.293638180677174,0.0
map,50,129,1788733417.072683,5.14029968478043,2.300431393669026,0.0
map,50,130,1788733417.072683,5.164356691974845,2.3072352878133806,0.0
map,50,131,1788733417.072683,5.188412173290331,2.3140422337155933,0.0
map,50,132,1788733417.072683,5.212467654605817,2.320849179617806,0.0
map,50,133,1788733417.072683,5.236521610042374,2.3276591772778765,0.0
map,50,134,1788733417.072683,5.260575565478931,2.334472226695805,0.0
map,50,135,1788733417.072683,5.284629520915487,2.3412852761137337,0.0
map,50,136,1788733417.072683,5.308681950473115,2.3481029031684493,0.0
map,50,137,1788733417.072683,5.332734380030743,2.354920530223165,0.0
map,50,138,1788733417.072683,5.356783757830513,2.3617503643093123,0.0
map,50,139,1788733417.072683,5.380831609751354,2.3685817242743887,0.0
map,50,140,1788733417.072683,5.404879461672195,2.375414610118394,0.0
map,50,141,1788733417.072683,5.428927313593036,2.3822490218413286,0.0
map,50,142,1788733417.072683,5.452975165513877,2.389084959443192,0.0
map,50,143,1788733417.072683,5.477021491555789,2.3959239488029134,0.0
map,50,144,1788733417.072683,5.501067817597701,2.4027644640415637,0.0
map,50,145,1788733417.072683,5.5251110918817545,2.409614134553788,0.0
map,50,146,1788733417.072683,5.5491528402868795,2.4164668568238703,0.0
map,50,147,1788733417.072683,5.5731945886920045,2.4233211049728816,0.0
map,50,148,1788733417.072683,5.597236337097129,2.430175353121893,0.0
map,50,149,1788733417.072683,5.621278085502254,2.437032653028762,0.0
map,50,150,1788733417.072683,5.64531830802845,2.4438914788145603,0.0
map,50,151,1788733417.072683,5.669358530554646,2.4507518304792875,0.0
map,50,152,1788733417.072683,5.693395701322984,2.4576228632965176,0.0
map,50,153,1788733417.072683,5.717432872091322,2.4644954219926767,0.0
map,50,154,1788733417.072683,5.74147004285966,2.4713695065677648,0.0
map,50,155,1788733417.072683,5.765505687749069,2.478243591142853,0.0
map,50,156,1788733417.072683,5.789541332638478,2.485120727475799,0.0
map,50,157,1788733417.072683,5.81358765868039,2.4919612427144493,0.0
map,50,158,1788733417.072683,5.837624829448728,2.4988322755316794,0.0
map,50,159,1788733417.072683,5.861658948459208,2.5057139895014124,0.0
map,50,160,1788733417.072683,5.9075,2.537,0.9668000000000001
map,51,0,1788733418.104714,2.0116588910897377,1.5557139753453093,0.0
map,51,1,1788733418.104714,2.0373180711595893,1.5556758283720846,0.0
map,51,2,1788733418.104714,2.0623180715321183,1.5556575178249368,0.0
map,51,3,1788733418.104714,2.0873180719046474,1.555631577883144,0.0
map,51,4,1788733418.104714,2.1123180722771764,1.5555995344256353,0.0
map,51,5,1788733418.104714,2.1373180726497054,1.5555583356945526,0.0
map,51,6,1788733418.104714,2.1623180730222344,1.555509507568825,0.0
map,51,7,1788733418.104714,2.1873180733947635,1.5554499982905945,0.0
map,51,8,1788733418.104714,2.2123180737672925,1.555378281980932,0.0
map,51,9,1788733418.104714,2.2373180741398215,1.5552943586398378,0.0
map,51,10,1788733418.104714,2.2623180745123506,1.5551982282673116,0.0
map,51,11,1788733418.104714,2.2873180748848796,1.5550868391054955,0.0
map,51,12,1788733418.104714,2.3123165493784796,1.5549617170333185,0.0
map,51,13,1788733418.104714,2.3367382416369225,1.5603099226794193,0.0
map,51,14,1788733418.104714,2.3611568821375073,1.565668809478023,0.0
map,51,15,1788733418.104714,2.385590781427382,1.57096208348268,0.0
map,51,16,1788733418.104714,2.410017051322612,1.576287400944846,0.0
map,51,17,1788733418.104714,2.4344494247335575,1.5815806749495032,0.0
map,51,18,1788733418.104714,2.4588726428709293,1.58691972532203,0.0
map,51,19,1788733418.104714,2.48329738688723,1.5922526721788408,0.0
map,51,20,1788733418.104714,2.507709923872099,1.5976420765560242,0.0
map,51,21,1788733418.104714,2.532120934978039,1.6030375844489235,0.0
map,51,22,1788733418.104714,2.5564342898325236,1.6088557608051524,0.0
map,51,23,1788733418.104714,2.5807567999605823,1.6146373160670855,0.0
map,51,24,1788733418.104714,2.605074732451854,1.6204356559972375,0.0
map,51,25,1788733418.104714,2.6293987684588416,1.6262126336223837,0.0
map,51,26,1788733418.104714,2.6537151750711843,1.6320140253103936,0.0
map,51,27,1788733418.104714,2.678036159320314,1.6378062617248297,0.0
map,51,28,1788733418.104714,2.7023479882958696,1.6436290157178455,0.0
map,51,29,1788733418.104714,2.7266613431503544,1.6494502438319323,0.0
map,51,30,1788733418.104714,2.750965542731265,1.6553065671613858,0.0
map,51,31,1788733418.104714,2.7752285435810933,1.661332263051957,0.0
map,51,32,1788733418.104714,2.7994884926730634,1.66737016597396,0.0
map,51,33,1788733418.104714,2.8237514935228916,1.673394335985602,0.0
map,51,34,1788733418.104714,2.8480099167359327,1.679435290665463,0.0
map,51,35,1788733418.104714,2.872271391706832,1.685468615950679,0.0
map,51,36,1788733418.104714,2.896528289040944,1.691523303540901,0.0
map,51,37,1788733418.104714,2.9207836604961273,1.6975734134943359,0.0
map,51,38,1788733418.104714,2.9450344543145235,1.7036494633895636,0.0
map,51,39,1788733418.104714,2.969257782312198,1.7098323248098204,0.0
map,51,40,1788733418.104714,2.9934780585520144,1.7160258673825801,0.0
map,51,41,1788733418.104714,3.017701386549689,1.722208728802837,0.0
map,51,42,1788733418.104714,3.0419216627895054,1.7284053231334546,0.0
map,51,43,1788733418.104714,3.066143464908251,1.7345958139483564,0.0
map,51,44,1788733418.104714,3.0903606893902094,1.740803089431477,0.0
map,51,45,1788733418.104714,3.114577913872168,1.7470057872778106,0.0
map,51,46,1788733418.104714,3.1387920865962684,1.7532283215502211,0.0
map,51,47,1788733418.104714,3.162986422894292,1.759524098011223,0.0
map,51,48,1788733418.104714,3.187177707434458,1.7658305556247278,0.0
map,51,49,1788733418.104714,3.2113674660956946,1.7721431167539485,0.0
map,51,50,1788733418.104714,3.2355587506358603,1.7784511002463823,0.0
map,51,51,1788733418.104714,3.259746983418168,1.784769764891319,0.0
map,51,52,1788733418.104714,3.283935216200476,1.7910884295362557,0.0
map,51,53,1788733418.104714,3.3081219231038546,1.7974162494547663,0.0
map,51,54,1788733418.104714,3.3323055782493753,1.803747121131135,0.0
map,51,55,1788733418.104714,3.3564739746056063,1.810145131480379,0.0
map,51,56,1788733418.104714,3.380642370961837,1.816538564192836,0.0
map,51,57,1788733418.104714,3.404809241439139,1.82293657454208,0.0
map,51,58,1788733418.104714,3.42897763779537,1.829334584891324,0.0
map,51,59,1788733418.104714,3.453142982393743,1.835738698756284,0.0
map,51,60,1788733418.104714,3.477308326992116,1.842144338500173,0.0
map,51,61,1788733418.104714,3.50147214571156,1.848557607638707,0.0
map,51,62,1788733418.104714,3.525634438552075,1.8549739285350988,0.0
map,51,63,1788733418.104714,3.549784524361158,1.8614406034361473,0.0
map,51,64,1788733418.104714,3.573934610170241,1.8679042265793377,0.0
map,51,65,1788733418.104714,3.598083170100395,1.8743724273593152,0.0
map,51,66,1788733418.104714,3.622231730030549,1.8808406281392926,0.0
map,51,67,1788733418.104714,3.646378764081774,1.887316458313915,0.0
map,51,68,1788733418.104714,3.6705257981329993,1.8937907626096084,0.0
map,51,69,1788733418.104714,3.6946697804263664,1.9002742221788758,0.0
map,51,70,1788733418.104714,3.7188046074461596,1.9067943028424388,0.0
map,51,71,1788733418.104714,3.742937908587024,1.9133204870217178,0.0
map,51,72,1788733418.104714,3.767072735606817,1.9198420935642098,0.0
map,51,73,1788733418.104714,3.791204510868752,1.9263713295013467,0.0
map,51,74,1788733418.104714,3.8153378120096164,1.9328990395595547,0.0
map,51,75,1788733418.104714,3.8394680613926226,1.9394328531334786,0.0
map,51,76,1788733418.104714,3.863599836654558,1.9459666667074025,0.0
map,51,77,1788733418.104714,3.887728560158635,1.9525081096759713,0.0
map,51,78,1788733418.104714,3.9118496542680674,1.959078544344191,0.0
map,51,79,1788733418.104714,3.9359692224985707,1.9656550825281265,0.0
map,51,80,1788733418.104714,3.960087264850145,1.97223467246992,0.0
map,51,81,1788733418.104714,3.9842068330806484,1.9788142624117135,0.0
map,51,82,1788733418.104714,4.008323349553294,1.985398429990294,0.0
map,51,83,1788733418.104714,4.032441391904868,1.9919825975688745,0.0
map,51,84,1788733418.104714,4.056556382498584,1.998572868663171,0.0
map,51,85,1788733418.104714,4.080671373092301,2.0051661915153254,0.0
map,51,86,1788733418.104714,4.104778734291372,2.0117869801882016,0.0
map,51,87,1788733418.104714,4.128886095490444,2.0184062429821488,0.0
map,51,88,1788733418.104714,4.152993456689515,2.025030083412883,0.0
map,51,89,1788733418.104714,4.1770992920096575,2.031653923843617,0.0
map,51,90,1788733418.104714,4.2012051273298,2.038283867790067,0.0
map,51,91,1788733418.104714,4.225309436771013,2.0449122858575883,0.0
map,51,92,1788733418.104714,4.249413746212227,2.0515468074408254,0.0
map,51,93,1788733418.104714,4.273510426258795,2.0582042172079973,0.0
map,51,94,1788733418.104714,4.297607106305364,2.064864678733027,0.0
map,51,95,1788733418.104714,4.321703786351932,2.071523614379128,0.0
map,51,96,1788733418.104714,4.345800466398501,2.078187127662016,0.0
map,51,97,1788733418.104714,4.36989562056614,2.0848506409449037,0.0
map,51,98,1788733418.104714,4.393989248854851,2.0915187318645785,0.0
map,51,99,1788733418.104714,4.41808440302249,2.0981883486631823,0.0
map,51,100,1788733418.104714,4.442176505432272,2.104862543098573,0.0
map,51,101,1788733418.104714,4.4662640302052665,2.1115535222021826,0.0
map,51,102,1788733418.104714,4.490351554978261,2.118249078942579,0.0
map,51,103,1788733418.104714,4.514437553872327,2.1249446356829758,0.0
map,51,104,1788733418.104714,4.538523552766392,2.1316432441812303,0.0
map,51,105,1788733418.104714,4.562609551660458,2.138341852679485,0.0
map,51,106,1788733418.104714,4.5866940246755945,2.1450450388145264,0.0
map,51,107,1788733418.104714,4.610776971811802,2.151754328465284,0.0
map,51,108,1788733418.104714,4.634855341311223,2.158478876905331,0.0
map,51,109,1788733418.104714,4.6589337108106434,2.1652064771032364,0.0
map,51,110,1788733418.104714,4.683010554431135,2.1719340773011417,0.0
map,51,111,1788733418.104714,4.707087398051627,2.178664729256905,0.0
map,51,112,1788733418.104714,4.7311642416721185,2.1853969070915973,0.0
map,51,113,1788733418.104714,4.75524108529261,2.1921306108052185,0.0
map,51,114,1788733418.104714,4.779316403034173,2.1988673662766978,0.0
map,51,115,1788733418.104714,4.8033901948968065,2.205608699384964,0.0
map,51,116,1788733418.104714,4.827460935001582,2.212362239524662,0.0
map,51,117,1788733418.104714,4.851530149227429,2.219120357301147,0.0
map,51,118,1788733418.104714,4.875599363453276,2.225876949198703,0.0
map,51,119,1788733418.104714,4.8996670518001935,2.232636592854117,0.0
map,51,120,1788733418.104714,4.92373626602604,2.2393977623884602,0.0
map,51,121,1788733418.104714,4.947803954372958,2.24616350955959,0.0
map,51,122,1788733418.104714,4.971870116840947,2.25292925673072,0.0
map,51,123,1788733418.104714,4.9959332275510775,2.25971026269114,0.0
map,51,124,1788733418.104714,5.019996338261208,2.266492794530489,0.0
map,51,125,1788733418.104714,5.04405792309241,2.2732768522487667,0.0
map,51,126,1788733418.104714,5.068119507923612,2.2800624358459736,0.0
map,51,127,1788733418.104714,5.092179566875885,2.2868495453221094,0.0
map,51,128,1788733418.104714,5.1162411517070865,2.293638180677174,0.0
map,51,129,1788733418.104714,5.14029968478043,2.300431393669026,0.0
map,51,130,1788733418.104714,5.164356691974845,2.3072352878133806,0.0
map,51,131,1788733418.104714,5.188412173290331,2.3140422337155933,0.0
map,51,132,1788733418.104714,5.212467654605817,2.320849179617806,0.0
map,51,133,1788733418.104714,5.236521610042374,2.3276591772778765,0.0
map,51,134,1788733418.104714,5.260575565478931,2.334472226695805,0.0
map,51,135,1788733418.104714,5.284629520915487,2.3412852761137337,0.0
map,51,136,1788733418.104714,5.308681950473115,2.3481029031684493,0.0
map,51,137,1788733418.104714,5.332734380030743,2.354920530223165,0.0
map,51,138,1788733418.104714,5.356783757830513,2.3617503643093123,0.0
map,51,139,1788733418.104714,5.380831609751354,2.3685817242743887,0.0
map,51,140,1788733418.104714,5.404879461672195,2.375414610118394,0.0
map,51,141,1788733418.104714,5.428927313593036,2.3822490218413286,0.0
map,51,142,1788733418.104714,5.452975165513877,2.389084959443192,0.0
map,51,143,1788733418.104714,5.477021491555789,2.3959239488029134,0.0
map,51,144,1788733418.104714,5.501067817597701,2.4027644640415637,0.0
map,51,145,1788733418.104714,5.5251110918817545,2.409614134553788,0.0
map,51,146,1788733418.104714,5.5491528402868795,2.4164668568238703,0.0
map,51,147,1788733418.104714,5.5731945886920045,2.4233211049728816,0.0
map,51,148,1788733418.104714,5.597236337097129,2.430175353121893,0.0
map,51,149,1788733418.104714,5.621278085502254,2.437032653028762,0.0
map,51,150,1788733418.104714,5.64531830802845,2.4438914788145603,0.0
map,51,151,1788733418.104714,5.669358530554646,2.4507518304792875,0.0
map,51,152,1788733418.104714,5.693395701322984,2.4576228632965176,0.0
map,51,153,1788733418.104714,5.717432872091322,2.4644954219926767,0.0
map,51,154,1788733418.104714,5.74147004285966,2.4713695065677648,0.0
map,51,155,1788733418.104714,5.765505687749069,2.478243591142853,0.0
map,51,156,1788733418.104714,5.789541332638478,2.485120727475799,0.0
map,51,157,1788733418.104714,5.81358765868039,2.4919612427144493,0.0
map,51,158,1788733418.104714,5.837624829448728,2.4988322755316794,0.0
map,51,159,1788733418.104714,5.861658948459208,2.5057139895014124,0.0
map,51,160,1788733418.104714,5.9075,2.537,0.9668000000000001
map,52,0,1788733419.1321282,2.0116588910897377,1.5557139753453093,0.0
map,52,1,1788733419.1321282,2.0373180711595893,1.5556758283720846,0.0
map,52,2,1788733419.1321282,2.0623180715321183,1.5556575178249368,0.0
map,52,3,1788733419.1321282,2.0873180719046474,1.555631577883144,0.0
map,52,4,1788733419.1321282,2.1123180722771764,1.5555995344256353,0.0
map,52,5,1788733419.1321282,2.1373180726497054,1.5555583356945526,0.0
map,52,6,1788733419.1321282,2.1623180730222344,1.555509507568825,0.0
map,52,7,1788733419.1321282,2.1873180733947635,1.5554499982905945,0.0
map,52,8,1788733419.1321282,2.2123180737672925,1.555378281980932,0.0
map,52,9,1788733419.1321282,2.2373180741398215,1.5552943586398378,0.0
map,52,10,1788733419.1321282,2.2623180745123506,1.5551982282673116,0.0
map,52,11,1788733419.1321282,2.2873180748848796,1.5550868391054955,0.0
map,52,12,1788733419.1321282,2.3123165493784796,1.5549617170333185,0.0
map,52,13,1788733419.1321282,2.3367382416369225,1.5603099226794193,0.0
map,52,14,1788733419.1321282,2.3611568821375073,1.565668809478023,0.0
map,52,15,1788733419.1321282,2.385590781427382,1.57096208348268,0.0
map,52,16,1788733419.1321282,2.410017051322612,1.576287400944846,0.0
map,52,17,1788733419.1321282,2.4344494247335575,1.5815806749495032,0.0
map,52,18,1788733419.1321282,2.4588726428709293,1.58691972532203,0.0
map,52,19,1788733419.1321282,2.48329738688723,1.5922526721788408,0.0
map,52,20,1788733419.1321282,2.507709923872099,1.5976420765560242,0.0
map,52,21,1788733419.1321282,2.532120934978039,1.6030375844489235,0.0
map,52,22,1788733419.1321282,2.5564342898325236,1.6088557608051524,0.0
map,52,23,1788733419.1321282,2.5807567999605823,1.6146373160670855,0.0
map,52,24,1788733419.1321282,2.605074732451854,1.6204356559972375,0.0
map,52,25,1788733419.1321282,2.6293987684588416,1.6262126336223837,0.0
map,52,26,1788733419.1321282,2.6537151750711843,1.6320140253103936,0.0
map,52,27,1788733419.1321282,2.678036159320314,1.6378062617248297,0.0
map,52,28,1788733419.1321282,2.7023479882958696,1.6436290157178455,0.0
map,52,29,1788733419.1321282,2.7266613431503544,1.6494502438319323,0.0
map,52,30,1788733419.1321282,2.750965542731265,1.6553065671613858,0.0
map,52,31,1788733419.1321282,2.7752285435810933,1.661332263051957,0.0
map,52,32,1788733419.1321282,2.7994884926730634,1.66737016597396,0.0
map,52,33,1788733419.1321282,2.8237514935228916,1.673394335985602,0.0
map,52,34,1788733419.1321282,2.8480099167359327,1.679435290665463,0.0
map,52,35,1788733419.1321282,2.872271391706832,1.685468615950679,0.0
map,52,36,1788733419.1321282,2.896528289040944,1.691523303540901,0.0
map,52,37,1788733419.1321282,2.9207836604961273,1.6975734134943359,0.0
map,52,38,1788733419.1321282,2.9450344543145235,1.7036494633895636,0.0
map,52,39,1788733419.1321282,2.969257782312198,1.7098323248098204,0.0
map,52,40,1788733419.1321282,2.9934780585520144,1.7160258673825801,0.0
map,52,41,1788733419.1321282,3.017701386549689,1.722208728802837,0.0
map,52,42,1788733419.1321282,3.0419216627895054,1.7284053231334546,0.0
map,52,43,1788733419.1321282,3.066143464908251,1.7345958139483564,0.0
map,52,44,1788733419.1321282,3.0903606893902094,1.740803089431477,0.0
map,52,45,1788733419.1321282,3.114577913872168,1.7470057872778106,0.0
map,52,46,1788733419.1321282,3.1387920865962684,1.7532283215502211,0.0
map,52,47,1788733419.1321282,3.162986422894292,1.759524098011223,0.0
map,52,48,1788733419.1321282,3.187177707434458,1.7658305556247278,0.0
map,52,49,1788733419.1321282,3.2113674660956946,1.7721431167539485,0.0
map,52,50,1788733419.1321282,3.2355587506358603,1.7784511002463823,0.0
map,52,51,1788733419.1321282,3.259746983418168,1.784769764891319,0.0
map,52,52,1788733419.1321282,3.283935216200476,1.7910884295362557,0.0
map,52,53,1788733419.1321282,3.3081219231038546,1.7974162494547663,0.0
map,52,54,1788733419.1321282,3.3323055782493753,1.803747121131135,0.0
map,52,55,1788733419.1321282,3.3564739746056063,1.810145131480379,0.0
map,52,56,1788733419.1321282,3.380642370961837,1.816538564192836,0.0
map,52,57,1788733419.1321282,3.404809241439139,1.82293657454208,0.0
map,52,58,1788733419.1321282,3.42897763779537,1.829334584891324,0.0
map,52,59,1788733419.1321282,3.453142982393743,1.835738698756284,0.0
map,52,60,1788733419.1321282,3.477308326992116,1.842144338500173,0.0
map,52,61,1788733419.1321282,3.50147214571156,1.848557607638707,0.0
map,52,62,1788733419.1321282,3.525634438552075,1.8549739285350988,0.0
map,52,63,1788733419.1321282,3.549784524361158,1.8614406034361473,0.0
map,52,64,1788733419.1321282,3.573934610170241,1.8679042265793377,0.0
map,52,65,1788733419.1321282,3.598083170100395,1.8743724273593152,0.0
map,52,66,1788733419.1321282,3.622231730030549,1.8808406281392926,0.0
map,52,67,1788733419.1321282,3.646378764081774,1.887316458313915,0.0
map,52,68,1788733419.1321282,3.6705257981329993,1.8937907626096084,0.0
map,52,69,1788733419.1321282,3.6946697804263664,1.9002742221788758,0.0
map,52,70,1788733419.1321282,3.7188046074461596,1.9067943028424388,0.0
map,52,71,1788733419.1321282,3.742937908587024,1.9133204870217178,0.0
map,52,72,1788733419.1321282,3.767072735606817,1.9198420935642098,0.0
map,52,73,1788733419.1321282,3.791204510868752,1.9263713295013467,0.0
map,52,74,1788733419.1321282,3.8153378120096164,1.9328990395595547,0.0
map,52,75,1788733419.1321282,3.8394680613926226,1.9394328531334786,0.0
map,52,76,1788733419.1321282,3.863599836654558,1.9459666667074025,0.0
map,52,77,1788733419.1321282,3.887728560158635,1.9525081096759713,0.0
map,52,78,1788733419.1321282,3.9118496542680674,1.959078544344191,0.0
map,52,79,1788733419.1321282,3.9359692224985707,1.9656550825281265,0.0
map,52,80,1788733419.1321282,3.960087264850145,1.97223467246992,0.0
map,52,81,1788733419.1321282,3.9842068330806484,1.9788142624117135,0.0
map,52,82,1788733419.1321282,4.008323349553294,1.985398429990294,0.0
map,52,83,1788733419.1321282,4.032441391904868,1.9919825975688745,0.0
map,52,84,1788733419.1321282,4.056556382498584,1.998572868663171,0.0
map,52,85,1788733419.1321282,4.080671373092301,2.0051661915153254,0.0
map,52,86,1788733419.1321282,4.104778734291372,2.0117869801882016,0.0
map,52,87,1788733419.1321282,4.128886095490444,2.0184062429821488,0.0
map,52,88,1788733419.1321282,4.152993456689515,2.025030083412883,0.0
map,52,89,1788733419.1321282,4.1770992920096575,2.031653923843617,0.0
map,52,90,1788733419.1321282,4.2012051273298,2.038283867790067,0.0
map,52,91,1788733419.1321282,4.225309436771013,2.0449122858575883,0.0
map,52,92,1788733419.1321282,4.249413746212227,2.0515468074408254,0.0
map,52,93,1788733419.1321282,4.273510426258795,2.0582042172079973,0.0
map,52,94,1788733419.1321282,4.297607106305364,2.064864678733027,0.0
map,52,95,1788733419.1321282,4.321703786351932,2.071523614379128,0.0
map,52,96,1788733419.1321282,4.345800466398501,2.078187127662016,0.0
map,52,97,1788733419.1321282,4.36989562056614,2.0848506409449037,0.0
map,52,98,1788733419.1321282,4.393989248854851,2.0915187318645785,0.0
map,52,99,1788733419.1321282,4.41808440302249,2.0981883486631823,0.0
map,52,100,1788733419.1321282,4.442176505432272,2.104862543098573,0.0
map,52,101,1788733419.1321282,4.4662640302052665,2.1115535222021826,0.0
map,52,102,1788733419.1321282,4.490351554978261,2.118249078942579,0.0
map,52,103,1788733419.1321282,4.514437553872327,2.1249446356829758,0.0
map,52,104,1788733419.1321282,4.538523552766392,2.1316432441812303,0.0
map,52,105,1788733419.1321282,4.562609551660458,2.138341852679485,0.0
map,52,106,1788733419.1321282,4.5866940246755945,2.1450450388145264,0.0
map,52,107,1788733419.1321282,4.610776971811802,2.151754328465284,0.0
map,52,108,1788733419.1321282,4.634855341311223,2.158478876905331,0.0
map,52,109,1788733419.1321282,4.6589337108106434,2.1652064771032364,0.0
map,52,110,1788733419.1321282,4.683010554431135,2.1719340773011417,0.0
map,52,111,1788733419.1321282,4.707087398051627,2.178664729256905,0.0
map,52,112,1788733419.1321282,4.7311642416721185,2.1853969070915973,0.0
map,52,113,1788733419.1321282,4.75524108529261,2.1921306108052185,0.0
map,52,114,1788733419.1321282,4.779316403034173,2.1988673662766978,0.0
map,52,115,1788733419.1321282,4.8033901948968065,2.205608699384964,0.0
map,52,116,1788733419.1321282,4.827460935001582,2.212362239524662,0.0
map,52,117,1788733419.1321282,4.851530149227429,2.219120357301147,0.0
map,52,118,1788733419.1321282,4.875599363453276,2.225876949198703,0.0
map,52,119,1788733419.1321282,4.8996670518001935,2.232636592854117,0.0
map,52,120,1788733419.1321282,4.92373626602604,2.2393977623884602,0.0
map,52,121,1788733419.1321282,4.947803954372958,2.24616350955959,0.0
map,52,122,1788733419.1321282,4.971870116840947,2.25292925673072,0.0
map,52,123,1788733419.1321282,4.9959332275510775,2.25971026269114,0.0
map,52,124,1788733419.1321282,5.019996338261208,2.266492794530489,0.0
map,52,125,1788733419.1321282,5.04405792309241,2.2732768522487667,0.0
map,52,126,1788733419.1321282,5.068119507923612,2.2800624358459736,0.0
map,52,127,1788733419.1321282,5.092179566875885,2.2868495453221094,0.0
map,52,128,1788733419.1321282,5.1162411517070865,2.293638180677174,0.0
map,52,129,1788733419.1321282,5.14029968478043,2.300431393669026,0.0
map,52,130,1788733419.1321282,5.164356691974845,2.3072352878133806,0.0
map,52,131,1788733419.1321282,5.188412173290331,2.3140422337155933,0.0
map,52,132,1788733419.1321282,5.212467654605817,2.320849179617806,0.0
map,52,133,1788733419.1321282,5.236521610042374,2.3276591772778765,0.0
map,52,134,1788733419.1321282,5.260575565478931,2.334472226695805,0.0
map,52,135,1788733419.1321282,5.284629520915487,2.3412852761137337,0.0
map,52,136,1788733419.1321282,5.308681950473115,2.3481029031684493,0.0
map,52,137,1788733419.1321282,5.332734380030743,2.354920530223165,0.0
map,52,138,1788733419.1321282,5.356783757830513,2.3617503643093123,0.0
map,52,139,1788733419.1321282,5.380831609751354,2.3685817242743887,0.0
map,52,140,1788733419.1321282,5.404879461672195,2.375414610118394,0.0
map,52,141,1788733419.1321282,5.428927313593036,2.3822490218413286,0.0
map,52,142,1788733419.1321282,5.452975165513877,2.389084959443192,0.0
map,52,143,1788733419.1321282,5.477021491555789,2.3959239488029134,0.0
map,52,144,1788733419.1321282,5.501067817597701,2.4027644640415637,0.0
map,52,145,1788733419.1321282,5.5251110918817545,2.409614134553788,0.0
map,52,146,1788733419.1321282,5.5491528402868795,2.4164668568238703,0.0
map,52,147,1788733419.1321282,5.5731945886920045,2.4233211049728816,0.0
map,52,148,1788733419.1321282,5.597236337097129,2.430175353121893,0.0
map,52,149,1788733419.1321282,5.621278085502254,2.437032653028762,0.0
map,52,150,1788733419.1321282,5.64531830802845,2.4438914788145603,0.0
map,52,151,1788733419.1321282,5.669358530554646,2.4507518304792875,0.0
map,52,152,1788733419.1321282,5.693395701322984,2.4576228632965176,0.0
map,52,153,1788733419.1321282,5.717432872091322,2.4644954219926767,0.0
map,52,154,1788733419.1321282,5.74147004285966,2.4713695065677648,0.0
map,52,155,1788733419.1321282,5.765505687749069,2.478243591142853,0.0
map,52,156,1788733419.1321282,5.789541332638478,2.485120727475799,0.0
map,52,157,1788733419.1321282,5.81358765868039,2.4919612427144493,0.0
map,52,158,1788733419.1321282,5.837624829448728,2.4988322755316794,0.0
map,52,159,1788733419.1321282,5.861658948459208,2.5057139895014124,0.0
map,52,160,1788733419.1321282,5.9075,2.537,0.9668000000000001
map,53,0,1788733420.1512747,2.0116588910897377,1.5557139753453093,0.0
map,53,1,1788733420.1512747,2.0373180711595893,1.5556758283720846,0.0
map,53,2,1788733420.1512747,2.0623180715321183,1.5556575178249368,0.0
map,53,3,1788733420.1512747,2.0873180719046474,1.555631577883144,0.0
map,53,4,1788733420.1512747,2.1123180722771764,1.5555995344256353,0.0
map,53,5,1788733420.1512747,2.1373180726497054,1.5555583356945526,0.0
map,53,6,1788733420.1512747,2.1623180730222344,1.555509507568825,0.0
map,53,7,1788733420.1512747,2.1873180733947635,1.5554499982905945,0.0
map,53,8,1788733420.1512747,2.2123180737672925,1.555378281980932,0.0
map,53,9,1788733420.1512747,2.2373180741398215,1.5552943586398378,0.0
map,53,10,1788733420.1512747,2.2623180745123506,1.5551982282673116,0.0
map,53,11,1788733420.1512747,2.2873180748848796,1.5550868391054955,0.0
map,53,12,1788733420.1512747,2.3123165493784796,1.5549617170333185,0.0
map,53,13,1788733420.1512747,2.3367382416369225,1.5603099226794193,0.0
map,53,14,1788733420.1512747,2.3611568821375073,1.565668809478023,0.0
map,53,15,1788733420.1512747,2.385590781427382,1.57096208348268,0.0
map,53,16,1788733420.1512747,2.410017051322612,1.576287400944846,0.0
map,53,17,1788733420.1512747,2.4344494247335575,1.5815806749495032,0.0
map,53,18,1788733420.1512747,2.4588726428709293,1.58691972532203,0.0
map,53,19,1788733420.1512747,2.48329738688723,1.5922526721788408,0.0
map,53,20,1788733420.1512747,2.507709923872099,1.5976420765560242,0.0
map,53,21,1788733420.1512747,2.532120934978039,1.6030375844489235,0.0
map,53,22,1788733420.1512747,2.5564342898325236,1.6088557608051524,0.0
map,53,23,1788733420.1512747,2.5807567999605823,1.6146373160670855,0.0
map,53,24,1788733420.1512747,2.605074732451854,1.6204356559972375,0.0
map,53,25,1788733420.1512747,2.6293987684588416,1.6262126336223837,0.0
map,53,26,1788733420.1512747,2.6537151750711843,1.6320140253103936,0.0
map,53,27,1788733420.1512747,2.678036159320314,1.6378062617248297,0.0
map,53,28,1788733420.1512747,2.7023479882958696,1.6436290157178455,0.0
map,53,29,1788733420.1512747,2.7266613431503544,1.6494502438319323,0.0
map,53,30,1788733420.1512747,2.750965542731265,1.6553065671613858,0.0
map,53,31,1788733420.1512747,2.7752285435810933,1.661332263051957,0.0
map,53,32,1788733420.1512747,2.7994884926730634,1.66737016597396,0.0
map,53,33,1788733420.1512747,2.8237514935228916,1.673394335985602,0.0
map,53,34,1788733420.1512747,2.8480099167359327,1.679435290665463,0.0
map,53,35,1788733420.1512747,2.872271391706832,1.685468615950679,0.0
map,53,36,1788733420.1512747,2.896528289040944,1.691523303540901,0.0
map,53,37,1788733420.1512747,2.9207836604961273,1.6975734134943359,0.0
map,53,38,1788733420.1512747,2.9450344543145235,1.7036494633895636,0.0
map,53,39,1788733420.1512747,2.969257782312198,1.7098323248098204,0.0
map,53,40,1788733420.1512747,2.9934780585520144,1.7160258673825801,0.0
map,53,41,1788733420.1512747,3.017701386549689,1.722208728802837,0.0
map,53,42,1788733420.1512747,3.0419216627895054,1.7284053231334546,0.0
map,53,43,1788733420.1512747,3.066143464908251,1.7345958139483564,0.0
map,53,44,1788733420.1512747,3.0903606893902094,1.740803089431477,0.0
map,53,45,1788733420.1512747,3.114577913872168,1.7470057872778106,0.0
map,53,46,1788733420.1512747,3.1387920865962684,1.7532283215502211,0.0
map,53,47,1788733420.1512747,3.162986422894292,1.759524098011223,0.0
map,53,48,1788733420.1512747,3.187177707434458,1.7658305556247278,0.0
map,53,49,1788733420.1512747,3.2113674660956946,1.7721431167539485,0.0
map,53,50,1788733420.1512747,3.2355587506358603,1.7784511002463823,0.0
map,53,51,1788733420.1512747,3.259746983418168,1.784769764891319,0.0
map,53,52,1788733420.1512747,3.283935216200476,1.7910884295362557,0.0
map,53,53,1788733420.1512747,3.3081219231038546,1.7974162494547663,0.0
map,53,54,1788733420.1512747,3.3323055782493753,1.803747121131135,0.0
map,53,55,1788733420.1512747,3.3564739746056063,1.810145131480379,0.0
map,53,56,1788733420.1512747,3.380642370961837,1.816538564192836,0.0
map,53,57,1788733420.1512747,3.404809241439139,1.82293657454208,0.0
map,53,58,1788733420.1512747,3.42897763779537,1.829334584891324,0.0
map,53,59,1788733420.1512747,3.453142982393743,1.835738698756284,0.0
map,53,60,1788733420.1512747,3.477308326992116,1.842144338500173,0.0
map,53,61,1788733420.1512747,3.50147214571156,1.848557607638707,0.0
map,53,62,1788733420.1512747,3.525634438552075,1.8549739285350988,0.0
map,53,63,1788733420.1512747,3.549784524361158,1.8614406034361473,0.0
map,53,64,1788733420.1512747,3.573934610170241,1.8679042265793377,0.0
map,53,65,1788733420.1512747,3.598083170100395,1.8743724273593152,0.0
map,53,66,1788733420.1512747,3.622231730030549,1.8808406281392926,0.0
map,53,67,1788733420.1512747,3.646378764081774,1.887316458313915,0.0
map,53,68,1788733420.1512747,3.6705257981329993,1.8937907626096084,0.0
map,53,69,1788733420.1512747,3.6946697804263664,1.9002742221788758,0.0
map,53,70,1788733420.1512747,3.7188046074461596,1.9067943028424388,0.0
map,53,71,1788733420.1512747,3.742937908587024,1.9133204870217178,0.0
map,53,72,1788733420.1512747,3.767072735606817,1.9198420935642098,0.0
map,53,73,1788733420.1512747,3.791204510868752,1.9263713295013467,0.0
map,53,74,1788733420.1512747,3.8153378120096164,1.9328990395595547,0.0
map,53,75,1788733420.1512747,3.8394680613926226,1.9394328531334786,0.0
map,53,76,1788733420.1512747,3.863599836654558,1.9459666667074025,0.0
map,53,77,1788733420.1512747,3.887728560158635,1.9525081096759713,0.0
map,53,78,1788733420.1512747,3.9118496542680674,1.959078544344191,0.0
map,53,79,1788733420.1512747,3.9359692224985707,1.9656550825281265,0.0
map,53,80,1788733420.1512747,3.960087264850145,1.97223467246992,0.0
map,53,81,1788733420.1512747,3.9842068330806484,1.9788142624117135,0.0
map,53,82,1788733420.1512747,4.008323349553294,1.985398429990294,0.0
map,53,83,1788733420.1512747,4.032441391904868,1.9919825975688745,0.0
map,53,84,1788733420.1512747,4.056556382498584,1.998572868663171,0.0
map,53,85,1788733420.1512747,4.080671373092301,2.0051661915153254,0.0
map,53,86,1788733420.1512747,4.104778734291372,2.0117869801882016,0.0
map,53,87,1788733420.1512747,4.128886095490444,2.0184062429821488,0.0
map,53,88,1788733420.1512747,4.152993456689515,2.025030083412883,0.0
map,53,89,1788733420.1512747,4.1770992920096575,2.031653923843617,0.0
map,53,90,1788733420.1512747,4.2012051273298,2.038283867790067,0.0
map,53,91,1788733420.1512747,4.225309436771013,2.0449122858575883,0.0
map,53,92,1788733420.1512747,4.249413746212227,2.0515468074408254,0.0
map,53,93,1788733420.1512747,4.273510426258795,2.0582042172079973,0.0
map,53,94,1788733420.1512747,4.297607106305364,2.064864678733027,0.0
map,53,95,1788733420.1512747,4.321703786351932,2.071523614379128,0.0
map,53,96,1788733420.1512747,4.345800466398501,2.078187127662016,0.0
map,53,97,1788733420.1512747,4.36989562056614,2.0848506409449037,0.0
map,53,98,1788733420.1512747,4.393989248854851,2.0915187318645785,0.0
map,53,99,1788733420.1512747,4.41808440302249,2.0981883486631823,0.0
map,53,100,1788733420.1512747,4.442176505432272,2.104862543098573,0.0
map,53,101,1788733420.1512747,4.4662640302052665,2.1115535222021826,0.0
map,53,102,1788733420.1512747,4.490351554978261,2.118249078942579,0.0
map,53,103,1788733420.1512747,4.514437553872327,2.1249446356829758,0.0
map,53,104,1788733420.1512747,4.538523552766392,2.1316432441812303,0.0
map,53,105,1788733420.1512747,4.562609551660458,2.138341852679485,0.0
map,53,106,1788733420.1512747,4.5866940246755945,2.1450450388145264,0.0
map,53,107,1788733420.1512747,4.610776971811802,2.151754328465284,0.0
map,53,108,1788733420.1512747,4.634855341311223,2.158478876905331,0.0
map,53,109,1788733420.1512747,4.6589337108106434,2.1652064771032364,0.0
map,53,110,1788733420.1512747,4.683010554431135,2.1719340773011417,0.0
map,53,111,1788733420.1512747,4.707087398051627,2.178664729256905,0.0
map,53,112,1788733420.1512747,4.7311642416721185,2.1853969070915973,0.0
map,53,113,1788733420.1512747,4.75524108529261,2.1921306108052185,0.0
map,53,114,1788733420.1512747,4.779316403034173,2.1988673662766978,0.0
map,53,115,1788733420.1512747,4.8033901948968065,2.205608699384964,0.0
map,53,116,1788733420.1512747,4.827460935001582,2.212362239524662,0.0
map,53,117,1788733420.1512747,4.851530149227429,2.219120357301147,0.0
map,53,118,1788733420.1512747,4.875599363453276,2.225876949198703,0.0
map,53,119,1788733420.1512747,4.8996670518001935,2.232636592854117,0.0
map,53,120,1788733420.1512747,4.92373626602604,2.2393977623884602,0.0
map,53,121,1788733420.1512747,4.947803954372958,2.24616350955959,0.0
map,53,122,1788733420.1512747,4.971870116840947,2.25292925673072,0.0
map,53,123,1788733420.1512747,4.9959332275510775,2.25971026269114,0.0
map,53,124,1788733420.1512747,5.019996338261208,2.266492794530489,0.0
map,53,125,1788733420.1512747,5.04405792309241,2.2732768522487667,0.0
map,53,126,1788733420.1512747,5.068119507923612,2.2800624358459736,0.0
map,53,127,1788733420.1512747,5.092179566875885,2.2868495453221094,0.0
map,53,128,1788733420.1512747,5.1162411517070865,2.293638180677174,0.0
map,53,129,1788733420.1512747,5.14029968478043,2.300431393669026,0.0
map,53,130,1788733420.1512747,5.164356691974845,2.3072352878133806,0.0
map,53,131,1788733420.1512747,5.188412173290331,2.3140422337155933,0.0
map,53,132,1788733420.1512747,5.212467654605817,2.320849179617806,0.0
map,53,133,1788733420.1512747,5.236521610042374,2.3276591772778765,0.0
map,53,134,1788733420.1512747,5.260575565478931,2.334472226695805,0.0
map,53,135,1788733420.1512747,5.284629520915487,2.3412852761137337,0.0
map,53,136,1788733420.1512747,5.308681950473115,2.3481029031684493,0.0
map,53,137,1788733420.1512747,5.332734380030743,2.354920530223165,0.0
map,53,138,1788733420.1512747,5.356783757830513,2.3617503643093123,0.0
map,53,139,1788733420.1512747,5.380831609751354,2.3685817242743887,0.0
map,53,140,1788733420.1512747,5.404879461672195,2.375414610118394,0.0
map,53,141,1788733420.1512747,5.428927313593036,2.3822490218413286,0.0
map,53,142,1788733420.1512747,5.452975165513877,2.389084959443192,0.0
map,53,143,1788733420.1512747,5.477021491555789,2.3959239488029134,0.0
map,53,144,1788733420.1512747,5.501067817597701,2.4027644640415637,0.0
map,53,145,1788733420.1512747,5.5251110918817545,2.409614134553788,0.0
map,53,146,1788733420.1512747,5.5491528402868795,2.4164668568238703,0.0
map,53,147,1788733420.1512747,5.5731945886920045,2.4233211049728816,0.0
map,53,148,1788733420.1512747,5.597236337097129,2.430175353121893,0.0
map,53,149,1788733420.1512747,5.621278085502254,2.437032653028762,0.0
map,53,150,1788733420.1512747,5.64531830802845,2.4438914788145603,0.0
map,53,151,1788733420.1512747,5.669358530554646,2.4507518304792875,0.0
map,53,152,1788733420.1512747,5.693395701322984,2.4576228632965176,0.0
map,53,153,1788733420.1512747,5.717432872091322,2.4644954219926767,0.0
map,53,154,1788733420.1512747,5.74147004285966,2.4713695065677648,0.0
map,53,155,1788733420.1512747,5.765505687749069,2.478243591142853,0.0
map,53,156,1788733420.1512747,5.789541332638478,2.485120727475799,0.0
map,53,157,1788733420.1512747,5.81358765868039,2.4919612427144493,0.0
map,53,158,1788733420.1512747,5.837624829448728,2.4988322755316794,0.0
map,53,159,1788733420.1512747,5.861658948459208,2.5057139895014124,0.0
map,53,160,1788733420.1512747,5.9075,2.537,0.9668000000000001
map,54,0,1788733421.1827652,2.0116588910897377,1.5557139753453093,0.0
map,54,1,1788733421.1827652,2.0373180711595893,1.5556758283720846,0.0
map,54,2,1788733421.1827652,2.0623180715321183,1.5556575178249368,0.0
map,54,3,1788733421.1827652,2.0873180719046474,1.555631577883144,0.0
map,54,4,1788733421.1827652,2.1123180722771764,1.5555995344256353,0.0
map,54,5,1788733421.1827652,2.1373180726497054,1.5555583356945526,0.0
map,54,6,1788733421.1827652,2.1623180730222344,1.555509507568825,0.0
map,54,7,1788733421.1827652,2.1873180733947635,1.5554499982905945,0.0
map,54,8,1788733421.1827652,2.2123180737672925,1.555378281980932,0.0
map,54,9,1788733421.1827652,2.2373180741398215,1.5552943586398378,0.0
map,54,10,1788733421.1827652,2.2623180745123506,1.5551982282673116,0.0
map,54,11,1788733421.1827652,2.2873180748848796,1.5550868391054955,0.0
map,54,12,1788733421.1827652,2.3123165493784796,1.5549617170333185,0.0
map,54,13,1788733421.1827652,2.3367382416369225,1.5603099226794193,0.0
map,54,14,1788733421.1827652,2.3611568821375073,1.565668809478023,0.0
map,54,15,1788733421.1827652,2.385590781427382,1.57096208348268,0.0
map,54,16,1788733421.1827652,2.410017051322612,1.576287400944846,0.0
map,54,17,1788733421.1827652,2.4344494247335575,1.5815806749495032,0.0
map,54,18,1788733421.1827652,2.4588726428709293,1.58691972532203,0.0
map,54,19,1788733421.1827652,2.48329738688723,1.5922526721788408,0.0
map,54,20,1788733421.1827652,2.507709923872099,1.5976420765560242,0.0
map,54,21,1788733421.1827652,2.532120934978039,1.6030375844489235,0.0
map,54,22,1788733421.1827652,2.5564342898325236,1.6088557608051524,0.0
map,54,23,1788733421.1827652,2.5807567999605823,1.6146373160670855,0.0
map,54,24,1788733421.1827652,2.605074732451854,1.6204356559972375,0.0
map,54,25,1788733421.1827652,2.6293987684588416,1.6262126336223837,0.0
map,54,26,1788733421.1827652,2.6537151750711843,1.6320140253103936,0.0
map,54,27,1788733421.1827652,2.678036159320314,1.6378062617248297,0.0
map,54,28,1788733421.1827652,2.7023479882958696,1.6436290157178455,0.0
map,54,29,1788733421.1827652,2.7266613431503544,1.6494502438319323,0.0
map,54,30,1788733421.1827652,2.750965542731265,1.6553065671613858,0.0
map,54,31,1788733421.1827652,2.7752285435810933,1.661332263051957,0.0
map,54,32,1788733421.1827652,2.7994884926730634,1.66737016597396,0.0
map,54,33,1788733421.1827652,2.8237514935228916,1.673394335985602,0.0
map,54,34,1788733421.1827652,2.8480099167359327,1.679435290665463,0.0
map,54,35,1788733421.1827652,2.872271391706832,1.685468615950679,0.0
map,54,36,1788733421.1827652,2.896528289040944,1.691523303540901,0.0
map,54,37,1788733421.1827652,2.9207836604961273,1.6975734134943359,0.0
map,54,38,1788733421.1827652,2.9450344543145235,1.7036494633895636,0.0
map,54,39,1788733421.1827652,2.969257782312198,1.7098323248098204,0.0
map,54,40,1788733421.1827652,2.9934780585520144,1.7160258673825801,0.0
map,54,41,1788733421.1827652,3.017701386549689,1.722208728802837,0.0
map,54,42,1788733421.1827652,3.0419216627895054,1.7284053231334546,0.0
map,54,43,1788733421.1827652,3.066143464908251,1.7345958139483564,0.0
map,54,44,1788733421.1827652,3.0903606893902094,1.740803089431477,0.0
map,54,45,1788733421.1827652,3.114577913872168,1.7470057872778106,0.0
map,54,46,1788733421.1827652,3.1387920865962684,1.7532283215502211,0.0
map,54,47,1788733421.1827652,3.162986422894292,1.759524098011223,0.0
map,54,48,1788733421.1827652,3.187177707434458,1.7658305556247278,0.0
map,54,49,1788733421.1827652,3.2113674660956946,1.7721431167539485,0.0
map,54,50,1788733421.1827652,3.2355587506358603,1.7784511002463823,0.0
map,54,51,1788733421.1827652,3.259746983418168,1.784769764891319,0.0
map,54,52,1788733421.1827652,3.283935216200476,1.7910884295362557,0.0
map,54,53,1788733421.1827652,3.3081219231038546,1.7974162494547663,0.0
map,54,54,1788733421.1827652,3.3323055782493753,1.803747121131135,0.0
map,54,55,1788733421.1827652,3.3564739746056063,1.810145131480379,0.0
map,54,56,1788733421.1827652,3.380642370961837,1.816538564192836,0.0
map,54,57,1788733421.1827652,3.404809241439139,1.82293657454208,0.0
map,54,58,1788733421.1827652,3.42897763779537,1.829334584891324,0.0
map,54,59,1788733421.1827652,3.453142982393743,1.835738698756284,0.0
map,54,60,1788733421.1827652,3.477308326992116,1.842144338500173,0.0
map,54,61,1788733421.1827652,3.50147214571156,1.848557607638707,0.0
map,54,62,1788733421.1827652,3.525634438552075,1.8549739285350988,0.0
map,54,63,1788733421.1827652,3.549784524361158,1.8614406034361473,0.0
map,54,64,1788733421.1827652,3.573934610170241,1.8679042265793377,0.0
map,54,65,1788733421.1827652,3.598083170100395,1.8743724273593152,0.0
map,54,66,1788733421.1827652,3.622231730030549,1.8808406281392926,0.0
map,54,67,1788733421.1827652,3.646378764081774,1.887316458313915,0.0
map,54,68,1788733421.1827652,3.6705257981329993,1.8937907626096084,0.0
map,54,69,1788733421.1827652,3.6946697804263664,1.9002742221788758,0.0
map,54,70,1788733421.1827652,3.7188046074461596,1.9067943028424388,0.0
map,54,71,1788733421.1827652,3.742937908587024,1.9133204870217178,0.0
map,54,72,1788733421.1827652,3.767072735606817,1.9198420935642098,0.0
map,54,73,1788733421.1827652,3.791204510868752,1.9263713295013467,0.0
map,54,74,1788733421.1827652,3.8153378120096164,1.9328990395595547,0.0
map,54,75,1788733421.1827652,3.8394680613926226,1.9394328531334786,0.0
map,54,76,1788733421.1827652,3.863599836654558,1.9459666667074025,0.0
map,54,77,1788733421.1827652,3.887728560158635,1.9525081096759713,0.0
map,54,78,1788733421.1827652,3.9118496542680674,1.959078544344191,0.0
map,54,79,1788733421.1827652,3.9359692224985707,1.9656550825281265,0.0
map,54,80,1788733421.1827652,3.960087264850145,1.97223467246992,0.0
map,54,81,1788733421.1827652,3.9842068330806484,1.9788142624117135,0.0
map,54,82,1788733421.1827652,4.008323349553294,1.985398429990294,0.0
map,54,83,1788733421.1827652,4.032441391904868,1.9919825975688745,0.0
map,54,84,1788733421.1827652,4.056556382498584,1.998572868663171,0.0
map,54,85,1788733421.1827652,4.080671373092301,2.0051661915153254,0.0
map,54,86,1788733421.1827652,4.104778734291372,2.0117869801882016,0.0
map,54,87,1788733421.1827652,4.128886095490444,2.0184062429821488,0.0
map,54,88,1788733421.1827652,4.152993456689515,2.025030083412883,0.0
map,54,89,1788733421.1827652,4.1770992920096575,2.031653923843617,0.0
map,54,90,1788733421.1827652,4.2012051273298,2.038283867790067,0.0
map,54,91,1788733421.1827652,4.225309436771013,2.0449122858575883,0.0
map,54,92,1788733421.1827652,4.249413746212227,2.0515468074408254,0.0
map,54,93,1788733421.1827652,4.273510426258795,2.0582042172079973,0.0
map,54,94,1788733421.1827652,4.297607106305364,2.064864678733027,0.0
map,54,95,1788733421.1827652,4.321703786351932,2.071523614379128,0.0
map,54,96,1788733421.1827652,4.345800466398501,2.078187127662016,0.0
map,54,97,1788733421.1827652,4.36989562056614,2.0848506409449037,0.0
map,54,98,1788733421.1827652,4.393989248854851,2.0915187318645785,0.0
map,54,99,1788733421.1827652,4.41808440302249,2.0981883486631823,0.0
map,54,100,1788733421.1827652,4.442176505432272,2.104862543098573,0.0
map,54,101,1788733421.1827652,4.4662640302052665,2.1115535222021826,0.0
map,54,102,1788733421.1827652,4.490351554978261,2.118249078942579,0.0
map,54,103,1788733421.1827652,4.514437553872327,2.1249446356829758,0.0
map,54,104,1788733421.1827652,4.538523552766392,2.1316432441812303,0.0
map,54,105,1788733421.1827652,4.562609551660458,2.138341852679485,0.0
map,54,106,1788733421.1827652,4.5866940246755945,2.1450450388145264,0.0
map,54,107,1788733421.1827652,4.610776971811802,2.151754328465284,0.0
map,54,108,1788733421.1827652,4.634855341311223,2.158478876905331,0.0
map,54,109,1788733421.1827652,4.6589337108106434,2.1652064771032364,0.0
map,54,110,1788733421.1827652,4.683010554431135,2.1719340773011417,0.0
map,54,111,1788733421.1827652,4.707087398051627,2.178664729256905,0.0
map,54,112,1788733421.1827652,4.7311642416721185,2.1853969070915973,0.0
map,54,113,1788733421.1827652,4.75524108529261,2.1921306108052185,0.0
map,54,114,1788733421.1827652,4.779316403034173,2.1988673662766978,0.0
map,54,115,1788733421.1827652,4.8033901948968065,2.205608699384964,0.0
map,54,116,1788733421.1827652,4.827460935001582,2.212362239524662,0.0
map,54,117,1788733421.1827652,4.851530149227429,2.219120357301147,0.0
map,54,118,1788733421.1827652,4.875599363453276,2.225876949198703,0.0
map,54,119,1788733421.1827652,4.8996670518001935,2.232636592854117,0.0
map,54,120,1788733421.1827652,4.92373626602604,2.2393977623884602,0.0
map,54,121,1788733421.1827652,4.947803954372958,2.24616350955959,0.0
map,54,122,1788733421.1827652,4.971870116840947,2.25292925673072,0.0
map,54,123,1788733421.1827652,4.9959332275510775,2.25971026269114,0.0
map,54,124,1788733421.1827652,5.019996338261208,2.266492794530489,0.0
map,54,125,1788733421.1827652,5.04405792309241,2.2732768522487667,0.0
map,54,126,1788733421.1827652,5.068119507923612,2.2800624358459736,0.0
map,54,127,1788733421.1827652,5.092179566875885,2.2868495453221094,0.0
map,54,128,1788733421.1827652,5.1162411517070865,2.293638180677174,0.0
map,54,129,1788733421.1827652,5.14029968478043,2.300431393669026,0.0
map,54,130,1788733421.1827652,5.164356691974845,2.3072352878133806,0.0
map,54,131,1788733421.1827652,5.188412173290331,2.3140422337155933,0.0
map,54,132,1788733421.1827652,5.212467654605817,2.320849179617806,0.0
map,54,133,1788733421.1827652,5.236521610042374,2.3276591772778765,0.0
map,54,134,1788733421.1827652,5.260575565478931,2.334472226695805,0.0
map,54,135,1788733421.1827652,5.284629520915487,2.3412852761137337,0.0
map,54,136,1788733421.1827652,5.308681950473115,2.3481029031684493,0.0
map,54,137,1788733421.1827652,5.332734380030743,2.354920530223165,0.0
map,54,138,1788733421.1827652,5.356783757830513,2.3617503643093123,0.0
map,54,139,1788733421.1827652,5.380831609751354,2.3685817242743887,0.0
map,54,140,1788733421.1827652,5.404879461672195,2.375414610118394,0.0
map,54,141,1788733421.1827652,5.428927313593036,2.3822490218413286,0.0
map,54,142,1788733421.1827652,5.452975165513877,2.389084959443192,0.0
map,54,143,1788733421.1827652,5.477021491555789,2.3959239488029134,0.0
map,54,144,1788733421.1827652,5.501067817597701,2.4027644640415637,0.0
map,54,145,1788733421.1827652,5.5251110918817545,2.409614134553788,0.0
map,54,146,1788733421.1827652,5.5491528402868795,2.4164668568238703,0.0
map,54,147,1788733421.1827652,5.5731945886920045,2.4233211049728816,0.0
map,54,148,1788733421.1827652,5.597236337097129,2.430175353121893,0.0
map,54,149,1788733421.1827652,5.621278085502254,2.437032653028762,0.0
map,54,150,1788733421.1827652,5.64531830802845,2.4438914788145603,0.0
map,54,151,1788733421.1827652,5.669358530554646,2.4507518304792875,0.0
map,54,152,1788733421.1827652,5.693395701322984,2.4576228632965176,0.0
map,54,153,1788733421.1827652,5.717432872091322,2.4644954219926767,0.0
map,54,154,1788733421.1827652,5.74147004285966,2.4713695065677648,0.0
map,54,155,1788733421.1827652,5.765505687749069,2.478243591142853,0.0
map,54,156,1788733421.1827652,5.789541332638478,2.485120727475799,0.0
map,54,157,1788733421.1827652,5.81358765868039,2.4919612427144493,0.0
map,54,158,1788733421.1827652,5.837624829448728,2.4988322755316794,0.0
map,54,159,1788733421.1827652,5.861658948459208,2.5057139895014124,0.0
map,54,160,1788733421.1827652,5.9075,2.537,0.9668000000000001
map,55,0,1788733422.2122576,2.0116588910897377,1.5557139753453093,0.0
map,55,1,1788733422.2122576,2.0373180711595893,1.5556758283720846,0.0
map,55,2,1788733422.2122576,2.0623180715321183,1.5556575178249368,0.0
map,55,3,1788733422.2122576,2.0873180719046474,1.555631577883144,0.0
map,55,4,1788733422.2122576,2.1123180722771764,1.5555995344256353,0.0
map,55,5,1788733422.2122576,2.1373180726497054,1.5555583356945526,0.0
map,55,6,1788733422.2122576,2.1623180730222344,1.555509507568825,0.0
map,55,7,1788733422.2122576,2.1873180733947635,1.5554499982905945,0.0
map,55,8,1788733422.2122576,2.2123180737672925,1.555378281980932,0.0
map,55,9,1788733422.2122576,2.2373180741398215,1.5552943586398378,0.0
map,55,10,1788733422.2122576,2.2623180745123506,1.5551982282673116,0.0
map,55,11,1788733422.2122576,2.2873180748848796,1.5550868391054955,0.0
map,55,12,1788733422.2122576,2.3123165493784796,1.5549617170333185,0.0
map,55,13,1788733422.2122576,2.3367382416369225,1.5603099226794193,0.0
map,55,14,1788733422.2122576,2.3611568821375073,1.565668809478023,0.0
map,55,15,1788733422.2122576,2.385590781427382,1.57096208348268,0.0
map,55,16,1788733422.2122576,2.410017051322612,1.576287400944846,0.0
map,55,17,1788733422.2122576,2.4344494247335575,1.5815806749495032,0.0
map,55,18,1788733422.2122576,2.4588726428709293,1.58691972532203,0.0
map,55,19,1788733422.2122576,2.48329738688723,1.5922526721788408,0.0
map,55,20,1788733422.2122576,2.507709923872099,1.5976420765560242,0.0
map,55,21,1788733422.2122576,2.532120934978039,1.6030375844489235,0.0
map,55,22,1788733422.2122576,2.5564342898325236,1.6088557608051524,0.0
map,55,23,1788733422.2122576,2.5807567999605823,1.6146373160670855,0.0
map,55,24,1788733422.2122576,2.605074732451854,1.6204356559972375,0.0
map,55,25,1788733422.2122576,2.6293987684588416,1.6262126336223837,0.0
map,55,26,1788733422.2122576,2.6537151750711843,1.6320140253103936,0.0
map,55,27,1788733422.2122576,2.678036159320314,1.6378062617248297,0.0
map,55,28,1788733422.2122576,2.7023479882958696,1.6436290157178455,0.0
map,55,29,1788733422.2122576,2.7266613431503544,1.6494502438319323,0.0
map,55,30,1788733422.2122576,2.750965542731265,1.6553065671613858,0.0
map,55,31,1788733422.2122576,2.7752285435810933,1.661332263051957,0.0
map,55,32,1788733422.2122576,2.7994884926730634,1.66737016597396,0.0
map,55,33,1788733422.2122576,2.8237514935228916,1.673394335985602,0.0
map,55,34,1788733422.2122576,2.8480099167359327,1.679435290665463,0.0
map,55,35,1788733422.2122576,2.872271391706832,1.685468615950679,0.0
map,55,36,1788733422.2122576,2.896528289040944,1.691523303540901,0.0
map,55,37,1788733422.2122576,2.9207836604961273,1.6975734134943359,0.0
map,55,38,1788733422.2122576,2.9450344543145235,1.7036494633895636,0.0
map,55,39,1788733422.2122576,2.969257782312198,1.7098323248098204,0.0
map,55,40,1788733422.2122576,2.9934780585520144,1.7160258673825801,0.0
map,55,41,1788733422.2122576,3.017701386549689,1.722208728802837,0.0
map,55,42,1788733422.2122576,3.0419216627895054,1.7284053231334546,0.0
map,55,43,1788733422.2122576,3.066143464908251,1.7345958139483564,0.0
map,55,44,1788733422.2122576,3.0903606893902094,1.740803089431477,0.0
map,55,45,1788733422.2122576,3.114577913872168,1.7470057872778106,0.0
map,55,46,1788733422.2122576,3.1387920865962684,1.7532283215502211,0.0
map,55,47,1788733422.2122576,3.162986422894292,1.759524098011223,0.0
map,55,48,1788733422.2122576,3.187177707434458,1.7658305556247278,0.0
map,55,49,1788733422.2122576,3.2113674660956946,1.7721431167539485,0.0
map,55,50,1788733422.2122576,3.2355587506358603,1.7784511002463823,0.0
map,55,51,1788733422.2122576,3.259746983418168,1.784769764891319,0.0
map,55,52,1788733422.2122576,3.283935216200476,1.7910884295362557,0.0
map,55,53,1788733422.2122576,3.3081219231038546,1.7974162494547663,0.0
map,55,54,1788733422.2122576,3.3323055782493753,1.803747121131135,0.0
map,55,55,1788733422.2122576,3.3564739746056063,1.810145131480379,0.0
map,55,56,1788733422.2122576,3.380642370961837,1.816538564192836,0.0
map,55,57,1788733422.2122576,3.404809241439139,1.82293657454208,0.0
map,55,58,1788733422.2122576,3.42897763779537,1.829334584891324,0.0
map,55,59,1788733422.2122576,3.453142982393743,1.835738698756284,0.0
map,55,60,1788733422.2122576,3.477308326992116,1.842144338500173,0.0
map,55,61,1788733422.2122576,3.50147214571156,1.848557607638707,0.0
map,55,62,1788733422.2122576,3.525634438552075,1.8549739285350988,0.0
map,55,63,1788733422.2122576,3.549784524361158,1.8614406034361473,0.0
map,55,64,1788733422.2122576,3.573934610170241,1.8679042265793377,0.0
map,55,65,1788733422.2122576,3.598083170100395,1.8743724273593152,0.0
map,55,66,1788733422.2122576,3.622231730030549,1.8808406281392926,0.0
map,55,67,1788733422.2122576,3.646378764081774,1.887316458313915,0.0
map,55,68,1788733422.2122576,3.6705257981329993,1.8937907626096084,0.0
map,55,69,1788733422.2122576,3.6946697804263664,1.9002742221788758,0.0
map,55,70,1788733422.2122576,3.7188046074461596,1.9067943028424388,0.0
map,55,71,1788733422.2122576,3.742937908587024,1.9133204870217178,0.0
map,55,72,1788733422.2122576,3.767072735606817,1.9198420935642098,0.0
map,55,73,1788733422.2122576,3.791204510868752,1.9263713295013467,0.0
map,55,74,1788733422.2122576,3.8153378120096164,1.9328990395595547,0.0
map,55,75,1788733422.2122576,3.8394680613926226,1.9394328531334786,0.0
map,55,76,1788733422.2122576,3.863599836654558,1.9459666667074025,0.0
map,55,77,1788733422.2122576,3.887728560158635,1.9525081096759713,0.0
map,55,78,1788733422.2122576,3.9118496542680674,1.959078544344191,0.0
map,55,79,1788733422.2122576,3.9359692224985707,1.9656550825281265,0.0
map,55,80,1788733422.2122576,3.960087264850145,1.97223467246992,0.0
map,55,81,1788733422.2122576,3.9842068330806484,1.9788142624117135,0.0
map,55,82,1788733422.2122576,4.008323349553294,1.985398429990294,0.0
map,55,83,1788733422.2122576,4.032441391904868,1.9919825975688745,0.0
map,55,84,1788733422.2122576,4.056556382498584,1.998572868663171,0.0
map,55,85,1788733422.2122576,4.080671373092301,2.0051661915153254,0.0
map,55,86,1788733422.2122576,4.104778734291372,2.0117869801882016,0.0
map,55,87,1788733422.2122576,4.128886095490444,2.0184062429821488,0.0
map,55,88,1788733422.2122576,4.152993456689515,2.025030083412883,0.0
map,55,89,1788733422.2122576,4.1770992920096575,2.031653923843617,0.0
map,55,90,1788733422.2122576,4.2012051273298,2.038283867790067,0.0
map,55,91,1788733422.2122576,4.225309436771013,2.0449122858575883,0.0
map,55,92,1788733422.2122576,4.249413746212227,2.0515468074408254,0.0
map,55,93,1788733422.2122576,4.273510426258795,2.0582042172079973,0.0
map,55,94,1788733422.2122576,4.297607106305364,2.064864678733027,0.0
map,55,95,1788733422.2122576,4.321703786351932,2.071523614379128,0.0
map,55,96,1788733422.2122576,4.345800466398501,2.078187127662016,0.0
map,55,97,1788733422.2122576,4.36989562056614,2.0848506409449037,0.0
map,55,98,1788733422.2122576,4.393989248854851,2.0915187318645785,0.0
map,55,99,1788733422.2122576,4.41808440302249,2.0981883486631823,0.0
map,55,100,1788733422.2122576,4.442176505432272,2.104862543098573,0.0
map,55,101,1788733422.2122576,4.4662640302052665,2.1115535222021826,0.0
map,55,102,1788733422.2122576,4.490351554978261,2.118249078942579,0.0
map,55,103,1788733422.2122576,4.514437553872327,2.1249446356829758,0.0
map,55,104,1788733422.2122576,4.538523552766392,2.1316432441812303,0.0
map,55,105,1788733422.2122576,4.562609551660458,2.138341852679485,0.0
map,55,106,1788733422.2122576,4.5866940246755945,2.1450450388145264,0.0
map,55,107,1788733422.2122576,4.610776971811802,2.151754328465284,0.0
map,55,108,1788733422.2122576,4.634855341311223,2.158478876905331,0.0
map,55,109,1788733422.2122576,4.6589337108106434,2.1652064771032364,0.0
map,55,110,1788733422.2122576,4.683010554431135,2.1719340773011417,0.0
map,55,111,1788733422.2122576,4.707087398051627,2.178664729256905,0.0
map,55,112,1788733422.2122576,4.7311642416721185,2.1853969070915973,0.0
map,55,113,1788733422.2122576,4.75524108529261,2.1921306108052185,0.0
map,55,114,1788733422.2122576,4.779316403034173,2.1988673662766978,0.0
map,55,115,1788733422.2122576,4.8033901948968065,2.205608699384964,0.0
map,55,116,1788733422.2122576,4.827460935001582,2.212362239524662,0.0
map,55,117,1788733422.2122576,4.851530149227429,2.219120357301147,0.0
map,55,118,1788733422.2122576,4.875599363453276,2.225876949198703,0.0
map,55,119,1788733422.2122576,4.8996670518001935,2.232636592854117,0.0
map,55,120,1788733422.2122576,4.92373626602604,2.2393977623884602,0.0
map,55,121,1788733422.2122576,4.947803954372958,2.24616350955959,0.0
map,55,122,1788733422.2122576,4.971870116840947,2.25292925673072,0.0
map,55,123,1788733422.2122576,4.9959332275510775,2.25971026269114,0.0
map,55,124,1788733422.2122576,5.019996338261208,2.266492794530489,0.0
map,55,125,1788733422.2122576,5.04405792309241,2.2732768522487667,0.0
map,55,126,1788733422.2122576,5.068119507923612,2.2800624358459736,0.0
map,55,127,1788733422.2122576,5.092179566875885,2.2868495453221094,0.0
map,55,128,1788733422.2122576,5.1162411517070865,2.293638180677174,0.0
map,55,129,1788733422.2122576,5.14029968478043,2.300431393669026,0.0
map,55,130,1788733422.2122576,5.164356691974845,2.3072352878133806,0.0
map,55,131,1788733422.2122576,5.188412173290331,2.3140422337155933,0.0
map,55,132,1788733422.2122576,5.212467654605817,2.320849179617806,0.0
map,55,133,1788733422.2122576,5.236521610042374,2.3276591772778765,0.0
map,55,134,1788733422.2122576,5.260575565478931,2.334472226695805,0.0
map,55,135,1788733422.2122576,5.284629520915487,2.3412852761137337,0.0
map,55,136,1788733422.2122576,5.308681950473115,2.3481029031684493,0.0
map,55,137,1788733422.2122576,5.332734380030743,2.354920530223165,0.0
map,55,138,1788733422.2122576,5.356783757830513,2.3617503643093123,0.0
map,55,139,1788733422.2122576,5.380831609751354,2.3685817242743887,0.0
map,55,140,1788733422.2122576,5.404879461672195,2.375414610118394,0.0
map,55,141,1788733422.2122576,5.428927313593036,2.3822490218413286,0.0
map,55,142,1788733422.2122576,5.452975165513877,2.389084959443192,0.0
map,55,143,1788733422.2122576,5.477021491555789,2.3959239488029134,0.0
map,55,144,1788733422.2122576,5.501067817597701,2.4027644640415637,0.0
map,55,145,1788733422.2122576,5.5251110918817545,2.409614134553788,0.0
map,55,146,1788733422.2122576,5.5491528402868795,2.4164668568238703,0.0
map,55,147,1788733422.2122576,5.5731945886920045,2.4233211049728816,0.0
map,55,148,1788733422.2122576,5.597236337097129,2.430175353121893,0.0
map,55,149,1788733422.2122576,5.621278085502254,2.437032653028762,0.0
map,55,150,1788733422.2122576,5.64531830802845,2.4438914788145603,0.0
map,55,151,1788733422.2122576,5.669358530554646,2.4507518304792875,0.0
map,55,152,1788733422.2122576,5.693395701322984,2.4576228632965176,0.0
map,55,153,1788733422.2122576,5.717432872091322,2.4644954219926767,0.0
map,55,154,1788733422.2122576,5.74147004285966,2.4713695065677648,0.0
map,55,155,1788733422.2122576,5.765505687749069,2.478243591142853,0.0
map,55,156,1788733422.2122576,5.789541332638478,2.485120727475799,0.0
map,55,157,1788733422.2122576,5.81358765868039,2.4919612427144493,0.0
map,55,158,1788733422.2122576,5.837624829448728,2.4988322755316794,0.0
map,55,159,1788733422.2122576,5.861658948459208,2.5057139895014124,0.0
map,55,160,1788733422.2122576,5.9075,2.537,0.9668000000000001
map,56,0,1788733423.2453163,2.0116588910897377,1.5557139753453093,0.0
map,56,1,1788733423.2453163,2.0373180711595893,1.5556758283720846,0.0
map,56,2,1788733423.2453163,2.0623180715321183,1.5556575178249368,0.0
map,56,3,1788733423.2453163,2.0873180719046474,1.555631577883144,0.0
map,56,4,1788733423.2453163,2.1123180722771764,1.5555995344256353,0.0
map,56,5,1788733423.2453163,2.1373180726497054,1.5555583356945526,0.0
map,56,6,1788733423.2453163,2.1623180730222344,1.555509507568825,0.0
map,56,7,1788733423.2453163,2.1873180733947635,1.5554499982905945,0.0
map,56,8,1788733423.2453163,2.2123180737672925,1.555378281980932,0.0
map,56,9,1788733423.2453163,2.2373180741398215,1.5552943586398378,0.0
map,56,10,1788733423.2453163,2.2623180745123506,1.5551982282673116,0.0
map,56,11,1788733423.2453163,2.2873180748848796,1.5550868391054955,0.0
map,56,12,1788733423.2453163,2.3123165493784796,1.5549617170333185,0.0
map,56,13,1788733423.2453163,2.3367382416369225,1.5603099226794193,0.0
map,56,14,1788733423.2453163,2.3611568821375073,1.565668809478023,0.0
map,56,15,1788733423.2453163,2.385590781427382,1.57096208348268,0.0
map,56,16,1788733423.2453163,2.410017051322612,1.576287400944846,0.0
map,56,17,1788733423.2453163,2.4344494247335575,1.5815806749495032,0.0
map,56,18,1788733423.2453163,2.4588726428709293,1.58691972532203,0.0
map,56,19,1788733423.2453163,2.48329738688723,1.5922526721788408,0.0
map,56,20,1788733423.2453163,2.507709923872099,1.5976420765560242,0.0
map,56,21,1788733423.2453163,2.532120934978039,1.6030375844489235,0.0
map,56,22,1788733423.2453163,2.5564342898325236,1.6088557608051524,0.0
map,56,23,1788733423.2453163,2.5807567999605823,1.6146373160670855,0.0
map,56,24,1788733423.2453163,2.605074732451854,1.6204356559972375,0.0
map,56,25,1788733423.2453163,2.6293987684588416,1.6262126336223837,0.0
map,56,26,1788733423.2453163,2.6537151750711843,1.6320140253103936,0.0
map,56,27,1788733423.2453163,2.678036159320314,1.6378062617248297,0.0
map,56,28,1788733423.2453163,2.7023479882958696,1.6436290157178455,0.0
map,56,29,1788733423.2453163,2.7266613431503544,1.6494502438319323,0.0
map,56,30,1788733423.2453163,2.750965542731265,1.6553065671613858,0.0
map,56,31,1788733423.2453163,2.7752285435810933,1.661332263051957,0.0
map,56,32,1788733423.2453163,2.7994884926730634,1.66737016597396,0.0
map,56,33,1788733423.2453163,2.8237514935228916,1.673394335985602,0.0
map,56,34,1788733423.2453163,2.8480099167359327,1.679435290665463,0.0
map,56,35,1788733423.2453163,2.872271391706832,1.685468615950679,0.0
map,56,36,1788733423.2453163,2.896528289040944,1.691523303540901,0.0
map,56,37,1788733423.2453163,2.9207836604961273,1.6975734134943359,0.0
map,56,38,1788733423.2453163,2.9450344543145235,1.7036494633895636,0.0
map,56,39,1788733423.2453163,2.969257782312198,1.7098323248098204,0.0
map,56,40,1788733423.2453163,2.9934780585520144,1.7160258673825801,0.0
map,56,41,1788733423.2453163,3.017701386549689,1.722208728802837,0.0
map,56,42,1788733423.2453163,3.0419216627895054,1.7284053231334546,0.0
map,56,43,1788733423.2453163,3.066143464908251,1.7345958139483564,0.0
map,56,44,1788733423.2453163,3.0903606893902094,1.740803089431477,0.0
map,56,45,1788733423.2453163,3.114577913872168,1.7470057872778106,0.0
map,56,46,1788733423.2453163,3.1387920865962684,1.7532283215502211,0.0
map,56,47,1788733423.2453163,3.162986422894292,1.759524098011223,0.0
map,56,48,1788733423.2453163,3.187177707434458,1.7658305556247278,0.0
map,56,49,1788733423.2453163,3.2113674660956946,1.7721431167539485,0.0
map,56,50,1788733423.2453163,3.2355587506358603,1.7784511002463823,0.0
map,56,51,1788733423.2453163,3.259746983418168,1.784769764891319,0.0
map,56,52,1788733423.2453163,3.283935216200476,1.7910884295362557,0.0
map,56,53,1788733423.2453163,3.3081219231038546,1.7974162494547663,0.0
map,56,54,1788733423.2453163,3.3323055782493753,1.803747121131135,0.0
map,56,55,1788733423.2453163,3.3564739746056063,1.810145131480379,0.0
map,56,56,1788733423.2453163,3.380642370961837,1.816538564192836,0.0
map,56,57,1788733423.2453163,3.404809241439139,1.82293657454208,0.0
map,56,58,1788733423.2453163,3.42897763779537,1.829334584891324,0.0
map,56,59,1788733423.2453163,3.453142982393743,1.835738698756284,0.0
map,56,60,1788733423.2453163,3.477308326992116,1.842144338500173,0.0
map,56,61,1788733423.2453163,3.50147214571156,1.848557607638707,0.0
map,56,62,1788733423.2453163,3.525634438552075,1.8549739285350988,0.0
map,56,63,1788733423.2453163,3.549784524361158,1.8614406034361473,0.0
map,56,64,1788733423.2453163,3.573934610170241,1.8679042265793377,0.0
map,56,65,1788733423.2453163,3.598083170100395,1.8743724273593152,0.0
map,56,66,1788733423.2453163,3.622231730030549,1.8808406281392926,0.0
map,56,67,1788733423.2453163,3.646378764081774,1.887316458313915,0.0
map,56,68,1788733423.2453163,3.6705257981329993,1.8937907626096084,0.0
map,56,69,1788733423.2453163,3.6946697804263664,1.9002742221788758,0.0
map,56,70,1788733423.2453163,3.7188046074461596,1.9067943028424388,0.0
map,56,71,1788733423.2453163,3.742937908587024,1.9133204870217178,0.0
map,56,72,1788733423.2453163,3.767072735606817,1.9198420935642098,0.0
map,56,73,1788733423.2453163,3.791204510868752,1.9263713295013467,0.0
map,56,74,1788733423.2453163,3.8153378120096164,1.9328990395595547,0.0
map,56,75,1788733423.2453163,3.8394680613926226,1.9394328531334786,0.0
map,56,76,1788733423.2453163,3.863599836654558,1.9459666667074025,0.0
map,56,77,1788733423.2453163,3.887728560158635,1.9525081096759713,0.0
map,56,78,1788733423.2453163,3.9118496542680674,1.959078544344191,0.0
map,56,79,1788733423.2453163,3.9359692224985707,1.9656550825281265,0.0
map,56,80,1788733423.2453163,3.960087264850145,1.97223467246992,0.0
map,56,81,1788733423.2453163,3.9842068330806484,1.9788142624117135,0.0
map,56,82,1788733423.2453163,4.008323349553294,1.985398429990294,0.0
map,56,83,1788733423.2453163,4.032441391904868,1.9919825975688745,0.0
map,56,84,1788733423.2453163,4.056556382498584,1.998572868663171,0.0
map,56,85,1788733423.2453163,4.080671373092301,2.0051661915153254,0.0
map,56,86,1788733423.2453163,4.104778734291372,2.0117869801882016,0.0
map,56,87,1788733423.2453163,4.128886095490444,2.0184062429821488,0.0
map,56,88,1788733423.2453163,4.152993456689515,2.025030083412883,0.0
map,56,89,1788733423.2453163,4.1770992920096575,2.031653923843617,0.0
map,56,90,1788733423.2453163,4.2012051273298,2.038283867790067,0.0
map,56,91,1788733423.2453163,4.225309436771013,2.0449122858575883,0.0
map,56,92,1788733423.2453163,4.249413746212227,2.0515468074408254,0.0
map,56,93,1788733423.2453163,4.273510426258795,2.0582042172079973,0.0
map,56,94,1788733423.2453163,4.297607106305364,2.064864678733027,0.0
map,56,95,1788733423.2453163,4.321703786351932,2.071523614379128,0.0
map,56,96,1788733423.2453163,4.345800466398501,2.078187127662016,0.0
map,56,97,1788733423.2453163,4.36989562056614,2.0848506409449037,0.0
map,56,98,1788733423.2453163,4.393989248854851,2.0915187318645785,0.0
map,56,99,1788733423.2453163,4.41808440302249,2.0981883486631823,0.0
map,56,100,1788733423.2453163,4.442176505432272,2.104862543098573,0.0
map,56,101,1788733423.2453163,4.4662640302052665,2.1115535222021826,0.0
map,56,102,1788733423.2453163,4.490351554978261,2.118249078942579,0.0
map,56,103,1788733423.2453163,4.514437553872327,2.1249446356829758,0.0
map,56,104,1788733423.2453163,4.538523552766392,2.1316432441812303,0.0
map,56,105,1788733423.2453163,4.562609551660458,2.138341852679485,0.0
map,56,106,1788733423.2453163,4.5866940246755945,2.1450450388145264,0.0
map,56,107,1788733423.2453163,4.610776971811802,2.151754328465284,0.0
map,56,108,1788733423.2453163,4.634855341311223,2.158478876905331,0.0
map,56,109,1788733423.2453163,4.6589337108106434,2.1652064771032364,0.0
map,56,110,1788733423.2453163,4.683010554431135,2.1719340773011417,0.0
map,56,111,1788733423.2453163,4.707087398051627,2.178664729256905,0.0
map,56,112,1788733423.2453163,4.7311642416721185,2.1853969070915973,0.0
map,56,113,1788733423.2453163,4.75524108529261,2.1921306108052185,0.0
map,56,114,1788733423.2453163,4.779316403034173,2.1988673662766978,0.0
map,56,115,1788733423.2453163,4.8033901948968065,2.205608699384964,0.0
map,56,116,1788733423.2453163,4.827460935001582,2.212362239524662,0.0
map,56,117,1788733423.2453163,4.851530149227429,2.219120357301147,0.0
map,56,118,1788733423.2453163,4.875599363453276,2.225876949198703,0.0
map,56,119,1788733423.2453163,4.8996670518001935,2.232636592854117,0.0
map,56,120,1788733423.2453163,4.92373626602604,2.2393977623884602,0.0
map,56,121,1788733423.2453163,4.947803954372958,2.24616350955959,0.0
map,56,122,1788733423.2453163,4.971870116840947,2.25292925673072,0.0
map,56,123,1788733423.2453163,4.9959332275510775,2.25971026269114,0.0
map,56,124,1788733423.2453163,5.019996338261208,2.266492794530489,0.0
map,56,125,1788733423.2453163,5.04405792309241,2.2732768522487667,0.0
map,56,126,1788733423.2453163,5.068119507923612,2.2800624358459736,0.0
map,56,127,1788733423.2453163,5.092179566875885,2.2868495453221094,0.0
map,56,128,1788733423.2453163,5.1162411517070865,2.293638180677174,0.0
map,56,129,1788733423.2453163,5.14029968478043,2.300431393669026,0.0
map,56,130,1788733423.2453163,5.164356691974845,2.3072352878133806,0.0
map,56,131,1788733423.2453163,5.188412173290331,2.3140422337155933,0.0
map,56,132,1788733423.2453163,5.212467654605817,2.320849179617806,0.0
map,56,133,1788733423.2453163,5.236521610042374,2.3276591772778765,0.0
map,56,134,1788733423.2453163,5.260575565478931,2.334472226695805,0.0
map,56,135,1788733423.2453163,5.284629520915487,2.3412852761137337,0.0
map,56,136,1788733423.2453163,5.308681950473115,2.3481029031684493,0.0
map,56,137,1788733423.2453163,5.332734380030743,2.354920530223165,0.0
map,56,138,1788733423.2453163,5.356783757830513,2.3617503643093123,0.0
map,56,139,1788733423.2453163,5.380831609751354,2.3685817242743887,0.0
map,56,140,1788733423.2453163,5.404879461672195,2.375414610118394,0.0
map,56,141,1788733423.2453163,5.428927313593036,2.3822490218413286,0.0
map,56,142,1788733423.2453163,5.452975165513877,2.389084959443192,0.0
map,56,143,1788733423.2453163,5.477021491555789,2.3959239488029134,0.0
map,56,144,1788733423.2453163,5.501067817597701,2.4027644640415637,0.0
map,56,145,1788733423.2453163,5.5251110918817545,2.409614134553788,0.0
map,56,146,1788733423.2453163,5.5491528402868795,2.4164668568238703,0.0
map,56,147,1788733423.2453163,5.5731945886920045,2.4233211049728816,0.0
map,56,148,1788733423.2453163,5.597236337097129,2.430175353121893,0.0
map,56,149,1788733423.2453163,5.621278085502254,2.437032653028762,0.0
map,56,150,1788733423.2453163,5.64531830802845,2.4438914788145603,0.0
map,56,151,1788733423.2453163,5.669358530554646,2.4507518304792875,0.0
map,56,152,1788733423.2453163,5.693395701322984,2.4576228632965176,0.0
map,56,153,1788733423.2453163,5.717432872091322,2.4644954219926767,0.0
map,56,154,1788733423.2453163,5.74147004285966,2.4713695065677648,0.0
map,56,155,1788733423.2453163,5.765505687749069,2.478243591142853,0.0
map,56,156,1788733423.2453163,5.789541332638478,2.485120727475799,0.0
map,56,157,1788733423.2453163,5.81358765868039,2.4919612427144493,0.0
map,56,158,1788733423.2453163,5.837624829448728,2.4988322755316794,0.0
map,56,159,1788733423.2453163,5.861658948459208,2.5057139895014124,0.0
map,56,160,1788733423.2453163,5.9075,2.537,0.9668000000000001
map,57,0,1788733424.2643285,2.0116588910897377,1.5557139753453093,0.0
map,57,1,1788733424.2643285,2.0373180711595893,1.5556758283720846,0.0
map,57,2,1788733424.2643285,2.0623180715321183,1.5556575178249368,0.0
map,57,3,1788733424.2643285,2.0873180719046474,1.555631577883144,0.0
map,57,4,1788733424.2643285,2.1123180722771764,1.5555995344256353,0.0
map,57,5,1788733424.2643285,2.1373180726497054,1.5555583356945526,0.0
map,57,6,1788733424.2643285,2.1623180730222344,1.555509507568825,0.0
map,57,7,1788733424.2643285,2.1873180733947635,1.5554499982905945,0.0
map,57,8,1788733424.2643285,2.2123180737672925,1.555378281980932,0.0
map,57,9,1788733424.2643285,2.2373180741398215,1.5552943586398378,0.0
map,57,10,1788733424.2643285,2.2623180745123506,1.5551982282673116,0.0
map,57,11,1788733424.2643285,2.2873180748848796,1.5550868391054955,0.0
map,57,12,1788733424.2643285,2.3123165493784796,1.5549617170333185,0.0
map,57,13,1788733424.2643285,2.3367382416369225,1.5603099226794193,0.0
map,57,14,1788733424.2643285,2.3611568821375073,1.565668809478023,0.0
map,57,15,1788733424.2643285,2.385590781427382,1.57096208348268,0.0
map,57,16,1788733424.2643285,2.410017051322612,1.576287400944846,0.0
map,57,17,1788733424.2643285,2.4344494247335575,1.5815806749495032,0.0
map,57,18,1788733424.2643285,2.4588726428709293,1.58691972532203,0.0
map,57,19,1788733424.2643285,2.48329738688723,1.5922526721788408,0.0
map,57,20,1788733424.2643285,2.507709923872099,1.5976420765560242,0.0
map,57,21,1788733424.2643285,2.532120934978039,1.6030375844489235,0.0
map,57,22,1788733424.2643285,2.5564342898325236,1.6088557608051524,0.0
map,57,23,1788733424.2643285,2.5807567999605823,1.6146373160670855,0.0
map,57,24,1788733424.2643285,2.605074732451854,1.6204356559972375,0.0
map,57,25,1788733424.2643285,2.6293987684588416,1.6262126336223837,0.0
map,57,26,1788733424.2643285,2.6537151750711843,1.6320140253103936,0.0
map,57,27,1788733424.2643285,2.678036159320314,1.6378062617248297,0.0
map,57,28,1788733424.2643285,2.7023479882958696,1.6436290157178455,0.0
map,57,29,1788733424.2643285,2.7266613431503544,1.6494502438319323,0.0
map,57,30,1788733424.2643285,2.750965542731265,1.6553065671613858,0.0
map,57,31,1788733424.2643285,2.7752285435810933,1.661332263051957,0.0
map,57,32,1788733424.2643285,2.7994884926730634,1.66737016597396,0.0
map,57,33,1788733424.2643285,2.8237514935228916,1.673394335985602,0.0
map,57,34,1788733424.2643285,2.8480099167359327,1.679435290665463,0.0
map,57,35,1788733424.2643285,2.872271391706832,1.685468615950679,0.0
map,57,36,1788733424.2643285,2.896528289040944,1.691523303540901,0.0
map,57,37,1788733424.2643285,2.9207836604961273,1.6975734134943359,0.0
map,57,38,1788733424.2643285,2.9450344543145235,1.7036494633895636,0.0
map,57,39,1788733424.2643285,2.969257782312198,1.7098323248098204,0.0
map,57,40,1788733424.2643285,2.9934780585520144,1.7160258673825801,0.0
map,57,41,1788733424.2643285,3.017701386549689,1.722208728802837,0.0
map,57,42,1788733424.2643285,3.0419216627895054,1.7284053231334546,0.0
map,57,43,1788733424.2643285,3.066143464908251,1.7345958139483564,0.0
map,57,44,1788733424.2643285,3.0903606893902094,1.740803089431477,0.0
map,57,45,1788733424.2643285,3.114577913872168,1.7470057872778106,0.0
map,57,46,1788733424.2643285,3.1387920865962684,1.7532283215502211,0.0
map,57,47,1788733424.2643285,3.162986422894292,1.759524098011223,0.0
map,57,48,1788733424.2643285,3.187177707434458,1.7658305556247278,0.0
map,57,49,1788733424.2643285,3.2113674660956946,1.7721431167539485,0.0
map,57,50,1788733424.2643285,3.2355587506358603,1.7784511002463823,0.0
map,57,51,1788733424.2643285,3.259746983418168,1.784769764891319,0.0
map,57,52,1788733424.2643285,3.283935216200476,1.7910884295362557,0.0
map,57,53,1788733424.2643285,3.3081219231038546,1.7974162494547663,0.0
map,57,54,1788733424.2643285,3.3323055782493753,1.803747121131135,0.0
map,57,55,1788733424.2643285,3.3564739746056063,1.810145131480379,0.0
map,57,56,1788733424.2643285,3.380642370961837,1.816538564192836,0.0
map,57,57,1788733424.2643285,3.404809241439139,1.82293657454208,0.0
map,57,58,1788733424.2643285,3.42897763779537,1.829334584891324,0.0
map,57,59,1788733424.2643285,3.453142982393743,1.835738698756284,0.0
map,57,60,1788733424.2643285,3.477308326992116,1.842144338500173,0.0
map,57,61,1788733424.2643285,3.50147214571156,1.848557607638707,0.0
map,57,62,1788733424.2643285,3.525634438552075,1.8549739285350988,0.0
map,57,63,1788733424.2643285,3.549784524361158,1.8614406034361473,0.0
map,57,64,1788733424.2643285,3.573934610170241,1.8679042265793377,0.0
map,57,65,1788733424.2643285,3.598083170100395,1.8743724273593152,0.0
map,57,66,1788733424.2643285,3.622231730030549,1.8808406281392926,0.0
map,57,67,1788733424.2643285,3.646378764081774,1.887316458313915,0.0
map,57,68,1788733424.2643285,3.6705257981329993,1.8937907626096084,0.0
map,57,69,1788733424.2643285,3.6946697804263664,1.9002742221788758,0.0
map,57,70,1788733424.2643285,3.7188046074461596,1.9067943028424388,0.0
map,57,71,1788733424.2643285,3.742937908587024,1.9133204870217178,0.0
map,57,72,1788733424.2643285,3.767072735606817,1.9198420935642098,0.0
map,57,73,1788733424.2643285,3.791204510868752,1.9263713295013467,0.0
map,57,74,1788733424.2643285,3.8153378120096164,1.9328990395595547,0.0
map,57,75,1788733424.2643285,3.8394680613926226,1.9394328531334786,0.0
map,57,76,1788733424.2643285,3.863599836654558,1.9459666667074025,0.0
map,57,77,1788733424.2643285,3.887728560158635,1.9525081096759713,0.0
map,57,78,1788733424.2643285,3.9118496542680674,1.959078544344191,0.0
map,57,79,1788733424.2643285,3.9359692224985707,1.9656550825281265,0.0
map,57,80,1788733424.2643285,3.960087264850145,1.97223467246992,0.0
map,57,81,1788733424.2643285,3.9842068330806484,1.9788142624117135,0.0
map,57,82,1788733424.2643285,4.008323349553294,1.985398429990294,0.0
map,57,83,1788733424.2643285,4.032441391904868,1.9919825975688745,0.0
map,57,84,1788733424.2643285,4.056556382498584,1.998572868663171,0.0
map,57,85,1788733424.2643285,4.080671373092301,2.0051661915153254,0.0
map,57,86,1788733424.2643285,4.104778734291372,2.0117869801882016,0.0
map,57,87,1788733424.2643285,4.128886095490444,2.0184062429821488,0.0
map,57,88,1788733424.2643285,4.152993456689515,2.025030083412883,0.0
map,57,89,1788733424.2643285,4.1770992920096575,2.031653923843617,0.0
map,57,90,1788733424.2643285,4.2012051273298,2.038283867790067,0.0
map,57,91,1788733424.2643285,4.225309436771013,2.0449122858575883,0.0
map,57,92,1788733424.2643285,4.249413746212227,2.0515468074408254,0.0
map,57,93,1788733424.2643285,4.273510426258795,2.0582042172079973,0.0
map,57,94,1788733424.2643285,4.297607106305364,2.064864678733027,0.0
map,57,95,1788733424.2643285,4.321703786351932,2.071523614379128,0.0
map,57,96,1788733424.2643285,4.345800466398501,2.078187127662016,0.0
map,57,97,1788733424.2643285,4.36989562056614,2.0848506409449037,0.0
map,57,98,1788733424.2643285,4.393989248854851,2.0915187318645785,0.0
map,57,99,1788733424.2643285,4.41808440302249,2.0981883486631823,0.0
map,57,100,1788733424.2643285,4.442176505432272,2.104862543098573,0.0
map,57,101,1788733424.2643285,4.4662640302052665,2.1115535222021826,0.0
map,57,102,1788733424.2643285,4.490351554978261,2.118249078942579,0.0
map,57,103,1788733424.2643285,4.514437553872327,2.1249446356829758,0.0
map,57,104,1788733424.2643285,4.538523552766392,2.1316432441812303,0.0
map,57,105,1788733424.2643285,4.562609551660458,2.138341852679485,0.0
map,57,106,1788733424.2643285,4.5866940246755945,2.1450450388145264,0.0
map,57,107,1788733424.2643285,4.610776971811802,2.151754328465284,0.0
map,57,108,1788733424.2643285,4.634855341311223,2.158478876905331,0.0
map,57,109,1788733424.2643285,4.6589337108106434,2.1652064771032364,0.0
map,57,110,1788733424.2643285,4.683010554431135,2.1719340773011417,0.0
map,57,111,1788733424.2643285,4.707087398051627,2.178664729256905,0.0
map,57,112,1788733424.2643285,4.7311642416721185,2.1853969070915973,0.0
map,57,113,1788733424.2643285,4.75524108529261,2.1921306108052185,0.0
map,57,114,1788733424.2643285,4.779316403034173,2.1988673662766978,0.0
map,57,115,1788733424.2643285,4.8033901948968065,2.205608699384964,0.0
map,57,116,1788733424.2643285,4.827460935001582,2.212362239524662,0.0
map,57,117,1788733424.2643285,4.851530149227429,2.219120357301147,0.0
map,57,118,1788733424.2643285,4.875599363453276,2.225876949198703,0.0
map,57,119,1788733424.2643285,4.8996670518001935,2.232636592854117,0.0
map,57,120,1788733424.2643285,4.92373626602604,2.2393977623884602,0.0
map,57,121,1788733424.2643285,4.947803954372958,2.24616350955959,0.0
map,57,122,1788733424.2643285,4.971870116840947,2.25292925673072,0.0
map,57,123,1788733424.2643285,4.9959332275510775,2.25971026269114,0.0
map,57,124,1788733424.2643285,5.019996338261208,2.266492794530489,0.0
map,57,125,1788733424.2643285,5.04405792309241,2.2732768522487667,0.0
map,57,126,1788733424.2643285,5.068119507923612,2.2800624358459736,0.0
map,57,127,1788733424.2643285,5.092179566875885,2.2868495453221094,0.0
map,57,128,1788733424.2643285,5.1162411517070865,2.293638180677174,0.0
map,57,129,1788733424.2643285,5.14029968478043,2.300431393669026,0.0
map,57,130,1788733424.2643285,5.164356691974845,2.3072352878133806,0.0
map,57,131,1788733424.2643285,5.188412173290331,2.3140422337155933,0.0
map,57,132,1788733424.2643285,5.212467654605817,2.320849179617806,0.0
map,57,133,1788733424.2643285,5.236521610042374,2.3276591772778765,0.0
map,57,134,1788733424.2643285,5.260575565478931,2.334472226695805,0.0
map,57,135,1788733424.2643285,5.284629520915487,2.3412852761137337,0.0
map,57,136,1788733424.2643285,5.308681950473115,2.3481029031684493,0.0
map,57,137,1788733424.2643285,5.332734380030743,2.354920530223165,0.0
map,57,138,1788733424.2643285,5.356783757830513,2.3617503643093123,0.0
map,57,139,1788733424.2643285,5.380831609751354,2.3685817242743887,0.0
map,57,140,1788733424.2643285,5.404879461672195,2.375414610118394,0.0
map,57,141,1788733424.2643285,5.428927313593036,2.3822490218413286,0.0
map,57,142,1788733424.2643285,5.452975165513877,2.389084959443192,0.0
map,57,143,1788733424.2643285,5.477021491555789,2.3959239488029134,0.0
map,57,144,1788733424.2643285,5.501067817597701,2.4027644640415637,0.0
map,57,145,1788733424.2643285,5.5251110918817545,2.409614134553788,0.0
map,57,146,1788733424.2643285,5.5491528402868795,2.4164668568238703,0.0
map,57,147,1788733424.2643285,5.5731945886920045,2.4233211049728816,0.0
map,57,148,1788733424.2643285,5.597236337097129,2.430175353121893,0.0
map,57,149,1788733424.2643285,5.621278085502254,2.437032653028762,0.0
map,57,150,1788733424.2643285,5.64531830802845,2.4438914788145603,0.0
map,57,151,1788733424.2643285,5.669358530554646,2.4507518304792875,0.0
map,57,152,1788733424.2643285,5.693395701322984,2.4576228632965176,0.0
map,57,153,1788733424.2643285,5.717432872091322,2.4644954219926767,0.0
map,57,154,1788733424.2643285,5.74147004285966,2.4713695065677648,0.0
map,57,155,1788733424.2643285,5.765505687749069,2.478243591142853,0.0
map,57,156,1788733424.2643285,5.789541332638478,2.485120727475799,0.0
map,57,157,1788733424.2643285,5.81358765868039,2.4919612427144493,0.0
map,57,158,1788733424.2643285,5.837624829448728,2.4988322755316794,0.0
map,57,159,1788733424.2643285,5.861658948459208,2.5057139895014124,0.0
map,57,160,1788733424.2643285,5.9075,2.537,0.9668000000000001
map,58,0,1788733425.294597,2.0116588910897377,1.5557139753453093,0.0
map,58,1,1788733425.294597,2.0373180711595893,1.5556758283720846,0.0
map,58,2,1788733425.294597,2.0623180715321183,1.5556575178249368,0.0
map,58,3,1788733425.294597,2.0873180719046474,1.555631577883144,0.0
map,58,4,1788733425.294597,2.1123180722771764,1.5555995344256353,0.0
map,58,5,1788733425.294597,2.1373180726497054,1.5555583356945526,0.0
map,58,6,1788733425.294597,2.1623180730222344,1.555509507568825,0.0
map,58,7,1788733425.294597,2.1873180733947635,1.5554499982905945,0.0
map,58,8,1788733425.294597,2.2123180737672925,1.555378281980932,0.0
map,58,9,1788733425.294597,2.2373180741398215,1.5552943586398378,0.0
map,58,10,1788733425.294597,2.2623180745123506,1.5551982282673116,0.0
map,58,11,1788733425.294597,2.2873180748848796,1.5550868391054955,0.0
map,58,12,1788733425.294597,2.3123165493784796,1.5549617170333185,0.0
map,58,13,1788733425.294597,2.3367382416369225,1.5603099226794193,0.0
map,58,14,1788733425.294597,2.3611568821375073,1.565668809478023,0.0
map,58,15,1788733425.294597,2.385590781427382,1.57096208348268,0.0
map,58,16,1788733425.294597,2.410017051322612,1.576287400944846,0.0
map,58,17,1788733425.294597,2.4344494247335575,1.5815806749495032,0.0
map,58,18,1788733425.294597,2.4588726428709293,1.58691972532203,0.0
map,58,19,1788733425.294597,2.48329738688723,1.5922526721788408,0.0
map,58,20,1788733425.294597,2.507709923872099,1.5976420765560242,0.0
map,58,21,1788733425.294597,2.532120934978039,1.6030375844489235,0.0
map,58,22,1788733425.294597,2.5564342898325236,1.6088557608051524,0.0
map,58,23,1788733425.294597,2.5807567999605823,1.6146373160670855,0.0
map,58,24,1788733425.294597,2.605074732451854,1.6204356559972375,0.0
map,58,25,1788733425.294597,2.6293987684588416,1.6262126336223837,0.0
map,58,26,1788733425.294597,2.6537151750711843,1.6320140253103936,0.0
map,58,27,1788733425.294597,2.678036159320314,1.6378062617248297,0.0
map,58,28,1788733425.294597,2.7023479882958696,1.6436290157178455,0.0
map,58,29,1788733425.294597,2.7266613431503544,1.6494502438319323,0.0
map,58,30,1788733425.294597,2.750965542731265,1.6553065671613858,0.0
map,58,31,1788733425.294597,2.7752285435810933,1.661332263051957,0.0
map,58,32,1788733425.294597,2.7994884926730634,1.66737016597396,0.0
map,58,33,1788733425.294597,2.8237514935228916,1.673394335985602,0.0
map,58,34,1788733425.294597,2.8480099167359327,1.679435290665463,0.0
map,58,35,1788733425.294597,2.872271391706832,1.685468615950679,0.0
map,58,36,1788733425.294597,2.896528289040944,1.691523303540901,0.0
map,58,37,1788733425.294597,2.9207836604961273,1.6975734134943359,0.0
map,58,38,1788733425.294597,2.9450344543145235,1.7036494633895636,0.0
map,58,39,1788733425.294597,2.969257782312198,1.7098323248098204,0.0
map,58,40,1788733425.294597,2.9934780585520144,1.7160258673825801,0.0
map,58,41,1788733425.294597,3.017701386549689,1.722208728802837,0.0
map,58,42,1788733425.294597,3.0419216627895054,1.7284053231334546,0.0
map,58,43,1788733425.294597,3.066143464908251,1.7345958139483564,0.0
map,58,44,1788733425.294597,3.0903606893902094,1.740803089431477,0.0
map,58,45,1788733425.294597,3.114577913872168,1.7470057872778106,0.0
map,58,46,1788733425.294597,3.1387920865962684,1.7532283215502211,0.0
map,58,47,1788733425.294597,3.162986422894292,1.759524098011223,0.0
map,58,48,1788733425.294597,3.187177707434458,1.7658305556247278,0.0
map,58,49,1788733425.294597,3.2113674660956946,1.7721431167539485,0.0
map,58,50,1788733425.294597,3.2355587506358603,1.7784511002463823,0.0
map,58,51,1788733425.294597,3.259746983418168,1.784769764891319,0.0
map,58,52,1788733425.294597,3.283935216200476,1.7910884295362557,0.0
map,58,53,1788733425.294597,3.3081219231038546,1.7974162494547663,0.0
map,58,54,1788733425.294597,3.3323055782493753,1.803747121131135,0.0
map,58,55,1788733425.294597,3.3564739746056063,1.810145131480379,0.0
map,58,56,1788733425.294597,3.380642370961837,1.816538564192836,0.0
map,58,57,1788733425.294597,3.404809241439139,1.82293657454208,0.0
map,58,58,1788733425.294597,3.42897763779537,1.829334584891324,0.0
map,58,59,1788733425.294597,3.453142982393743,1.835738698756284,0.0
map,58,60,1788733425.294597,3.477308326992116,1.842144338500173,0.0
map,58,61,1788733425.294597,3.50147214571156,1.848557607638707,0.0
map,58,62,1788733425.294597,3.525634438552075,1.8549739285350988,0.0
map,58,63,1788733425.294597,3.549784524361158,1.8614406034361473,0.0
map,58,64,1788733425.294597,3.573934610170241,1.8679042265793377,0.0
map,58,65,1788733425.294597,3.598083170100395,1.8743724273593152,0.0
map,58,66,1788733425.294597,3.622231730030549,1.8808406281392926,0.0
map,58,67,1788733425.294597,3.646378764081774,1.887316458313915,0.0
map,58,68,1788733425.294597,3.6705257981329993,1.8937907626096084,0.0
map,58,69,1788733425.294597,3.6946697804263664,1.9002742221788758,0.0
map,58,70,1788733425.294597,3.7188046074461596,1.9067943028424388,0.0
map,58,71,1788733425.294597,3.742937908587024,1.9133204870217178,0.0
map,58,72,1788733425.294597,3.767072735606817,1.9198420935642098,0.0
map,58,73,1788733425.294597,3.791204510868752,1.9263713295013467,0.0
map,58,74,1788733425.294597,3.8153378120096164,1.9328990395595547,0.0
map,58,75,1788733425.294597,3.8394680613926226,1.9394328531334786,0.0
map,58,76,1788733425.294597,3.863599836654558,1.9459666667074025,0.0
map,58,77,1788733425.294597,3.887728560158635,1.9525081096759713,0.0
map,58,78,1788733425.294597,3.9118496542680674,1.959078544344191,0.0
map,58,79,1788733425.294597,3.9359692224985707,1.9656550825281265,0.0
map,58,80,1788733425.294597,3.960087264850145,1.97223467246992,0.0
map,58,81,1788733425.294597,3.9842068330806484,1.9788142624117135,0.0
map,58,82,1788733425.294597,4.008323349553294,1.985398429990294,0.0
map,58,83,1788733425.294597,4.032441391904868,1.9919825975688745,0.0
map,58,84,1788733425.294597,4.056556382498584,1.998572868663171,0.0
map,58,85,1788733425.294597,4.080671373092301,2.0051661915153254,0.0
map,58,86,1788733425.294597,4.104778734291372,2.0117869801882016,0.0
map,58,87,1788733425.294597,4.128886095490444,2.0184062429821488,0.0
map,58,88,1788733425.294597,4.152993456689515,2.025030083412883,0.0
map,58,89,1788733425.294597,4.1770992920096575,2.031653923843617,0.0
map,58,90,1788733425.294597,4.2012051273298,2.038283867790067,0.0
map,58,91,1788733425.294597,4.225309436771013,2.0449122858575883,0.0
map,58,92,1788733425.294597,4.249413746212227,2.0515468074408254,0.0
map,58,93,1788733425.294597,4.273510426258795,2.0582042172079973,0.0
map,58,94,1788733425.294597,4.297607106305364,2.064864678733027,0.0
map,58,95,1788733425.294597,4.321703786351932,2.071523614379128,0.0
map,58,96,1788733425.294597,4.345800466398501,2.078187127662016,0.0
map,58,97,1788733425.294597,4.36989562056614,2.0848506409449037,0.0
map,58,98,1788733425.294597,4.393989248854851,2.0915187318645785,0.0
map,58,99,1788733425.294597,4.41808440302249,2.0981883486631823,0.0
map,58,100,1788733425.294597,4.442176505432272,2.104862543098573,0.0
map,58,101,1788733425.294597,4.4662640302052665,2.1115535222021826,0.0
map,58,102,1788733425.294597,4.490351554978261,2.118249078942579,0.0
map,58,103,1788733425.294597,4.514437553872327,2.1249446356829758,0.0
map,58,104,1788733425.294597,4.538523552766392,2.1316432441812303,0.0
map,58,105,1788733425.294597,4.562609551660458,2.138341852679485,0.0
map,58,106,1788733425.294597,4.5866940246755945,2.1450450388145264,0.0
map,58,107,1788733425.294597,4.610776971811802,2.151754328465284,0.0
map,58,108,1788733425.294597,4.634855341311223,2.158478876905331,0.0
map,58,109,1788733425.294597,4.6589337108106434,2.1652064771032364,0.0
map,58,110,1788733425.294597,4.683010554431135,2.1719340773011417,0.0
map,58,111,1788733425.294597,4.707087398051627,2.178664729256905,0.0
map,58,112,1788733425.294597,4.7311642416721185,2.1853969070915973,0.0
map,58,113,1788733425.294597,4.75524108529261,2.1921306108052185,0.0
map,58,114,1788733425.294597,4.779316403034173,2.1988673662766978,0.0
map,58,115,1788733425.294597,4.8033901948968065,2.205608699384964,0.0
map,58,116,1788733425.294597,4.827460935001582,2.212362239524662,0.0
map,58,117,1788733425.294597,4.851530149227429,2.219120357301147,0.0
map,58,118,1788733425.294597,4.875599363453276,2.225876949198703,0.0
map,58,119,1788733425.294597,4.8996670518001935,2.232636592854117,0.0
map,58,120,1788733425.294597,4.92373626602604,2.2393977623884602,0.0
map,58,121,1788733425.294597,4.947803954372958,2.24616350955959,0.0
map,58,122,1788733425.294597,4.971870116840947,2.25292925673072,0.0
map,58,123,1788733425.294597,4.9959332275510775,2.25971026269114,0.0
map,58,124,1788733425.294597,5.019996338261208,2.266492794530489,0.0
map,58,125,1788733425.294597,5.04405792309241,2.2732768522487667,0.0
map,58,126,1788733425.294597,5.068119507923612,2.2800624358459736,0.0
map,58,127,1788733425.294597,5.092179566875885,2.2868495453221094,0.0
map,58,128,1788733425.294597,5.1162411517070865,2.293638180677174,0.0
map,58,129,1788733425.294597,5.14029968478043,2.300431393669026,0.0
map,58,130,1788733425.294597,5.164356691974845,2.3072352878133806,0.0
map,58,131,1788733425.294597,5.188412173290331,2.3140422337155933,0.0
map,58,132,1788733425.294597,5.212467654605817,2.320849179617806,0.0
map,58,133,1788733425.294597,5.236521610042374,2.3276591772778765,0.0
map,58,134,1788733425.294597,5.260575565478931,2.334472226695805,0.0
map,58,135,1788733425.294597,5.284629520915487,2.3412852761137337,0.0
map,58,136,1788733425.294597,5.308681950473115,2.3481029031684493,0.0
map,58,137,1788733425.294597,5.332734380030743,2.354920530223165,0.0
map,58,138,1788733425.294597,5.356783757830513,2.3617503643093123,0.0
map,58,139,1788733425.294597,5.380831609751354,2.3685817242743887,0.0
map,58,140,1788733425.294597,5.404879461672195,2.375414610118394,0.0
map,58,141,1788733425.294597,5.428927313593036,2.3822490218413286,0.0
map,58,142,1788733425.294597,5.452975165513877,2.389084959443192,0.0
map,58,143,1788733425.294597,5.477021491555789,2.3959239488029134,0.0
map,58,144,1788733425.294597,5.501067817597701,2.4027644640415637,0.0
map,58,145,1788733425.294597,5.5251110918817545,2.409614134553788,0.0
map,58,146,1788733425.294597,5.5491528402868795,2.4164668568238703,0.0
map,58,147,1788733425.294597,5.5731945886920045,2.4233211049728816,0.0
map,58,148,1788733425.294597,5.597236337097129,2.430175353121893,0.0
map,58,149,1788733425.294597,5.621278085502254,2.437032653028762,0.0
map,58,150,1788733425.294597,5.64531830802845,2.4438914788145603,0.0
map,58,151,1788733425.294597,5.669358530554646,2.4507518304792875,0.0
map,58,152,1788733425.294597,5.693395701322984,2.4576228632965176,0.0
map,58,153,1788733425.294597,5.717432872091322,2.4644954219926767,0.0
map,58,154,1788733425.294597,5.74147004285966,2.4713695065677648,0.0
map,58,155,1788733425.294597,5.765505687749069,2.478243591142853,0.0
map,58,156,1788733425.294597,5.789541332638478,2.485120727475799,0.0
map,58,157,1788733425.294597,5.81358765868039,2.4919612427144493,0.0
map,58,158,1788733425.294597,5.837624829448728,2.4988322755316794,0.0
map,58,159,1788733425.294597,5.861658948459208,2.5057139895014124,0.0
map,58,160,1788733425.294597,5.9075,2.537,0.9668000000000001
map,59,0,1788733426.3265562,2.0116588910897377,1.5557139753453093,0.0
map,59,1,1788733426.3265562,2.0373180711595893,1.5556758283720846,0.0
map,59,2,1788733426.3265562,2.0623180715321183,1.5556575178249368,0.0
map,59,3,1788733426.3265562,2.0873180719046474,1.555631577883144,0.0
map,59,4,1788733426.3265562,2.1123180722771764,1.5555995344256353,0.0
map,59,5,1788733426.3265562,2.1373180726497054,1.5555583356945526,0.0
map,59,6,1788733426.3265562,2.1623180730222344,1.555509507568825,0.0
map,59,7,1788733426.3265562,2.1873180733947635,1.5554499982905945,0.0
map,59,8,1788733426.3265562,2.2123180737672925,1.555378281980932,0.0
map,59,9,1788733426.3265562,2.2373180741398215,1.5552943586398378,0.0
map,59,10,1788733426.3265562,2.2623180745123506,1.5551982282673116,0.0
map,59,11,1788733426.3265562,2.2873180748848796,1.5550868391054955,0.0
map,59,12,1788733426.3265562,2.3123165493784796,1.5549617170333185,0.0
map,59,13,1788733426.3265562,2.3367382416369225,1.5603099226794193,0.0
map,59,14,1788733426.3265562,2.3611568821375073,1.565668809478023,0.0
map,59,15,1788733426.3265562,2.385590781427382,1.57096208348268,0.0
map,59,16,1788733426.3265562,2.410017051322612,1.576287400944846,0.0
map,59,17,1788733426.3265562,2.4344494247335575,1.5815806749495032,0.0
map,59,18,1788733426.3265562,2.4588726428709293,1.58691972532203,0.0
map,59,19,1788733426.3265562,2.48329738688723,1.5922526721788408,0.0
map,59,20,1788733426.3265562,2.507709923872099,1.5976420765560242,0.0
map,59,21,1788733426.3265562,2.532120934978039,1.6030375844489235,0.0
map,59,22,1788733426.3265562,2.5564342898325236,1.6088557608051524,0.0
map,59,23,1788733426.3265562,2.5807567999605823,1.6146373160670855,0.0
map,59,24,1788733426.3265562,2.605074732451854,1.6204356559972375,0.0
map,59,25,1788733426.3265562,2.6293987684588416,1.6262126336223837,0.0
map,59,26,1788733426.3265562,2.6537151750711843,1.6320140253103936,0.0
map,59,27,1788733426.3265562,2.678036159320314,1.6378062617248297,0.0
map,59,28,1788733426.3265562,2.7023479882958696,1.6436290157178455,0.0
map,59,29,1788733426.3265562,2.7266613431503544,1.6494502438319323,0.0
map,59,30,1788733426.3265562,2.750965542731265,1.6553065671613858,0.0
map,59,31,1788733426.3265562,2.7752285435810933,1.661332263051957,0.0
map,59,32,1788733426.3265562,2.7994884926730634,1.66737016597396,0.0
map,59,33,1788733426.3265562,2.8237514935228916,1.673394335985602,0.0
map,59,34,1788733426.3265562,2.8480099167359327,1.679435290665463,0.0
map,59,35,1788733426.3265562,2.872271391706832,1.685468615950679,0.0
map,59,36,1788733426.3265562,2.896528289040944,1.691523303540901,0.0
map,59,37,1788733426.3265562,2.9207836604961273,1.6975734134943359,0.0
map,59,38,1788733426.3265562,2.9450344543145235,1.7036494633895636,0.0
map,59,39,1788733426.3265562,2.969257782312198,1.7098323248098204,0.0
map,59,40,1788733426.3265562,2.9934780585520144,1.7160258673825801,0.0
map,59,41,1788733426.3265562,3.017701386549689,1.722208728802837,0.0
map,59,42,1788733426.3265562,3.0419216627895054,1.7284053231334546,0.0
map,59,43,1788733426.3265562,3.066143464908251,1.7345958139483564,0.0
map,59,44,1788733426.3265562,3.0903606893902094,1.740803089431477,0.0
map,59,45,1788733426.3265562,3.114577913872168,1.7470057872778106,0.0
map,59,46,1788733426.3265562,3.1387920865962684,1.7532283215502211,0.0
map,59,47,1788733426.3265562,3.162986422894292,1.759524098011223,0.0
map,59,48,1788733426.3265562,3.187177707434458,1.7658305556247278,0.0
map,59,49,1788733426.3265562,3.2113674660956946,1.7721431167539485,0.0
map,59,50,1788733426.3265562,3.2355587506358603,1.7784511002463823,0.0
map,59,51,1788733426.3265562,3.259746983418168,1.784769764891319,0.0
map,59,52,1788733426.3265562,3.283935216200476,1.7910884295362557,0.0
map,59,53,1788733426.3265562,3.3081219231038546,1.7974162494547663,0.0
map,59,54,1788733426.3265562,3.3323055782493753,1.803747121131135,0.0
map,59,55,1788733426.3265562,3.3564739746056063,1.810145131480379,0.0
map,59,56,1788733426.3265562,3.380642370961837,1.816538564192836,0.0
map,59,57,1788733426.3265562,3.404809241439139,1.82293657454208,0.0
map,59,58,1788733426.3265562,3.42897763779537,1.829334584891324,0.0
map,59,59,1788733426.3265562,3.453142982393743,1.835738698756284,0.0
map,59,60,1788733426.3265562,3.477308326992116,1.842144338500173,0.0
map,59,61,1788733426.3265562,3.50147214571156,1.848557607638707,0.0
map,59,62,1788733426.3265562,3.525634438552075,1.8549739285350988,0.0
map,59,63,1788733426.3265562,3.549784524361158,1.8614406034361473,0.0
map,59,64,1788733426.3265562,3.573934610170241,1.8679042265793377,0.0
map,59,65,1788733426.3265562,3.598083170100395,1.8743724273593152,0.0
map,59,66,1788733426.3265562,3.622231730030549,1.8808406281392926,0.0
map,59,67,1788733426.3265562,3.646378764081774,1.887316458313915,0.0
map,59,68,1788733426.3265562,3.6705257981329993,1.8937907626096084,0.0
map,59,69,1788733426.3265562,3.6946697804263664,1.9002742221788758,0.0
map,59,70,1788733426.3265562,3.7188046074461596,1.9067943028424388,0.0
map,59,71,1788733426.3265562,3.742937908587024,1.9133204870217178,0.0
map,59,72,1788733426.3265562,3.767072735606817,1.9198420935642098,0.0
map,59,73,1788733426.3265562,3.791204510868752,1.9263713295013467,0.0
map,59,74,1788733426.3265562,3.8153378120096164,1.9328990395595547,0.0
map,59,75,1788733426.3265562,3.8394680613926226,1.9394328531334786,0.0
map,59,76,1788733426.3265562,3.863599836654558,1.9459666667074025,0.0
map,59,77,1788733426.3265562,3.887728560158635,1.9525081096759713,0.0
map,59,78,1788733426.3265562,3.9118496542680674,1.959078544344191,0.0
map,59,79,1788733426.3265562,3.9359692224985707,1.9656550825281265,0.0
map,59,80,1788733426.3265562,3.960087264850145,1.97223467246992,0.0
map,59,81,1788733426.3265562,3.9842068330806484,1.9788142624117135,0.0
map,59,82,1788733426.3265562,4.008323349553294,1.985398429990294,0.0
map,59,83,1788733426.3265562,4.032441391904868,1.9919825975688745,0.0
map,59,84,1788733426.3265562,4.056556382498584,1.998572868663171,0.0
map,59,85,1788733426.3265562,4.080671373092301,2.0051661915153254,0.0
map,59,86,1788733426.3265562,4.104778734291372,2.0117869801882016,0.0
map,59,87,1788733426.3265562,4.128886095490444,2.0184062429821488,0.0
map,59,88,1788733426.3265562,4.152993456689515,2.025030083412883,0.0
map,59,89,1788733426.3265562,4.1770992920096575,2.031653923843617,0.0
map,59,90,1788733426.3265562,4.2012051273298,2.038283867790067,0.0
map,59,91,1788733426.3265562,4.225309436771013,2.0449122858575883,0.0
map,59,92,1788733426.3265562,4.249413746212227,2.0515468074408254,0.0
map,59,93,1788733426.3265562,4.273510426258795,2.0582042172079973,0.0
map,59,94,1788733426.3265562,4.297607106305364,2.064864678733027,0.0
map,59,95,1788733426.3265562,4.321703786351932,2.071523614379128,0.0
map,59,96,1788733426.3265562,4.345800466398501,2.078187127662016,0.0
map,59,97,1788733426.3265562,4.36989562056614,2.0848506409449037,0.0
map,59,98,1788733426.3265562,4.393989248854851,2.0915187318645785,0.0
map,59,99,1788733426.3265562,4.41808440302249,2.0981883486631823,0.0
map,59,100,1788733426.3265562,4.442176505432272,2.104862543098573,0.0
map,59,101,1788733426.3265562,4.4662640302052665,2.1115535222021826,0.0
map,59,102,1788733426.3265562,4.490351554978261,2.118249078942579,0.0
map,59,103,1788733426.3265562,4.514437553872327,2.1249446356829758,0.0
map,59,104,1788733426.3265562,4.538523552766392,2.1316432441812303,0.0
map,59,105,1788733426.3265562,4.562609551660458,2.138341852679485,0.0
map,59,106,1788733426.3265562,4.5866940246755945,2.1450450388145264,0.0
map,59,107,1788733426.3265562,4.610776971811802,2.151754328465284,0.0
map,59,108,1788733426.3265562,4.634855341311223,2.158478876905331,0.0
map,59,109,1788733426.3265562,4.6589337108106434,2.1652064771032364,0.0
map,59,110,1788733426.3265562,4.683010554431135,2.1719340773011417,0.0
map,59,111,1788733426.3265562,4.707087398051627,2.178664729256905,0.0
map,59,112,1788733426.3265562,4.7311642416721185,2.1853969070915973,0.0
map,59,113,1788733426.3265562,4.75524108529261,2.1921306108052185,0.0
map,59,114,1788733426.3265562,4.779316403034173,2.1988673662766978,0.0
map,59,115,1788733426.3265562,4.8033901948968065,2.205608699384964,0.0
map,59,116,1788733426.3265562,4.827460935001582,2.212362239524662,0.0
map,59,117,1788733426.3265562,4.851530149227429,2.219120357301147,0.0
map,59,118,1788733426.3265562,4.875599363453276,2.225876949198703,0.0
map,59,119,1788733426.3265562,4.8996670518001935,2.232636592854117,0.0
map,59,120,1788733426.3265562,4.92373626602604,2.2393977623884602,0.0
map,59,121,1788733426.3265562,4.947803954372958,2.24616350955959,0.0
map,59,122,1788733426.3265562,4.971870116840947,2.25292925673072,0.0
map,59,123,1788733426.3265562,4.9959332275510775,2.25971026269114,0.0
map,59,124,1788733426.3265562,5.019996338261208,2.266492794530489,0.0
map,59,125,1788733426.3265562,5.04405792309241,2.2732768522487667,0.0
map,59,126,1788733426.3265562,5.068119507923612,2.2800624358459736,0.0
map,59,127,1788733426.3265562,5.092179566875885,2.2868495453221094,0.0
map,59,128,1788733426.3265562,5.1162411517070865,2.293638180677174,0.0
map,59,129,1788733426.3265562,5.14029968478043,2.300431393669026,0.0
map,59,130,1788733426.3265562,5.164356691974845,2.3072352878133806,0.0
map,59,131,1788733426.3265562,5.188412173290331,2.3140422337155933,0.0
map,59,132,1788733426.3265562,5.212467654605817,2.320849179617806,0.0
map,59,133,1788733426.3265562,5.236521610042374,2.3276591772778765,0.0
map,59,134,1788733426.3265562,5.260575565478931,2.334472226695805,0.0
map,59,135,1788733426.3265562,5.284629520915487,2.3412852761137337,0.0
map,59,136,1788733426.3265562,5.308681950473115,2.3481029031684493,0.0
map,59,137,1788733426.3265562,5.332734380030743,2.354920530223165,0.0
map,59,138,1788733426.3265562,5.356783757830513,2.3617503643093123,0.0
map,59,139,1788733426.3265562,5.380831609751354,2.3685817242743887,0.0
map,59,140,1788733426.3265562,5.404879461672195,2.375414610118394,0.0
map,59,141,1788733426.3265562,5.428927313593036,2.3822490218413286,0.0
map,59,142,1788733426.3265562,5.452975165513877,2.389084959443192,0.0
map,59,143,1788733426.3265562,5.477021491555789,2.3959239488029134,0.0
map,59,144,1788733426.3265562,5.501067817597701,2.4027644640415637,0.0
map,59,145,1788733426.3265562,5.5251110918817545,2.409614134553788,0.0
map,59,146,1788733426.3265562,5.5491528402868795,2.4164668568238703,0.0
map,59,147,1788733426.3265562,5.5731945886920045,2.4233211049728816,0.0
map,59,148,1788733426.3265562,5.597236337097129,2.430175353121893,0.0
map,59,149,1788733426.3265562,5.621278085502254,2.437032653028762,0.0
map,59,150,1788733426.3265562,5.64531830802845,2.4438914788145603,0.0
map,59,151,1788733426.3265562,5.669358530554646,2.4507518304792875,0.0
map,59,152,1788733426.3265562,5.693395701322984,2.4576228632965176,0.0
map,59,153,1788733426.3265562,5.717432872091322,2.4644954219926767,0.0
map,59,154,1788733426.3265562,5.74147004285966,2.4713695065677648,0.0
map,59,155,1788733426.3265562,5.765505687749069,2.478243591142853,0.0
map,59,156,1788733426.3265562,5.789541332638478,2.485120727475799,0.0
map,59,157,1788733426.3265562,5.81358765868039,2.4919612427144493,0.0
map,59,158,1788733426.3265562,5.837624829448728,2.4988322755316794,0.0
map,59,159,1788733426.3265562,5.861658948459208,2.5057139895014124,0.0
map,59,160,1788733426.3265562,5.9075,2.537,0.9668000000000001
map,60,0,1788733427.352752,2.0116588910897377,1.5557139753453093,0.0
map,60,1,1788733427.352752,2.0373180711595893,1.5556758283720846,0.0
map,60,2,1788733427.352752,2.0623180715321183,1.5556575178249368,0.0
map,60,3,1788733427.352752,2.0873180719046474,1.555631577883144,0.0
map,60,4,1788733427.352752,2.1123180722771764,1.5555995344256353,0.0
map,60,5,1788733427.352752,2.1373180726497054,1.5555583356945526,0.0
map,60,6,1788733427.352752,2.1623180730222344,1.555509507568825,0.0
map,60,7,1788733427.352752,2.1873180733947635,1.5554499982905945,0.0
map,60,8,1788733427.352752,2.2123180737672925,1.555378281980932,0.0
map,60,9,1788733427.352752,2.2373180741398215,1.5552943586398378,0.0
map,60,10,1788733427.352752,2.2623180745123506,1.5551982282673116,0.0
map,60,11,1788733427.352752,2.2873180748848796,1.5550868391054955,0.0
map,60,12,1788733427.352752,2.3123165493784796,1.5549617170333185,0.0
map,60,13,1788733427.352752,2.3367382416369225,1.5603099226794193,0.0
map,60,14,1788733427.352752,2.3611568821375073,1.565668809478023,0.0
map,60,15,1788733427.352752,2.385590781427382,1.57096208348268,0.0
map,60,16,1788733427.352752,2.410017051322612,1.576287400944846,0.0
map,60,17,1788733427.352752,2.4344494247335575,1.5815806749495032,0.0
map,60,18,1788733427.352752,2.4588726428709293,1.58691972532203,0.0
map,60,19,1788733427.352752,2.48329738688723,1.5922526721788408,0.0
map,60,20,1788733427.352752,2.507709923872099,1.5976420765560242,0.0
map,60,21,1788733427.352752,2.532120934978039,1.6030375844489235,0.0
map,60,22,1788733427.352752,2.5564342898325236,1.6088557608051524,0.0
map,60,23,1788733427.352752,2.5807567999605823,1.6146373160670855,0.0
map,60,24,1788733427.352752,2.605074732451854,1.6204356559972375,0.0
map,60,25,1788733427.352752,2.6293987684588416,1.6262126336223837,0.0
map,60,26,1788733427.352752,2.6537151750711843,1.6320140253103936,0.0
map,60,27,1788733427.352752,2.678036159320314,1.6378062617248297,0.0
map,60,28,1788733427.352752,2.7023479882958696,1.6436290157178455,0.0
map,60,29,1788733427.352752,2.7266613431503544,1.6494502438319323,0.0
map,60,30,1788733427.352752,2.750965542731265,1.6553065671613858,0.0
map,60,31,1788733427.352752,2.7752285435810933,1.661332263051957,0.0
map,60,32,1788733427.352752,2.7994884926730634,1.66737016597396,0.0
map,60,33,1788733427.352752,2.8237514935228916,1.673394335985602,0.0
map,60,34,1788733427.352752,2.8480099167359327,1.679435290665463,0.0
map,60,35,1788733427.352752,2.872271391706832,1.685468615950679,0.0
map,60,36,1788733427.352752,2.896528289040944,1.691523303540901,0.0
map,60,37,1788733427.352752,2.9207836604961273,1.6975734134943359,0.0
map,60,38,1788733427.352752,2.9450344543145235,1.7036494633895636,0.0
map,60,39,1788733427.352752,2.969257782312198,1.7098323248098204,0.0
map,60,40,1788733427.352752,2.9934780585520144,1.7160258673825801,0.0
map,60,41,1788733427.352752,3.017701386549689,1.722208728802837,0.0
map,60,42,1788733427.352752,3.0419216627895054,1.7284053231334546,0.0
map,60,43,1788733427.352752,3.066143464908251,1.7345958139483564,0.0
map,60,44,1788733427.352752,3.0903606893902094,1.740803089431477,0.0
map,60,45,1788733427.352752,3.114577913872168,1.7470057872778106,0.0
map,60,46,1788733427.352752,3.1387920865962684,1.7532283215502211,0.0
map,60,47,1788733427.352752,3.162986422894292,1.759524098011223,0.0
map,60,48,1788733427.352752,3.187177707434458,1.7658305556247278,0.0
map,60,49,1788733427.352752,3.2113674660956946,1.7721431167539485,0.0
map,60,50,1788733427.352752,3.2355587506358603,1.7784511002463823,0.0
map,60,51,1788733427.352752,3.259746983418168,1.784769764891319,0.0
map,60,52,1788733427.352752,3.283935216200476,1.7910884295362557,0.0
map,60,53,1788733427.352752,3.3081219231038546,1.7974162494547663,0.0
map,60,54,1788733427.352752,3.3323055782493753,1.803747121131135,0.0
map,60,55,1788733427.352752,3.3564739746056063,1.810145131480379,0.0
map,60,56,1788733427.352752,3.380642370961837,1.816538564192836,0.0
map,60,57,1788733427.352752,3.404809241439139,1.82293657454208,0.0
map,60,58,1788733427.352752,3.42897763779537,1.829334584891324,0.0
map,60,59,1788733427.352752,3.453142982393743,1.835738698756284,0.0
map,60,60,1788733427.352752,3.477308326992116,1.842144338500173,0.0
map,60,61,1788733427.352752,3.50147214571156,1.848557607638707,0.0
map,60,62,1788733427.352752,3.525634438552075,1.8549739285350988,0.0
map,60,63,1788733427.352752,3.549784524361158,1.8614406034361473,0.0
map,60,64,1788733427.352752,3.573934610170241,1.8679042265793377,0.0
map,60,65,1788733427.352752,3.598083170100395,1.8743724273593152,0.0
map,60,66,1788733427.352752,3.622231730030549,1.8808406281392926,0.0
map,60,67,1788733427.352752,3.646378764081774,1.887316458313915,0.0
map,60,68,1788733427.352752,3.6705257981329993,1.8937907626096084,0.0
map,60,69,1788733427.352752,3.6946697804263664,1.9002742221788758,0.0
map,60,70,1788733427.352752,3.7188046074461596,1.9067943028424388,0.0
map,60,71,1788733427.352752,3.742937908587024,1.9133204870217178,0.0
map,60,72,1788733427.352752,3.767072735606817,1.9198420935642098,0.0
map,60,73,1788733427.352752,3.791204510868752,1.9263713295013467,0.0
map,60,74,1788733427.352752,3.8153378120096164,1.9328990395595547,0.0
map,60,75,1788733427.352752,3.8394680613926226,1.9394328531334786,0.0
map,60,76,1788733427.352752,3.863599836654558,1.9459666667074025,0.0
map,60,77,1788733427.352752,3.887728560158635,1.9525081096759713,0.0
map,60,78,1788733427.352752,3.9118496542680674,1.959078544344191,0.0
map,60,79,1788733427.352752,3.9359692224985707,1.9656550825281265,0.0
map,60,80,1788733427.352752,3.960087264850145,1.97223467246992,0.0
map,60,81,1788733427.352752,3.9842068330806484,1.9788142624117135,0.0
map,60,82,1788733427.352752,4.008323349553294,1.985398429990294,0.0
map,60,83,1788733427.352752,4.032441391904868,1.9919825975688745,0.0
map,60,84,1788733427.352752,4.056556382498584,1.998572868663171,0.0
map,60,85,1788733427.352752,4.080671373092301,2.0051661915153254,0.0
map,60,86,1788733427.352752,4.104778734291372,2.0117869801882016,0.0
map,60,87,1788733427.352752,4.128886095490444,2.0184062429821488,0.0
map,60,88,1788733427.352752,4.152993456689515,2.025030083412883,0.0
map,60,89,1788733427.352752,4.1770992920096575,2.031653923843617,0.0
map,60,90,1788733427.352752,4.2012051273298,2.038283867790067,0.0
map,60,91,1788733427.352752,4.225309436771013,2.0449122858575883,0.0
map,60,92,1788733427.352752,4.249413746212227,2.0515468074408254,0.0
map,60,93,1788733427.352752,4.273510426258795,2.0582042172079973,0.0
map,60,94,1788733427.352752,4.297607106305364,2.064864678733027,0.0
map,60,95,1788733427.352752,4.321703786351932,2.071523614379128,0.0
map,60,96,1788733427.352752,4.345800466398501,2.078187127662016,0.0
map,60,97,1788733427.352752,4.36989562056614,2.0848506409449037,0.0
map,60,98,1788733427.352752,4.393989248854851,2.0915187318645785,0.0
map,60,99,1788733427.352752,4.41808440302249,2.0981883486631823,0.0
map,60,100,1788733427.352752,4.442176505432272,2.104862543098573,0.0
map,60,101,1788733427.352752,4.4662640302052665,2.1115535222021826,0.0
map,60,102,1788733427.352752,4.490351554978261,2.118249078942579,0.0
map,60,103,1788733427.352752,4.514437553872327,2.1249446356829758,0.0
map,60,104,1788733427.352752,4.538523552766392,2.1316432441812303,0.0
map,60,105,1788733427.352752,4.562609551660458,2.138341852679485,0.0
map,60,106,1788733427.352752,4.5866940246755945,2.1450450388145264,0.0
map,60,107,1788733427.352752,4.610776971811802,2.151754328465284,0.0
map,60,108,1788733427.352752,4.634855341311223,2.158478876905331,0.0
map,60,109,1788733427.352752,4.6589337108106434,2.1652064771032364,0.0
map,60,110,1788733427.352752,4.683010554431135,2.1719340773011417,0.0
map,60,111,1788733427.352752,4.707087398051627,2.178664729256905,0.0
map,60,112,1788733427.352752,4.7311642416721185,2.1853969070915973,0.0
map,60,113,1788733427.352752,4.75524108529261,2.1921306108052185,0.0
map,60,114,1788733427.352752,4.779316403034173,2.1988673662766978,0.0
map,60,115,1788733427.352752,4.8033901948968065,2.205608699384964,0.0
map,60,116,1788733427.352752,4.827460935001582,2.212362239524662,0.0
map,60,117,1788733427.352752,4.851530149227429,2.219120357301147,0.0
map,60,118,1788733427.352752,4.875599363453276,2.225876949198703,0.0
map,60,119,1788733427.352752,4.8996670518001935,2.232636592854117,0.0
map,60,120,1788733427.352752,4.92373626602604,2.2393977623884602,0.0
map,60,121,1788733427.352752,4.947803954372958,2.24616350955959,0.0
map,60,122,1788733427.352752,4.971870116840947,2.25292925673072,0.0
map,60,123,1788733427.352752,4.9959332275510775,2.25971026269114,0.0
map,60,124,1788733427.352752,5.019996338261208,2.266492794530489,0.0
map,60,125,1788733427.352752,5.04405792309241,2.2732768522487667,0.0
map,60,126,1788733427.352752,5.068119507923612,2.2800624358459736,0.0
map,60,127,1788733427.352752,5.092179566875885,2.2868495453221094,0.0
map,60,128,1788733427.352752,5.1162411517070865,2.293638180677174,0.0
map,60,129,1788733427.352752,5.14029968478043,2.300431393669026,0.0
map,60,130,1788733427.352752,5.164356691974845,2.3072352878133806,0.0
map,60,131,1788733427.352752,5.188412173290331,2.3140422337155933,0.0
map,60,132,1788733427.352752,5.212467654605817,2.320849179617806,0.0
map,60,133,1788733427.352752,5.236521610042374,2.3276591772778765,0.0
map,60,134,1788733427.352752,5.260575565478931,2.334472226695805,0.0
map,60,135,1788733427.352752,5.284629520915487,2.3412852761137337,0.0
map,60,136,1788733427.352752,5.308681950473115,2.3481029031684493,0.0
map,60,137,1788733427.352752,5.332734380030743,2.354920530223165,0.0
map,60,138,1788733427.352752,5.356783757830513,2.3617503643093123,0.0
map,60,139,1788733427.352752,5.380831609751354,2.3685817242743887,0.0
map,60,140,1788733427.352752,5.404879461672195,2.375414610118394,0.0
map,60,141,1788733427.352752,5.428927313593036,2.3822490218413286,0.0
map,60,142,1788733427.352752,5.452975165513877,2.389084959443192,0.0
map,60,143,1788733427.352752,5.477021491555789,2.3959239488029134,0.0
map,60,144,1788733427.352752,5.501067817597701,2.4027644640415637,0.0
map,60,145,1788733427.352752,5.5251110918817545,2.409614134553788,0.0
map,60,146,1788733427.352752,5.5491528402868795,2.4164668568238703,0.0
map,60,147,1788733427.352752,5.5731945886920045,2.4233211049728816,0.0
map,60,148,1788733427.352752,5.597236337097129,2.430175353121893,0.0
map,60,149,1788733427.352752,5.621278085502254,2.437032653028762,0.0
map,60,150,1788733427.352752,5.64531830802845,2.4438914788145603,0.0
map,60,151,1788733427.352752,5.669358530554646,2.4507518304792875,0.0
map,60,152,1788733427.352752,5.693395701322984,2.4576228632965176,0.0
map,60,153,1788733427.352752,5.717432872091322,2.4644954219926767,0.0
map,60,154,1788733427.352752,5.74147004285966,2.4713695065677648,0.0
map,60,155,1788733427.352752,5.765505687749069,2.478243591142853,0.0
map,60,156,1788733427.352752,5.789541332638478,2.485120727475799,0.0
map,60,157,1788733427.352752,5.81358765868039,2.4919612427144493,0.0
map,60,158,1788733427.352752,5.837624829448728,2.4988322755316794,0.0
map,60,159,1788733427.352752,5.861658948459208,2.5057139895014124,0.0
map,60,160,1788733427.352752,5.9075,2.537,0.9668000000000001
map,61,0,1788733428.371651,2.0116588910897377,1.5557139753453093,0.0
map,61,1,1788733428.371651,2.0373180711595893,1.5556758283720846,0.0
map,61,2,1788733428.371651,2.0623180715321183,1.5556575178249368,0.0
map,61,3,1788733428.371651,2.0873180719046474,1.555631577883144,0.0
map,61,4,1788733428.371651,2.1123180722771764,1.5555995344256353,0.0
map,61,5,1788733428.371651,2.1373180726497054,1.5555583356945526,0.0
map,61,6,1788733428.371651,2.1623180730222344,1.555509507568825,0.0
map,61,7,1788733428.371651,2.1873180733947635,1.5554499982905945,0.0
map,61,8,1788733428.371651,2.2123180737672925,1.555378281980932,0.0
map,61,9,1788733428.371651,2.2373180741398215,1.5552943586398378,0.0
map,61,10,1788733428.371651,2.2623180745123506,1.5551982282673116,0.0
map,61,11,1788733428.371651,2.2873180748848796,1.5550868391054955,0.0
map,61,12,1788733428.371651,2.3123165493784796,1.5549617170333185,0.0
map,61,13,1788733428.371651,2.3367382416369225,1.5603099226794193,0.0
map,61,14,1788733428.371651,2.3611568821375073,1.565668809478023,0.0
map,61,15,1788733428.371651,2.385590781427382,1.57096208348268,0.0
map,61,16,1788733428.371651,2.410017051322612,1.576287400944846,0.0
map,61,17,1788733428.371651,2.4344494247335575,1.5815806749495032,0.0
map,61,18,1788733428.371651,2.4588726428709293,1.58691972532203,0.0
map,61,19,1788733428.371651,2.48329738688723,1.5922526721788408,0.0
map,61,20,1788733428.371651,2.507709923872099,1.5976420765560242,0.0
map,61,21,1788733428.371651,2.532120934978039,1.6030375844489235,0.0
map,61,22,1788733428.371651,2.5564342898325236,1.6088557608051524,0.0
map,61,23,1788733428.371651,2.5807567999605823,1.6146373160670855,0.0
map,61,24,1788733428.371651,2.605074732451854,1.6204356559972375,0.0
map,61,25,1788733428.371651,2.6293987684588416,1.6262126336223837,0.0
map,61,26,1788733428.371651,2.6537151750711843,1.6320140253103936,0.0
map,61,27,1788733428.371651,2.678036159320314,1.6378062617248297,0.0
map,61,28,1788733428.371651,2.7023479882958696,1.6436290157178455,0.0
map,61,29,1788733428.371651,2.7266613431503544,1.6494502438319323,0.0
map,61,30,1788733428.371651,2.750965542731265,1.6553065671613858,0.0
map,61,31,1788733428.371651,2.7752285435810933,1.661332263051957,0.0
map,61,32,1788733428.371651,2.7994884926730634,1.66737016597396,0.0
map,61,33,1788733428.371651,2.8237514935228916,1.673394335985602,0.0
map,61,34,1788733428.371651,2.8480099167359327,1.679435290665463,0.0
map,61,35,1788733428.371651,2.872271391706832,1.685468615950679,0.0
map,61,36,1788733428.371651,2.896528289040944,1.691523303540901,0.0
map,61,37,1788733428.371651,2.9207836604961273,1.6975734134943359,0.0
map,61,38,1788733428.371651,2.9450344543145235,1.7036494633895636,0.0
map,61,39,1788733428.371651,2.969257782312198,1.7098323248098204,0.0
map,61,40,1788733428.371651,2.9934780585520144,1.7160258673825801,0.0
map,61,41,1788733428.371651,3.017701386549689,1.722208728802837,0.0
map,61,42,1788733428.371651,3.0419216627895054,1.7284053231334546,0.0
map,61,43,1788733428.371651,3.066143464908251,1.7345958139483564,0.0
map,61,44,1788733428.371651,3.0903606893902094,1.740803089431477,0.0
map,61,45,1788733428.371651,3.114577913872168,1.7470057872778106,0.0
map,61,46,1788733428.371651,3.1387920865962684,1.7532283215502211,0.0
map,61,47,1788733428.371651,3.162986422894292,1.759524098011223,0.0
map,61,48,1788733428.371651,3.187177707434458,1.7658305556247278,0.0
map,61,49,1788733428.371651,3.2113674660956946,1.7721431167539485,0.0
map,61,50,1788733428.371651,3.2355587506358603,1.7784511002463823,0.0
map,61,51,1788733428.371651,3.259746983418168,1.784769764891319,0.0
map,61,52,1788733428.371651,3.283935216200476,1.7910884295362557,0.0
map,61,53,1788733428.371651,3.3081219231038546,1.7974162494547663,0.0
map,61,54,1788733428.371651,3.3323055782493753,1.803747121131135,0.0
map,61,55,1788733428.371651,3.3564739746056063,1.810145131480379,0.0
map,61,56,1788733428.371651,3.380642370961837,1.816538564192836,0.0
map,61,57,1788733428.371651,3.404809241439139,1.82293657454208,0.0
map,61,58,1788733428.371651,3.42897763779537,1.829334584891324,0.0
map,61,59,1788733428.371651,3.453142982393743,1.835738698756284,0.0
map,61,60,1788733428.371651,3.477308326992116,1.842144338500173,0.0
map,61,61,1788733428.371651,3.50147214571156,1.848557607638707,0.0
map,61,62,1788733428.371651,3.525634438552075,1.8549739285350988,0.0
map,61,63,1788733428.371651,3.549784524361158,1.8614406034361473,0.0
map,61,64,1788733428.371651,3.573934610170241,1.8679042265793377,0.0
map,61,65,1788733428.371651,3.598083170100395,1.8743724273593152,0.0
map,61,66,1788733428.371651,3.622231730030549,1.8808406281392926,0.0
map,61,67,1788733428.371651,3.646378764081774,1.887316458313915,0.0
map,61,68,1788733428.371651,3.6705257981329993,1.8937907626096084,0.0
map,61,69,1788733428.371651,3.6946697804263664,1.9002742221788758,0.0
map,61,70,1788733428.371651,3.7188046074461596,1.9067943028424388,0.0
map,61,71,1788733428.371651,3.742937908587024,1.9133204870217178,0.0
map,61,72,1788733428.371651,3.767072735606817,1.9198420935642098,0.0
map,61,73,1788733428.371651,3.791204510868752,1.9263713295013467,0.0
map,61,74,1788733428.371651,3.8153378120096164,1.9328990395595547,0.0
map,61,75,1788733428.371651,3.8394680613926226,1.9394328531334786,0.0
map,61,76,1788733428.371651,3.863599836654558,1.9459666667074025,0.0
map,61,77,1788733428.371651,3.887728560158635,1.9525081096759713,0.0
map,61,78,1788733428.371651,3.9118496542680674,1.959078544344191,0.0
map,61,79,1788733428.371651,3.9359692224985707,1.9656550825281265,0.0
map,61,80,1788733428.371651,3.960087264850145,1.97223467246992,0.0
map,61,81,1788733428.371651,3.9842068330806484,1.9788142624117135,0.0
map,61,82,1788733428.371651,4.008323349553294,1.985398429990294,0.0
map,61,83,1788733428.371651,4.032441391904868,1.9919825975688745,0.0
map,61,84,1788733428.371651,4.056556382498584,1.998572868663171,0.0
map,61,85,1788733428.371651,4.080671373092301,2.0051661915153254,0.0
map,61,86,1788733428.371651,4.104778734291372,2.0117869801882016,0.0
map,61,87,1788733428.371651,4.128886095490444,2.0184062429821488,0.0
map,61,88,1788733428.371651,4.152993456689515,2.025030083412883,0.0
map,61,89,1788733428.371651,4.1770992920096575,2.031653923843617,0.0
map,61,90,1788733428.371651,4.2012051273298,2.038283867790067,0.0
map,61,91,1788733428.371651,4.225309436771013,2.0449122858575883,0.0
map,61,92,1788733428.371651,4.249413746212227,2.0515468074408254,0.0
map,61,93,1788733428.371651,4.273510426258795,2.0582042172079973,0.0
map,61,94,1788733428.371651,4.297607106305364,2.064864678733027,0.0
map,61,95,1788733428.371651,4.321703786351932,2.071523614379128,0.0
map,61,96,1788733428.371651,4.345800466398501,2.078187127662016,0.0
map,61,97,1788733428.371651,4.36989562056614,2.0848506409449037,0.0
map,61,98,1788733428.371651,4.393989248854851,2.0915187318645785,0.0
map,61,99,1788733428.371651,4.41808440302249,2.0981883486631823,0.0
map,61,100,1788733428.371651,4.442176505432272,2.104862543098573,0.0
map,61,101,1788733428.371651,4.4662640302052665,2.1115535222021826,0.0
map,61,102,1788733428.371651,4.490351554978261,2.118249078942579,0.0
map,61,103,1788733428.371651,4.514437553872327,2.1249446356829758,0.0
map,61,104,1788733428.371651,4.538523552766392,2.1316432441812303,0.0
map,61,105,1788733428.371651,4.562609551660458,2.138341852679485,0.0
map,61,106,1788733428.371651,4.5866940246755945,2.1450450388145264,0.0
map,61,107,1788733428.371651,4.610776971811802,2.151754328465284,0.0
map,61,108,1788733428.371651,4.634855341311223,2.158478876905331,0.0
map,61,109,1788733428.371651,4.6589337108106434,2.1652064771032364,0.0
map,61,110,1788733428.371651,4.683010554431135,2.1719340773011417,0.0
map,61,111,1788733428.371651,4.707087398051627,2.178664729256905,0.0
map,61,112,1788733428.371651,4.7311642416721185,2.1853969070915973,0.0
map,61,113,1788733428.371651,4.75524108529261,2.1921306108052185,0.0
map,61,114,1788733428.371651,4.779316403034173,2.1988673662766978,0.0
map,61,115,1788733428.371651,4.8033901948968065,2.205608699384964,0.0
map,61,116,1788733428.371651,4.827460935001582,2.212362239524662,0.0
map,61,117,1788733428.371651,4.851530149227429,2.219120357301147,0.0
map,61,118,1788733428.371651,4.875599363453276,2.225876949198703,0.0
map,61,119,1788733428.371651,4.8996670518001935,2.232636592854117,0.0
map,61,120,1788733428.371651,4.92373626602604,2.2393977623884602,0.0
map,61,121,1788733428.371651,4.947803954372958,2.24616350955959,0.0
map,61,122,1788733428.371651,4.971870116840947,2.25292925673072,0.0
map,61,123,1788733428.371651,4.9959332275510775,2.25971026269114,0.0
map,61,124,1788733428.371651,5.019996338261208,2.266492794530489,0.0
map,61,125,1788733428.371651,5.04405792309241,2.2732768522487667,0.0
map,61,126,1788733428.371651,5.068119507923612,2.2800624358459736,0.0
map,61,127,1788733428.371651,5.092179566875885,2.2868495453221094,0.0
map,61,128,1788733428.371651,5.1162411517070865,2.293638180677174,0.0
map,61,129,1788733428.371651,5.14029968478043,2.300431393669026,0.0
map,61,130,1788733428.371651,5.164356691974845,2.3072352878133806,0.0
map,61,131,1788733428.371651,5.188412173290331,2.3140422337155933,0.0
map,61,132,1788733428.371651,5.212467654605817,2.320849179617806,0.0
map,61,133,1788733428.371651,5.236521610042374,2.3276591772778765,0.0
map,61,134,1788733428.371651,5.260575565478931,2.334472226695805,0.0
map,61,135,1788733428.371651,5.284629520915487,2.3412852761137337,0.0
map,61,136,1788733428.371651,5.308681950473115,2.3481029031684493,0.0
map,61,137,1788733428.371651,5.332734380030743,2.354920530223165,0.0
map,61,138,1788733428.371651,5.356783757830513,2.3617503643093123,0.0
map,61,139,1788733428.371651,5.380831609751354,2.3685817242743887,0.0
map,61,140,1788733428.371651,5.404879461672195,2.375414610118394,0.0
map,61,141,1788733428.371651,5.428927313593036,2.3822490218413286,0.0
map,61,142,1788733428.371651,5.452975165513877,2.389084959443192,0.0
map,61,143,1788733428.371651,5.477021491555789,2.3959239488029134,0.0
map,61,144,1788733428.371651,5.501067817597701,2.4027644640415637,0.0
map,61,145,1788733428.371651,5.5251110918817545,2.409614134553788,0.0
map,61,146,1788733428.371651,5.5491528402868795,2.4164668568238703,0.0
map,61,147,1788733428.371651,5.5731945886920045,2.4233211049728816,0.0
map,61,148,1788733428.371651,5.597236337097129,2.430175353121893,0.0
map,61,149,1788733428.371651,5.621278085502254,2.437032653028762,0.0
map,61,150,1788733428.371651,5.64531830802845,2.4438914788145603,0.0
map,61,151,1788733428.371651,5.669358530554646,2.4507518304792875,0.0
map,61,152,1788733428.371651,5.693395701322984,2.4576228632965176,0.0
map,61,153,1788733428.371651,5.717432872091322,2.4644954219926767,0.0
map,61,154,1788733428.371651,5.74147004285966,2.4713695065677648,0.0
map,61,155,1788733428.371651,5.765505687749069,2.478243591142853,0.0
map,61,156,1788733428.371651,5.789541332638478,2.485120727475799,0.0
map,61,157,1788733428.371651,5.81358765868039,2.4919612427144493,0.0
map,61,158,1788733428.371651,5.837624829448728,2.4988322755316794,0.0
map,61,159,1788733428.371651,5.861658948459208,2.5057139895014124,0.0
map,61,160,1788733428.371651,5.9075,2.537,0.9668000000000001
map,62,0,1788733434.3034406,2.0116588910897377,1.5557139753453093,0.0
map,62,1,1788733434.3034406,2.0373180711595893,1.5556758283720846,0.0
map,62,2,1788733434.3034406,2.0623180715321183,1.5556575178249368,0.0
map,62,3,1788733434.3034406,2.0873180719046474,1.555631577883144,0.0
map,62,4,1788733434.3034406,2.1123180722771764,1.5555995344256353,0.0
map,62,5,1788733434.3034406,2.1373180726497054,1.5555583356945526,0.0
map,62,6,1788733434.3034406,2.1623180730222344,1.555509507568825,0.0
map,62,7,1788733434.3034406,2.1873180733947635,1.5554499982905945,0.0
map,62,8,1788733434.3034406,2.2123180737672925,1.555378281980932,0.0
map,62,9,1788733434.3034406,2.2373180741398215,1.5552943586398378,0.0
map,62,10,1788733434.3034406,2.2623180745123506,1.5551982282673116,0.0
map,62,11,1788733434.3034406,2.2873180748848796,1.5550868391054955,0.0
map,62,12,1788733434.3034406,2.3123165493784796,1.5549617170333185,0.0
map,62,13,1788733434.3034406,2.3367382416369225,1.5603099226794193,0.0
map,62,14,1788733434.3034406,2.3611568821375073,1.565668809478023,0.0
map,62,15,1788733434.3034406,2.385590781427382,1.57096208348268,0.0
map,62,16,1788733434.3034406,2.410017051322612,1.576287400944846,0.0
map,62,17,1788733434.3034406,2.4344494247335575,1.5815806749495032,0.0
map,62,18,1788733434.3034406,2.4588726428709293,1.58691972532203,0.0
map,62,19,1788733434.3034406,2.48329738688723,1.5922526721788408,0.0
map,62,20,1788733434.3034406,2.507709923872099,1.5976420765560242,0.0
map,62,21,1788733434.3034406,2.532120934978039,1.6030375844489235,0.0
map,62,22,1788733434.3034406,2.5564342898325236,1.6088557608051524,0.0
map,62,23,1788733434.3034406,2.5807567999605823,1.6146373160670855,0.0
map,62,24,1788733434.3034406,2.605074732451854,1.6204356559972375,0.0
map,62,25,1788733434.3034406,2.6293987684588416,1.6262126336223837,0.0
map,62,26,1788733434.3034406,2.6537151750711843,1.6320140253103936,0.0
map,62,27,1788733434.3034406,2.678036159320314,1.6378062617248297,0.0
map,62,28,1788733434.3034406,2.7023479882958696,1.6436290157178455,0.0
map,62,29,1788733434.3034406,2.7266613431503544,1.6494502438319323,0.0
map,62,30,1788733434.3034406,2.750965542731265,1.6553065671613858,0.0
map,62,31,1788733434.3034406,2.7752285435810933,1.661332263051957,0.0
map,62,32,1788733434.3034406,2.7994884926730634,1.66737016597396,0.0
map,62,33,1788733434.3034406,2.8237514935228916,1.673394335985602,0.0
map,62,34,1788733434.3034406,2.8480099167359327,1.679435290665463,0.0
map,62,35,1788733434.3034406,2.872271391706832,1.685468615950679,0.0
map,62,36,1788733434.3034406,2.896528289040944,1.691523303540901,0.0
map,62,37,1788733434.3034406,2.9207836604961273,1.6975734134943359,0.0
map,62,38,1788733434.3034406,2.9450344543145235,1.7036494633895636,0.0
map,62,39,1788733434.3034406,2.969257782312198,1.7098323248098204,0.0
map,62,40,1788733434.3034406,2.9934780585520144,1.7160258673825801,0.0
map,62,41,1788733434.3034406,3.017701386549689,1.722208728802837,0.0
map,62,42,1788733434.3034406,3.0419216627895054,1.7284053231334546,0.0
map,62,43,1788733434.3034406,3.066143464908251,1.7345958139483564,0.0
map,62,44,1788733434.3034406,3.0903606893902094,1.740803089431477,0.0
map,62,45,1788733434.3034406,3.114577913872168,1.7470057872778106,0.0
map,62,46,1788733434.3034406,3.1387920865962684,1.7532283215502211,0.0
map,62,47,1788733434.3034406,3.162986422894292,1.759524098011223,0.0
map,62,48,1788733434.3034406,3.187177707434458,1.7658305556247278,0.0
map,62,49,1788733434.3034406,3.2113674660956946,1.7721431167539485,0.0
map,62,50,1788733434.3034406,3.2355587506358603,1.7784511002463823,0.0
map,62,51,1788733434.3034406,3.259746983418168,1.784769764891319,0.0
map,62,52,1788733434.3034406,3.283935216200476,1.7910884295362557,0.0
map,62,53,1788733434.3034406,3.3081219231038546,1.7974162494547663,0.0
map,62,54,1788733434.3034406,3.3323055782493753,1.803747121131135,0.0
map,62,55,1788733434.3034406,3.3564739746056063,1.810145131480379,0.0
map,62,56,1788733434.3034406,3.380642370961837,1.816538564192836,0.0
map,62,57,1788733434.3034406,3.404809241439139,1.82293657454208,0.0
map,62,58,1788733434.3034406,3.42897763779537,1.829334584891324,0.0
map,62,59,1788733434.3034406,3.453142982393743,1.835738698756284,0.0
map,62,60,1788733434.3034406,3.477308326992116,1.842144338500173,0.0
map,62,61,1788733434.3034406,3.50147214571156,1.848557607638707,0.0
map,62,62,1788733434.3034406,3.525634438552075,1.8549739285350988,0.0
map,62,63,1788733434.3034406,3.549784524361158,1.8614406034361473,0.0
map,62,64,1788733434.3034406,3.573934610170241,1.8679042265793377,0.0
map,62,65,1788733434.3034406,3.598083170100395,1.8743724273593152,0.0
map,62,66,1788733434.3034406,3.622231730030549,1.8808406281392926,0.0
map,62,67,1788733434.3034406,3.646378764081774,1.887316458313915,0.0
map,62,68,1788733434.3034406,3.6705257981329993,1.8937907626096084,0.0
map,62,69,1788733434.3034406,3.6946697804263664,1.9002742221788758,0.0
map,62,70,1788733434.3034406,3.7188046074461596,1.9067943028424388,0.0
map,62,71,1788733434.3034406,3.742937908587024,1.9133204870217178,0.0
map,62,72,1788733434.3034406,3.767072735606817,1.9198420935642098,0.0
map,62,73,1788733434.3034406,3.791204510868752,1.9263713295013467,0.0
map,62,74,1788733434.3034406,3.8153378120096164,1.9328990395595547,0.0
map,62,75,1788733434.3034406,3.8394680613926226,1.9394328531334786,0.0
map,62,76,1788733434.3034406,3.863599836654558,1.9459666667074025,0.0
map,62,77,1788733434.3034406,3.887728560158635,1.9525081096759713,0.0
map,62,78,1788733434.3034406,3.9118496542680674,1.959078544344191,0.0
map,62,79,1788733434.3034406,3.9359692224985707,1.9656550825281265,0.0
map,62,80,1788733434.3034406,3.960087264850145,1.97223467246992,0.0
map,62,81,1788733434.3034406,3.9842068330806484,1.9788142624117135,0.0
map,62,82,1788733434.3034406,4.008323349553294,1.985398429990294,0.0
map,62,83,1788733434.3034406,4.032441391904868,1.9919825975688745,0.0
map,62,84,1788733434.3034406,4.056556382498584,1.998572868663171,0.0
map,62,85,1788733434.3034406,4.080671373092301,2.0051661915153254,0.0
map,62,86,1788733434.3034406,4.104778734291372,2.0117869801882016,0.0
map,62,87,1788733434.3034406,4.128886095490444,2.0184062429821488,0.0
map,62,88,1788733434.3034406,4.152993456689515,2.025030083412883,0.0
map,62,89,1788733434.3034406,4.1770992920096575,2.031653923843617,0.0
map,62,90,1788733434.3034406,4.2012051273298,2.038283867790067,0.0
map,62,91,1788733434.3034406,4.225309436771013,2.0449122858575883,0.0
map,62,92,1788733434.3034406,4.249413746212227,2.0515468074408254,0.0
map,62,93,1788733434.3034406,4.273510426258795,2.0582042172079973,0.0
map,62,94,1788733434.3034406,4.297607106305364,2.064864678733027,0.0
map,62,95,1788733434.3034406,4.321703786351932,2.071523614379128,0.0
map,62,96,1788733434.3034406,4.345800466398501,2.078187127662016,0.0
map,62,97,1788733434.3034406,4.36989562056614,2.0848506409449037,0.0
map,62,98,1788733434.3034406,4.393989248854851,2.0915187318645785,0.0
map,62,99,1788733434.3034406,4.41808440302249,2.0981883486631823,0.0
map,62,100,1788733434.3034406,4.442176505432272,2.104862543098573,0.0
map,62,101,1788733434.3034406,4.4662640302052665,2.1115535222021826,0.0
map,62,102,1788733434.3034406,4.490351554978261,2.118249078942579,0.0
map,62,103,1788733434.3034406,4.514437553872327,2.1249446356829758,0.0
map,62,104,1788733434.3034406,4.538523552766392,2.1316432441812303,0.0
map,62,105,1788733434.3034406,4.562609551660458,2.138341852679485,0.0
map,62,106,1788733434.3034406,4.5866940246755945,2.1450450388145264,0.0
map,62,107,1788733434.3034406,4.610776971811802,2.151754328465284,0.0
map,62,108,1788733434.3034406,4.634855341311223,2.158478876905331,0.0
map,62,109,1788733434.3034406,4.6589337108106434,2.1652064771032364,0.0
map,62,110,1788733434.3034406,4.683010554431135,2.1719340773011417,0.0
map,62,111,1788733434.3034406,4.707087398051627,2.178664729256905,0.0
map,62,112,1788733434.3034406,4.7311642416721185,2.1853969070915973,0.0
map,62,113,1788733434.3034406,4.75524108529261,2.1921306108052185,0.0
map,62,114,1788733434.3034406,4.779316403034173,2.1988673662766978,0.0
map,62,115,1788733434.3034406,4.8033901948968065,2.205608699384964,0.0
map,62,116,1788733434.3034406,4.827460935001582,2.212362239524662,0.0
map,62,117,1788733434.3034406,4.851530149227429,2.219120357301147,0.0
map,62,118,1788733434.3034406,4.875599363453276,2.225876949198703,0.0
map,62,119,1788733434.3034406,4.8996670518001935,2.232636592854117,0.0
map,62,120,1788733434.3034406,4.92373626602604,2.2393977623884602,0.0
map,62,121,1788733434.3034406,4.947803954372958,2.24616350955959,0.0
map,62,122,1788733434.3034406,4.971870116840947,2.25292925673072,0.0
map,62,123,1788733434.3034406,4.9959332275510775,2.25971026269114,0.0
map,62,124,1788733434.3034406,5.019996338261208,2.266492794530489,0.0
map,62,125,1788733434.3034406,5.04405792309241,2.2732768522487667,0.0
map,62,126,1788733434.3034406,5.068119507923612,2.2800624358459736,0.0
map,62,127,1788733434.3034406,5.092179566875885,2.2868495453221094,0.0
map,62,128,1788733434.3034406,5.1162411517070865,2.293638180677174,0.0
map,62,129,1788733434.3034406,5.14029968478043,2.300431393669026,0.0
map,62,130,1788733434.3034406,5.164356691974845,2.3072352878133806,0.0
map,62,131,1788733434.3034406,5.188412173290331,2.3140422337155933,0.0
map,62,132,1788733434.3034406,5.212467654605817,2.320849179617806,0.0
map,62,133,1788733434.3034406,5.236521610042374,2.3276591772778765,0.0
map,62,134,1788733434.3034406,5.260575565478931,2.334472226695805,0.0
map,62,135,1788733434.3034406,5.284629520915487,2.3412852761137337,0.0
map,62,136,1788733434.3034406,5.308681950473115,2.3481029031684493,0.0
map,62,137,1788733434.3034406,5.332734380030743,2.354920530223165,0.0
map,62,138,1788733434.3034406,5.356783757830513,2.3617503643093123,0.0
map,62,139,1788733434.3034406,5.380831609751354,2.3685817242743887,0.0
map,62,140,1788733434.3034406,5.404879461672195,2.375414610118394,0.0
map,62,141,1788733434.3034406,5.428927313593036,2.3822490218413286,0.0
map,62,142,1788733434.3034406,5.452975165513877,2.389084959443192,0.0
map,62,143,1788733434.3034406,5.477021491555789,2.3959239488029134,0.0
map,62,144,1788733434.3034406,5.501067817597701,2.4027644640415637,0.0
map,62,145,1788733434.3034406,5.5251110918817545,2.409614134553788,0.0
map,62,146,1788733434.3034406,5.5491528402868795,2.4164668568238703,0.0
map,62,147,1788733434.3034406,5.5731945886920045,2.4233211049728816,0.0
map,62,148,1788733434.3034406,5.597236337097129,2.430175353121893,0.0
map,62,149,1788733434.3034406,5.621278085502254,2.437032653028762,0.0
map,62,150,1788733434.3034406,5.64531830802845,2.4438914788145603,0.0
map,62,151,1788733434.3034406,5.669358530554646,2.4507518304792875,0.0
map,62,152,1788733434.3034406,5.693395701322984,2.4576228632965176,0.0
map,62,153,1788733434.3034406,5.717432872091322,2.4644954219926767,0.0
map,62,154,1788733434.3034406,5.74147004285966,2.4713695065677648,0.0
map,62,155,1788733434.3034406,5.765505687749069,2.478243591142853,0.0
map,62,156,1788733434.3034406,5.789541332638478,2.485120727475799,0.0
map,62,157,1788733434.3034406,5.81358765868039,2.4919612427144493,0.0
map,62,158,1788733434.3034406,5.837624829448728,2.4988322755316794,0.0
map,62,159,1788733434.3034406,5.861658948459208,2.5057139895014124,0.0
map,62,160,1788733434.3034406,5.9075,2.537,0.9668000000000001
map,63,0,1788733435.322964,2.0116588910897377,1.5557139753453093,0.0
map,63,1,1788733435.322964,2.0373180711595893,1.5556758283720846,0.0
map,63,2,1788733435.322964,2.0623180715321183,1.5556575178249368,0.0
map,63,3,1788733435.322964,2.0873180719046474,1.555631577883144,0.0
map,63,4,1788733435.322964,2.1123180722771764,1.5555995344256353,0.0
map,63,5,1788733435.322964,2.1373180726497054,1.5555583356945526,0.0
map,63,6,1788733435.322964,2.1623180730222344,1.555509507568825,0.0
map,63,7,1788733435.322964,2.1873180733947635,1.5554499982905945,0.0
map,63,8,1788733435.322964,2.2123180737672925,1.555378281980932,0.0
map,63,9,1788733435.322964,2.2373180741398215,1.5552943586398378,0.0
map,63,10,1788733435.322964,2.2623180745123506,1.5551982282673116,0.0
map,63,11,1788733435.322964,2.2873180748848796,1.5550868391054955,0.0
map,63,12,1788733435.322964,2.3123165493784796,1.5549617170333185,0.0
map,63,13,1788733435.322964,2.3367382416369225,1.5603099226794193,0.0
map,63,14,1788733435.322964,2.3611568821375073,1.565668809478023,0.0
map,63,15,1788733435.322964,2.385590781427382,1.57096208348268,0.0
map,63,16,1788733435.322964,2.410017051322612,1.576287400944846,0.0
map,63,17,1788733435.322964,2.4344494247335575,1.5815806749495032,0.0
map,63,18,1788733435.322964,2.4588726428709293,1.58691972532203,0.0
map,63,19,1788733435.322964,2.48329738688723,1.5922526721788408,0.0
map,63,20,1788733435.322964,2.507709923872099,1.5976420765560242,0.0
map,63,21,1788733435.322964,2.532120934978039,1.6030375844489235,0.0
map,63,22,1788733435.322964,2.5564342898325236,1.6088557608051524,0.0
map,63,23,1788733435.322964,2.5807567999605823,1.6146373160670855,0.0
map,63,24,1788733435.322964,2.605074732451854,1.6204356559972375,0.0
map,63,25,1788733435.322964,2.6293987684588416,1.6262126336223837,0.0
map,63,26,1788733435.322964,2.6537151750711843,1.6320140253103936,0.0
map,63,27,1788733435.322964,2.678036159320314,1.6378062617248297,0.0
map,63,28,1788733435.322964,2.7023479882958696,1.6436290157178455,0.0
map,63,29,1788733435.322964,2.7266613431503544,1.6494502438319323,0.0
map,63,30,1788733435.322964,2.750965542731265,1.6553065671613858,0.0
map,63,31,1788733435.322964,2.7752285435810933,1.661332263051957,0.0
map,63,32,1788733435.322964,2.7994884926730634,1.66737016597396,0.0
map,63,33,1788733435.322964,2.8237514935228916,1.673394335985602,0.0
map,63,34,1788733435.322964,2.8480099167359327,1.679435290665463,0.0
map,63,35,1788733435.322964,2.872271391706832,1.685468615950679,0.0
map,63,36,1788733435.322964,2.896528289040944,1.691523303540901,0.0
map,63,37,1788733435.322964,2.9207836604961273,1.6975734134943359,0.0
map,63,38,1788733435.322964,2.9450344543145235,1.7036494633895636,0.0
map,63,39,1788733435.322964,2.969257782312198,1.7098323248098204,0.0
map,63,40,1788733435.322964,2.9934780585520144,1.7160258673825801,0.0
map,63,41,1788733435.322964,3.017701386549689,1.722208728802837,0.0
map,63,42,1788733435.322964,3.0419216627895054,1.7284053231334546,0.0
map,63,43,1788733435.322964,3.066143464908251,1.7345958139483564,0.0
map,63,44,1788733435.322964,3.0903606893902094,1.740803089431477,0.0
map,63,45,1788733435.322964,3.114577913872168,1.7470057872778106,0.0
map,63,46,1788733435.322964,3.1387920865962684,1.7532283215502211,0.0
map,63,47,1788733435.322964,3.162986422894292,1.759524098011223,0.0
map,63,48,1788733435.322964,3.187177707434458,1.7658305556247278,0.0
map,63,49,1788733435.322964,3.2113674660956946,1.7721431167539485,0.0
map,63,50,1788733435.322964,3.2355587506358603,1.7784511002463823,0.0
map,63,51,1788733435.322964,3.259746983418168,1.784769764891319,0.0
map,63,52,1788733435.322964,3.283935216200476,1.7910884295362557,0.0
map,63,53,1788733435.322964,3.3081219231038546,1.7974162494547663,0.0
map,63,54,1788733435.322964,3.3323055782493753,1.803747121131135,0.0
map,63,55,1788733435.322964,3.3564739746056063,1.810145131480379,0.0
map,63,56,1788733435.322964,3.380642370961837,1.816538564192836,0.0
map,63,57,1788733435.322964,3.404809241439139,1.82293657454208,0.0
map,63,58,1788733435.322964,3.42897763779537,1.829334584891324,0.0
map,63,59,1788733435.322964,3.453142982393743,1.835738698756284,0.0
map,63,60,1788733435.322964,3.477308326992116,1.842144338500173,0.0
map,63,61,1788733435.322964,3.50147214571156,1.848557607638707,0.0
map,63,62,1788733435.322964,3.525634438552075,1.8549739285350988,0.0
map,63,63,1788733435.322964,3.549784524361158,1.8614406034361473,0.0
map,63,64,1788733435.322964,3.573934610170241,1.8679042265793377,0.0
map,63,65,1788733435.322964,3.598083170100395,1.8743724273593152,0.0
map,63,66,1788733435.322964,3.622231730030549,1.8808406281392926,0.0
map,63,67,1788733435.322964,3.646378764081774,1.887316458313915,0.0
map,63,68,1788733435.322964,3.6705257981329993,1.8937907626096084,0.0
map,63,69,1788733435.322964,3.6946697804263664,1.9002742221788758,0.0
map,63,70,1788733435.322964,3.7188046074461596,1.9067943028424388,0.0
map,63,71,1788733435.322964,3.742937908587024,1.9133204870217178,0.0
map,63,72,1788733435.322964,3.767072735606817,1.9198420935642098,0.0
map,63,73,1788733435.322964,3.791204510868752,1.9263713295013467,0.0
map,63,74,1788733435.322964,3.8153378120096164,1.9328990395595547,0.0
map,63,75,1788733435.322964,3.8394680613926226,1.9394328531334786,0.0
map,63,76,1788733435.322964,3.863599836654558,1.9459666667074025,0.0
map,63,77,1788733435.322964,3.887728560158635,1.9525081096759713,0.0
map,63,78,1788733435.322964,3.9118496542680674,1.959078544344191,0.0
map,63,79,1788733435.322964,3.9359692224985707,1.9656550825281265,0.0
map,63,80,1788733435.322964,3.960087264850145,1.97223467246992,0.0
map,63,81,1788733435.322964,3.9842068330806484,1.9788142624117135,0.0
map,63,82,1788733435.322964,4.008323349553294,1.985398429990294,0.0
map,63,83,1788733435.322964,4.032441391904868,1.9919825975688745,0.0
map,63,84,1788733435.322964,4.056556382498584,1.998572868663171,0.0
map,63,85,1788733435.322964,4.080671373092301,2.0051661915153254,0.0
map,63,86,1788733435.322964,4.104778734291372,2.0117869801882016,0.0
map,63,87,1788733435.322964,4.128886095490444,2.0184062429821488,0.0
map,63,88,1788733435.322964,4.152993456689515,2.025030083412883,0.0
map,63,89,1788733435.322964,4.1770992920096575,2.031653923843617,0.0
map,63,90,1788733435.322964,4.2012051273298,2.038283867790067,0.0
map,63,91,1788733435.322964,4.225309436771013,2.0449122858575883,0.0
map,63,92,1788733435.322964,4.249413746212227,2.0515468074408254,0.0
map,63,93,1788733435.322964,4.273510426258795,2.0582042172079973,0.0
map,63,94,1788733435.322964,4.297607106305364,2.064864678733027,0.0
map,63,95,1788733435.322964,4.321703786351932,2.071523614379128,0.0
map,63,96,1788733435.322964,4.345800466398501,2.078187127662016,0.0
map,63,97,1788733435.322964,4.36989562056614,2.0848506409449037,0.0
map,63,98,1788733435.322964,4.393989248854851,2.0915187318645785,0.0
map,63,99,1788733435.322964,4.41808440302249,2.0981883486631823,0.0
map,63,100,1788733435.322964,4.442176505432272,2.104862543098573,0.0
map,63,101,1788733435.322964,4.4662640302052665,2.1115535222021826,0.0
map,63,102,1788733435.322964,4.490351554978261,2.118249078942579,0.0
map,63,103,1788733435.322964,4.514437553872327,2.1249446356829758,0.0
map,63,104,1788733435.322964,4.538523552766392,2.1316432441812303,0.0
map,63,105,1788733435.322964,4.562609551660458,2.138341852679485,0.0
map,63,106,1788733435.322964,4.5866940246755945,2.1450450388145264,0.0
map,63,107,1788733435.322964,4.610776971811802,2.151754328465284,0.0
map,63,108,1788733435.322964,4.634855341311223,2.158478876905331,0.0
map,63,109,1788733435.322964,4.6589337108106434,2.1652064771032364,0.0
map,63,110,1788733435.322964,4.683010554431135,2.1719340773011417,0.0
map,63,111,1788733435.322964,4.707087398051627,2.178664729256905,0.0
map,63,112,1788733435.322964,4.7311642416721185,2.1853969070915973,0.0
map,63,113,1788733435.322964,4.75524108529261,2.1921306108052185,0.0
map,63,114,1788733435.322964,4.779316403034173,2.1988673662766978,0.0
map,63,115,1788733435.322964,4.8033901948968065,2.205608699384964,0.0
map,63,116,1788733435.322964,4.827460935001582,2.212362239524662,0.0
map,63,117,1788733435.322964,4.851530149227429,2.219120357301147,0.0
map,63,118,1788733435.322964,4.875599363453276,2.225876949198703,0.0
map,63,119,1788733435.322964,4.8996670518001935,2.232636592854117,0.0
map,63,120,1788733435.322964,4.92373626602604,2.2393977623884602,0.0
map,63,121,1788733435.322964,4.947803954372958,2.24616350955959,0.0
map,63,122,1788733435.322964,4.971870116840947,2.25292925673072,0.0
map,63,123,1788733435.322964,4.9959332275510775,2.25971026269114,0.0
map,63,124,1788733435.322964,5.019996338261208,2.266492794530489,0.0
map,63,125,1788733435.322964,5.04405792309241,2.2732768522487667,0.0
map,63,126,1788733435.322964,5.068119507923612,2.2800624358459736,0.0
map,63,127,1788733435.322964,5.092179566875885,2.2868495453221094,0.0
map,63,128,1788733435.322964,5.1162411517070865,2.293638180677174,0.0
map,63,129,1788733435.322964,5.14029968478043,2.300431393669026,0.0
map,63,130,1788733435.322964,5.164356691974845,2.3072352878133806,0.0
map,63,131,1788733435.322964,5.188412173290331,2.3140422337155933,0.0
map,63,132,1788733435.322964,5.212467654605817,2.320849179617806,0.0
map,63,133,1788733435.322964,5.236521610042374,2.3276591772778765,0.0
map,63,134,1788733435.322964,5.260575565478931,2.334472226695805,0.0
map,63,135,1788733435.322964,5.284629520915487,2.3412852761137337,0.0
map,63,136,1788733435.322964,5.308681950473115,2.3481029031684493,0.0
map,63,137,1788733435.322964,5.332734380030743,2.354920530223165,0.0
map,63,138,1788733435.322964,5.356783757830513,2.3617503643093123,0.0
map,63,139,1788733435.322964,5.380831609751354,2.3685817242743887,0.0
map,63,140,1788733435.322964,5.404879461672195,2.375414610118394,0.0
map,63,141,1788733435.322964,5.428927313593036,2.3822490218413286,0.0
map,63,142,1788733435.322964,5.452975165513877,2.389084959443192,0.0
map,63,143,1788733435.322964,5.477021491555789,2.3959239488029134,0.0
map,63,144,1788733435.322964,5.501067817597701,2.4027644640415637,0.0
map,63,145,1788733435.322964,5.5251110918817545,2.409614134553788,0.0
map,63,146,1788733435.322964,5.5491528402868795,2.4164668568238703,0.0
map,63,147,1788733435.322964,5.5731945886920045,2.4233211049728816,0.0
map,63,148,1788733435.322964,5.597236337097129,2.430175353121893,0.0
map,63,149,1788733435.322964,5.621278085502254,2.437032653028762,0.0
map,63,150,1788733435.322964,5.64531830802845,2.4438914788145603,0.0
map,63,151,1788733435.322964,5.669358530554646,2.4507518304792875,0.0
map,63,152,1788733435.322964,5.693395701322984,2.4576228632965176,0.0
map,63,153,1788733435.322964,5.717432872091322,2.4644954219926767,0.0
map,63,154,1788733435.322964,5.74147004285966,2.4713695065677648,0.0
map,63,155,1788733435.322964,5.765505687749069,2.478243591142853,0.0
map,63,156,1788733435.322964,5.789541332638478,2.485120727475799,0.0
map,63,157,1788733435.322964,5.81358765868039,2.4919612427144493,0.0
map,63,158,1788733435.322964,5.837624829448728,2.4988322755316794,0.0
map,63,159,1788733435.322964,5.861658948459208,2.5057139895014124,0.0
map,63,160,1788733435.322964,5.9075,2.537,0.9668000000000001
map,64,0,1788733436.3542585,2.0116588910897377,1.5557139753453093,0.0
map,64,1,1788733436.3542585,2.0373180711595893,1.5556758283720846,0.0
map,64,2,1788733436.3542585,2.0623180715321183,1.5556575178249368,0.0
map,64,3,1788733436.3542585,2.0873180719046474,1.555631577883144,0.0
map,64,4,1788733436.3542585,2.1123180722771764,1.5555995344256353,0.0
map,64,5,1788733436.3542585,2.1373180726497054,1.5555583356945526,0.0
map,64,6,1788733436.3542585,2.1623180730222344,1.555509507568825,0.0
map,64,7,1788733436.3542585,2.1873180733947635,1.5554499982905945,0.0
map,64,8,1788733436.3542585,2.2123180737672925,1.555378281980932,0.0
map,64,9,1788733436.3542585,2.2373180741398215,1.5552943586398378,0.0
map,64,10,1788733436.3542585,2.2623180745123506,1.5551982282673116,0.0
map,64,11,1788733436.3542585,2.2873180748848796,1.5550868391054955,0.0
map,64,12,1788733436.3542585,2.3123165493784796,1.5549617170333185,0.0
map,64,13,1788733436.3542585,2.3367382416369225,1.5603099226794193,0.0
map,64,14,1788733436.3542585,2.3611568821375073,1.565668809478023,0.0
map,64,15,1788733436.3542585,2.385590781427382,1.57096208348268,0.0
map,64,16,1788733436.3542585,2.410017051322612,1.576287400944846,0.0
map,64,17,1788733436.3542585,2.4344494247335575,1.5815806749495032,0.0
map,64,18,1788733436.3542585,2.4588726428709293,1.58691972532203,0.0
map,64,19,1788733436.3542585,2.48329738688723,1.5922526721788408,0.0
map,64,20,1788733436.3542585,2.507709923872099,1.5976420765560242,0.0
map,64,21,1788733436.3542585,2.532120934978039,1.6030375844489235,0.0
map,64,22,1788733436.3542585,2.5564342898325236,1.6088557608051524,0.0
map,64,23,1788733436.3542585,2.5807567999605823,1.6146373160670855,0.0
map,64,24,1788733436.3542585,2.605074732451854,1.6204356559972375,0.0
map,64,25,1788733436.3542585,2.6293987684588416,1.6262126336223837,0.0
map,64,26,1788733436.3542585,2.6537151750711843,1.6320140253103936,0.0
map,64,27,1788733436.3542585,2.678036159320314,1.6378062617248297,0.0
map,64,28,1788733436.3542585,2.7023479882958696,1.6436290157178455,0.0
map,64,29,1788733436.3542585,2.7266613431503544,1.6494502438319323,0.0
map,64,30,1788733436.3542585,2.750965542731265,1.6553065671613858,0.0
map,64,31,1788733436.3542585,2.7752285435810933,1.661332263051957,0.0
map,64,32,1788733436.3542585,2.7994884926730634,1.66737016597396,0.0
map,64,33,1788733436.3542585,2.8237514935228916,1.673394335985602,0.0
map,64,34,1788733436.3542585,2.8480099167359327,1.679435290665463,0.0
map,64,35,1788733436.3542585,2.872271391706832,1.685468615950679,0.0
map,64,36,1788733436.3542585,2.896528289040944,1.691523303540901,0.0
map,64,37,1788733436.3542585,2.9207836604961273,1.6975734134943359,0.0
map,64,38,1788733436.3542585,2.9450344543145235,1.7036494633895636,0.0
map,64,39,1788733436.3542585,2.969257782312198,1.7098323248098204,0.0
map,64,40,1788733436.3542585,2.9934780585520144,1.7160258673825801,0.0
map,64,41,1788733436.3542585,3.017701386549689,1.722208728802837,0.0
map,64,42,1788733436.3542585,3.0419216627895054,1.7284053231334546,0.0
map,64,43,1788733436.3542585,3.066143464908251,1.7345958139483564,0.0
map,64,44,1788733436.3542585,3.0903606893902094,1.740803089431477,0.0
map,64,45,1788733436.3542585,3.114577913872168,1.7470057872778106,0.0
map,64,46,1788733436.3542585,3.1387920865962684,1.7532283215502211,0.0
map,64,47,1788733436.3542585,3.162986422894292,1.759524098011223,0.0
map,64,48,1788733436.3542585,3.187177707434458,1.7658305556247278,0.0
map,64,49,1788733436.3542585,3.2113674660956946,1.7721431167539485,0.0
map,64,50,1788733436.3542585,3.2355587506358603,1.7784511002463823,0.0
map,64,51,1788733436.3542585,3.259746983418168,1.784769764891319,0.0
map,64,52,1788733436.3542585,3.283935216200476,1.7910884295362557,0.0
map,64,53,1788733436.3542585,3.3081219231038546,1.7974162494547663,0.0
map,64,54,1788733436.3542585,3.3323055782493753,1.803747121131135,0.0
map,64,55,1788733436.3542585,3.3564739746056063,1.810145131480379,0.0
map,64,56,1788733436.3542585,3.380642370961837,1.816538564192836,0.0
map,64,57,1788733436.3542585,3.404809241439139,1.82293657454208,0.0
map,64,58,1788733436.3542585,3.42897763779537,1.829334584891324,0.0
map,64,59,1788733436.3542585,3.453142982393743,1.835738698756284,0.0
map,64,60,1788733436.3542585,3.477308326992116,1.842144338500173,0.0
map,64,61,1788733436.3542585,3.50147214571156,1.848557607638707,0.0
map,64,62,1788733436.3542585,3.525634438552075,1.8549739285350988,0.0
map,64,63,1788733436.3542585,3.549784524361158,1.8614406034361473,0.0
map,64,64,1788733436.3542585,3.573934610170241,1.8679042265793377,0.0
map,64,65,1788733436.3542585,3.598083170100395,1.8743724273593152,0.0
map,64,66,1788733436.3542585,3.622231730030549,1.8808406281392926,0.0
map,64,67,1788733436.3542585,3.646378764081774,1.887316458313915,0.0
map,64,68,1788733436.3542585,3.6705257981329993,1.8937907626096084,0.0
map,64,69,1788733436.3542585,3.6946697804263664,1.9002742221788758,0.0
map,64,70,1788733436.3542585,3.7188046074461596,1.9067943028424388,0.0
map,64,71,1788733436.3542585,3.742937908587024,1.9133204870217178,0.0
map,64,72,1788733436.3542585,3.767072735606817,1.9198420935642098,0.0
map,64,73,1788733436.3542585,3.791204510868752,1.9263713295013467,0.0
map,64,74,1788733436.3542585,3.8153378120096164,1.9328990395595547,0.0
map,64,75,1788733436.3542585,3.8394680613926226,1.9394328531334786,0.0
map,64,76,1788733436.3542585,3.863599836654558,1.9459666667074025,0.0
map,64,77,1788733436.3542585,3.887728560158635,1.9525081096759713,0.0
map,64,78,1788733436.3542585,3.9118496542680674,1.959078544344191,0.0
map,64,79,1788733436.3542585,3.9359692224985707,1.9656550825281265,0.0
map,64,80,1788733436.3542585,3.960087264850145,1.97223467246992,0.0
map,64,81,1788733436.3542585,3.9842068330806484,1.9788142624117135,0.0
map,64,82,1788733436.3542585,4.008323349553294,1.985398429990294,0.0
map,64,83,1788733436.3542585,4.032441391904868,1.9919825975688745,0.0
map,64,84,1788733436.3542585,4.056556382498584,1.998572868663171,0.0
map,64,85,1788733436.3542585,4.080671373092301,2.0051661915153254,0.0
map,64,86,1788733436.3542585,4.104778734291372,2.0117869801882016,0.0
map,64,87,1788733436.3542585,4.128886095490444,2.0184062429821488,0.0
map,64,88,1788733436.3542585,4.152993456689515,2.025030083412883,0.0
map,64,89,1788733436.3542585,4.1770992920096575,2.031653923843617,0.0
map,64,90,1788733436.3542585,4.2012051273298,2.038283867790067,0.0
map,64,91,1788733436.3542585,4.225309436771013,2.0449122858575883,0.0
map,64,92,1788733436.3542585,4.249413746212227,2.0515468074408254,0.0
map,64,93,1788733436.3542585,4.273510426258795,2.0582042172079973,0.0
map,64,94,1788733436.3542585,4.297607106305364,2.064864678733027,0.0
map,64,95,1788733436.3542585,4.321703786351932,2.071523614379128,0.0
map,64,96,1788733436.3542585,4.345800466398501,2.078187127662016,0.0
map,64,97,1788733436.3542585,4.36989562056614,2.0848506409449037,0.0
map,64,98,1788733436.3542585,4.393989248854851,2.0915187318645785,0.0
map,64,99,1788733436.3542585,4.41808440302249,2.0981883486631823,0.0
map,64,100,1788733436.3542585,4.442176505432272,2.104862543098573,0.0
map,64,101,1788733436.3542585,4.4662640302052665,2.1115535222021826,0.0
map,64,102,1788733436.3542585,4.490351554978261,2.118249078942579,0.0
map,64,103,1788733436.3542585,4.514437553872327,2.1249446356829758,0.0
map,64,104,1788733436.3542585,4.538523552766392,2.1316432441812303,0.0
map,64,105,1788733436.3542585,4.562609551660458,2.138341852679485,0.0
map,64,106,1788733436.3542585,4.5866940246755945,2.1450450388145264,0.0
map,64,107,1788733436.3542585,4.610776971811802,2.151754328465284,0.0
map,64,108,1788733436.3542585,4.634855341311223,2.158478876905331,0.0
map,64,109,1788733436.3542585,4.6589337108106434,2.1652064771032364,0.0
map,64,110,1788733436.3542585,4.683010554431135,2.1719340773011417,0.0
map,64,111,1788733436.3542585,4.707087398051627,2.178664729256905,0.0
map,64,112,1788733436.3542585,4.7311642416721185,2.1853969070915973,0.0
map,64,113,1788733436.3542585,4.75524108529261,2.1921306108052185,0.0
map,64,114,1788733436.3542585,4.779316403034173,2.1988673662766978,0.0
map,64,115,1788733436.3542585,4.8033901948968065,2.205608699384964,0.0
map,64,116,1788733436.3542585,4.827460935001582,2.212362239524662,0.0
map,64,117,1788733436.3542585,4.851530149227429,2.219120357301147,0.0
map,64,118,1788733436.3542585,4.875599363453276,2.225876949198703,0.0
map,64,119,1788733436.3542585,4.8996670518001935,2.232636592854117,0.0
map,64,120,1788733436.3542585,4.92373626602604,2.2393977623884602,0.0
map,64,121,1788733436.3542585,4.947803954372958,2.24616350955959,0.0
map,64,122,1788733436.3542585,4.971870116840947,2.25292925673072,0.0
map,64,123,1788733436.3542585,4.9959332275510775,2.25971026269114,0.0
map,64,124,1788733436.3542585,5.019996338261208,2.266492794530489,0.0
map,64,125,1788733436.3542585,5.04405792309241,2.2732768522487667,0.0
map,64,126,1788733436.3542585,5.068119507923612,2.2800624358459736,0.0
map,64,127,1788733436.3542585,5.092179566875885,2.2868495453221094,0.0
map,64,128,1788733436.3542585,5.1162411517070865,2.293638180677174,0.0
map,64,129,1788733436.3542585,5.14029968478043,2.300431393669026,0.0
map,64,130,1788733436.3542585,5.164356691974845,2.3072352878133806,0.0
map,64,131,1788733436.3542585,5.188412173290331,2.3140422337155933,0.0
map,64,132,1788733436.3542585,5.212467654605817,2.320849179617806,0.0
map,64,133,1788733436.3542585,5.236521610042374,2.3276591772778765,0.0
map,64,134,1788733436.3542585,5.260575565478931,2.334472226695805,0.0
map,64,135,1788733436.3542585,5.284629520915487,2.3412852761137337,0.0
map,64,136,1788733436.3542585,5.308681950473115,2.3481029031684493,0.0
map,64,137,1788733436.3542585,5.332734380030743,2.354920530223165,0.0
map,64,138,1788733436.3542585,5.356783757830513,2.3617503643093123,0.0
map,64,139,1788733436.3542585,5.380831609751354,2.3685817242743887,0.0
map,64,140,1788733436.3542585,5.404879461672195,2.375414610118394,0.0
map,64,141,1788733436.3542585,5.428927313593036,2.3822490218413286,0.0
map,64,142,1788733436.3542585,5.452975165513877,2.389084959443192,0.0
map,64,143,1788733436.3542585,5.477021491555789,2.3959239488029134,0.0
map,64,144,1788733436.3542585,5.501067817597701,2.4027644640415637,0.0
map,64,145,1788733436.3542585,5.5251110918817545,2.409614134553788,0.0
map,64,146,1788733436.3542585,5.5491528402868795,2.4164668568238703,0.0
map,64,147,1788733436.3542585,5.5731945886920045,2.4233211049728816,0.0
map,64,148,1788733436.3542585,5.597236337097129,2.430175353121893,0.0
map,64,149,1788733436.3542585,5.621278085502254,2.437032653028762,0.0
map,64,150,1788733436.3542585,5.64531830802845,2.4438914788145603,0.0
map,64,151,1788733436.3542585,5.669358530554646,2.4507518304792875,0.0
map,64,152,1788733436.3542585,5.693395701322984,2.4576228632965176,0.0
map,64,153,1788733436.3542585,5.717432872091322,2.4644954219926767,0.0
map,64,154,1788733436.3542585,5.74147004285966,2.4713695065677648,0.0
map,64,155,1788733436.3542585,5.765505687749069,2.478243591142853,0.0
map,64,156,1788733436.3542585,5.789541332638478,2.485120727475799,0.0
map,64,157,1788733436.3542585,5.81358765868039,2.4919612427144493,0.0
map,64,158,1788733436.3542585,5.837624829448728,2.4988322755316794,0.0
map,64,159,1788733436.3542585,5.861658948459208,2.5057139895014124,0.0
map,64,160,1788733436.3542585,5.9075,2.537,0.9668000000000001
map,65,0,1788733437.3842428,2.0116588910897377,1.5557139753453093,0.0
map,65,1,1788733437.3842428,2.0373180711595893,1.5556758283720846,0.0
map,65,2,1788733437.3842428,2.0623180715321183,1.5556575178249368,0.0
map,65,3,1788733437.3842428,2.0873180719046474,1.555631577883144,0.0
map,65,4,1788733437.3842428,2.1123180722771764,1.5555995344256353,0.0
map,65,5,1788733437.3842428,2.1373180726497054,1.5555583356945526,0.0
map,65,6,1788733437.3842428,2.1623180730222344,1.555509507568825,0.0
map,65,7,1788733437.3842428,2.1873180733947635,1.5554499982905945,0.0
map,65,8,1788733437.3842428,2.2123180737672925,1.555378281980932,0.0
map,65,9,1788733437.3842428,2.2373180741398215,1.5552943586398378,0.0
map,65,10,1788733437.3842428,2.2623180745123506,1.5551982282673116,0.0
map,65,11,1788733437.3842428,2.2873180748848796,1.5550868391054955,0.0
map,65,12,1788733437.3842428,2.3123165493784796,1.5549617170333185,0.0
map,65,13,1788733437.3842428,2.3367382416369225,1.5603099226794193,0.0
map,65,14,1788733437.3842428,2.3611568821375073,1.565668809478023,0.0
map,65,15,1788733437.3842428,2.385590781427382,1.57096208348268,0.0
map,65,16,1788733437.3842428,2.410017051322612,1.576287400944846,0.0
map,65,17,1788733437.3842428,2.4344494247335575,1.5815806749495032,0.0
map,65,18,1788733437.3842428,2.4588726428709293,1.58691972532203,0.0
map,65,19,1788733437.3842428,2.48329738688723,1.5922526721788408,0.0
map,65,20,1788733437.3842428,2.507709923872099,1.5976420765560242,0.0
map,65,21,1788733437.3842428,2.532120934978039,1.6030375844489235,0.0
map,65,22,1788733437.3842428,2.5564342898325236,1.6088557608051524,0.0
map,65,23,1788733437.3842428,2.5807567999605823,1.6146373160670855,0.0
map,65,24,1788733437.3842428,2.605074732451854,1.6204356559972375,0.0
map,65,25,1788733437.3842428,2.6293987684588416,1.6262126336223837,0.0
map,65,26,1788733437.3842428,2.6537151750711843,1.6320140253103936,0.0
map,65,27,1788733437.3842428,2.678036159320314,1.6378062617248297,0.0
map,65,28,1788733437.3842428,2.7023479882958696,1.6436290157178455,0.0
map,65,29,1788733437.3842428,2.7266613431503544,1.6494502438319323,0.0
map,65,30,1788733437.3842428,2.750965542731265,1.6553065671613858,0.0
map,65,31,1788733437.3842428,2.7752285435810933,1.661332263051957,0.0
map,65,32,1788733437.3842428,2.7994884926730634,1.66737016597396,0.0
map,65,33,1788733437.3842428,2.8237514935228916,1.673394335985602,0.0
map,65,34,1788733437.3842428,2.8480099167359327,1.679435290665463,0.0
map,65,35,1788733437.3842428,2.872271391706832,1.685468615950679,0.0
map,65,36,1788733437.3842428,2.896528289040944,1.691523303540901,0.0
map,65,37,1788733437.3842428,2.9207836604961273,1.6975734134943359,0.0
map,65,38,1788733437.3842428,2.9450344543145235,1.7036494633895636,0.0
map,65,39,1788733437.3842428,2.969257782312198,1.7098323248098204,0.0
map,65,40,1788733437.3842428,2.9934780585520144,1.7160258673825801,0.0
map,65,41,1788733437.3842428,3.017701386549689,1.722208728802837,0.0
map,65,42,1788733437.3842428,3.0419216627895054,1.7284053231334546,0.0
map,65,43,1788733437.3842428,3.066143464908251,1.7345958139483564,0.0
map,65,44,1788733437.3842428,3.0903606893902094,1.740803089431477,0.0
map,65,45,1788733437.3842428,3.114577913872168,1.7470057872778106,0.0
map,65,46,1788733437.3842428,3.1387920865962684,1.7532283215502211,0.0
map,65,47,1788733437.3842428,3.162986422894292,1.759524098011223,0.0
map,65,48,1788733437.3842428,3.187177707434458,1.7658305556247278,0.0
map,65,49,1788733437.3842428,3.2113674660956946,1.7721431167539485,0.0
map,65,50,1788733437.3842428,3.2355587506358603,1.7784511002463823,0.0
map,65,51,1788733437.3842428,3.259746983418168,1.784769764891319,0.0
map,65,52,1788733437.3842428,3.283935216200476,1.7910884295362557,0.0
map,65,53,1788733437.3842428,3.3081219231038546,1.7974162494547663,0.0
map,65,54,1788733437.3842428,3.3323055782493753,1.803747121131135,0.0
map,65,55,1788733437.3842428,3.3564739746056063,1.810145131480379,0.0
map,65,56,1788733437.3842428,3.380642370961837,1.816538564192836,0.0
map,65,57,1788733437.3842428,3.404809241439139,1.82293657454208,0.0
map,65,58,1788733437.3842428,3.42897763779537,1.829334584891324,0.0
map,65,59,1788733437.3842428,3.453142982393743,1.835738698756284,0.0
map,65,60,1788733437.3842428,3.477308326992116,1.842144338500173,0.0
map,65,61,1788733437.3842428,3.50147214571156,1.848557607638707,0.0
map,65,62,1788733437.3842428,3.525634438552075,1.8549739285350988,0.0
map,65,63,1788733437.3842428,3.549784524361158,1.8614406034361473,0.0
map,65,64,1788733437.3842428,3.573934610170241,1.8679042265793377,0.0
map,65,65,1788733437.3842428,3.598083170100395,1.8743724273593152,0.0
map,65,66,1788733437.3842428,3.622231730030549,1.8808406281392926,0.0
map,65,67,1788733437.3842428,3.646378764081774,1.887316458313915,0.0
map,65,68,1788733437.3842428,3.6705257981329993,1.8937907626096084,0.0
map,65,69,1788733437.3842428,3.6946697804263664,1.9002742221788758,0.0
map,65,70,1788733437.3842428,3.7188046074461596,1.9067943028424388,0.0
map,65,71,1788733437.3842428,3.742937908587024,1.9133204870217178,0.0
map,65,72,1788733437.3842428,3.767072735606817,1.9198420935642098,0.0
map,65,73,1788733437.3842428,3.791204510868752,1.9263713295013467,0.0
map,65,74,1788733437.3842428,3.8153378120096164,1.9328990395595547,0.0
map,65,75,1788733437.3842428,3.8394680613926226,1.9394328531334786,0.0
map,65,76,1788733437.3842428,3.863599836654558,1.9459666667074025,0.0
map,65,77,1788733437.3842428,3.887728560158635,1.9525081096759713,0.0
map,65,78,1788733437.3842428,3.9118496542680674,1.959078544344191,0.0
map,65,79,1788733437.3842428,3.9359692224985707,1.9656550825281265,0.0
map,65,80,1788733437.3842428,3.960087264850145,1.97223467246992,0.0
map,65,81,1788733437.3842428,3.9842068330806484,1.9788142624117135,0.0
map,65,82,1788733437.3842428,4.008323349553294,1.985398429990294,0.0
map,65,83,1788733437.3842428,4.032441391904868,1.9919825975688745,0.0
map,65,84,1788733437.3842428,4.056556382498584,1.998572868663171,0.0
map,65,85,1788733437.3842428,4.080671373092301,2.0051661915153254,0.0
map,65,86,1788733437.3842428,4.104778734291372,2.0117869801882016,0.0
map,65,87,1788733437.3842428,4.128886095490444,2.0184062429821488,0.0
map,65,88,1788733437.3842428,4.152993456689515,2.025030083412883,0.0
map,65,89,1788733437.3842428,4.1770992920096575,2.031653923843617,0.0
map,65,90,1788733437.3842428,4.2012051273298,2.038283867790067,0.0
map,65,91,1788733437.3842428,4.225309436771013,2.0449122858575883,0.0
map,65,92,1788733437.3842428,4.249413746212227,2.0515468074408254,0.0
map,65,93,1788733437.3842428,4.273510426258795,2.0582042172079973,0.0
map,65,94,1788733437.3842428,4.297607106305364,2.064864678733027,0.0
map,65,95,1788733437.3842428,4.321703786351932,2.071523614379128,0.0
map,65,96,1788733437.3842428,4.345800466398501,2.078187127662016,0.0
map,65,97,1788733437.3842428,4.36989562056614,2.0848506409449037,0.0
map,65,98,1788733437.3842428,4.393989248854851,2.0915187318645785,0.0
map,65,99,1788733437.3842428,4.41808440302249,2.0981883486631823,0.0
map,65,100,1788733437.3842428,4.442176505432272,2.104862543098573,0.0
map,65,101,1788733437.3842428,4.4662640302052665,2.1115535222021826,0.0
map,65,102,1788733437.3842428,4.490351554978261,2.118249078942579,0.0
map,65,103,1788733437.3842428,4.514437553872327,2.1249446356829758,0.0
map,65,104,1788733437.3842428,4.538523552766392,2.1316432441812303,0.0
map,65,105,1788733437.3842428,4.562609551660458,2.138341852679485,0.0
map,65,106,1788733437.3842428,4.5866940246755945,2.1450450388145264,0.0
map,65,107,1788733437.3842428,4.610776971811802,2.151754328465284,0.0
map,65,108,1788733437.3842428,4.634855341311223,2.158478876905331,0.0
map,65,109,1788733437.3842428,4.6589337108106434,2.1652064771032364,0.0
map,65,110,1788733437.3842428,4.683010554431135,2.1719340773011417,0.0
map,65,111,1788733437.3842428,4.707087398051627,2.178664729256905,0.0
map,65,112,1788733437.3842428,4.7311642416721185,2.1853969070915973,0.0
map,65,113,1788733437.3842428,4.75524108529261,2.1921306108052185,0.0
map,65,114,1788733437.3842428,4.779316403034173,2.1988673662766978,0.0
map,65,115,1788733437.3842428,4.8033901948968065,2.205608699384964,0.0
map,65,116,1788733437.3842428,4.827460935001582,2.212362239524662,0.0
map,65,117,1788733437.3842428,4.851530149227429,2.219120357301147,0.0
map,65,118,1788733437.3842428,4.875599363453276,2.225876949198703,0.0
map,65,119,1788733437.3842428,4.8996670518001935,2.232636592854117,0.0
map,65,120,1788733437.3842428,4.92373626602604,2.2393977623884602,0.0
map,65,121,1788733437.3842428,4.947803954372958,2.24616350955959,0.0
map,65,122,1788733437.3842428,4.971870116840947,2.25292925673072,0.0
map,65,123,1788733437.3842428,4.9959332275510775,2.25971026269114,0.0
map,65,124,1788733437.3842428,5.019996338261208,2.266492794530489,0.0
map,65,125,1788733437.3842428,5.04405792309241,2.2732768522487667,0.0
map,65,126,1788733437.3842428,5.068119507923612,2.2800624358459736,0.0
map,65,127,1788733437.3842428,5.092179566875885,2.2868495453221094,0.0
map,65,128,1788733437.3842428,5.1162411517070865,2.293638180677174,0.0
map,65,129,1788733437.3842428,5.14029968478043,2.300431393669026,0.0
map,65,130,1788733437.3842428,5.164356691974845,2.3072352878133806,0.0
map,65,131,1788733437.3842428,5.188412173290331,2.3140422337155933,0.0
map,65,132,1788733437.3842428,5.212467654605817,2.320849179617806,0.0
map,65,133,1788733437.3842428,5.236521610042374,2.3276591772778765,0.0
map,65,134,1788733437.3842428,5.260575565478931,2.334472226695805,0.0
map,65,135,1788733437.3842428,5.284629520915487,2.3412852761137337,0.0
map,65,136,1788733437.3842428,5.308681950473115,2.3481029031684493,0.0
map,65,137,1788733437.3842428,5.332734380030743,2.354920530223165,0.0
map,65,138,1788733437.3842428,5.356783757830513,2.3617503643093123,0.0
map,65,139,1788733437.3842428,5.380831609751354,2.3685817242743887,0.0
map,65,140,1788733437.3842428,5.404879461672195,2.375414610118394,0.0
map,65,141,1788733437.3842428,5.428927313593036,2.3822490218413286,0.0
map,65,142,1788733437.3842428,5.452975165513877,2.389084959443192,0.0
map,65,143,1788733437.3842428,5.477021491555789,2.3959239488029134,0.0
map,65,144,1788733437.3842428,5.501067817597701,2.4027644640415637,0.0
map,65,145,1788733437.3842428,5.5251110918817545,2.409614134553788,0.0
map,65,146,1788733437.3842428,5.5491528402868795,2.4164668568238703,0.0
map,65,147,1788733437.3842428,5.5731945886920045,2.4233211049728816,0.0
map,65,148,1788733437.3842428,5.597236337097129,2.430175353121893,0.0
map,65,149,1788733437.3842428,5.621278085502254,2.437032653028762,0.0
map,65,150,1788733437.3842428,5.64531830802845,2.4438914788145603,0.0
map,65,151,1788733437.3842428,5.669358530554646,2.4507518304792875,0.0
map,65,152,1788733437.3842428,5.693395701322984,2.4576228632965176,0.0
map,65,153,1788733437.3842428,5.717432872091322,2.4644954219926767,0.0
map,65,154,1788733437.3842428,5.74147004285966,2.4713695065677648,0.0
map,65,155,1788733437.3842428,5.765505687749069,2.478243591142853,0.0
map,65,156,1788733437.3842428,5.789541332638478,2.485120727475799,0.0
map,65,157,1788733437.3842428,5.81358765868039,2.4919612427144493,0.0
map,65,158,1788733437.3842428,5.837624829448728,2.4988322755316794,0.0
map,65,159,1788733437.3842428,5.861658948459208,2.5057139895014124,0.0
map,65,160,1788733437.3842428,5.9075,2.537,0.9668000000000001
map,66,0,1788733438.4064386,2.0116588910897377,1.5557139753453093,0.0
map,66,1,1788733438.4064386,2.0373180711595893,1.5556758283720846,0.0
map,66,2,1788733438.4064386,2.0623180715321183,1.5556575178249368,0.0
map,66,3,1788733438.4064386,2.0873180719046474,1.555631577883144,0.0
map,66,4,1788733438.4064386,2.1123180722771764,1.5555995344256353,0.0
map,66,5,1788733438.4064386,2.1373180726497054,1.5555583356945526,0.0
map,66,6,1788733438.4064386,2.1623180730222344,1.555509507568825,0.0
map,66,7,1788733438.4064386,2.1873180733947635,1.5554499982905945,0.0
map,66,8,1788733438.4064386,2.2123180737672925,1.555378281980932,0.0
map,66,9,1788733438.4064386,2.2373180741398215,1.5552943586398378,0.0
map,66,10,1788733438.4064386,2.2623180745123506,1.5551982282673116,0.0
map,66,11,1788733438.4064386,2.2873180748848796,1.5550868391054955,0.0
map,66,12,1788733438.4064386,2.3123165493784796,1.5549617170333185,0.0
map,66,13,1788733438.4064386,2.3367382416369225,1.5603099226794193,0.0
map,66,14,1788733438.4064386,2.3611568821375073,1.565668809478023,0.0
map,66,15,1788733438.4064386,2.385590781427382,1.57096208348268,0.0
map,66,16,1788733438.4064386,2.410017051322612,1.576287400944846,0.0
map,66,17,1788733438.4064386,2.4344494247335575,1.5815806749495032,0.0
map,66,18,1788733438.4064386,2.4588726428709293,1.58691972532203,0.0
map,66,19,1788733438.4064386,2.48329738688723,1.5922526721788408,0.0
map,66,20,1788733438.4064386,2.507709923872099,1.5976420765560242,0.0
map,66,21,1788733438.4064386,2.532120934978039,1.6030375844489235,0.0
map,66,22,1788733438.4064386,2.5564342898325236,1.6088557608051524,0.0
map,66,23,1788733438.4064386,2.5807567999605823,1.6146373160670855,0.0
map,66,24,1788733438.4064386,2.605074732451854,1.6204356559972375,0.0
map,66,25,1788733438.4064386,2.6293987684588416,1.6262126336223837,0.0
map,66,26,1788733438.4064386,2.6537151750711843,1.6320140253103936,0.0
map,66,27,1788733438.4064386,2.678036159320314,1.6378062617248297,0.0
map,66,28,1788733438.4064386,2.7023479882958696,1.6436290157178455,0.0
map,66,29,1788733438.4064386,2.7266613431503544,1.6494502438319323,0.0
map,66,30,1788733438.4064386,2.750965542731265,1.6553065671613858,0.0
map,66,31,1788733438.4064386,2.7752285435810933,1.661332263051957,0.0
map,66,32,1788733438.4064386,2.7994884926730634,1.66737016597396,0.0
map,66,33,1788733438.4064386,2.8237514935228916,1.673394335985602,0.0
map,66,34,1788733438.4064386,2.8480099167359327,1.679435290665463,0.0
map,66,35,1788733438.4064386,2.872271391706832,1.685468615950679,0.0
map,66,36,1788733438.4064386,2.896528289040944,1.691523303540901,0.0
map,66,37,1788733438.4064386,2.9207836604961273,1.6975734134943359,0.0
map,66,38,1788733438.4064386,2.9450344543145235,1.7036494633895636,0.0
map,66,39,1788733438.4064386,2.969257782312198,1.7098323248098204,0.0
map,66,40,1788733438.4064386,2.9934780585520144,1.7160258673825801,0.0
map,66,41,1788733438.4064386,3.017701386549689,1.722208728802837,0.0
map,66,42,1788733438.4064386,3.0419216627895054,1.7284053231334546,0.0
map,66,43,1788733438.4064386,3.066143464908251,1.7345958139483564,0.0
map,66,44,1788733438.4064386,3.0903606893902094,1.740803089431477,0.0
map,66,45,1788733438.4064386,3.114577913872168,1.7470057872778106,0.0
map,66,46,1788733438.4064386,3.1387920865962684,1.7532283215502211,0.0
map,66,47,1788733438.4064386,3.162986422894292,1.759524098011223,0.0
map,66,48,1788733438.4064386,3.187177707434458,1.7658305556247278,0.0
map,66,49,1788733438.4064386,3.2113674660956946,1.7721431167539485,0.0
map,66,50,1788733438.4064386,3.2355587506358603,1.7784511002463823,0.0
map,66,51,1788733438.4064386,3.259746983418168,1.784769764891319,0.0
map,66,52,1788733438.4064386,3.283935216200476,1.7910884295362557,0.0
map,66,53,1788733438.4064386,3.3081219231038546,1.7974162494547663,0.0
map,66,54,1788733438.4064386,3.3323055782493753,1.803747121131135,0.0
map,66,55,1788733438.4064386,3.3564739746056063,1.810145131480379,0.0
map,66,56,1788733438.4064386,3.380642370961837,1.816538564192836,0.0
map,66,57,1788733438.4064386,3.404809241439139,1.82293657454208,0.0
map,66,58,1788733438.4064386,3.42897763779537,1.829334584891324,0.0
map,66,59,1788733438.4064386,3.453142982393743,1.835738698756284,0.0
map,66,60,1788733438.4064386,3.477308326992116,1.842144338500173,0.0
map,66,61,1788733438.4064386,3.50147214571156,1.848557607638707,0.0
map,66,62,1788733438.4064386,3.525634438552075,1.8549739285350988,0.0
map,66,63,1788733438.4064386,3.549784524361158,1.8614406034361473,0.0
map,66,64,1788733438.4064386,3.573934610170241,1.8679042265793377,0.0
map,66,65,1788733438.4064386,3.598083170100395,1.8743724273593152,0.0
map,66,66,1788733438.4064386,3.622231730030549,1.8808406281392926,0.0
map,66,67,1788733438.4064386,3.646378764081774,1.887316458313915,0.0
map,66,68,1788733438.4064386,3.6705257981329993,1.8937907626096084,0.0
map,66,69,1788733438.4064386,3.6946697804263664,1.9002742221788758,0.0
map,66,70,1788733438.4064386,3.7188046074461596,1.9067943028424388,0.0
map,66,71,1788733438.4064386,3.742937908587024,1.9133204870217178,0.0
map,66,72,1788733438.4064386,3.767072735606817,1.9198420935642098,0.0
map,66,73,1788733438.4064386,3.791204510868752,1.9263713295013467,0.0
map,66,74,1788733438.4064386,3.8153378120096164,1.9328990395595547,0.0
map,66,75,1788733438.4064386,3.8394680613926226,1.9394328531334786,0.0
map,66,76,1788733438.4064386,3.863599836654558,1.9459666667074025,0.0
map,66,77,1788733438.4064386,3.887728560158635,1.9525081096759713,0.0
map,66,78,1788733438.4064386,3.9118496542680674,1.959078544344191,0.0
map,66,79,1788733438.4064386,3.9359692224985707,1.9656550825281265,0.0
map,66,80,1788733438.4064386,3.960087264850145,1.97223467246992,0.0
map,66,81,1788733438.4064386,3.9842068330806484,1.9788142624117135,0.0
map,66,82,1788733438.4064386,4.008323349553294,1.985398429990294,0.0
map,66,83,1788733438.4064386,4.032441391904868,1.9919825975688745,0.0
map,66,84,1788733438.4064386,4.056556382498584,1.998572868663171,0.0
map,66,85,1788733438.4064386,4.080671373092301,2.0051661915153254,0.0
map,66,86,1788733438.4064386,4.104778734291372,2.0117869801882016,0.0
map,66,87,1788733438.4064386,4.128886095490444,2.0184062429821488,0.0
map,66,88,1788733438.4064386,4.152993456689515,2.025030083412883,0.0
map,66,89,1788733438.4064386,4.1770992920096575,2.031653923843617,0.0
map,66,90,1788733438.4064386,4.2012051273298,2.038283867790067,0.0
map,66,91,1788733438.4064386,4.225309436771013,2.0449122858575883,0.0
map,66,92,1788733438.4064386,4.249413746212227,2.0515468074408254,0.0
map,66,93,1788733438.4064386,4.273510426258795,2.0582042172079973,0.0
map,66,94,1788733438.4064386,4.297607106305364,2.064864678733027,0.0
map,66,95,1788733438.4064386,4.321703786351932,2.071523614379128,0.0
map,66,96,1788733438.4064386,4.345800466398501,2.078187127662016,0.0
map,66,97,1788733438.4064386,4.36989562056614,2.0848506409449037,0.0
map,66,98,1788733438.4064386,4.393989248854851,2.0915187318645785,0.0
map,66,99,1788733438.4064386,4.41808440302249,2.0981883486631823,0.0
map,66,100,1788733438.4064386,4.442176505432272,2.104862543098573,0.0
map,66,101,1788733438.4064386,4.4662640302052665,2.1115535222021826,0.0
map,66,102,1788733438.4064386,4.490351554978261,2.118249078942579,0.0
map,66,103,1788733438.4064386,4.514437553872327,2.1249446356829758,0.0
map,66,104,1788733438.4064386,4.538523552766392,2.1316432441812303,0.0
map,66,105,1788733438.4064386,4.562609551660458,2.138341852679485,0.0
map,66,106,1788733438.4064386,4.5866940246755945,2.1450450388145264,0.0
map,66,107,1788733438.4064386,4.610776971811802,2.151754328465284,0.0
map,66,108,1788733438.4064386,4.634855341311223,2.158478876905331,0.0
map,66,109,1788733438.4064386,4.6589337108106434,2.1652064771032364,0.0
map,66,110,1788733438.4064386,4.683010554431135,2.1719340773011417,0.0
map,66,111,1788733438.4064386,4.707087398051627,2.178664729256905,0.0
map,66,112,1788733438.4064386,4.7311642416721185,2.1853969070915973,0.0
map,66,113,1788733438.4064386,4.75524108529261,2.1921306108052185,0.0
map,66,114,1788733438.4064386,4.779316403034173,2.1988673662766978,0.0
map,66,115,1788733438.4064386,4.8033901948968065,2.205608699384964,0.0
map,66,116,1788733438.4064386,4.827460935001582,2.212362239524662,0.0
map,66,117,1788733438.4064386,4.851530149227429,2.219120357301147,0.0
map,66,118,1788733438.4064386,4.875599363453276,2.225876949198703,0.0
map,66,119,1788733438.4064386,4.8996670518001935,2.232636592854117,0.0
map,66,120,1788733438.4064386,4.92373626602604,2.2393977623884602,0.0
map,66,121,1788733438.4064386,4.947803954372958,2.24616350955959,0.0
map,66,122,1788733438.4064386,4.971870116840947,2.25292925673072,0.0
map,66,123,1788733438.4064386,4.9959332275510775,2.25971026269114,0.0
map,66,124,1788733438.4064386,5.019996338261208,2.266492794530489,0.0
map,66,125,1788733438.4064386,5.04405792309241,2.2732768522487667,0.0
map,66,126,1788733438.4064386,5.068119507923612,2.2800624358459736,0.0
map,66,127,1788733438.4064386,5.092179566875885,2.2868495453221094,0.0
map,66,128,1788733438.4064386,5.1162411517070865,2.293638180677174,0.0
map,66,129,1788733438.4064386,5.14029968478043,2.300431393669026,0.0
map,66,130,1788733438.4064386,5.164356691974845,2.3072352878133806,0.0
map,66,131,1788733438.4064386,5.188412173290331,2.3140422337155933,0.0
map,66,132,1788733438.4064386,5.212467654605817,2.320849179617806,0.0
map,66,133,1788733438.4064386,5.236521610042374,2.3276591772778765,0.0
map,66,134,1788733438.4064386,5.260575565478931,2.334472226695805,0.0
map,66,135,1788733438.4064386,5.284629520915487,2.3412852761137337,0.0
map,66,136,1788733438.4064386,5.308681950473115,2.3481029031684493,0.0
map,66,137,1788733438.4064386,5.332734380030743,2.354920530223165,0.0
map,66,138,1788733438.4064386,5.356783757830513,2.3617503643093123,0.0
map,66,139,1788733438.4064386,5.380831609751354,2.3685817242743887,0.0
map,66,140,1788733438.4064386,5.404879461672195,2.375414610118394,0.0
map,66,141,1788733438.4064386,5.428927313593036,2.3822490218413286,0.0
map,66,142,1788733438.4064386,5.452975165513877,2.389084959443192,0.0
map,66,143,1788733438.4064386,5.477021491555789,2.3959239488029134,0.0
map,66,144,1788733438.4064386,5.501067817597701,2.4027644640415637,0.0
map,66,145,1788733438.4064386,5.5251110918817545,2.409614134553788,0.0
map,66,146,1788733438.4064386,5.5491528402868795,2.4164668568238703,0.0
map,66,147,1788733438.4064386,5.5731945886920045,2.4233211049728816,0.0
map,66,148,1788733438.4064386,5.597236337097129,2.430175353121893,0.0
map,66,149,1788733438.4064386,5.621278085502254,2.437032653028762,0.0
map,66,150,1788733438.4064386,5.64531830802845,2.4438914788145603,0.0
map,66,151,1788733438.4064386,5.669358530554646,2.4507518304792875,0.0
map,66,152,1788733438.4064386,5.693395701322984,2.4576228632965176,0.0
map,66,153,1788733438.4064386,5.717432872091322,2.4644954219926767,0.0
map,66,154,1788733438.4064386,5.74147004285966,2.4713695065677648,0.0
map,66,155,1788733438.4064386,5.765505687749069,2.478243591142853,0.0
map,66,156,1788733438.4064386,5.789541332638478,2.485120727475799,0.0
map,66,157,1788733438.4064386,5.81358765868039,2.4919612427144493,0.0
map,66,158,1788733438.4064386,5.837624829448728,2.4988322755316794,0.0
map,66,159,1788733438.4064386,5.861658948459208,2.5057139895014124,0.0
map,66,160,1788733438.4064386,5.9075,2.537,0.9668000000000001
map,67,0,1788733439.4250846,2.0116588910897377,1.5557139753453093,0.0
map,67,1,1788733439.4250846,2.0373180711595893,1.5556758283720846,0.0
map,67,2,1788733439.4250846,2.0623180715321183,1.5556575178249368,0.0
map,67,3,1788733439.4250846,2.0873180719046474,1.555631577883144,0.0
map,67,4,1788733439.4250846,2.1123180722771764,1.5555995344256353,0.0
map,67,5,1788733439.4250846,2.1373180726497054,1.5555583356945526,0.0
map,67,6,1788733439.4250846,2.1623180730222344,1.555509507568825,0.0
map,67,7,1788733439.4250846,2.1873180733947635,1.5554499982905945,0.0
map,67,8,1788733439.4250846,2.2123180737672925,1.555378281980932,0.0
map,67,9,1788733439.4250846,2.2373180741398215,1.5552943586398378,0.0
map,67,10,1788733439.4250846,2.2623180745123506,1.5551982282673116,0.0
map,67,11,1788733439.4250846,2.2873180748848796,1.5550868391054955,0.0
map,67,12,1788733439.4250846,2.3123165493784796,1.5549617170333185,0.0
map,67,13,1788733439.4250846,2.3367382416369225,1.5603099226794193,0.0
map,67,14,1788733439.4250846,2.3611568821375073,1.565668809478023,0.0
map,67,15,1788733439.4250846,2.385590781427382,1.57096208348268,0.0
map,67,16,1788733439.4250846,2.410017051322612,1.576287400944846,0.0
map,67,17,1788733439.4250846,2.4344494247335575,1.5815806749495032,0.0
map,67,18,1788733439.4250846,2.4588726428709293,1.58691972532203,0.0
map,67,19,1788733439.4250846,2.48329738688723,1.5922526721788408,0.0
map,67,20,1788733439.4250846,2.507709923872099,1.5976420765560242,0.0
map,67,21,1788733439.4250846,2.532120934978039,1.6030375844489235,0.0
map,67,22,1788733439.4250846,2.5564342898325236,1.6088557608051524,0.0
map,67,23,1788733439.4250846,2.5807567999605823,1.6146373160670855,0.0
map,67,24,1788733439.4250846,2.605074732451854,1.6204356559972375,0.0
map,67,25,1788733439.4250846,2.6293987684588416,1.6262126336223837,0.0
map,67,26,1788733439.4250846,2.6537151750711843,1.6320140253103936,0.0
map,67,27,1788733439.4250846,2.678036159320314,1.6378062617248297,0.0
map,67,28,1788733439.4250846,2.7023479882958696,1.6436290157178455,0.0
map,67,29,1788733439.4250846,2.7266613431503544,1.6494502438319323,0.0
map,67,30,1788733439.4250846,2.750965542731265,1.6553065671613858,0.0
map,67,31,1788733439.4250846,2.7752285435810933,1.661332263051957,0.0
map,67,32,1788733439.4250846,2.7994884926730634,1.66737016597396,0.0
map,67,33,1788733439.4250846,2.8237514935228916,1.673394335985602,0.0
map,67,34,1788733439.4250846,2.8480099167359327,1.679435290665463,0.0
map,67,35,1788733439.4250846,2.872271391706832,1.685468615950679,0.0
map,67,36,1788733439.4250846,2.896528289040944,1.691523303540901,0.0
map,67,37,1788733439.4250846,2.9207836604961273,1.6975734134943359,0.0
map,67,38,1788733439.4250846,2.9450344543145235,1.7036494633895636,0.0
map,67,39,1788733439.4250846,2.969257782312198,1.7098323248098204,0.0
map,67,40,1788733439.4250846,2.9934780585520144,1.7160258673825801,0.0
map,67,41,1788733439.4250846,3.017701386549689,1.722208728802837,0.0
map,67,42,1788733439.4250846,3.0419216627895054,1.7284053231334546,0.0
map,67,43,1788733439.4250846,3.066143464908251,1.7345958139483564,0.0
map,67,44,1788733439.4250846,3.0903606893902094,1.740803089431477,0.0
map,67,45,1788733439.4250846,3.114577913872168,1.7470057872778106,0.0
map,67,46,1788733439.4250846,3.1387920865962684,1.7532283215502211,0.0
map,67,47,1788733439.4250846,3.162986422894292,1.759524098011223,0.0
map,67,48,1788733439.4250846,3.187177707434458,1.7658305556247278,0.0
map,67,49,1788733439.4250846,3.2113674660956946,1.7721431167539485,0.0
map,67,50,1788733439.4250846,3.2355587506358603,1.7784511002463823,0.0
map,67,51,1788733439.4250846,3.259746983418168,1.784769764891319,0.0
map,67,52,1788733439.4250846,3.283935216200476,1.7910884295362557,0.0
map,67,53,1788733439.4250846,3.3081219231038546,1.7974162494547663,0.0
map,67,54,1788733439.4250846,3.3323055782493753,1.803747121131135,0.0
map,67,55,1788733439.4250846,3.3564739746056063,1.810145131480379,0.0
map,67,56,1788733439.4250846,3.380642370961837,1.816538564192836,0.0
map,67,57,1788733439.4250846,3.404809241439139,1.82293657454208,0.0
map,67,58,1788733439.4250846,3.42897763779537,1.829334584891324,0.0
map,67,59,1788733439.4250846,3.453142982393743,1.835738698756284,0.0
map,67,60,1788733439.4250846,3.477308326992116,1.842144338500173,0.0
map,67,61,1788733439.4250846,3.50147214571156,1.848557607638707,0.0
map,67,62,1788733439.4250846,3.525634438552075,1.8549739285350988,0.0
map,67,63,1788733439.4250846,3.549784524361158,1.8614406034361473,0.0
map,67,64,1788733439.4250846,3.573934610170241,1.8679042265793377,0.0
map,67,65,1788733439.4250846,3.598083170100395,1.8743724273593152,0.0
map,67,66,1788733439.4250846,3.622231730030549,1.8808406281392926,0.0
map,67,67,1788733439.4250846,3.646378764081774,1.887316458313915,0.0
map,67,68,1788733439.4250846,3.6705257981329993,1.8937907626096084,0.0
map,67,69,1788733439.4250846,3.6946697804263664,1.9002742221788758,0.0
map,67,70,1788733439.4250846,3.7188046074461596,1.9067943028424388,0.0
map,67,71,1788733439.4250846,3.742937908587024,1.9133204870217178,0.0
map,67,72,1788733439.4250846,3.767072735606817,1.9198420935642098,0.0
map,67,73,1788733439.4250846,3.791204510868752,1.9263713295013467,0.0
map,67,74,1788733439.4250846,3.8153378120096164,1.9328990395595547,0.0
map,67,75,1788733439.4250846,3.8394680613926226,1.9394328531334786,0.0
map,67,76,1788733439.4250846,3.863599836654558,1.9459666667074025,0.0
map,67,77,1788733439.4250846,3.887728560158635,1.9525081096759713,0.0
map,67,78,1788733439.4250846,3.9118496542680674,1.959078544344191,0.0
map,67,79,1788733439.4250846,3.9359692224985707,1.9656550825281265,0.0
map,67,80,1788733439.4250846,3.960087264850145,1.97223467246992,0.0
map,67,81,1788733439.4250846,3.9842068330806484,1.9788142624117135,0.0
map,67,82,1788733439.4250846,4.008323349553294,1.985398429990294,0.0
map,67,83,1788733439.4250846,4.032441391904868,1.9919825975688745,0.0
map,67,84,1788733439.4250846,4.056556382498584,1.998572868663171,0.0
map,67,85,1788733439.4250846,4.080671373092301,2.0051661915153254,0.0
map,67,86,1788733439.4250846,4.104778734291372,2.0117869801882016,0.0
map,67,87,1788733439.4250846,4.128886095490444,2.0184062429821488,0.0
map,67,88,1788733439.4250846,4.152993456689515,2.025030083412883,0.0
map,67,89,1788733439.4250846,4.1770992920096575,2.031653923843617,0.0
map,67,90,1788733439.4250846,4.2012051273298,2.038283867790067,0.0
map,67,91,1788733439.4250846,4.225309436771013,2.0449122858575883,0.0
map,67,92,1788733439.4250846,4.249413746212227,2.0515468074408254,0.0
map,67,93,1788733439.4250846,4.273510426258795,2.0582042172079973,0.0
map,67,94,1788733439.4250846,4.297607106305364,2.064864678733027,0.0
map,67,95,1788733439.4250846,4.321703786351932,2.071523614379128,0.0
map,67,96,1788733439.4250846,4.345800466398501,2.078187127662016,0.0
map,67,97,1788733439.4250846,4.36989562056614,2.0848506409449037,0.0
map,67,98,1788733439.4250846,4.393989248854851,2.0915187318645785,0.0
map,67,99,1788733439.4250846,4.41808440302249,2.0981883486631823,0.0
map,67,100,1788733439.4250846,4.442176505432272,2.104862543098573,0.0
map,67,101,1788733439.4250846,4.4662640302052665,2.1115535222021826,0.0
map,67,102,1788733439.4250846,4.490351554978261,2.118249078942579,0.0
map,67,103,1788733439.4250846,4.514437553872327,2.1249446356829758,0.0
map,67,104,1788733439.4250846,4.538523552766392,2.1316432441812303,0.0
map,67,105,1788733439.4250846,4.562609551660458,2.138341852679485,0.0
map,67,106,1788733439.4250846,4.5866940246755945,2.1450450388145264,0.0
map,67,107,1788733439.4250846,4.610776971811802,2.151754328465284,0.0
map,67,108,1788733439.4250846,4.634855341311223,2.158478876905331,0.0
map,67,109,1788733439.4250846,4.6589337108106434,2.1652064771032364,0.0
map,67,110,1788733439.4250846,4.683010554431135,2.1719340773011417,0.0
map,67,111,1788733439.4250846,4.707087398051627,2.178664729256905,0.0
map,67,112,1788733439.4250846,4.7311642416721185,2.1853969070915973,0.0
map,67,113,1788733439.4250846,4.75524108529261,2.1921306108052185,0.0
map,67,114,1788733439.4250846,4.779316403034173,2.1988673662766978,0.0
map,67,115,1788733439.4250846,4.8033901948968065,2.205608699384964,0.0
map,67,116,1788733439.4250846,4.827460935001582,2.212362239524662,0.0
map,67,117,1788733439.4250846,4.851530149227429,2.219120357301147,0.0
map,67,118,1788733439.4250846,4.875599363453276,2.225876949198703,0.0
map,67,119,1788733439.4250846,4.8996670518001935,2.232636592854117,0.0
map,67,120,1788733439.4250846,4.92373626602604,2.2393977623884602,0.0
map,67,121,1788733439.4250846,4.947803954372958,2.24616350955959,0.0
map,67,122,1788733439.4250846,4.971870116840947,2.25292925673072,0.0
map,67,123,1788733439.4250846,4.9959332275510775,2.25971026269114,0.0
map,67,124,1788733439.4250846,5.019996338261208,2.266492794530489,0.0
map,67,125,1788733439.4250846,5.04405792309241,2.2732768522487667,0.0
map,67,126,1788733439.4250846,5.068119507923612,2.2800624358459736,0.0
map,67,127,1788733439.4250846,5.092179566875885,2.2868495453221094,0.0
map,67,128,1788733439.4250846,5.1162411517070865,2.293638180677174,0.0
map,67,129,1788733439.4250846,5.14029968478043,2.300431393669026,0.0
map,67,130,1788733439.4250846,5.164356691974845,2.3072352878133806,0.0
map,67,131,1788733439.4250846,5.188412173290331,2.3140422337155933,0.0
map,67,132,1788733439.4250846,5.212467654605817,2.320849179617806,0.0
map,67,133,1788733439.4250846,5.236521610042374,2.3276591772778765,0.0
map,67,134,1788733439.4250846,5.260575565478931,2.334472226695805,0.0
map,67,135,1788733439.4250846,5.284629520915487,2.3412852761137337,0.0
map,67,136,1788733439.4250846,5.308681950473115,2.3481029031684493,0.0
map,67,137,1788733439.4250846,5.332734380030743,2.354920530223165,0.0
map,67,138,1788733439.4250846,5.356783757830513,2.3617503643093123,0.0
map,67,139,1788733439.4250846,5.380831609751354,2.3685817242743887,0.0
map,67,140,1788733439.4250846,5.404879461672195,2.375414610118394,0.0
map,67,141,1788733439.4250846,5.428927313593036,2.3822490218413286,0.0
map,67,142,1788733439.4250846,5.452975165513877,2.389084959443192,0.0
map,67,143,1788733439.4250846,5.477021491555789,2.3959239488029134,0.0
map,67,144,1788733439.4250846,5.501067817597701,2.4027644640415637,0.0
map,67,145,1788733439.4250846,5.5251110918817545,2.409614134553788,0.0
map,67,146,1788733439.4250846,5.5491528402868795,2.4164668568238703,0.0
map,67,147,1788733439.4250846,5.5731945886920045,2.4233211049728816,0.0
map,67,148,1788733439.4250846,5.597236337097129,2.430175353121893,0.0
map,67,149,1788733439.4250846,5.621278085502254,2.437032653028762,0.0
map,67,150,1788733439.4250846,5.64531830802845,2.4438914788145603,0.0
map,67,151,1788733439.4250846,5.669358530554646,2.4507518304792875,0.0
map,67,152,1788733439.4250846,5.693395701322984,2.4576228632965176,0.0
map,67,153,1788733439.4250846,5.717432872091322,2.4644954219926767,0.0
map,67,154,1788733439.4250846,5.74147004285966,2.4713695065677648,0.0
map,67,155,1788733439.4250846,5.765505687749069,2.478243591142853,0.0
map,67,156,1788733439.4250846,5.789541332638478,2.485120727475799,0.0
map,67,157,1788733439.4250846,5.81358765868039,2.4919612427144493,0.0
map,67,158,1788733439.4250846,5.837624829448728,2.4988322755316794,0.0
map,67,159,1788733439.4250846,5.861658948459208,2.5057139895014124,0.0
map,67,160,1788733439.4250846,5.9075,2.537,0.9668000000000001
map,68,0,1788733440.4517,2.0116588910897377,1.5557139753453093,0.0
map,68,1,1788733440.4517,2.0373180711595893,1.5556758283720846,0.0
map,68,2,1788733440.4517,2.0623180715321183,1.5556575178249368,0.0
map,68,3,1788733440.4517,2.0873180719046474,1.555631577883144,0.0
map,68,4,1788733440.4517,2.1123180722771764,1.5555995344256353,0.0
map,68,5,1788733440.4517,2.1373180726497054,1.5555583356945526,0.0
map,68,6,1788733440.4517,2.1623180730222344,1.555509507568825,0.0
map,68,7,1788733440.4517,2.1873180733947635,1.5554499982905945,0.0
map,68,8,1788733440.4517,2.2123180737672925,1.555378281980932,0.0
map,68,9,1788733440.4517,2.2373180741398215,1.5552943586398378,0.0
map,68,10,1788733440.4517,2.2623180745123506,1.5551982282673116,0.0
map,68,11,1788733440.4517,2.2873180748848796,1.5550868391054955,0.0
map,68,12,1788733440.4517,2.3123165493784796,1.5549617170333185,0.0
map,68,13,1788733440.4517,2.3367382416369225,1.5603099226794193,0.0
map,68,14,1788733440.4517,2.3611568821375073,1.565668809478023,0.0
map,68,15,1788733440.4517,2.385590781427382,1.57096208348268,0.0
map,68,16,1788733440.4517,2.410017051322612,1.576287400944846,0.0
map,68,17,1788733440.4517,2.4344494247335575,1.5815806749495032,0.0
map,68,18,1788733440.4517,2.4588726428709293,1.58691972532203,0.0
map,68,19,1788733440.4517,2.48329738688723,1.5922526721788408,0.0
map,68,20,1788733440.4517,2.507709923872099,1.5976420765560242,0.0
map,68,21,1788733440.4517,2.532120934978039,1.6030375844489235,0.0
map,68,22,1788733440.4517,2.5564342898325236,1.6088557608051524,0.0
map,68,23,1788733440.4517,2.5807567999605823,1.6146373160670855,0.0
map,68,24,1788733440.4517,2.605074732451854,1.6204356559972375,0.0
map,68,25,1788733440.4517,2.6293987684588416,1.6262126336223837,0.0
map,68,26,1788733440.4517,2.6537151750711843,1.6320140253103936,0.0
map,68,27,1788733440.4517,2.678036159320314,1.6378062617248297,0.0
map,68,28,1788733440.4517,2.7023479882958696,1.6436290157178455,0.0
map,68,29,1788733440.4517,2.7266613431503544,1.6494502438319323,0.0
map,68,30,1788733440.4517,2.750965542731265,1.6553065671613858,0.0
map,68,31,1788733440.4517,2.7752285435810933,1.661332263051957,0.0
map,68,32,1788733440.4517,2.7994884926730634,1.66737016597396,0.0
map,68,33,1788733440.4517,2.8237514935228916,1.673394335985602,0.0
map,68,34,1788733440.4517,2.8480099167359327,1.679435290665463,0.0
map,68,35,1788733440.4517,2.872271391706832,1.685468615950679,0.0
map,68,36,1788733440.4517,2.896528289040944,1.691523303540901,0.0
map,68,37,1788733440.4517,2.9207836604961273,1.6975734134943359,0.0
map,68,38,1788733440.4517,2.9450344543145235,1.7036494633895636,0.0
map,68,39,1788733440.4517,2.969257782312198,1.7098323248098204,0.0
map,68,40,1788733440.4517,2.9934780585520144,1.7160258673825801,0.0
map,68,41,1788733440.4517,3.017701386549689,1.722208728802837,0.0
map,68,42,1788733440.4517,3.0419216627895054,1.7284053231334546,0.0
map,68,43,1788733440.4517,3.066143464908251,1.7345958139483564,0.0
map,68,44,1788733440.4517,3.0903606893902094,1.740803089431477,0.0
map,68,45,1788733440.4517,3.114577913872168,1.7470057872778106,0.0
map,68,46,1788733440.4517,3.1387920865962684,1.7532283215502211,0.0
map,68,47,1788733440.4517,3.162986422894292,1.759524098011223,0.0
map,68,48,1788733440.4517,3.187177707434458,1.7658305556247278,0.0
map,68,49,1788733440.4517,3.2113674660956946,1.7721431167539485,0.0
map,68,50,1788733440.4517,3.2355587506358603,1.7784511002463823,0.0
map,68,51,1788733440.4517,3.259746983418168,1.784769764891319,0.0
map,68,52,1788733440.4517,3.283935216200476,1.7910884295362557,0.0
map,68,53,1788733440.4517,3.3081219231038546,1.7974162494547663,0.0
map,68,54,1788733440.4517,3.3323055782493753,1.803747121131135,0.0
map,68,55,1788733440.4517,3.3564739746056063,1.810145131480379,0.0
map,68,56,1788733440.4517,3.380642370961837,1.816538564192836,0.0
map,68,57,1788733440.4517,3.404809241439139,1.82293657454208,0.0
map,68,58,1788733440.4517,3.42897763779537,1.829334584891324,0.0
map,68,59,1788733440.4517,3.453142982393743,1.835738698756284,0.0
map,68,60,1788733440.4517,3.477308326992116,1.842144338500173,0.0
map,68,61,1788733440.4517,3.50147214571156,1.848557607638707,0.0
map,68,62,1788733440.4517,3.525634438552075,1.8549739285350988,0.0
map,68,63,1788733440.4517,3.549784524361158,1.8614406034361473,0.0
map,68,64,1788733440.4517,3.573934610170241,1.8679042265793377,0.0
map,68,65,1788733440.4517,3.598083170100395,1.8743724273593152,0.0
map,68,66,1788733440.4517,3.622231730030549,1.8808406281392926,0.0
map,68,67,1788733440.4517,3.646378764081774,1.887316458313915,0.0
map,68,68,1788733440.4517,3.6705257981329993,1.8937907626096084,0.0
map,68,69,1788733440.4517,3.6946697804263664,1.9002742221788758,0.0
map,68,70,1788733440.4517,3.7188046074461596,1.9067943028424388,0.0
map,68,71,1788733440.4517,3.742937908587024,1.9133204870217178,0.0
map,68,72,1788733440.4517,3.767072735606817,1.9198420935642098,0.0
map,68,73,1788733440.4517,3.791204510868752,1.9263713295013467,0.0
map,68,74,1788733440.4517,3.8153378120096164,1.9328990395595547,0.0
map,68,75,1788733440.4517,3.8394680613926226,1.9394328531334786,0.0
map,68,76,1788733440.4517,3.863599836654558,1.9459666667074025,0.0
map,68,77,1788733440.4517,3.887728560158635,1.9525081096759713,0.0
map,68,78,1788733440.4517,3.9118496542680674,1.959078544344191,0.0
map,68,79,1788733440.4517,3.9359692224985707,1.9656550825281265,0.0
map,68,80,1788733440.4517,3.960087264850145,1.97223467246992,0.0
map,68,81,1788733440.4517,3.9842068330806484,1.9788142624117135,0.0
map,68,82,1788733440.4517,4.008323349553294,1.985398429990294,0.0
map,68,83,1788733440.4517,4.032441391904868,1.9919825975688745,0.0
map,68,84,1788733440.4517,4.056556382498584,1.998572868663171,0.0
map,68,85,1788733440.4517,4.080671373092301,2.0051661915153254,0.0
map,68,86,1788733440.4517,4.104778734291372,2.0117869801882016,0.0
map,68,87,1788733440.4517,4.128886095490444,2.0184062429821488,0.0
map,68,88,1788733440.4517,4.152993456689515,2.025030083412883,0.0
map,68,89,1788733440.4517,4.1770992920096575,2.031653923843617,0.0
map,68,90,1788733440.4517,4.2012051273298,2.038283867790067,0.0
map,68,91,1788733440.4517,4.225309436771013,2.0449122858575883,0.0
map,68,92,1788733440.4517,4.249413746212227,2.0515468074408254,0.0
map,68,93,1788733440.4517,4.273510426258795,2.0582042172079973,0.0
map,68,94,1788733440.4517,4.297607106305364,2.064864678733027,0.0
map,68,95,1788733440.4517,4.321703786351932,2.071523614379128,0.0
map,68,96,1788733440.4517,4.345800466398501,2.078187127662016,0.0
map,68,97,1788733440.4517,4.36989562056614,2.0848506409449037,0.0
map,68,98,1788733440.4517,4.393989248854851,2.0915187318645785,0.0
map,68,99,1788733440.4517,4.41808440302249,2.0981883486631823,0.0
map,68,100,1788733440.4517,4.442176505432272,2.104862543098573,0.0
map,68,101,1788733440.4517,4.4662640302052665,2.1115535222021826,0.0
map,68,102,1788733440.4517,4.490351554978261,2.118249078942579,0.0
map,68,103,1788733440.4517,4.514437553872327,2.1249446356829758,0.0
map,68,104,1788733440.4517,4.538523552766392,2.1316432441812303,0.0
map,68,105,1788733440.4517,4.562609551660458,2.138341852679485,0.0
map,68,106,1788733440.4517,4.5866940246755945,2.1450450388145264,0.0
map,68,107,1788733440.4517,4.610776971811802,2.151754328465284,0.0
map,68,108,1788733440.4517,4.634855341311223,2.158478876905331,0.0
map,68,109,1788733440.4517,4.6589337108106434,2.1652064771032364,0.0
map,68,110,1788733440.4517,4.683010554431135,2.1719340773011417,0.0
map,68,111,1788733440.4517,4.707087398051627,2.178664729256905,0.0
map,68,112,1788733440.4517,4.7311642416721185,2.1853969070915973,0.0
map,68,113,1788733440.4517,4.75524108529261,2.1921306108052185,0.0
map,68,114,1788733440.4517,4.779316403034173,2.1988673662766978,0.0
map,68,115,1788733440.4517,4.8033901948968065,2.205608699384964,0.0
map,68,116,1788733440.4517,4.827460935001582,2.212362239524662,0.0
map,68,117,1788733440.4517,4.851530149227429,2.219120357301147,0.0
map,68,118,1788733440.4517,4.875599363453276,2.225876949198703,0.0
map,68,119,1788733440.4517,4.8996670518001935,2.232636592854117,0.0
map,68,120,1788733440.4517,4.92373626602604,2.2393977623884602,0.0
map,68,121,1788733440.4517,4.947803954372958,2.24616350955959,0.0
map,68,122,1788733440.4517,4.971870116840947,2.25292925673072,0.0
map,68,123,1788733440.4517,4.9959332275510775,2.25971026269114,0.0
map,68,124,1788733440.4517,5.019996338261208,2.266492794530489,0.0
map,68,125,1788733440.4517,5.04405792309241,2.2732768522487667,0.0
map,68,126,1788733440.4517,5.068119507923612,2.2800624358459736,0.0
map,68,127,1788733440.4517,5.092179566875885,2.2868495453221094,0.0
map,68,128,1788733440.4517,5.1162411517070865,2.293638180677174,0.0
map,68,129,1788733440.4517,5.14029968478043,2.300431393669026,0.0
map,68,130,1788733440.4517,5.164356691974845,2.3072352878133806,0.0
map,68,131,1788733440.4517,5.188412173290331,2.3140422337155933,0.0
map,68,132,1788733440.4517,5.212467654605817,2.320849179617806,0.0
map,68,133,1788733440.4517,5.236521610042374,2.3276591772778765,0.0
map,68,134,1788733440.4517,5.260575565478931,2.334472226695805,0.0
map,68,135,1788733440.4517,5.284629520915487,2.3412852761137337,0.0
map,68,136,1788733440.4517,5.308681950473115,2.3481029031684493,0.0
map,68,137,1788733440.4517,5.332734380030743,2.354920530223165,0.0
map,68,138,1788733440.4517,5.356783757830513,2.3617503643093123,0.0
map,68,139,1788733440.4517,5.380831609751354,2.3685817242743887,0.0
map,68,140,1788733440.4517,5.404879461672195,2.375414610118394,0.0
map,68,141,1788733440.4517,5.428927313593036,2.3822490218413286,0.0
map,68,142,1788733440.4517,5.452975165513877,2.389084959443192,0.0
map,68,143,1788733440.4517,5.477021491555789,2.3959239488029134,0.0
map,68,144,1788733440.4517,5.501067817597701,2.4027644640415637,0.0
map,68,145,1788733440.4517,5.5251110918817545,2.409614134553788,0.0
map,68,146,1788733440.4517,5.5491528402868795,2.4164668568238703,0.0
map,68,147,1788733440.4517,5.5731945886920045,2.4233211049728816,0.0
map,68,148,1788733440.4517,5.597236337097129,2.430175353121893,0.0
map,68,149,1788733440.4517,5.621278085502254,2.437032653028762,0.0
map,68,150,1788733440.4517,5.64531830802845,2.4438914788145603,0.0
map,68,151,1788733440.4517,5.669358530554646,2.4507518304792875,0.0
map,68,152,1788733440.4517,5.693395701322984,2.4576228632965176,0.0
map,68,153,1788733440.4517,5.717432872091322,2.4644954219926767,0.0
map,68,154,1788733440.4517,5.74147004285966,2.4713695065677648,0.0
map,68,155,1788733440.4517,5.765505687749069,2.478243591142853,0.0
map,68,156,1788733440.4517,5.789541332638478,2.485120727475799,0.0
map,68,157,1788733440.4517,5.81358765868039,2.4919612427144493,0.0
map,68,158,1788733440.4517,5.837624829448728,2.4988322755316794,0.0
map,68,159,1788733440.4517,5.861658948459208,2.5057139895014124,0.0
map,68,160,1788733440.4517,5.9075,2.537,0.9668000000000001
map,69,0,1788733441.4860547,2.0116588910897377,1.5557139753453093,0.0
map,69,1,1788733441.4860547,2.0373180711595893,1.5556758283720846,0.0
map,69,2,1788733441.4860547,2.0623180715321183,1.5556575178249368,0.0
map,69,3,1788733441.4860547,2.0873180719046474,1.555631577883144,0.0
map,69,4,1788733441.4860547,2.1123180722771764,1.5555995344256353,0.0
map,69,5,1788733441.4860547,2.1373180726497054,1.5555583356945526,0.0
map,69,6,1788733441.4860547,2.1623180730222344,1.555509507568825,0.0
map,69,7,1788733441.4860547,2.1873180733947635,1.5554499982905945,0.0
map,69,8,1788733441.4860547,2.2123180737672925,1.555378281980932,0.0
map,69,9,1788733441.4860547,2.2373180741398215,1.5552943586398378,0.0
map,69,10,1788733441.4860547,2.2623180745123506,1.5551982282673116,0.0
map,69,11,1788733441.4860547,2.2873180748848796,1.5550868391054955,0.0
map,69,12,1788733441.4860547,2.3123165493784796,1.5549617170333185,0.0
map,69,13,1788733441.4860547,2.3367382416369225,1.5603099226794193,0.0
map,69,14,1788733441.4860547,2.3611568821375073,1.565668809478023,0.0
map,69,15,1788733441.4860547,2.385590781427382,1.57096208348268,0.0
map,69,16,1788733441.4860547,2.410017051322612,1.576287400944846,0.0
map,69,17,1788733441.4860547,2.4344494247335575,1.5815806749495032,0.0
map,69,18,1788733441.4860547,2.4588726428709293,1.58691972532203,0.0
map,69,19,1788733441.4860547,2.48329738688723,1.5922526721788408,0.0
map,69,20,1788733441.4860547,2.507709923872099,1.5976420765560242,0.0
map,69,21,1788733441.4860547,2.532120934978039,1.6030375844489235,0.0
map,69,22,1788733441.4860547,2.5564342898325236,1.6088557608051524,0.0
map,69,23,1788733441.4860547,2.5807567999605823,1.6146373160670855,0.0
map,69,24,1788733441.4860547,2.605074732451854,1.6204356559972375,0.0
map,69,25,1788733441.4860547,2.6293987684588416,1.6262126336223837,0.0
map,69,26,1788733441.4860547,2.6537151750711843,1.6320140253103936,0.0
map,69,27,1788733441.4860547,2.678036159320314,1.6378062617248297,0.0
map,69,28,1788733441.4860547,2.7023479882958696,1.6436290157178455,0.0
map,69,29,1788733441.4860547,2.7266613431503544,1.6494502438319323,0.0
map,69,30,1788733441.4860547,2.750965542731265,1.6553065671613858,0.0
map,69,31,1788733441.4860547,2.7752285435810933,1.661332263051957,0.0
map,69,32,1788733441.4860547,2.7994884926730634,1.66737016597396,0.0
map,69,33,1788733441.4860547,2.8237514935228916,1.673394335985602,0.0
map,69,34,1788733441.4860547,2.8480099167359327,1.679435290665463,0.0
map,69,35,1788733441.4860547,2.872271391706832,1.685468615950679,0.0
map,69,36,1788733441.4860547,2.896528289040944,1.691523303540901,0.0
map,69,37,1788733441.4860547,2.9207836604961273,1.6975734134943359,0.0
map,69,38,1788733441.4860547,2.9450344543145235,1.7036494633895636,0.0
map,69,39,1788733441.4860547,2.969257782312198,1.7098323248098204,0.0
map,69,40,1788733441.4860547,2.9934780585520144,1.7160258673825801,0.0
map,69,41,1788733441.4860547,3.017701386549689,1.722208728802837,0.0
map,69,42,1788733441.4860547,3.0419216627895054,1.7284053231334546,0.0
map,69,43,1788733441.4860547,3.066143464908251,1.7345958139483564,0.0
map,69,44,1788733441.4860547,3.0903606893902094,1.740803089431477,0.0
map,69,45,1788733441.4860547,3.114577913872168,1.7470057872778106,0.0
map,69,46,1788733441.4860547,3.1387920865962684,1.7532283215502211,0.0
map,69,47,1788733441.4860547,3.162986422894292,1.759524098011223,0.0
map,69,48,1788733441.4860547,3.187177707434458,1.7658305556247278,0.0
map,69,49,1788733441.4860547,3.2113674660956946,1.7721431167539485,0.0
map,69,50,1788733441.4860547,3.2355587506358603,1.7784511002463823,0.0
map,69,51,1788733441.4860547,3.259746983418168,1.784769764891319,0.0
map,69,52,1788733441.4860547,3.283935216200476,1.7910884295362557,0.0
map,69,53,1788733441.4860547,3.3081219231038546,1.7974162494547663,0.0
map,69,54,1788733441.4860547,3.3323055782493753,1.803747121131135,0.0
map,69,55,1788733441.4860547,3.3564739746056063,1.810145131480379,0.0
map,69,56,1788733441.4860547,3.380642370961837,1.816538564192836,0.0
map,69,57,1788733441.4860547,3.404809241439139,1.82293657454208,0.0
map,69,58,1788733441.4860547,3.42897763779537,1.829334584891324,0.0
map,69,59,1788733441.4860547,3.453142982393743,1.835738698756284,0.0
map,69,60,1788733441.4860547,3.477308326992116,1.842144338500173,0.0
map,69,61,1788733441.4860547,3.50147214571156,1.848557607638707,0.0
map,69,62,1788733441.4860547,3.525634438552075,1.8549739285350988,0.0
map,69,63,1788733441.4860547,3.549784524361158,1.8614406034361473,0.0
map,69,64,1788733441.4860547,3.573934610170241,1.8679042265793377,0.0
map,69,65,1788733441.4860547,3.598083170100395,1.8743724273593152,0.0
map,69,66,1788733441.4860547,3.622231730030549,1.8808406281392926,0.0
map,69,67,1788733441.4860547,3.646378764081774,1.887316458313915,0.0
map,69,68,1788733441.4860547,3.6705257981329993,1.8937907626096084,0.0
map,69,69,1788733441.4860547,3.6946697804263664,1.9002742221788758,0.0
map,69,70,1788733441.4860547,3.7188046074461596,1.9067943028424388,0.0
map,69,71,1788733441.4860547,3.742937908587024,1.9133204870217178,0.0
map,69,72,1788733441.4860547,3.767072735606817,1.9198420935642098,0.0
map,69,73,1788733441.4860547,3.791204510868752,1.9263713295013467,0.0
map,69,74,1788733441.4860547,3.8153378120096164,1.9328990395595547,0.0
map,69,75,1788733441.4860547,3.8394680613926226,1.9394328531334786,0.0
map,69,76,1788733441.4860547,3.863599836654558,1.9459666667074025,0.0
map,69,77,1788733441.4860547,3.887728560158635,1.9525081096759713,0.0
map,69,78,1788733441.4860547,3.9118496542680674,1.959078544344191,0.0
map,69,79,1788733441.4860547,3.9359692224985707,1.9656550825281265,0.0
map,69,80,1788733441.4860547,3.960087264850145,1.97223467246992,0.0
map,69,81,1788733441.4860547,3.9842068330806484,1.9788142624117135,0.0
map,69,82,1788733441.4860547,4.008323349553294,1.985398429990294,0.0
map,69,83,1788733441.4860547,4.032441391904868,1.9919825975688745,0.0
map,69,84,1788733441.4860547,4.056556382498584,1.998572868663171,0.0
map,69,85,1788733441.4860547,4.080671373092301,2.0051661915153254,0.0
map,69,86,1788733441.4860547,4.104778734291372,2.0117869801882016,0.0
map,69,87,1788733441.4860547,4.128886095490444,2.0184062429821488,0.0
map,69,88,1788733441.4860547,4.152993456689515,2.025030083412883,0.0
map,69,89,1788733441.4860547,4.1770992920096575,2.031653923843617,0.0
map,69,90,1788733441.4860547,4.2012051273298,2.038283867790067,0.0
map,69,91,1788733441.4860547,4.225309436771013,2.0449122858575883,0.0
map,69,92,1788733441.4860547,4.249413746212227,2.0515468074408254,0.0
map,69,93,1788733441.4860547,4.273510426258795,2.0582042172079973,0.0
map,69,94,1788733441.4860547,4.297607106305364,2.064864678733027,0.0
map,69,95,1788733441.4860547,4.321703786351932,2.071523614379128,0.0
map,69,96,1788733441.4860547,4.345800466398501,2.078187127662016,0.0
map,69,97,1788733441.4860547,4.36989562056614,2.0848506409449037,0.0
map,69,98,1788733441.4860547,4.393989248854851,2.0915187318645785,0.0
map,69,99,1788733441.4860547,4.41808440302249,2.0981883486631823,0.0
map,69,100,1788733441.4860547,4.442176505432272,2.104862543098573,0.0
map,69,101,1788733441.4860547,4.4662640302052665,2.1115535222021826,0.0
map,69,102,1788733441.4860547,4.490351554978261,2.118249078942579,0.0
map,69,103,1788733441.4860547,4.514437553872327,2.1249446356829758,0.0
map,69,104,1788733441.4860547,4.538523552766392,2.1316432441812303,0.0
map,69,105,1788733441.4860547,4.562609551660458,2.138341852679485,0.0
map,69,106,1788733441.4860547,4.5866940246755945,2.1450450388145264,0.0
map,69,107,1788733441.4860547,4.610776971811802,2.151754328465284,0.0
map,69,108,1788733441.4860547,4.634855341311223,2.158478876905331,0.0
map,69,109,1788733441.4860547,4.6589337108106434,2.1652064771032364,0.0
map,69,110,1788733441.4860547,4.683010554431135,2.1719340773011417,0.0
map,69,111,1788733441.4860547,4.707087398051627,2.178664729256905,0.0
map,69,112,1788733441.4860547,4.7311642416721185,2.1853969070915973,0.0
map,69,113,1788733441.4860547,4.75524108529261,2.1921306108052185,0.0
map,69,114,1788733441.4860547,4.779316403034173,2.1988673662766978,0.0
map,69,115,1788733441.4860547,4.8033901948968065,2.205608699384964,0.0
map,69,116,1788733441.4860547,4.827460935001582,2.212362239524662,0.0
map,69,117,1788733441.4860547,4.851530149227429,2.219120357301147,0.0
map,69,118,1788733441.4860547,4.875599363453276,2.225876949198703,0.0
map,69,119,1788733441.4860547,4.8996670518001935,2.232636592854117,0.0
map,69,120,1788733441.4860547,4.92373626602604,2.2393977623884602,0.0
map,69,121,1788733441.4860547,4.947803954372958,2.24616350955959,0.0
map,69,122,1788733441.4860547,4.971870116840947,2.25292925673072,0.0
map,69,123,1788733441.4860547,4.9959332275510775,2.25971026269114,0.0
map,69,124,1788733441.4860547,5.019996338261208,2.266492794530489,0.0
map,69,125,1788733441.4860547,5.04405792309241,2.2732768522487667,0.0
map,69,126,1788733441.4860547,5.068119507923612,2.2800624358459736,0.0
map,69,127,1788733441.4860547,5.092179566875885,2.2868495453221094,0.0
map,69,128,1788733441.4860547,5.1162411517070865,2.293638180677174,0.0
map,69,129,1788733441.4860547,5.14029968478043,2.300431393669026,0.0
map,69,130,1788733441.4860547,5.164356691974845,2.3072352878133806,0.0
map,69,131,1788733441.4860547,5.188412173290331,2.3140422337155933,0.0
map,69,132,1788733441.4860547,5.212467654605817,2.320849179617806,0.0
map,69,133,1788733441.4860547,5.236521610042374,2.3276591772778765,0.0
map,69,134,1788733441.4860547,5.260575565478931,2.334472226695805,0.0
map,69,135,1788733441.4860547,5.284629520915487,2.3412852761137337,0.0
map,69,136,1788733441.4860547,5.308681950473115,2.3481029031684493,0.0
map,69,137,1788733441.4860547,5.332734380030743,2.354920530223165,0.0
map,69,138,1788733441.4860547,5.356783757830513,2.3617503643093123,0.0
map,69,139,1788733441.4860547,5.380831609751354,2.3685817242743887,0.0
map,69,140,1788733441.4860547,5.404879461672195,2.375414610118394,0.0
map,69,141,1788733441.4860547,5.428927313593036,2.3822490218413286,0.0
map,69,142,1788733441.4860547,5.452975165513877,2.389084959443192,0.0
map,69,143,1788733441.4860547,5.477021491555789,2.3959239488029134,0.0
map,69,144,1788733441.4860547,5.501067817597701,2.4027644640415637,0.0
map,69,145,1788733441.4860547,5.5251110918817545,2.409614134553788,0.0
map,69,146,1788733441.4860547,5.5491528402868795,2.4164668568238703,0.0
map,69,147,1788733441.4860547,5.5731945886920045,2.4233211049728816,0.0
map,69,148,1788733441.4860547,5.597236337097129,2.430175353121893,0.0
map,69,149,1788733441.4860547,5.621278085502254,2.437032653028762,0.0
map,69,150,1788733441.4860547,5.64531830802845,2.4438914788145603,0.0
map,69,151,1788733441.4860547,5.669358530554646,2.4507518304792875,0.0
map,69,152,1788733441.4860547,5.693395701322984,2.4576228632965176,0.0
map,69,153,1788733441.4860547,5.717432872091322,2.4644954219926767,0.0
map,69,154,1788733441.4860547,5.74147004285966,2.4713695065677648,0.0
map,69,155,1788733441.4860547,5.765505687749069,2.478243591142853,0.0
map,69,156,1788733441.4860547,5.789541332638478,2.485120727475799,0.0
map,69,157,1788733441.4860547,5.81358765868039,2.4919612427144493,0.0
map,69,158,1788733441.4860547,5.837624829448728,2.4988322755316794,0.0
map,69,159,1788733441.4860547,5.861658948459208,2.5057139895014124,0.0
map,69,160,1788733441.4860547,5.9075,2.537,0.9668000000000001
map,70,0,1788733442.5167146,2.0116588910897377,1.5557139753453093,0.0
map,70,1,1788733442.5167146,2.0373180711595893,1.5556758283720846,0.0
map,70,2,1788733442.5167146,2.0623180715321183,1.5556575178249368,0.0
map,70,3,1788733442.5167146,2.0873180719046474,1.555631577883144,0.0
map,70,4,1788733442.5167146,2.1123180722771764,1.5555995344256353,0.0
map,70,5,1788733442.5167146,2.1373180726497054,1.5555583356945526,0.0
map,70,6,1788733442.5167146,2.1623180730222344,1.555509507568825,0.0
map,70,7,1788733442.5167146,2.1873180733947635,1.5554499982905945,0.0
map,70,8,1788733442.5167146,2.2123180737672925,1.555378281980932,0.0
map,70,9,1788733442.5167146,2.2373180741398215,1.5552943586398378,0.0
map,70,10,1788733442.5167146,2.2623180745123506,1.5551982282673116,0.0
map,70,11,1788733442.5167146,2.2873180748848796,1.5550868391054955,0.0
map,70,12,1788733442.5167146,2.3123165493784796,1.5549617170333185,0.0
map,70,13,1788733442.5167146,2.3367382416369225,1.5603099226794193,0.0
map,70,14,1788733442.5167146,2.3611568821375073,1.565668809478023,0.0
map,70,15,1788733442.5167146,2.385590781427382,1.57096208348268,0.0
map,70,16,1788733442.5167146,2.410017051322612,1.576287400944846,0.0
map,70,17,1788733442.5167146,2.4344494247335575,1.5815806749495032,0.0
map,70,18,1788733442.5167146,2.4588726428709293,1.58691972532203,0.0
map,70,19,1788733442.5167146,2.48329738688723,1.5922526721788408,0.0
map,70,20,1788733442.5167146,2.507709923872099,1.5976420765560242,0.0
map,70,21,1788733442.5167146,2.532120934978039,1.6030375844489235,0.0
map,70,22,1788733442.5167146,2.5564342898325236,1.6088557608051524,0.0
map,70,23,1788733442.5167146,2.5807567999605823,1.6146373160670855,0.0
map,70,24,1788733442.5167146,2.605074732451854,1.6204356559972375,0.0
map,70,25,1788733442.5167146,2.6293987684588416,1.6262126336223837,0.0
map,70,26,1788733442.5167146,2.6537151750711843,1.6320140253103936,0.0
map,70,27,1788733442.5167146,2.678036159320314,1.6378062617248297,0.0
map,70,28,1788733442.5167146,2.7023479882958696,1.6436290157178455,0.0
map,70,29,1788733442.5167146,2.7266613431503544,1.6494502438319323,0.0
map,70,30,1788733442.5167146,2.750965542731265,1.6553065671613858,0.0
map,70,31,1788733442.5167146,2.7752285435810933,1.661332263051957,0.0
map,70,32,1788733442.5167146,2.7994884926730634,1.66737016597396,0.0
map,70,33,1788733442.5167146,2.8237514935228916,1.673394335985602,0.0
map,70,34,1788733442.5167146,2.8480099167359327,1.679435290665463,0.0
map,70,35,1788733442.5167146,2.872271391706832,1.685468615950679,0.0
map,70,36,1788733442.5167146,2.896528289040944,1.691523303540901,0.0
map,70,37,1788733442.5167146,2.9207836604961273,1.6975734134943359,0.0
map,70,38,1788733442.5167146,2.9450344543145235,1.7036494633895636,0.0
map,70,39,1788733442.5167146,2.969257782312198,1.7098323248098204,0.0
map,70,40,1788733442.5167146,2.9934780585520144,1.7160258673825801,0.0
map,70,41,1788733442.5167146,3.017701386549689,1.722208728802837,0.0
map,70,42,1788733442.5167146,3.0419216627895054,1.7284053231334546,0.0
map,70,43,1788733442.5167146,3.066143464908251,1.7345958139483564,0.0
map,70,44,1788733442.5167146,3.0903606893902094,1.740803089431477,0.0
map,70,45,1788733442.5167146,3.114577913872168,1.7470057872778106,0.0
map,70,46,1788733442.5167146,3.1387920865962684,1.7532283215502211,0.0
map,70,47,1788733442.5167146,3.162986422894292,1.759524098011223,0.0
map,70,48,1788733442.5167146,3.187177707434458,1.7658305556247278,0.0
map,70,49,1788733442.5167146,3.2113674660956946,1.7721431167539485,0.0
map,70,50,1788733442.5167146,3.2355587506358603,1.7784511002463823,0.0
map,70,51,1788733442.5167146,3.259746983418168,1.784769764891319,0.0
map,70,52,1788733442.5167146,3.283935216200476,1.7910884295362557,0.0
map,70,53,1788733442.5167146,3.3081219231038546,1.7974162494547663,0.0
map,70,54,1788733442.5167146,3.3323055782493753,1.803747121131135,0.0
map,70,55,1788733442.5167146,3.3564739746056063,1.810145131480379,0.0
map,70,56,1788733442.5167146,3.380642370961837,1.816538564192836,0.0
map,70,57,1788733442.5167146,3.404809241439139,1.82293657454208,0.0
map,70,58,1788733442.5167146,3.42897763779537,1.829334584891324,0.0
map,70,59,1788733442.5167146,3.453142982393743,1.835738698756284,0.0
map,70,60,1788733442.5167146,3.477308326992116,1.842144338500173,0.0
map,70,61,1788733442.5167146,3.50147214571156,1.848557607638707,0.0
map,70,62,1788733442.5167146,3.525634438552075,1.8549739285350988,0.0
map,70,63,1788733442.5167146,3.549784524361158,1.8614406034361473,0.0
map,70,64,1788733442.5167146,3.573934610170241,1.8679042265793377,0.0
map,70,65,1788733442.5167146,3.598083170100395,1.8743724273593152,0.0
map,70,66,1788733442.5167146,3.622231730030549,1.8808406281392926,0.0
map,70,67,1788733442.5167146,3.646378764081774,1.887316458313915,0.0
map,70,68,1788733442.5167146,3.6705257981329993,1.8937907626096084,0.0
map,70,69,1788733442.5167146,3.6946697804263664,1.9002742221788758,0.0
map,70,70,1788733442.5167146,3.7188046074461596,1.9067943028424388,0.0
map,70,71,1788733442.5167146,3.742937908587024,1.9133204870217178,0.0
map,70,72,1788733442.5167146,3.767072735606817,1.9198420935642098,0.0
map,70,73,1788733442.5167146,3.791204510868752,1.9263713295013467,0.0
map,70,74,1788733442.5167146,3.8153378120096164,1.9328990395595547,0.0
map,70,75,1788733442.5167146,3.8394680613926226,1.9394328531334786,0.0
map,70,76,1788733442.5167146,3.863599836654558,1.9459666667074025,0.0
map,70,77,1788733442.5167146,3.887728560158635,1.9525081096759713,0.0
map,70,78,1788733442.5167146,3.9118496542680674,1.959078544344191,0.0
map,70,79,1788733442.5167146,3.9359692224985707,1.9656550825281265,0.0
map,70,80,1788733442.5167146,3.960087264850145,1.97223467246992,0.0
map,70,81,1788733442.5167146,3.9842068330806484,1.9788142624117135,0.0
map,70,82,1788733442.5167146,4.008323349553294,1.985398429990294,0.0
map,70,83,1788733442.5167146,4.032441391904868,1.9919825975688745,0.0
map,70,84,1788733442.5167146,4.056556382498584,1.998572868663171,0.0
map,70,85,1788733442.5167146,4.080671373092301,2.0051661915153254,0.0
map,70,86,1788733442.5167146,4.104778734291372,2.0117869801882016,0.0
map,70,87,1788733442.5167146,4.128886095490444,2.0184062429821488,0.0
map,70,88,1788733442.5167146,4.152993456689515,2.025030083412883,0.0
map,70,89,1788733442.5167146,4.1770992920096575,2.031653923843617,0.0
map,70,90,1788733442.5167146,4.2012051273298,2.038283867790067,0.0
map,70,91,1788733442.5167146,4.225309436771013,2.0449122858575883,0.0
map,70,92,1788733442.5167146,4.249413746212227,2.0515468074408254,0.0
map,70,93,1788733442.5167146,4.273510426258795,2.0582042172079973,0.0
map,70,94,1788733442.5167146,4.297607106305364,2.064864678733027,0.0
map,70,95,1788733442.5167146,4.321703786351932,2.071523614379128,0.0
map,70,96,1788733442.5167146,4.345800466398501,2.078187127662016,0.0
map,70,97,1788733442.5167146,4.36989562056614,2.0848506409449037,0.0
map,70,98,1788733442.5167146,4.393989248854851,2.0915187318645785,0.0
map,70,99,1788733442.5167146,4.41808440302249,2.0981883486631823,0.0
map,70,100,1788733442.5167146,4.442176505432272,2.104862543098573,0.0
map,70,101,1788733442.5167146,4.4662640302052665,2.1115535222021826,0.0
map,70,102,1788733442.5167146,4.490351554978261,2.118249078942579,0.0
map,70,103,1788733442.5167146,4.514437553872327,2.1249446356829758,0.0
map,70,104,1788733442.5167146,4.538523552766392,2.1316432441812303,0.0
map,70,105,1788733442.5167146,4.562609551660458,2.138341852679485,0.0
map,70,106,1788733442.5167146,4.5866940246755945,2.1450450388145264,0.0
map,70,107,1788733442.5167146,4.610776971811802,2.151754328465284,0.0
map,70,108,1788733442.5167146,4.634855341311223,2.158478876905331,0.0
map,70,109,1788733442.5167146,4.6589337108106434,2.1652064771032364,0.0
map,70,110,1788733442.5167146,4.683010554431135,2.1719340773011417,0.0
map,70,111,1788733442.5167146,4.707087398051627,2.178664729256905,0.0
map,70,112,1788733442.5167146,4.7311642416721185,2.1853969070915973,0.0
map,70,113,1788733442.5167146,4.75524108529261,2.1921306108052185,0.0
map,70,114,1788733442.5167146,4.779316403034173,2.1988673662766978,0.0
map,70,115,1788733442.5167146,4.8033901948968065,2.205608699384964,0.0
map,70,116,1788733442.5167146,4.827460935001582,2.212362239524662,0.0
map,70,117,1788733442.5167146,4.851530149227429,2.219120357301147,0.0
map,70,118,1788733442.5167146,4.875599363453276,2.225876949198703,0.0
map,70,119,1788733442.5167146,4.8996670518001935,2.232636592854117,0.0
map,70,120,1788733442.5167146,4.92373626602604,2.2393977623884602,0.0
map,70,121,1788733442.5167146,4.947803954372958,2.24616350955959,0.0
map,70,122,1788733442.5167146,4.971870116840947,2.25292925673072,0.0
map,70,123,1788733442.5167146,4.9959332275510775,2.25971026269114,0.0
map,70,124,1788733442.5167146,5.019996338261208,2.266492794530489,0.0
map,70,125,1788733442.5167146,5.04405792309241,2.2732768522487667,0.0
map,70,126,1788733442.5167146,5.068119507923612,2.2800624358459736,0.0
map,70,127,1788733442.5167146,5.092179566875885,2.2868495453221094,0.0
map,70,128,1788733442.5167146,5.1162411517070865,2.293638180677174,0.0
map,70,129,1788733442.5167146,5.14029968478043,2.300431393669026,0.0
map,70,130,1788733442.5167146,5.164356691974845,2.3072352878133806,0.0
map,70,131,1788733442.5167146,5.188412173290331,2.3140422337155933,0.0
map,70,132,1788733442.5167146,5.212467654605817,2.320849179617806,0.0
map,70,133,1788733442.5167146,5.236521610042374,2.3276591772778765,0.0
map,70,134,1788733442.5167146,5.260575565478931,2.334472226695805,0.0
map,70,135,1788733442.5167146,5.284629520915487,2.3412852761137337,0.0
map,70,136,1788733442.5167146,5.308681950473115,2.3481029031684493,0.0
map,70,137,1788733442.5167146,5.332734380030743,2.354920530223165,0.0
map,70,138,1788733442.5167146,5.356783757830513,2.3617503643093123,0.0
map,70,139,1788733442.5167146,5.380831609751354,2.3685817242743887,0.0
map,70,140,1788733442.5167146,5.404879461672195,2.375414610118394,0.0
map,70,141,1788733442.5167146,5.428927313593036,2.3822490218413286,0.0
map,70,142,1788733442.5167146,5.452975165513877,2.389084959443192,0.0
map,70,143,1788733442.5167146,5.477021491555789,2.3959239488029134,0.0
map,70,144,1788733442.5167146,5.501067817597701,2.4027644640415637,0.0
map,70,145,1788733442.5167146,5.5251110918817545,2.409614134553788,0.0
map,70,146,1788733442.5167146,5.5491528402868795,2.4164668568238703,0.0
map,70,147,1788733442.5167146,5.5731945886920045,2.4233211049728816,0.0
map,70,148,1788733442.5167146,5.597236337097129,2.430175353121893,0.0
map,70,149,1788733442.5167146,5.621278085502254,2.437032653028762,0.0
map,70,150,1788733442.5167146,5.64531830802845,2.4438914788145603,0.0
map,70,151,1788733442.5167146,5.669358530554646,2.4507518304792875,0.0
map,70,152,1788733442.5167146,5.693395701322984,2.4576228632965176,0.0
map,70,153,1788733442.5167146,5.717432872091322,2.4644954219926767,0.0
map,70,154,1788733442.5167146,5.74147004285966,2.4713695065677648,0.0
map,70,155,1788733442.5167146,5.765505687749069,2.478243591142853,0.0
map,70,156,1788733442.5167146,5.789541332638478,2.485120727475799,0.0
map,70,157,1788733442.5167146,5.81358765868039,2.4919612427144493,0.0
map,70,158,1788733442.5167146,5.837624829448728,2.4988322755316794,0.0
map,70,159,1788733442.5167146,5.861658948459208,2.5057139895014124,0.0
map,70,160,1788733442.5167146,5.9075,2.537,0.9668000000000001
map,71,0,1788733443.5445669,2.0116588910897377,1.5557139753453093,0.0
map,71,1,1788733443.5445669,2.0373180711595893,1.5556758283720846,0.0
map,71,2,1788733443.5445669,2.0623180715321183,1.5556575178249368,0.0
map,71,3,1788733443.5445669,2.0873180719046474,1.555631577883144,0.0
map,71,4,1788733443.5445669,2.1123180722771764,1.5555995344256353,0.0
map,71,5,1788733443.5445669,2.1373180726497054,1.5555583356945526,0.0
map,71,6,1788733443.5445669,2.1623180730222344,1.555509507568825,0.0
map,71,7,1788733443.5445669,2.1873180733947635,1.5554499982905945,0.0
map,71,8,1788733443.5445669,2.2123180737672925,1.555378281980932,0.0
map,71,9,1788733443.5445669,2.2373180741398215,1.5552943586398378,0.0
map,71,10,1788733443.5445669,2.2623180745123506,1.5551982282673116,0.0
map,71,11,1788733443.5445669,2.2873180748848796,1.5550868391054955,0.0
map,71,12,1788733443.5445669,2.3123165493784796,1.5549617170333185,0.0
map,71,13,1788733443.5445669,2.3367382416369225,1.5603099226794193,0.0
map,71,14,1788733443.5445669,2.3611568821375073,1.565668809478023,0.0
map,71,15,1788733443.5445669,2.385590781427382,1.57096208348268,0.0
map,71,16,1788733443.5445669,2.410017051322612,1.576287400944846,0.0
map,71,17,1788733443.5445669,2.4344494247335575,1.5815806749495032,0.0
map,71,18,1788733443.5445669,2.4588726428709293,1.58691972532203,0.0
map,71,19,1788733443.5445669,2.48329738688723,1.5922526721788408,0.0
map,71,20,1788733443.5445669,2.507709923872099,1.5976420765560242,0.0
map,71,21,1788733443.5445669,2.532120934978039,1.6030375844489235,0.0
map,71,22,1788733443.5445669,2.5564342898325236,1.6088557608051524,0.0
map,71,23,1788733443.5445669,2.5807567999605823,1.6146373160670855,0.0
map,71,24,1788733443.5445669,2.605074732451854,1.6204356559972375,0.0
map,71,25,1788733443.5445669,2.6293987684588416,1.6262126336223837,0.0
map,71,26,1788733443.5445669,2.6537151750711843,1.6320140253103936,0.0
map,71,27,1788733443.5445669,2.678036159320314,1.6378062617248297,0.0
map,71,28,1788733443.5445669,2.7023479882958696,1.6436290157178455,0.0
map,71,29,1788733443.5445669,2.7266613431503544,1.6494502438319323,0.0
map,71,30,1788733443.5445669,2.750965542731265,1.6553065671613858,0.0
map,71,31,1788733443.5445669,2.7752285435810933,1.661332263051957,0.0
map,71,32,1788733443.5445669,2.7994884926730634,1.66737016597396,0.0
map,71,33,1788733443.5445669,2.8237514935228916,1.673394335985602,0.0
map,71,34,1788733443.5445669,2.8480099167359327,1.679435290665463,0.0
map,71,35,1788733443.5445669,2.872271391706832,1.685468615950679,0.0
map,71,36,1788733443.5445669,2.896528289040944,1.691523303540901,0.0
map,71,37,1788733443.5445669,2.9207836604961273,1.6975734134943359,0.0
map,71,38,1788733443.5445669,2.9450344543145235,1.7036494633895636,0.0
map,71,39,1788733443.5445669,2.969257782312198,1.7098323248098204,0.0
map,71,40,1788733443.5445669,2.9934780585520144,1.7160258673825801,0.0
map,71,41,1788733443.5445669,3.017701386549689,1.722208728802837,0.0
map,71,42,1788733443.5445669,3.0419216627895054,1.7284053231334546,0.0
map,71,43,1788733443.5445669,3.066143464908251,1.7345958139483564,0.0
map,71,44,1788733443.5445669,3.0903606893902094,1.740803089431477,0.0
map,71,45,1788733443.5445669,3.114577913872168,1.7470057872778106,0.0
map,71,46,1788733443.5445669,3.1387920865962684,1.7532283215502211,0.0
map,71,47,1788733443.5445669,3.162986422894292,1.759524098011223,0.0
map,71,48,1788733443.5445669,3.187177707434458,1.7658305556247278,0.0
map,71,49,1788733443.5445669,3.2113674660956946,1.7721431167539485,0.0
map,71,50,1788733443.5445669,3.2355587506358603,1.7784511002463823,0.0
map,71,51,1788733443.5445669,3.259746983418168,1.784769764891319,0.0
map,71,52,1788733443.5445669,3.283935216200476,1.7910884295362557,0.0
map,71,53,1788733443.5445669,3.3081219231038546,1.7974162494547663,0.0
map,71,54,1788733443.5445669,3.3323055782493753,1.803747121131135,0.0
map,71,55,1788733443.5445669,3.3564739746056063,1.810145131480379,0.0
map,71,56,1788733443.5445669,3.380642370961837,1.816538564192836,0.0
map,71,57,1788733443.5445669,3.404809241439139,1.82293657454208,0.0
map,71,58,1788733443.5445669,3.42897763779537,1.829334584891324,0.0
map,71,59,1788733443.5445669,3.453142982393743,1.835738698756284,0.0
map,71,60,1788733443.5445669,3.477308326992116,1.842144338500173,0.0
map,71,61,1788733443.5445669,3.50147214571156,1.848557607638707,0.0
map,71,62,1788733443.5445669,3.525634438552075,1.8549739285350988,0.0
map,71,63,1788733443.5445669,3.549784524361158,1.8614406034361473,0.0
map,71,64,1788733443.5445669,3.573934610170241,1.8679042265793377,0.0
map,71,65,1788733443.5445669,3.598083170100395,1.8743724273593152,0.0
map,71,66,1788733443.5445669,3.622231730030549,1.8808406281392926,0.0
map,71,67,1788733443.5445669,3.646378764081774,1.887316458313915,0.0
map,71,68,1788733443.5445669,3.6705257981329993,1.8937907626096084,0.0
map,71,69,1788733443.5445669,3.6946697804263664,1.9002742221788758,0.0
map,71,70,1788733443.5445669,3.7188046074461596,1.9067943028424388,0.0
map,71,71,1788733443.5445669,3.742937908587024,1.9133204870217178,0.0
map,71,72,1788733443.5445669,3.767072735606817,1.9198420935642098,0.0
map,71,73,1788733443.5445669,3.791204510868752,1.9263713295013467,0.0
map,71,74,1788733443.5445669,3.8153378120096164,1.9328990395595547,0.0
map,71,75,1788733443.5445669,3.8394680613926226,1.9394328531334786,0.0
map,71,76,1788733443.5445669,3.863599836654558,1.9459666667074025,0.0
map,71,77,1788733443.5445669,3.887728560158635,1.9525081096759713,0.0
map,71,78,1788733443.5445669,3.9118496542680674,1.959078544344191,0.0
map,71,79,1788733443.5445669,3.9359692224985707,1.9656550825281265,0.0
map,71,80,1788733443.5445669,3.960087264850145,1.97223467246992,0.0
map,71,81,1788733443.5445669,3.9842068330806484,1.9788142624117135,0.0
map,71,82,1788733443.5445669,4.008323349553294,1.985398429990294,0.0
map,71,83,1788733443.5445669,4.032441391904868,1.9919825975688745,0.0
map,71,84,1788733443.5445669,4.056556382498584,1.998572868663171,0.0
map,71,85,1788733443.5445669,4.080671373092301,2.0051661915153254,0.0
map,71,86,1788733443.5445669,4.104778734291372,2.0117869801882016,0.0
map,71,87,1788733443.5445669,4.128886095490444,2.0184062429821488,0.0
map,71,88,1788733443.5445669,4.152993456689515,2.025030083412883,0.0
map,71,89,1788733443.5445669,4.1770992920096575,2.031653923843617,0.0
map,71,90,1788733443.5445669,4.2012051273298,2.038283867790067,0.0
map,71,91,1788733443.5445669,4.225309436771013,2.0449122858575883,0.0
map,71,92,1788733443.5445669,4.249413746212227,2.0515468074408254,0.0
map,71,93,1788733443.5445669,4.273510426258795,2.0582042172079973,0.0
map,71,94,1788733443.5445669,4.297607106305364,2.064864678733027,0.0
map,71,95,1788733443.5445669,4.321703786351932,2.071523614379128,0.0
map,71,96,1788733443.5445669,4.345800466398501,2.078187127662016,0.0
map,71,97,1788733443.5445669,4.36989562056614,2.0848506409449037,0.0
map,71,98,1788733443.5445669,4.393989248854851,2.0915187318645785,0.0
map,71,99,1788733443.5445669,4.41808440302249,2.0981883486631823,0.0
map,71,100,1788733443.5445669,4.442176505432272,2.104862543098573,0.0
map,71,101,1788733443.5445669,4.4662640302052665,2.1115535222021826,0.0
map,71,102,1788733443.5445669,4.490351554978261,2.118249078942579,0.0
map,71,103,1788733443.5445669,4.514437553872327,2.1249446356829758,0.0
map,71,104,1788733443.5445669,4.538523552766392,2.1316432441812303,0.0
map,71,105,1788733443.5445669,4.562609551660458,2.138341852679485,0.0
map,71,106,1788733443.5445669,4.5866940246755945,2.1450450388145264,0.0
map,71,107,1788733443.5445669,4.610776971811802,2.151754328465284,0.0
map,71,108,1788733443.5445669,4.634855341311223,2.158478876905331,0.0
map,71,109,1788733443.5445669,4.6589337108106434,2.1652064771032364,0.0
map,71,110,1788733443.5445669,4.683010554431135,2.1719340773011417,0.0
map,71,111,1788733443.5445669,4.707087398051627,2.178664729256905,0.0
map,71,112,1788733443.5445669,4.7311642416721185,2.1853969070915973,0.0
map,71,113,1788733443.5445669,4.75524108529261,2.1921306108052185,0.0
map,71,114,1788733443.5445669,4.779316403034173,2.1988673662766978,0.0
map,71,115,1788733443.5445669,4.8033901948968065,2.205608699384964,0.0
map,71,116,1788733443.5445669,4.827460935001582,2.212362239524662,0.0
map,71,117,1788733443.5445669,4.851530149227429,2.219120357301147,0.0
map,71,118,1788733443.5445669,4.875599363453276,2.225876949198703,0.0
map,71,119,1788733443.5445669,4.8996670518001935,2.232636592854117,0.0
map,71,120,1788733443.5445669,4.92373626602604,2.2393977623884602,0.0
map,71,121,1788733443.5445669,4.947803954372958,2.24616350955959,0.0
map,71,122,1788733443.5445669,4.971870116840947,2.25292925673072,0.0
map,71,123,1788733443.5445669,4.9959332275510775,2.25971026269114,0.0
map,71,124,1788733443.5445669,5.019996338261208,2.266492794530489,0.0
map,71,125,1788733443.5445669,5.04405792309241,2.2732768522487667,0.0
map,71,126,1788733443.5445669,5.068119507923612,2.2800624358459736,0.0
map,71,127,1788733443.5445669,5.092179566875885,2.2868495453221094,0.0
map,71,128,1788733443.5445669,5.1162411517070865,2.293638180677174,0.0
map,71,129,1788733443.5445669,5.14029968478043,2.300431393669026,0.0
map,71,130,1788733443.5445669,5.164356691974845,2.3072352878133806,0.0
map,71,131,1788733443.5445669,5.188412173290331,2.3140422337155933,0.0
map,71,132,1788733443.5445669,5.212467654605817,2.320849179617806,0.0
map,71,133,1788733443.5445669,5.236521610042374,2.3276591772778765,0.0
map,71,134,1788733443.5445669,5.260575565478931,2.334472226695805,0.0
map,71,135,1788733443.5445669,5.284629520915487,2.3412852761137337,0.0
map,71,136,1788733443.5445669,5.308681950473115,2.3481029031684493,0.0
map,71,137,1788733443.5445669,5.332734380030743,2.354920530223165,0.0
map,71,138,1788733443.5445669,5.356783757830513,2.3617503643093123,0.0
map,71,139,1788733443.5445669,5.380831609751354,2.3685817242743887,0.0
map,71,140,1788733443.5445669,5.404879461672195,2.375414610118394,0.0
map,71,141,1788733443.5445669,5.428927313593036,2.3822490218413286,0.0
map,71,142,1788733443.5445669,5.452975165513877,2.389084959443192,0.0
map,71,143,1788733443.5445669,5.477021491555789,2.3959239488029134,0.0
map,71,144,1788733443.5445669,5.501067817597701,2.4027644640415637,0.0
map,71,145,1788733443.5445669,5.5251110918817545,2.409614134553788,0.0
map,71,146,1788733443.5445669,5.5491528402868795,2.4164668568238703,0.0
map,71,147,1788733443.5445669,5.5731945886920045,2.4233211049728816,0.0
map,71,148,1788733443.5445669,5.597236337097129,2.430175353121893,0.0
map,71,149,1788733443.5445669,5.621278085502254,2.437032653028762,0.0
map,71,150,1788733443.5445669,5.64531830802845,2.4438914788145603,0.0
map,71,151,1788733443.5445669,5.669358530554646,2.4507518304792875,0.0
map,71,152,1788733443.5445669,5.693395701322984,2.4576228632965176,0.0
map,71,153,1788733443.5445669,5.717432872091322,2.4644954219926767,0.0
map,71,154,1788733443.5445669,5.74147004285966,2.4713695065677648,0.0
map,71,155,1788733443.5445669,5.765505687749069,2.478243591142853,0.0
map,71,156,1788733443.5445669,5.789541332638478,2.485120727475799,0.0
map,71,157,1788733443.5445669,5.81358765868039,2.4919612427144493,0.0
map,71,158,1788733443.5445669,5.837624829448728,2.4988322755316794,0.0
map,71,159,1788733443.5445669,5.861658948459208,2.5057139895014124,0.0
map,71,160,1788733443.5445669,5.9075,2.537,0.9668000000000001
