map.x,map.y,map.yaw,stamp
5.830595621182795,2.5496419272252124,0.7780257822487959,1788808907.951965
5.830595621182795,2.5496419272252124,0.7780257822487959,1788808908.0519843
5.830595621182795,2.5496419272252124,0.7780257822487959,1788808908.1520016
5.830595621182795,2.5496419272252124,0.7780257822487959,1788808908.251863
5.830595621182795,2.5496419272252124,0.7780257822487959,1788808908.3519762
5.830595621182795,2.5496419272252124,0.7780257822487959,1788808908.4520867
5.830595621182795,2.5496419272252124,0.7780257822487959,1788808908.552184
5.830595621182795,2.5496419272252124,0.7780257822487959,1788808908.652031
5.830595621182795,2.5496419272252124,0.7780257822487959,1788808908.7519784
5.830595621182795,2.5496419272252124,0.7780257822487959,1788808908.8519535
5.830595621182795,2.5496419272252124,0.7780257822487959,1788808908.9519012
5.830595621182795,2.5496419272252124,0.7780257822487959,1788808909.0520399
5.830595621182795,2.5496419272252124,0.7780257822487959,1788808909.1522639
5.830595621182795,2.5496419272252124,0.7780257822487959,1788808909.2520294
5.830595621182795,2.5496419272252124,0.7780257822487959,1788808909.351983
5.830595621182795,2.5496419272252124,0.7780257822487959,1788808909.451898
5.830595621182795,2.5496419272252124,0.7780257822487959,1788808909.5519168
5.830595621182795,2.5496419272252124,0.7780257822487959,1788808909.6521056
5.830595621182795,2.5496419272252124,0.7780257822487959,1788808909.752022
5.830595621182795,2.5496419272252124,0.7780257822487959,1788808909.8519526
5.830595621182795,2.5496419272252124,0.7780257822487959,1788808909.9520676
5.830595621182795,2.5496419272252124,0.7780257822487959,1788808910.0519848
5.830595621182795,2.5496419272252124,0.7780257822487959,1788808910.1521137
5.830595621182795,2.5496419272252124,0.7780257822487959,1788808910.252042
5.830595621182795,2.5496419272252124,0.7780257822487959,1788808910.351965
5.830595621182795,2.5496419272252124,0.7780257822487959,1788808910.4521215
5.830595621182795,2.5496419272252124,0.7780257822487959,1788808910.5519686
5.830595621182795,2.5496419272252124,0.7780257822487959,1788808910.6519616
5.830595621182795,2.5496419272252124,0.7780257822487959,1788808910.7519553
5.830595621182795,2.5496419272252124,0.7780257822487959,1788808910.851905
5.830595621182795,2.5496419272252124,0.7780257822487959,1788808910.9520395
5.830595621182795,2.5496419272252124,0.7780257822487959,1788808911.0519726
5.830595621182795,2.5496419272252124,0.7780257822487959,1788808911.1520085
5.830595621182795,2.5496419272252124,0.7780257822487959,1788808911.2519655
5.830595621182795,2.5496419272252124,0.7780257822487959,1788808911.3519368
5.830595621182795,2.5496419272252124,0.7780257822487959,1788808911.4520028
5.830595621182795,2.5496419272252124,0.7780257822487959,1788808911.5521145
5.830595621182795,2.5496419272252124,0.7780257822487959,1788808911.6524062
5.830595621182795,2.5496419272252124,0.7780257822487959,1788808911.751966
5.830595621182795,2.5496419272252124,0.7780257822487959,1788808911.8520846
5.830595621182795,2.5496419272252124,0.7780257822487959,1788808911.952152
5.830595621182795,2.5496419272252124,0.7780257822487959,1788808912.0521133
5.830595621182795,2.5496419272252124,0.7780257822487959,1788808912.1520572
5.830595621182795,2.5496419272252124,0.7780257822487959,1788808912.2521048
5.830595621182795,2.5496419272252124,0.7780257822487959,1788808912.3519921
5.830595621182795,2.5496419272252124,0.7780257822487959,1788808912.4520564
5.830595621182795,2.5496419272252124,0.7780257822487959,1788808912.551981
5.830595621182795,2.5496419272252124,0.7780257822487959,1788808912.6520276
5.830595621182795,2.5496419272252124,0.7780257822487959,1788808912.752057
5.830595621182795,2.5496419272252124,0.7780257822487959,1788808912.8519754
5.830595621182795,2.5496419272252124,0.7780257822487959,1788808912.9519985
5.830595621182795,2.5496419272252124,0.7780257822487959,1788808913.0519805
5.830595621182795,2.5496419272252124,0.7780257822487959,1788808913.1521459
5.830595621182795,2.5496419272252124,0.7780257822487959,1788808913.2519631
5.830595621182795,2.5496419272252124,0.7780257822487959,1788808913.3520794
5.830595621182795,2.5496419272252124,0.7780257822487959,1788808913.45205
5.830595621182795,2.5496419272252124,0.7780257822487959,1788808913.551982
5.830595621182795,2.5496419272252124,0.7780257822487959,1788808913.6519651
5.830595621182795,2.5496419272252124,0.7780257822487959,1788808913.7518427
5.830595621182795,2.5496419272252124,0.7780257822487959,1788808913.8520145
5.830595621182795,2.5496419272252124,0.7780257822487959,1788808913.9520848
5.830595621182795,2.5496419272252124,0.7780257822487959,1788808914.0520701
5.830595621182795,2.5496419272252124,0.7780257822487959,1788808914.1520295
5.830595621182795,2.5496419272252124,0.7780257822487959,1788808914.2518048
5.830595621182795,2.5496419272252124,0.7780257822487959,1788808914.3518329
5.830595621182795,2.5496419272252124,0.7780257822487959,1788808914.452154
5.830595621182795,2.5496419272252124,0.7780257822487959,1788808914.5520902
5.830595621182795,2.5496419272252124,0.7780257822487959,1788808914.6520762
5.830595621182795,2.5496419272252124,0.7780257822487959,1788808914.7520044
5.830595621182795,2.5496419272252124,0.7780257822487959,1788808914.8518384
5.830595621182795,2.5496419272252124,0.7780257822487959,1788808914.9519322
5.830595621182795,2.5496419272252124,0.7780257822487959,1788808915.051931
5.830595621182795,2.5496419272252124,0.7780257822487959,1788808915.1521332
5.830595621182795,2.5496419272252124,0.7780257822487959,1788808915.2521048
5.830595621182795,2.5496419272252124,0.7780257822487959,1788808915.3521032
5.830595621182795,2.5496419272252124,0.7780257822487959,1788808915.4520295
5.830595621182795,2.5496419272252124,0.7780257822487959,1788808915.551818
5.830595621182795,2.5496419272252124,0.7780257822487959,1788808915.652039
5.830595621182795,2.5496419272252124,0.7780257822487959,1788808915.751929
5.830595621182795,2.5496419272252124,0.7780257822487959,1788808915.851938
5.830595621182795,2.5496419272252124,0.7780257822487959,1788808915.9519734
5.830595621182795,2.5496419272252124,0.7780257822487959,1788808916.0519016
5.830595621182795,2.5496419272252124,0.7780257822487959,1788808916.1518824
5.830595621182795,2.5496419272252124,0.7780257822487959,1788808916.251978
5.830595621182795,2.5496419272252124,0.7780257822487959,1788808916.3518686
5.830595621182795,2.5496419272252124,0.7780257822487959,1788808916.4519365
5.830595621182795,2.5496419272252124,0.7780257822487959,1788808916.5518448
5.830595621182795,2.5496419272252124,0.7780257822487959,1788808916.6518981
5.830595621182795,2.5496419272252124,0.7780257822487959,1788808916.751882
5.830595621182795,2.5496419272252124,0.7780257822487959,1788808916.851897
5.830595621182795,2.5496419272252124,0.7780257822487959,1788808916.951875
5.830595621182795,2.5496419272252124,0.7780257822487959,1788808917.0520477
5.830595621182795,2.5496419272252124,0.7780257822487959,1788808917.1519809
5.830595621182795,2.5496419272252124,0.7780257822487959,1788808917.251901
5.830595621182795,2.5496419272252124,0.7780257822487959,1788808917.3518865
5.830595621182795,2.5496419272252124,0.7780257822487959,1788808917.4519253
5.830595621182795,2.5496419272252124,0.7780257822487959,1788808917.5519168
5.830595621182795,2.5496419272252124,0.7780257822487959,1788808917.6519215
5.830595621182795,2.5496419272252124,0.7780257822487959,1788808917.752121
5.830595621182795,2.5496419272252124,0.7780257822487959,1788808917.8520582
5.830595621182795,2.5496419272252124,0.7780257822487959,1788808917.951899
5.830595621182795,2.5496419272252124,0.7780257822487959,1788808918.0518417
5.830595621182795,2.5496419272252124,0.7780257822487959,1788808918.1520443
5.830595621182795,2.5496419272252124,0.7780257822487959,1788808918.251966
5.830595621182795,2.5496419272252124,0.7780257822487959,1788808918.3519382
5.830595621182795,2.5496419272252124,0.7780257822487959,1788808918.4519293
5.830595621182795,2.5496419272252124,0.7780257822487959,1788808918.5519593
5.830595621182795,2.5496419272252124,0.7780257822487959,1788808918.6519172
5.830595621182795,2.5496419272252124,0.7780257822487959,1788808918.7519116
5.830595621182795,2.5496419272252124,0.7780257822487959,1788808918.8520215
5.830595621182795,2.5496419272252124,0.7780257822487959,1788808918.951887
5.830595621182795,2.5496419272252124,0.7780257822487959,1788808919.0518723
5.830595621182795,2.5496419272252124,0.7780257822487959,1788808919.1518767
5.830595621182795,2.5496419272252124,0.7780257822487959,1788808919.251952
5.830595621182795,2.5496419272252124,0.7780257822487959,1788808919.3518114
5.830595621182795,2.5496419272252124,0.7780257822487959,1788808919.4519763
5.830595621182795,2.5496419272252124,0.7780257822487959,1788808919.5520353
5.830595621182795,2.5496419272252124,0.7780257822487959,1788808919.6520073
5.830595621182795,2.5496419272252124,0.7780257822487959,1788808919.7519155
5.830595621182795,2.5496419272252124,0.7780257822487959,1788808919.851918
5.830595621182795,2.5496419272252124,0.7780257822487959,1788808919.9518855
5.830595621182795,2.5496419272252124,0.7780257822487959,1788808920.0521002
5.830595621182795,2.5496419272252124,0.7780257822487959,1788808920.1518428
5.830595621182795,2.5496419272252124,0.7780257822487959,1788808920.251919
5.830595621182795,2.5496419272252124,0.7780257822487959,1788808920.3518765
5.830595621182795,2.5496419272252124,0.7780257822487959,1788808920.4518142
5.830595621182795,2.5496419272252124,0.7780257822487959,1788808920.5518918
5.830595621182795,2.5496419272252124,0.7780257822487959,1788808920.6519234
5.830595621182795,2.5496419272252124,0.7780257822487959,1788808920.7518663
5.830595621182795,2.5496419272252124,0.7780257822487959,1788808920.851963
5.830595621182795,2.5496419272252124,0.7780257822487959,1788808920.9519196
5.830595621182795,2.5496419272252124,0.7780257822487959,1788808921.0519671
5.830595621182795,2.5496419272252124,0.7780257822487959,1788808921.1519022
5.830595621182795,2.5496419272252124,0.7780257822487959,1788808921.2519186
5.830595621182795,2.5496419272252124,0.7780257822487959,1788808921.3519416
5.830595621182795,2.5496419272252124,0.7780257822487959,1788808921.4520535
5.830595621182795,2.5496419272252124,0.7780257822487959,1788808921.551958
5.830595621182795,2.5496419272252124,0.7780257822487959,1788808921.6521196
5.830595621182795,2.5496419272252124,0.7780257822487959,1788808921.7518797
5.830595621182795,2.5496419272252124,0.7780257822487959,1788808921.8519514
5.830595621182795,2.5496419272252124,0.7780257822487959,1788808921.952171
5.830595621182795,2.5496419272252124,0.7780257822487959,1788808922.0519054
5.830595621182795,2.5496419272252124,0.7780257822487959,1788808922.1518614
5.830595621182795,2.5496419272252124,0.7780257822487959,1788808922.251809
5.830595621182795,2.5496419272252124,0.7780257822487959,1788808922.352086
5.830595621182795,2.5496419272252124,0.7780257822487959,1788808922.4519708
5.830595621182795,2.5496419272252124,0.7780257822487959,1788808922.5518904
5.830595621182795,2.5496419272252124,0.7780257822487959,1788808922.6522493
5.830595621182795,2.5496419272252124,0.7780257822487959,1788808922.7520416
5.830595621182795,2.5496419272252124,0.7780257822487959,1788808922.8520386
5.830595621182795,2.5496419272252124,0.7780257822487959,1788808922.9519637
5.830595621182795,2.5496419272252124,0.7780257822487959,1788808923.051893
5.830595621182795,2.5496419272252124,0.7780257822487959,1788808923.1518788
5.830595621182795,2.5496419272252124,0.7780257822487959,1788808923.2518027
5.830595621182795,2.5496419272252124,0.7780257822487959,1788808923.3521686
5.830595621182795,2.5496419272252124,0.7780257822487959,1788808923.451995
5.830595621182795,2.5496419272252124,0.7780257822487959,1788808923.55228
5.830595621182795,2.5496419272252124,0.7780257822487959,1788808923.6519153
5.830595621182795,2.5496419272252124,0.7780257822487959,1788808923.752016
5.830595621182795,2.5496419272252124,0.7780257822487959,1788808923.851991
5.830595621182795,2.5496419272252124,0.7780257822487959,1788808923.9519715
5.830595621182795,2.5496419272252124,0.7780257822487959,1788808924.0518725
5.830595621182795,2.5496419272252124,0.7780257822487959,1788808924.1518853
5.830595621182795,2.5496419272252124,0.7780257822487959,1788808924.2519145
5.830595621182795,2.5496419272252124,0.7780257822487959,1788808924.3518226
5.830595621182795,2.5496419272252124,0.7780257822487959,1788808924.4519792
5.830595621182795,2.5496419272252124,0.7780257822487959,1788808924.551902
5.830595621182795,2.5496419272252124,0.7780257822487959,1788808924.6521351
5.830595621182795,2.5496419272252124,0.7780257822487959,1788808924.7519934
5.830595621182795,2.5496419272252124,0.7780257822487959,1788808924.8518407
5.830595621182795,2.5496419272252124,0.7780257822487959,1788808924.9519005
5.830595621182795,2.5496419272252124,0.7780257822487959,1788808925.0518508
5.830595621182795,2.5496419272252124,0.7780257822487959,1788808925.151985
5.830595621182795,2.5496419272252124,0.7780257822487959,1788808925.2519186
5.830595621182795,2.5496419272252124,0.7780257822487959,1788808925.3518598
5.830595621182795,2.5496419272252124,0.7780257822487959,1788808925.4518523
5.830595621182795,2.5496419272252124,0.7780257822487959,1788808925.5519576
5.830595621182795,2.5496419272252124,0.7780257822487959,1788808925.6521316
5.830595621182795,2.5496419272252124,0.7780257822487959,1788808925.751943
5.830595621182795,2.5496419272252124,0.7780257822487959,1788808925.8518076
5.830595621182795,2.5496419272252124,0.7780257822487959,1788808925.9518986
5.830595621182795,2.5496419272252124,0.7780257822487959,1788808926.051792
5.830595621182795,2.5496419272252124,0.7780257822487959,1788808926.151836
5.830595621182795,2.5496419272252124,0.7780257822487959,1788808926.2520602
5.830595621182795,2.5496419272252124,0.7780257822487959,1788808926.3520293
5.830595621182795,2.5496419272252124,0.7780257822487959,1788808926.4520433
5.830595621182795,2.5496419272252124,0.7780257822487959,1788808926.5520496
5.830595621182795,2.5496419272252124,0.7780257822487959,1788808926.6519935
5.830595621182795,2.5496419272252124,0.7780257822487959,1788808926.7519457
5.830595621182795,2.5496419272252124,0.7780257822487959,1788808926.8518012
5.830595621182795,2.5496419272252124,0.7780257822487959,1788808926.951921
5.830595621182795,2.5496419272252124,0.7780257822487959,1788808927.0520253
5.830595621182795,2.5496419272252124,0.7780257822487959,1788808927.1518595
5.830595621182795,2.5496419272252124,0.7780257822487959,1788808927.2519937
5.830595621182795,2.5496419272252124,0.7780257822487959,1788808927.3520286
5.830595621182795,2.5496419272252124,0.7780257822487959,1788808927.451964
5.830595621182795,2.5496419272252124,0.7780257822487959,1788808927.5519948
5.830595621182795,2.5496419272252124,0.7780257822487959,1788808927.6522164
5.830595621182795,2.5496419272252124,0.7780257822487959,1788808927.7519116
5.830595621182795,2.5496419272252124,0.7780257822487959,1788808927.8520372
5.830595621182795,2.5496419272252124,0.7780257822487959,1788808927.9521024
5.830595621182795,2.5496419272252124,0.7780257822487959,1788808928.0518892
5.830595621182795,2.5496419272252124,0.7780257822487959,1788808928.1519685
5.830595621182795,2.5496419272252124,0.7780257822487959,1788808928.251803
5.830595621182795,2.5496419272252124,0.7780257822487959,1788808928.351861
5.830595621182795,2.5496419272252124,0.7780257822487959,1788808928.4518554
5.830595621182795,2.5496419272252124,0.7780257822487959,1788808928.5519097
5.830595621182795,2.5496419272252124,0.7780257822487959,1788808928.6519458
5.830595621182795,2.5496419272252124,0.7780257822487959,1788808928.7520273
5.830595621182795,2.5496419272252124,0.7780257822487959,1788808928.852016
5.830595621182795,2.5496419272252124,0.7780257822487959,1788808928.9518957
5.830595621182795,2.5496419272252124,0.7780257822487959,1788808929.051958
5.830595621182795,2.5496419272252124,0.7780257822487959,1788808929.1521032
5.830595621182795,2.5496419272252124,0.7780257822487959,1788808929.2519803
5.830595621182795,2.5496419272252124,0.7780257822487959,1788808929.3519175
5.830595621182795,2.5496419272252124,0.7780257822487959,1788808929.4519336
5.830595621182795,2.5496419272252124,0.7780257822487959,1788808929.551959
5.830595621182795,2.5496419272252124,0.7780257822487959,1788808929.6519797
5.830595621182795,2.5496419272252124,0.7780257822487959,1788808929.7519152
5.830595621182795,2.5496419272252124,0.7780257822487959,1788808929.8518999
5.830595621182795,2.5496419272252124,0.7780257822487959,1788808929.9518306
5.830595621182795,2.5496419272252124,0.7780257822487959,1788808930.0521145
5.830595621182795,2.5496419272252124,0.7780257822487959,1788808930.15187
5.830595621182795,2.5496419272252124,0.7780257822487959,1788808930.2519174
5.830595621182795,2.5496419272252124,0.7780257822487959,1788808930.3521044
5.830595621182795,2.5496419272252124,0.7780257822487959,1788808930.4519224
5.830595621182795,2.5496419272252124,0.7780257822487959,1788808930.5518904
5.830595621182795,2.5496419272252124,0.7780257822487959,1788808930.6518533
5.830595621182795,2.5496419272252124,0.7780257822487959,1788808930.751992
5.830595621182795,2.5496419272252124,0.7780257822487959,1788808930.8519592
5.830595621182795,2.5496419272252124,0.7780257822487959,1788808930.9519455
5.830595621182795,2.5496419272252124,0.7780257822487959,1788808931.0519075
5.830595621182795,2.5496419272252124,0.7780257822487959,1788808931.152082
5.830595621182795,2.5496419272252124,0.7780257822487959,1788808931.2518647
5.830595621182795,2.5496419272252124,0.7780257822487959,1788808931.3519742
5.830595621182795,2.5496419272252124,0.7780257822487959,1788808931.451851
5.830595621182795,2.5496419272252124,0.7780257822487959,1788808931.5518906
5.830595621182795,2.5496419272252124,0.7780257822487959,1788808931.6519043
5.830595621182795,2.5496419272252124,0.7780257822487959,1788808931.7519057
5.830595621182795,2.5496419272252124,0.7780257822487959,1788808931.8519166
5.830595621182795,2.5496419272252124,0.7780257822487959,1788808931.9519002
5.830595621182795,2.5496419272252124,0.7780257822487959,1788808932.0518181
5.830595621182795,2.5496419272252124,0.7780257822487959,1788808932.1519551
5.830595621182795,2.5496419272252124,0.7780257822487959,1788808932.2521324
5.830595621182795,2.5496419272252124,0.7780257822487959,1788808932.3519397
5.830595621182795,2.5496419272252124,0.7780257822487959,1788808932.4517796
5.830595621182795,2.5496419272252124,0.7780257822487959,1788808932.5518966
5.830595621182795,2.5496419272252124,0.7780257822487959,1788808932.6518729
5.830595621182795,2.5496419272252124,0.7780257822487959,1788808932.7520154
5.830595621182795,2.5496419272252124,0.7780257822487959,1788808932.8520238
5.830595621182795,2.5496419272252124,0.7780257822487959,1788808932.9519227
5.830595621182795,2.5496419272252124,0.7780257822487959,1788808933.0519316
5.830595621182795,2.5496419272252124,0.7780257822487959,1788808933.1518419
5.830595621182795,2.5496419272252124,0.7780257822487959,1788808933.251794
5.830595621182795,2.5496419272252124,0.7780257822487959,1788808933.352067
5.830595621182795,2.5496419272252124,0.7780257822487959,1788808933.4520376
5.830595621182795,2.5496419272252124,0.7780257822487959,1788808933.5520725
5.830595621182795,2.5496419272252124,0.7780257822487959,1788808933.6518347
5.830595621182795,2.5496419272252124,0.7780257822487959,1788808933.7520123
5.830595621182795,2.5496419272252124,0.7780257822487959,1788808933.8520205
5.830595621182795,2.5496419272252124,0.7780257822487959,1788808933.9518898
5.830595621182795,2.5496419272252124,0.7780257822487959,1788808934.051804
5.830595621182795,2.5496419272252124,0.7780257822487959,1788808934.1520212
5.830595621182795,2.5496419272252124,0.7780257822487959,1788808934.2518718
5.830595621182795,2.5496419272252124,0.7780257822487959,1788808934.351997
5.830595621182795,2.5496419272252124,0.7780257822487959,1788808934.4518132
5.830595621182795,2.5496419272252124,0.7780257822487959,1788808934.552052
5.830595621182795,2.5496419272252124,0.7780257822487959,1788808934.6518512
5.830595621182795,2.5496419272252124,0.7780257822487959,1788808934.751885
5.830595621182795,2.5496419272252124,0.7780257822487959,1788808934.8519397
5.830595621182795,2.5496419272252124,0.7780257822487959,1788808934.9519384
5.830595621182795,2.5496419272252124,0.7780257822487959,1788808935.0521784
5.830595621182795,2.5496419272252124,0.7780257822487959,1788808935.1518815
5.830595621182795,2.5496419272252124,0.7780257822487959,1788808935.2518902
5.830595621182795,2.5496419272252124,0.7780257822487959,1788808935.3519723
5.830595621182795,2.5496419272252124,0.7780257822487959,1788808935.452033
5.830595621182795,2.5496419272252124,0.7780257822487959,1788808935.5519347
5.830595621182795,2.5496419272252124,0.7780257822487959,1788808935.6519277
5.830595621182795,2.5496419272252124,0.7780257822487959,1788808935.7518344
5.830595621182795,2.5496419272252124,0.7780257822487959,1788808935.8519135
5.830595621182795,2.5496419272252124,0.7780257822487959,1788808935.9522483
5.830595621182795,2.5496419272252124,0.7780257822487959,1788808936.052077
5.830595621182795,2.5496419272252124,0.7780257822487959,1788808936.1517944
5.830595621182795,2.5496419272252124,0.7780257822487959,1788808936.2518787
5.830595621182795,2.5496419272252124,0.7780257822487959,1788808936.3518777
5.830595621182795,2.5496419272252124,0.7780257822487959,1788808936.4519446
5.830595621182795,2.5496419272252124,0.7780257822487959,1788808936.5521417
5.830595621182795,2.5496419272252124,0.7780257822487959,1788808936.6519008
5.830595621182795,2.5496419272252124,0.7780257822487959,1788808936.7520542
5.830595621182795,2.5496419272252124,0.7780257822487959,1788808936.8518252
5.830595621182795,2.5496419272252124,0.7780257822487959,1788808936.9519389
5.830595621182795,2.5496419272252124,0.7780257822487959,1788808937.052075
5.830595621182795,2.5496419272252124,0.7780257822487959,1788808937.1520581
5.830595621182795,2.5496419272252124,0.7780257822487959,1788808937.2518914
5.830595621182795,2.5496419272252124,0.7780257822487959,1788808937.3520496
5.830595621182795,2.5496419272252124,0.7780257822487959,1788808937.451929
5.830595621182795,2.5496419272252124,0.7780257822487959,1788808937.5519526
5.830595621182795,2.5496419272252124,0.7780257822487959,1788808937.6518192
5.830595621182795,2.5496419272252124,0.7780257822487959,1788808937.752012
5.830595621182795,2.5496419272252124,0.7780257822487959,1788808937.8518434
5.830595621182795,2.5496419272252124,0.7780257822487959,1788808937.9519916
5.830595621182795,2.5496419272252124,0.7780257822487959,1788808938.051913
5.830595621182795,2.5496419272252124,0.7780257822487959,1788808938.1520066
5.830595621182795,2.5496419272252124,0.7780257822487959,1788808938.2517781
5.830595621182795,2.5496419272252124,0.7780257822487959,1788808938.3518052
5.830595621182795,2.5496419272252124,0.7780257822487959,1788808938.4517925
5.830595621182795,2.5496419272252124,0.7780257822487959,1788808938.5519533
5.830595621182795,2.5496419272252124,0.7780257822487959,1788808938.6518548
5.830595621182795,2.5496419272252124,0.7780257822487959,1788808938.751901
5.830595621182795,2.5496419272252124,0.7780257822487959,1788808938.8518867
5.830595621182795,2.5496419272252124,0.7780257822487959,1788808938.951908
5.830595621182795,2.5496419272252124,0.7780257822487959,1788808939.0521657
5.830595621182795,2.5496419272252124,0.7780257822487959,1788808939.1518252
5.830595621182795,2.5496419272252124,0.7780257822487959,1788808939.2518058
5.830595621182795,2.5496419272252124,0.7780257822487959,1788808939.3519056
5.830595621182795,2.5496419272252124,0.7780257822487959,1788808939.451888
5.830595621182795,2.5496419272252124,0.7780257822487959,1788808939.5518665
5.830595621182795,2.5496419272252124,0.7780257822487959,1788808939.6518369
5.830595621182795,2.5496419272252124,0.7780257822487959,1788808939.7519376
5.830595621182795,2.5496419272252124,0.7780257822487959,1788808939.851923
5.830595621182795,2.5496419272252124,0.7780257822487959,1788808939.9518998
5.830595621182795,2.5496419272252124,0.7780257822487959,1788808940.0518432
5.830595621182795,2.5496419272252124,0.7780257822487959,1788808940.1519291
5.830595621182795,2.5496419272252124,0.7780257822487959,1788808940.251846
5.830595621182795,2.5496419272252124,0.7780257822487959,1788808940.3518746
5.830595621182795,2.5496419272252124,0.7780257822487959,1788808940.4520319
5.830595621182795,2.5496419272252124,0.7780257822487959,1788808940.5533004
5.830595621182795,2.5496419272252124,0.7780257822487959,1788808940.6517932
5.830595621182795,2.5496419272252124,0.7780257822487959,1788808940.751952
5.830595621182795,2.5496419272252124,0.7780257822487959,1788808940.8518584
5.830595621182795,2.5496419272252124,0.7780257822487959,1788808940.9520578
5.830595621182795,2.5496419272252124,0.7780257822487959,1788808941.0539827
5.830595621182795,2.5496419272252124,0.7780257822487959,1788808941.1518698
5.830595621182795,2.5496419272252124,0.7780257822487959,1788808941.251917
5.830595621182795,2.5496419272252124,0.7780257822487959,1788808941.3522172
5.830595621182795,2.5496419272252124,0.7780257822487959,1788808941.4518044
5.830595621182795,2.5496419272252124,0.7780257822487959,1788808941.5522244
5.830595621182795,2.5496419272252124,0.7780257822487959,1788808941.6518936
5.830595621182795,2.5496419272252124,0.7780257822487959,1788808941.7519639
5.830595621182795,2.5496419272252124,0.7780257822487959,1788808941.854018
5.830595621182795,2.5496419272252124,0.7780257822487959,1788808941.9517744
5.830595621182795,2.5496419272252124,0.7780257822487959,1788808942.052435
5.830595621182795,2.5496419272252124,0.7780257822487959,1788808942.1519074
5.830595621182795,2.5496419272252124,0.7780257822487959,1788808942.255363
5.830595621182795,2.5496419272252124,0.7780257822487959,1788808942.351994
5.830595621182795,2.5496419272252124,0.7780257822487959,1788808942.452038
5.830595621182795,2.5496419272252124,0.7780257822487959,1788808942.5519361
5.830595621182795,2.5496419272252124,0.7780257822487959,1788808942.6518738
5.830595621182795,2.5496419272252124,0.7780257822487959,1788808942.751853
5.830595621182795,2.5496419272252124,0.7780257822487959,1788808942.851927
5.830595621182795,2.5496419272252124,0.7780257822487959,1788808942.9518905
5.830595621182795,2.5496419272252124,0.7780257822487959,1788808943.051905
5.830595621182795,2.5496419272252124,0.7780257822487959,1788808943.1533422
5.830595621182795,2.5496419272252124,0.7780257822487959,1788808943.2519324
5.830595621182795,2.5496419272252124,0.7780257822487959,1788808943.3520637
5.830595621182795,2.5496419272252124,0.7780257822487959,1788808943.4518726
5.830595621182795,2.5496419272252124,0.7780257822487959,1788808943.552036
5.830595621182795,2.5496419272252124,0.7780257822487959,1788808943.6519625
5.830595621182795,2.5496419272252124,0.7780257822487959,1788808943.7518897
5.830595621182795,2.5496419272252124,0.7780257822487959,1788808943.8550873
5.830595621182795,2.5496419272252124,0.7780257822487959,1788808943.9541085
5.830595621182795,2.5496419272252124,0.7780257822487959,1788808944.0524201
5.830595621182795,2.5496419272252124,0.7780257822487959,1788808944.1520374
5.830595621182795,2.5496419272252124,0.7780257822487959,1788808944.252223
5.830595621182795,2.5496419272252124,0.7780257822487959,1788808944.3518364
5.830595621182795,2.5496419272252124,0.7780257822487959,1788808944.4521906
5.830595621182795,2.5496419272252124,0.7780257822487959,1788808944.552229
5.830595621182795,2.5496419272252124,0.7780257822487959,1788808944.6519356
5.830595621182795,2.5496419272252124,0.7780257822487959,1788808944.752867
5.830595621182795,2.5496419272252124,0.7780257822487959,1788808944.8552885
5.830595621182795,2.5496419272252124,0.7780257822487959,1788808944.951978
5.830595621182795,2.5496419272252124,0.7780257822487959,1788808945.052319
5.830595621182795,2.5496419272252124,0.7780257822487959,1788808945.1534536
5.830595621182795,2.5496419272252124,0.7780257822487959,1788808945.2518442
5.830595621182795,2.5496419272252124,0.7780257822487959,1788808945.3558896
5.830595621182795,2.5496419272252124,0.7780257822487959,1788808945.4522707
5.830595621182795,2.5496419272252124,0.7780257822487959,1788808945.554326
5.830595621182795,2.5496419272252124,0.7780257822487959,1788808945.6535823
5.830595621182795,2.5496419272252124,0.7780257822487959,1788808945.7552414
5.830595621182795,2.5496419272252124,0.7780257822487959,1788808945.8519592
5.830595621182795,2.5496419272252124,0.7780257822487959,1788808945.9519298
5.830595621182795,2.5496419272252124,0.7780257822487959,1788808946.0537152
5.830595621182795,2.5496419272252124,0.7780257822487959,1788808946.1519773
5.830595621182795,2.5496419272252124,0.7780257822487959,1788808946.2564256
5.830595621182795,2.5496419272252124,0.7780257822487959,1788808946.3520546
5.830595621182795,2.5496419272252124,0.7780257822487959,1788808946.455355
5.830595621182795,2.5496419272252124,0.7780257822487959,1788808946.556381
5.830595621182795,2.5496419272252124,0.7780257822487959,1788808946.6540825
5.830595621182795,2.5496419272252124,0.7780257822487959,1788808946.7528489
5.830595621182795,2.5496419272252124,0.7780257822487959,1788808946.856424
5.830595621182795,2.5496419272252124,0.7780257822487959,1788808946.9518046
5.830595621182795,2.5496419272252124,0.7780257822487959,1788808947.0520492
5.830595621182795,2.5496419272252124,0.7780257822487959,1788808947.153523
5.830595621182795,2.5496419272252124,0.7780257822487959,1788808947.2569127
5.830595621182795,2.5496419272252124,0.7780257822487959,1788808947.3539073
5.830595621182795,2.5496419272252124,0.7780257822487959,1788808947.4565017
5.830595621182795,2.5496419272252124,0.7780257822487959,1788808947.5543697
5.830595621182795,2.5496419272252124,0.7780257822487959,1788808947.6532063
5.830595621182795,2.5496419272252124,0.7780257822487959,1788808947.7525816
5.830595621182795,2.5496419272252124,0.7780257822487959,1788808947.8524537
5.830595621182795,2.5496419272252124,0.7780257822487959,1788808947.951933
5.830595621182795,2.5496419272252124,0.7780257822487959,1788808948.0556853
5.830595621182795,2.5496419272252124,0.7780257822487959,1788808948.1548426
5.830595621182795,2.5496419272252124,0.7780257822487959,1788808948.2552443
5.830595621182795,2.5496419272252124,0.7780257822487959,1788808948.351846
5.830595621182795,2.5496419272252124,0.7780257822487959,1788808948.4561212
5.830595621182795,2.5496419272252124,0.7780257822487959,1788808948.5536864
5.830595621182795,2.5496419272252124,0.7780257822487959,1788808948.6576474
5.830595621182795,2.5496419272252124,0.7780257822487959,1788808948.7574642
5.830595621182795,2.5496419272252124,0.7780257822487959,1788808948.852009
5.830595621182795,2.5496419272252124,0.7780257822487959,1788808948.953136
5.830595621182795,2.5496419272252124,0.7780257822487959,1788808949.0529506
5.830595621182795,2.5496419272252124,0.7780257822487959,1788808949.1528285
5.830595621182795,2.5496419272252124,0.7780257822487959,1788808949.2540824
5.830595621182795,2.5496419272252124,0.7780257822487959,1788808949.356508
5.830595621182795,2.5496419272252124,0.7780257822487959,1788808949.4519782
5.830595621182795,2.5496419272252124,0.7780257822487959,1788808949.556654
5.830595621182795,2.5496419272252124,0.7780257822487959,1788808949.6547904
5.830595621182795,2.5496419272252124,0.7780257822487959,1788808949.7569818
5.830595621182795,2.5496419272252124,0.7780257822487959,1788808949.8560238
5.830595621182795,2.5496419272252124,0.7780257822487959,1788808949.9539053
5.830595621182795,2.5496419272252124,0.7780257822487959,1788808950.0605516
5.830595621182795,2.5496419272252124,0.7780257822487959,1788808950.1570034
5.830595621182795,2.5496419272252124,0.7780257822487959,1788808950.2554553
5.830595621182795,2.5496419272252124,0.7780257822487959,1788808950.3549395
5.830595621182795,2.5496419272252124,0.7780257822487959,1788808950.4519806
5.830595621182795,2.5496419272252124,0.7780257822487959,1788808950.5558598
5.830595621182795,2.5496419272252124,0.7780257822487959,1788808950.65666
5.830595621182795,2.5496419272252124,0.7780257822487959,1788808950.7596502
5.830595621182795,2.5496419272252124,0.7780257822487959,1788808950.8520408
5.830595621182795,2.5496419272252124,0.7780257822487959,1788808950.955231
5.830595621182795,2.5496419272252124,0.7780257822487959,1788808951.0540037
5.830595621182795,2.5496419272252124,0.7780257822487959,1788808951.1577146
5.830595621182795,2.5496419272252124,0.7780257822487959,1788808951.2540522
5.830595621182795,2.5496419272252124,0.7780257822487959,1788808951.3542101
5.830595621182795,2.5496419272252124,0.7780257822487959,1788808951.4520326
5.830595621182795,2.5496419272252124,0.7780257822487959,1788808951.555072
5.830595621182795,2.5496419272252124,0.7780257822487959,1788808951.652114
5.830595621182795,2.5496419272252124,0.7780257822487959,1788808951.7520835
5.830595621182795,2.5496419272252124,0.7780257822487959,1788808951.8572028
5.830595621182795,2.5496419272252124,0.7780257822487959,1788808951.9535112
5.830595621182795,2.5496419272252124,0.7780257822487959,1788808952.0540977
5.830595621182795,2.5496419272252124,0.7780257822487959,1788808952.1550272
5.830595621182795,2.5496419272252124,0.7780257822487959,1788808952.2547607
5.830595621182795,2.5496419272252124,0.7780257822487959,1788808952.3522177
5.830595621182795,2.5496419272252124,0.7780257822487959,1788808952.455085
5.830595621182795,2.5496419272252124,0.7780257822487959,1788808952.551923
5.830595621182795,2.5496419272252124,0.7780257822487959,1788808952.6518862
5.830595621182795,2.5496419272252124,0.7780257822487959,1788808952.7548146
5.830595621182795,2.5496419272252124,0.7780257822487959,1788808952.8519335
5.830595621182795,2.5496419272252124,0.7780257822487959,1788808952.9556491
5.830595621182795,2.5496419272252124,0.7780257822487959,1788808953.0521767
5.830595621182795,2.5496419272252124,0.7780257822487959,1788808953.155804
5.830595621182795,2.5496419272252124,0.7780257822487959,1788808953.2576525
5.830595621182795,2.5496419272252124,0.7780257822487959,1788808953.3517928
5.830595621182795,2.5496419272252124,0.7780257822487959,1788808953.451913
5.830595621182795,2.5496419272252124,0.7780257822487959,1788808953.5519764
5.830595621182795,2.5496419272252124,0.7780257822487959,1788808953.6520498
5.830595621182795,2.5496419272252124,0.7780257822487959,1788808953.751938
5.830595621182795,2.5496419272252124,0.7780257822487959,1788808953.851939
5.830595621182795,2.5496419272252124,0.7780257822487959,1788808953.951876
5.830595621182795,2.5496419272252124,0.7780257822487959,1788808954.051917
5.830595621182795,2.5496419272252124,0.7780257822487959,1788808954.1519058
5.830595621182795,2.5496419272252124,0.7780257822487959,1788808954.2519178
5.830595621182795,2.5496419272252124,0.7780257822487959,1788808954.352128
5.830595621182795,2.5496419272252124,0.7780257822487959,1788808954.4518785
5.830595621182795,2.5496419272252124,0.7780257822487959,1788808954.5519834
5.830595621182795,2.5496419272252124,0.7780257822487959,1788808954.6519136
5.830595621182795,2.5496419272252124,0.7780257822487959,1788808954.7518919
5.830595621182795,2.5496419272252124,0.7780257822487959,1788808954.8518722
5.830595621182795,2.5496419272252124,0.7780257822487959,1788808954.9519484
5.830595621182795,2.5496419272252124,0.7780257822487959,1788808955.051947
5.830595621182795,2.5496419272252124,0.7780257822487959,1788808955.1518888
5.830595621182795,2.5496419272252124,0.7780257822487959,1788808955.2521691
5.830595621182795,2.5496419272252124,0.7780257822487959,1788808955.3519514
5.830595621182795,2.5496419272252124,0.7780257822487959,1788808955.4518843
5.830595621182795,2.5496419272252124,0.7780257822487959,1788808955.5519717
5.830595621182795,2.5496419272252124,0.7780257822487959,1788808955.6520092
5.830595621182795,2.5496419272252124,0.7780257822487959,1788808955.7519696
5.830595621182795,2.5496419272252124,0.7780257822487959,1788808955.8521013
5.830595621182795,2.5496419272252124,0.7780257822487959,1788808955.9520333
5.830595621182795,2.5496419272252124,0.7780257822487959,1788808956.0518653
5.830595621182795,2.5496419272252124,0.7780257822487959,1788808956.1519544
5.830595621182795,2.5496419272252124,0.7780257822487959,1788808956.2520618
5.830595621182795,2.5496419272252124,0.7780257822487959,1788808956.3518395
5.830595621182795,2.5496419272252124,0.7780257822487959,1788808956.4519746
5.830595621182795,2.5496419272252124,0.7780257822487959,1788808956.5518765
5.830595621182795,2.5496419272252124,0.7780257822487959,1788808956.6519985
5.830595621182795,2.5496419272252124,0.7780257822487959,1788808956.7519436
5.830595621182795,2.5496419272252124,0.7780257822487959,1788808956.8519375
5.830595621182795,2.5496419272252124,0.7780257822487959,1788808956.9520957
5.830595621182795,2.5496419272252124,0.7780257822487959,1788808957.0519476
5.830595621182795,2.5496419272252124,0.7780257822487959,1788808957.152044
5.830595621182795,2.5496419272252124,0.7780257822487959,1788808957.2520792
5.830595621182795,2.5496419272252124,0.7780257822487959,1788808957.3520179
5.830595621182795,2.5496419272252124,0.7780257822487959,1788808957.4518611
5.830595621182795,2.5496419272252124,0.7780257822487959,1788808957.5519176
5.830595621182795,2.5496419272252124,0.7780257822487959,1788808957.651932
5.830595621182795,2.5496419272252124,0.7780257822487959,1788808957.7520075
5.830595621182795,2.5496419272252124,0.7780257822487959,1788808957.8519304
5.830595621182795,2.5496419272252124,0.7780257822487959,1788808957.9518378
5.830595621182795,2.5496419272252124,0.7780257822487959,1788808958.0518384
5.830595621182795,2.5496419272252124,0.7780257822487959,1788808958.151889
5.830602356367894,2.569627476628685,0.8059447899922946,1788808958.2519436
5.830602356367894,2.569627476628685,0.8059447899922946,1788808958.3519652
5.830602356367894,2.569627476628685,0.8059447899922946,1788808958.4518692
5.820600662235815,2.5596477303840333,0.8024619720684959,1788808958.551792
5.820600662235815,2.5596477303840333,0.8024619720684959,1788808958.6518443
5.830594291107815,2.569633637925138,0.8059468390230101,1788808958.751805
5.830594291107815,2.569633637925138,0.8059468390230101,1788808958.8519688
5.830594291107815,2.569633637925138,0.8059468390230101,1788808958.9520152
5.830597520376414,2.569637644887002,0.8059471041381092,1788808959.051904
5.830597520376415,2.5696376448870026,0.8059471041381092,1788808959.151886
5.830597520376414,2.5696376448870026,0.8059471041381092,1788808959.2518864
5.830597520376414,2.569637644887002,0.8059471041381092,1788808959.3519099
5.830597520376414,2.569637644887002,0.8059471041381092,1788808959.4518988
5.830597520376414,2.569637644887002,0.8059471041381092,1788808959.551845
5.830597520376415,2.5696376448870026,0.8059471041381092,1788808959.6520517
5.830597520376414,2.569637644887002,0.8059471041381092,1788808959.7519171
5.830597520376415,2.5696376448870026,0.8059471041381092,1788808959.8519385
5.830597520376414,2.569637644887002,0.8059471041381092,1788808959.9518726
5.830597520376415,2.5696376448870026,0.8059471041381092,1788808960.0520282
5.830597520376415,2.5696376448870026,0.8059471041381092,1788808960.151992
5.830597520376415,2.5696376448870026,0.8059471041381092,1788808960.2519827
5.830597520376414,2.569637644887002,0.8059471041381092,1788808960.351892
5.830597520376415,2.5696376448870026,0.8059471041381092,1788808960.4520085
5.830597520376414,2.5696376448870026,0.8059471041381092,1788808960.5519528
5.830597520376415,2.5696376448870026,0.8059471041381092,1788808960.6520038
5.830597520376415,2.5696376448870026,0.8059471041381092,1788808960.7519045
5.830597520376414,2.5696376448870026,0.8059471041381092,1788808960.851933
5.830597520376414,2.569637644887002,0.8059471041381092,1788808960.9518528
5.830597520376414,2.5696376448870026,0.8059471041381092,1788808961.0519307
5.830597520376414,2.5696376448870026,0.8059471041381092,1788808961.1519022
5.830597520376415,2.5696376448870026,0.8059471041381092,1788808961.2518404
5.830597520376414,2.569637644887002,0.8059471041381092,1788808961.3518476
5.830597520376414,2.569637644887002,0.8059471041381092,1788808961.4520245
5.830597520376414,2.5696376448870026,0.8059471041381092,1788808961.5520108
5.830597520376414,2.569637644887002,0.8059471041381092,1788808961.6518474
5.830597520376414,2.569637644887002,0.8059471041381092,1788808961.7518425
5.830597520376415,2.5696376448870026,0.8059471041381092,1788808961.8518987
5.830597520376414,2.5696376448870026,0.8059471041381092,1788808961.9519153
5.830597520376414,2.569637644887002,0.8059471041381092,1788808962.0520535
5.830597520376414,2.569637644887002,0.8059471041381092,1788808962.1518352
5.8305987751561315,2.569636087806748,0.8059475126275566,1788808962.2518163
5.830598775156132,2.569636087806748,0.8059475126275566,1788808962.3520126
5.8206033684408025,2.5496447971059792,0.8024570875455179,1788808962.4518213
5.8206033684408025,2.5496447971059792,0.8024570875455179,1788808962.5520096
5.8206033684408025,2.5496447971059792,0.8024570875455179,1788808962.6518502
5.820599888682258,2.5496362994733066,0.8024553634781826,1788808962.7518902
5.820599888682258,2.5496362994733066,0.8024553634781826,1788808962.851907
5.820599888682258,2.549636299473307,0.8024553634781826,1788808962.951835
5.830595782752761,2.5596324343290062,0.802456142046793,1788808963.0520077
5.83059578275276,2.5596324343290062,0.802456142046793,1788808963.1518505
5.83059578275276,2.5596324343290062,0.802456142046793,1788808963.2518494
5.83059578275276,2.5596324343290062,0.802456142046793,1788808963.3519533
5.83059578275276,2.5596324343290062,0.802456142046793,1788808963.4517844
5.830595782752761,2.5596324343290062,0.802456142046793,1788808963.5521576
5.83059578275276,2.5596324343290062,0.802456142046793,1788808963.6518683
5.83059578275276,2.5596324343290062,0.802456142046793,1788808963.751893
5.830595782752761,2.5596324343290062,0.802456142046793,1788808963.8519802
5.83059578275276,2.5596324343290062,0.802456142046793,1788808963.952011
5.83059578275276,2.5596324343290062,0.802456142046793,1788808964.0521054
5.83059578275276,2.5596324343290062,0.802456142046793,1788808964.1518505
5.83059578275276,2.5596324343290062,0.802456142046793,1788808964.2519035
5.83059578275276,2.5596324343290062,0.802456142046793,1788808964.3519177
5.83059578275276,2.5596324343290062,0.802456142046793,1788808964.4518363
5.830595782752761,2.5596324343290062,0.802456142046793,1788808964.5518582
5.83059578275276,2.5596324343290062,0.802456142046793,1788808964.6518114
5.83059578275276,2.5596324343290062,0.802456142046793,1788808964.7519324
5.83059578275276,2.5596324343290062,0.802456142046793,1788808964.851976
5.83059578275276,2.5596324343290062,0.802456142046793,1788808964.952052
5.83059578275276,2.5596324343290062,0.802456142046793,1788808965.0522878
5.83059578275276,2.5596324343290062,0.802456142046793,1788808965.1519096
5.830595782752761,2.5596324343290062,0.802456142046793,1788808965.2519398
5.830595782752761,2.5596324343290062,0.802456142046793,1788808965.3518274
5.83059578275276,2.5596324343290062,0.802456142046793,1788808965.451886
5.830595782752761,2.5596324343290062,0.802456142046793,1788808965.5520878
5.830595782752761,2.5596324343290062,0.802456142046793,1788808965.6518962
5.83059578275276,2.5596324343290062,0.802456142046793,1788808965.751828
5.83059578275276,2.5596324343290062,0.802456142046793,1788808965.8519135
5.83059578275276,2.5596324343290062,0.802456142046793,1788808965.9518342
5.83059578275276,2.5596324343290062,0.802456142046793,1788808966.0517874
5.830595782752761,2.5596324343290062,0.802456142046793,1788808966.1519716
5.83059578275276,2.5596324343290062,0.802456142046793,1788808966.2517874
5.83059720248305,2.569625754641191,0.8059451549808908,1788808966.3519661
5.83059720248305,2.569625754641191,0.8059451549808908,1788808966.4518042
5.83059720248305,2.569625754641191,0.8059451549808908,1788808966.552004
5.830595267351936,2.559639237261403,0.8024593908374881,1788808966.6518433
5.830595267351935,2.559639237261403,0.8024593908374881,1788808966.7519422
5.830598810666484,2.569622410024343,0.8059424300061248,1788808966.8518567
5.830598810666484,2.569622410024343,0.8059424300061248,1788808966.9518623
5.830598810666485,2.569622410024343,0.8059424300061248,1788808967.0518835
5.830597556745335,2.569629419336497,0.8059451841673538,1788808967.1518145
5.830597556745336,2.569629419336497,0.8059451841673538,1788808967.2518854
5.830597556745335,2.569629419336497,0.8059451841673538,1788808967.3518646
5.830597556745336,2.569629419336497,0.8059451841673538,1788808967.4518628
5.830597556745335,2.569629419336497,0.8059451841673538,1788808967.5519822
5.830597556745336,2.569629419336497,0.8059451841673538,1788808967.6518583
5.830597556745336,2.569629419336497,0.8059451841673538,1788808967.7518113
5.830597556745335,2.569629419336497,0.8059451841673538,1788808967.8519397
5.830597556745336,2.569629419336497,0.8059451841673538,1788808967.9518285
5.830597556745336,2.569629419336497,0.8059451841673538,1788808968.051941
5.830597556745336,2.569629419336497,0.8059451841673538,1788808968.151783
5.830597556745335,2.569629419336497,0.8059451841673538,1788808968.2518752
5.830597556745336,2.569629419336497,0.8059451841673538,1788808968.3518903
5.830597556745336,2.569629419336497,0.8059451841673538,1788808968.4519246
5.830597556745335,2.569629419336497,0.8059451841673538,1788808968.5521052
5.830597556745336,2.569629419336497,0.8059451841673538,1788808968.651889
5.830597556745336,2.569629419336497,0.8059451841673538,1788808968.7519178
5.830597556745336,2.569629419336497,0.8059451841673538,1788808968.8519454
5.830597556745336,2.569629419336497,0.8059451841673538,1788808968.9519112
5.830597556745335,2.569629419336497,0.8059451841673538,1788808969.051862
5.830597556745336,2.569629419336497,0.8059451841673538,1788808969.1519208
5.830597556745336,2.569629419336497,0.8059451841673538,1788808969.252112
5.830597556745336,2.569629419336497,0.8059451841673538,1788808969.3518357
5.830597556745335,2.569629419336497,0.8059451841673538,1788808969.4520874
5.830597556745335,2.569629419336497,0.8059451841673538,1788808969.5521216
5.830597556745335,2.569629419336497,0.8059451841673538,1788808969.6519313
5.830597556745336,2.569629419336497,0.8059451841673538,1788808969.7518969
5.830597556745335,2.569629419336497,0.8059451841673538,1788808969.8519943
5.830597556745336,2.569629419336497,0.8059451841673538,1788808969.9518797
5.830597556745336,2.569629419336497,0.8059451841673538,1788808970.0519571
5.830597556745336,2.569629419336497,0.8059451841673538,1788808970.152146
5.830597556745335,2.569629419336497,0.8059451841673538,1788808970.2519898
5.830597556745335,2.569629419336497,0.8059451841673538,1788808970.3518221
5.830597556745336,2.569629419336497,0.8059451841673538,1788808970.4519804
5.830597556745336,2.569629419336497,0.8059451841673538,1788808970.552109
5.830597556745336,2.569629419336497,0.8059451841673538,1788808970.651791
5.830597556745336,2.569629419336497,0.8059451841673538,1788808970.75188
5.830597556745336,2.569629419336497,0.8059451841673538,1788808970.852065
5.830597556745335,2.569629419336497,0.8059451841673538,1788808970.9518945
5.830597556745336,2.569629419336497,0.8059451841673538,1788808971.0518742
5.830597556745335,2.569629419336497,0.8059451841673538,1788808971.1519978
5.830597556745336,2.569629419336497,0.8059451841673538,1788808971.251835
5.830597556745335,2.569629419336497,0.8059451841673538,1788808971.3520977
5.830597556745336,2.569629419336497,0.8059451841673538,1788808971.4518502
5.830597556745336,2.569629419336497,0.8059451841673538,1788808971.5518305
5.830597556745336,2.569629419336497,0.8059451841673538,1788808971.6518734
5.830597556745336,2.569629419336497,0.8059451841673538,1788808971.7519112
5.830597556745336,2.569629419336497,0.8059451841673538,1788808971.8519607
5.830597556745336,2.569629419336497,0.8059451841673538,1788808971.9521198
5.830597556745336,2.569629419336497,0.8059451841673538,1788808972.0518293
5.830597556745336,2.569629419336497,0.8059451841673538,1788808972.1521506
5.830597556745335,2.569629419336497,0.8059451841673538,1788808972.2520282
5.830597556745335,2.569629419336497,0.8059451841673538,1788808972.3520586
5.830597556745335,2.569629419336497,0.8059451841673538,1788808972.4520898
5.830597556745336,2.569629419336497,0.8059451841673538,1788808972.5519946
5.830597556745335,2.569629419336497,0.8059451841673538,1788808972.6518679
5.830597556745336,2.569629419336497,0.8059451841673538,1788808972.7519345
5.830597556745335,2.569629419336497,0.8059451841673538,1788808972.851862
5.830597556745336,2.569629419336497,0.8059451841673538,1788808972.9521317
5.830597556745336,2.569629419336497,0.8059451841673538,1788808973.0519123
5.830597556745336,2.569629419336497,0.8059451841673538,1788808973.1520064
5.830597556745336,2.569629419336497,0.8059451841673538,1788808973.251937
5.830597556745336,2.569629419336497,0.8059451841673538,1788808973.351823
5.830597556745336,2.569629419336497,0.8059451841673538,1788808973.4518743
5.830597556745336,2.569629419336497,0.8059451841673538,1788808973.5521262
5.830597556745336,2.569629419336497,0.8059451841673538,1788808973.651875
5.830597556745336,2.569629419336497,0.8059451841673538,1788808973.7519863
5.830597556745336,2.569629419336497,0.8059451841673538,1788808973.8518982
5.830597556745336,2.569629419336497,0.8059451841673538,1788808973.9518092
5.830597556745336,2.569629419336497,0.8059451841673538,1788808974.0519536
5.830597556745335,2.569629419336497,0.8059451841673538,1788808974.151955
5.830597556745335,2.569629419336497,0.8059451841673538,1788808974.2518256
5.830597556745335,2.569629419336497,0.8059451841673538,1788808974.3518848
5.830597556745336,2.569629419336497,0.8059451841673538,1788808974.4518762
5.830597556745335,2.569629419336497,0.8059451841673538,1788808974.5519297
5.830597556745335,2.569629419336497,0.8059451841673538,1788808974.6518724
5.830597556745336,2.569629419336497,0.8059451841673538,1788808974.751875
5.830597556745336,2.569629419336497,0.8059451841673538,1788808974.8518584
5.830597556745336,2.569629419336497,0.8059451841673538,1788808974.952145
5.830597556745335,2.569629419336497,0.8059451841673538,1788808975.0519373
5.830597556745336,2.569629419336497,0.8059451841673538,1788808975.1519692
5.830597556745336,2.569629419336497,0.8059451841673538,1788808975.2518842
5.830597556745336,2.569629419336497,0.8059451841673538,1788808975.352044
5.830597556745335,2.569629419336497,0.8059451841673538,1788808975.4518514
5.830597556745336,2.569629419336497,0.8059451841673538,1788808975.5518508
5.830597556745336,2.569629419336497,0.8059451841673538,1788808975.652075
5.830597556745336,2.569629419336497,0.8059451841673538,1788808975.7518585
5.830597556745336,2.569629419336497,0.8059451841673538,1788808975.852004
5.830597556745336,2.569629419336497,0.8059451841673538,1788808975.9519029
5.830597556745335,2.569629419336497,0.8059451841673538,1788808976.0518193
5.830597556745335,2.569629419336497,0.8059451841673538,1788808976.1519222
5.830597556745336,2.569629419336497,0.8059451841673538,1788808976.251872
5.830597556745336,2.569629419336497,0.8059451841673538,1788808976.3518574
5.830597556745336,2.569629419336497,0.8059451841673538,1788808976.451969
5.830597556745336,2.569629419336497,0.8059451841673538,1788808976.5520854
5.830597556745336,2.569629419336497,0.8059451841673538,1788808976.651879
5.830597556745336,2.569629419336497,0.8059451841673538,1788808976.752148
5.830597556745336,2.569629419336497,0.8059451841673538,1788808976.8519623
5.830597556745336,2.569629419336497,0.8059451841673538,1788808976.951963
5.830597556745336,2.569629419336497,0.8059451841673538,1788808977.051886
5.830597556745336,2.569629419336497,0.8059451841673538,1788808977.1518593
5.830597556745335,2.569629419336497,0.8059451841673538,1788808977.25183
5.830597556745336,2.569629419336497,0.8059451841673538,1788808977.3519113
5.830597556745335,2.569629419336497,0.8059451841673538,1788808977.4520333
5.830597556745336,2.569629419336497,0.8059451841673538,1788808977.5518656
5.830597556745336,2.569629419336497,0.8059451841673538,1788808977.651982
5.830597556745335,2.569629419336497,0.8059451841673538,1788808977.7519274
5.830597556745336,2.569629419336497,0.8059451841673538,1788808977.8519113
5.830597556745336,2.569629419336497,0.8059451841673538,1788808977.951874
5.830597556745336,2.569629419336497,0.8059451841673538,1788808978.05207
5.830597556745335,2.569629419336497,0.8059451841673538,1788808978.1518745
5.830597556745336,2.569629419336497,0.8059451841673538,1788808978.2519279
5.830597556745336,2.569629419336497,0.8059451841673538,1788808978.3520038
5.830597556745336,2.569629419336497,0.8059451841673538,1788808978.4519842
5.830597556745336,2.569629419336497,0.8059451841673538,1788808978.551898
5.830597556745335,2.569629419336497,0.8059451841673538,1788808978.6519186
5.830597556745336,2.569629419336497,0.8059451841673538,1788808978.7519004
5.830597556745335,2.569629419336497,0.8059451841673538,1788808978.851884
5.830597556745336,2.569629419336497,0.8059451841673538,1788808978.951952
5.830597556745335,2.569629419336497,0.8059451841673538,1788808979.0519063
5.830597556745336,2.569629419336497,0.8059451841673538,1788808979.1519856
5.830597556745336,2.569629419336497,0.8059451841673538,1788808979.251967
5.830597556745336,2.569629419336497,0.8059451841673538,1788808979.3518636
5.830597556745335,2.569629419336497,0.8059451841673538,1788808979.4518712
5.830597556745336,2.569629419336497,0.8059451841673538,1788808979.551883
5.830614633150173,2.569647211227989,0.8059264032970175,1788808979.6518521
5.8314313740662875,2.5704971534059933,0.8047033427065932,1788808979.751885
5.8346557999202515,2.573831447315146,0.7998532623158733,1788808979.8519387
5.8425901489709275,2.5819328613157664,0.7931849397082579,1788808979.9519072
5.856685935961355,2.596213067231155,0.7911544513090506,1788808980.0519118
5.877480064742892,2.617205016612598,0.7892120543210684,1788808980.1518714
5.902498243579958,2.642367251500371,0.7873437132511302,1788808980.2518861
5.929676402660258,2.6695973700921702,0.78542976561767,1788808980.351921
6.010963354739445,2.7415631917480807,0.7787239444275228,1788808980.451804
6.040777044817676,2.7709484809333254,0.7777402814902177,1788808980.551951
6.07059924290649,2.800312580736873,0.7776455327617922,1788808980.6518216
6.110533023739606,2.8255457483140463,0.7820319438782449,1788808980.7518425
6.14063019876804,2.8555529583195236,0.7859440010341049,1788808980.8520057
6.171225146154756,2.8863615870918196,0.7920143842768597,1788808980.9518664
6.20895049255361,2.9215429983831944,0.8079454612025454,1788808981.0520546
6.239849144549471,2.9541541506165174,0.8168525602828812,1788808981.151965
6.270738335037494,2.9873929890657616,0.8273878655805701,1788808981.251877
6.295763455050875,3.0112089244424705,0.841444778127631,1788808981.3534036
6.326397926616396,3.045932202714186,0.8543719330004409,1788808981.451894
6.3559387841718955,3.08030234584835,0.867270167619893,1788808981.551956
6.384403921622569,3.1142877481151356,0.8798045810191277,1788808981.6556442
6.426713804986033,3.1568875518349073,0.8925389989799007,1788808981.7517838
6.4527913143062285,3.189607722809771,0.9030993041245906,1788808981.8522048
6.478548006750733,3.2226073782360696,0.9129860892583087,1788808981.9518955
6.498383217828043,3.230950475887185,0.9153846641846566,1788808982.0518668
6.525301602350865,3.266292534450395,0.9242097929147565,1788808982.151906
6.5535664452130415,3.304086383065678,0.9331797689313538,1788808982.251888
6.59240626647091,3.3558456295244135,0.9429602229248922,1788808982.351893
6.621431451442719,3.396255240905599,0.9528196589558184,1788808982.4518797
6.650054715031006,3.4369337204181476,0.9623091392922726,1788808982.5518384
6.677800187480706,3.477128275638514,0.9708365534711484,1788808982.6518931
6.690434871328847,3.498284283889944,0.9782555639913719,1788808982.7519758
6.717478118775034,3.5387330548610367,0.9844576140774361,1788808982.8519619
6.744771085824182,3.58005340237293,0.98946883813769,1788808982.951913
6.770854164447491,3.61992003147973,0.9932554918102234,1788808983.0519783
6.806170807146862,3.6571050181123113,0.9853756240146552,1788808983.152003
6.830358503044784,3.693663449353395,0.9871549153986361,1788808983.2520099
6.854342684370623,3.73003379860497,0.988683963204441,1788808983.3522499
6.877599364384592,3.765476575474477,0.9917034838868334,1788808983.4520223
6.897973596182361,3.7967525997729434,0.9951595388876294,1788808983.5519147
6.904634671084411,3.814701186966841,0.9987371535509293,1788808983.651866
6.923411349371069,3.8439639306061153,1.001791371351455,1788808983.7519422
6.942398805303743,3.873733636509778,1.0040580212106578,1788808983.8520248
6.967622496140499,3.905496577972025,1.0015216130347764,1788808983.9518595
6.985507146381124,3.9334474038164,1.0015987816213197,1788808984.0519385
7.002359488922103,3.9597722417422876,1.000992219402636,1788808984.1519892
7.0232308815276845,3.980772851801729,0.9960486743783624,1788808984.251876
7.04041448930754,4.007240347462141,0.9937907436839574,1788808984.351912
7.057800757620393,4.033870326261261,0.9910028205172492,1788808984.452073
7.074727224556806,4.059638501227475,0.9881659704450686,1788808984.5520558
7.090367585745756,4.083304654821504,0.9854570114372058,1788808984.6519158
7.104578977214802,4.104688523548157,0.9830303381935204,1788808984.7519608
7.117621913025573,4.1245887317040975,0.9773939763900199,1788808984.8518245
7.130570159402522,4.143745232802717,0.9754502653509033,1788808984.9531999
7.142963759666529,4.162009076302551,0.9737825439299465,1788808985.051911
7.154575142556767,4.179068340730396,0.9726287363833324,1788808985.1518853
7.165056812150066,4.194437680970916,0.9719364759608634,1788808985.251796
7.174643093860852,4.208478088120004,0.9715695920220034,1788808985.3521187
7.181507156908644,4.218527593356583,0.971551812745037,1788808985.4524536
7.182886897789899,4.220547628091867,0.971551812745037,1788808985.5519278
7.181297302587238,4.218220352319989,0.971551812745037,1788808985.6519148
7.17916718773456,4.215101718922197,0.971551812745037,1788808985.7518778
7.178671475835882,4.214375962899728,0.971551812745037,1788808985.852681
7.179262438577222,4.215241172651057,0.971551812745037,1788808985.951989
7.179583227365743,4.215710829312162,0.971551812745037,1788808986.0519762
7.179531318057025,4.2156348305444915,0.971551812745037,1788808986.1518772
7.179515551304888,4.215611746944222,0.971551812745037,1788808986.251796
7.179515551304888,4.215611746944222,0.971551812745037,1788808986.3520803
7.179515551304888,4.215611746944222,0.971551812745037,1788808986.4518116
7.179515551304888,4.215611746944222,0.971551812745037,1788808986.5519037
7.179515551304888,4.215611746944222,0.971551812745037,1788808986.651937
7.179515551304888,4.215611746944221,0.971551812745037,1788808986.7519062
7.179515551304888,4.215611746944222,0.971551812745037,1788808986.8518565
7.179515551304888,4.215611746944222,0.971551812745037,1788808986.9519079
7.179515551304888,4.215611746944222,0.971551812745037,1788808987.0518498
7.179515551304888,4.215611746944221,0.971551812745037,1788808987.151807
7.179515551304888,4.215611746944222,0.971551812745037,1788808987.251932
7.179515551304888,4.215611746944222,0.971551812745037,1788808987.3519208
7.179515551304888,4.215611746944222,0.971551812745037,1788808987.4519439
7.179515551304888,4.215611746944222,0.971551812745037,1788808987.5520184
7.179515551304888,4.215611746944222,0.9716717895800817,1788808987.6519332
7.179515551304888,4.215611746944222,0.9717927763531351,1788808987.7519853
7.179515551304888,4.215611746944222,0.97333053237431,1788808987.8518457
7.179515551304888,4.215611746944222,0.9856843486494506,1788808987.9560351
7.179515551304888,4.215611746944222,1.0218428214901065,1788808988.0580683
7.179515551304888,4.215611746944221,1.0796040625196475,1788808988.1520984
7.179515551304888,4.215611746944222,1.1464070217866993,1788808988.2518249
7.179515551304888,4.215611746944222,1.2146804874777737,1788808988.3520424
7.179515551304888,4.215611746944221,1.2859939910374978,1788808988.4519007
7.179515551304888,4.215611746944221,1.3640018141710106,1788808988.5534818
7.179515551304888,4.215611746944222,1.4461747630386188,1788808988.6519206
7.179515551304888,4.215611746944222,1.526832945051507,1788808988.7520163
7.179515551304888,4.215611746944222,1.604402835022952,1788808988.8519037
7.179515551304888,4.215611746944222,1.6817774495316182,1788808988.9518073
7.179515551304888,4.215611746944222,1.7598833060944554,1788808989.0518134
7.179515551304888,4.215611746944222,1.8387917884026856,1788808989.1521611
7.179515551304888,4.215611746944222,1.9159709777536484,1788808989.251822
7.179515551304888,4.215611746944222,1.9894346073075577,1788808989.351942
7.179515551304888,4.215611746944222,2.0615665748833747,1788808989.4541438
7.179515551304888,4.215611746944222,2.132886067765876,1788808989.552044
7.179515551304888,4.215611746944222,2.2033588934400896,1788808989.6518323
7.179515551304888,4.215611746944222,2.271035237529711,1788808989.7518988
7.179515551304888,4.215611746944222,2.3359181042599104,1788808989.851884
7.179515551304888,4.215611746944222,2.3988539487463654,1788808989.952161
7.179515551304888,4.215611746944222,2.4595150049761143,1788808990.0519972
7.179515551304888,4.215611746944222,2.516353480257943,1788808990.1541457
7.179515551304888,4.215611746944222,2.569299911241334,1788808990.2526145
7.179515551304888,4.215611746944222,2.6196140452186745,1788808990.3518298
7.179515551304888,4.215611746944222,2.6685959275470954,1788808990.4519315
7.179515551304888,4.215611746944221,2.714899818765689,1788808990.551883
7.179515551304888,4.215611746944222,2.7553909727431973,1788808990.6519005
7.179515551304888,4.215611746944222,2.792265269728836,1788808990.7518818
7.179515551304888,4.215611746944222,2.8284699359972594,1788808990.8518946
7.179515551304888,4.215611746944221,2.862050062366988,1788808990.952669
7.179515551304888,4.215611746944222,2.890656421023315,1788808991.0519292
7.179538160637282,4.215606162962191,2.899480000625201,1788808991.1530442
7.179319468223814,4.215660240177231,2.8988916084757888,1788808991.2527537
7.179202156229941,4.2156892990521,2.898677182415423,1788808991.3519506
7.179176570878383,4.215695639610685,2.8986408178896683,1788808991.451882
7.179126036502881,4.215708163784155,2.8986623459308163,1788808991.5519485
7.17780431449386,4.216034996369409,2.8996727441756103,1788808991.651909
7.170680728617523,4.2177715050855005,2.905069154794331,1788808991.751956
7.1576964832113195,4.220837215484108,2.914312072469613,1788808991.8519423
7.139413483668873,4.224940859586831,2.9272430034212302,1788808991.9520137
7.120451409907332,4.2289366632623375,2.940593051262166,1788808992.0543962
7.103901206998868,4.232203643415675,2.952978049566033,1788808992.1520326
7.090009216505271,4.234779883550914,2.9634549157663352,1788808992.251889
7.0768479884876125,4.23708464781689,2.972904604948588,1788808992.3539164
7.012497597285674,4.158575146975461,3.013747545353822,1788808992.4529736
6.997199864866406,4.160470790692976,3.0226274007904634,1788808992.5599399
6.982753052781096,4.162144148895753,3.029833473114807,1788808992.6546578
6.970594272052702,4.163480970029012,3.0340704987103457,1788808992.7565596
6.960215171658529,4.164589355912979,3.0362649138902693,1788808992.8519456
6.9507827521584105,4.165581570139296,3.037000238259374,1788808992.9525363
6.9416894508654305,4.1665385198678715,3.0363957034262388,1788808993.0535002
6.9334537354382775,4.167413759556717,3.034950704535378,1788808993.1519322
6.926032213107725,4.168215543198583,3.0329391654211313,1788808993.255082
6.919665962441442,4.1689170738904044,3.030635889698695,1788808993.353487
6.9147610865223825,4.1694686197092325,3.028617966968781,1788808993.4537501
6.9127306830292135,4.169699524646961,3.0282140234029122,1788808993.5522223
6.913036203240707,4.1696647359899,3.0282140234029122,1788808993.651804
6.914007150375526,4.169554177193396,3.0282140234029122,1788808993.7528508
6.914184379946965,4.169533996601248,3.0282140234029122,1788808993.8543231
6.91410519652556,4.169543012976551,3.0282140234029122,1788808993.9533772
6.91410519652556,4.169543012976551,3.0282140234029122,1788808994.0557916
6.91410519652556,4.169543012976551,3.0282140234029122,1788808994.1518908
6.91410519652556,4.169543012976551,3.0282140234029122,1788808994.252665
6.91410519652556,4.169543012976551,3.0282140234029122,1788808994.3558476
6.91410519652556,4.169543012976551,3.0282140234029122,1788808994.454648
6.9141051965255595,4.1695430129765505,3.0282140234029122,1788808994.5524092
6.91410519652556,4.169543012976551,3.0282140234029122,1788808994.658858
6.9141051965255595,4.1695430129765505,3.0282140234029122,1788808994.7530105
6.914105196525561,4.169543012976552,3.0282140234029122,1788808994.8535147
6.91410519652556,4.169543012976551,3.0282140234029122,1788808994.952041
6.91410519652556,4.169543012976551,3.0282140234029122,1788808995.052616
6.91410519652556,4.169543012976551,3.0282140234029122,1788808995.1530988
6.91410519652556,4.169543012976551,3.0282140234029122,1788808995.255828
6.91410519652556,4.169543012976551,3.0282140234029122,1788808995.3543947
6.91410519652556,4.169543012976551,3.0282140234029122,1788808995.4547286
6.91410519652556,4.169543012976551,3.0282140234029122,1788808995.552995
6.91410519652556,4.169543012976551,3.0282140234029122,1788808995.6542385
6.91410519652556,4.169543012976551,3.0282140234029122,1788808995.7519183
6.91410519652556,4.169543012976551,3.0282140234029122,1788808995.8540618
6.9141051965255595,4.1695430129765505,3.0282140234029122,1788808995.9556065
6.91410519652556,4.169543012976551,3.0282140234029122,1788808996.0531504
6.91410519652556,4.169543012976551,3.0282140234029122,1788808996.1557555
6.91410519652556,4.169543012976551,3.0282140234029122,1788808996.2562265
6.91410519652556,4.169543012976551,3.0282140234029122,1788808996.3581004
6.91410519652556,4.169543012976551,3.0282140234029122,1788808996.4560914
6.91410519652556,4.169543012976551,3.0282140234029122,1788808996.5543594
6.9141051965255595,4.1695430129765505,3.0282140234029122,1788808996.6546278
6.91410519652556,4.169543012976551,3.0282140234029122,1788808996.751967
6.91410519652556,4.169543012976551,3.0282140234029122,1788808996.8574004
6.91410519652556,4.169543012976551,3.0282140234029122,1788808996.9561179
6.91410519652556,4.169543012976551,3.0282140234029122,1788808997.0564764
6.91410519652556,4.169543012976551,3.0282140234029122,1788808997.1562254
6.91410519652556,4.169543012976551,3.0282140234029122,1788808997.2545884
6.9141051965255595,4.1695430129765505,3.0282140234029122,1788808997.355024
6.91410519652556,4.169543012976551,3.0282140234029122,1788808997.4565394
6.91410519652556,4.169543012976551,3.0282140234029122,1788808997.5561666
6.9141051965255595,4.1695430129765505,3.0282140234029122,1788808997.6548536
6.91410519652556,4.169543012976551,3.0282140234029122,1788808997.751991
6.91410519652556,4.169543012976551,3.0282140234029122,1788808997.8581414
6.91410519652556,4.169543012976551,3.0282140234029122,1788808997.9544058
6.91410519652556,4.169543012976551,3.0282140234029122,1788808998.0519068
6.91410519652556,4.169543012976551,3.0282140234029122,1788808998.1554797
6.91410519652556,4.169543012976551,3.0282140234029122,1788808998.2558758
6.91410519652556,4.169543012976551,3.0282140234029122,1788808998.3520403
6.91410519652556,4.169543012976551,3.0282140234029122,1788808998.459026
6.91410519652556,4.169543012976551,3.0282140234029122,1788808998.5520644
6.91410519652556,4.169543012976551,3.0282140234029122,1788808998.6556695
6.91410519652556,4.169543012976551,3.0282140234029122,1788808998.757308
6.91410519652556,4.169543012976551,3.0282140234029122,1788808998.8520248
6.91410519652556,4.169543012976551,3.0282140234029122,1788808998.9599323
6.9141051965255595,4.1695430129765505,3.0282140234029122,1788808999.05639
6.91410519652556,4.169543012976551,3.0282140234029122,1788808999.1565979
6.91410519652556,4.169543012976551,3.0282140234029122,1788808999.2521725
6.91410519652556,4.169543012976551,3.0282140234029122,1788808999.3522058
6.914105196525561,4.169543012976552,3.0282140234029122,1788808999.4520652
6.91410519652556,4.169543012976551,3.0282140234029122,1788808999.5520852
6.91410519652556,4.169543012976551,3.0282140234029122,1788808999.6574538
6.91410519652556,4.169543012976551,3.0282140234029122,1788808999.7518904
6.91410519652556,4.169543012976551,3.0282140234029122,1788808999.8519375
6.91410519652556,4.169543012976551,3.0282140234029122,1788808999.9543545
6.9141051965255595,4.1695430129765505,3.0282140234029122,1788809000.0519814
6.91410519652556,4.169543012976551,3.0282140234029122,1788809000.1519816
6.91410519652556,4.169543012976551,3.0282140234029122,1788809000.25573
6.91410519652556,4.169543012976551,3.0282140234029122,1788809000.352005
6.91410519652556,4.169543012976551,3.0282140234029122,1788809000.4519958
6.91410519652556,4.169543012976551,3.0282140234029122,1788809000.5518727
6.91410519652556,4.169543012976551,3.0282140234029122,1788809000.6519742
6.91410519652556,4.169543012976551,3.0282140234029122,1788809000.7518394
6.91410519652556,4.169543012976551,3.0282140234029122,1788809000.8520756
6.91410519652556,4.169543012976551,3.0282140234029122,1788809000.9521022
6.91410519652556,4.169543012976551,3.0282140234029122,1788809001.0520551
6.91410519652556,4.169543012976551,3.0282140234029122,1788809001.1519535
6.91410519652556,4.169543012976551,3.0282140234029122,1788809001.25191
6.9141051965255595,4.1695430129765505,3.0282140234029122,1788809001.3518977
6.914105196525561,4.169543012976552,3.0282140234029122,1788809001.4520826
6.91410519652556,4.169543012976551,3.0282140234029122,1788809001.5520277
6.91410519652556,4.169543012976551,3.0282140234029122,1788809001.6522143
6.91410519652556,4.169543012976551,3.0282140234029122,1788809001.752192
6.91410519652556,4.169543012976551,3.0282140234029122,1788809001.8519652
6.91410519652556,4.169543012976551,3.0282140234029122,1788809001.9518988
6.91410519652556,4.169543012976551,3.0282140234029122,1788809002.0519688
6.91410519652556,4.169543012976551,3.0282140234029122,1788809002.1518683
6.91410519652556,4.169543012976551,3.0282140234029122,1788809002.251953
6.91410519652556,4.169543012976551,3.0282140234029122,1788809002.3519416
6.91410519652556,4.169543012976551,3.0282140234029122,1788809002.4519255
6.91410519652556,4.169543012976551,3.0282140234029122,1788809002.5518312
6.91410519652556,4.169543012976551,3.0282140234029122,1788809002.6518636
6.91410519652556,4.169543012976551,3.0282140234029122,1788809002.7519052
6.91410519652556,4.169543012976551,3.0282140234029122,1788809002.851943
6.9141051965255595,4.1695430129765505,3.0282140234029122,1788809002.952036
6.91410519652556,4.169543012976551,3.0282140234029122,1788809003.0519025
6.9141051965255595,4.1695430129765505,3.0282140234029122,1788809003.1519136
6.91410519652556,4.169543012976551,3.0282140234029122,1788809003.2518756
6.91410519652556,4.169543012976551,3.0282140234029122,1788809003.3518653
6.91410519652556,4.169543012976551,3.0282140234029122,1788809003.4520557
6.91410519652556,4.169543012976551,3.0282140234029122,1788809003.552046
6.91410519652556,4.169543012976551,3.0282140234029122,1788809003.6520433
6.91410519652556,4.169543012976551,3.0282140234029122,1788809003.751948
6.914105196525561,4.169543012976552,3.0282140234029122,1788809003.8521175
6.91410519652556,4.169543012976551,3.0282140234029122,1788809003.9519083
6.91410519652556,4.169543012976551,3.0282140234029122,1788809004.051853
6.91410519652556,4.169543012976551,3.0282140234029122,1788809004.1519349
6.91410519652556,4.169543012976551,3.0282140234029122,1788809004.2520645
6.9141051965255595,4.1695430129765505,3.0282140234029122,1788809004.3519871
6.91410519652556,4.169543012976551,3.0282140234029122,1788809004.4518638
6.91410519652556,4.169543012976551,3.0282140234029122,1788809004.5518105
6.91410519652556,4.169543012976551,3.0282140234029122,1788809004.6520274
6.91410519652556,4.169543012976551,3.0282140234029122,1788809004.7518375
6.91410519652556,4.169543012976551,3.0282140234029122,1788809004.8519204
6.91410519652556,4.169543012976551,3.0282140234029122,1788809004.951925
6.91410519652556,4.169543012976551,3.0282140234029122,1788809005.051943
6.9141051965255595,4.1695430129765505,3.0282140234029122,1788809005.151976
6.91410519652556,4.169543012976551,3.0282140234029122,1788809005.2519987
6.914105196525561,4.169543012976552,3.0282140234029122,1788809005.3519757
6.9141051965255595,4.1695430129765505,3.0282140234029122,1788809005.452095
6.91410519652556,4.169543012976551,3.0282140234029122,1788809005.5519133
6.914105196525561,4.169543012976552,3.0282140234029122,1788809005.6520255
6.91410519652556,4.169543012976551,3.0282140234029122,1788809005.7518945
6.91410519652556,4.169543012976551,3.0282140234029122,1788809005.8520257
6.914105196525561,4.169543012976552,3.0282140234029122,1788809005.9520206
6.91410519652556,4.169543012976551,3.0282140234029122,1788809006.0519948
6.91410519652556,4.169543012976551,3.0282140234029122,1788809006.1519506
6.91410519652556,4.169543012976551,3.0282140234029122,1788809006.2520618
6.91410519652556,4.169543012976551,3.0282140234029122,1788809006.3518887
6.91410519652556,4.169543012976551,3.0282140234029122,1788809006.4519536
6.91410519652556,4.169543012976551,3.0282140234029122,1788809006.5519848
6.91410519652556,4.169543012976551,3.0282140234029122,1788809006.6519117
6.91410519652556,4.169543012976551,3.0282140234029122,1788809006.7519617
6.9141051965255595,4.1695430129765505,3.0282140234029122,1788809006.8519087
6.91410519652556,4.169543012976551,3.0282140234029122,1788809006.9519386
6.9141450012388574,4.169538480534942,3.0282140234029122,1788809007.0519822
6.9141450012388574,4.169538480534943,3.0282140234029122,1788809007.151851
6.9141450012388574,4.169538480534943,3.0282140234029122,1788809007.2519977
6.9141450012388574,4.169538480534943,3.0282140234029122,1788809007.3519127
6.9141450012388574,4.169538480534943,3.0282140234029122,1788809007.4521255
6.9141450012388574,4.169538480534943,3.0282140234029122,1788809007.552022
6.9141450012388574,4.169538480534942,3.0282140234029122,1788809007.652011
6.9141450012388574,4.169538480534942,3.0282140234029122,1788809007.7518892
6.9141450012388574,4.169538480534943,3.0282140234029122,1788809007.8519554
6.9141450012388574,4.169538480534943,3.0282140234029122,1788809007.951984
6.9141450012388574,4.169538480534943,3.0282140234029122,1788809008.052052
6.9141450012388574,4.169538480534942,3.0282140234029122,1788809008.1519024
6.9141450012388574,4.169538480534943,3.0282140234029122,1788809008.2520664
6.9141450012388574,4.169538480534943,3.0282140234029122,1788809008.3518486
6.9141450012388574,4.169538480534943,3.0282140234029122,1788809008.4518986
6.9141450012388574,4.169538480534943,3.0282140234029122,1788809008.5521047
6.9141450012388574,4.169538480534943,3.0282140234029122,1788809008.6519008
6.9141450012388574,4.169538480534943,3.0282140234029122,1788809008.751962
6.9141450012388574,4.169538480534943,3.0282140234029122,1788809008.8519151
6.9141450012388574,4.169538480534942,3.0282140234029122,1788809008.9519322
6.9141450012388574,4.169538480534943,3.0282140234029122,1788809009.051861
6.9141450012388574,4.169538480534943,3.0282140234029122,1788809009.1519444
6.9141450012388574,4.169538480534943,3.0282140234029122,1788809009.251898
6.9141450012388574,4.169538480534943,3.0282140234029122,1788809009.3520012
6.9141450012388574,4.169538480534943,3.0282140234029122,1788809009.4520047
6.9141450012388574,4.169538480534943,3.0282140234029122,1788809009.5518656
6.9141450012388574,4.169538480534943,3.0282140234029122,1788809009.6521366
6.9141450012388574,4.169538480534943,3.0282140234029122,1788809009.7518814
6.9141450012388574,4.169538480534943,3.0282140234029122,1788809009.8519177
6.9141450012388574,4.169538480534943,3.0282140234029122,1788809009.9519503
6.9141450012388574,4.169538480534943,3.0282140234029122,1788809010.0521047
6.9141450012388574,4.169538480534942,3.0282140234029122,1788809010.1520903
6.9141450012388574,4.169538480534943,3.0282140234029122,1788809010.25189
6.9141450012388574,4.169538480534943,3.0282140234029122,1788809010.3519585
6.9141450012388574,4.169538480534943,3.0282140234029122,1788809010.451871
6.9141450012388574,4.169538480534943,3.0282140234029122,1788809010.551877
6.9141450012388574,4.169538480534943,3.0282140234029122,1788809010.6519263
6.9141450012388574,4.169538480534943,3.0282140234029122,1788809010.7519512
6.9141450012388574,4.169538480534942,3.0282140234029122,1788809010.8518806
6.9141450012388574,4.169538480534943,3.0282140234029122,1788809010.951994
6.9141450012388574,4.169538480534943,3.0282140234029122,1788809011.0517929
6.9141450012388574,4.169538480534943,3.0282140234029122,1788809011.1520112
6.9141450012388574,4.169538480534943,3.0282140234029122,1788809011.2518575
6.9141450012388574,4.169538480534942,3.0282140234029122,1788809011.3519216
6.9141450012388574,4.169538480534943,3.0282140234029122,1788809011.451836
6.9141450012388574,4.169538480534943,3.0282140234029122,1788809011.5519342
6.9141450012388574,4.169538480534942,3.0282140234029122,1788809011.6518772
6.9141450012388574,4.169538480534943,3.0282140234029122,1788809011.7519307
6.9141450012388574,4.169538480534943,3.0282140234029122,1788809011.8518288
6.9141450012388574,4.169538480534943,3.0282140234029122,1788809011.952161
6.9141450012388574,4.169538480534943,3.0282140234029122,1788809012.0518975
6.9141450012388574,4.169538480534942,3.0282140234029122,1788809012.1519804
6.9141450012388574,4.169538480534943,3.0282140234029122,1788809012.2518866
6.9141450012388574,4.169538480534943,3.0282140234029122,1788809012.3519485
6.9141450012388574,4.169538480534943,3.0282140234029122,1788809012.4518797
6.9141450012388574,4.169538480534943,3.0282140234029122,1788809012.551868
6.9141450012388574,4.169538480534943,3.0282140234029122,1788809012.6519842
6.9141450012388574,4.169538480534943,3.0282140234029122,1788809012.751837
6.9141450012388574,4.169538480534943,3.0282140234029122,1788809012.8519678
6.9141450012388574,4.169538480534943,3.0282140234029122,1788809012.951975
6.9141450012388574,4.169538480534943,3.0282140234029122,1788809013.0519068
6.9141450012388574,4.169538480534943,3.0282140234029122,1788809013.15187
6.9141450012388574,4.169538480534943,3.0282140234029122,1788809013.2519922
6.9141450012388574,4.169538480534943,3.0282140234029122,1788809013.3519175
6.9141450012388574,4.169538480534943,3.0282140234029122,1788809013.4520245
6.9141450012388574,4.169538480534943,3.0282140234029122,1788809013.551831
6.9141450012388574,4.169538480534943,3.0282140234029122,1788809013.6517794
6.9141450012388574,4.169538480534943,3.0282140234029122,1788809013.752068
6.9141450012388574,4.169538480534943,3.0282140234029122,1788809013.8518887
6.9141450012388574,4.169538480534943,3.0282140234029122,1788809013.952024
6.914156944436917,4.169537120599313,3.0282140234029122,1788809014.0519974
6.914224500622534,4.16952942818197,3.0282140234029122,1788809014.1520169
6.9140535100253615,4.16954889836109,3.0282140234029122,1788809014.252001
6.9141172802098065,4.169541637044193,3.0282140234029122,1788809014.3519258
6.914145007832249,4.169538479784181,3.0282140234029122,1788809014.4521337
6.914145007832249,4.169538479784181,3.0282140234029122,1788809014.5519874
6.914145007832249,4.169538479784181,3.0282140234029122,1788809014.6519787
6.914145007832249,4.169538479784181,3.0282140234029122,1788809014.7519813
6.91414500783225,4.1695384797841815,3.0282140234029122,1788809014.8518968
6.914145007832249,4.169538479784181,3.0282140234029122,1788809014.9520245
6.914145007832249,4.169538479784181,3.0282140234029122,1788809015.0517678
6.914145007832249,4.169538479784181,3.0282140234029122,1788809015.1518488
6.914145007832249,4.169538479784181,3.0282140234029122,1788809015.2517874
6.914145007832249,4.169538479784181,3.0282140234029122,1788809015.3518083
6.914145007832249,4.169538479784181,3.0282140234029122,1788809015.45201
6.914145007832249,4.169538479784181,3.0282140234029122,1788809015.551865
6.914145007832249,4.169538479784181,3.0282140234029122,1788809015.6520011
6.914145007832249,4.169538479784181,3.0282140234029122,1788809015.7520313
6.914145007832248,4.16953847978418,3.0282140234029122,1788809015.8520534
6.914145007832249,4.169538479784181,3.0282140234029122,1788809015.9518354
6.914145007832249,4.169538479784181,3.0282140234029122,1788809016.0519617
6.914145007832249,4.169538479784181,3.0282140234029122,1788809016.1519806
6.914145007832249,4.169538479784181,3.0282140234029122,1788809016.251968
6.914145007832249,4.169538479784181,3.0282140234029122,1788809016.351855
6.914145007832249,4.169538479784181,3.0282140234029122,1788809016.451921
6.914145007832249,4.169538479784181,3.0282140234029122,1788809016.5519915
6.914145007832249,4.169538479784181,3.0282140234029122,1788809016.6518734
6.914145007832249,4.169538479784181,3.0282140234029122,1788809016.751992
6.914145007832249,4.169538479784181,3.0282140234029122,1788809016.851884
6.914145007832249,4.169538479784181,3.0282140234029122,1788809016.9518142
6.914145007832249,4.169538479784181,3.0282140234029122,1788809017.051896
6.914133137723891,4.169539831397311,3.0282140234029122,1788809017.1520658
6.913986036112117,4.16955658141033,3.0282140234029122,1788809017.251821
6.914077429215573,4.169546174755661,3.0282140234029122,1788809017.3519676
6.914184798510229,4.169533948940726,3.0282140234029122,1788809017.4518518
6.914145053097731,4.169538474629928,3.0282140234029122,1788809017.5518224
6.914145053097731,4.169538474629928,3.0282140234029122,1788809017.6520073
6.9142245276177094,4.169529425417672,3.0282236519190837,1788809017.7519724
6.9142245276177094,4.169529425417672,3.028343630422127,1788809017.851918
6.9142245276177094,4.169529425417672,3.028343630422127,1788809017.9518402
6.9142245276177094,4.169529425417672,3.028343630422127,1788809018.0518086
6.914303418050412,4.16952045444928,3.028380961241052,1788809018.1519494
6.914303418050412,4.16952045444928,3.028380961241052,1788809018.2519972
6.914303418050412,4.16952045444928,3.028380961241052,1788809018.35205
6.914303418050412,4.16952045444928,3.028380961241052,1788809018.4518209
6.914511692956644,4.169496802270573,3.028613622946861,1788809018.5520015
6.917376122164532,4.169177569640022,3.0324969025851907,1788809018.6519945
6.927482708203744,4.168141369821951,3.046154557476406,1788809018.7518425
6.944587354310084,4.166704354220815,3.0693814338815564,1788809018.8520257
6.966768125751733,4.16544168791311,3.1000155472153037,1788809018.9519384
6.991263344668537,4.164847807943758,3.13495484950698,1788809019.0518556
7.0083164123799175,4.164948673244587,3.1605154186552356,1788809019.151791
7.013994936165731,4.165080414026715,3.1696748882167594,1788809019.2518244
7.0143975806770875,4.165095149034539,3.177793345876007,1788809019.3519993
7.016873566507302,4.1651883797079865,3.1808379292770024,1788809019.4518335
7.017708722368658,4.165221552068522,3.181686982036787,1788809019.5518868
7.023555760371087,4.165479650888329,3.189806265268322,1788809019.65185
7.033396831212342,4.166026496376834,3.2045556873785555,1788809019.7519343
7.041534932507483,4.166589463698364,3.217266097681651,1788809019.8519237
7.041534932507483,4.166589463698364,3.222405474834896,1788809019.9519544
7.101534932507482,4.156589463698369,3.24355640035873,1788809020.0518837
7.101534932507482,4.156589463698369,3.242323085688216,1788809020.1518807
7.101534932507482,4.156589463698369,3.2417788608722877,1788809020.251932
7.101534932507482,4.156589463698369,3.2414177394391483,1788809020.3519108
7.101534932507482,4.156589463698369,3.246730024350201,1788809020.451804
7.101534932507482,4.156589463698369,3.2715543383794046,1788809020.5518475
7.101534932507482,4.156589463698369,3.3071384589904103,1788809020.6518338
7.101534932507482,4.156589463698369,3.3493337118318767,1788809020.7518203
7.101534932507482,4.156589463698369,3.3930930187544783,1788809020.8518112
7.101534932507482,4.156589463698369,3.43785102595828,1788809020.9519272
7.101534932507482,4.156589463698369,3.483707150624563,1788809021.0521054
7.101534932507482,4.156589463698369,3.533038530458178,1788809021.1519747
7.101534932507482,4.156589463698369,3.5861813499141246,1788809021.2520173
7.101534932507482,4.156589463698369,3.6352790558634913,1788809021.3521519
7.101534932507482,4.156589463698369,3.6820436344594456,1788809021.4520352
7.101534932507482,4.156589463698369,3.7282293221488914,1788809021.552042
7.101534932507482,4.156589463698369,3.771521038272518,1788809021.651854
7.101534932507482,4.156589463698369,3.8129551281122773,1788809021.7518592
7.101534932507482,4.156589463698369,3.8521559535694982,1788809021.8520663
7.101485790759436,4.156546081039389,3.8647312324489116,1788809021.9518878
7.101018977834513,4.156133394762902,3.866307663823288,1788809022.0518832
7.100783854765978,4.155925101384564,3.866768033136174,1788809022.1519556
7.100658333295526,4.1558138364434125,3.8669418514002296,1788809022.2520652
7.100758297044049,4.155902468941763,3.8670040156513306,1788809022.351935
7.102562452644913,4.157505304228499,3.8689118672690865,1788809022.4519444
7.108985225084961,4.163260715919526,3.875376905140377,1788809022.551981
7.1209836983831964,4.17421146843129,3.8872862312267,1788809022.6520424
7.136685972632543,4.188945951685657,3.90309029232502,1788809022.7519462
7.153209454567259,4.204974472834309,3.920638403786464,1788809022.851875
7.166770718308939,4.218569417586913,3.935660009408869,1788809022.9519506
7.174645810433847,4.226622248739703,3.939850986853293,1788809023.0519392
7.177115681675185,4.229157299262868,3.940086183095219,1788809023.152019
7.177115681675185,4.229157299262868,3.940086183095219,1788809023.25195
7.177115681675185,4.229157299262868,3.940086183095219,1788809023.3520176
7.177115681675185,4.229157299262868,3.940086183095219,1788809023.451867
7.177115681675185,4.229157299262868,3.940086183095219,1788809023.551973
7.177115681675185,4.229157299262868,3.940086183095219,1788809023.6519341
7.177115681675185,4.229157299262868,3.940086183095219,1788809023.751934
7.177115681675185,4.229157299262868,3.940086183095219,1788809023.8518639
7.177115681675185,4.229157299262868,3.940086183095219,1788809023.951894
7.177115681675185,4.229157299262868,3.940086183095219,1788809024.0520184
7.177115681675185,4.229157299262868,3.940086183095219,1788809024.1519816
7.177115681675185,4.229157299262868,3.940086183095219,1788809024.2520986
7.177115681675185,4.229157299262868,3.940086183095219,1788809024.3519256
7.177115681675185,4.229157299262868,3.940086183095219,1788809024.4520962
7.177115681675185,4.229157299262868,3.940086183095219,1788809024.5519717
7.177115681675185,4.229157299262868,3.940086183095219,1788809024.6519868
7.177115681675185,4.229157299262868,3.940086183095219,1788809024.7519627
7.177115681675185,4.229157299262868,3.940086183095219,1788809024.8518653
7.177115681675185,4.229157299262868,3.940086183095219,1788809024.95195
7.177115681675185,4.229157299262868,3.940086183095219,1788809025.0519235
7.177115681675185,4.229157299262868,3.940086183095219,1788809025.1518872
7.177115681675185,4.229157299262868,3.940086183095219,1788809025.252016
7.177115681675185,4.229157299262868,3.940086183095219,1788809025.3518887
7.177115681675185,4.229157299262868,3.940086183095219,1788809025.4520097
7.177115681675185,4.229157299262868,3.940086183095219,1788809025.5518937
7.177115681675185,4.229157299262868,3.940086183095219,1788809025.652006
7.177115681675185,4.229157299262868,3.940086183095219,1788809025.7521148
7.177115681675185,4.229157299262868,3.940086183095219,1788809025.8520563
7.177115681675185,4.229157299262868,3.940086183095219,1788809025.9520516
7.177115681675185,4.229157299262868,3.940086183095219,1788809026.0518684
7.177115681675185,4.229157299262868,3.940086183095219,1788809026.1519034
7.177115681675185,4.229157299262868,3.940086183095219,1788809026.2519457
7.177115681675185,4.229157299262868,3.940086183095219,1788809026.3521075
7.177115681675185,4.229157299262868,3.940086183095219,1788809026.4518344
7.177115681675185,4.229157299262868,3.940086183095219,1788809026.5518482
7.177115681675185,4.229157299262868,3.940086183095219,1788809026.651901
7.177115681675185,4.229157299262868,3.940086183095219,1788809026.7519374
7.177115681675185,4.229157299262868,3.940086183095219,1788809026.8518517
7.177115681675185,4.229157299262868,3.940086183095219,1788809026.9519506
7.177115681675185,4.229157299262868,3.940086183095219,1788809027.052036
7.177115681675185,4.229157299262868,3.940086183095219,1788809027.1520727
7.177115681675185,4.229157299262868,3.940086183095219,1788809027.2520287
7.177115681675185,4.229157299262868,3.940086183095219,1788809027.3520837
7.177115681675185,4.229157299262868,3.940086183095219,1788809027.4518564
7.177115681675185,4.229157299262868,3.940086183095219,1788809027.5519125
7.177115681675185,4.229157299262868,3.940086183095219,1788809027.651892
7.177115681675185,4.229157299262868,3.940086183095219,1788809027.7519052
7.177115681675185,4.229157299262868,3.940086183095219,1788809027.8520236
7.177115681675185,4.229157299262868,3.940086183095219,1788809027.9518752
7.177115681675185,4.229157299262868,3.940086183095219,1788809028.0518668
7.177115681675185,4.229157299262868,3.940086183095219,1788809028.151895
7.177115681675185,4.229157299262868,3.940086183095219,1788809028.251832
7.177115681675185,4.229157299262868,3.940086183095219,1788809028.3519177
7.177115681675185,4.229157299262868,3.940086183095219,1788809028.4518878
7.177115681675185,4.229157299262868,3.940086183095219,1788809028.5519443
7.177115681675185,4.229157299262868,3.940086183095219,1788809028.6519294
7.177115681675185,4.229157299262868,3.940086183095219,1788809028.752015
7.177115681675185,4.229157299262868,3.940086183095219,1788809028.8521147
7.177115681675185,4.229157299262868,3.940086183095219,1788809028.9519465
7.177115681675185,4.229157299262868,3.940086183095219,1788809029.051803
7.177115681675185,4.229157299262868,3.940086183095219,1788809029.1519322
7.177115681675185,4.229157299262868,3.940086183095219,1788809029.2519777
7.177115681675185,4.229157299262868,3.940086183095219,1788809029.3518884
7.177115681675185,4.229157299262868,3.940086183095219,1788809029.4518478
7.177115681675185,4.229157299262868,3.940086183095219,1788809029.5518732
7.177115681675185,4.229157299262868,3.940086183095219,1788809029.6519818
7.177115681675185,4.229157299262868,3.940086183095219,1788809029.7528253
7.177115681675185,4.229157299262868,3.940086183095219,1788809029.8520358
7.177115681675185,4.229157299262868,3.940086183095219,1788809029.9518478
7.177115681675185,4.229157299262868,3.940086183095219,1788809030.051881
7.177115681675185,4.229157299262868,3.940086183095219,1788809030.1519825
7.177115681675185,4.229157299262868,3.940086183095219,1788809030.2519722
7.177115681675185,4.229157299262868,3.940086183095219,1788809030.3519337
7.177115681675185,4.229157299262868,3.940086183095219,1788809030.4519901
7.177115681675185,4.229157299262868,3.940086183095219,1788809030.5536656
7.177115681675185,4.229157299262868,3.940086183095219,1788809030.6520507
7.177115681675185,4.229157299262868,3.940086183095219,1788809030.752038
7.177115681675185,4.229157299262868,3.940086183095219,1788809030.8531735
7.177115681675185,4.229157299262868,3.940086183095219,1788809030.9519017
7.177115681675185,4.229157299262868,3.940086183095219,1788809031.0524354
7.177115681675185,4.229157299262868,3.940086183095219,1788809031.1533995
7.177115681675185,4.229157299262868,3.940086183095219,1788809031.2518055
7.177115681675185,4.229157299262868,3.940086183095219,1788809031.3519619
7.177115681675185,4.229157299262868,3.940086183095219,1788809031.4519355
7.177115681675185,4.229157299262868,3.940086183095219,1788809031.5519047
7.177115681675185,4.229157299262868,3.940086183095219,1788809031.6519566
7.177115681675185,4.229157299262868,3.940086183095219,1788809031.7520194
7.177115681675185,4.229157299262868,3.940086183095219,1788809031.8519893
7.177115681675185,4.229157299262868,3.940086183095219,1788809031.9518402
7.177115681675185,4.229157299262868,3.940086183095219,1788809032.0519633
7.177115681675185,4.229157299262868,3.940086183095219,1788809032.151953
7.177115681675185,4.229157299262868,3.940086183095219,1788809032.2520351
7.177115681675185,4.229157299262868,3.940086183095219,1788809032.3519614
7.177115681675185,4.229157299262868,3.940086183095219,1788809032.4519365
7.177115681675185,4.229157299262868,3.940086183095219,1788809032.5520272
7.177115681675185,4.229157299262868,3.940086183095219,1788809032.65202
7.177115681675185,4.229157299262868,3.940086183095219,1788809032.752068
7.177115681675185,4.229157299262868,3.940086183095219,1788809032.8518486
7.177115681675185,4.229157299262868,3.940086183095219,1788809032.9519382
7.177115681675185,4.229157299262868,3.940086183095219,1788809033.0518453
-4.731621504232109,2.589969528291774,-0.5266247212457699,1788809050.351876
0.2599999999999998,0.26000000000000045,-0.08375999999999978,1788809050.4519942
0.2599999999999998,0.26000000000000045,-0.08375999999999978,1788809050.5520792
0.2599999999999998,0.26000000000000045,-0.08375999999999978,1788809050.6518617
0.2599999999999998,0.26000000000000045,-0.08375999999999978,1788809050.751957
0.2599999999999998,0.26000000000000045,-0.08375999999999978,1788809050.8519537
0.2599999999999998,0.26000000000000045,-0.08375999999999978,1788809050.952071
0.2599999999999998,0.26,-0.08375999999999978,1788809051.0518453
0.2599999999999998,0.26000000000000045,-0.08375999999999978,1788809051.1518917
0.2599999999999998,0.26000000000000045,-0.08375999999999978,1788809051.2518473
0.2599999999999998,0.26,-0.08375999999999978,1788809051.351936
0.2599999999999998,0.26000000000000045,-0.08375999999999978,1788809051.4520755
0.2599999999999998,0.26000000000000045,-0.08375999999999978,1788809051.5518587
0.2599999999999998,0.26000000000000045,-0.08375999999999978,1788809051.6519723
0.2599999999999998,0.26000000000000045,-0.08375999999999978,1788809051.7518194
0.2599999999999998,0.26000000000000045,-0.08375999999999978,1788809051.8519015
0.2599999999999998,0.26,-0.08375999999999978,1788809051.951888
0.2599999999999998,0.26000000000000045,-0.08375999999999978,1788809052.051936
0.2599999999999998,0.26000000000000045,-0.08375999999999978,1788809052.151877
0.2599999999999998,0.26000000000000045,-0.08375999999999978,1788809052.2518775
0.2599999999999998,0.26000000000000045,-0.08375999999999978,1788809052.3518531
0.2599999999999998,0.26,-0.08375999999999978,1788809052.451854
0.2599999999999998,0.26000000000000045,-0.08375999999999978,1788809052.5519392
0.2599999999999998,0.26000000000000045,-0.08375999999999978,1788809052.6519334
0.2599999999999998,0.26000000000000045,-0.08375999999999978,1788809052.7519155
0.2599999999999998,0.26000000000000045,-0.08375999999999978,1788809052.851993
0.2599999999999998,0.26000000000000045,-0.08375999999999978,1788809052.9519446
0.2599999999999989,0.2600000000000007,-0.08375999999999978,1788809053.0518475
0.2599999999999989,0.2600000000000007,-0.08375999999999978,1788809053.1520622
0.2599999999999998,0.26000000000000045,-0.08375999999999978,1788809053.2518868
0.2599999999999998,0.26000000000000045,-0.08375999999999978,1788809053.3520901
0.2599999999999998,0.26,-0.08375999999999978,1788809053.4518216
0.2599999999999998,0.26000000000000045,-0.08375999999999978,1788809053.5519807
0.2599999999999998,0.26000000000000045,-0.08375999999999978,1788809053.652023
0.2599999999999998,0.26000000000000045,-0.08375999999999978,1788809053.7518866
0.2599999999999998,0.26000000000000045,-0.08375999999999978,1788809053.852078
0.2599999999999998,0.26000000000000045,-0.08375999999999978,1788809053.951936
0.2599999999999989,0.2600000000000007,-0.08375999999999978,1788809054.051947
0.2599999999999998,0.26000000000000045,-0.08375999999999978,1788809054.151936
0.2599999999999998,0.26000000000000045,-0.08375999999999978,1788809054.2518628
0.2599999999999998,0.26000000000000045,-0.08375999999999978,1788809054.3518753
0.2599999999999998,0.26000000000000045,-0.08375999999999978,1788809054.452083
0.2599999999999998,0.26000000000000045,-0.08375999999999978,1788809054.5520258
0.2599999999999998,0.26000000000000045,-0.08375999999999978,1788809054.6518679
0.2599999999999989,0.2600000000000007,-0.08375999999999978,1788809054.7519126
0.2599999999999998,0.26000000000000045,-0.08375999999999978,1788809054.8518984
0.2599999999999998,0.26,-0.08375999999999978,1788809054.95204
0.2599999999999998,0.26000000000000045,-0.08375999999999978,1788809055.0520432
0.2599999999999998,0.26000000000000045,-0.08375999999999978,1788809055.1518867
0.2599999999999998,0.26000000000000045,-0.08375999999999978,1788809055.2518044
0.2599999999999998,0.26000000000000045,-0.08375999999999978,1788809055.352146
0.2599999999999998,0.26000000000000045,-0.08375999999999978,1788809055.451985
0.2599999999999998,0.26000000000000045,-0.08375999999999978,1788809055.5518954
0.2599999999999998,0.26000000000000045,-0.08375999999999978,1788809055.6519015
0.2599999999999989,0.2600000000000007,-0.08375999999999978,1788809055.7519472
0.2599999999999998,0.26000000000000045,-0.08375999999999978,1788809055.8518534
0.2599999999999998,0.26,-0.08375999999999978,1788809055.951821
0.2599999999999998,0.26000000000000045,-0.08375999999999978,1788809056.0519495
0.2599999999999998,0.26,-0.08375999999999978,1788809056.1520603
0.2599999999999998,0.26000000000000045,-0.08375999999999978,1788809056.2518368
0.2599999999999998,0.26000000000000045,-0.08375999999999978,1788809056.3518462
0.2599999999999998,0.26000000000000045,-0.08375999999999978,1788809056.4519932
0.2599999999999998,0.26000000000000045,-0.08375999999999978,1788809056.551934
0.2599999999999998,0.26000000000000045,-0.08375999999999978,1788809056.6518161
0.2599999999999998,0.26000000000000045,-0.08375999999999978,1788809056.7518704
0.2599999999999998,0.26,-0.08375999999999978,1788809056.8520837
0.2599999999999989,0.2600000000000007,-0.08375999999999978,1788809056.9518402
0.2599999999999998,0.26000000000000045,-0.08375999999999978,1788809057.0518894
0.2599999999999998,0.26000000000000045,-0.08375999999999978,1788809057.1519423
0.2599999999999998,0.26000000000000045,-0.08375999999999978,1788809057.25187
0.2599999999999998,0.26000000000000045,-0.08375999999999978,1788809057.351902
0.2599999999999998,0.26000000000000045,-0.08375999999999978,1788809057.4518256
0.2599999999999998,0.26000000000000045,-0.08375999999999978,1788809057.551842
0.2599999999999998,0.26000000000000045,-0.08375999999999978,1788809057.6518443
0.2599999999999989,0.2600000000000007,-0.08375999999999978,1788809057.7518206
0.2599999999999998,0.26000000000000045,-0.08375999999999978,1788809057.8520975
0.2599999999999998,0.26,-0.08375999999999978,1788809057.9520156
0.2599999999999998,0.26000000000000045,-0.08375999999999978,1788809058.0518055
0.2599999999999998,0.26000000000000045,-0.08375999999999978,1788809058.1517982
0.2599999999999998,0.26000000000000045,-0.08375999999999978,1788809058.2518427
0.2599999999999998,0.26000000000000045,-0.08375999999999978,1788809058.3517776
0.2599999999999998,0.26000000000000045,-0.08375999999999978,1788809058.4518201
0.2599999999999998,0.26000000000000045,-0.08375999999999978,1788809058.5517955
0.2599999999999998,0.26000000000000045,-0.08375999999999978,1788809058.6518877
0.2599999999999998,0.26000000000000045,-0.08375999999999978,1788809058.751779
0.2599999999999998,0.26000000000000045,-0.08375999999999978,1788809058.8519955
0.2599999999999998,0.26000000000000045,-0.08375999999999978,1788809058.9518
0.2599999999999998,0.26000000000000045,-0.08375999999999978,1788809059.0520556
0.2599999999999998,0.26000000000000045,-0.08375999999999978,1788809059.151805
0.2599999999999998,0.26000000000000045,-0.08375999999999978,1788809059.2519941
0.2599999999999998,0.26000000000000045,-0.08375999999999978,1788809059.3518608
0.2599999999999989,0.2600000000000007,-0.08375999999999978,1788809059.4518206
0.2599999999999998,0.26000000000000045,-0.08375999999999978,1788809059.552099
0.2599999999999998,0.26,-0.08375999999999978,1788809059.6519485
0.2599999999999998,0.26000000000000045,-0.08375999999999978,1788809059.751919
0.2599999999999998,0.26,-0.08375999999999978,1788809059.8518853
0.2599999999999998,0.26000000000000045,-0.08375999999999978,1788809059.95193
0.2599999999999998,0.26000000000000045,-0.08375999999999978,1788809060.051965
0.2599999999999998,0.26000000000000045,-0.08375999999999978,1788809060.1519172
0.2599999999999998,0.26000000000000045,-0.08375999999999978,1788809060.2519515
0.2599999999999998,0.26000000000000045,-0.08375999999999978,1788809060.3518286
0.2599999999999989,0.2600000000000007,-0.08375999999999978,1788809060.4517674
0.2599999999999998,0.26000000000000045,-0.08375999999999978,1788809060.5518968
0.2599999999999998,0.26000000000000045,-0.08375999999999978,1788809060.6520474
0.2599999999999998,0.26000000000000045,-0.08375999999999978,1788809060.7518249
0.2599999999999998,0.26000000000000045,-0.08375999999999978,1788809060.8518393
0.2599999999999998,0.26000000000000045,-0.08375999999999978,1788809060.9519217
0.2599999999999998,0.26000000000000045,-0.08375999999999978,1788809061.0517929
0.2599999999999998,0.26000000000000045,-0.08375999999999978,1788809061.1519284
0.2599999999999998,0.26000000000000045,-0.08375999999999978,1788809061.2520194
0.2599999999999998,0.26000000000000045,-0.08375999999999978,1788809061.3519945
0.2599999999999998,0.26000000000000045,-0.08375999999999978,1788809061.4519463
0.2599999999999998,0.26000000000000045,-0.08375999999999978,1788809061.5518975
0.2599999999999998,0.26000000000000045,-0.08375999999999978,1788809061.6518471
0.2599999999999998,0.26000000000000045,-0.08375999999999978,1788809061.751849
0.2599999999999989,0.2600000000000007,-0.08375999999999978,1788809061.8520904
0.2599999999999998,0.26000000000000045,-0.08375999999999978,1788809061.9519255
0.2599999999999998,0.26000000000000045,-0.08375999999999978,1788809062.0518343
0.2599999999999998,0.26000000000000045,-0.08375999999999978,1788809062.1519222
0.2599999999999989,0.2600000000000007,-0.08375999999999978,1788809062.251818
0.2599999999999998,0.26000000000000045,-0.08375999999999978,1788809062.3518562
0.2599999999999998,0.26000000000000045,-0.08375999999999978,1788809062.4519327
0.2599999999999998,0.26000000000000045,-0.08375999999999978,1788809062.5518653
0.2599999999999998,0.26000000000000045,-0.08375999999999978,1788809062.6518352
0.2599999999999998,0.26000000000000045,-0.08375999999999978,1788809062.7518415
0.2599999999999998,0.26000000000000045,-0.08375999999999978,1788809062.852009
0.2599999999999998,0.26000000000000045,-0.08375999999999978,1788809062.951844
0.2599999999999998,0.26000000000000045,-0.08375999999999978,1788809063.051859
0.2599999999999998,0.26000000000000045,-0.08375999999999978,1788809063.151854
0.2599999999999998,0.26000000000000045,-0.08375999999999978,1788809063.251941
0.2599999999999998,0.26000000000000045,-0.08375999999999978,1788809063.3517787
0.2599999999999998,0.26000000000000045,-0.08375999999999978,1788809063.4518597
0.2599999999999998,0.26,-0.08375999999999978,1788809063.5519283
0.2599999999999998,0.26000000000000045,-0.08375999999999978,1788809063.651925
0.2599999999999998,0.26000000000000045,-0.08375999999999978,1788809063.751921
0.2599999999999998,0.26000000000000045,-0.08375999999999978,1788809063.8519328
0.2599999999999998,0.26000000000000045,-0.08375999999999978,1788809063.9520147
0.2599999999999998,0.26000000000000045,-0.08375999999999978,1788809064.0518782
0.2599999999999998,0.26000000000000045,-0.08375999999999978,1788809064.1518366
0.2599999999999998,0.26,-0.08375999999999978,1788809064.2518938
0.2599999999999998,0.26000000000000045,-0.08375999999999978,1788809064.3517823
0.2599999999999998,0.26000000000000045,-0.08375999999999978,1788809064.4519103
0.2599999999999998,0.26000000000000045,-0.08375999999999978,1788809064.551905
0.2599999999999998,0.26,-0.08375999999999978,1788809064.6518905
0.2599999999999998,0.26000000000000045,-0.08375999999999978,1788809064.7518158
0.2599999999999989,0.2600000000000007,-0.08375999999999978,1788809064.8519118
0.2599999999999989,0.2600000000000007,-0.08375999999999978,1788809064.9519453
0.2599999999999998,0.26000000000000045,-0.08375999999999978,1788809065.0519068
0.2599999999999989,0.2600000000000007,-0.08375999999999978,1788809065.151825
0.2599999999999998,0.26000000000000045,-0.08375999999999978,1788809065.2518933
0.2599999999999998,0.26000000000000045,-0.08375999999999978,1788809065.3520114
0.2599999999999998,0.26000000000000045,-0.08375999999999978,1788809065.4519398
0.2599999999999998,0.26000000000000045,-0.08375999999999978,1788809065.55185
0.2599999999999998,0.26000000000000045,-0.08375999999999978,1788809065.651911
0.2599999999999998,0.26000000000000045,-0.08375999999999978,1788809065.751857
0.2599999999999998,0.26000000000000045,-0.08375999999999978,1788809065.8518589
0.2599999999999998,0.26000000000000045,-0.08375999999999978,1788809065.9518821
0.2599999999999998,0.26000000000000045,-0.08375999999999978,1788809066.051831
0.2599999999999998,0.26000000000000045,-0.08375999999999978,1788809066.1518266
0.2599999999999998,0.26000000000000045,-0.08375999999999978,1788809066.2519305
0.2599999999999998,0.26,-0.08375999999999978,1788809066.3518035
0.2599999999999998,0.26000000000000045,-0.08375999999999978,1788809066.4518929
0.2599999999999998,0.26,-0.08375999999999978,1788809066.5518482
0.2599999999999998,0.26000000000000045,-0.08375999999999978,1788809066.6520925
0.2599999999999998,0.26000000000000045,-0.08375999999999978,1788809066.7519007
0.2599999999999998,0.26000000000000045,-0.08375999999999978,1788809066.8517895
0.2599999999999998,0.26000000000000045,-0.08375999999999978,1788809066.951881
0.2599999999999998,0.26000000000000045,-0.08375999999999978,1788809067.0518272
0.2599999999999998,0.26000000000000045,-0.08375999999999978,1788809067.1518815
0.2599999999999998,0.26000000000000045,-0.08375999999999978,1788809067.251913
0.2599999999999998,0.26000000000000045,-0.08375999999999978,1788809067.3519142
0.2599999999999989,0.2600000000000007,-0.08375999999999978,1788809067.4520862
0.2599999999999998,0.26000000000000045,-0.08375999999999978,1788809067.551913
0.2599999999999998,0.26000000000000045,-0.08375999999999978,1788809067.6520224
0.2599999999999998,0.26000000000000045,-0.08375999999999978,1788809067.7518764
0.2599999999999998,0.26,-0.08375999999999978,1788809067.8518283
0.2599999999999998,0.26000000000000045,-0.08375999999999978,1788809067.9520059
0.2599999999999998,0.26000000000000045,-0.08375999999999978,1788809068.0518813
0.2599999999999998,0.26000000000000045,-0.08375999999999978,1788809068.151982
0.2599999999999998,0.26000000000000045,-0.08375999999999978,1788809068.252099
0.2599999999999998,0.26000000000000045,-0.08375999999999978,1788809068.3518534
0.2599999999999998,0.26000000000000045,-0.08375999999999978,1788809068.4518487
0.2599999999999998,0.26000000000000045,-0.08375999999999978,1788809068.5518546
0.2599999999999998,0.26000000000000045,-0.08375999999999978,1788809068.6518574
0.2599999999999998,0.26000000000000045,-0.08375999999999978,1788809068.751927
0.2599999999999998,0.26000000000000045,-0.08375999999999978,1788809068.852034
0.2599999999999998,0.26000000000000045,-0.08375999999999978,1788809068.9520726
0.2599999999999998,0.26000000000000045,-0.08375999999999978,1788809069.0518453
0.2599999999999998,0.26000000000000045,-0.08375999999999978,1788809069.1518672
0.2599999999999998,0.26000000000000045,-0.08375999999999978,1788809069.251782
0.2599999999999998,0.26000000000000045,-0.08375999999999978,1788809069.3518667
0.2599999999999998,0.26000000000000045,-0.08375999999999978,1788809069.45193
0.2599999999999998,0.26000000000000045,-0.08375999999999978,1788809069.5519016
0.2599999999999998,0.26000000000000045,-0.08375999999999978,1788809069.651782
0.2599999999999998,0.26000000000000045,-0.08375999999999978,1788809069.7518117
0.2599999999999998,0.26000000000000045,-0.08375999999999978,1788809069.8519065
0.2599999999999998,0.26000000000000045,-0.08375999999999978,1788809069.9517734
0.2599999999999998,0.26000000000000045,-0.08375999999999978,1788809070.0519443
0.2599999999999989,0.2600000000000007,-0.08375999999999978,1788809070.1518488
0.2599999999999998,0.26000000000000045,-0.08375999999999978,1788809070.2519405
0.2599999999999998,0.26000000000000045,-0.08375999999999978,1788809070.35187
0.2599999999999998,0.26000000000000045,-0.08375999999999978,1788809070.4520614
0.2599999999999989,0.2600000000000007,-0.08375999999999978,1788809070.551928
0.2599999999999989,0.2600000000000007,-0.08375999999999978,1788809070.651914
0.2599999999999998,0.26000000000000045,-0.08375999999999978,1788809070.7519457
0.2599999999999998,0.26000000000000045,-0.08375999999999978,1788809070.8518822
0.2599999999999998,0.26000000000000045,-0.08375999999999978,1788809070.951935
0.2599999999999998,0.26000000000000045,-0.08375999999999978,1788809071.0520382
0.2599999999999998,0.26000000000000045,-0.08375999999999978,1788809071.1519055
0.2599999999999998,0.26000000000000045,-0.08375999999999978,1788809071.251896
0.2599999999999989,0.2600000000000007,-0.08375999999999978,1788809071.3519447
0.2599999999999998,0.26000000000000045,-0.08375999999999978,1788809071.4520059
0.2599999999999998,0.26000000000000045,-0.08375999999999978,1788809071.5520303
0.2599999999999998,0.26000000000000045,-0.08375999999999978,1788809071.651851
0.2599999999999998,0.26000000000000045,-0.08375999999999978,1788809071.751854
0.2599999999999998,0.26000000000000045,-0.08375999999999978,1788809071.8518355
0.2599999999999998,0.26000000000000045,-0.08375999999999978,1788809071.9519055
0.2599999999999998,0.26000000000000045,-0.08375999999999978,1788809072.0518043
0.2599999999999998,0.26,-0.08375999999999978,1788809072.151963
0.2599999999999998,0.26000000000000045,-0.08375999999999978,1788809072.2518299
0.2599999999999998,0.26000000000000045,-0.08375999999999978,1788809072.3518994
0.2599999999999998,0.26000000000000045,-0.08375999999999978,1788809072.4518929
0.2599999999999998,0.26000000000000045,-0.08375999999999978,1788809072.5519407
0.2599999999999998,0.26000000000000045,-0.08375999999999978,1788809072.651884
0.2599999999999998,0.26000000000000045,-0.08375999999999978,1788809072.7518938
0.2599999999999998,0.26,-0.08375999999999978,1788809072.851888
0.2599999999999998,0.26000000000000045,-0.08375999999999978,1788809072.9518569
0.2599999999999998,0.26000000000000045,-0.08375999999999978,1788809073.051956
0.2599999999999998,0.26,-0.08375999999999978,1788809073.1518612
0.2599999999999998,0.26000000000000045,-0.08375999999999978,1788809073.251982
0.2599999999999998,0.26000000000000045,-0.08375999999999978,1788809073.3519385
0.2599999999999998,0.26000000000000045,-0.08375999999999978,1788809073.4520228
0.2599999999999998,0.26000000000000045,-0.08375999999999978,1788809073.5519297
0.2599999999999998,0.26000000000000045,-0.08375999999999978,1788809073.6519241
0.2599999999999998,0.26000000000000045,-0.08375999999999978,1788809073.7519379
0.2599999999999998,0.26000000000000045,-0.08375999999999978,1788809073.851962
0.2599999999999998,0.26000000000000045,-0.08375999999999978,1788809073.9518526
0.2599999999999989,0.2600000000000007,-0.08375999999999978,1788809074.0519414
0.2599999999999998,0.26,-0.08375999999999978,1788809074.151879
0.2599999999999998,0.26000000000000045,-0.08375999999999978,1788809074.2518644
